funcion,nombre_funcion,corrida,semilla,metodo,nombre_metodo,dimension,limites,optimo_conocido,mejor_solucion,mejor_valor,distancia_al_optimo,iteraciones,evaluaciones,best_values_history,parametros
schwefel,Schwefel,1,1503,pso,PSO,3,"[-500.0, 500.0]","[420.968746, 420.968746, 420.968746]","[-302.52493474901905, 420.96874786699556, 420.9687405689629]",118.43837279714126,723.4936807490191,140,7050,"[624.3468803568246, 624.3468803568246, 624.3468803568246, 624.3468803568246, 624.3468803568246, 552.6304644652295, 485.83700705327385, 473.96106213378266, 364.1415963359101, 364.1415963359101, 364.1415963359101, 303.8265150661907, 303.8265150661907, 303.8265150661907, 303.8265150661907, 168.60397664292645, 168.60397664292645, 168.60397664292645, 168.60397664292645, 168.60397664292645, 168.60397664292645, 168.60397664292645, 135.60534637603814, 135.60534637603814, 135.60534637603814, 135.60534637603814, 125.97767070524287, 123.40314375467983, 123.40314375467983, 122.79741027421505, 121.17725962292684, 121.17725962292684, 121.16650936442602, 119.86517117198446, 119.86517117198446, 118.99023878146204, 118.76905986952443, 118.76905986952443, 118.76905986952443, 118.76905986952443, 118.62438036399317, 118.62438036399317, 118.56255569294353, 118.56255569294353, 118.56255569294353, 118.56255569294353, 118.56255569294353, 118.56255569294353, 118.47631509424536, 118.47631509424536, 118.47631509424536, 118.47631509424536, 118.46463388966299, 118.46463388966299, 118.45838953569296, 118.45838953569296, 118.45770687585286, 118.45770687585286, 118.44381998388621, 118.44381998388621, 118.44381998388621, 118.44381998388621, 118.44381998388621, 118.44100881767463, 118.4393733919469, 118.4393733919469, 118.4393733919469, 118.4393733919469, 118.43907737725044, 118.43907737725044, 118.4385957376021, 118.4385957376021, 118.43844731666809, 118.43843804776498, 118.43843804776498, 118.43840191692448, 118.43840191692448, 118.4384000341197, 118.4384000341197, 118.4383920847697, 118.43838922174905, 118.43838922174905, 118.43838922174905, 118.43838054818639, 118.43838054818639, 118.43837732359384, 118.43837690444002, 118.43837690444002, 118.43837336992465, 118.43837336992465, 118.43837336992465, 118.43837336992465, 118.43837332415546, 118.43837332415546, 118.43837332415546, 118.43837332415546, 118.43837332415546, 118.43837332415546, 118.43837283618609, 118.43837283618609, 118.43837283618609, 118.43837283618609, 118.43837283618609, 118.43837283618609, 118.43837283618609, 118.43837283618609, 118.43837283618609, 118.43837280059392, 118.43837280059392, 118.43837279942477, 118.43837279942477, 118.43837279942477, 118.43837279929244, 118.43837279929244, 118.43837279929244, 118.43837279929244, 118.43837279929244, 118.43837279929244, 118.43837279929244, 118.43837279929244, 118.4383727983286, 118.43837279760555, 118.43837279760555, 118.43837279760555, 118.43837279760555, 118.43837279760555, 118.43837279760555, 118.43837279760555, 118.43837279760555, 118.43837279745935, 118.43837279728768, 118.43837279728768, 118.43837279719628, 118.43837279719628, 118.43837279719628, 118.43837279719628, 118.43837279719628, 118.43837279715126, 118.43837279715126, 118.43837279715126, 118.43837279714126]","{""cognitive_weight"": 1.5, ""inertia_weight"": 0.7, ""max_iterations"": 140, ""social_weight"": 1.5, ""swarm_size"": 50}"
schwefel,Schwefel,2,1504,pso,PSO,3,"[-500.0, 500.0]","[420.968746, 420.968746, 420.968746]","[420.9687473928637, 420.96874961206663, -302.52493576154336]",118.43837279713807,723.4936817615434,140,7050,"[629.6375908614747, 607.6573289589426, 559.5189892145316, 555.9155512402156, 442.1025261621562, 181.95403661154296, 181.95403661154296, 181.95403661154296, 181.95403661154296, 181.95403661154296, 150.0008130903734, 150.0008130903734, 128.95711766882982, 128.95711766882982, 128.95711766882982, 123.62513215764852, 123.62513215764852, 123.62513215764852, 123.37352285329962, 123.37352285329962, 122.8058690396308, 122.8058690396308, 120.16593611130247, 120.16593611130247, 120.16593611130247, 119.8694010527322, 118.75519116059286, 118.75519116059286, 118.75519116059286, 118.75519116059286, 118.75519116059286, 118.75519116059286, 118.75519116059286, 118.63716813947053, 118.63716813947053, 118.50879402259511, 118.50879402259511, 118.47240917548288, 118.46749528805071, 118.46749528805071, 118.46749528805071, 118.44854874729049, 118.44854874729049, 118.43921625745679, 118.43921625745679, 118.43921625745679, 118.43921625745679, 118.43921625745679, 118.43921625745679, 118.43921625745679, 118.43921625745679, 118.43921625745679, 118.43921625745679, 118.43921625745679, 118.43921625745679, 118.43921625745679, 118.43910772919116, 118.43876724992106, 118.43876724992106, 118.43875656312298, 118.43875656312298, 118.43875204099322, 118.43873997724086, 118.43859956438496, 118.43851235133707, 118.4384508127514, 118.43841391774231, 118.43841195439768, 118.43841195439768, 118.43841195439768, 118.43839819202185, 118.43837941133347, 118.43837881765216, 118.43837576319993, 118.43837576319993, 118.43837576319993, 118.43837576319993, 118.43837576319993, 118.43837520176066, 118.43837520176066, 118.43837520176066, 118.43837443614484, 118.43837312665983, 118.43837312665983, 118.43837307535387, 118.43837307535387, 118.43837307535387, 118.4383729456506, 118.4383729456506, 118.4383729456506, 118.4383729456506, 118.4383728852672, 118.4383728852672, 118.4383728852672, 118.43837282090749, 118.43837282090749, 118.43837282090749, 118.43837280411458, 118.43837280411458, 118.43837280411458, 118.4383727999134, 118.4383727999134, 118.43837279869535, 118.43837279869535, 118.43837279869535, 118.43837279869535, 118.43837279869535, 118.43837279869535, 118.43837279869535, 118.43837279869535, 118.43837279807371, 118.43837279740637, 118.43837279740637, 118.43837279740637, 118.43837279740637, 118.43837279740637, 118.43837279740637, 118.43837279738023, 118.43837279731997, 118.43837279731997, 118.43837279718491, 118.43837279718491, 118.43837279718491, 118.43837279718491, 118.43837279718173, 118.43837279718173, 118.43837279716854, 118.43837279716854, 118.43837279716854, 118.43837279716445, 118.43837279716445, 118.43837279716445, 118.43837279714603, 118.43837279714603, 118.43837279714512, 118.43837279714512, 118.43837279714216, 118.43837279714216, 118.43837279714216, 118.43837279713807, 118.43837279713807]","{""cognitive_weight"": 1.5, ""inertia_weight"": 0.7, ""max_iterations"": 140, ""social_weight"": 1.5, ""swarm_size"": 50}"
schwefel,Schwefel,3,1505,pso,PSO,3,"[-500.0, 500.0]","[420.968746, 420.968746, 420.968746]","[420.9687485499551, 420.96873478604374, 420.968745506213]",3.818271625277703e-05,1.1510817160618426e-05,140,7050,"[593.9421825985403, 593.9421825985403, 577.4947128296461, 499.11571139633577, 352.7299344996495, 352.7299344996495, 222.5581735122048, 222.5581735122048, 222.5581735122048, 222.5581735122048, 222.5581735122048, 106.56312133523852, 83.16105061113922, 56.6500083040728, 56.6500083040728, 56.6500083040728, 14.38098680530561, 1.1505438293795578, 1.1505438293795578, 1.1505438293795578, 1.1505438293795578, 1.1505438293795578, 1.1505438293795578, 1.1505438293795578, 1.1505438293795578, 1.1505438293795578, 0.26779153630695873, 0.26779153630695873, 0.26779153630695873, 0.26779153630695873, 0.26779153630695873, 0.13589434477717077, 0.13589434477717077, 0.13589434477717077, 0.07875486529383124, 0.007328905793656304, 0.007328905793656304, 0.007328905793656304, 0.007328905793656304, 0.007328905793656304, 0.007328905793656304, 0.007328905793656304, 0.007328905793656304, 0.007328905793656304, 0.007328905793656304, 0.005347534425027334, 0.005347534425027334, 0.005347534425027334, 0.001947382724210911, 0.0007449309455296316, 0.0007449309455296316, 0.0007449309455296316, 0.00021439510419440921, 0.00021439510419440921, 0.00021439510419440921, 0.00021439510419440921, 0.00021439510419440921, 0.00021439510419440921, 0.00021439510419440921, 0.00021439510419440921, 0.00021439510419440921, 0.00021077295218674408, 0.00021077295218674408, 0.00021077295218674408, 0.00021077295218674408, 0.00019566162222872663, 0.00011963613314946997, 7.378553709713742e-05, 7.378553709713742e-05, 7.378553709713742e-05, 5.043929741077591e-05, 5.043929741077591e-05, 5.043929741077591e-05, 4.491546519602707e-05, 4.491546519602707e-05, 4.491546519602707e-05, 4.445623676474497e-05, 3.838040356640704e-05, 3.838040356640704e-05, 3.838040356640704e-05, 3.838040356640704e-05, 3.838040356640704e-05, 3.838040356640704e-05, 3.838040356640704e-05, 3.838040356640704e-05, 3.838040356640704e-05, 3.838040356640704e-05, 3.838040356640704e-05, 3.8315969504765235e-05, 3.8315969504765235e-05, 3.830900209322863e-05, 3.821033874373825e-05, 3.821033874373825e-05, 3.821033874373825e-05, 3.821033874373825e-05, 3.820801339315949e-05, 3.820801339315949e-05, 3.8206787166927825e-05, 3.820677147814422e-05, 3.820677147814422e-05, 3.820453343905683e-05, 3.820327606263163e-05, 3.820327606263163e-05, 3.819843004748691e-05, 3.819843004748691e-05, 3.8192153624549974e-05, 3.8189764381968416e-05, 3.818467257588054e-05, 3.8184121422091266e-05, 3.8184121422091266e-05, 3.8184121422091266e-05, 3.8184121422091266e-05, 3.8184121422091266e-05, 3.8184121422091266e-05, 3.818405843958317e-05, 3.8183925880730385e-05, 3.818381878772925e-05, 3.818381878772925e-05, 3.8183567539817886e-05, 3.8183567539817886e-05, 3.818352661255631e-05, 3.818352661255631e-05, 3.818314212367113e-05, 3.8182849039003486e-05, 3.8182849039003486e-05, 3.8182849039003486e-05, 3.818282289103081e-05, 3.818282289103081e-05, 3.818282289103081e-05, 3.818282289103081e-05, 3.818282289103081e-05, 3.818281902567833e-05, 3.81827655928646e-05, 3.818273057731858e-05, 3.818273057731858e-05, 3.818273057731858e-05, 3.818273057731858e-05, 3.8182718299140106e-05, 3.8182718299140106e-05, 3.8182718299140106e-05, 3.818271625277703e-05]","{""cognitive_weight"": 1.5, ""inertia_weight"": 0.7, ""max_iterations"": 140, ""social_weight"": 1.5, ""swarm_size"": 50}"
schwefel,Schwefel,4,1506,pso,PSO,3,"[-500.0, 500.0]","[420.968746, 420.968746, 420.968746]","[420.96592958134346, 420.9673554837005, 420.9707136787762]",3.991634866906679e-05,0.003706414627964238,140,7050,"[574.3625663510959, 574.3625663510959, 545.1790690642315, 505.82405337783143, 505.82405337783143, 505.82405337783143, 479.49975061442933, 417.4879458174803, 417.4879458174803, 417.4879458174803, 362.7999191404733, 362.7999191404733, 362.7999191404733, 362.7999191404733, 362.7999191404733, 359.44449267782136, 359.44449267782136, 359.44449267782136, 359.44449267782136, 359.44449267782136, 359.414584042661, 359.1659703047892, 285.7598741174796, 276.78070839361317, 276.78070839361317, 260.99994672469165, 260.99994672469165, 260.99994672469165, 250.7200698677874, 250.7200698677874, 250.7200698677874, 242.76770922706805, 237.9050511251487, 237.9050511251487, 237.9050511251487, 237.9050511251487, 237.4090067263096, 237.17497911124917, 237.17497911124917, 236.97075993880583, 236.97075993880583, 236.97075993880583, 162.95296937540616, 148.83186452635664, 148.83186452635664, 148.83186452635664, 148.83186452635664, 135.39452096098648, 135.39452096098648, 135.39452096098648, 135.39452096098648, 125.38444736772044, 125.22618085147678, 119.62609605103376, 119.62609605103376, 118.81919673348034, 118.81919673348034, 118.81919673348034, 118.81919673348034, 118.81919673348034, 118.81919673348034, 118.81919673348034, 118.81919673348034, 118.81919673348034, 118.81919673348034, 118.81919673348034, 118.56520098765213, 118.5426974084387, 65.82959711417061, 20.75870688733812, 20.75870688733812, 20.75870688733812, 20.75870688733812, 9.417925909297082, 9.417925909297082, 9.417925909297082, 9.417925909297082, 3.784178308172841, 3.784178308172841, 3.784178308172841, 3.784178308172841, 2.2991803268444073, 2.2991803268444073, 2.2991803268444073, 2.2991803268444073, 2.2991803268444073, 0.4372557966948989, 0.2509941972989509, 0.2509941972989509, 0.2509941972989509, 0.2509941972989509, 0.2509941972989509, 0.09759305172815402, 0.09759305172815402, 0.09759305172815402, 0.09759305172815402, 0.09759305172815402, 0.09759305172815402, 0.022135282996714523, 0.022135282996714523, 0.022135282996714523, 0.022135282996714523, 0.022135282996714523, 0.00464838062293893, 0.00464838062293893, 0.00464838062293893, 0.00464838062293893, 0.00464838062293893, 0.00464838062293893, 0.00464838062293893, 0.00464838062293893, 0.00464838062293893, 0.00464838062293893, 0.00464838062293893, 0.00464838062293893, 0.00464838062293893, 0.00464838062293893, 0.00464838062293893, 0.0007530000523274794, 0.0007530000523274794, 0.0007530000523274794, 0.0007530000523274794, 5.9801920087920735e-05, 5.9801920087920735e-05, 5.9801920087920735e-05, 5.9801920087920735e-05, 5.9801920087920735e-05, 5.9801920087920735e-05, 5.9801920087920735e-05, 5.07448562530044e-05, 5.07448562530044e-05, 5.07448562530044e-05, 5.07448562530044e-05, 5.07448562530044e-05, 5.07448562530044e-05, 5.07448562530044e-05, 5.07448562530044e-05, 4.945293721902999e-05, 3.991634866906679e-05, 3.991634866906679e-05, 3.991634866906679e-05]","{""cognitive_weight"": 1.5, ""inertia_weight"": 0.7, ""max_iterations"": 140, ""social_weight"": 1.5, ""swarm_size"": 50}"
schwefel,Schwefel,5,1507,pso,PSO,3,"[-500.0, 500.0]","[420.968746, 420.968746, 420.968746]","[420.9687475091363, 420.96874050546137, 420.968749687365]",3.818270465671958e-05,6.787054424236584e-06,140,7050,"[497.38726498345477, 497.38726498345477, 497.38726498345477, 497.38726498345477, 497.38726498345477, 497.38726498345477, 306.37047499706205, 294.3210564373494, 294.3210564373494, 294.3210564373494, 294.3210564373494, 255.49608610280836, 255.49608610280836, 255.49608610280836, 255.49608610280836, 244.7520176212597, 232.36729461555888, 223.5419638366634, 223.5419638366634, 221.20329015485254, 221.20329015485254, 219.06907342453496, 217.31494759887846, 217.31494759887846, 217.31494759887846, 217.31494759887846, 217.29561812744214, 217.29561812744214, 217.29561812744214, 102.79289268741377, 3.5389123349082183, 1.2158722517058322, 1.2158722517058322, 0.5912349958857703, 0.5912349958857703, 0.5912349958857703, 0.5912349958857703, 0.5912349958857703, 0.5912349958857703, 0.57220626059393, 0.35003328968332426, 0.32335280050347137, 0.32335280050347137, 0.32335280050347137, 0.3142687294280222, 0.3142687294280222, 0.3022519671421833, 0.3022519671421833, 0.26249427748598464, 0.2501973936905415, 0.2292798735290944, 0.22227996281662854, 0.22112459371555815, 0.16197862972717303, 0.09709968656034107, 0.078601444335618, 0.078601444335618, 0.04701609380754235, 0.02330413161530487, 0.01595000050656381, 0.009274729613707677, 0.009274729613707677, 0.009274729613707677, 0.009274729613707677, 0.00713381789887535, 0.004485634641469005, 0.0029112461318163696, 0.0029112461318163696, 0.0029112461318163696, 0.0029112461318163696, 0.0016913386791657103, 0.00025810462784647825, 6.567248806277348e-05, 6.567248806277348e-05, 6.567248806277348e-05, 6.567248806277348e-05, 5.604650687018875e-05, 5.604650687018875e-05, 5.604650687018875e-05, 5.159990018910321e-05, 5.159990018910321e-05, 5.159990018910321e-05, 4.449236848813598e-05, 4.449236848813598e-05, 4.449236848813598e-05, 4.308401935304573e-05, 3.9827592900110176e-05, 3.9827592900110176e-05, 3.9753790815666434e-05, 3.9753790815666434e-05, 3.9753790815666434e-05, 3.9753790815666434e-05, 3.9753790815666434e-05, 3.929761373910878e-05, 3.929761373910878e-05, 3.8365645423255046e-05, 3.8365645423255046e-05, 3.8365645423255046e-05, 3.8365645423255046e-05, 3.8365645423255046e-05, 3.827770706266165e-05, 3.825546104962996e-05, 3.825546104962996e-05, 3.825546104962996e-05, 3.825546104962996e-05, 3.823112524514727e-05, 3.823112524514727e-05, 3.823112524514727e-05, 3.820401343546109e-05, 3.820401343546109e-05, 3.820401343546109e-05, 3.820401343546109e-05, 3.820401343546109e-05, 3.8202688529054285e-05, 3.8202688529054285e-05, 3.8202688529054285e-05, 3.8196084005903685e-05, 3.81867043870443e-05, 3.818667687482957e-05, 3.818421987489273e-05, 3.818421987489273e-05, 3.8183890410437016e-05, 3.818328650595504e-05, 3.818328650595504e-05, 3.8182813113962766e-05, 3.8182813113962766e-05, 3.8182813113962766e-05, 3.8182813113962766e-05, 3.8182813113962766e-05, 3.818277150458016e-05, 3.818277150458016e-05, 3.818272602984507e-05, 3.818272602984507e-05, 3.818272602984507e-05, 3.818272602984507e-05, 3.818272602984507e-05, 3.818270602096163e-05, 3.818270602096163e-05, 3.818270602096163e-05, 3.818270465671958e-05, 3.818270465671958e-05]","{""cognitive_weight"": 1.5, ""inertia_weight"": 0.7, ""max_iterations"": 140, ""social_weight"": 1.5, ""swarm_size"": 50}"
schwefel,Schwefel,6,1508,pso,PSO,3,"[-500.0, 500.0]","[420.968746, 420.968746, 420.968746]","[420.96874701746367, 420.96874644708413, 420.9687463168246]",3.818269874500402e-05,1.1556358963957158e-06,140,7050,"[506.6371879875361, 506.6371879875361, 506.6371879875361, 506.6371879875361, 415.17024979383393, 228.19948533579236, 145.94922770138692, 41.76049526474526, 11.353513781830998, 11.353513781830998, 11.353513781830998, 11.353513781830998, 11.353513781830998, 4.060985124604031, 4.060985124604031, 4.060985124604031, 4.060985124604031, 4.060985124604031, 2.892091506498673, 2.892091506498673, 2.892091506498673, 2.892091506498673, 0.5140054602265991, 0.5140054602265991, 0.5140054602265991, 0.5140054602265991, 0.23997011386609302, 0.1773554620174309, 0.1773554620174309, 0.07259058572481081, 0.07259058572481081, 0.0059363913903780485, 0.0059363913903780485, 0.0059363913903780485, 0.0059363913903780485, 0.0059363913903780485, 0.0059363913903780485, 0.0059363913903780485, 0.0059363913903780485, 0.0059363913903780485, 0.0059363913903780485, 0.0059363913903780485, 0.0036622225254632212, 0.0036622225254632212, 0.0036622225254632212, 0.0036622225254632212, 0.0036622225254632212, 0.00198982446181617, 0.00198982446181617, 0.00198982446181617, 0.00198982446181617, 0.0019838379873817757, 0.0009142549567968672, 0.0009142549567968672, 0.0007284818689186068, 0.0006268149863899453, 0.0004508265110416687, 0.00031522060817223974, 0.00015042140125842707, 0.00015042140125842707, 0.00015042140125842707, 0.00011557606853784819, 8.919694300857373e-05, 8.919694300857373e-05, 8.919694300857373e-05, 4.708998744717974e-05, 4.708998744717974e-05, 4.239020699969842e-05, 4.239020699969842e-05, 4.239020699969842e-05, 4.239020699969842e-05, 4.239020699969842e-05, 4.239020699969842e-05, 4.239020699969842e-05, 4.239020699969842e-05, 4.239020699969842e-05, 3.9177990629468695e-05, 3.9177990629468695e-05, 3.9177990629468695e-05, 3.878742813867575e-05, 3.878742813867575e-05, 3.878742813867575e-05, 3.868583235089318e-05, 3.868583235089318e-05, 3.848830101560452e-05, 3.848830101560452e-05, 3.833169762401667e-05, 3.833169762401667e-05, 3.827960358648852e-05, 3.827960358648852e-05, 3.827960358648852e-05, 3.827960358648852e-05, 3.826821284746984e-05, 3.8240937783484696e-05, 3.8201698998818756e-05, 3.8201698998818756e-05, 3.819633866442018e-05, 3.8194722264961456e-05, 3.8194722264961456e-05, 3.8194722264961456e-05, 3.8194722264961456e-05, 3.8194722264961456e-05, 3.8194722264961456e-05, 3.8194722264961456e-05, 3.819143739747233e-05, 3.8188408780115424e-05, 3.818547702394426e-05, 3.818547702394426e-05, 3.818547702394426e-05, 3.818402637989493e-05, 3.818402637989493e-05, 3.818402637989493e-05, 3.818402637989493e-05, 3.8182919979590224e-05, 3.818269919975137e-05, 3.818269919975137e-05, 3.818269919975137e-05, 3.818269919975137e-05, 3.818269919975137e-05, 3.818269919975137e-05, 3.818269919975137e-05, 3.818269919975137e-05, 3.818269919975137e-05, 3.818269919975137e-05, 3.818269919975137e-05, 3.818269919975137e-05, 3.818269919975137e-05, 3.818269919975137e-05, 3.818269919975137e-05, 3.818269919975137e-05, 3.818269919975137e-05, 3.818269919975137e-05, 3.818269919975137e-05, 3.818269919975137e-05, 3.818269919975137e-05, 3.818269919975137e-05, 3.818269919975137e-05, 3.818269919975137e-05, 3.818269919975137e-05, 3.818269874500402e-05, 3.818269874500402e-05]","{""cognitive_weight"": 1.5, ""inertia_weight"": 0.7, ""max_iterations"": 140, ""social_weight"": 1.5, ""swarm_size"": 50}"
schwefel,Schwefel,7,1509,pso,PSO,3,"[-500.0, 500.0]","[420.968746, 420.968746, 420.968746]","[420.9687463544297, 420.9687464287612, 420.96874556949325]",3.818269897237769e-05,7.034149908644547e-07,140,7050,"[230.32714865884327, 230.32714865884327, 230.32714865884327, 230.32714865884327, 230.32714865884327, 230.32714865884327, 32.00145079336198, 32.00145079336198, 32.00145079336198, 32.00145079336198, 32.00145079336198, 25.949066664268685, 25.949066664268685, 12.383319069038407, 12.383319069038407, 12.17146900998273, 12.17146900998273, 6.493785472061063, 6.493785472061063, 6.493785472061063, 2.4302128864501356, 0.8732298296276895, 0.6321436215819176, 0.5513271163517857, 0.20236446804506159, 0.20236446804506159, 0.06633948378339483, 0.0467336090059689, 0.0467336090059689, 0.0467336090059689, 0.0467336090059689, 0.0467336090059689, 0.0467336090059689, 0.0467336090059689, 0.0467336090059689, 0.020249032773790532, 0.020249032773790532, 0.01988053560262415, 0.007065982011226879, 0.00373379130178364, 0.00373379130178364, 0.00373379130178364, 0.0007655126726149319, 0.0007655126726149319, 0.0003471424670351553, 0.0003471424670351553, 0.0003471424670351553, 0.0003471424670351553, 0.0003471424670351553, 0.0003471424670351553, 0.0003471424670351553, 0.0002540005498303799, 0.00017167666328532505, 0.0001310395225573302, 0.00011091834721810301, 0.00010091266403833288, 9.590745571586012e-05, 9.338320433016634e-05, 9.209613062921562e-05, 9.143033071268292e-05, 9.107949517783709e-05, 7.860294749661989e-05, 5.836089076183271e-05, 5.836089076183271e-05, 3.989402603110648e-05, 3.989402603110648e-05, 3.989402603110648e-05, 3.989402603110648e-05, 3.934086066692544e-05, 3.934086066692544e-05, 3.934086066692544e-05, 3.934086066692544e-05, 3.934086066692544e-05, 3.934086066692544e-05, 3.934086066692544e-05, 3.934086066692544e-05, 3.934086066692544e-05, 3.934086066692544e-05, 3.8948696783336345e-05, 3.8948696783336345e-05, 3.8948696783336345e-05, 3.8948696783336345e-05, 3.872963020512543e-05, 3.853785187857284e-05, 3.8483721709781094e-05, 3.838063753391907e-05, 3.838063753391907e-05, 3.838063753391907e-05, 3.826917100013816e-05, 3.826917100013816e-05, 3.826917100013816e-05, 3.819910125457682e-05, 3.819910125457682e-05, 3.819910125457682e-05, 3.818692812274094e-05, 3.818692812274094e-05, 3.818692812274094e-05, 3.818692812274094e-05, 3.818692812274094e-05, 3.818692812274094e-05, 3.818692812274094e-05, 3.818692812274094e-05, 3.818692812274094e-05, 3.818692812274094e-05, 3.818387585852179e-05, 3.8183533661140245e-05, 3.8183533661140245e-05, 3.818322920778883e-05, 3.818322920778883e-05, 3.818314280579216e-05, 3.818314280579216e-05, 3.818314280579216e-05, 3.818314280579216e-05, 3.8183135075087193e-05, 3.8183135075087193e-05, 3.8183135075087193e-05, 3.818299842350825e-05, 3.818299842350825e-05, 3.818279697043181e-05, 3.818279697043181e-05, 3.818279697043181e-05, 3.818279697043181e-05, 3.818271170530352e-05, 3.818271170530352e-05, 3.8182700336619746e-05, 3.8182700336619746e-05, 3.8182700336619746e-05, 3.8182700336619746e-05, 3.818270010924607e-05, 3.818270010924607e-05, 3.818270010924607e-05, 3.818270010924607e-05, 3.818270010924607e-05, 3.8182699427125044e-05, 3.818269919975137e-05, 3.818269897237769e-05, 3.818269897237769e-05, 3.818269897237769e-05, 3.818269897237769e-05, 3.818269897237769e-05, 3.818269897237769e-05]","{""cognitive_weight"": 1.5, ""inertia_weight"": 0.7, ""max_iterations"": 140, ""social_weight"": 1.5, ""swarm_size"": 50}"
schwefel,Schwefel,8,1510,pso,PSO,3,"[-500.0, 500.0]","[420.968746, 420.968746, 420.968746]","[420.96874780380705, 420.9687492172099, 420.9687473832563]",3.8182700336619746e-05,3.939233084781936e-06,140,7050,"[554.0279761923838, 554.0279761923838, 554.0279761923838, 554.0279761923838, 495.4550269156605, 351.69780643610545, 270.65812859735627, 102.55324072172812, 102.55324072172812, 102.55324072172812, 41.961687004882606, 41.961687004882606, 41.316516951281756, 7.8573150781962795, 7.8573150781962795, 7.8573150781962795, 3.054107871351789, 3.054107871351789, 1.5056756710905574, 1.5056756710905574, 1.5056756710905574, 0.1771080706992052, 0.04236262168819849, 0.04236262168819849, 0.04236262168819849, 0.04236262168819849, 0.04236262168819849, 0.04236262168819849, 0.04236262168819849, 0.04236262168819849, 0.04236262168819849, 0.04236262168819849, 0.04236262168819849, 0.04236262168819849, 0.04236262168819849, 0.04236262168819849, 0.04236262168819849, 0.04236262168819849, 0.012047616277413908, 0.012047616277413908, 0.009038689839144354, 0.006642466679068093, 0.006642466679068093, 0.0028865344927453407, 0.0028865344927453407, 0.0028865344927453407, 0.0028865344927453407, 0.001456658887946105, 0.001456658887946105, 0.001456658887946105, 0.001456658887946105, 0.0007804240981386101, 0.0007804240981386101, 0.0006792484614379646, 0.0006792484614379646, 0.00021298888941601035, 0.00021298888941601035, 0.00021298888941601035, 0.00021298888941601035, 0.00018710349741013488, 0.00018710349741013488, 0.00018710349741013488, 5.58574438400683e-05, 5.58574438400683e-05, 5.58574438400683e-05, 4.6741263759031426e-05, 4.6741263759031426e-05, 4.6741263759031426e-05, 4.6741263759031426e-05, 4.564996402223187e-05, 4.564996402223187e-05, 4.564996402223187e-05, 4.013101806776831e-05, 4.013101806776831e-05, 3.8728924437236856e-05, 3.8728924437236856e-05, 3.8728924437236856e-05, 3.8728924437236856e-05, 3.8728924437236856e-05, 3.8728924437236856e-05, 3.8728924437236856e-05, 3.870723867294146e-05, 3.8436188788182335e-05, 3.8436188788182335e-05, 3.8436188788182335e-05, 3.8436188788182335e-05, 3.8348627185769146e-05, 3.823744668807194e-05, 3.823744668807194e-05, 3.823744668807194e-05, 3.820289589384629e-05, 3.820289589384629e-05, 3.820289589384629e-05, 3.820289589384629e-05, 3.820289589384629e-05, 3.820289589384629e-05, 3.820289589384629e-05, 3.820289589384629e-05, 3.8196662899281364e-05, 3.819165976892691e-05, 3.8190517898328835e-05, 3.8190517898328835e-05, 3.819039329755469e-05, 3.819026960627525e-05, 3.819026960627525e-05, 3.81898598789121e-05, 3.8189456518011866e-05, 3.8187970631042845e-05, 3.818764844254474e-05, 3.8187509062481695e-05, 3.818533082267095e-05, 3.818533082267095e-05, 3.818533082267095e-05, 3.818440382019617e-05, 3.818399250121729e-05, 3.818399250121729e-05, 3.818399250121729e-05, 3.818372260866454e-05, 3.818341383521329e-05, 3.8183105061762035e-05, 3.81828294848674e-05, 3.8182730349944904e-05, 3.8182730349944904e-05, 3.8182730349944904e-05, 3.8182730349944904e-05, 3.8182730349944904e-05, 3.8182730349944904e-05, 3.818272512035037e-05, 3.818271966338216e-05, 3.81827026103565e-05, 3.81827026103565e-05, 3.81827026103565e-05, 3.81827026103565e-05, 3.81827026103565e-05, 3.81827026103565e-05, 3.81827026103565e-05, 3.81827026103565e-05, 3.81827026103565e-05, 3.81827007913671e-05, 3.8182700336619746e-05, 3.8182700336619746e-05]","{""cognitive_weight"": 1.5, ""inertia_weight"": 0.7, ""max_iterations"": 140, ""social_weight"": 1.5, ""swarm_size"": 50}"
schwefel,Schwefel,9,1511,pso,PSO,3,"[-500.0, 500.0]","[420.968746, 420.968746, 420.968746]","[420.96882095489565, 420.96877308933387, -302.5249791562003]",118.43837279816921,723.4937251562047,140,7050,"[810.6431733012355, 438.31388109503644, 438.31388109503644, 438.31388109503644, 438.31388109503644, 434.45782494343484, 434.45782494343484, 412.54238997769187, 378.65277692168615, 359.35407094502307, 359.35407094502307, 359.35407094502307, 357.8544683063261, 357.4488406979724, 357.4488406979724, 357.37256437339704, 301.657700890761, 301.657700890761, 260.0931316893915, 260.0931316893915, 254.54578364369286, 254.54578364369286, 254.54578364369286, 251.4038838703267, 251.4038838703267, 251.4038838703267, 251.4038838703267, 251.4038838703267, 251.4038838703267, 251.4038838703267, 251.4038838703267, 251.4038838703267, 251.4038838703267, 251.4038838703267, 246.08403125617383, 246.08403125617383, 243.7598215208958, 242.68626993111457, 219.96583946244255, 144.31475704747072, 131.42959524584376, 131.42959524584376, 131.42959524584376, 119.58868173860992, 119.58868173860992, 119.58868173860992, 119.58868173860992, 119.58868173860992, 119.58868173860992, 119.58868173860992, 119.58868173860992, 119.09470488353122, 119.09470488353122, 119.09470488353122, 119.0616624636034, 119.0616624636034, 119.0616624636034, 119.0616624636034, 119.0616624636034, 118.84203717043101, 118.84203717043101, 118.84203717043101, 118.58326415246802, 118.58326415246802, 118.58326415246802, 118.58326415246802, 118.58326415246802, 118.58326415246802, 118.48811221328151, 118.48811221328151, 118.46327864974955, 118.45368427287485, 118.43902061089011, 118.43902061089011, 118.43902061089011, 118.43902061089011, 118.43902061089011, 118.43902061089011, 118.4388795717432, 118.4388795717432, 118.4388795717432, 118.4388795717432, 118.43845236333982, 118.43845236333982, 118.43845236333982, 118.43845236333982, 118.43845236333982, 118.43845236333982, 118.43845236333982, 118.43845236333982, 118.43844476508184, 118.43844476508184, 118.43844476508184, 118.43844476508184, 118.43844476508184, 118.43844476508184, 118.43840845965497, 118.43840845965497, 118.43840845965497, 118.43837875243526, 118.43837875243526, 118.43837875243526, 118.43837875243526, 118.43837875243526, 118.43837875243526, 118.43837875243526, 118.43837512188338, 118.43837512188338, 118.43837512188338, 118.43837512188338, 118.43837512188338, 118.43837354627908, 118.43837354627908, 118.43837354627908, 118.43837332294129, 118.43837332294129, 118.43837327912797, 118.43837327912797, 118.43837306282126, 118.43837289733233, 118.43837289733233, 118.43837289733233, 118.43837289733233, 118.43837289733233, 118.43837285484551, 118.43837285484551, 118.43837285356449, 118.43837285356449, 118.43837285213772, 118.43837279963304, 118.43837279963304, 118.43837279963304, 118.43837279963304, 118.43837279963304, 118.43837279963304, 118.43837279963304, 118.43837279953777, 118.43837279953777, 118.43837279953777, 118.43837279953777, 118.43837279816921]","{""cognitive_weight"": 1.5, ""inertia_weight"": 0.7, ""max_iterations"": 140, ""social_weight"": 1.5, ""swarm_size"": 50}"
schwefel,Schwefel,10,1551,pso,PSO,3,"[-500.0, 500.0]","[420.968746, 420.968746, 420.968746]","[420.96874926960265, 420.96874513953594, 420.96874537409957]",3.818270010924607e-05,3.4383791566860816e-06,140,7050,"[65.04703459767643, 65.04703459767643, 65.04703459767643, 65.04703459767643, 65.04703459767643, 65.04703459767643, 65.04703459767643, 26.637490394107772, 20.181770676449105, 20.181770676449105, 5.1406882262244835, 5.1406882262244835, 5.1406882262244835, 3.1351073102268856, 3.1351073102268856, 2.6333130590778637, 2.6333130590778637, 2.6333130590778637, 2.6333130590778637, 2.125309198299192, 2.125309198299192, 2.125309198299192, 0.7801575523851625, 0.43060898727503627, 0.2542188884319785, 0.2440177294622572, 0.2440177294622572, 0.2440177294622572, 0.07645134432755185, 0.07645134432755185, 0.04740887108982861, 0.04740887108982861, 0.04740887108982861, 0.04740887108982861, 0.04740887108982861, 0.016837365278206562, 0.016837365278206562, 0.016837365278206562, 0.015701456869010144, 0.006812232634729298, 0.0019139041280595848, 0.0019139041280595848, 0.0019139041280595848, 0.0019139041280595848, 0.0019139041280595848, 0.0019139041280595848, 0.0006766880808299902, 0.0006766880808299902, 0.0006766880808299902, 0.0006766880808299902, 0.000612352127518534, 0.000612352127518534, 0.0005519390097106225, 0.0003732868078714091, 0.00027924753612751374, 0.0002286186504534271, 0.0002006257950597501, 0.00018468002144800266, 0.00016583370984335488, 0.00016583370984335488, 0.00011188363032488269, 0.00011188363032488269, 8.502402533849818e-05, 4.633160278899595e-05, 4.633160278899595e-05, 4.086806166014867e-05, 4.086806166014867e-05, 4.086806166014867e-05, 4.086806166014867e-05, 4.086806166014867e-05, 4.086806166014867e-05, 4.086806166014867e-05, 3.9489536902692635e-05, 3.9489536902692635e-05, 3.884429634126718e-05, 3.884429634126718e-05, 3.884429634126718e-05, 3.884429634126718e-05, 3.884429634126718e-05, 3.884429634126718e-05, 3.884429634126718e-05, 3.884429634126718e-05, 3.85672897209588e-05, 3.85672897209588e-05, 3.85672897209588e-05, 3.85672897209588e-05, 3.8424508602474816e-05, 3.8424508602474816e-05, 3.8424508602474816e-05, 3.8424508602474816e-05, 3.8297007222354296e-05, 3.8297007222354296e-05, 3.8297007222354296e-05, 3.8297007222354296e-05, 3.827739010375808e-05, 3.827739010375808e-05, 3.824988630185544e-05, 3.824988630185544e-05, 3.824988630185544e-05, 3.823401880254096e-05, 3.8208921750992886e-05, 3.8191964904399356e-05, 3.8191964904399356e-05, 3.8191964904399356e-05, 3.8191964904399356e-05, 3.818446248260443e-05, 3.818446248260443e-05, 3.818446248260443e-05, 3.818352251983015e-05, 3.818352251983015e-05, 3.818352251983015e-05, 3.818352251983015e-05, 3.818352251983015e-05, 3.818352251983015e-05, 3.818313621195557e-05, 3.818279196821095e-05, 3.818279196821095e-05, 3.8182728758329176e-05, 3.8182728758329176e-05, 3.8182710795808816e-05, 3.8182710795808816e-05, 3.8182710795808816e-05, 3.8182710795808816e-05, 3.8182710795808816e-05, 3.8182710795808816e-05, 3.8182710795808816e-05, 3.8182710795808816e-05, 3.8182710795808816e-05, 3.8182710795808816e-05, 3.8182710795808816e-05, 3.818270852207206e-05, 3.818270852207206e-05, 3.818270852207206e-05, 3.8182705793587957e-05, 3.8182705793587957e-05, 3.8182704884093255e-05, 3.8182704884093255e-05, 3.818270010924607e-05, 3.818270010924607e-05, 3.818270010924607e-05, 3.818270010924607e-05]","{""cognitive_weight"": 1.5, ""inertia_weight"": 0.7, ""max_iterations"": 140, ""social_weight"": 1.5, ""swarm_size"": 50}"
schwefel,Schwefel,11,1552,pso,PSO,3,"[-500.0, 500.0]","[420.968746, 420.968746, 420.968746]","[421.0172826526645, 420.95103613221943, 421.0017510091458]",0.0005124796002746734,0.061308863122649375,140,7050,"[674.143015364582, 604.7794258717563, 488.20300586827057, 377.53648252773996, 377.53648252773996, 374.06514520348856, 374.06514520348856, 374.06514520348856, 363.96596821813296, 246.163609504511, 246.163609504511, 246.163609504511, 246.163609504511, 246.163609504511, 246.163609504511, 246.163609504511, 246.163609504511, 246.163609504511, 198.03388302829535, 198.03388302829535, 198.03388302829535, 198.03388302829535, 198.03388302829535, 170.61309172635174, 149.33417479551872, 144.78911779675855, 144.78911779675855, 131.79648688085035, 131.79648688085035, 131.79648688085035, 131.79648688085035, 121.90227496644047, 121.90227496644047, 121.90227496644047, 121.90227496644047, 120.27173751940427, 120.27173751940427, 119.89912451174746, 119.89912451174746, 119.70113478070107, 119.70113478070107, 119.66287485391922, 119.66287485391922, 118.81910948567656, 118.81910948567656, 118.81910948567656, 118.81910948567656, 118.70974717521949, 118.68325248872043, 118.6005774426576, 118.53964032600175, 118.50298798921494, 118.479170566937, 118.479170566937, 118.479170566937, 118.479170566937, 118.479170566937, 118.44497740795782, 118.44497740795782, 118.44497740795782, 118.44285436349287, 118.44285436349287, 118.43999469530922, 118.43999469530922, 118.43999469530922, 118.43999469530922, 118.43999469530922, 118.43999469530922, 118.43999469530922, 118.43933198409536, 118.43885266248799, 118.43885266248799, 118.43848530669561, 118.43848530669561, 118.43848530669561, 118.43848530669561, 118.43848530669561, 118.43847065146383, 118.43847065146383, 118.43847065146383, 118.43841247945215, 118.43841247945215, 118.43839230073263, 118.43838102604354, 118.43838102604354, 118.43838102604354, 118.43838102604354, 118.43838102604354, 118.43838102604354, 118.43837508411184, 118.43837401715882, 118.43837295893945, 118.43837295893945, 118.43837295893945, 118.43837295893945, 118.43837295893945, 64.35572689750143, 23.348188678970928, 23.348188678970928, 11.930899994390984, 6.6421741169256165, 0.42152311414884025, 0.42152311414884025, 0.39346241772500434, 0.39346241772500434, 0.39346241772500434, 0.17594627940957253, 0.17594627940957253, 0.17594627940957253, 0.011732217598591888, 0.011732217598591888, 0.011674428271362558, 0.011674428271362558, 0.011674428271362558, 0.011674428271362558, 0.003930666601718258, 0.003930666601718258, 0.003930666601718258, 0.003930666601718258, 0.003930666601718258, 0.003930666601718258, 0.003930666601718258, 0.003930666601718258, 0.003930666601718258, 0.003930666601718258, 0.003930666601718258, 0.003930666601718258, 0.001152706245193258, 0.001152706245193258, 0.001152706245193258, 0.001152706245193258, 0.001152706245193258, 0.001152706245193258, 0.0010917107308614504, 0.000992396397577977, 0.000992396397577977, 0.000992396397577977, 0.000992396397577977, 0.0007991800766831147, 0.0005124796002746734, 0.0005124796002746734]","{""cognitive_weight"": 1.5, ""inertia_weight"": 0.7, ""max_iterations"": 140, ""social_weight"": 1.5, ""swarm_size"": 50}"
schwefel,Schwefel,12,1553,pso,PSO,3,"[-500.0, 500.0]","[420.968746, 420.968746, 420.968746]","[420.9687444543306, 420.96874153792214, 420.96874681695357]",3.818270215560915e-05,4.792352864137014e-06,140,7050,"[476.916316651844, 476.916316651844, 476.916316651844, 476.916316651844, 249.18396623620288, 249.18396623620288, 249.18396623620288, 249.18396623620288, 94.93302029222195, 94.93302029222195, 55.837241358640995, 55.837241358640995, 21.197191017542764, 21.197191017542764, 14.029188060100068, 2.4287542252300227, 2.4287542252300227, 1.1961464498319856, 1.1961464498319856, 1.1961464498319856, 1.1961464498319856, 0.5589042378740032, 0.5589042378740032, 0.3299484684384879, 0.3299484684384879, 0.3299484684384879, 0.3299484684384879, 0.3299484684384879, 0.07280692661674948, 0.07280692661674948, 0.07280692661674948, 0.07280692661674948, 0.02550523506602076, 0.018388954216106868, 0.018388954216106868, 0.018388954216106868, 0.009798983726795996, 0.009798983726795996, 0.009798983726795996, 0.009798983726795996, 0.00810198641261195, 0.006360036550177028, 0.0038066594129304576, 0.00138931496371697, 0.0007825585876162222, 0.0007825585876162222, 0.0007825585876162222, 0.0007825585876162222, 0.0005748992293774791, 0.0005748992293774791, 0.0005748992293774791, 0.0005748992293774791, 0.0005748992293774791, 0.0005748992293774791, 0.0005748992293774791, 0.0003121049662695441, 0.0003121049662695441, 0.00027856639076162537, 0.00027856639076162537, 0.00026503564413360436, 0.00015672186941628752, 0.0001263270394247229, 0.0001263270394247229, 0.0001263270394247229, 0.0001263270394247229, 0.00011771429717555293, 9.077771005649993e-05, 8.468332271149848e-05, 5.393438573264575e-05, 4.43920116595109e-05, 4.43920116595109e-05, 3.9791347035134095e-05, 3.9106733765947865e-05, 3.8699902233929606e-05, 3.8699902233929606e-05, 3.8699902233929606e-05, 3.8699902233929606e-05, 3.8699902233929606e-05, 3.8699902233929606e-05, 3.8699902233929606e-05, 3.8699902233929606e-05, 3.8699902233929606e-05, 3.8699902233929606e-05, 3.839047553810815e-05, 3.839047553810815e-05, 3.839047553810815e-05, 3.82920211450255e-05, 3.82920211450255e-05, 3.82920211450255e-05, 3.826195165856916e-05, 3.826195165856916e-05, 3.826195165856916e-05, 3.823433121397102e-05, 3.823433121397102e-05, 3.822260850938619e-05, 3.822260850938619e-05, 3.822260850938619e-05, 3.820596270998067e-05, 3.820596270998067e-05, 3.818950858658354e-05, 3.818950858658354e-05, 3.818595200755226e-05, 3.818595200755226e-05, 3.818595200755226e-05, 3.818595200755226e-05, 3.818595200755226e-05, 3.818595200755226e-05, 3.818595200755226e-05, 3.818365303231985e-05, 3.818365303231985e-05, 3.818365303231985e-05, 3.818365303231985e-05, 3.818365303231985e-05, 3.818365303231985e-05, 3.818365303231985e-05, 3.8183577544259606e-05, 3.81834192921815e-05, 3.81834192921815e-05, 3.81834192921815e-05, 3.81834192921815e-05, 3.81834192921815e-05, 3.81833451683633e-05, 3.818278833023214e-05, 3.818278833023214e-05, 3.818278833023214e-05, 3.818278833023214e-05, 3.818278833023214e-05, 3.818272011812951e-05, 3.818272011812951e-05, 3.818272011812951e-05, 3.818272011812951e-05, 3.818272011812951e-05, 3.818270670308266e-05, 3.818270670308266e-05, 3.818270215560915e-05, 3.818270215560915e-05, 3.818270215560915e-05, 3.818270215560915e-05, 3.818270215560915e-05, 3.818270215560915e-05, 3.818270215560915e-05]","{""cognitive_weight"": 1.5, ""inertia_weight"": 0.7, ""max_iterations"": 140, ""social_weight"": 1.5, ""swarm_size"": 50}"
schwefel,Schwefel,13,1554,pso,PSO,3,"[-500.0, 500.0]","[420.968746, 420.968746, 420.968746]","[420.96872066362926, -302.52496200087836, 420.968825216113]",118.43837279809304,723.4937080008831,140,7050,"[537.2339798221133, 434.7011165071083, 434.7011165071083, 434.7011165071083, 434.7011165071083, 434.7011165071083, 380.5005938446375, 370.9581225449731, 367.8609255623155, 367.8609255623155, 359.9108624779186, 359.9108624779186, 359.9108624779186, 358.3086790995501, 357.2407052973922, 357.1528060701613, 357.1528060701613, 356.8498833319404, 356.8498833319404, 356.8498833319404, 356.8498833319404, 356.8498833319404, 356.83523582299676, 356.83523582299676, 356.83523582299676, 356.8347340419473, 356.8347340419473, 356.8347340419473, 356.8344622861381, 288.88045163043876, 240.18222867760028, 240.18222867760028, 240.18222867760028, 240.18222867760028, 240.18222867760028, 239.05606606682863, 239.05606606682863, 239.05606606682863, 138.68726683306022, 138.68726683306022, 138.68726683306022, 138.68726683306022, 138.68726683306022, 121.13300488522941, 121.13300488522941, 120.99655238209675, 120.99655238209675, 120.99655238209675, 120.99655238209675, 120.99655238209675, 120.99655238209675, 119.64046798902359, 119.64046798902359, 119.4535635772495, 119.4535635772495, 119.4535635772495, 119.4535635772495, 119.4535635772495, 119.4535635772495, 119.40695104007386, 118.52220131683453, 118.52220131683453, 118.52220131683453, 118.52220131683453, 118.52220131683453, 118.52220131683453, 118.4847811431764, 118.4847811431764, 118.4847811431764, 118.48111822515125, 118.48111822515125, 118.48111822515125, 118.48111822515125, 118.46245209597373, 118.46245209597373, 118.449947597132, 118.449947597132, 118.449947597132, 118.449947597132, 118.4488110100383, 118.4488110100383, 118.44476872040059, 118.4426228253451, 118.44193201815028, 118.44193201815028, 118.44193201815028, 118.44193201815028, 118.44022456391804, 118.43955326353853, 118.43955326353853, 118.43870044144433, 118.43870044144433, 118.43870044144433, 118.43870044144433, 118.43870044144433, 118.43865222368822, 118.4384068770621, 118.4384068770621, 118.4384068770621, 118.4384068770621, 118.4384068770621, 118.4384068770621, 118.4384068770621, 118.4384068770621, 118.43840059013246, 118.43840059013246, 118.43837529411098, 118.43837529411098, 118.43837529411098, 118.43837529411098, 118.43837529411098, 118.43837529411098, 118.43837529411098, 118.43837529411098, 118.43837350258377, 118.43837350258377, 118.43837350258377, 118.43837350258377, 118.43837347965268, 118.43837347804015, 118.43837347804015, 118.43837332715566, 118.43837332715566, 118.43837308891716, 118.43837285390441, 118.43837285390441, 118.43837285103223, 118.43837285103223, 118.43837282887716, 118.43837280470757, 118.43837280470757, 118.43837280470757, 118.43837280470757, 118.43837280470757, 118.4383728012026, 118.43837280014395, 118.43837280014395, 118.43837279910531, 118.43837279910531, 118.43837279828836, 118.43837279809304]","{""cognitive_weight"": 1.5, ""inertia_weight"": 0.7, ""max_iterations"": 140, ""social_weight"": 1.5, ""swarm_size"": 50}"
schwefel,Schwefel,14,1555,pso,PSO,3,"[-500.0, 500.0]","[420.968746, 420.968746, 420.968746]","[420.96874754090123, 420.96874551880614, 420.9687474400237]",3.818269897237769e-05,2.163236556520452e-06,140,7050,"[532.3477889570162, 532.3477889570162, 532.3477889570162, 532.3477889570162, 532.3477889570162, 380.3164349740407, 78.84497473418924, 78.84497473418924, 78.84497473418924, 78.84497473418924, 17.938921898532044, 17.938921898532044, 17.938921898532044, 17.3283998594261, 9.667923530922508, 9.667923530922508, 1.837699717498026, 1.2959845176474118, 1.2959845176474118, 1.2959845176474118, 1.2959845176474118, 1.2959845176474118, 1.2959845176474118, 1.2959845176474118, 1.2959845176474118, 1.2959845176474118, 1.2959845176474118, 0.4776075815511831, 0.4776075815511831, 0.4776075815511831, 0.1598781908935507, 0.1598781908935507, 0.1598781908935507, 0.1598781908935507, 0.1598781908935507, 0.1598781908935507, 0.08271487788260856, 0.08271487788260856, 0.006788235246631302, 0.0027087489631867356, 0.0027087489631867356, 0.0027087489631867356, 0.0027087489631867356, 0.0027087489631867356, 0.0013361948183501227, 0.0013361948183501227, 0.0013361948183501227, 0.0013361948183501227, 0.0013361948183501227, 0.0013361948183501227, 0.0013361948183501227, 0.0006776574000468827, 0.0006776574000468827, 0.0004278592780337931, 0.0004278592780337931, 0.00017738951555656968, 0.00017738951555656968, 0.00017738951555656968, 0.00017738951555656968, 0.0001387604045248736, 4.525186568571371e-05, 4.525186568571371e-05, 4.525186568571371e-05, 4.525186568571371e-05, 4.087407137376431e-05, 4.087407137376431e-05, 4.087407137376431e-05, 4.087407137376431e-05, 4.087407137376431e-05, 4.087407137376431e-05, 4.087407137376431e-05, 4.087407137376431e-05, 3.956871569243958e-05, 3.956871569243958e-05, 3.9464919154852396e-05, 3.94476082874462e-05, 3.94476082874462e-05, 3.94476082874462e-05, 3.94476082874462e-05, 3.898188128914626e-05, 3.8916801941013546e-05, 3.8916801941013546e-05, 3.858891886920901e-05, 3.858891886920901e-05, 3.83801891530311e-05, 3.837156759800564e-05, 3.837156759800564e-05, 3.833727328128589e-05, 3.833727328128589e-05, 3.833727328128589e-05, 3.830393075077154e-05, 3.830393075077154e-05, 3.830393075077154e-05, 3.827180398729979e-05, 3.827180398729979e-05, 3.827180398729979e-05, 3.826681472673954e-05, 3.826681472673954e-05, 3.826681472673954e-05, 3.826584270427702e-05, 3.826584270427702e-05, 3.826584270427702e-05, 3.824777604677365e-05, 3.820514439212275e-05, 3.820514439212275e-05, 3.819720541287097e-05, 3.819720541287097e-05, 3.819294283857744e-05, 3.818548157141777e-05, 3.818548157141777e-05, 3.818290474555397e-05, 3.818290474555397e-05, 3.818290474555397e-05, 3.818290474555397e-05, 3.818290474555397e-05, 3.818290474555397e-05, 3.818290474555397e-05, 3.818278401013231e-05, 3.818278401013231e-05, 3.818277650680102e-05, 3.818277650680102e-05, 3.818277650680102e-05, 3.818277650680102e-05, 3.818275104094937e-05, 3.818275104094937e-05, 3.818275104094937e-05, 3.818273808064987e-05, 3.818270897681941e-05, 3.818270897681941e-05, 3.818270897681941e-05, 3.818270806732471e-05, 3.818270806732471e-05, 3.818270806732471e-05, 3.818270806732471e-05, 3.818270806732471e-05, 3.818270124611445e-05, 3.818269965449872e-05, 3.818269897237769e-05, 3.818269897237769e-05, 3.818269897237769e-05, 3.818269897237769e-05]","{""cognitive_weight"": 1.5, ""inertia_weight"": 0.7, ""max_iterations"": 140, ""social_weight"": 1.5, ""swarm_size"": 50}"
schwefel,Schwefel,15,1556,pso,PSO,3,"[-500.0, 500.0]","[420.968746, 420.968746, 420.968746]","[-302.5249398319739, 420.968749572481, 420.9687465338198]",118.43837279714035,723.4936858319738,140,7050,"[389.8819143602584, 389.8819143602584, 365.0026016101226, 365.0026016101226, 365.0026016101226, 365.0026016101226, 365.0026016101226, 341.0678968130778, 341.0678968130778, 319.1460069670409, 270.5878148565446, 241.82834595593192, 159.3338740839581, 159.3338740839581, 159.3338740839581, 144.74129205715576, 144.74129205715576, 128.70657284536173, 119.2416913276993, 119.2416913276993, 118.70325551975657, 118.70325551975657, 118.70325551975657, 118.70325551975657, 118.51227874938218, 118.51227874938218, 118.51227874938218, 118.51227874938218, 118.51227874938218, 118.51227874938218, 118.51227874938218, 118.51227874938218, 118.44145571650279, 118.44145571650279, 118.44145571650279, 118.44145571650279, 118.44145571650279, 118.44145571650279, 118.44145571650279, 118.44145571650279, 118.44145571650279, 118.44105148414519, 118.44105148414519, 118.440511251109, 118.440511251109, 118.43994264118601, 118.43959675335236, 118.43959675335236, 118.43959675335236, 118.43888939740918, 118.43888939740918, 118.43888939740918, 118.43888825748695, 118.43888825748695, 118.43888825748695, 118.43845203993351, 118.43844710483063, 118.43844710483063, 118.4384319411497, 118.43841858273095, 118.438411173026, 118.43840693741822, 118.43838609437057, 118.43838609437057, 118.43838515490825, 118.43838515490825, 118.43838089196242, 118.43838089196242, 118.43838089196242, 118.43837873957591, 118.43837701240818, 118.43837701240818, 118.43837447398005, 118.43837330903443, 118.43837320662442, 118.43837304759018, 118.43837291858449, 118.43837291858449, 118.43837291858449, 118.43837291858449, 118.43837291858449, 118.43837284491656, 118.43837284491656, 118.43837281967535, 118.43837281967535, 118.43837281967535, 118.43837281967535, 118.43837281967535, 118.43837280535718, 118.43837280535718, 118.43837280535718, 118.43837280184471, 118.43837280184471, 118.4383727993013, 118.4383727993013, 118.4383727993013, 118.4383727993013, 118.43837279763716, 118.43837279763716, 118.43837279763716, 118.43837279763716, 118.43837279763716, 118.43837279763716, 118.43837279763716, 118.43837279763716, 118.43837279763716, 118.4383727973659, 118.4383727973659, 118.4383727973659, 118.4383727973659, 118.4383727973659, 118.43837279727177, 118.43837279727177, 118.43837279727177, 118.43837279726381, 118.43837279726336, 118.43837279726336, 118.43837279726336, 118.43837279725312, 118.43837279724312, 118.43837279720901, 118.43837279720901, 118.43837279720901, 118.43837279719878, 118.43837279719605, 118.43837279719605, 118.43837279717991, 118.43837279715672, 118.4383727971533, 118.4383727971533, 118.4383727971533, 118.4383727971508, 118.43837279714899, 118.4383727971449, 118.4383727971449, 118.43837279714444, 118.43837279714444, 118.43837279714444, 118.43837279714444, 118.43837279714035, 118.43837279714035]","{""cognitive_weight"": 1.5, ""inertia_weight"": 0.7, ""max_iterations"": 140, ""social_weight"": 1.5, ""swarm_size"": 50}"
schwefel,Schwefel,16,1557,pso,PSO,3,"[-500.0, 500.0]","[420.968746, 420.968746, 420.968746]","[420.96874502066663, 420.9687463176322, 420.96874545593977]",3.818269897237769e-05,1.1644679632008448e-06,140,7050,"[42.20279448276369, 42.20279448276369, 42.20279448276369, 42.20279448276369, 42.20279448276369, 42.20279448276369, 42.20279448276369, 42.20279448276369, 42.20279448276369, 42.20279448276369, 42.20279448276369, 16.604275003588555, 13.210519309144274, 11.932483772204023, 11.932483772204023, 10.088443331142798, 4.076659988725396, 2.251385198434491, 2.251385198434491, 0.705652003672185, 0.3172701154035167, 0.3172701154035167, 0.3172701154035167, 0.3172701154035167, 0.1247837351279486, 0.1247837351279486, 0.1247837351279486, 0.1247837351279486, 0.10834688887825905, 0.10834688887825905, 0.09437000869570511, 0.09437000869570511, 0.09437000869570511, 0.031129275223975128, 0.031129275223975128, 0.016331470816112414, 0.016331470816112414, 0.016331470816112414, 0.016331470816112414, 0.016331470816112414, 0.016331470816112414, 0.006203729006756475, 0.006203729006756475, 0.001629984470355339, 0.001629984470355339, 0.001629984470355339, 0.00040498314729120466, 0.00040498314729120466, 0.00040498314729120466, 0.00040498314729120466, 0.00040498314729120466, 0.00020417436371644726, 0.00020417436371644726, 0.00020417436371644726, 0.00020417436371644726, 0.00020417436371644726, 0.00020417436371644726, 0.00020417436371644726, 0.00020417436371644726, 0.00014711265112055116, 0.000138517701998353, 9.45318456615496e-05, 9.45318456615496e-05, 4.661401999328518e-05, 4.661401999328518e-05, 4.231809998600511e-05, 4.231809998600511e-05, 4.19902564772201e-05, 4.123030339542311e-05, 4.075442984685651e-05, 4.075442984685651e-05, 4.075442984685651e-05, 4.075442984685651e-05, 4.075442984685651e-05, 3.897421879628382e-05, 3.897421879628382e-05, 3.886347326442774e-05, 3.886347326442774e-05, 3.860404331135214e-05, 3.860404331135214e-05, 3.860404331135214e-05, 3.860404331135214e-05, 3.860404331135214e-05, 3.860404331135214e-05, 3.837567214759474e-05, 3.837567214759474e-05, 3.8341426034094184e-05, 3.830012155958684e-05, 3.8211032006074674e-05, 3.8211032006074674e-05, 3.8211032006074674e-05, 3.8211032006074674e-05, 3.819625430878659e-05, 3.8192410556803225e-05, 3.8192410556803225e-05, 3.8192410556803225e-05, 3.8192410556803225e-05, 3.81904737878358e-05, 3.81904737878358e-05, 3.81904737878358e-05, 3.818778623099206e-05, 3.818778623099206e-05, 3.818778623099206e-05, 3.818367304120329e-05, 3.818367304120329e-05, 3.818367304120329e-05, 3.818347659034771e-05, 3.818347659034771e-05, 3.8183387914614286e-05, 3.8183387914614286e-05, 3.818304935521155e-05, 3.818304935521155e-05, 3.818300001512398e-05, 3.8182909520401154e-05, 3.8182909520401154e-05, 3.8182909520401154e-05, 3.8182787648111116e-05, 3.8182787648111116e-05, 3.818277309619589e-05, 3.818277309619589e-05, 3.818276354650152e-05, 3.818275763478596e-05, 3.818270420197223e-05, 3.818270420197223e-05, 3.818270420197223e-05, 3.818270420197223e-05, 3.818270010924607e-05, 3.818270010924607e-05, 3.818269965449872e-05, 3.818269965449872e-05, 3.818269965449872e-05, 3.818269965449872e-05, 3.818269965449872e-05, 3.818269897237769e-05, 3.818269897237769e-05, 3.818269897237769e-05, 3.818269897237769e-05, 3.818269897237769e-05, 3.818269897237769e-05, 3.818269897237769e-05, 3.818269897237769e-05]","{""cognitive_weight"": 1.5, ""inertia_weight"": 0.7, ""max_iterations"": 140, ""social_weight"": 1.5, ""swarm_size"": 50}"
schwefel,Schwefel,17,1558,pso,PSO,3,"[-500.0, 500.0]","[420.968746, 420.968746, 420.968746]","[420.96874687611876, 420.9687460529146, 420.9687455802739]",3.818269897237769e-05,9.72910081986862e-07,140,7050,"[564.1377287970201, 564.1377287970201, 564.1377287970201, 300.48273409516366, 300.48273409516366, 300.48273409516366, 260.82567974590097, 230.22203093230587, 230.22203093230587, 230.22203093230587, 223.62685279987295, 223.62685279987295, 220.2464634800449, 220.2464634800449, 220.2464634800449, 219.2982715399828, 137.12123977204487, 126.13126902709564, 71.04009397113805, 71.04009397113805, 37.74925152767673, 9.099069947083535, 9.099069947083535, 9.099069947083535, 9.099069947083535, 1.3589558660005423, 1.3589558660005423, 1.3589558660005423, 1.3589558660005423, 1.3589558660005423, 1.3589558660005423, 1.234857546420244, 1.234857546420244, 1.234857546420244, 0.6263058903900856, 0.22216111709985853, 0.22216111709985853, 0.22216111709985853, 0.22216111709985853, 0.15021766018116978, 0.15021766018116978, 0.07578310590611181, 0.07578310590611181, 0.06623729583043314, 0.03733177609115046, 0.016568213938626286, 0.0019965411211160244, 0.0019965411211160244, 0.0019965411211160244, 0.0019965411211160244, 0.0019965411211160244, 0.0019965411211160244, 0.0019965411211160244, 0.0019965411211160244, 0.0008116019398585195, 0.0002975852758027031, 0.0002975852758027031, 0.00029478236865543295, 0.00029478236865543295, 0.00029478236865543295, 0.00029478236865543295, 0.00029478236865543295, 0.00029478236865543295, 0.00029478236865543295, 0.00029478236865543295, 0.00017757448222255334, 0.00016193646729334432, 9.782624397303152e-05, 7.56173760692036e-05, 7.56173760692036e-05, 7.56173760692036e-05, 5.627183122669521e-05, 5.627183122669521e-05, 5.627183122669521e-05, 5.127307122165803e-05, 5.127307122165803e-05, 4.595296536535898e-05, 4.595296536535898e-05, 4.595296536535898e-05, 4.595296536535898e-05, 4.26698895807931e-05, 4.26698895807931e-05, 4.26698895807931e-05, 4.019167818114511e-05, 4.019167818114511e-05, 4.018651065962331e-05, 4.018651065962331e-05, 3.964602638006909e-05, 3.964602638006909e-05, 3.964602638006909e-05, 3.917625235771993e-05, 3.917625235771993e-05, 3.845210585495806e-05, 3.845210585495806e-05, 3.845210585495806e-05, 3.845210585495806e-05, 3.845210585495806e-05, 3.826072270385339e-05, 3.826072270385339e-05, 3.818790514742432e-05, 3.818790514742432e-05, 3.818790514742432e-05, 3.818790514742432e-05, 3.818790514742432e-05, 3.818790514742432e-05, 3.818790514742432e-05, 3.8184675759112e-05, 3.8184675759112e-05, 3.818386630882742e-05, 3.818386630882742e-05, 3.8183673950697994e-05, 3.818360664809006e-05, 3.818360664809006e-05, 3.818360664809006e-05, 3.8183540709724184e-05, 3.818273671640782e-05, 3.818273671640782e-05, 3.818273671640782e-05, 3.818273671640782e-05, 3.818273671640782e-05, 3.818273671640782e-05, 3.818273671640782e-05, 3.818273671640782e-05, 3.818273671640782e-05, 3.818273671640782e-05, 3.818273671640782e-05, 3.818273671640782e-05, 3.8182709886314115e-05, 3.8182709886314115e-05, 3.818270602096163e-05, 3.818270602096163e-05, 3.818270602096163e-05, 3.818270602096163e-05, 3.818270306510385e-05, 3.8182700336619746e-05, 3.818269965449872e-05, 3.818269965449872e-05, 3.818269965449872e-05, 3.818269965449872e-05, 3.818269919975137e-05, 3.818269897237769e-05]","{""cognitive_weight"": 1.5, ""inertia_weight"": 0.7, ""max_iterations"": 140, ""social_weight"": 1.5, ""swarm_size"": 50}"
schwefel,Schwefel,18,1559,pso,PSO,3,"[-500.0, 500.0]","[420.968746, 420.968746, 420.968746]","[420.96874842576176, 420.968745450404, 420.9687459013059]",3.8182699427125044e-05,2.489199941774578e-06,140,7050,"[331.09890783571393, 331.09890783571393, 331.09890783571393, 293.97711290659686, 208.77027640363485, 208.77027640363485, 154.74869023069004, 122.0892880576364, 30.138023042196664, 30.138023042196664, 30.138023042196664, 14.279024977744257, 14.279024977744257, 11.774242311077387, 6.7585350842684875, 6.7585350842684875, 6.7585350842684875, 3.6360236056323174, 0.41068533680686414, 0.41068533680686414, 0.41068533680686414, 0.41068533680686414, 0.41068533680686414, 0.41068533680686414, 0.41068533680686414, 0.41068533680686414, 0.41068533680686414, 0.40201327229146955, 0.40201327229146955, 0.1318371914276213, 0.1318371914276213, 0.1318371914276213, 0.1147368381657543, 0.1147368381657543, 0.010408126795255157, 0.010408126795255157, 0.010408126795255157, 0.010408126795255157, 0.010408126795255157, 0.0060067986723879585, 0.0060067986723879585, 0.003512858105750638, 0.003512858105750638, 0.003512858105750638, 0.003512858105750638, 0.003512858105750638, 0.003512858105750638, 0.002765747988860312, 0.002765747988860312, 0.002765747988860312, 0.000437510401752661, 0.000437510401752661, 0.000437510401752661, 0.000437510401752661, 0.000437510401752661, 0.000437510401752661, 0.000437510401752661, 0.000437510401752661, 0.000437510401752661, 0.0003414376158161758, 0.0003414376158161758, 0.0003414376158161758, 0.0003414376158161758, 0.0002906608556259016, 0.00017207098153448896, 0.0001631978213936236, 0.00011952174850193842, 0.00011952174850193842, 8.458441971015418e-05, 5.601436305369134e-05, 4.419014862833137e-05, 3.9918845459396834e-05, 3.889169420290273e-05, 3.889169420290273e-05, 3.862221342387784e-05, 3.862221342387784e-05, 3.858183595184528e-05, 3.858183595184528e-05, 3.858183595184528e-05, 3.858183595184528e-05, 3.855873910652008e-05, 3.8544356129932567e-05, 3.8544356129932567e-05, 3.840963017864851e-05, 3.822403118647344e-05, 3.822403118647344e-05, 3.822403118647344e-05, 3.822403118647344e-05, 3.82119048936147e-05, 3.82119048936147e-05, 3.82119048936147e-05, 3.82119048936147e-05, 3.82119048936147e-05, 3.8211483115446754e-05, 3.820792198894196e-05, 3.820792198894196e-05, 3.819871540144959e-05, 3.819472408395086e-05, 3.819472408395086e-05, 3.8194606077013304e-05, 3.8194606077013304e-05, 3.819407493210747e-05, 3.819407493210747e-05, 3.818367349595064e-05, 3.818367349595064e-05, 3.818319873971632e-05, 3.818319873971632e-05, 3.818319873971632e-05, 3.818319873971632e-05, 3.8182992284419015e-05, 3.8182992284419015e-05, 3.8182992284419015e-05, 3.8182992284419015e-05, 3.818286313617136e-05, 3.818286313617136e-05, 3.81828563149611e-05, 3.81828563149611e-05, 3.81828563149611e-05, 3.81828563149611e-05, 3.818280401901575e-05, 3.818280401901575e-05, 3.818280401901575e-05, 3.818276786660135e-05, 3.818276786660135e-05, 3.818276786660135e-05, 3.818276786660135e-05, 3.818276786660135e-05, 3.818276786660135e-05, 3.818274444711278e-05, 3.818274444711278e-05, 3.8182719890755834e-05, 3.8182709431566764e-05, 3.818270397459855e-05, 3.8182699881872395e-05, 3.8182699881872395e-05, 3.8182699881872395e-05, 3.8182699881872395e-05, 3.8182699881872395e-05, 3.8182699427125044e-05, 3.8182699427125044e-05, 3.8182699427125044e-05]","{""cognitive_weight"": 1.5, ""inertia_weight"": 0.7, ""max_iterations"": 140, ""social_weight"": 1.5, ""swarm_size"": 50}"
schwefel,Schwefel,19,1560,pso,PSO,3,"[-500.0, 500.0]","[420.968746, 420.968746, 420.968746]","[420.9687476900548, 420.9687451224887, 420.9687464015169]",3.818269897237769e-05,1.9461569913911607e-06,140,7050,"[104.77470071358721, 104.77470071358721, 104.77470071358721, 104.77470071358721, 104.77470071358721, 104.77470071358721, 104.77470071358721, 104.77470071358721, 31.995830712630095, 31.995830712630095, 31.995830712630095, 30.20759788878013, 29.878044259120543, 15.291269071749866, 11.951731483239428, 4.1932286083911094, 4.1932286083911094, 4.1932286083911094, 4.1932286083911094, 1.2496016395148217, 1.072005245956916, 1.072005245956916, 1.072005245956916, 0.5565340851198926, 0.5565340851198926, 0.5565340851198926, 0.33029374422903857, 0.33029374422903857, 0.33029374422903857, 0.12839816751534272, 0.12839816751534272, 0.050048320564656024, 0.050048320564656024, 0.02436935752825775, 0.018310773072698794, 0.018310773072698794, 0.018310773072698794, 0.002787301754779037, 0.002787301754779037, 0.00087856596542224, 0.00087856596542224, 0.00087856596542224, 0.00087856596542224, 0.0007390322875835409, 0.0007390322875835409, 0.0007390322875835409, 0.0005214062719005597, 0.0002191440571550629, 0.00012674932372647163, 0.0001204765169404709, 0.0001204765169404709, 0.00010012368238676572, 8.843361774779623e-05, 8.843361774779623e-05, 8.775720471021486e-05, 8.641427484690212e-05, 8.552141935069812e-05, 8.491954622513731e-05, 8.450956670458254e-05, 4.787452394339198e-05, 4.505327797232894e-05, 4.505327797232894e-05, 4.305029824536177e-05, 4.305029824536177e-05, 4.305029824536177e-05, 4.305029824536177e-05, 4.305029824536177e-05, 4.283194903109688e-05, 4.283194903109688e-05, 4.283194903109688e-05, 4.283194903109688e-05, 4.283194903109688e-05, 4.283194903109688e-05, 4.143082082919136e-05, 4.0832738477547537e-05, 4.0832738477547537e-05, 4.0832738477547537e-05, 3.860611423078808e-05, 3.827080740848032e-05, 3.827080740848032e-05, 3.827080740848032e-05, 3.827080740848032e-05, 3.827080740848032e-05, 3.827080740848032e-05, 3.823271504188597e-05, 3.823271504188597e-05, 3.823271504188597e-05, 3.823127735813614e-05, 3.823127735813614e-05, 3.823127735813614e-05, 3.820092251771712e-05, 3.820092251771712e-05, 3.820092251771712e-05, 3.820092251771712e-05, 3.820092251771712e-05, 3.820092251771712e-05, 3.820092251771712e-05, 3.820092251771712e-05, 3.8198904803721234e-05, 3.818414575107454e-05, 3.818297568614071e-05, 3.818297568614071e-05, 3.818297568614071e-05, 3.818297568614071e-05, 3.818297568614071e-05, 3.818297568614071e-05, 3.818297568614071e-05, 3.818297568614071e-05, 3.818297568614071e-05, 3.818297568614071e-05, 3.818297568614071e-05, 3.81828674562712e-05, 3.81828674562712e-05, 3.81828674562712e-05, 3.81828674562712e-05, 3.81828674562712e-05, 3.81828674562712e-05, 3.81828674562712e-05, 3.8182784692253335e-05, 3.818273057731858e-05, 3.818273057731858e-05, 3.818273057731858e-05, 3.8182701928235474e-05, 3.8182701928235474e-05, 3.8182701928235474e-05, 3.8182701928235474e-05, 3.8182701928235474e-05, 3.8182700336619746e-05, 3.8182700336619746e-05, 3.8182700336619746e-05, 3.8182700336619746e-05, 3.8182700336619746e-05, 3.8182700336619746e-05, 3.8182699427125044e-05, 3.8182699427125044e-05, 3.8182699427125044e-05, 3.8182699427125044e-05, 3.8182699427125044e-05, 3.8182699427125044e-05, 3.818269897237769e-05, 3.818269897237769e-05]","{""cognitive_weight"": 1.5, ""inertia_weight"": 0.7, ""max_iterations"": 140, ""social_weight"": 1.5, ""swarm_size"": 50}"
schwefel,Schwefel,20,1552,pso,PSO,3,"[-500.0, 500.0]","[420.968746, 420.968746, 420.968746]","[421.0172826526645, 420.95103613221943, 421.0017510091458]",0.0005124796002746734,0.061308863122649375,140,7050,"[674.143015364582, 604.7794258717563, 488.20300586827057, 377.53648252773996, 377.53648252773996, 374.06514520348856, 374.06514520348856, 374.06514520348856, 363.96596821813296, 246.163609504511, 246.163609504511, 246.163609504511, 246.163609504511, 246.163609504511, 246.163609504511, 246.163609504511, 246.163609504511, 246.163609504511, 198.03388302829535, 198.03388302829535, 198.03388302829535, 198.03388302829535, 198.03388302829535, 170.61309172635174, 149.33417479551872, 144.78911779675855, 144.78911779675855, 131.79648688085035, 131.79648688085035, 131.79648688085035, 131.79648688085035, 121.90227496644047, 121.90227496644047, 121.90227496644047, 121.90227496644047, 120.27173751940427, 120.27173751940427, 119.89912451174746, 119.89912451174746, 119.70113478070107, 119.70113478070107, 119.66287485391922, 119.66287485391922, 118.81910948567656, 118.81910948567656, 118.81910948567656, 118.81910948567656, 118.70974717521949, 118.68325248872043, 118.6005774426576, 118.53964032600175, 118.50298798921494, 118.479170566937, 118.479170566937, 118.479170566937, 118.479170566937, 118.479170566937, 118.44497740795782, 118.44497740795782, 118.44497740795782, 118.44285436349287, 118.44285436349287, 118.43999469530922, 118.43999469530922, 118.43999469530922, 118.43999469530922, 118.43999469530922, 118.43999469530922, 118.43999469530922, 118.43933198409536, 118.43885266248799, 118.43885266248799, 118.43848530669561, 118.43848530669561, 118.43848530669561, 118.43848530669561, 118.43848530669561, 118.43847065146383, 118.43847065146383, 118.43847065146383, 118.43841247945215, 118.43841247945215, 118.43839230073263, 118.43838102604354, 118.43838102604354, 118.43838102604354, 118.43838102604354, 118.43838102604354, 118.43838102604354, 118.43837508411184, 118.43837401715882, 118.43837295893945, 118.43837295893945, 118.43837295893945, 118.43837295893945, 118.43837295893945, 64.35572689750143, 23.348188678970928, 23.348188678970928, 11.930899994390984, 6.6421741169256165, 0.42152311414884025, 0.42152311414884025, 0.39346241772500434, 0.39346241772500434, 0.39346241772500434, 0.17594627940957253, 0.17594627940957253, 0.17594627940957253, 0.011732217598591888, 0.011732217598591888, 0.011674428271362558, 0.011674428271362558, 0.011674428271362558, 0.011674428271362558, 0.003930666601718258, 0.003930666601718258, 0.003930666601718258, 0.003930666601718258, 0.003930666601718258, 0.003930666601718258, 0.003930666601718258, 0.003930666601718258, 0.003930666601718258, 0.003930666601718258, 0.003930666601718258, 0.003930666601718258, 0.001152706245193258, 0.001152706245193258, 0.001152706245193258, 0.001152706245193258, 0.001152706245193258, 0.001152706245193258, 0.0010917107308614504, 0.000992396397577977, 0.000992396397577977, 0.000992396397577977, 0.000992396397577977, 0.0007991800766831147, 0.0005124796002746734, 0.0005124796002746734]","{""cognitive_weight"": 1.5, ""inertia_weight"": 0.7, ""max_iterations"": 140, ""social_weight"": 1.5, ""swarm_size"": 50}"
schwefel,Schwefel,21,1553,pso,PSO,3,"[-500.0, 500.0]","[420.968746, 420.968746, 420.968746]","[420.9687444543306, 420.96874153792214, 420.96874681695357]",3.818270215560915e-05,4.792352864137014e-06,140,7050,"[476.916316651844, 476.916316651844, 476.916316651844, 476.916316651844, 249.18396623620288, 249.18396623620288, 249.18396623620288, 249.18396623620288, 94.93302029222195, 94.93302029222195, 55.837241358640995, 55.837241358640995, 21.197191017542764, 21.197191017542764, 14.029188060100068, 2.4287542252300227, 2.4287542252300227, 1.1961464498319856, 1.1961464498319856, 1.1961464498319856, 1.1961464498319856, 0.5589042378740032, 0.5589042378740032, 0.3299484684384879, 0.3299484684384879, 0.3299484684384879, 0.3299484684384879, 0.3299484684384879, 0.07280692661674948, 0.07280692661674948, 0.07280692661674948, 0.07280692661674948, 0.02550523506602076, 0.018388954216106868, 0.018388954216106868, 0.018388954216106868, 0.009798983726795996, 0.009798983726795996, 0.009798983726795996, 0.009798983726795996, 0.00810198641261195, 0.006360036550177028, 0.0038066594129304576, 0.00138931496371697, 0.0007825585876162222, 0.0007825585876162222, 0.0007825585876162222, 0.0007825585876162222, 0.0005748992293774791, 0.0005748992293774791, 0.0005748992293774791, 0.0005748992293774791, 0.0005748992293774791, 0.0005748992293774791, 0.0005748992293774791, 0.0003121049662695441, 0.0003121049662695441, 0.00027856639076162537, 0.00027856639076162537, 0.00026503564413360436, 0.00015672186941628752, 0.0001263270394247229, 0.0001263270394247229, 0.0001263270394247229, 0.0001263270394247229, 0.00011771429717555293, 9.077771005649993e-05, 8.468332271149848e-05, 5.393438573264575e-05, 4.43920116595109e-05, 4.43920116595109e-05, 3.9791347035134095e-05, 3.9106733765947865e-05, 3.8699902233929606e-05, 3.8699902233929606e-05, 3.8699902233929606e-05, 3.8699902233929606e-05, 3.8699902233929606e-05, 3.8699902233929606e-05, 3.8699902233929606e-05, 3.8699902233929606e-05, 3.8699902233929606e-05, 3.8699902233929606e-05, 3.839047553810815e-05, 3.839047553810815e-05, 3.839047553810815e-05, 3.82920211450255e-05, 3.82920211450255e-05, 3.82920211450255e-05, 3.826195165856916e-05, 3.826195165856916e-05, 3.826195165856916e-05, 3.823433121397102e-05, 3.823433121397102e-05, 3.822260850938619e-05, 3.822260850938619e-05, 3.822260850938619e-05, 3.820596270998067e-05, 3.820596270998067e-05, 3.818950858658354e-05, 3.818950858658354e-05, 3.818595200755226e-05, 3.818595200755226e-05, 3.818595200755226e-05, 3.818595200755226e-05, 3.818595200755226e-05, 3.818595200755226e-05, 3.818595200755226e-05, 3.818365303231985e-05, 3.818365303231985e-05, 3.818365303231985e-05, 3.818365303231985e-05, 3.818365303231985e-05, 3.818365303231985e-05, 3.818365303231985e-05, 3.8183577544259606e-05, 3.81834192921815e-05, 3.81834192921815e-05, 3.81834192921815e-05, 3.81834192921815e-05, 3.81834192921815e-05, 3.81833451683633e-05, 3.818278833023214e-05, 3.818278833023214e-05, 3.818278833023214e-05, 3.818278833023214e-05, 3.818278833023214e-05, 3.818272011812951e-05, 3.818272011812951e-05, 3.818272011812951e-05, 3.818272011812951e-05, 3.818272011812951e-05, 3.818270670308266e-05, 3.818270670308266e-05, 3.818270215560915e-05, 3.818270215560915e-05, 3.818270215560915e-05, 3.818270215560915e-05, 3.818270215560915e-05, 3.818270215560915e-05, 3.818270215560915e-05]","{""cognitive_weight"": 1.5, ""inertia_weight"": 0.7, ""max_iterations"": 140, ""social_weight"": 1.5, ""swarm_size"": 50}"
schwefel,Schwefel,22,1554,pso,PSO,3,"[-500.0, 500.0]","[420.968746, 420.968746, 420.968746]","[420.96872066362926, -302.52496200087836, 420.968825216113]",118.43837279809304,723.4937080008831,140,7050,"[537.2339798221133, 434.7011165071083, 434.7011165071083, 434.7011165071083, 434.7011165071083, 434.7011165071083, 380.5005938446375, 370.9581225449731, 367.8609255623155, 367.8609255623155, 359.9108624779186, 359.9108624779186, 359.9108624779186, 358.3086790995501, 357.2407052973922, 357.1528060701613, 357.1528060701613, 356.8498833319404, 356.8498833319404, 356.8498833319404, 356.8498833319404, 356.8498833319404, 356.83523582299676, 356.83523582299676, 356.83523582299676, 356.8347340419473, 356.8347340419473, 356.8347340419473, 356.8344622861381, 288.88045163043876, 240.18222867760028, 240.18222867760028, 240.18222867760028, 240.18222867760028, 240.18222867760028, 239.05606606682863, 239.05606606682863, 239.05606606682863, 138.68726683306022, 138.68726683306022, 138.68726683306022, 138.68726683306022, 138.68726683306022, 121.13300488522941, 121.13300488522941, 120.99655238209675, 120.99655238209675, 120.99655238209675, 120.99655238209675, 120.99655238209675, 120.99655238209675, 119.64046798902359, 119.64046798902359, 119.4535635772495, 119.4535635772495, 119.4535635772495, 119.4535635772495, 119.4535635772495, 119.4535635772495, 119.40695104007386, 118.52220131683453, 118.52220131683453, 118.52220131683453, 118.52220131683453, 118.52220131683453, 118.52220131683453, 118.4847811431764, 118.4847811431764, 118.4847811431764, 118.48111822515125, 118.48111822515125, 118.48111822515125, 118.48111822515125, 118.46245209597373, 118.46245209597373, 118.449947597132, 118.449947597132, 118.449947597132, 118.449947597132, 118.4488110100383, 118.4488110100383, 118.44476872040059, 118.4426228253451, 118.44193201815028, 118.44193201815028, 118.44193201815028, 118.44193201815028, 118.44022456391804, 118.43955326353853, 118.43955326353853, 118.43870044144433, 118.43870044144433, 118.43870044144433, 118.43870044144433, 118.43870044144433, 118.43865222368822, 118.4384068770621, 118.4384068770621, 118.4384068770621, 118.4384068770621, 118.4384068770621, 118.4384068770621, 118.4384068770621, 118.4384068770621, 118.43840059013246, 118.43840059013246, 118.43837529411098, 118.43837529411098, 118.43837529411098, 118.43837529411098, 118.43837529411098, 118.43837529411098, 118.43837529411098, 118.43837529411098, 118.43837350258377, 118.43837350258377, 118.43837350258377, 118.43837350258377, 118.43837347965268, 118.43837347804015, 118.43837347804015, 118.43837332715566, 118.43837332715566, 118.43837308891716, 118.43837285390441, 118.43837285390441, 118.43837285103223, 118.43837285103223, 118.43837282887716, 118.43837280470757, 118.43837280470757, 118.43837280470757, 118.43837280470757, 118.43837280470757, 118.4383728012026, 118.43837280014395, 118.43837280014395, 118.43837279910531, 118.43837279910531, 118.43837279828836, 118.43837279809304]","{""cognitive_weight"": 1.5, ""inertia_weight"": 0.7, ""max_iterations"": 140, ""social_weight"": 1.5, ""swarm_size"": 50}"
schwefel,Schwefel,23,1555,pso,PSO,3,"[-500.0, 500.0]","[420.968746, 420.968746, 420.968746]","[420.96874754090123, 420.96874551880614, 420.9687474400237]",3.818269897237769e-05,2.163236556520452e-06,140,7050,"[532.3477889570162, 532.3477889570162, 532.3477889570162, 532.3477889570162, 532.3477889570162, 380.3164349740407, 78.84497473418924, 78.84497473418924, 78.84497473418924, 78.84497473418924, 17.938921898532044, 17.938921898532044, 17.938921898532044, 17.3283998594261, 9.667923530922508, 9.667923530922508, 1.837699717498026, 1.2959845176474118, 1.2959845176474118, 1.2959845176474118, 1.2959845176474118, 1.2959845176474118, 1.2959845176474118, 1.2959845176474118, 1.2959845176474118, 1.2959845176474118, 1.2959845176474118, 0.4776075815511831, 0.4776075815511831, 0.4776075815511831, 0.1598781908935507, 0.1598781908935507, 0.1598781908935507, 0.1598781908935507, 0.1598781908935507, 0.1598781908935507, 0.08271487788260856, 0.08271487788260856, 0.006788235246631302, 0.0027087489631867356, 0.0027087489631867356, 0.0027087489631867356, 0.0027087489631867356, 0.0027087489631867356, 0.0013361948183501227, 0.0013361948183501227, 0.0013361948183501227, 0.0013361948183501227, 0.0013361948183501227, 0.0013361948183501227, 0.0013361948183501227, 0.0006776574000468827, 0.0006776574000468827, 0.0004278592780337931, 0.0004278592780337931, 0.00017738951555656968, 0.00017738951555656968, 0.00017738951555656968, 0.00017738951555656968, 0.0001387604045248736, 4.525186568571371e-05, 4.525186568571371e-05, 4.525186568571371e-05, 4.525186568571371e-05, 4.087407137376431e-05, 4.087407137376431e-05, 4.087407137376431e-05, 4.087407137376431e-05, 4.087407137376431e-05, 4.087407137376431e-05, 4.087407137376431e-05, 4.087407137376431e-05, 3.956871569243958e-05, 3.956871569243958e-05, 3.9464919154852396e-05, 3.94476082874462e-05, 3.94476082874462e-05, 3.94476082874462e-05, 3.94476082874462e-05, 3.898188128914626e-05, 3.8916801941013546e-05, 3.8916801941013546e-05, 3.858891886920901e-05, 3.858891886920901e-05, 3.83801891530311e-05, 3.837156759800564e-05, 3.837156759800564e-05, 3.833727328128589e-05, 3.833727328128589e-05, 3.833727328128589e-05, 3.830393075077154e-05, 3.830393075077154e-05, 3.830393075077154e-05, 3.827180398729979e-05, 3.827180398729979e-05, 3.827180398729979e-05, 3.826681472673954e-05, 3.826681472673954e-05, 3.826681472673954e-05, 3.826584270427702e-05, 3.826584270427702e-05, 3.826584270427702e-05, 3.824777604677365e-05, 3.820514439212275e-05, 3.820514439212275e-05, 3.819720541287097e-05, 3.819720541287097e-05, 3.819294283857744e-05, 3.818548157141777e-05, 3.818548157141777e-05, 3.818290474555397e-05, 3.818290474555397e-05, 3.818290474555397e-05, 3.818290474555397e-05, 3.818290474555397e-05, 3.818290474555397e-05, 3.818290474555397e-05, 3.818278401013231e-05, 3.818278401013231e-05, 3.818277650680102e-05, 3.818277650680102e-05, 3.818277650680102e-05, 3.818277650680102e-05, 3.818275104094937e-05, 3.818275104094937e-05, 3.818275104094937e-05, 3.818273808064987e-05, 3.818270897681941e-05, 3.818270897681941e-05, 3.818270897681941e-05, 3.818270806732471e-05, 3.818270806732471e-05, 3.818270806732471e-05, 3.818270806732471e-05, 3.818270806732471e-05, 3.818270124611445e-05, 3.818269965449872e-05, 3.818269897237769e-05, 3.818269897237769e-05, 3.818269897237769e-05, 3.818269897237769e-05]","{""cognitive_weight"": 1.5, ""inertia_weight"": 0.7, ""max_iterations"": 140, ""social_weight"": 1.5, ""swarm_size"": 50}"
schwefel,Schwefel,24,1556,pso,PSO,3,"[-500.0, 500.0]","[420.968746, 420.968746, 420.968746]","[-302.5249398319739, 420.968749572481, 420.9687465338198]",118.43837279714035,723.4936858319738,140,7050,"[389.8819143602584, 389.8819143602584, 365.0026016101226, 365.0026016101226, 365.0026016101226, 365.0026016101226, 365.0026016101226, 341.0678968130778, 341.0678968130778, 319.1460069670409, 270.5878148565446, 241.82834595593192, 159.3338740839581, 159.3338740839581, 159.3338740839581, 144.74129205715576, 144.74129205715576, 128.70657284536173, 119.2416913276993, 119.2416913276993, 118.70325551975657, 118.70325551975657, 118.70325551975657, 118.70325551975657, 118.51227874938218, 118.51227874938218, 118.51227874938218, 118.51227874938218, 118.51227874938218, 118.51227874938218, 118.51227874938218, 118.51227874938218, 118.44145571650279, 118.44145571650279, 118.44145571650279, 118.44145571650279, 118.44145571650279, 118.44145571650279, 118.44145571650279, 118.44145571650279, 118.44145571650279, 118.44105148414519, 118.44105148414519, 118.440511251109, 118.440511251109, 118.43994264118601, 118.43959675335236, 118.43959675335236, 118.43959675335236, 118.43888939740918, 118.43888939740918, 118.43888939740918, 118.43888825748695, 118.43888825748695, 118.43888825748695, 118.43845203993351, 118.43844710483063, 118.43844710483063, 118.4384319411497, 118.43841858273095, 118.438411173026, 118.43840693741822, 118.43838609437057, 118.43838609437057, 118.43838515490825, 118.43838515490825, 118.43838089196242, 118.43838089196242, 118.43838089196242, 118.43837873957591, 118.43837701240818, 118.43837701240818, 118.43837447398005, 118.43837330903443, 118.43837320662442, 118.43837304759018, 118.43837291858449, 118.43837291858449, 118.43837291858449, 118.43837291858449, 118.43837291858449, 118.43837284491656, 118.43837284491656, 118.43837281967535, 118.43837281967535, 118.43837281967535, 118.43837281967535, 118.43837281967535, 118.43837280535718, 118.43837280535718, 118.43837280535718, 118.43837280184471, 118.43837280184471, 118.4383727993013, 118.4383727993013, 118.4383727993013, 118.4383727993013, 118.43837279763716, 118.43837279763716, 118.43837279763716, 118.43837279763716, 118.43837279763716, 118.43837279763716, 118.43837279763716, 118.43837279763716, 118.43837279763716, 118.4383727973659, 118.4383727973659, 118.4383727973659, 118.4383727973659, 118.4383727973659, 118.43837279727177, 118.43837279727177, 118.43837279727177, 118.43837279726381, 118.43837279726336, 118.43837279726336, 118.43837279726336, 118.43837279725312, 118.43837279724312, 118.43837279720901, 118.43837279720901, 118.43837279720901, 118.43837279719878, 118.43837279719605, 118.43837279719605, 118.43837279717991, 118.43837279715672, 118.4383727971533, 118.4383727971533, 118.4383727971533, 118.4383727971508, 118.43837279714899, 118.4383727971449, 118.4383727971449, 118.43837279714444, 118.43837279714444, 118.43837279714444, 118.43837279714444, 118.43837279714035, 118.43837279714035]","{""cognitive_weight"": 1.5, ""inertia_weight"": 0.7, ""max_iterations"": 140, ""social_weight"": 1.5, ""swarm_size"": 50}"
schwefel,Schwefel,25,1557,pso,PSO,3,"[-500.0, 500.0]","[420.968746, 420.968746, 420.968746]","[420.96874502066663, 420.9687463176322, 420.96874545593977]",3.818269897237769e-05,1.1644679632008448e-06,140,7050,"[42.20279448276369, 42.20279448276369, 42.20279448276369, 42.20279448276369, 42.20279448276369, 42.20279448276369, 42.20279448276369, 42.20279448276369, 42.20279448276369, 42.20279448276369, 42.20279448276369, 16.604275003588555, 13.210519309144274, 11.932483772204023, 11.932483772204023, 10.088443331142798, 4.076659988725396, 2.251385198434491, 2.251385198434491, 0.705652003672185, 0.3172701154035167, 0.3172701154035167, 0.3172701154035167, 0.3172701154035167, 0.1247837351279486, 0.1247837351279486, 0.1247837351279486, 0.1247837351279486, 0.10834688887825905, 0.10834688887825905, 0.09437000869570511, 0.09437000869570511, 0.09437000869570511, 0.031129275223975128, 0.031129275223975128, 0.016331470816112414, 0.016331470816112414, 0.016331470816112414, 0.016331470816112414, 0.016331470816112414, 0.016331470816112414, 0.006203729006756475, 0.006203729006756475, 0.001629984470355339, 0.001629984470355339, 0.001629984470355339, 0.00040498314729120466, 0.00040498314729120466, 0.00040498314729120466, 0.00040498314729120466, 0.00040498314729120466, 0.00020417436371644726, 0.00020417436371644726, 0.00020417436371644726, 0.00020417436371644726, 0.00020417436371644726, 0.00020417436371644726, 0.00020417436371644726, 0.00020417436371644726, 0.00014711265112055116, 0.000138517701998353, 9.45318456615496e-05, 9.45318456615496e-05, 4.661401999328518e-05, 4.661401999328518e-05, 4.231809998600511e-05, 4.231809998600511e-05, 4.19902564772201e-05, 4.123030339542311e-05, 4.075442984685651e-05, 4.075442984685651e-05, 4.075442984685651e-05, 4.075442984685651e-05, 4.075442984685651e-05, 3.897421879628382e-05, 3.897421879628382e-05, 3.886347326442774e-05, 3.886347326442774e-05, 3.860404331135214e-05, 3.860404331135214e-05, 3.860404331135214e-05, 3.860404331135214e-05, 3.860404331135214e-05, 3.860404331135214e-05, 3.837567214759474e-05, 3.837567214759474e-05, 3.8341426034094184e-05, 3.830012155958684e-05, 3.8211032006074674e-05, 3.8211032006074674e-05, 3.8211032006074674e-05, 3.8211032006074674e-05, 3.819625430878659e-05, 3.8192410556803225e-05, 3.8192410556803225e-05, 3.8192410556803225e-05, 3.8192410556803225e-05, 3.81904737878358e-05, 3.81904737878358e-05, 3.81904737878358e-05, 3.818778623099206e-05, 3.818778623099206e-05, 3.818778623099206e-05, 3.818367304120329e-05, 3.818367304120329e-05, 3.818367304120329e-05, 3.818347659034771e-05, 3.818347659034771e-05, 3.8183387914614286e-05, 3.8183387914614286e-05, 3.818304935521155e-05, 3.818304935521155e-05, 3.818300001512398e-05, 3.8182909520401154e-05, 3.8182909520401154e-05, 3.8182909520401154e-05, 3.8182787648111116e-05, 3.8182787648111116e-05, 3.818277309619589e-05, 3.818277309619589e-05, 3.818276354650152e-05, 3.818275763478596e-05, 3.818270420197223e-05, 3.818270420197223e-05, 3.818270420197223e-05, 3.818270420197223e-05, 3.818270010924607e-05, 3.818270010924607e-05, 3.818269965449872e-05, 3.818269965449872e-05, 3.818269965449872e-05, 3.818269965449872e-05, 3.818269965449872e-05, 3.818269897237769e-05, 3.818269897237769e-05, 3.818269897237769e-05, 3.818269897237769e-05, 3.818269897237769e-05, 3.818269897237769e-05, 3.818269897237769e-05, 3.818269897237769e-05]","{""cognitive_weight"": 1.5, ""inertia_weight"": 0.7, ""max_iterations"": 140, ""social_weight"": 1.5, ""swarm_size"": 50}"
schwefel,Schwefel,26,1558,pso,PSO,3,"[-500.0, 500.0]","[420.968746, 420.968746, 420.968746]","[420.96874687611876, 420.9687460529146, 420.9687455802739]",3.818269897237769e-05,9.72910081986862e-07,140,7050,"[564.1377287970201, 564.1377287970201, 564.1377287970201, 300.48273409516366, 300.48273409516366, 300.48273409516366, 260.82567974590097, 230.22203093230587, 230.22203093230587, 230.22203093230587, 223.62685279987295, 223.62685279987295, 220.2464634800449, 220.2464634800449, 220.2464634800449, 219.2982715399828, 137.12123977204487, 126.13126902709564, 71.04009397113805, 71.04009397113805, 37.74925152767673, 9.099069947083535, 9.099069947083535, 9.099069947083535, 9.099069947083535, 1.3589558660005423, 1.3589558660005423, 1.3589558660005423, 1.3589558660005423, 1.3589558660005423, 1.3589558660005423, 1.234857546420244, 1.234857546420244, 1.234857546420244, 0.6263058903900856, 0.22216111709985853, 0.22216111709985853, 0.22216111709985853, 0.22216111709985853, 0.15021766018116978, 0.15021766018116978, 0.07578310590611181, 0.07578310590611181, 0.06623729583043314, 0.03733177609115046, 0.016568213938626286, 0.0019965411211160244, 0.0019965411211160244, 0.0019965411211160244, 0.0019965411211160244, 0.0019965411211160244, 0.0019965411211160244, 0.0019965411211160244, 0.0019965411211160244, 0.0008116019398585195, 0.0002975852758027031, 0.0002975852758027031, 0.00029478236865543295, 0.00029478236865543295, 0.00029478236865543295, 0.00029478236865543295, 0.00029478236865543295, 0.00029478236865543295, 0.00029478236865543295, 0.00029478236865543295, 0.00017757448222255334, 0.00016193646729334432, 9.782624397303152e-05, 7.56173760692036e-05, 7.56173760692036e-05, 7.56173760692036e-05, 5.627183122669521e-05, 5.627183122669521e-05, 5.627183122669521e-05, 5.127307122165803e-05, 5.127307122165803e-05, 4.595296536535898e-05, 4.595296536535898e-05, 4.595296536535898e-05, 4.595296536535898e-05, 4.26698895807931e-05, 4.26698895807931e-05, 4.26698895807931e-05, 4.019167818114511e-05, 4.019167818114511e-05, 4.018651065962331e-05, 4.018651065962331e-05, 3.964602638006909e-05, 3.964602638006909e-05, 3.964602638006909e-05, 3.917625235771993e-05, 3.917625235771993e-05, 3.845210585495806e-05, 3.845210585495806e-05, 3.845210585495806e-05, 3.845210585495806e-05, 3.845210585495806e-05, 3.826072270385339e-05, 3.826072270385339e-05, 3.818790514742432e-05, 3.818790514742432e-05, 3.818790514742432e-05, 3.818790514742432e-05, 3.818790514742432e-05, 3.818790514742432e-05, 3.818790514742432e-05, 3.8184675759112e-05, 3.8184675759112e-05, 3.818386630882742e-05, 3.818386630882742e-05, 3.8183673950697994e-05, 3.818360664809006e-05, 3.818360664809006e-05, 3.818360664809006e-05, 3.8183540709724184e-05, 3.818273671640782e-05, 3.818273671640782e-05, 3.818273671640782e-05, 3.818273671640782e-05, 3.818273671640782e-05, 3.818273671640782e-05, 3.818273671640782e-05, 3.818273671640782e-05, 3.818273671640782e-05, 3.818273671640782e-05, 3.818273671640782e-05, 3.818273671640782e-05, 3.8182709886314115e-05, 3.8182709886314115e-05, 3.818270602096163e-05, 3.818270602096163e-05, 3.818270602096163e-05, 3.818270602096163e-05, 3.818270306510385e-05, 3.8182700336619746e-05, 3.818269965449872e-05, 3.818269965449872e-05, 3.818269965449872e-05, 3.818269965449872e-05, 3.818269919975137e-05, 3.818269897237769e-05]","{""cognitive_weight"": 1.5, ""inertia_weight"": 0.7, ""max_iterations"": 140, ""social_weight"": 1.5, ""swarm_size"": 50}"
schwefel,Schwefel,27,1559,pso,PSO,3,"[-500.0, 500.0]","[420.968746, 420.968746, 420.968746]","[420.96874842576176, 420.968745450404, 420.9687459013059]",3.8182699427125044e-05,2.489199941774578e-06,140,7050,"[331.09890783571393, 331.09890783571393, 331.09890783571393, 293.97711290659686, 208.77027640363485, 208.77027640363485, 154.74869023069004, 122.0892880576364, 30.138023042196664, 30.138023042196664, 30.138023042196664, 14.279024977744257, 14.279024977744257, 11.774242311077387, 6.7585350842684875, 6.7585350842684875, 6.7585350842684875, 3.6360236056323174, 0.41068533680686414, 0.41068533680686414, 0.41068533680686414, 0.41068533680686414, 0.41068533680686414, 0.41068533680686414, 0.41068533680686414, 0.41068533680686414, 0.41068533680686414, 0.40201327229146955, 0.40201327229146955, 0.1318371914276213, 0.1318371914276213, 0.1318371914276213, 0.1147368381657543, 0.1147368381657543, 0.010408126795255157, 0.010408126795255157, 0.010408126795255157, 0.010408126795255157, 0.010408126795255157, 0.0060067986723879585, 0.0060067986723879585, 0.003512858105750638, 0.003512858105750638, 0.003512858105750638, 0.003512858105750638, 0.003512858105750638, 0.003512858105750638, 0.002765747988860312, 0.002765747988860312, 0.002765747988860312, 0.000437510401752661, 0.000437510401752661, 0.000437510401752661, 0.000437510401752661, 0.000437510401752661, 0.000437510401752661, 0.000437510401752661, 0.000437510401752661, 0.000437510401752661, 0.0003414376158161758, 0.0003414376158161758, 0.0003414376158161758, 0.0003414376158161758, 0.0002906608556259016, 0.00017207098153448896, 0.0001631978213936236, 0.00011952174850193842, 0.00011952174850193842, 8.458441971015418e-05, 5.601436305369134e-05, 4.419014862833137e-05, 3.9918845459396834e-05, 3.889169420290273e-05, 3.889169420290273e-05, 3.862221342387784e-05, 3.862221342387784e-05, 3.858183595184528e-05, 3.858183595184528e-05, 3.858183595184528e-05, 3.858183595184528e-05, 3.855873910652008e-05, 3.8544356129932567e-05, 3.8544356129932567e-05, 3.840963017864851e-05, 3.822403118647344e-05, 3.822403118647344e-05, 3.822403118647344e-05, 3.822403118647344e-05, 3.82119048936147e-05, 3.82119048936147e-05, 3.82119048936147e-05, 3.82119048936147e-05, 3.82119048936147e-05, 3.8211483115446754e-05, 3.820792198894196e-05, 3.820792198894196e-05, 3.819871540144959e-05, 3.819472408395086e-05, 3.819472408395086e-05, 3.8194606077013304e-05, 3.8194606077013304e-05, 3.819407493210747e-05, 3.819407493210747e-05, 3.818367349595064e-05, 3.818367349595064e-05, 3.818319873971632e-05, 3.818319873971632e-05, 3.818319873971632e-05, 3.818319873971632e-05, 3.8182992284419015e-05, 3.8182992284419015e-05, 3.8182992284419015e-05, 3.8182992284419015e-05, 3.818286313617136e-05, 3.818286313617136e-05, 3.81828563149611e-05, 3.81828563149611e-05, 3.81828563149611e-05, 3.81828563149611e-05, 3.818280401901575e-05, 3.818280401901575e-05, 3.818280401901575e-05, 3.818276786660135e-05, 3.818276786660135e-05, 3.818276786660135e-05, 3.818276786660135e-05, 3.818276786660135e-05, 3.818276786660135e-05, 3.818274444711278e-05, 3.818274444711278e-05, 3.8182719890755834e-05, 3.8182709431566764e-05, 3.818270397459855e-05, 3.8182699881872395e-05, 3.8182699881872395e-05, 3.8182699881872395e-05, 3.8182699881872395e-05, 3.8182699881872395e-05, 3.8182699427125044e-05, 3.8182699427125044e-05, 3.8182699427125044e-05]","{""cognitive_weight"": 1.5, ""inertia_weight"": 0.7, ""max_iterations"": 140, ""social_weight"": 1.5, ""swarm_size"": 50}"
schwefel,Schwefel,28,1560,pso,PSO,3,"[-500.0, 500.0]","[420.968746, 420.968746, 420.968746]","[420.9687476900548, 420.9687451224887, 420.9687464015169]",3.818269897237769e-05,1.9461569913911607e-06,140,7050,"[104.77470071358721, 104.77470071358721, 104.77470071358721, 104.77470071358721, 104.77470071358721, 104.77470071358721, 104.77470071358721, 104.77470071358721, 31.995830712630095, 31.995830712630095, 31.995830712630095, 30.20759788878013, 29.878044259120543, 15.291269071749866, 11.951731483239428, 4.1932286083911094, 4.1932286083911094, 4.1932286083911094, 4.1932286083911094, 1.2496016395148217, 1.072005245956916, 1.072005245956916, 1.072005245956916, 0.5565340851198926, 0.5565340851198926, 0.5565340851198926, 0.33029374422903857, 0.33029374422903857, 0.33029374422903857, 0.12839816751534272, 0.12839816751534272, 0.050048320564656024, 0.050048320564656024, 0.02436935752825775, 0.018310773072698794, 0.018310773072698794, 0.018310773072698794, 0.002787301754779037, 0.002787301754779037, 0.00087856596542224, 0.00087856596542224, 0.00087856596542224, 0.00087856596542224, 0.0007390322875835409, 0.0007390322875835409, 0.0007390322875835409, 0.0005214062719005597, 0.0002191440571550629, 0.00012674932372647163, 0.0001204765169404709, 0.0001204765169404709, 0.00010012368238676572, 8.843361774779623e-05, 8.843361774779623e-05, 8.775720471021486e-05, 8.641427484690212e-05, 8.552141935069812e-05, 8.491954622513731e-05, 8.450956670458254e-05, 4.787452394339198e-05, 4.505327797232894e-05, 4.505327797232894e-05, 4.305029824536177e-05, 4.305029824536177e-05, 4.305029824536177e-05, 4.305029824536177e-05, 4.305029824536177e-05, 4.283194903109688e-05, 4.283194903109688e-05, 4.283194903109688e-05, 4.283194903109688e-05, 4.283194903109688e-05, 4.283194903109688e-05, 4.143082082919136e-05, 4.0832738477547537e-05, 4.0832738477547537e-05, 4.0832738477547537e-05, 3.860611423078808e-05, 3.827080740848032e-05, 3.827080740848032e-05, 3.827080740848032e-05, 3.827080740848032e-05, 3.827080740848032e-05, 3.827080740848032e-05, 3.823271504188597e-05, 3.823271504188597e-05, 3.823271504188597e-05, 3.823127735813614e-05, 3.823127735813614e-05, 3.823127735813614e-05, 3.820092251771712e-05, 3.820092251771712e-05, 3.820092251771712e-05, 3.820092251771712e-05, 3.820092251771712e-05, 3.820092251771712e-05, 3.820092251771712e-05, 3.820092251771712e-05, 3.8198904803721234e-05, 3.818414575107454e-05, 3.818297568614071e-05, 3.818297568614071e-05, 3.818297568614071e-05, 3.818297568614071e-05, 3.818297568614071e-05, 3.818297568614071e-05, 3.818297568614071e-05, 3.818297568614071e-05, 3.818297568614071e-05, 3.818297568614071e-05, 3.818297568614071e-05, 3.81828674562712e-05, 3.81828674562712e-05, 3.81828674562712e-05, 3.81828674562712e-05, 3.81828674562712e-05, 3.81828674562712e-05, 3.81828674562712e-05, 3.8182784692253335e-05, 3.818273057731858e-05, 3.818273057731858e-05, 3.818273057731858e-05, 3.8182701928235474e-05, 3.8182701928235474e-05, 3.8182701928235474e-05, 3.8182701928235474e-05, 3.8182701928235474e-05, 3.8182700336619746e-05, 3.8182700336619746e-05, 3.8182700336619746e-05, 3.8182700336619746e-05, 3.8182700336619746e-05, 3.8182700336619746e-05, 3.8182699427125044e-05, 3.8182699427125044e-05, 3.8182699427125044e-05, 3.8182699427125044e-05, 3.8182699427125044e-05, 3.8182699427125044e-05, 3.818269897237769e-05, 3.818269897237769e-05]","{""cognitive_weight"": 1.5, ""inertia_weight"": 0.7, ""max_iterations"": 140, ""social_weight"": 1.5, ""swarm_size"": 50}"
schwefel,Schwefel,29,1561,pso,PSO,3,"[-500.0, 500.0]","[420.968746, 420.968746, 420.968746]","[420.9687469740266, 420.9687427980228, 420.96874610331116]",3.8182700336619746e-05,3.3484412977279827e-06,140,7050,"[407.216240793668, 407.216240793668, 407.216240793668, 285.2859222310443, 285.2859222310443, 285.2859222310443, 41.69088603108753, 41.69088603108753, 41.69088603108753, 41.69088603108753, 40.938279777077696, 14.615540898483914, 12.13143754832231, 9.94689351525949, 5.049424281991151, 0.11318184772380846, 0.11318184772380846, 0.11318184772380846, 0.11318184772380846, 0.11318184772380846, 0.11318184772380846, 0.11318184772380846, 0.11318184772380846, 0.08645767150187567, 0.08645767150187567, 0.08645767150187567, 0.06248886001571918, 0.06248886001571918, 0.06248886001571918, 0.029216055648475958, 0.029216055648475958, 0.02177420662746954, 0.02177420662746954, 0.010484088052862717, 0.010484088052862717, 0.010484088052862717, 0.010484088052862717, 0.005717191255598664, 0.005717191255598664, 0.005717191255598664, 0.004339115173479513, 0.004339115173479513, 0.004339115173479513, 0.0043329077959697315, 0.003327624624262171, 0.002088163041662483, 0.0002809395721214969, 0.0002809395721214969, 0.0002809395721214969, 0.00026617939261086576, 0.00026617939261086576, 0.0001935533891810337, 0.0001935533891810337, 0.00017085714830500365, 0.00017085714830500365, 0.00012253792488081672, 9.158662669506157e-05, 9.158662669506157e-05, 9.158662669506157e-05, 9.158662669506157e-05, 9.158662669506157e-05, 9.102222156798234e-05, 9.102222156798234e-05, 5.305944796418771e-05, 5.305944796418771e-05, 5.066759558758349e-05, 5.066759558758349e-05, 4.16105544900347e-05, 4.16105544900347e-05, 4.16105544900347e-05, 4.16105544900347e-05, 3.995148858848552e-05, 3.995148858848552e-05, 3.9875310903880745e-05, 3.9875310903880745e-05, 3.886660033458611e-05, 3.8709279124304885e-05, 3.863944903059746e-05, 3.863944903059746e-05, 3.833418600152072e-05, 3.833418600152072e-05, 3.8254714127106126e-05, 3.8254714127106126e-05, 3.8254714127106126e-05, 3.822996268354473e-05, 3.822996268354473e-05, 3.822996268354473e-05, 3.822996268354473e-05, 3.819877611022093e-05, 3.819877611022093e-05, 3.819877611022093e-05, 3.819877611022093e-05, 3.819877611022093e-05, 3.81909599127539e-05, 3.818729919657926e-05, 3.818729919657926e-05, 3.81868062504509e-05, 3.81868062504509e-05, 3.81868062504509e-05, 3.81868062504509e-05, 3.81868062504509e-05, 3.81868062504509e-05, 3.81868062504509e-05, 3.8186018628039164e-05, 3.8186018628039164e-05, 3.8184417917364044e-05, 3.8183656897672336e-05, 3.8182833577593556e-05, 3.8182833577593556e-05, 3.8182833577593556e-05, 3.8182833577593556e-05, 3.8182833577593556e-05, 3.8182833577593556e-05, 3.8182833577593556e-05, 3.8182833577593556e-05, 3.8182833577593556e-05, 3.8182833577593556e-05, 3.818276059064374e-05, 3.818276059064374e-05, 3.818272216449259e-05, 3.818272216449259e-05, 3.818271875388746e-05, 3.818271875388746e-05, 3.818271875388746e-05, 3.818270806732471e-05, 3.818270806732471e-05, 3.818270806732471e-05, 3.8182707385203685e-05, 3.8182707385203685e-05, 3.8182707385203685e-05, 3.8182702382982825e-05, 3.8182702382982825e-05, 3.8182701928235474e-05, 3.8182701928235474e-05, 3.8182700336619746e-05, 3.8182700336619746e-05, 3.8182700336619746e-05, 3.8182700336619746e-05, 3.8182700336619746e-05, 3.8182700336619746e-05, 3.8182700336619746e-05]","{""cognitive_weight"": 1.5, ""inertia_weight"": 0.7, ""max_iterations"": 140, ""social_weight"": 1.5, ""swarm_size"": 50}"
schwefel,Schwefel,30,1553,pso,PSO,3,"[-500.0, 500.0]","[420.968746, 420.968746, 420.968746]","[420.9687444543306, 420.96874153792214, 420.96874681695357]",3.818270215560915e-05,4.792352864137014e-06,140,7050,"[476.916316651844, 476.916316651844, 476.916316651844, 476.916316651844, 249.18396623620288, 249.18396623620288, 249.18396623620288, 249.18396623620288, 94.93302029222195, 94.93302029222195, 55.837241358640995, 55.837241358640995, 21.197191017542764, 21.197191017542764, 14.029188060100068, 2.4287542252300227, 2.4287542252300227, 1.1961464498319856, 1.1961464498319856, 1.1961464498319856, 1.1961464498319856, 0.5589042378740032, 0.5589042378740032, 0.3299484684384879, 0.3299484684384879, 0.3299484684384879, 0.3299484684384879, 0.3299484684384879, 0.07280692661674948, 0.07280692661674948, 0.07280692661674948, 0.07280692661674948, 0.02550523506602076, 0.018388954216106868, 0.018388954216106868, 0.018388954216106868, 0.009798983726795996, 0.009798983726795996, 0.009798983726795996, 0.009798983726795996, 0.00810198641261195, 0.006360036550177028, 0.0038066594129304576, 0.00138931496371697, 0.0007825585876162222, 0.0007825585876162222, 0.0007825585876162222, 0.0007825585876162222, 0.0005748992293774791, 0.0005748992293774791, 0.0005748992293774791, 0.0005748992293774791, 0.0005748992293774791, 0.0005748992293774791, 0.0005748992293774791, 0.0003121049662695441, 0.0003121049662695441, 0.00027856639076162537, 0.00027856639076162537, 0.00026503564413360436, 0.00015672186941628752, 0.0001263270394247229, 0.0001263270394247229, 0.0001263270394247229, 0.0001263270394247229, 0.00011771429717555293, 9.077771005649993e-05, 8.468332271149848e-05, 5.393438573264575e-05, 4.43920116595109e-05, 4.43920116595109e-05, 3.9791347035134095e-05, 3.9106733765947865e-05, 3.8699902233929606e-05, 3.8699902233929606e-05, 3.8699902233929606e-05, 3.8699902233929606e-05, 3.8699902233929606e-05, 3.8699902233929606e-05, 3.8699902233929606e-05, 3.8699902233929606e-05, 3.8699902233929606e-05, 3.8699902233929606e-05, 3.839047553810815e-05, 3.839047553810815e-05, 3.839047553810815e-05, 3.82920211450255e-05, 3.82920211450255e-05, 3.82920211450255e-05, 3.826195165856916e-05, 3.826195165856916e-05, 3.826195165856916e-05, 3.823433121397102e-05, 3.823433121397102e-05, 3.822260850938619e-05, 3.822260850938619e-05, 3.822260850938619e-05, 3.820596270998067e-05, 3.820596270998067e-05, 3.818950858658354e-05, 3.818950858658354e-05, 3.818595200755226e-05, 3.818595200755226e-05, 3.818595200755226e-05, 3.818595200755226e-05, 3.818595200755226e-05, 3.818595200755226e-05, 3.818595200755226e-05, 3.818365303231985e-05, 3.818365303231985e-05, 3.818365303231985e-05, 3.818365303231985e-05, 3.818365303231985e-05, 3.818365303231985e-05, 3.818365303231985e-05, 3.8183577544259606e-05, 3.81834192921815e-05, 3.81834192921815e-05, 3.81834192921815e-05, 3.81834192921815e-05, 3.81834192921815e-05, 3.81833451683633e-05, 3.818278833023214e-05, 3.818278833023214e-05, 3.818278833023214e-05, 3.818278833023214e-05, 3.818278833023214e-05, 3.818272011812951e-05, 3.818272011812951e-05, 3.818272011812951e-05, 3.818272011812951e-05, 3.818272011812951e-05, 3.818270670308266e-05, 3.818270670308266e-05, 3.818270215560915e-05, 3.818270215560915e-05, 3.818270215560915e-05, 3.818270215560915e-05, 3.818270215560915e-05, 3.818270215560915e-05, 3.818270215560915e-05]","{""cognitive_weight"": 1.5, ""inertia_weight"": 0.7, ""max_iterations"": 140, ""social_weight"": 1.5, ""swarm_size"": 50}"
schwefel,Schwefel,31,1554,pso,PSO,3,"[-500.0, 500.0]","[420.968746, 420.968746, 420.968746]","[420.96872066362926, -302.52496200087836, 420.968825216113]",118.43837279809304,723.4937080008831,140,7050,"[537.2339798221133, 434.7011165071083, 434.7011165071083, 434.7011165071083, 434.7011165071083, 434.7011165071083, 380.5005938446375, 370.9581225449731, 367.8609255623155, 367.8609255623155, 359.9108624779186, 359.9108624779186, 359.9108624779186, 358.3086790995501, 357.2407052973922, 357.1528060701613, 357.1528060701613, 356.8498833319404, 356.8498833319404, 356.8498833319404, 356.8498833319404, 356.8498833319404, 356.83523582299676, 356.83523582299676, 356.83523582299676, 356.8347340419473, 356.8347340419473, 356.8347340419473, 356.8344622861381, 288.88045163043876, 240.18222867760028, 240.18222867760028, 240.18222867760028, 240.18222867760028, 240.18222867760028, 239.05606606682863, 239.05606606682863, 239.05606606682863, 138.68726683306022, 138.68726683306022, 138.68726683306022, 138.68726683306022, 138.68726683306022, 121.13300488522941, 121.13300488522941, 120.99655238209675, 120.99655238209675, 120.99655238209675, 120.99655238209675, 120.99655238209675, 120.99655238209675, 119.64046798902359, 119.64046798902359, 119.4535635772495, 119.4535635772495, 119.4535635772495, 119.4535635772495, 119.4535635772495, 119.4535635772495, 119.40695104007386, 118.52220131683453, 118.52220131683453, 118.52220131683453, 118.52220131683453, 118.52220131683453, 118.52220131683453, 118.4847811431764, 118.4847811431764, 118.4847811431764, 118.48111822515125, 118.48111822515125, 118.48111822515125, 118.48111822515125, 118.46245209597373, 118.46245209597373, 118.449947597132, 118.449947597132, 118.449947597132, 118.449947597132, 118.4488110100383, 118.4488110100383, 118.44476872040059, 118.4426228253451, 118.44193201815028, 118.44193201815028, 118.44193201815028, 118.44193201815028, 118.44022456391804, 118.43955326353853, 118.43955326353853, 118.43870044144433, 118.43870044144433, 118.43870044144433, 118.43870044144433, 118.43870044144433, 118.43865222368822, 118.4384068770621, 118.4384068770621, 118.4384068770621, 118.4384068770621, 118.4384068770621, 118.4384068770621, 118.4384068770621, 118.4384068770621, 118.43840059013246, 118.43840059013246, 118.43837529411098, 118.43837529411098, 118.43837529411098, 118.43837529411098, 118.43837529411098, 118.43837529411098, 118.43837529411098, 118.43837529411098, 118.43837350258377, 118.43837350258377, 118.43837350258377, 118.43837350258377, 118.43837347965268, 118.43837347804015, 118.43837347804015, 118.43837332715566, 118.43837332715566, 118.43837308891716, 118.43837285390441, 118.43837285390441, 118.43837285103223, 118.43837285103223, 118.43837282887716, 118.43837280470757, 118.43837280470757, 118.43837280470757, 118.43837280470757, 118.43837280470757, 118.4383728012026, 118.43837280014395, 118.43837280014395, 118.43837279910531, 118.43837279910531, 118.43837279828836, 118.43837279809304]","{""cognitive_weight"": 1.5, ""inertia_weight"": 0.7, ""max_iterations"": 140, ""social_weight"": 1.5, ""swarm_size"": 50}"
schwefel,Schwefel,32,1555,pso,PSO,3,"[-500.0, 500.0]","[420.968746, 420.968746, 420.968746]","[420.96874754090123, 420.96874551880614, 420.9687474400237]",3.818269897237769e-05,2.163236556520452e-06,140,7050,"[532.3477889570162, 532.3477889570162, 532.3477889570162, 532.3477889570162, 532.3477889570162, 380.3164349740407, 78.84497473418924, 78.84497473418924, 78.84497473418924, 78.84497473418924, 17.938921898532044, 17.938921898532044, 17.938921898532044, 17.3283998594261, 9.667923530922508, 9.667923530922508, 1.837699717498026, 1.2959845176474118, 1.2959845176474118, 1.2959845176474118, 1.2959845176474118, 1.2959845176474118, 1.2959845176474118, 1.2959845176474118, 1.2959845176474118, 1.2959845176474118, 1.2959845176474118, 0.4776075815511831, 0.4776075815511831, 0.4776075815511831, 0.1598781908935507, 0.1598781908935507, 0.1598781908935507, 0.1598781908935507, 0.1598781908935507, 0.1598781908935507, 0.08271487788260856, 0.08271487788260856, 0.006788235246631302, 0.0027087489631867356, 0.0027087489631867356, 0.0027087489631867356, 0.0027087489631867356, 0.0027087489631867356, 0.0013361948183501227, 0.0013361948183501227, 0.0013361948183501227, 0.0013361948183501227, 0.0013361948183501227, 0.0013361948183501227, 0.0013361948183501227, 0.0006776574000468827, 0.0006776574000468827, 0.0004278592780337931, 0.0004278592780337931, 0.00017738951555656968, 0.00017738951555656968, 0.00017738951555656968, 0.00017738951555656968, 0.0001387604045248736, 4.525186568571371e-05, 4.525186568571371e-05, 4.525186568571371e-05, 4.525186568571371e-05, 4.087407137376431e-05, 4.087407137376431e-05, 4.087407137376431e-05, 4.087407137376431e-05, 4.087407137376431e-05, 4.087407137376431e-05, 4.087407137376431e-05, 4.087407137376431e-05, 3.956871569243958e-05, 3.956871569243958e-05, 3.9464919154852396e-05, 3.94476082874462e-05, 3.94476082874462e-05, 3.94476082874462e-05, 3.94476082874462e-05, 3.898188128914626e-05, 3.8916801941013546e-05, 3.8916801941013546e-05, 3.858891886920901e-05, 3.858891886920901e-05, 3.83801891530311e-05, 3.837156759800564e-05, 3.837156759800564e-05, 3.833727328128589e-05, 3.833727328128589e-05, 3.833727328128589e-05, 3.830393075077154e-05, 3.830393075077154e-05, 3.830393075077154e-05, 3.827180398729979e-05, 3.827180398729979e-05, 3.827180398729979e-05, 3.826681472673954e-05, 3.826681472673954e-05, 3.826681472673954e-05, 3.826584270427702e-05, 3.826584270427702e-05, 3.826584270427702e-05, 3.824777604677365e-05, 3.820514439212275e-05, 3.820514439212275e-05, 3.819720541287097e-05, 3.819720541287097e-05, 3.819294283857744e-05, 3.818548157141777e-05, 3.818548157141777e-05, 3.818290474555397e-05, 3.818290474555397e-05, 3.818290474555397e-05, 3.818290474555397e-05, 3.818290474555397e-05, 3.818290474555397e-05, 3.818290474555397e-05, 3.818278401013231e-05, 3.818278401013231e-05, 3.818277650680102e-05, 3.818277650680102e-05, 3.818277650680102e-05, 3.818277650680102e-05, 3.818275104094937e-05, 3.818275104094937e-05, 3.818275104094937e-05, 3.818273808064987e-05, 3.818270897681941e-05, 3.818270897681941e-05, 3.818270897681941e-05, 3.818270806732471e-05, 3.818270806732471e-05, 3.818270806732471e-05, 3.818270806732471e-05, 3.818270806732471e-05, 3.818270124611445e-05, 3.818269965449872e-05, 3.818269897237769e-05, 3.818269897237769e-05, 3.818269897237769e-05, 3.818269897237769e-05]","{""cognitive_weight"": 1.5, ""inertia_weight"": 0.7, ""max_iterations"": 140, ""social_weight"": 1.5, ""swarm_size"": 50}"
schwefel,Schwefel,33,1556,pso,PSO,3,"[-500.0, 500.0]","[420.968746, 420.968746, 420.968746]","[-302.5249398319739, 420.968749572481, 420.9687465338198]",118.43837279714035,723.4936858319738,140,7050,"[389.8819143602584, 389.8819143602584, 365.0026016101226, 365.0026016101226, 365.0026016101226, 365.0026016101226, 365.0026016101226, 341.0678968130778, 341.0678968130778, 319.1460069670409, 270.5878148565446, 241.82834595593192, 159.3338740839581, 159.3338740839581, 159.3338740839581, 144.74129205715576, 144.74129205715576, 128.70657284536173, 119.2416913276993, 119.2416913276993, 118.70325551975657, 118.70325551975657, 118.70325551975657, 118.70325551975657, 118.51227874938218, 118.51227874938218, 118.51227874938218, 118.51227874938218, 118.51227874938218, 118.51227874938218, 118.51227874938218, 118.51227874938218, 118.44145571650279, 118.44145571650279, 118.44145571650279, 118.44145571650279, 118.44145571650279, 118.44145571650279, 118.44145571650279, 118.44145571650279, 118.44145571650279, 118.44105148414519, 118.44105148414519, 118.440511251109, 118.440511251109, 118.43994264118601, 118.43959675335236, 118.43959675335236, 118.43959675335236, 118.43888939740918, 118.43888939740918, 118.43888939740918, 118.43888825748695, 118.43888825748695, 118.43888825748695, 118.43845203993351, 118.43844710483063, 118.43844710483063, 118.4384319411497, 118.43841858273095, 118.438411173026, 118.43840693741822, 118.43838609437057, 118.43838609437057, 118.43838515490825, 118.43838515490825, 118.43838089196242, 118.43838089196242, 118.43838089196242, 118.43837873957591, 118.43837701240818, 118.43837701240818, 118.43837447398005, 118.43837330903443, 118.43837320662442, 118.43837304759018, 118.43837291858449, 118.43837291858449, 118.43837291858449, 118.43837291858449, 118.43837291858449, 118.43837284491656, 118.43837284491656, 118.43837281967535, 118.43837281967535, 118.43837281967535, 118.43837281967535, 118.43837281967535, 118.43837280535718, 118.43837280535718, 118.43837280535718, 118.43837280184471, 118.43837280184471, 118.4383727993013, 118.4383727993013, 118.4383727993013, 118.4383727993013, 118.43837279763716, 118.43837279763716, 118.43837279763716, 118.43837279763716, 118.43837279763716, 118.43837279763716, 118.43837279763716, 118.43837279763716, 118.43837279763716, 118.4383727973659, 118.4383727973659, 118.4383727973659, 118.4383727973659, 118.4383727973659, 118.43837279727177, 118.43837279727177, 118.43837279727177, 118.43837279726381, 118.43837279726336, 118.43837279726336, 118.43837279726336, 118.43837279725312, 118.43837279724312, 118.43837279720901, 118.43837279720901, 118.43837279720901, 118.43837279719878, 118.43837279719605, 118.43837279719605, 118.43837279717991, 118.43837279715672, 118.4383727971533, 118.4383727971533, 118.4383727971533, 118.4383727971508, 118.43837279714899, 118.4383727971449, 118.4383727971449, 118.43837279714444, 118.43837279714444, 118.43837279714444, 118.43837279714444, 118.43837279714035, 118.43837279714035]","{""cognitive_weight"": 1.5, ""inertia_weight"": 0.7, ""max_iterations"": 140, ""social_weight"": 1.5, ""swarm_size"": 50}"
schwefel,Schwefel,34,1557,pso,PSO,3,"[-500.0, 500.0]","[420.968746, 420.968746, 420.968746]","[420.96874502066663, 420.9687463176322, 420.96874545593977]",3.818269897237769e-05,1.1644679632008448e-06,140,7050,"[42.20279448276369, 42.20279448276369, 42.20279448276369, 42.20279448276369, 42.20279448276369, 42.20279448276369, 42.20279448276369, 42.20279448276369, 42.20279448276369, 42.20279448276369, 42.20279448276369, 16.604275003588555, 13.210519309144274, 11.932483772204023, 11.932483772204023, 10.088443331142798, 4.076659988725396, 2.251385198434491, 2.251385198434491, 0.705652003672185, 0.3172701154035167, 0.3172701154035167, 0.3172701154035167, 0.3172701154035167, 0.1247837351279486, 0.1247837351279486, 0.1247837351279486, 0.1247837351279486, 0.10834688887825905, 0.10834688887825905, 0.09437000869570511, 0.09437000869570511, 0.09437000869570511, 0.031129275223975128, 0.031129275223975128, 0.016331470816112414, 0.016331470816112414, 0.016331470816112414, 0.016331470816112414, 0.016331470816112414, 0.016331470816112414, 0.006203729006756475, 0.006203729006756475, 0.001629984470355339, 0.001629984470355339, 0.001629984470355339, 0.00040498314729120466, 0.00040498314729120466, 0.00040498314729120466, 0.00040498314729120466, 0.00040498314729120466, 0.00020417436371644726, 0.00020417436371644726, 0.00020417436371644726, 0.00020417436371644726, 0.00020417436371644726, 0.00020417436371644726, 0.00020417436371644726, 0.00020417436371644726, 0.00014711265112055116, 0.000138517701998353, 9.45318456615496e-05, 9.45318456615496e-05, 4.661401999328518e-05, 4.661401999328518e-05, 4.231809998600511e-05, 4.231809998600511e-05, 4.19902564772201e-05, 4.123030339542311e-05, 4.075442984685651e-05, 4.075442984685651e-05, 4.075442984685651e-05, 4.075442984685651e-05, 4.075442984685651e-05, 3.897421879628382e-05, 3.897421879628382e-05, 3.886347326442774e-05, 3.886347326442774e-05, 3.860404331135214e-05, 3.860404331135214e-05, 3.860404331135214e-05, 3.860404331135214e-05, 3.860404331135214e-05, 3.860404331135214e-05, 3.837567214759474e-05, 3.837567214759474e-05, 3.8341426034094184e-05, 3.830012155958684e-05, 3.8211032006074674e-05, 3.8211032006074674e-05, 3.8211032006074674e-05, 3.8211032006074674e-05, 3.819625430878659e-05, 3.8192410556803225e-05, 3.8192410556803225e-05, 3.8192410556803225e-05, 3.8192410556803225e-05, 3.81904737878358e-05, 3.81904737878358e-05, 3.81904737878358e-05, 3.818778623099206e-05, 3.818778623099206e-05, 3.818778623099206e-05, 3.818367304120329e-05, 3.818367304120329e-05, 3.818367304120329e-05, 3.818347659034771e-05, 3.818347659034771e-05, 3.8183387914614286e-05, 3.8183387914614286e-05, 3.818304935521155e-05, 3.818304935521155e-05, 3.818300001512398e-05, 3.8182909520401154e-05, 3.8182909520401154e-05, 3.8182909520401154e-05, 3.8182787648111116e-05, 3.8182787648111116e-05, 3.818277309619589e-05, 3.818277309619589e-05, 3.818276354650152e-05, 3.818275763478596e-05, 3.818270420197223e-05, 3.818270420197223e-05, 3.818270420197223e-05, 3.818270420197223e-05, 3.818270010924607e-05, 3.818270010924607e-05, 3.818269965449872e-05, 3.818269965449872e-05, 3.818269965449872e-05, 3.818269965449872e-05, 3.818269965449872e-05, 3.818269897237769e-05, 3.818269897237769e-05, 3.818269897237769e-05, 3.818269897237769e-05, 3.818269897237769e-05, 3.818269897237769e-05, 3.818269897237769e-05, 3.818269897237769e-05]","{""cognitive_weight"": 1.5, ""inertia_weight"": 0.7, ""max_iterations"": 140, ""social_weight"": 1.5, ""swarm_size"": 50}"
schwefel,Schwefel,35,1558,pso,PSO,3,"[-500.0, 500.0]","[420.968746, 420.968746, 420.968746]","[420.96874687611876, 420.9687460529146, 420.9687455802739]",3.818269897237769e-05,9.72910081986862e-07,140,7050,"[564.1377287970201, 564.1377287970201, 564.1377287970201, 300.48273409516366, 300.48273409516366, 300.48273409516366, 260.82567974590097, 230.22203093230587, 230.22203093230587, 230.22203093230587, 223.62685279987295, 223.62685279987295, 220.2464634800449, 220.2464634800449, 220.2464634800449, 219.2982715399828, 137.12123977204487, 126.13126902709564, 71.04009397113805, 71.04009397113805, 37.74925152767673, 9.099069947083535, 9.099069947083535, 9.099069947083535, 9.099069947083535, 1.3589558660005423, 1.3589558660005423, 1.3589558660005423, 1.3589558660005423, 1.3589558660005423, 1.3589558660005423, 1.234857546420244, 1.234857546420244, 1.234857546420244, 0.6263058903900856, 0.22216111709985853, 0.22216111709985853, 0.22216111709985853, 0.22216111709985853, 0.15021766018116978, 0.15021766018116978, 0.07578310590611181, 0.07578310590611181, 0.06623729583043314, 0.03733177609115046, 0.016568213938626286, 0.0019965411211160244, 0.0019965411211160244, 0.0019965411211160244, 0.0019965411211160244, 0.0019965411211160244, 0.0019965411211160244, 0.0019965411211160244, 0.0019965411211160244, 0.0008116019398585195, 0.0002975852758027031, 0.0002975852758027031, 0.00029478236865543295, 0.00029478236865543295, 0.00029478236865543295, 0.00029478236865543295, 0.00029478236865543295, 0.00029478236865543295, 0.00029478236865543295, 0.00029478236865543295, 0.00017757448222255334, 0.00016193646729334432, 9.782624397303152e-05, 7.56173760692036e-05, 7.56173760692036e-05, 7.56173760692036e-05, 5.627183122669521e-05, 5.627183122669521e-05, 5.627183122669521e-05, 5.127307122165803e-05, 5.127307122165803e-05, 4.595296536535898e-05, 4.595296536535898e-05, 4.595296536535898e-05, 4.595296536535898e-05, 4.26698895807931e-05, 4.26698895807931e-05, 4.26698895807931e-05, 4.019167818114511e-05, 4.019167818114511e-05, 4.018651065962331e-05, 4.018651065962331e-05, 3.964602638006909e-05, 3.964602638006909e-05, 3.964602638006909e-05, 3.917625235771993e-05, 3.917625235771993e-05, 3.845210585495806e-05, 3.845210585495806e-05, 3.845210585495806e-05, 3.845210585495806e-05, 3.845210585495806e-05, 3.826072270385339e-05, 3.826072270385339e-05, 3.818790514742432e-05, 3.818790514742432e-05, 3.818790514742432e-05, 3.818790514742432e-05, 3.818790514742432e-05, 3.818790514742432e-05, 3.818790514742432e-05, 3.8184675759112e-05, 3.8184675759112e-05, 3.818386630882742e-05, 3.818386630882742e-05, 3.8183673950697994e-05, 3.818360664809006e-05, 3.818360664809006e-05, 3.818360664809006e-05, 3.8183540709724184e-05, 3.818273671640782e-05, 3.818273671640782e-05, 3.818273671640782e-05, 3.818273671640782e-05, 3.818273671640782e-05, 3.818273671640782e-05, 3.818273671640782e-05, 3.818273671640782e-05, 3.818273671640782e-05, 3.818273671640782e-05, 3.818273671640782e-05, 3.818273671640782e-05, 3.8182709886314115e-05, 3.8182709886314115e-05, 3.818270602096163e-05, 3.818270602096163e-05, 3.818270602096163e-05, 3.818270602096163e-05, 3.818270306510385e-05, 3.8182700336619746e-05, 3.818269965449872e-05, 3.818269965449872e-05, 3.818269965449872e-05, 3.818269965449872e-05, 3.818269919975137e-05, 3.818269897237769e-05]","{""cognitive_weight"": 1.5, ""inertia_weight"": 0.7, ""max_iterations"": 140, ""social_weight"": 1.5, ""swarm_size"": 50}"
schwefel,Schwefel,36,1559,pso,PSO,3,"[-500.0, 500.0]","[420.968746, 420.968746, 420.968746]","[420.96874842576176, 420.968745450404, 420.9687459013059]",3.8182699427125044e-05,2.489199941774578e-06,140,7050,"[331.09890783571393, 331.09890783571393, 331.09890783571393, 293.97711290659686, 208.77027640363485, 208.77027640363485, 154.74869023069004, 122.0892880576364, 30.138023042196664, 30.138023042196664, 30.138023042196664, 14.279024977744257, 14.279024977744257, 11.774242311077387, 6.7585350842684875, 6.7585350842684875, 6.7585350842684875, 3.6360236056323174, 0.41068533680686414, 0.41068533680686414, 0.41068533680686414, 0.41068533680686414, 0.41068533680686414, 0.41068533680686414, 0.41068533680686414, 0.41068533680686414, 0.41068533680686414, 0.40201327229146955, 0.40201327229146955, 0.1318371914276213, 0.1318371914276213, 0.1318371914276213, 0.1147368381657543, 0.1147368381657543, 0.010408126795255157, 0.010408126795255157, 0.010408126795255157, 0.010408126795255157, 0.010408126795255157, 0.0060067986723879585, 0.0060067986723879585, 0.003512858105750638, 0.003512858105750638, 0.003512858105750638, 0.003512858105750638, 0.003512858105750638, 0.003512858105750638, 0.002765747988860312, 0.002765747988860312, 0.002765747988860312, 0.000437510401752661, 0.000437510401752661, 0.000437510401752661, 0.000437510401752661, 0.000437510401752661, 0.000437510401752661, 0.000437510401752661, 0.000437510401752661, 0.000437510401752661, 0.0003414376158161758, 0.0003414376158161758, 0.0003414376158161758, 0.0003414376158161758, 0.0002906608556259016, 0.00017207098153448896, 0.0001631978213936236, 0.00011952174850193842, 0.00011952174850193842, 8.458441971015418e-05, 5.601436305369134e-05, 4.419014862833137e-05, 3.9918845459396834e-05, 3.889169420290273e-05, 3.889169420290273e-05, 3.862221342387784e-05, 3.862221342387784e-05, 3.858183595184528e-05, 3.858183595184528e-05, 3.858183595184528e-05, 3.858183595184528e-05, 3.855873910652008e-05, 3.8544356129932567e-05, 3.8544356129932567e-05, 3.840963017864851e-05, 3.822403118647344e-05, 3.822403118647344e-05, 3.822403118647344e-05, 3.822403118647344e-05, 3.82119048936147e-05, 3.82119048936147e-05, 3.82119048936147e-05, 3.82119048936147e-05, 3.82119048936147e-05, 3.8211483115446754e-05, 3.820792198894196e-05, 3.820792198894196e-05, 3.819871540144959e-05, 3.819472408395086e-05, 3.819472408395086e-05, 3.8194606077013304e-05, 3.8194606077013304e-05, 3.819407493210747e-05, 3.819407493210747e-05, 3.818367349595064e-05, 3.818367349595064e-05, 3.818319873971632e-05, 3.818319873971632e-05, 3.818319873971632e-05, 3.818319873971632e-05, 3.8182992284419015e-05, 3.8182992284419015e-05, 3.8182992284419015e-05, 3.8182992284419015e-05, 3.818286313617136e-05, 3.818286313617136e-05, 3.81828563149611e-05, 3.81828563149611e-05, 3.81828563149611e-05, 3.81828563149611e-05, 3.818280401901575e-05, 3.818280401901575e-05, 3.818280401901575e-05, 3.818276786660135e-05, 3.818276786660135e-05, 3.818276786660135e-05, 3.818276786660135e-05, 3.818276786660135e-05, 3.818276786660135e-05, 3.818274444711278e-05, 3.818274444711278e-05, 3.8182719890755834e-05, 3.8182709431566764e-05, 3.818270397459855e-05, 3.8182699881872395e-05, 3.8182699881872395e-05, 3.8182699881872395e-05, 3.8182699881872395e-05, 3.8182699881872395e-05, 3.8182699427125044e-05, 3.8182699427125044e-05, 3.8182699427125044e-05]","{""cognitive_weight"": 1.5, ""inertia_weight"": 0.7, ""max_iterations"": 140, ""social_weight"": 1.5, ""swarm_size"": 50}"
schwefel,Schwefel,37,1560,pso,PSO,3,"[-500.0, 500.0]","[420.968746, 420.968746, 420.968746]","[420.9687476900548, 420.9687451224887, 420.9687464015169]",3.818269897237769e-05,1.9461569913911607e-06,140,7050,"[104.77470071358721, 104.77470071358721, 104.77470071358721, 104.77470071358721, 104.77470071358721, 104.77470071358721, 104.77470071358721, 104.77470071358721, 31.995830712630095, 31.995830712630095, 31.995830712630095, 30.20759788878013, 29.878044259120543, 15.291269071749866, 11.951731483239428, 4.1932286083911094, 4.1932286083911094, 4.1932286083911094, 4.1932286083911094, 1.2496016395148217, 1.072005245956916, 1.072005245956916, 1.072005245956916, 0.5565340851198926, 0.5565340851198926, 0.5565340851198926, 0.33029374422903857, 0.33029374422903857, 0.33029374422903857, 0.12839816751534272, 0.12839816751534272, 0.050048320564656024, 0.050048320564656024, 0.02436935752825775, 0.018310773072698794, 0.018310773072698794, 0.018310773072698794, 0.002787301754779037, 0.002787301754779037, 0.00087856596542224, 0.00087856596542224, 0.00087856596542224, 0.00087856596542224, 0.0007390322875835409, 0.0007390322875835409, 0.0007390322875835409, 0.0005214062719005597, 0.0002191440571550629, 0.00012674932372647163, 0.0001204765169404709, 0.0001204765169404709, 0.00010012368238676572, 8.843361774779623e-05, 8.843361774779623e-05, 8.775720471021486e-05, 8.641427484690212e-05, 8.552141935069812e-05, 8.491954622513731e-05, 8.450956670458254e-05, 4.787452394339198e-05, 4.505327797232894e-05, 4.505327797232894e-05, 4.305029824536177e-05, 4.305029824536177e-05, 4.305029824536177e-05, 4.305029824536177e-05, 4.305029824536177e-05, 4.283194903109688e-05, 4.283194903109688e-05, 4.283194903109688e-05, 4.283194903109688e-05, 4.283194903109688e-05, 4.283194903109688e-05, 4.143082082919136e-05, 4.0832738477547537e-05, 4.0832738477547537e-05, 4.0832738477547537e-05, 3.860611423078808e-05, 3.827080740848032e-05, 3.827080740848032e-05, 3.827080740848032e-05, 3.827080740848032e-05, 3.827080740848032e-05, 3.827080740848032e-05, 3.823271504188597e-05, 3.823271504188597e-05, 3.823271504188597e-05, 3.823127735813614e-05, 3.823127735813614e-05, 3.823127735813614e-05, 3.820092251771712e-05, 3.820092251771712e-05, 3.820092251771712e-05, 3.820092251771712e-05, 3.820092251771712e-05, 3.820092251771712e-05, 3.820092251771712e-05, 3.820092251771712e-05, 3.8198904803721234e-05, 3.818414575107454e-05, 3.818297568614071e-05, 3.818297568614071e-05, 3.818297568614071e-05, 3.818297568614071e-05, 3.818297568614071e-05, 3.818297568614071e-05, 3.818297568614071e-05, 3.818297568614071e-05, 3.818297568614071e-05, 3.818297568614071e-05, 3.818297568614071e-05, 3.81828674562712e-05, 3.81828674562712e-05, 3.81828674562712e-05, 3.81828674562712e-05, 3.81828674562712e-05, 3.81828674562712e-05, 3.81828674562712e-05, 3.8182784692253335e-05, 3.818273057731858e-05, 3.818273057731858e-05, 3.818273057731858e-05, 3.8182701928235474e-05, 3.8182701928235474e-05, 3.8182701928235474e-05, 3.8182701928235474e-05, 3.8182701928235474e-05, 3.8182700336619746e-05, 3.8182700336619746e-05, 3.8182700336619746e-05, 3.8182700336619746e-05, 3.8182700336619746e-05, 3.8182700336619746e-05, 3.8182699427125044e-05, 3.8182699427125044e-05, 3.8182699427125044e-05, 3.8182699427125044e-05, 3.8182699427125044e-05, 3.8182699427125044e-05, 3.818269897237769e-05, 3.818269897237769e-05]","{""cognitive_weight"": 1.5, ""inertia_weight"": 0.7, ""max_iterations"": 140, ""social_weight"": 1.5, ""swarm_size"": 50}"
schwefel,Schwefel,38,1561,pso,PSO,3,"[-500.0, 500.0]","[420.968746, 420.968746, 420.968746]","[420.9687469740266, 420.9687427980228, 420.96874610331116]",3.8182700336619746e-05,3.3484412977279827e-06,140,7050,"[407.216240793668, 407.216240793668, 407.216240793668, 285.2859222310443, 285.2859222310443, 285.2859222310443, 41.69088603108753, 41.69088603108753, 41.69088603108753, 41.69088603108753, 40.938279777077696, 14.615540898483914, 12.13143754832231, 9.94689351525949, 5.049424281991151, 0.11318184772380846, 0.11318184772380846, 0.11318184772380846, 0.11318184772380846, 0.11318184772380846, 0.11318184772380846, 0.11318184772380846, 0.11318184772380846, 0.08645767150187567, 0.08645767150187567, 0.08645767150187567, 0.06248886001571918, 0.06248886001571918, 0.06248886001571918, 0.029216055648475958, 0.029216055648475958, 0.02177420662746954, 0.02177420662746954, 0.010484088052862717, 0.010484088052862717, 0.010484088052862717, 0.010484088052862717, 0.005717191255598664, 0.005717191255598664, 0.005717191255598664, 0.004339115173479513, 0.004339115173479513, 0.004339115173479513, 0.0043329077959697315, 0.003327624624262171, 0.002088163041662483, 0.0002809395721214969, 0.0002809395721214969, 0.0002809395721214969, 0.00026617939261086576, 0.00026617939261086576, 0.0001935533891810337, 0.0001935533891810337, 0.00017085714830500365, 0.00017085714830500365, 0.00012253792488081672, 9.158662669506157e-05, 9.158662669506157e-05, 9.158662669506157e-05, 9.158662669506157e-05, 9.158662669506157e-05, 9.102222156798234e-05, 9.102222156798234e-05, 5.305944796418771e-05, 5.305944796418771e-05, 5.066759558758349e-05, 5.066759558758349e-05, 4.16105544900347e-05, 4.16105544900347e-05, 4.16105544900347e-05, 4.16105544900347e-05, 3.995148858848552e-05, 3.995148858848552e-05, 3.9875310903880745e-05, 3.9875310903880745e-05, 3.886660033458611e-05, 3.8709279124304885e-05, 3.863944903059746e-05, 3.863944903059746e-05, 3.833418600152072e-05, 3.833418600152072e-05, 3.8254714127106126e-05, 3.8254714127106126e-05, 3.8254714127106126e-05, 3.822996268354473e-05, 3.822996268354473e-05, 3.822996268354473e-05, 3.822996268354473e-05, 3.819877611022093e-05, 3.819877611022093e-05, 3.819877611022093e-05, 3.819877611022093e-05, 3.819877611022093e-05, 3.81909599127539e-05, 3.818729919657926e-05, 3.818729919657926e-05, 3.81868062504509e-05, 3.81868062504509e-05, 3.81868062504509e-05, 3.81868062504509e-05, 3.81868062504509e-05, 3.81868062504509e-05, 3.81868062504509e-05, 3.8186018628039164e-05, 3.8186018628039164e-05, 3.8184417917364044e-05, 3.8183656897672336e-05, 3.8182833577593556e-05, 3.8182833577593556e-05, 3.8182833577593556e-05, 3.8182833577593556e-05, 3.8182833577593556e-05, 3.8182833577593556e-05, 3.8182833577593556e-05, 3.8182833577593556e-05, 3.8182833577593556e-05, 3.8182833577593556e-05, 3.818276059064374e-05, 3.818276059064374e-05, 3.818272216449259e-05, 3.818272216449259e-05, 3.818271875388746e-05, 3.818271875388746e-05, 3.818271875388746e-05, 3.818270806732471e-05, 3.818270806732471e-05, 3.818270806732471e-05, 3.8182707385203685e-05, 3.8182707385203685e-05, 3.8182707385203685e-05, 3.8182702382982825e-05, 3.8182702382982825e-05, 3.8182701928235474e-05, 3.8182701928235474e-05, 3.8182700336619746e-05, 3.8182700336619746e-05, 3.8182700336619746e-05, 3.8182700336619746e-05, 3.8182700336619746e-05, 3.8182700336619746e-05, 3.8182700336619746e-05]","{""cognitive_weight"": 1.5, ""inertia_weight"": 0.7, ""max_iterations"": 140, ""social_weight"": 1.5, ""swarm_size"": 50}"
schwefel,Schwefel,39,1562,pso,PSO,3,"[-500.0, 500.0]","[420.968746, 420.968746, 420.968746]","[420.96874485475746, 420.96874717956183, 420.9687459406405]",3.818269919975137e-05,1.6451352956152491e-06,140,7050,"[569.4365289346958, 526.0348138943914, 526.0348138943914, 526.0348138943914, 286.83963596918954, 286.83963596918954, 50.233831606361946, 50.233831606361946, 50.233831606361946, 50.233831606361946, 50.233831606361946, 50.233831606361946, 50.233831606361946, 18.91884463733527, 18.91884463733527, 18.91884463733527, 18.91884463733527, 17.26433164638547, 14.8909776947703, 7.4179828973406075, 7.4179828973406075, 3.9583493820518925, 3.9583493820518925, 1.1087081468695033, 1.1087081468695033, 1.1087081468695033, 0.24368400447133354, 0.24368400447133354, 0.24368400447133354, 0.24368400447133354, 0.24368400447133354, 0.24368400447133354, 0.24368400447133354, 0.24368400447133354, 0.24368400447133354, 0.24368400447133354, 0.24368400447133354, 0.23113343991485635, 0.007932815098229185, 0.007932815098229185, 0.006015477133132663, 0.006015477133132663, 0.004486139621803886, 0.004486139621803886, 0.004407510635246581, 0.004407510635246581, 0.004407510635246581, 0.004407510635246581, 0.004407510635246581, 0.004407510635246581, 0.004407510635246581, 0.002105890756865847, 0.002105890756865847, 0.00044901773253513966, 0.0004036785787775443, 0.0004036785787775443, 0.0003006946922141651, 0.0003006946922141651, 0.0003006946922141651, 0.0003006946922141651, 0.0001045053759298753, 0.0001045053759298753, 0.0001045053759298753, 0.0001045053759298753, 0.0001045053759298753, 0.0001045053759298753, 0.0001045053759298753, 7.223719990179234e-05, 7.223719990179234e-05, 7.223719990179234e-05, 5.461244450088998e-05, 3.822125449914893e-05, 3.822125449914893e-05, 3.822125449914893e-05, 3.822125449914893e-05, 3.822125449914893e-05, 3.822125449914893e-05, 3.822125449914893e-05, 3.822125449914893e-05, 3.822125449914893e-05, 3.822125449914893e-05, 3.822125449914893e-05, 3.822125449914893e-05, 3.822125449914893e-05, 3.822125449914893e-05, 3.822125449914893e-05, 3.822125449914893e-05, 3.822125449914893e-05, 3.822125449914893e-05, 3.822125449914893e-05, 3.822125449914893e-05, 3.822125449914893e-05, 3.822125449914893e-05, 3.822125449914893e-05, 3.822125449914893e-05, 3.822125449914893e-05, 3.822125449914893e-05, 3.822125449914893e-05, 3.822125449914893e-05, 3.822125449914893e-05, 3.819888297584839e-05, 3.819888297584839e-05, 3.819888297584839e-05, 3.819888297584839e-05, 3.819888297584839e-05, 3.8189271890587406e-05, 3.8189271890587406e-05, 3.818744198724744e-05, 3.818744198724744e-05, 3.818744198724744e-05, 3.8184444292710396e-05, 3.818382992903935e-05, 3.818382992903935e-05, 3.818382992903935e-05, 3.818348704953678e-05, 3.818348704953678e-05, 3.818348704953678e-05, 3.818348704953678e-05, 3.8182864500413416e-05, 3.8182864500413416e-05, 3.818276059064374e-05, 3.818276059064374e-05, 3.818273194156063e-05, 3.818273194156063e-05, 3.818273194156063e-05, 3.818273194156063e-05, 3.818273194156063e-05, 3.818272921307653e-05, 3.818270874944574e-05, 3.818270874944574e-05, 3.8182699427125044e-05, 3.8182699427125044e-05, 3.8182699427125044e-05, 3.8182699427125044e-05, 3.8182699427125044e-05, 3.8182699427125044e-05, 3.8182699427125044e-05, 3.8182699427125044e-05, 3.8182699427125044e-05, 3.8182699427125044e-05, 3.818269919975137e-05]","{""cognitive_weight"": 1.5, ""inertia_weight"": 0.7, ""max_iterations"": 140, ""social_weight"": 1.5, ""swarm_size"": 50}"
schwefel,Schwefel,40,1554,pso,PSO,3,"[-500.0, 500.0]","[420.968746, 420.968746, 420.968746]","[420.96872066362926, -302.52496200087836, 420.968825216113]",118.43837279809304,723.4937080008831,140,7050,"[537.2339798221133, 434.7011165071083, 434.7011165071083, 434.7011165071083, 434.7011165071083, 434.7011165071083, 380.5005938446375, 370.9581225449731, 367.8609255623155, 367.8609255623155, 359.9108624779186, 359.9108624779186, 359.9108624779186, 358.3086790995501, 357.2407052973922, 357.1528060701613, 357.1528060701613, 356.8498833319404, 356.8498833319404, 356.8498833319404, 356.8498833319404, 356.8498833319404, 356.83523582299676, 356.83523582299676, 356.83523582299676, 356.8347340419473, 356.8347340419473, 356.8347340419473, 356.8344622861381, 288.88045163043876, 240.18222867760028, 240.18222867760028, 240.18222867760028, 240.18222867760028, 240.18222867760028, 239.05606606682863, 239.05606606682863, 239.05606606682863, 138.68726683306022, 138.68726683306022, 138.68726683306022, 138.68726683306022, 138.68726683306022, 121.13300488522941, 121.13300488522941, 120.99655238209675, 120.99655238209675, 120.99655238209675, 120.99655238209675, 120.99655238209675, 120.99655238209675, 119.64046798902359, 119.64046798902359, 119.4535635772495, 119.4535635772495, 119.4535635772495, 119.4535635772495, 119.4535635772495, 119.4535635772495, 119.40695104007386, 118.52220131683453, 118.52220131683453, 118.52220131683453, 118.52220131683453, 118.52220131683453, 118.52220131683453, 118.4847811431764, 118.4847811431764, 118.4847811431764, 118.48111822515125, 118.48111822515125, 118.48111822515125, 118.48111822515125, 118.46245209597373, 118.46245209597373, 118.449947597132, 118.449947597132, 118.449947597132, 118.449947597132, 118.4488110100383, 118.4488110100383, 118.44476872040059, 118.4426228253451, 118.44193201815028, 118.44193201815028, 118.44193201815028, 118.44193201815028, 118.44022456391804, 118.43955326353853, 118.43955326353853, 118.43870044144433, 118.43870044144433, 118.43870044144433, 118.43870044144433, 118.43870044144433, 118.43865222368822, 118.4384068770621, 118.4384068770621, 118.4384068770621, 118.4384068770621, 118.4384068770621, 118.4384068770621, 118.4384068770621, 118.4384068770621, 118.43840059013246, 118.43840059013246, 118.43837529411098, 118.43837529411098, 118.43837529411098, 118.43837529411098, 118.43837529411098, 118.43837529411098, 118.43837529411098, 118.43837529411098, 118.43837350258377, 118.43837350258377, 118.43837350258377, 118.43837350258377, 118.43837347965268, 118.43837347804015, 118.43837347804015, 118.43837332715566, 118.43837332715566, 118.43837308891716, 118.43837285390441, 118.43837285390441, 118.43837285103223, 118.43837285103223, 118.43837282887716, 118.43837280470757, 118.43837280470757, 118.43837280470757, 118.43837280470757, 118.43837280470757, 118.4383728012026, 118.43837280014395, 118.43837280014395, 118.43837279910531, 118.43837279910531, 118.43837279828836, 118.43837279809304]","{""cognitive_weight"": 1.5, ""inertia_weight"": 0.7, ""max_iterations"": 140, ""social_weight"": 1.5, ""swarm_size"": 50}"
schwefel,Schwefel,41,1555,pso,PSO,3,"[-500.0, 500.0]","[420.968746, 420.968746, 420.968746]","[420.96874754090123, 420.96874551880614, 420.9687474400237]",3.818269897237769e-05,2.163236556520452e-06,140,7050,"[532.3477889570162, 532.3477889570162, 532.3477889570162, 532.3477889570162, 532.3477889570162, 380.3164349740407, 78.84497473418924, 78.84497473418924, 78.84497473418924, 78.84497473418924, 17.938921898532044, 17.938921898532044, 17.938921898532044, 17.3283998594261, 9.667923530922508, 9.667923530922508, 1.837699717498026, 1.2959845176474118, 1.2959845176474118, 1.2959845176474118, 1.2959845176474118, 1.2959845176474118, 1.2959845176474118, 1.2959845176474118, 1.2959845176474118, 1.2959845176474118, 1.2959845176474118, 0.4776075815511831, 0.4776075815511831, 0.4776075815511831, 0.1598781908935507, 0.1598781908935507, 0.1598781908935507, 0.1598781908935507, 0.1598781908935507, 0.1598781908935507, 0.08271487788260856, 0.08271487788260856, 0.006788235246631302, 0.0027087489631867356, 0.0027087489631867356, 0.0027087489631867356, 0.0027087489631867356, 0.0027087489631867356, 0.0013361948183501227, 0.0013361948183501227, 0.0013361948183501227, 0.0013361948183501227, 0.0013361948183501227, 0.0013361948183501227, 0.0013361948183501227, 0.0006776574000468827, 0.0006776574000468827, 0.0004278592780337931, 0.0004278592780337931, 0.00017738951555656968, 0.00017738951555656968, 0.00017738951555656968, 0.00017738951555656968, 0.0001387604045248736, 4.525186568571371e-05, 4.525186568571371e-05, 4.525186568571371e-05, 4.525186568571371e-05, 4.087407137376431e-05, 4.087407137376431e-05, 4.087407137376431e-05, 4.087407137376431e-05, 4.087407137376431e-05, 4.087407137376431e-05, 4.087407137376431e-05, 4.087407137376431e-05, 3.956871569243958e-05, 3.956871569243958e-05, 3.9464919154852396e-05, 3.94476082874462e-05, 3.94476082874462e-05, 3.94476082874462e-05, 3.94476082874462e-05, 3.898188128914626e-05, 3.8916801941013546e-05, 3.8916801941013546e-05, 3.858891886920901e-05, 3.858891886920901e-05, 3.83801891530311e-05, 3.837156759800564e-05, 3.837156759800564e-05, 3.833727328128589e-05, 3.833727328128589e-05, 3.833727328128589e-05, 3.830393075077154e-05, 3.830393075077154e-05, 3.830393075077154e-05, 3.827180398729979e-05, 3.827180398729979e-05, 3.827180398729979e-05, 3.826681472673954e-05, 3.826681472673954e-05, 3.826681472673954e-05, 3.826584270427702e-05, 3.826584270427702e-05, 3.826584270427702e-05, 3.824777604677365e-05, 3.820514439212275e-05, 3.820514439212275e-05, 3.819720541287097e-05, 3.819720541287097e-05, 3.819294283857744e-05, 3.818548157141777e-05, 3.818548157141777e-05, 3.818290474555397e-05, 3.818290474555397e-05, 3.818290474555397e-05, 3.818290474555397e-05, 3.818290474555397e-05, 3.818290474555397e-05, 3.818290474555397e-05, 3.818278401013231e-05, 3.818278401013231e-05, 3.818277650680102e-05, 3.818277650680102e-05, 3.818277650680102e-05, 3.818277650680102e-05, 3.818275104094937e-05, 3.818275104094937e-05, 3.818275104094937e-05, 3.818273808064987e-05, 3.818270897681941e-05, 3.818270897681941e-05, 3.818270897681941e-05, 3.818270806732471e-05, 3.818270806732471e-05, 3.818270806732471e-05, 3.818270806732471e-05, 3.818270806732471e-05, 3.818270124611445e-05, 3.818269965449872e-05, 3.818269897237769e-05, 3.818269897237769e-05, 3.818269897237769e-05, 3.818269897237769e-05]","{""cognitive_weight"": 1.5, ""inertia_weight"": 0.7, ""max_iterations"": 140, ""social_weight"": 1.5, ""swarm_size"": 50}"
schwefel,Schwefel,42,1556,pso,PSO,3,"[-500.0, 500.0]","[420.968746, 420.968746, 420.968746]","[-302.5249398319739, 420.968749572481, 420.9687465338198]",118.43837279714035,723.4936858319738,140,7050,"[389.8819143602584, 389.8819143602584, 365.0026016101226, 365.0026016101226, 365.0026016101226, 365.0026016101226, 365.0026016101226, 341.0678968130778, 341.0678968130778, 319.1460069670409, 270.5878148565446, 241.82834595593192, 159.3338740839581, 159.3338740839581, 159.3338740839581, 144.74129205715576, 144.74129205715576, 128.70657284536173, 119.2416913276993, 119.2416913276993, 118.70325551975657, 118.70325551975657, 118.70325551975657, 118.70325551975657, 118.51227874938218, 118.51227874938218, 118.51227874938218, 118.51227874938218, 118.51227874938218, 118.51227874938218, 118.51227874938218, 118.51227874938218, 118.44145571650279, 118.44145571650279, 118.44145571650279, 118.44145571650279, 118.44145571650279, 118.44145571650279, 118.44145571650279, 118.44145571650279, 118.44145571650279, 118.44105148414519, 118.44105148414519, 118.440511251109, 118.440511251109, 118.43994264118601, 118.43959675335236, 118.43959675335236, 118.43959675335236, 118.43888939740918, 118.43888939740918, 118.43888939740918, 118.43888825748695, 118.43888825748695, 118.43888825748695, 118.43845203993351, 118.43844710483063, 118.43844710483063, 118.4384319411497, 118.43841858273095, 118.438411173026, 118.43840693741822, 118.43838609437057, 118.43838609437057, 118.43838515490825, 118.43838515490825, 118.43838089196242, 118.43838089196242, 118.43838089196242, 118.43837873957591, 118.43837701240818, 118.43837701240818, 118.43837447398005, 118.43837330903443, 118.43837320662442, 118.43837304759018, 118.43837291858449, 118.43837291858449, 118.43837291858449, 118.43837291858449, 118.43837291858449, 118.43837284491656, 118.43837284491656, 118.43837281967535, 118.43837281967535, 118.43837281967535, 118.43837281967535, 118.43837281967535, 118.43837280535718, 118.43837280535718, 118.43837280535718, 118.43837280184471, 118.43837280184471, 118.4383727993013, 118.4383727993013, 118.4383727993013, 118.4383727993013, 118.43837279763716, 118.43837279763716, 118.43837279763716, 118.43837279763716, 118.43837279763716, 118.43837279763716, 118.43837279763716, 118.43837279763716, 118.43837279763716, 118.4383727973659, 118.4383727973659, 118.4383727973659, 118.4383727973659, 118.4383727973659, 118.43837279727177, 118.43837279727177, 118.43837279727177, 118.43837279726381, 118.43837279726336, 118.43837279726336, 118.43837279726336, 118.43837279725312, 118.43837279724312, 118.43837279720901, 118.43837279720901, 118.43837279720901, 118.43837279719878, 118.43837279719605, 118.43837279719605, 118.43837279717991, 118.43837279715672, 118.4383727971533, 118.4383727971533, 118.4383727971533, 118.4383727971508, 118.43837279714899, 118.4383727971449, 118.4383727971449, 118.43837279714444, 118.43837279714444, 118.43837279714444, 118.43837279714444, 118.43837279714035, 118.43837279714035]","{""cognitive_weight"": 1.5, ""inertia_weight"": 0.7, ""max_iterations"": 140, ""social_weight"": 1.5, ""swarm_size"": 50}"
schwefel,Schwefel,43,1557,pso,PSO,3,"[-500.0, 500.0]","[420.968746, 420.968746, 420.968746]","[420.96874502066663, 420.9687463176322, 420.96874545593977]",3.818269897237769e-05,1.1644679632008448e-06,140,7050,"[42.20279448276369, 42.20279448276369, 42.20279448276369, 42.20279448276369, 42.20279448276369, 42.20279448276369, 42.20279448276369, 42.20279448276369, 42.20279448276369, 42.20279448276369, 42.20279448276369, 16.604275003588555, 13.210519309144274, 11.932483772204023, 11.932483772204023, 10.088443331142798, 4.076659988725396, 2.251385198434491, 2.251385198434491, 0.705652003672185, 0.3172701154035167, 0.3172701154035167, 0.3172701154035167, 0.3172701154035167, 0.1247837351279486, 0.1247837351279486, 0.1247837351279486, 0.1247837351279486, 0.10834688887825905, 0.10834688887825905, 0.09437000869570511, 0.09437000869570511, 0.09437000869570511, 0.031129275223975128, 0.031129275223975128, 0.016331470816112414, 0.016331470816112414, 0.016331470816112414, 0.016331470816112414, 0.016331470816112414, 0.016331470816112414, 0.006203729006756475, 0.006203729006756475, 0.001629984470355339, 0.001629984470355339, 0.001629984470355339, 0.00040498314729120466, 0.00040498314729120466, 0.00040498314729120466, 0.00040498314729120466, 0.00040498314729120466, 0.00020417436371644726, 0.00020417436371644726, 0.00020417436371644726, 0.00020417436371644726, 0.00020417436371644726, 0.00020417436371644726, 0.00020417436371644726, 0.00020417436371644726, 0.00014711265112055116, 0.000138517701998353, 9.45318456615496e-05, 9.45318456615496e-05, 4.661401999328518e-05, 4.661401999328518e-05, 4.231809998600511e-05, 4.231809998600511e-05, 4.19902564772201e-05, 4.123030339542311e-05, 4.075442984685651e-05, 4.075442984685651e-05, 4.075442984685651e-05, 4.075442984685651e-05, 4.075442984685651e-05, 3.897421879628382e-05, 3.897421879628382e-05, 3.886347326442774e-05, 3.886347326442774e-05, 3.860404331135214e-05, 3.860404331135214e-05, 3.860404331135214e-05, 3.860404331135214e-05, 3.860404331135214e-05, 3.860404331135214e-05, 3.837567214759474e-05, 3.837567214759474e-05, 3.8341426034094184e-05, 3.830012155958684e-05, 3.8211032006074674e-05, 3.8211032006074674e-05, 3.8211032006074674e-05, 3.8211032006074674e-05, 3.819625430878659e-05, 3.8192410556803225e-05, 3.8192410556803225e-05, 3.8192410556803225e-05, 3.8192410556803225e-05, 3.81904737878358e-05, 3.81904737878358e-05, 3.81904737878358e-05, 3.818778623099206e-05, 3.818778623099206e-05, 3.818778623099206e-05, 3.818367304120329e-05, 3.818367304120329e-05, 3.818367304120329e-05, 3.818347659034771e-05, 3.818347659034771e-05, 3.8183387914614286e-05, 3.8183387914614286e-05, 3.818304935521155e-05, 3.818304935521155e-05, 3.818300001512398e-05, 3.8182909520401154e-05, 3.8182909520401154e-05, 3.8182909520401154e-05, 3.8182787648111116e-05, 3.8182787648111116e-05, 3.818277309619589e-05, 3.818277309619589e-05, 3.818276354650152e-05, 3.818275763478596e-05, 3.818270420197223e-05, 3.818270420197223e-05, 3.818270420197223e-05, 3.818270420197223e-05, 3.818270010924607e-05, 3.818270010924607e-05, 3.818269965449872e-05, 3.818269965449872e-05, 3.818269965449872e-05, 3.818269965449872e-05, 3.818269965449872e-05, 3.818269897237769e-05, 3.818269897237769e-05, 3.818269897237769e-05, 3.818269897237769e-05, 3.818269897237769e-05, 3.818269897237769e-05, 3.818269897237769e-05, 3.818269897237769e-05]","{""cognitive_weight"": 1.5, ""inertia_weight"": 0.7, ""max_iterations"": 140, ""social_weight"": 1.5, ""swarm_size"": 50}"
schwefel,Schwefel,44,1558,pso,PSO,3,"[-500.0, 500.0]","[420.968746, 420.968746, 420.968746]","[420.96874687611876, 420.9687460529146, 420.9687455802739]",3.818269897237769e-05,9.72910081986862e-07,140,7050,"[564.1377287970201, 564.1377287970201, 564.1377287970201, 300.48273409516366, 300.48273409516366, 300.48273409516366, 260.82567974590097, 230.22203093230587, 230.22203093230587, 230.22203093230587, 223.62685279987295, 223.62685279987295, 220.2464634800449, 220.2464634800449, 220.2464634800449, 219.2982715399828, 137.12123977204487, 126.13126902709564, 71.04009397113805, 71.04009397113805, 37.74925152767673, 9.099069947083535, 9.099069947083535, 9.099069947083535, 9.099069947083535, 1.3589558660005423, 1.3589558660005423, 1.3589558660005423, 1.3589558660005423, 1.3589558660005423, 1.3589558660005423, 1.234857546420244, 1.234857546420244, 1.234857546420244, 0.6263058903900856, 0.22216111709985853, 0.22216111709985853, 0.22216111709985853, 0.22216111709985853, 0.15021766018116978, 0.15021766018116978, 0.07578310590611181, 0.07578310590611181, 0.06623729583043314, 0.03733177609115046, 0.016568213938626286, 0.0019965411211160244, 0.0019965411211160244, 0.0019965411211160244, 0.0019965411211160244, 0.0019965411211160244, 0.0019965411211160244, 0.0019965411211160244, 0.0019965411211160244, 0.0008116019398585195, 0.0002975852758027031, 0.0002975852758027031, 0.00029478236865543295, 0.00029478236865543295, 0.00029478236865543295, 0.00029478236865543295, 0.00029478236865543295, 0.00029478236865543295, 0.00029478236865543295, 0.00029478236865543295, 0.00017757448222255334, 0.00016193646729334432, 9.782624397303152e-05, 7.56173760692036e-05, 7.56173760692036e-05, 7.56173760692036e-05, 5.627183122669521e-05, 5.627183122669521e-05, 5.627183122669521e-05, 5.127307122165803e-05, 5.127307122165803e-05, 4.595296536535898e-05, 4.595296536535898e-05, 4.595296536535898e-05, 4.595296536535898e-05, 4.26698895807931e-05, 4.26698895807931e-05, 4.26698895807931e-05, 4.019167818114511e-05, 4.019167818114511e-05, 4.018651065962331e-05, 4.018651065962331e-05, 3.964602638006909e-05, 3.964602638006909e-05, 3.964602638006909e-05, 3.917625235771993e-05, 3.917625235771993e-05, 3.845210585495806e-05, 3.845210585495806e-05, 3.845210585495806e-05, 3.845210585495806e-05, 3.845210585495806e-05, 3.826072270385339e-05, 3.826072270385339e-05, 3.818790514742432e-05, 3.818790514742432e-05, 3.818790514742432e-05, 3.818790514742432e-05, 3.818790514742432e-05, 3.818790514742432e-05, 3.818790514742432e-05, 3.8184675759112e-05, 3.8184675759112e-05, 3.818386630882742e-05, 3.818386630882742e-05, 3.8183673950697994e-05, 3.818360664809006e-05, 3.818360664809006e-05, 3.818360664809006e-05, 3.8183540709724184e-05, 3.818273671640782e-05, 3.818273671640782e-05, 3.818273671640782e-05, 3.818273671640782e-05, 3.818273671640782e-05, 3.818273671640782e-05, 3.818273671640782e-05, 3.818273671640782e-05, 3.818273671640782e-05, 3.818273671640782e-05, 3.818273671640782e-05, 3.818273671640782e-05, 3.8182709886314115e-05, 3.8182709886314115e-05, 3.818270602096163e-05, 3.818270602096163e-05, 3.818270602096163e-05, 3.818270602096163e-05, 3.818270306510385e-05, 3.8182700336619746e-05, 3.818269965449872e-05, 3.818269965449872e-05, 3.818269965449872e-05, 3.818269965449872e-05, 3.818269919975137e-05, 3.818269897237769e-05]","{""cognitive_weight"": 1.5, ""inertia_weight"": 0.7, ""max_iterations"": 140, ""social_weight"": 1.5, ""swarm_size"": 50}"
schwefel,Schwefel,45,1559,pso,PSO,3,"[-500.0, 500.0]","[420.968746, 420.968746, 420.968746]","[420.96874842576176, 420.968745450404, 420.9687459013059]",3.8182699427125044e-05,2.489199941774578e-06,140,7050,"[331.09890783571393, 331.09890783571393, 331.09890783571393, 293.97711290659686, 208.77027640363485, 208.77027640363485, 154.74869023069004, 122.0892880576364, 30.138023042196664, 30.138023042196664, 30.138023042196664, 14.279024977744257, 14.279024977744257, 11.774242311077387, 6.7585350842684875, 6.7585350842684875, 6.7585350842684875, 3.6360236056323174, 0.41068533680686414, 0.41068533680686414, 0.41068533680686414, 0.41068533680686414, 0.41068533680686414, 0.41068533680686414, 0.41068533680686414, 0.41068533680686414, 0.41068533680686414, 0.40201327229146955, 0.40201327229146955, 0.1318371914276213, 0.1318371914276213, 0.1318371914276213, 0.1147368381657543, 0.1147368381657543, 0.010408126795255157, 0.010408126795255157, 0.010408126795255157, 0.010408126795255157, 0.010408126795255157, 0.0060067986723879585, 0.0060067986723879585, 0.003512858105750638, 0.003512858105750638, 0.003512858105750638, 0.003512858105750638, 0.003512858105750638, 0.003512858105750638, 0.002765747988860312, 0.002765747988860312, 0.002765747988860312, 0.000437510401752661, 0.000437510401752661, 0.000437510401752661, 0.000437510401752661, 0.000437510401752661, 0.000437510401752661, 0.000437510401752661, 0.000437510401752661, 0.000437510401752661, 0.0003414376158161758, 0.0003414376158161758, 0.0003414376158161758, 0.0003414376158161758, 0.0002906608556259016, 0.00017207098153448896, 0.0001631978213936236, 0.00011952174850193842, 0.00011952174850193842, 8.458441971015418e-05, 5.601436305369134e-05, 4.419014862833137e-05, 3.9918845459396834e-05, 3.889169420290273e-05, 3.889169420290273e-05, 3.862221342387784e-05, 3.862221342387784e-05, 3.858183595184528e-05, 3.858183595184528e-05, 3.858183595184528e-05, 3.858183595184528e-05, 3.855873910652008e-05, 3.8544356129932567e-05, 3.8544356129932567e-05, 3.840963017864851e-05, 3.822403118647344e-05, 3.822403118647344e-05, 3.822403118647344e-05, 3.822403118647344e-05, 3.82119048936147e-05, 3.82119048936147e-05, 3.82119048936147e-05, 3.82119048936147e-05, 3.82119048936147e-05, 3.8211483115446754e-05, 3.820792198894196e-05, 3.820792198894196e-05, 3.819871540144959e-05, 3.819472408395086e-05, 3.819472408395086e-05, 3.8194606077013304e-05, 3.8194606077013304e-05, 3.819407493210747e-05, 3.819407493210747e-05, 3.818367349595064e-05, 3.818367349595064e-05, 3.818319873971632e-05, 3.818319873971632e-05, 3.818319873971632e-05, 3.818319873971632e-05, 3.8182992284419015e-05, 3.8182992284419015e-05, 3.8182992284419015e-05, 3.8182992284419015e-05, 3.818286313617136e-05, 3.818286313617136e-05, 3.81828563149611e-05, 3.81828563149611e-05, 3.81828563149611e-05, 3.81828563149611e-05, 3.818280401901575e-05, 3.818280401901575e-05, 3.818280401901575e-05, 3.818276786660135e-05, 3.818276786660135e-05, 3.818276786660135e-05, 3.818276786660135e-05, 3.818276786660135e-05, 3.818276786660135e-05, 3.818274444711278e-05, 3.818274444711278e-05, 3.8182719890755834e-05, 3.8182709431566764e-05, 3.818270397459855e-05, 3.8182699881872395e-05, 3.8182699881872395e-05, 3.8182699881872395e-05, 3.8182699881872395e-05, 3.8182699881872395e-05, 3.8182699427125044e-05, 3.8182699427125044e-05, 3.8182699427125044e-05]","{""cognitive_weight"": 1.5, ""inertia_weight"": 0.7, ""max_iterations"": 140, ""social_weight"": 1.5, ""swarm_size"": 50}"
schwefel,Schwefel,46,1560,pso,PSO,3,"[-500.0, 500.0]","[420.968746, 420.968746, 420.968746]","[420.9687476900548, 420.9687451224887, 420.9687464015169]",3.818269897237769e-05,1.9461569913911607e-06,140,7050,"[104.77470071358721, 104.77470071358721, 104.77470071358721, 104.77470071358721, 104.77470071358721, 104.77470071358721, 104.77470071358721, 104.77470071358721, 31.995830712630095, 31.995830712630095, 31.995830712630095, 30.20759788878013, 29.878044259120543, 15.291269071749866, 11.951731483239428, 4.1932286083911094, 4.1932286083911094, 4.1932286083911094, 4.1932286083911094, 1.2496016395148217, 1.072005245956916, 1.072005245956916, 1.072005245956916, 0.5565340851198926, 0.5565340851198926, 0.5565340851198926, 0.33029374422903857, 0.33029374422903857, 0.33029374422903857, 0.12839816751534272, 0.12839816751534272, 0.050048320564656024, 0.050048320564656024, 0.02436935752825775, 0.018310773072698794, 0.018310773072698794, 0.018310773072698794, 0.002787301754779037, 0.002787301754779037, 0.00087856596542224, 0.00087856596542224, 0.00087856596542224, 0.00087856596542224, 0.0007390322875835409, 0.0007390322875835409, 0.0007390322875835409, 0.0005214062719005597, 0.0002191440571550629, 0.00012674932372647163, 0.0001204765169404709, 0.0001204765169404709, 0.00010012368238676572, 8.843361774779623e-05, 8.843361774779623e-05, 8.775720471021486e-05, 8.641427484690212e-05, 8.552141935069812e-05, 8.491954622513731e-05, 8.450956670458254e-05, 4.787452394339198e-05, 4.505327797232894e-05, 4.505327797232894e-05, 4.305029824536177e-05, 4.305029824536177e-05, 4.305029824536177e-05, 4.305029824536177e-05, 4.305029824536177e-05, 4.283194903109688e-05, 4.283194903109688e-05, 4.283194903109688e-05, 4.283194903109688e-05, 4.283194903109688e-05, 4.283194903109688e-05, 4.143082082919136e-05, 4.0832738477547537e-05, 4.0832738477547537e-05, 4.0832738477547537e-05, 3.860611423078808e-05, 3.827080740848032e-05, 3.827080740848032e-05, 3.827080740848032e-05, 3.827080740848032e-05, 3.827080740848032e-05, 3.827080740848032e-05, 3.823271504188597e-05, 3.823271504188597e-05, 3.823271504188597e-05, 3.823127735813614e-05, 3.823127735813614e-05, 3.823127735813614e-05, 3.820092251771712e-05, 3.820092251771712e-05, 3.820092251771712e-05, 3.820092251771712e-05, 3.820092251771712e-05, 3.820092251771712e-05, 3.820092251771712e-05, 3.820092251771712e-05, 3.8198904803721234e-05, 3.818414575107454e-05, 3.818297568614071e-05, 3.818297568614071e-05, 3.818297568614071e-05, 3.818297568614071e-05, 3.818297568614071e-05, 3.818297568614071e-05, 3.818297568614071e-05, 3.818297568614071e-05, 3.818297568614071e-05, 3.818297568614071e-05, 3.818297568614071e-05, 3.81828674562712e-05, 3.81828674562712e-05, 3.81828674562712e-05, 3.81828674562712e-05, 3.81828674562712e-05, 3.81828674562712e-05, 3.81828674562712e-05, 3.8182784692253335e-05, 3.818273057731858e-05, 3.818273057731858e-05, 3.818273057731858e-05, 3.8182701928235474e-05, 3.8182701928235474e-05, 3.8182701928235474e-05, 3.8182701928235474e-05, 3.8182701928235474e-05, 3.8182700336619746e-05, 3.8182700336619746e-05, 3.8182700336619746e-05, 3.8182700336619746e-05, 3.8182700336619746e-05, 3.8182700336619746e-05, 3.8182699427125044e-05, 3.8182699427125044e-05, 3.8182699427125044e-05, 3.8182699427125044e-05, 3.8182699427125044e-05, 3.8182699427125044e-05, 3.818269897237769e-05, 3.818269897237769e-05]","{""cognitive_weight"": 1.5, ""inertia_weight"": 0.7, ""max_iterations"": 140, ""social_weight"": 1.5, ""swarm_size"": 50}"
schwefel,Schwefel,47,1561,pso,PSO,3,"[-500.0, 500.0]","[420.968746, 420.968746, 420.968746]","[420.9687469740266, 420.9687427980228, 420.96874610331116]",3.8182700336619746e-05,3.3484412977279827e-06,140,7050,"[407.216240793668, 407.216240793668, 407.216240793668, 285.2859222310443, 285.2859222310443, 285.2859222310443, 41.69088603108753, 41.69088603108753, 41.69088603108753, 41.69088603108753, 40.938279777077696, 14.615540898483914, 12.13143754832231, 9.94689351525949, 5.049424281991151, 0.11318184772380846, 0.11318184772380846, 0.11318184772380846, 0.11318184772380846, 0.11318184772380846, 0.11318184772380846, 0.11318184772380846, 0.11318184772380846, 0.08645767150187567, 0.08645767150187567, 0.08645767150187567, 0.06248886001571918, 0.06248886001571918, 0.06248886001571918, 0.029216055648475958, 0.029216055648475958, 0.02177420662746954, 0.02177420662746954, 0.010484088052862717, 0.010484088052862717, 0.010484088052862717, 0.010484088052862717, 0.005717191255598664, 0.005717191255598664, 0.005717191255598664, 0.004339115173479513, 0.004339115173479513, 0.004339115173479513, 0.0043329077959697315, 0.003327624624262171, 0.002088163041662483, 0.0002809395721214969, 0.0002809395721214969, 0.0002809395721214969, 0.00026617939261086576, 0.00026617939261086576, 0.0001935533891810337, 0.0001935533891810337, 0.00017085714830500365, 0.00017085714830500365, 0.00012253792488081672, 9.158662669506157e-05, 9.158662669506157e-05, 9.158662669506157e-05, 9.158662669506157e-05, 9.158662669506157e-05, 9.102222156798234e-05, 9.102222156798234e-05, 5.305944796418771e-05, 5.305944796418771e-05, 5.066759558758349e-05, 5.066759558758349e-05, 4.16105544900347e-05, 4.16105544900347e-05, 4.16105544900347e-05, 4.16105544900347e-05, 3.995148858848552e-05, 3.995148858848552e-05, 3.9875310903880745e-05, 3.9875310903880745e-05, 3.886660033458611e-05, 3.8709279124304885e-05, 3.863944903059746e-05, 3.863944903059746e-05, 3.833418600152072e-05, 3.833418600152072e-05, 3.8254714127106126e-05, 3.8254714127106126e-05, 3.8254714127106126e-05, 3.822996268354473e-05, 3.822996268354473e-05, 3.822996268354473e-05, 3.822996268354473e-05, 3.819877611022093e-05, 3.819877611022093e-05, 3.819877611022093e-05, 3.819877611022093e-05, 3.819877611022093e-05, 3.81909599127539e-05, 3.818729919657926e-05, 3.818729919657926e-05, 3.81868062504509e-05, 3.81868062504509e-05, 3.81868062504509e-05, 3.81868062504509e-05, 3.81868062504509e-05, 3.81868062504509e-05, 3.81868062504509e-05, 3.8186018628039164e-05, 3.8186018628039164e-05, 3.8184417917364044e-05, 3.8183656897672336e-05, 3.8182833577593556e-05, 3.8182833577593556e-05, 3.8182833577593556e-05, 3.8182833577593556e-05, 3.8182833577593556e-05, 3.8182833577593556e-05, 3.8182833577593556e-05, 3.8182833577593556e-05, 3.8182833577593556e-05, 3.8182833577593556e-05, 3.818276059064374e-05, 3.818276059064374e-05, 3.818272216449259e-05, 3.818272216449259e-05, 3.818271875388746e-05, 3.818271875388746e-05, 3.818271875388746e-05, 3.818270806732471e-05, 3.818270806732471e-05, 3.818270806732471e-05, 3.8182707385203685e-05, 3.8182707385203685e-05, 3.8182707385203685e-05, 3.8182702382982825e-05, 3.8182702382982825e-05, 3.8182701928235474e-05, 3.8182701928235474e-05, 3.8182700336619746e-05, 3.8182700336619746e-05, 3.8182700336619746e-05, 3.8182700336619746e-05, 3.8182700336619746e-05, 3.8182700336619746e-05, 3.8182700336619746e-05]","{""cognitive_weight"": 1.5, ""inertia_weight"": 0.7, ""max_iterations"": 140, ""social_weight"": 1.5, ""swarm_size"": 50}"
schwefel,Schwefel,48,1562,pso,PSO,3,"[-500.0, 500.0]","[420.968746, 420.968746, 420.968746]","[420.96874485475746, 420.96874717956183, 420.9687459406405]",3.818269919975137e-05,1.6451352956152491e-06,140,7050,"[569.4365289346958, 526.0348138943914, 526.0348138943914, 526.0348138943914, 286.83963596918954, 286.83963596918954, 50.233831606361946, 50.233831606361946, 50.233831606361946, 50.233831606361946, 50.233831606361946, 50.233831606361946, 50.233831606361946, 18.91884463733527, 18.91884463733527, 18.91884463733527, 18.91884463733527, 17.26433164638547, 14.8909776947703, 7.4179828973406075, 7.4179828973406075, 3.9583493820518925, 3.9583493820518925, 1.1087081468695033, 1.1087081468695033, 1.1087081468695033, 0.24368400447133354, 0.24368400447133354, 0.24368400447133354, 0.24368400447133354, 0.24368400447133354, 0.24368400447133354, 0.24368400447133354, 0.24368400447133354, 0.24368400447133354, 0.24368400447133354, 0.24368400447133354, 0.23113343991485635, 0.007932815098229185, 0.007932815098229185, 0.006015477133132663, 0.006015477133132663, 0.004486139621803886, 0.004486139621803886, 0.004407510635246581, 0.004407510635246581, 0.004407510635246581, 0.004407510635246581, 0.004407510635246581, 0.004407510635246581, 0.004407510635246581, 0.002105890756865847, 0.002105890756865847, 0.00044901773253513966, 0.0004036785787775443, 0.0004036785787775443, 0.0003006946922141651, 0.0003006946922141651, 0.0003006946922141651, 0.0003006946922141651, 0.0001045053759298753, 0.0001045053759298753, 0.0001045053759298753, 0.0001045053759298753, 0.0001045053759298753, 0.0001045053759298753, 0.0001045053759298753, 7.223719990179234e-05, 7.223719990179234e-05, 7.223719990179234e-05, 5.461244450088998e-05, 3.822125449914893e-05, 3.822125449914893e-05, 3.822125449914893e-05, 3.822125449914893e-05, 3.822125449914893e-05, 3.822125449914893e-05, 3.822125449914893e-05, 3.822125449914893e-05, 3.822125449914893e-05, 3.822125449914893e-05, 3.822125449914893e-05, 3.822125449914893e-05, 3.822125449914893e-05, 3.822125449914893e-05, 3.822125449914893e-05, 3.822125449914893e-05, 3.822125449914893e-05, 3.822125449914893e-05, 3.822125449914893e-05, 3.822125449914893e-05, 3.822125449914893e-05, 3.822125449914893e-05, 3.822125449914893e-05, 3.822125449914893e-05, 3.822125449914893e-05, 3.822125449914893e-05, 3.822125449914893e-05, 3.822125449914893e-05, 3.822125449914893e-05, 3.819888297584839e-05, 3.819888297584839e-05, 3.819888297584839e-05, 3.819888297584839e-05, 3.819888297584839e-05, 3.8189271890587406e-05, 3.8189271890587406e-05, 3.818744198724744e-05, 3.818744198724744e-05, 3.818744198724744e-05, 3.8184444292710396e-05, 3.818382992903935e-05, 3.818382992903935e-05, 3.818382992903935e-05, 3.818348704953678e-05, 3.818348704953678e-05, 3.818348704953678e-05, 3.818348704953678e-05, 3.8182864500413416e-05, 3.8182864500413416e-05, 3.818276059064374e-05, 3.818276059064374e-05, 3.818273194156063e-05, 3.818273194156063e-05, 3.818273194156063e-05, 3.818273194156063e-05, 3.818273194156063e-05, 3.818272921307653e-05, 3.818270874944574e-05, 3.818270874944574e-05, 3.8182699427125044e-05, 3.8182699427125044e-05, 3.8182699427125044e-05, 3.8182699427125044e-05, 3.8182699427125044e-05, 3.8182699427125044e-05, 3.8182699427125044e-05, 3.8182699427125044e-05, 3.8182699427125044e-05, 3.8182699427125044e-05, 3.818269919975137e-05]","{""cognitive_weight"": 1.5, ""inertia_weight"": 0.7, ""max_iterations"": 140, ""social_weight"": 1.5, ""swarm_size"": 50}"
schwefel,Schwefel,49,1563,pso,PSO,3,"[-500.0, 500.0]","[420.968746, 420.968746, 420.968746]","[420.96880956508414, 420.9691504222433, 420.96926022556255]",3.823712427220016e-05,0.0006572866953903877,140,7050,"[342.10836405125906, 342.10836405125906, 342.10836405125906, 342.10836405125906, 342.10836405125906, 342.10836405125906, 342.10836405125906, 340.87370072805277, 289.5803165267989, 160.86281125620485, 160.86281125620485, 132.8867812471924, 132.8867812471924, 132.8867812471924, 126.00814779120037, 126.00814779120037, 121.66456468337947, 121.66456468337947, 121.66456468337947, 121.66456468337947, 121.66456468337947, 121.66456468337947, 121.66456468337947, 121.66456468337947, 118.59793580915152, 118.59793580915152, 118.59793580915152, 118.59793580915152, 118.59184706661654, 118.59184706661654, 118.59184706661654, 118.59184706661654, 118.59184706661654, 118.59184706661654, 118.59184706661654, 118.59184706661654, 118.59184706661654, 118.49551217059116, 118.46753993415246, 118.46753993415246, 118.46753993415246, 118.46753993415246, 118.46104942905549, 118.44160454858434, 118.44160454858434, 118.44160454858434, 118.43990624611547, 118.43910109968783, 23.812472652886072, 19.229369841808875, 19.229369841808875, 19.143571265871515, 19.143571265871515, 19.143571265871515, 6.544328780895967, 4.709759133707621, 2.4536425487417546, 2.4536425487417546, 1.2510021117118413, 1.2510021117118413, 0.6726855599249575, 0.6726855599249575, 0.6726855599249575, 0.6726855599249575, 0.6726855599249575, 0.1801255327236504, 0.1801255327236504, 0.1801255327236504, 0.1801255327236504, 0.019829367392958375, 0.019829367392958375, 0.019829367392958375, 0.019829367392958375, 0.019829367392958375, 0.019829367392958375, 0.019829367392958375, 0.019829367392958375, 0.019829367392958375, 0.019829367392958375, 0.008306855358341636, 0.008306855358341636, 0.008306855358341636, 0.008306855358341636, 0.005442785886771162, 0.004835479227040196, 0.004835479227040196, 0.004835479227040196, 0.0045720341377091245, 0.0019103795202681795, 0.0019103795202681795, 0.0018456335728842532, 0.0006431670103665965, 0.0006431670103665965, 0.0003667265436888556, 0.0003667265436888556, 0.0002678194869076833, 0.0002678194869076833, 0.00012774473862009472, 0.00012774473862009472, 0.00012774473862009472, 0.00012774473862009472, 0.00012774473862009472, 0.00012774473862009472, 0.00012647387075048755, 0.00012647387075048755, 0.00012647387075048755, 0.00012647387075048755, 0.00012647387075048755, 6.292491298154346e-05, 5.836818922944076e-05, 4.796737653123273e-05, 4.796737653123273e-05, 4.796737653123273e-05, 4.3014885477532516e-05, 4.3014885477532516e-05, 4.3014885477532516e-05, 4.3014885477532516e-05, 4.3014885477532516e-05, 3.943105321013718e-05, 3.943105321013718e-05, 3.943105321013718e-05, 3.943105321013718e-05, 3.893945358868223e-05, 3.893945358868223e-05, 3.893945358868223e-05, 3.893945358868223e-05, 3.893945358868223e-05, 3.82763621473714e-05, 3.82763621473714e-05, 3.82763621473714e-05, 3.82763621473714e-05, 3.82763621473714e-05, 3.82763621473714e-05, 3.82763621473714e-05, 3.82763621473714e-05, 3.82763621473714e-05, 3.82763621473714e-05, 3.82763621473714e-05, 3.82763621473714e-05, 3.82763621473714e-05, 3.823712427220016e-05]","{""cognitive_weight"": 1.5, ""inertia_weight"": 0.7, ""max_iterations"": 140, ""social_weight"": 1.5, ""swarm_size"": 50}"
schwefel,Schwefel,50,1555,pso,PSO,3,"[-500.0, 500.0]","[420.968746, 420.968746, 420.968746]","[420.96874754090123, 420.96874551880614, 420.9687474400237]",3.818269897237769e-05,2.163236556520452e-06,140,7050,"[532.3477889570162, 532.3477889570162, 532.3477889570162, 532.3477889570162, 532.3477889570162, 380.3164349740407, 78.84497473418924, 78.84497473418924, 78.84497473418924, 78.84497473418924, 17.938921898532044, 17.938921898532044, 17.938921898532044, 17.3283998594261, 9.667923530922508, 9.667923530922508, 1.837699717498026, 1.2959845176474118, 1.2959845176474118, 1.2959845176474118, 1.2959845176474118, 1.2959845176474118, 1.2959845176474118, 1.2959845176474118, 1.2959845176474118, 1.2959845176474118, 1.2959845176474118, 0.4776075815511831, 0.4776075815511831, 0.4776075815511831, 0.1598781908935507, 0.1598781908935507, 0.1598781908935507, 0.1598781908935507, 0.1598781908935507, 0.1598781908935507, 0.08271487788260856, 0.08271487788260856, 0.006788235246631302, 0.0027087489631867356, 0.0027087489631867356, 0.0027087489631867356, 0.0027087489631867356, 0.0027087489631867356, 0.0013361948183501227, 0.0013361948183501227, 0.0013361948183501227, 0.0013361948183501227, 0.0013361948183501227, 0.0013361948183501227, 0.0013361948183501227, 0.0006776574000468827, 0.0006776574000468827, 0.0004278592780337931, 0.0004278592780337931, 0.00017738951555656968, 0.00017738951555656968, 0.00017738951555656968, 0.00017738951555656968, 0.0001387604045248736, 4.525186568571371e-05, 4.525186568571371e-05, 4.525186568571371e-05, 4.525186568571371e-05, 4.087407137376431e-05, 4.087407137376431e-05, 4.087407137376431e-05, 4.087407137376431e-05, 4.087407137376431e-05, 4.087407137376431e-05, 4.087407137376431e-05, 4.087407137376431e-05, 3.956871569243958e-05, 3.956871569243958e-05, 3.9464919154852396e-05, 3.94476082874462e-05, 3.94476082874462e-05, 3.94476082874462e-05, 3.94476082874462e-05, 3.898188128914626e-05, 3.8916801941013546e-05, 3.8916801941013546e-05, 3.858891886920901e-05, 3.858891886920901e-05, 3.83801891530311e-05, 3.837156759800564e-05, 3.837156759800564e-05, 3.833727328128589e-05, 3.833727328128589e-05, 3.833727328128589e-05, 3.830393075077154e-05, 3.830393075077154e-05, 3.830393075077154e-05, 3.827180398729979e-05, 3.827180398729979e-05, 3.827180398729979e-05, 3.826681472673954e-05, 3.826681472673954e-05, 3.826681472673954e-05, 3.826584270427702e-05, 3.826584270427702e-05, 3.826584270427702e-05, 3.824777604677365e-05, 3.820514439212275e-05, 3.820514439212275e-05, 3.819720541287097e-05, 3.819720541287097e-05, 3.819294283857744e-05, 3.818548157141777e-05, 3.818548157141777e-05, 3.818290474555397e-05, 3.818290474555397e-05, 3.818290474555397e-05, 3.818290474555397e-05, 3.818290474555397e-05, 3.818290474555397e-05, 3.818290474555397e-05, 3.818278401013231e-05, 3.818278401013231e-05, 3.818277650680102e-05, 3.818277650680102e-05, 3.818277650680102e-05, 3.818277650680102e-05, 3.818275104094937e-05, 3.818275104094937e-05, 3.818275104094937e-05, 3.818273808064987e-05, 3.818270897681941e-05, 3.818270897681941e-05, 3.818270897681941e-05, 3.818270806732471e-05, 3.818270806732471e-05, 3.818270806732471e-05, 3.818270806732471e-05, 3.818270806732471e-05, 3.818270124611445e-05, 3.818269965449872e-05, 3.818269897237769e-05, 3.818269897237769e-05, 3.818269897237769e-05, 3.818269897237769e-05]","{""cognitive_weight"": 1.5, ""inertia_weight"": 0.7, ""max_iterations"": 140, ""social_weight"": 1.5, ""swarm_size"": 50}"
schwefel,Schwefel,51,1556,pso,PSO,3,"[-500.0, 500.0]","[420.968746, 420.968746, 420.968746]","[-302.5249398319739, 420.968749572481, 420.9687465338198]",118.43837279714035,723.4936858319738,140,7050,"[389.8819143602584, 389.8819143602584, 365.0026016101226, 365.0026016101226, 365.0026016101226, 365.0026016101226, 365.0026016101226, 341.0678968130778, 341.0678968130778, 319.1460069670409, 270.5878148565446, 241.82834595593192, 159.3338740839581, 159.3338740839581, 159.3338740839581, 144.74129205715576, 144.74129205715576, 128.70657284536173, 119.2416913276993, 119.2416913276993, 118.70325551975657, 118.70325551975657, 118.70325551975657, 118.70325551975657, 118.51227874938218, 118.51227874938218, 118.51227874938218, 118.51227874938218, 118.51227874938218, 118.51227874938218, 118.51227874938218, 118.51227874938218, 118.44145571650279, 118.44145571650279, 118.44145571650279, 118.44145571650279, 118.44145571650279, 118.44145571650279, 118.44145571650279, 118.44145571650279, 118.44145571650279, 118.44105148414519, 118.44105148414519, 118.440511251109, 118.440511251109, 118.43994264118601, 118.43959675335236, 118.43959675335236, 118.43959675335236, 118.43888939740918, 118.43888939740918, 118.43888939740918, 118.43888825748695, 118.43888825748695, 118.43888825748695, 118.43845203993351, 118.43844710483063, 118.43844710483063, 118.4384319411497, 118.43841858273095, 118.438411173026, 118.43840693741822, 118.43838609437057, 118.43838609437057, 118.43838515490825, 118.43838515490825, 118.43838089196242, 118.43838089196242, 118.43838089196242, 118.43837873957591, 118.43837701240818, 118.43837701240818, 118.43837447398005, 118.43837330903443, 118.43837320662442, 118.43837304759018, 118.43837291858449, 118.43837291858449, 118.43837291858449, 118.43837291858449, 118.43837291858449, 118.43837284491656, 118.43837284491656, 118.43837281967535, 118.43837281967535, 118.43837281967535, 118.43837281967535, 118.43837281967535, 118.43837280535718, 118.43837280535718, 118.43837280535718, 118.43837280184471, 118.43837280184471, 118.4383727993013, 118.4383727993013, 118.4383727993013, 118.4383727993013, 118.43837279763716, 118.43837279763716, 118.43837279763716, 118.43837279763716, 118.43837279763716, 118.43837279763716, 118.43837279763716, 118.43837279763716, 118.43837279763716, 118.4383727973659, 118.4383727973659, 118.4383727973659, 118.4383727973659, 118.4383727973659, 118.43837279727177, 118.43837279727177, 118.43837279727177, 118.43837279726381, 118.43837279726336, 118.43837279726336, 118.43837279726336, 118.43837279725312, 118.43837279724312, 118.43837279720901, 118.43837279720901, 118.43837279720901, 118.43837279719878, 118.43837279719605, 118.43837279719605, 118.43837279717991, 118.43837279715672, 118.4383727971533, 118.4383727971533, 118.4383727971533, 118.4383727971508, 118.43837279714899, 118.4383727971449, 118.4383727971449, 118.43837279714444, 118.43837279714444, 118.43837279714444, 118.43837279714444, 118.43837279714035, 118.43837279714035]","{""cognitive_weight"": 1.5, ""inertia_weight"": 0.7, ""max_iterations"": 140, ""social_weight"": 1.5, ""swarm_size"": 50}"
schwefel,Schwefel,52,1557,pso,PSO,3,"[-500.0, 500.0]","[420.968746, 420.968746, 420.968746]","[420.96874502066663, 420.9687463176322, 420.96874545593977]",3.818269897237769e-05,1.1644679632008448e-06,140,7050,"[42.20279448276369, 42.20279448276369, 42.20279448276369, 42.20279448276369, 42.20279448276369, 42.20279448276369, 42.20279448276369, 42.20279448276369, 42.20279448276369, 42.20279448276369, 42.20279448276369, 16.604275003588555, 13.210519309144274, 11.932483772204023, 11.932483772204023, 10.088443331142798, 4.076659988725396, 2.251385198434491, 2.251385198434491, 0.705652003672185, 0.3172701154035167, 0.3172701154035167, 0.3172701154035167, 0.3172701154035167, 0.1247837351279486, 0.1247837351279486, 0.1247837351279486, 0.1247837351279486, 0.10834688887825905, 0.10834688887825905, 0.09437000869570511, 0.09437000869570511, 0.09437000869570511, 0.031129275223975128, 0.031129275223975128, 0.016331470816112414, 0.016331470816112414, 0.016331470816112414, 0.016331470816112414, 0.016331470816112414, 0.016331470816112414, 0.006203729006756475, 0.006203729006756475, 0.001629984470355339, 0.001629984470355339, 0.001629984470355339, 0.00040498314729120466, 0.00040498314729120466, 0.00040498314729120466, 0.00040498314729120466, 0.00040498314729120466, 0.00020417436371644726, 0.00020417436371644726, 0.00020417436371644726, 0.00020417436371644726, 0.00020417436371644726, 0.00020417436371644726, 0.00020417436371644726, 0.00020417436371644726, 0.00014711265112055116, 0.000138517701998353, 9.45318456615496e-05, 9.45318456615496e-05, 4.661401999328518e-05, 4.661401999328518e-05, 4.231809998600511e-05, 4.231809998600511e-05, 4.19902564772201e-05, 4.123030339542311e-05, 4.075442984685651e-05, 4.075442984685651e-05, 4.075442984685651e-05, 4.075442984685651e-05, 4.075442984685651e-05, 3.897421879628382e-05, 3.897421879628382e-05, 3.886347326442774e-05, 3.886347326442774e-05, 3.860404331135214e-05, 3.860404331135214e-05, 3.860404331135214e-05, 3.860404331135214e-05, 3.860404331135214e-05, 3.860404331135214e-05, 3.837567214759474e-05, 3.837567214759474e-05, 3.8341426034094184e-05, 3.830012155958684e-05, 3.8211032006074674e-05, 3.8211032006074674e-05, 3.8211032006074674e-05, 3.8211032006074674e-05, 3.819625430878659e-05, 3.8192410556803225e-05, 3.8192410556803225e-05, 3.8192410556803225e-05, 3.8192410556803225e-05, 3.81904737878358e-05, 3.81904737878358e-05, 3.81904737878358e-05, 3.818778623099206e-05, 3.818778623099206e-05, 3.818778623099206e-05, 3.818367304120329e-05, 3.818367304120329e-05, 3.818367304120329e-05, 3.818347659034771e-05, 3.818347659034771e-05, 3.8183387914614286e-05, 3.8183387914614286e-05, 3.818304935521155e-05, 3.818304935521155e-05, 3.818300001512398e-05, 3.8182909520401154e-05, 3.8182909520401154e-05, 3.8182909520401154e-05, 3.8182787648111116e-05, 3.8182787648111116e-05, 3.818277309619589e-05, 3.818277309619589e-05, 3.818276354650152e-05, 3.818275763478596e-05, 3.818270420197223e-05, 3.818270420197223e-05, 3.818270420197223e-05, 3.818270420197223e-05, 3.818270010924607e-05, 3.818270010924607e-05, 3.818269965449872e-05, 3.818269965449872e-05, 3.818269965449872e-05, 3.818269965449872e-05, 3.818269965449872e-05, 3.818269897237769e-05, 3.818269897237769e-05, 3.818269897237769e-05, 3.818269897237769e-05, 3.818269897237769e-05, 3.818269897237769e-05, 3.818269897237769e-05, 3.818269897237769e-05]","{""cognitive_weight"": 1.5, ""inertia_weight"": 0.7, ""max_iterations"": 140, ""social_weight"": 1.5, ""swarm_size"": 50}"
schwefel,Schwefel,53,1558,pso,PSO,3,"[-500.0, 500.0]","[420.968746, 420.968746, 420.968746]","[420.96874687611876, 420.9687460529146, 420.9687455802739]",3.818269897237769e-05,9.72910081986862e-07,140,7050,"[564.1377287970201, 564.1377287970201, 564.1377287970201, 300.48273409516366, 300.48273409516366, 300.48273409516366, 260.82567974590097, 230.22203093230587, 230.22203093230587, 230.22203093230587, 223.62685279987295, 223.62685279987295, 220.2464634800449, 220.2464634800449, 220.2464634800449, 219.2982715399828, 137.12123977204487, 126.13126902709564, 71.04009397113805, 71.04009397113805, 37.74925152767673, 9.099069947083535, 9.099069947083535, 9.099069947083535, 9.099069947083535, 1.3589558660005423, 1.3589558660005423, 1.3589558660005423, 1.3589558660005423, 1.3589558660005423, 1.3589558660005423, 1.234857546420244, 1.234857546420244, 1.234857546420244, 0.6263058903900856, 0.22216111709985853, 0.22216111709985853, 0.22216111709985853, 0.22216111709985853, 0.15021766018116978, 0.15021766018116978, 0.07578310590611181, 0.07578310590611181, 0.06623729583043314, 0.03733177609115046, 0.016568213938626286, 0.0019965411211160244, 0.0019965411211160244, 0.0019965411211160244, 0.0019965411211160244, 0.0019965411211160244, 0.0019965411211160244, 0.0019965411211160244, 0.0019965411211160244, 0.0008116019398585195, 0.0002975852758027031, 0.0002975852758027031, 0.00029478236865543295, 0.00029478236865543295, 0.00029478236865543295, 0.00029478236865543295, 0.00029478236865543295, 0.00029478236865543295, 0.00029478236865543295, 0.00029478236865543295, 0.00017757448222255334, 0.00016193646729334432, 9.782624397303152e-05, 7.56173760692036e-05, 7.56173760692036e-05, 7.56173760692036e-05, 5.627183122669521e-05, 5.627183122669521e-05, 5.627183122669521e-05, 5.127307122165803e-05, 5.127307122165803e-05, 4.595296536535898e-05, 4.595296536535898e-05, 4.595296536535898e-05, 4.595296536535898e-05, 4.26698895807931e-05, 4.26698895807931e-05, 4.26698895807931e-05, 4.019167818114511e-05, 4.019167818114511e-05, 4.018651065962331e-05, 4.018651065962331e-05, 3.964602638006909e-05, 3.964602638006909e-05, 3.964602638006909e-05, 3.917625235771993e-05, 3.917625235771993e-05, 3.845210585495806e-05, 3.845210585495806e-05, 3.845210585495806e-05, 3.845210585495806e-05, 3.845210585495806e-05, 3.826072270385339e-05, 3.826072270385339e-05, 3.818790514742432e-05, 3.818790514742432e-05, 3.818790514742432e-05, 3.818790514742432e-05, 3.818790514742432e-05, 3.818790514742432e-05, 3.818790514742432e-05, 3.8184675759112e-05, 3.8184675759112e-05, 3.818386630882742e-05, 3.818386630882742e-05, 3.8183673950697994e-05, 3.818360664809006e-05, 3.818360664809006e-05, 3.818360664809006e-05, 3.8183540709724184e-05, 3.818273671640782e-05, 3.818273671640782e-05, 3.818273671640782e-05, 3.818273671640782e-05, 3.818273671640782e-05, 3.818273671640782e-05, 3.818273671640782e-05, 3.818273671640782e-05, 3.818273671640782e-05, 3.818273671640782e-05, 3.818273671640782e-05, 3.818273671640782e-05, 3.8182709886314115e-05, 3.8182709886314115e-05, 3.818270602096163e-05, 3.818270602096163e-05, 3.818270602096163e-05, 3.818270602096163e-05, 3.818270306510385e-05, 3.8182700336619746e-05, 3.818269965449872e-05, 3.818269965449872e-05, 3.818269965449872e-05, 3.818269965449872e-05, 3.818269919975137e-05, 3.818269897237769e-05]","{""cognitive_weight"": 1.5, ""inertia_weight"": 0.7, ""max_iterations"": 140, ""social_weight"": 1.5, ""swarm_size"": 50}"
schwefel,Schwefel,54,1559,pso,PSO,3,"[-500.0, 500.0]","[420.968746, 420.968746, 420.968746]","[420.96874842576176, 420.968745450404, 420.9687459013059]",3.8182699427125044e-05,2.489199941774578e-06,140,7050,"[331.09890783571393, 331.09890783571393, 331.09890783571393, 293.97711290659686, 208.77027640363485, 208.77027640363485, 154.74869023069004, 122.0892880576364, 30.138023042196664, 30.138023042196664, 30.138023042196664, 14.279024977744257, 14.279024977744257, 11.774242311077387, 6.7585350842684875, 6.7585350842684875, 6.7585350842684875, 3.6360236056323174, 0.41068533680686414, 0.41068533680686414, 0.41068533680686414, 0.41068533680686414, 0.41068533680686414, 0.41068533680686414, 0.41068533680686414, 0.41068533680686414, 0.41068533680686414, 0.40201327229146955, 0.40201327229146955, 0.1318371914276213, 0.1318371914276213, 0.1318371914276213, 0.1147368381657543, 0.1147368381657543, 0.010408126795255157, 0.010408126795255157, 0.010408126795255157, 0.010408126795255157, 0.010408126795255157, 0.0060067986723879585, 0.0060067986723879585, 0.003512858105750638, 0.003512858105750638, 0.003512858105750638, 0.003512858105750638, 0.003512858105750638, 0.003512858105750638, 0.002765747988860312, 0.002765747988860312, 0.002765747988860312, 0.000437510401752661, 0.000437510401752661, 0.000437510401752661, 0.000437510401752661, 0.000437510401752661, 0.000437510401752661, 0.000437510401752661, 0.000437510401752661, 0.000437510401752661, 0.0003414376158161758, 0.0003414376158161758, 0.0003414376158161758, 0.0003414376158161758, 0.0002906608556259016, 0.00017207098153448896, 0.0001631978213936236, 0.00011952174850193842, 0.00011952174850193842, 8.458441971015418e-05, 5.601436305369134e-05, 4.419014862833137e-05, 3.9918845459396834e-05, 3.889169420290273e-05, 3.889169420290273e-05, 3.862221342387784e-05, 3.862221342387784e-05, 3.858183595184528e-05, 3.858183595184528e-05, 3.858183595184528e-05, 3.858183595184528e-05, 3.855873910652008e-05, 3.8544356129932567e-05, 3.8544356129932567e-05, 3.840963017864851e-05, 3.822403118647344e-05, 3.822403118647344e-05, 3.822403118647344e-05, 3.822403118647344e-05, 3.82119048936147e-05, 3.82119048936147e-05, 3.82119048936147e-05, 3.82119048936147e-05, 3.82119048936147e-05, 3.8211483115446754e-05, 3.820792198894196e-05, 3.820792198894196e-05, 3.819871540144959e-05, 3.819472408395086e-05, 3.819472408395086e-05, 3.8194606077013304e-05, 3.8194606077013304e-05, 3.819407493210747e-05, 3.819407493210747e-05, 3.818367349595064e-05, 3.818367349595064e-05, 3.818319873971632e-05, 3.818319873971632e-05, 3.818319873971632e-05, 3.818319873971632e-05, 3.8182992284419015e-05, 3.8182992284419015e-05, 3.8182992284419015e-05, 3.8182992284419015e-05, 3.818286313617136e-05, 3.818286313617136e-05, 3.81828563149611e-05, 3.81828563149611e-05, 3.81828563149611e-05, 3.81828563149611e-05, 3.818280401901575e-05, 3.818280401901575e-05, 3.818280401901575e-05, 3.818276786660135e-05, 3.818276786660135e-05, 3.818276786660135e-05, 3.818276786660135e-05, 3.818276786660135e-05, 3.818276786660135e-05, 3.818274444711278e-05, 3.818274444711278e-05, 3.8182719890755834e-05, 3.8182709431566764e-05, 3.818270397459855e-05, 3.8182699881872395e-05, 3.8182699881872395e-05, 3.8182699881872395e-05, 3.8182699881872395e-05, 3.8182699881872395e-05, 3.8182699427125044e-05, 3.8182699427125044e-05, 3.8182699427125044e-05]","{""cognitive_weight"": 1.5, ""inertia_weight"": 0.7, ""max_iterations"": 140, ""social_weight"": 1.5, ""swarm_size"": 50}"
schwefel,Schwefel,55,1560,pso,PSO,3,"[-500.0, 500.0]","[420.968746, 420.968746, 420.968746]","[420.9687476900548, 420.9687451224887, 420.9687464015169]",3.818269897237769e-05,1.9461569913911607e-06,140,7050,"[104.77470071358721, 104.77470071358721, 104.77470071358721, 104.77470071358721, 104.77470071358721, 104.77470071358721, 104.77470071358721, 104.77470071358721, 31.995830712630095, 31.995830712630095, 31.995830712630095, 30.20759788878013, 29.878044259120543, 15.291269071749866, 11.951731483239428, 4.1932286083911094, 4.1932286083911094, 4.1932286083911094, 4.1932286083911094, 1.2496016395148217, 1.072005245956916, 1.072005245956916, 1.072005245956916, 0.5565340851198926, 0.5565340851198926, 0.5565340851198926, 0.33029374422903857, 0.33029374422903857, 0.33029374422903857, 0.12839816751534272, 0.12839816751534272, 0.050048320564656024, 0.050048320564656024, 0.02436935752825775, 0.018310773072698794, 0.018310773072698794, 0.018310773072698794, 0.002787301754779037, 0.002787301754779037, 0.00087856596542224, 0.00087856596542224, 0.00087856596542224, 0.00087856596542224, 0.0007390322875835409, 0.0007390322875835409, 0.0007390322875835409, 0.0005214062719005597, 0.0002191440571550629, 0.00012674932372647163, 0.0001204765169404709, 0.0001204765169404709, 0.00010012368238676572, 8.843361774779623e-05, 8.843361774779623e-05, 8.775720471021486e-05, 8.641427484690212e-05, 8.552141935069812e-05, 8.491954622513731e-05, 8.450956670458254e-05, 4.787452394339198e-05, 4.505327797232894e-05, 4.505327797232894e-05, 4.305029824536177e-05, 4.305029824536177e-05, 4.305029824536177e-05, 4.305029824536177e-05, 4.305029824536177e-05, 4.283194903109688e-05, 4.283194903109688e-05, 4.283194903109688e-05, 4.283194903109688e-05, 4.283194903109688e-05, 4.283194903109688e-05, 4.143082082919136e-05, 4.0832738477547537e-05, 4.0832738477547537e-05, 4.0832738477547537e-05, 3.860611423078808e-05, 3.827080740848032e-05, 3.827080740848032e-05, 3.827080740848032e-05, 3.827080740848032e-05, 3.827080740848032e-05, 3.827080740848032e-05, 3.823271504188597e-05, 3.823271504188597e-05, 3.823271504188597e-05, 3.823127735813614e-05, 3.823127735813614e-05, 3.823127735813614e-05, 3.820092251771712e-05, 3.820092251771712e-05, 3.820092251771712e-05, 3.820092251771712e-05, 3.820092251771712e-05, 3.820092251771712e-05, 3.820092251771712e-05, 3.820092251771712e-05, 3.8198904803721234e-05, 3.818414575107454e-05, 3.818297568614071e-05, 3.818297568614071e-05, 3.818297568614071e-05, 3.818297568614071e-05, 3.818297568614071e-05, 3.818297568614071e-05, 3.818297568614071e-05, 3.818297568614071e-05, 3.818297568614071e-05, 3.818297568614071e-05, 3.818297568614071e-05, 3.81828674562712e-05, 3.81828674562712e-05, 3.81828674562712e-05, 3.81828674562712e-05, 3.81828674562712e-05, 3.81828674562712e-05, 3.81828674562712e-05, 3.8182784692253335e-05, 3.818273057731858e-05, 3.818273057731858e-05, 3.818273057731858e-05, 3.8182701928235474e-05, 3.8182701928235474e-05, 3.8182701928235474e-05, 3.8182701928235474e-05, 3.8182701928235474e-05, 3.8182700336619746e-05, 3.8182700336619746e-05, 3.8182700336619746e-05, 3.8182700336619746e-05, 3.8182700336619746e-05, 3.8182700336619746e-05, 3.8182699427125044e-05, 3.8182699427125044e-05, 3.8182699427125044e-05, 3.8182699427125044e-05, 3.8182699427125044e-05, 3.8182699427125044e-05, 3.818269897237769e-05, 3.818269897237769e-05]","{""cognitive_weight"": 1.5, ""inertia_weight"": 0.7, ""max_iterations"": 140, ""social_weight"": 1.5, ""swarm_size"": 50}"
schwefel,Schwefel,56,1561,pso,PSO,3,"[-500.0, 500.0]","[420.968746, 420.968746, 420.968746]","[420.9687469740266, 420.9687427980228, 420.96874610331116]",3.8182700336619746e-05,3.3484412977279827e-06,140,7050,"[407.216240793668, 407.216240793668, 407.216240793668, 285.2859222310443, 285.2859222310443, 285.2859222310443, 41.69088603108753, 41.69088603108753, 41.69088603108753, 41.69088603108753, 40.938279777077696, 14.615540898483914, 12.13143754832231, 9.94689351525949, 5.049424281991151, 0.11318184772380846, 0.11318184772380846, 0.11318184772380846, 0.11318184772380846, 0.11318184772380846, 0.11318184772380846, 0.11318184772380846, 0.11318184772380846, 0.08645767150187567, 0.08645767150187567, 0.08645767150187567, 0.06248886001571918, 0.06248886001571918, 0.06248886001571918, 0.029216055648475958, 0.029216055648475958, 0.02177420662746954, 0.02177420662746954, 0.010484088052862717, 0.010484088052862717, 0.010484088052862717, 0.010484088052862717, 0.005717191255598664, 0.005717191255598664, 0.005717191255598664, 0.004339115173479513, 0.004339115173479513, 0.004339115173479513, 0.0043329077959697315, 0.003327624624262171, 0.002088163041662483, 0.0002809395721214969, 0.0002809395721214969, 0.0002809395721214969, 0.00026617939261086576, 0.00026617939261086576, 0.0001935533891810337, 0.0001935533891810337, 0.00017085714830500365, 0.00017085714830500365, 0.00012253792488081672, 9.158662669506157e-05, 9.158662669506157e-05, 9.158662669506157e-05, 9.158662669506157e-05, 9.158662669506157e-05, 9.102222156798234e-05, 9.102222156798234e-05, 5.305944796418771e-05, 5.305944796418771e-05, 5.066759558758349e-05, 5.066759558758349e-05, 4.16105544900347e-05, 4.16105544900347e-05, 4.16105544900347e-05, 4.16105544900347e-05, 3.995148858848552e-05, 3.995148858848552e-05, 3.9875310903880745e-05, 3.9875310903880745e-05, 3.886660033458611e-05, 3.8709279124304885e-05, 3.863944903059746e-05, 3.863944903059746e-05, 3.833418600152072e-05, 3.833418600152072e-05, 3.8254714127106126e-05, 3.8254714127106126e-05, 3.8254714127106126e-05, 3.822996268354473e-05, 3.822996268354473e-05, 3.822996268354473e-05, 3.822996268354473e-05, 3.819877611022093e-05, 3.819877611022093e-05, 3.819877611022093e-05, 3.819877611022093e-05, 3.819877611022093e-05, 3.81909599127539e-05, 3.818729919657926e-05, 3.818729919657926e-05, 3.81868062504509e-05, 3.81868062504509e-05, 3.81868062504509e-05, 3.81868062504509e-05, 3.81868062504509e-05, 3.81868062504509e-05, 3.81868062504509e-05, 3.8186018628039164e-05, 3.8186018628039164e-05, 3.8184417917364044e-05, 3.8183656897672336e-05, 3.8182833577593556e-05, 3.8182833577593556e-05, 3.8182833577593556e-05, 3.8182833577593556e-05, 3.8182833577593556e-05, 3.8182833577593556e-05, 3.8182833577593556e-05, 3.8182833577593556e-05, 3.8182833577593556e-05, 3.8182833577593556e-05, 3.818276059064374e-05, 3.818276059064374e-05, 3.818272216449259e-05, 3.818272216449259e-05, 3.818271875388746e-05, 3.818271875388746e-05, 3.818271875388746e-05, 3.818270806732471e-05, 3.818270806732471e-05, 3.818270806732471e-05, 3.8182707385203685e-05, 3.8182707385203685e-05, 3.8182707385203685e-05, 3.8182702382982825e-05, 3.8182702382982825e-05, 3.8182701928235474e-05, 3.8182701928235474e-05, 3.8182700336619746e-05, 3.8182700336619746e-05, 3.8182700336619746e-05, 3.8182700336619746e-05, 3.8182700336619746e-05, 3.8182700336619746e-05, 3.8182700336619746e-05]","{""cognitive_weight"": 1.5, ""inertia_weight"": 0.7, ""max_iterations"": 140, ""social_weight"": 1.5, ""swarm_size"": 50}"
schwefel,Schwefel,57,1562,pso,PSO,3,"[-500.0, 500.0]","[420.968746, 420.968746, 420.968746]","[420.96874485475746, 420.96874717956183, 420.9687459406405]",3.818269919975137e-05,1.6451352956152491e-06,140,7050,"[569.4365289346958, 526.0348138943914, 526.0348138943914, 526.0348138943914, 286.83963596918954, 286.83963596918954, 50.233831606361946, 50.233831606361946, 50.233831606361946, 50.233831606361946, 50.233831606361946, 50.233831606361946, 50.233831606361946, 18.91884463733527, 18.91884463733527, 18.91884463733527, 18.91884463733527, 17.26433164638547, 14.8909776947703, 7.4179828973406075, 7.4179828973406075, 3.9583493820518925, 3.9583493820518925, 1.1087081468695033, 1.1087081468695033, 1.1087081468695033, 0.24368400447133354, 0.24368400447133354, 0.24368400447133354, 0.24368400447133354, 0.24368400447133354, 0.24368400447133354, 0.24368400447133354, 0.24368400447133354, 0.24368400447133354, 0.24368400447133354, 0.24368400447133354, 0.23113343991485635, 0.007932815098229185, 0.007932815098229185, 0.006015477133132663, 0.006015477133132663, 0.004486139621803886, 0.004486139621803886, 0.004407510635246581, 0.004407510635246581, 0.004407510635246581, 0.004407510635246581, 0.004407510635246581, 0.004407510635246581, 0.004407510635246581, 0.002105890756865847, 0.002105890756865847, 0.00044901773253513966, 0.0004036785787775443, 0.0004036785787775443, 0.0003006946922141651, 0.0003006946922141651, 0.0003006946922141651, 0.0003006946922141651, 0.0001045053759298753, 0.0001045053759298753, 0.0001045053759298753, 0.0001045053759298753, 0.0001045053759298753, 0.0001045053759298753, 0.0001045053759298753, 7.223719990179234e-05, 7.223719990179234e-05, 7.223719990179234e-05, 5.461244450088998e-05, 3.822125449914893e-05, 3.822125449914893e-05, 3.822125449914893e-05, 3.822125449914893e-05, 3.822125449914893e-05, 3.822125449914893e-05, 3.822125449914893e-05, 3.822125449914893e-05, 3.822125449914893e-05, 3.822125449914893e-05, 3.822125449914893e-05, 3.822125449914893e-05, 3.822125449914893e-05, 3.822125449914893e-05, 3.822125449914893e-05, 3.822125449914893e-05, 3.822125449914893e-05, 3.822125449914893e-05, 3.822125449914893e-05, 3.822125449914893e-05, 3.822125449914893e-05, 3.822125449914893e-05, 3.822125449914893e-05, 3.822125449914893e-05, 3.822125449914893e-05, 3.822125449914893e-05, 3.822125449914893e-05, 3.822125449914893e-05, 3.822125449914893e-05, 3.819888297584839e-05, 3.819888297584839e-05, 3.819888297584839e-05, 3.819888297584839e-05, 3.819888297584839e-05, 3.8189271890587406e-05, 3.8189271890587406e-05, 3.818744198724744e-05, 3.818744198724744e-05, 3.818744198724744e-05, 3.8184444292710396e-05, 3.818382992903935e-05, 3.818382992903935e-05, 3.818382992903935e-05, 3.818348704953678e-05, 3.818348704953678e-05, 3.818348704953678e-05, 3.818348704953678e-05, 3.8182864500413416e-05, 3.8182864500413416e-05, 3.818276059064374e-05, 3.818276059064374e-05, 3.818273194156063e-05, 3.818273194156063e-05, 3.818273194156063e-05, 3.818273194156063e-05, 3.818273194156063e-05, 3.818272921307653e-05, 3.818270874944574e-05, 3.818270874944574e-05, 3.8182699427125044e-05, 3.8182699427125044e-05, 3.8182699427125044e-05, 3.8182699427125044e-05, 3.8182699427125044e-05, 3.8182699427125044e-05, 3.8182699427125044e-05, 3.8182699427125044e-05, 3.8182699427125044e-05, 3.8182699427125044e-05, 3.818269919975137e-05]","{""cognitive_weight"": 1.5, ""inertia_weight"": 0.7, ""max_iterations"": 140, ""social_weight"": 1.5, ""swarm_size"": 50}"
schwefel,Schwefel,58,1563,pso,PSO,3,"[-500.0, 500.0]","[420.968746, 420.968746, 420.968746]","[420.96880956508414, 420.9691504222433, 420.96926022556255]",3.823712427220016e-05,0.0006572866953903877,140,7050,"[342.10836405125906, 342.10836405125906, 342.10836405125906, 342.10836405125906, 342.10836405125906, 342.10836405125906, 342.10836405125906, 340.87370072805277, 289.5803165267989, 160.86281125620485, 160.86281125620485, 132.8867812471924, 132.8867812471924, 132.8867812471924, 126.00814779120037, 126.00814779120037, 121.66456468337947, 121.66456468337947, 121.66456468337947, 121.66456468337947, 121.66456468337947, 121.66456468337947, 121.66456468337947, 121.66456468337947, 118.59793580915152, 118.59793580915152, 118.59793580915152, 118.59793580915152, 118.59184706661654, 118.59184706661654, 118.59184706661654, 118.59184706661654, 118.59184706661654, 118.59184706661654, 118.59184706661654, 118.59184706661654, 118.59184706661654, 118.49551217059116, 118.46753993415246, 118.46753993415246, 118.46753993415246, 118.46753993415246, 118.46104942905549, 118.44160454858434, 118.44160454858434, 118.44160454858434, 118.43990624611547, 118.43910109968783, 23.812472652886072, 19.229369841808875, 19.229369841808875, 19.143571265871515, 19.143571265871515, 19.143571265871515, 6.544328780895967, 4.709759133707621, 2.4536425487417546, 2.4536425487417546, 1.2510021117118413, 1.2510021117118413, 0.6726855599249575, 0.6726855599249575, 0.6726855599249575, 0.6726855599249575, 0.6726855599249575, 0.1801255327236504, 0.1801255327236504, 0.1801255327236504, 0.1801255327236504, 0.019829367392958375, 0.019829367392958375, 0.019829367392958375, 0.019829367392958375, 0.019829367392958375, 0.019829367392958375, 0.019829367392958375, 0.019829367392958375, 0.019829367392958375, 0.019829367392958375, 0.008306855358341636, 0.008306855358341636, 0.008306855358341636, 0.008306855358341636, 0.005442785886771162, 0.004835479227040196, 0.004835479227040196, 0.004835479227040196, 0.0045720341377091245, 0.0019103795202681795, 0.0019103795202681795, 0.0018456335728842532, 0.0006431670103665965, 0.0006431670103665965, 0.0003667265436888556, 0.0003667265436888556, 0.0002678194869076833, 0.0002678194869076833, 0.00012774473862009472, 0.00012774473862009472, 0.00012774473862009472, 0.00012774473862009472, 0.00012774473862009472, 0.00012774473862009472, 0.00012647387075048755, 0.00012647387075048755, 0.00012647387075048755, 0.00012647387075048755, 0.00012647387075048755, 6.292491298154346e-05, 5.836818922944076e-05, 4.796737653123273e-05, 4.796737653123273e-05, 4.796737653123273e-05, 4.3014885477532516e-05, 4.3014885477532516e-05, 4.3014885477532516e-05, 4.3014885477532516e-05, 4.3014885477532516e-05, 3.943105321013718e-05, 3.943105321013718e-05, 3.943105321013718e-05, 3.943105321013718e-05, 3.893945358868223e-05, 3.893945358868223e-05, 3.893945358868223e-05, 3.893945358868223e-05, 3.893945358868223e-05, 3.82763621473714e-05, 3.82763621473714e-05, 3.82763621473714e-05, 3.82763621473714e-05, 3.82763621473714e-05, 3.82763621473714e-05, 3.82763621473714e-05, 3.82763621473714e-05, 3.82763621473714e-05, 3.82763621473714e-05, 3.82763621473714e-05, 3.82763621473714e-05, 3.82763621473714e-05, 3.823712427220016e-05]","{""cognitive_weight"": 1.5, ""inertia_weight"": 0.7, ""max_iterations"": 140, ""social_weight"": 1.5, ""swarm_size"": 50}"
schwefel,Schwefel,59,1564,pso,PSO,3,"[-500.0, 500.0]","[420.968746, 420.968746, 420.968746]","[-302.51635638674003, 420.93829409832233, 420.9935152288808]",118.43857654615817,723.4851034516084,140,7050,"[426.73641003527837, 426.73641003527837, 426.73641003527837, 426.73641003527837, 426.73641003527837, 426.73641003527837, 426.73641003527837, 405.5750474557675, 405.5750474557675, 361.77755710930137, 361.77755710930137, 361.77755710930137, 361.77755710930137, 301.4008467506741, 301.4008467506741, 256.4585567989112, 256.4585567989112, 256.4585567989112, 256.4585567989112, 246.6986584040361, 241.59867684517974, 241.59867684517974, 241.59867684517974, 241.59867684517974, 241.59867684517974, 241.59867684517974, 241.59867684517974, 238.9030529970771, 238.9030529970771, 238.72103867395515, 238.72103867395515, 238.23020220263402, 238.08419800837657, 238.08419800837657, 237.55405944540416, 237.55405944540416, 236.95631703752838, 236.95631703752838, 236.95631703752838, 236.95631703752838, 236.95631703752838, 236.95631703752838, 236.9518446550628, 236.9187830062906, 236.9187830062906, 236.88809541118326, 236.88809541118326, 236.88537478582634, 236.88537478582634, 236.88537478582634, 236.88499854301915, 236.878961253669, 236.878961253669, 236.878961253669, 236.8781962268588, 236.8781962268588, 236.87743067091515, 236.87743067091515, 236.87743067091515, 236.8771957818883, 236.87692687162712, 236.87692687162712, 236.87675133500557, 236.87675133500557, 236.87675133500557, 236.8767170419352, 236.8767170419352, 236.87671697381438, 236.87671697381438, 236.87671697381438, 236.87671697381438, 236.87671697381438, 236.87671697381438, 236.87671053277222, 236.87671053277222, 236.87671053277222, 236.87671053277222, 236.87671053277222, 236.87671053277222, 236.87671053277222, 236.87671053277222, 236.87671048157586, 236.87671048157586, 236.87671045735397, 236.87671045735397, 236.87671042305465, 236.87671037958364, 236.87671034944094, 236.87671032848175, 236.87671031387913, 236.8767103036912, 236.876710296576, 236.87671029160356, 236.87671028812701, 236.87671028569525, 186.02388624034165, 157.283903338958, 145.82850901999473, 123.00399707097836, 123.00399707097836, 123.00399707097836, 118.56196561688262, 118.56196561688262, 118.56196561688262, 118.56196561688262, 118.56196561688262, 118.56196561688262, 118.56196561688262, 118.56196561688262, 118.56196561688262, 118.56196561688262, 118.51724208030828, 118.51724208030828, 118.51724208030828, 118.51724208030828, 118.51724208030828, 118.51724208030828, 118.46044961694793, 118.44927373001383, 118.44718414413137, 118.44718414413137, 118.44611152186371, 118.44611152186371, 118.44611152186371, 118.44310296830918, 118.44053285746122, 118.4395092206912, 118.4395092206912, 118.43898342528882, 118.43898342528882, 118.43898342528882, 118.43898342528882, 118.43898342528882, 118.43865450802991, 118.43865450802991, 118.43865450802991, 118.43865450802991, 118.43865450802991, 118.43858833352351, 118.43857654615817, 118.43857654615817]","{""cognitive_weight"": 1.5, ""inertia_weight"": 0.7, ""max_iterations"": 140, ""social_weight"": 1.5, ""swarm_size"": 50}"
schwefel,Schwefel,60,1556,pso,PSO,3,"[-500.0, 500.0]","[420.968746, 420.968746, 420.968746]","[-302.5249398319739, 420.968749572481, 420.9687465338198]",118.43837279714035,723.4936858319738,140,7050,"[389.8819143602584, 389.8819143602584, 365.0026016101226, 365.0026016101226, 365.0026016101226, 365.0026016101226, 365.0026016101226, 341.0678968130778, 341.0678968130778, 319.1460069670409, 270.5878148565446, 241.82834595593192, 159.3338740839581, 159.3338740839581, 159.3338740839581, 144.74129205715576, 144.74129205715576, 128.70657284536173, 119.2416913276993, 119.2416913276993, 118.70325551975657, 118.70325551975657, 118.70325551975657, 118.70325551975657, 118.51227874938218, 118.51227874938218, 118.51227874938218, 118.51227874938218, 118.51227874938218, 118.51227874938218, 118.51227874938218, 118.51227874938218, 118.44145571650279, 118.44145571650279, 118.44145571650279, 118.44145571650279, 118.44145571650279, 118.44145571650279, 118.44145571650279, 118.44145571650279, 118.44145571650279, 118.44105148414519, 118.44105148414519, 118.440511251109, 118.440511251109, 118.43994264118601, 118.43959675335236, 118.43959675335236, 118.43959675335236, 118.43888939740918, 118.43888939740918, 118.43888939740918, 118.43888825748695, 118.43888825748695, 118.43888825748695, 118.43845203993351, 118.43844710483063, 118.43844710483063, 118.4384319411497, 118.43841858273095, 118.438411173026, 118.43840693741822, 118.43838609437057, 118.43838609437057, 118.43838515490825, 118.43838515490825, 118.43838089196242, 118.43838089196242, 118.43838089196242, 118.43837873957591, 118.43837701240818, 118.43837701240818, 118.43837447398005, 118.43837330903443, 118.43837320662442, 118.43837304759018, 118.43837291858449, 118.43837291858449, 118.43837291858449, 118.43837291858449, 118.43837291858449, 118.43837284491656, 118.43837284491656, 118.43837281967535, 118.43837281967535, 118.43837281967535, 118.43837281967535, 118.43837281967535, 118.43837280535718, 118.43837280535718, 118.43837280535718, 118.43837280184471, 118.43837280184471, 118.4383727993013, 118.4383727993013, 118.4383727993013, 118.4383727993013, 118.43837279763716, 118.43837279763716, 118.43837279763716, 118.43837279763716, 118.43837279763716, 118.43837279763716, 118.43837279763716, 118.43837279763716, 118.43837279763716, 118.4383727973659, 118.4383727973659, 118.4383727973659, 118.4383727973659, 118.4383727973659, 118.43837279727177, 118.43837279727177, 118.43837279727177, 118.43837279726381, 118.43837279726336, 118.43837279726336, 118.43837279726336, 118.43837279725312, 118.43837279724312, 118.43837279720901, 118.43837279720901, 118.43837279720901, 118.43837279719878, 118.43837279719605, 118.43837279719605, 118.43837279717991, 118.43837279715672, 118.4383727971533, 118.4383727971533, 118.4383727971533, 118.4383727971508, 118.43837279714899, 118.4383727971449, 118.4383727971449, 118.43837279714444, 118.43837279714444, 118.43837279714444, 118.43837279714444, 118.43837279714035, 118.43837279714035]","{""cognitive_weight"": 1.5, ""inertia_weight"": 0.7, ""max_iterations"": 140, ""social_weight"": 1.5, ""swarm_size"": 50}"
schwefel,Schwefel,61,1557,pso,PSO,3,"[-500.0, 500.0]","[420.968746, 420.968746, 420.968746]","[420.96874502066663, 420.9687463176322, 420.96874545593977]",3.818269897237769e-05,1.1644679632008448e-06,140,7050,"[42.20279448276369, 42.20279448276369, 42.20279448276369, 42.20279448276369, 42.20279448276369, 42.20279448276369, 42.20279448276369, 42.20279448276369, 42.20279448276369, 42.20279448276369, 42.20279448276369, 16.604275003588555, 13.210519309144274, 11.932483772204023, 11.932483772204023, 10.088443331142798, 4.076659988725396, 2.251385198434491, 2.251385198434491, 0.705652003672185, 0.3172701154035167, 0.3172701154035167, 0.3172701154035167, 0.3172701154035167, 0.1247837351279486, 0.1247837351279486, 0.1247837351279486, 0.1247837351279486, 0.10834688887825905, 0.10834688887825905, 0.09437000869570511, 0.09437000869570511, 0.09437000869570511, 0.031129275223975128, 0.031129275223975128, 0.016331470816112414, 0.016331470816112414, 0.016331470816112414, 0.016331470816112414, 0.016331470816112414, 0.016331470816112414, 0.006203729006756475, 0.006203729006756475, 0.001629984470355339, 0.001629984470355339, 0.001629984470355339, 0.00040498314729120466, 0.00040498314729120466, 0.00040498314729120466, 0.00040498314729120466, 0.00040498314729120466, 0.00020417436371644726, 0.00020417436371644726, 0.00020417436371644726, 0.00020417436371644726, 0.00020417436371644726, 0.00020417436371644726, 0.00020417436371644726, 0.00020417436371644726, 0.00014711265112055116, 0.000138517701998353, 9.45318456615496e-05, 9.45318456615496e-05, 4.661401999328518e-05, 4.661401999328518e-05, 4.231809998600511e-05, 4.231809998600511e-05, 4.19902564772201e-05, 4.123030339542311e-05, 4.075442984685651e-05, 4.075442984685651e-05, 4.075442984685651e-05, 4.075442984685651e-05, 4.075442984685651e-05, 3.897421879628382e-05, 3.897421879628382e-05, 3.886347326442774e-05, 3.886347326442774e-05, 3.860404331135214e-05, 3.860404331135214e-05, 3.860404331135214e-05, 3.860404331135214e-05, 3.860404331135214e-05, 3.860404331135214e-05, 3.837567214759474e-05, 3.837567214759474e-05, 3.8341426034094184e-05, 3.830012155958684e-05, 3.8211032006074674e-05, 3.8211032006074674e-05, 3.8211032006074674e-05, 3.8211032006074674e-05, 3.819625430878659e-05, 3.8192410556803225e-05, 3.8192410556803225e-05, 3.8192410556803225e-05, 3.8192410556803225e-05, 3.81904737878358e-05, 3.81904737878358e-05, 3.81904737878358e-05, 3.818778623099206e-05, 3.818778623099206e-05, 3.818778623099206e-05, 3.818367304120329e-05, 3.818367304120329e-05, 3.818367304120329e-05, 3.818347659034771e-05, 3.818347659034771e-05, 3.8183387914614286e-05, 3.8183387914614286e-05, 3.818304935521155e-05, 3.818304935521155e-05, 3.818300001512398e-05, 3.8182909520401154e-05, 3.8182909520401154e-05, 3.8182909520401154e-05, 3.8182787648111116e-05, 3.8182787648111116e-05, 3.818277309619589e-05, 3.818277309619589e-05, 3.818276354650152e-05, 3.818275763478596e-05, 3.818270420197223e-05, 3.818270420197223e-05, 3.818270420197223e-05, 3.818270420197223e-05, 3.818270010924607e-05, 3.818270010924607e-05, 3.818269965449872e-05, 3.818269965449872e-05, 3.818269965449872e-05, 3.818269965449872e-05, 3.818269965449872e-05, 3.818269897237769e-05, 3.818269897237769e-05, 3.818269897237769e-05, 3.818269897237769e-05, 3.818269897237769e-05, 3.818269897237769e-05, 3.818269897237769e-05, 3.818269897237769e-05]","{""cognitive_weight"": 1.5, ""inertia_weight"": 0.7, ""max_iterations"": 140, ""social_weight"": 1.5, ""swarm_size"": 50}"
schwefel,Schwefel,62,1558,pso,PSO,3,"[-500.0, 500.0]","[420.968746, 420.968746, 420.968746]","[420.96874687611876, 420.9687460529146, 420.9687455802739]",3.818269897237769e-05,9.72910081986862e-07,140,7050,"[564.1377287970201, 564.1377287970201, 564.1377287970201, 300.48273409516366, 300.48273409516366, 300.48273409516366, 260.82567974590097, 230.22203093230587, 230.22203093230587, 230.22203093230587, 223.62685279987295, 223.62685279987295, 220.2464634800449, 220.2464634800449, 220.2464634800449, 219.2982715399828, 137.12123977204487, 126.13126902709564, 71.04009397113805, 71.04009397113805, 37.74925152767673, 9.099069947083535, 9.099069947083535, 9.099069947083535, 9.099069947083535, 1.3589558660005423, 1.3589558660005423, 1.3589558660005423, 1.3589558660005423, 1.3589558660005423, 1.3589558660005423, 1.234857546420244, 1.234857546420244, 1.234857546420244, 0.6263058903900856, 0.22216111709985853, 0.22216111709985853, 0.22216111709985853, 0.22216111709985853, 0.15021766018116978, 0.15021766018116978, 0.07578310590611181, 0.07578310590611181, 0.06623729583043314, 0.03733177609115046, 0.016568213938626286, 0.0019965411211160244, 0.0019965411211160244, 0.0019965411211160244, 0.0019965411211160244, 0.0019965411211160244, 0.0019965411211160244, 0.0019965411211160244, 0.0019965411211160244, 0.0008116019398585195, 0.0002975852758027031, 0.0002975852758027031, 0.00029478236865543295, 0.00029478236865543295, 0.00029478236865543295, 0.00029478236865543295, 0.00029478236865543295, 0.00029478236865543295, 0.00029478236865543295, 0.00029478236865543295, 0.00017757448222255334, 0.00016193646729334432, 9.782624397303152e-05, 7.56173760692036e-05, 7.56173760692036e-05, 7.56173760692036e-05, 5.627183122669521e-05, 5.627183122669521e-05, 5.627183122669521e-05, 5.127307122165803e-05, 5.127307122165803e-05, 4.595296536535898e-05, 4.595296536535898e-05, 4.595296536535898e-05, 4.595296536535898e-05, 4.26698895807931e-05, 4.26698895807931e-05, 4.26698895807931e-05, 4.019167818114511e-05, 4.019167818114511e-05, 4.018651065962331e-05, 4.018651065962331e-05, 3.964602638006909e-05, 3.964602638006909e-05, 3.964602638006909e-05, 3.917625235771993e-05, 3.917625235771993e-05, 3.845210585495806e-05, 3.845210585495806e-05, 3.845210585495806e-05, 3.845210585495806e-05, 3.845210585495806e-05, 3.826072270385339e-05, 3.826072270385339e-05, 3.818790514742432e-05, 3.818790514742432e-05, 3.818790514742432e-05, 3.818790514742432e-05, 3.818790514742432e-05, 3.818790514742432e-05, 3.818790514742432e-05, 3.8184675759112e-05, 3.8184675759112e-05, 3.818386630882742e-05, 3.818386630882742e-05, 3.8183673950697994e-05, 3.818360664809006e-05, 3.818360664809006e-05, 3.818360664809006e-05, 3.8183540709724184e-05, 3.818273671640782e-05, 3.818273671640782e-05, 3.818273671640782e-05, 3.818273671640782e-05, 3.818273671640782e-05, 3.818273671640782e-05, 3.818273671640782e-05, 3.818273671640782e-05, 3.818273671640782e-05, 3.818273671640782e-05, 3.818273671640782e-05, 3.818273671640782e-05, 3.8182709886314115e-05, 3.8182709886314115e-05, 3.818270602096163e-05, 3.818270602096163e-05, 3.818270602096163e-05, 3.818270602096163e-05, 3.818270306510385e-05, 3.8182700336619746e-05, 3.818269965449872e-05, 3.818269965449872e-05, 3.818269965449872e-05, 3.818269965449872e-05, 3.818269919975137e-05, 3.818269897237769e-05]","{""cognitive_weight"": 1.5, ""inertia_weight"": 0.7, ""max_iterations"": 140, ""social_weight"": 1.5, ""swarm_size"": 50}"
schwefel,Schwefel,63,1559,pso,PSO,3,"[-500.0, 500.0]","[420.968746, 420.968746, 420.968746]","[420.96874842576176, 420.968745450404, 420.9687459013059]",3.8182699427125044e-05,2.489199941774578e-06,140,7050,"[331.09890783571393, 331.09890783571393, 331.09890783571393, 293.97711290659686, 208.77027640363485, 208.77027640363485, 154.74869023069004, 122.0892880576364, 30.138023042196664, 30.138023042196664, 30.138023042196664, 14.279024977744257, 14.279024977744257, 11.774242311077387, 6.7585350842684875, 6.7585350842684875, 6.7585350842684875, 3.6360236056323174, 0.41068533680686414, 0.41068533680686414, 0.41068533680686414, 0.41068533680686414, 0.41068533680686414, 0.41068533680686414, 0.41068533680686414, 0.41068533680686414, 0.41068533680686414, 0.40201327229146955, 0.40201327229146955, 0.1318371914276213, 0.1318371914276213, 0.1318371914276213, 0.1147368381657543, 0.1147368381657543, 0.010408126795255157, 0.010408126795255157, 0.010408126795255157, 0.010408126795255157, 0.010408126795255157, 0.0060067986723879585, 0.0060067986723879585, 0.003512858105750638, 0.003512858105750638, 0.003512858105750638, 0.003512858105750638, 0.003512858105750638, 0.003512858105750638, 0.002765747988860312, 0.002765747988860312, 0.002765747988860312, 0.000437510401752661, 0.000437510401752661, 0.000437510401752661, 0.000437510401752661, 0.000437510401752661, 0.000437510401752661, 0.000437510401752661, 0.000437510401752661, 0.000437510401752661, 0.0003414376158161758, 0.0003414376158161758, 0.0003414376158161758, 0.0003414376158161758, 0.0002906608556259016, 0.00017207098153448896, 0.0001631978213936236, 0.00011952174850193842, 0.00011952174850193842, 8.458441971015418e-05, 5.601436305369134e-05, 4.419014862833137e-05, 3.9918845459396834e-05, 3.889169420290273e-05, 3.889169420290273e-05, 3.862221342387784e-05, 3.862221342387784e-05, 3.858183595184528e-05, 3.858183595184528e-05, 3.858183595184528e-05, 3.858183595184528e-05, 3.855873910652008e-05, 3.8544356129932567e-05, 3.8544356129932567e-05, 3.840963017864851e-05, 3.822403118647344e-05, 3.822403118647344e-05, 3.822403118647344e-05, 3.822403118647344e-05, 3.82119048936147e-05, 3.82119048936147e-05, 3.82119048936147e-05, 3.82119048936147e-05, 3.82119048936147e-05, 3.8211483115446754e-05, 3.820792198894196e-05, 3.820792198894196e-05, 3.819871540144959e-05, 3.819472408395086e-05, 3.819472408395086e-05, 3.8194606077013304e-05, 3.8194606077013304e-05, 3.819407493210747e-05, 3.819407493210747e-05, 3.818367349595064e-05, 3.818367349595064e-05, 3.818319873971632e-05, 3.818319873971632e-05, 3.818319873971632e-05, 3.818319873971632e-05, 3.8182992284419015e-05, 3.8182992284419015e-05, 3.8182992284419015e-05, 3.8182992284419015e-05, 3.818286313617136e-05, 3.818286313617136e-05, 3.81828563149611e-05, 3.81828563149611e-05, 3.81828563149611e-05, 3.81828563149611e-05, 3.818280401901575e-05, 3.818280401901575e-05, 3.818280401901575e-05, 3.818276786660135e-05, 3.818276786660135e-05, 3.818276786660135e-05, 3.818276786660135e-05, 3.818276786660135e-05, 3.818276786660135e-05, 3.818274444711278e-05, 3.818274444711278e-05, 3.8182719890755834e-05, 3.8182709431566764e-05, 3.818270397459855e-05, 3.8182699881872395e-05, 3.8182699881872395e-05, 3.8182699881872395e-05, 3.8182699881872395e-05, 3.8182699881872395e-05, 3.8182699427125044e-05, 3.8182699427125044e-05, 3.8182699427125044e-05]","{""cognitive_weight"": 1.5, ""inertia_weight"": 0.7, ""max_iterations"": 140, ""social_weight"": 1.5, ""swarm_size"": 50}"
schwefel,Schwefel,64,1560,pso,PSO,3,"[-500.0, 500.0]","[420.968746, 420.968746, 420.968746]","[420.9687476900548, 420.9687451224887, 420.9687464015169]",3.818269897237769e-05,1.9461569913911607e-06,140,7050,"[104.77470071358721, 104.77470071358721, 104.77470071358721, 104.77470071358721, 104.77470071358721, 104.77470071358721, 104.77470071358721, 104.77470071358721, 31.995830712630095, 31.995830712630095, 31.995830712630095, 30.20759788878013, 29.878044259120543, 15.291269071749866, 11.951731483239428, 4.1932286083911094, 4.1932286083911094, 4.1932286083911094, 4.1932286083911094, 1.2496016395148217, 1.072005245956916, 1.072005245956916, 1.072005245956916, 0.5565340851198926, 0.5565340851198926, 0.5565340851198926, 0.33029374422903857, 0.33029374422903857, 0.33029374422903857, 0.12839816751534272, 0.12839816751534272, 0.050048320564656024, 0.050048320564656024, 0.02436935752825775, 0.018310773072698794, 0.018310773072698794, 0.018310773072698794, 0.002787301754779037, 0.002787301754779037, 0.00087856596542224, 0.00087856596542224, 0.00087856596542224, 0.00087856596542224, 0.0007390322875835409, 0.0007390322875835409, 0.0007390322875835409, 0.0005214062719005597, 0.0002191440571550629, 0.00012674932372647163, 0.0001204765169404709, 0.0001204765169404709, 0.00010012368238676572, 8.843361774779623e-05, 8.843361774779623e-05, 8.775720471021486e-05, 8.641427484690212e-05, 8.552141935069812e-05, 8.491954622513731e-05, 8.450956670458254e-05, 4.787452394339198e-05, 4.505327797232894e-05, 4.505327797232894e-05, 4.305029824536177e-05, 4.305029824536177e-05, 4.305029824536177e-05, 4.305029824536177e-05, 4.305029824536177e-05, 4.283194903109688e-05, 4.283194903109688e-05, 4.283194903109688e-05, 4.283194903109688e-05, 4.283194903109688e-05, 4.283194903109688e-05, 4.143082082919136e-05, 4.0832738477547537e-05, 4.0832738477547537e-05, 4.0832738477547537e-05, 3.860611423078808e-05, 3.827080740848032e-05, 3.827080740848032e-05, 3.827080740848032e-05, 3.827080740848032e-05, 3.827080740848032e-05, 3.827080740848032e-05, 3.823271504188597e-05, 3.823271504188597e-05, 3.823271504188597e-05, 3.823127735813614e-05, 3.823127735813614e-05, 3.823127735813614e-05, 3.820092251771712e-05, 3.820092251771712e-05, 3.820092251771712e-05, 3.820092251771712e-05, 3.820092251771712e-05, 3.820092251771712e-05, 3.820092251771712e-05, 3.820092251771712e-05, 3.8198904803721234e-05, 3.818414575107454e-05, 3.818297568614071e-05, 3.818297568614071e-05, 3.818297568614071e-05, 3.818297568614071e-05, 3.818297568614071e-05, 3.818297568614071e-05, 3.818297568614071e-05, 3.818297568614071e-05, 3.818297568614071e-05, 3.818297568614071e-05, 3.818297568614071e-05, 3.81828674562712e-05, 3.81828674562712e-05, 3.81828674562712e-05, 3.81828674562712e-05, 3.81828674562712e-05, 3.81828674562712e-05, 3.81828674562712e-05, 3.8182784692253335e-05, 3.818273057731858e-05, 3.818273057731858e-05, 3.818273057731858e-05, 3.8182701928235474e-05, 3.8182701928235474e-05, 3.8182701928235474e-05, 3.8182701928235474e-05, 3.8182701928235474e-05, 3.8182700336619746e-05, 3.8182700336619746e-05, 3.8182700336619746e-05, 3.8182700336619746e-05, 3.8182700336619746e-05, 3.8182700336619746e-05, 3.8182699427125044e-05, 3.8182699427125044e-05, 3.8182699427125044e-05, 3.8182699427125044e-05, 3.8182699427125044e-05, 3.8182699427125044e-05, 3.818269897237769e-05, 3.818269897237769e-05]","{""cognitive_weight"": 1.5, ""inertia_weight"": 0.7, ""max_iterations"": 140, ""social_weight"": 1.5, ""swarm_size"": 50}"
schwefel,Schwefel,65,1561,pso,PSO,3,"[-500.0, 500.0]","[420.968746, 420.968746, 420.968746]","[420.9687469740266, 420.9687427980228, 420.96874610331116]",3.8182700336619746e-05,3.3484412977279827e-06,140,7050,"[407.216240793668, 407.216240793668, 407.216240793668, 285.2859222310443, 285.2859222310443, 285.2859222310443, 41.69088603108753, 41.69088603108753, 41.69088603108753, 41.69088603108753, 40.938279777077696, 14.615540898483914, 12.13143754832231, 9.94689351525949, 5.049424281991151, 0.11318184772380846, 0.11318184772380846, 0.11318184772380846, 0.11318184772380846, 0.11318184772380846, 0.11318184772380846, 0.11318184772380846, 0.11318184772380846, 0.08645767150187567, 0.08645767150187567, 0.08645767150187567, 0.06248886001571918, 0.06248886001571918, 0.06248886001571918, 0.029216055648475958, 0.029216055648475958, 0.02177420662746954, 0.02177420662746954, 0.010484088052862717, 0.010484088052862717, 0.010484088052862717, 0.010484088052862717, 0.005717191255598664, 0.005717191255598664, 0.005717191255598664, 0.004339115173479513, 0.004339115173479513, 0.004339115173479513, 0.0043329077959697315, 0.003327624624262171, 0.002088163041662483, 0.0002809395721214969, 0.0002809395721214969, 0.0002809395721214969, 0.00026617939261086576, 0.00026617939261086576, 0.0001935533891810337, 0.0001935533891810337, 0.00017085714830500365, 0.00017085714830500365, 0.00012253792488081672, 9.158662669506157e-05, 9.158662669506157e-05, 9.158662669506157e-05, 9.158662669506157e-05, 9.158662669506157e-05, 9.102222156798234e-05, 9.102222156798234e-05, 5.305944796418771e-05, 5.305944796418771e-05, 5.066759558758349e-05, 5.066759558758349e-05, 4.16105544900347e-05, 4.16105544900347e-05, 4.16105544900347e-05, 4.16105544900347e-05, 3.995148858848552e-05, 3.995148858848552e-05, 3.9875310903880745e-05, 3.9875310903880745e-05, 3.886660033458611e-05, 3.8709279124304885e-05, 3.863944903059746e-05, 3.863944903059746e-05, 3.833418600152072e-05, 3.833418600152072e-05, 3.8254714127106126e-05, 3.8254714127106126e-05, 3.8254714127106126e-05, 3.822996268354473e-05, 3.822996268354473e-05, 3.822996268354473e-05, 3.822996268354473e-05, 3.819877611022093e-05, 3.819877611022093e-05, 3.819877611022093e-05, 3.819877611022093e-05, 3.819877611022093e-05, 3.81909599127539e-05, 3.818729919657926e-05, 3.818729919657926e-05, 3.81868062504509e-05, 3.81868062504509e-05, 3.81868062504509e-05, 3.81868062504509e-05, 3.81868062504509e-05, 3.81868062504509e-05, 3.81868062504509e-05, 3.8186018628039164e-05, 3.8186018628039164e-05, 3.8184417917364044e-05, 3.8183656897672336e-05, 3.8182833577593556e-05, 3.8182833577593556e-05, 3.8182833577593556e-05, 3.8182833577593556e-05, 3.8182833577593556e-05, 3.8182833577593556e-05, 3.8182833577593556e-05, 3.8182833577593556e-05, 3.8182833577593556e-05, 3.8182833577593556e-05, 3.818276059064374e-05, 3.818276059064374e-05, 3.818272216449259e-05, 3.818272216449259e-05, 3.818271875388746e-05, 3.818271875388746e-05, 3.818271875388746e-05, 3.818270806732471e-05, 3.818270806732471e-05, 3.818270806732471e-05, 3.8182707385203685e-05, 3.8182707385203685e-05, 3.8182707385203685e-05, 3.8182702382982825e-05, 3.8182702382982825e-05, 3.8182701928235474e-05, 3.8182701928235474e-05, 3.8182700336619746e-05, 3.8182700336619746e-05, 3.8182700336619746e-05, 3.8182700336619746e-05, 3.8182700336619746e-05, 3.8182700336619746e-05, 3.8182700336619746e-05]","{""cognitive_weight"": 1.5, ""inertia_weight"": 0.7, ""max_iterations"": 140, ""social_weight"": 1.5, ""swarm_size"": 50}"
schwefel,Schwefel,66,1562,pso,PSO,3,"[-500.0, 500.0]","[420.968746, 420.968746, 420.968746]","[420.96874485475746, 420.96874717956183, 420.9687459406405]",3.818269919975137e-05,1.6451352956152491e-06,140,7050,"[569.4365289346958, 526.0348138943914, 526.0348138943914, 526.0348138943914, 286.83963596918954, 286.83963596918954, 50.233831606361946, 50.233831606361946, 50.233831606361946, 50.233831606361946, 50.233831606361946, 50.233831606361946, 50.233831606361946, 18.91884463733527, 18.91884463733527, 18.91884463733527, 18.91884463733527, 17.26433164638547, 14.8909776947703, 7.4179828973406075, 7.4179828973406075, 3.9583493820518925, 3.9583493820518925, 1.1087081468695033, 1.1087081468695033, 1.1087081468695033, 0.24368400447133354, 0.24368400447133354, 0.24368400447133354, 0.24368400447133354, 0.24368400447133354, 0.24368400447133354, 0.24368400447133354, 0.24368400447133354, 0.24368400447133354, 0.24368400447133354, 0.24368400447133354, 0.23113343991485635, 0.007932815098229185, 0.007932815098229185, 0.006015477133132663, 0.006015477133132663, 0.004486139621803886, 0.004486139621803886, 0.004407510635246581, 0.004407510635246581, 0.004407510635246581, 0.004407510635246581, 0.004407510635246581, 0.004407510635246581, 0.004407510635246581, 0.002105890756865847, 0.002105890756865847, 0.00044901773253513966, 0.0004036785787775443, 0.0004036785787775443, 0.0003006946922141651, 0.0003006946922141651, 0.0003006946922141651, 0.0003006946922141651, 0.0001045053759298753, 0.0001045053759298753, 0.0001045053759298753, 0.0001045053759298753, 0.0001045053759298753, 0.0001045053759298753, 0.0001045053759298753, 7.223719990179234e-05, 7.223719990179234e-05, 7.223719990179234e-05, 5.461244450088998e-05, 3.822125449914893e-05, 3.822125449914893e-05, 3.822125449914893e-05, 3.822125449914893e-05, 3.822125449914893e-05, 3.822125449914893e-05, 3.822125449914893e-05, 3.822125449914893e-05, 3.822125449914893e-05, 3.822125449914893e-05, 3.822125449914893e-05, 3.822125449914893e-05, 3.822125449914893e-05, 3.822125449914893e-05, 3.822125449914893e-05, 3.822125449914893e-05, 3.822125449914893e-05, 3.822125449914893e-05, 3.822125449914893e-05, 3.822125449914893e-05, 3.822125449914893e-05, 3.822125449914893e-05, 3.822125449914893e-05, 3.822125449914893e-05, 3.822125449914893e-05, 3.822125449914893e-05, 3.822125449914893e-05, 3.822125449914893e-05, 3.822125449914893e-05, 3.819888297584839e-05, 3.819888297584839e-05, 3.819888297584839e-05, 3.819888297584839e-05, 3.819888297584839e-05, 3.8189271890587406e-05, 3.8189271890587406e-05, 3.818744198724744e-05, 3.818744198724744e-05, 3.818744198724744e-05, 3.8184444292710396e-05, 3.818382992903935e-05, 3.818382992903935e-05, 3.818382992903935e-05, 3.818348704953678e-05, 3.818348704953678e-05, 3.818348704953678e-05, 3.818348704953678e-05, 3.8182864500413416e-05, 3.8182864500413416e-05, 3.818276059064374e-05, 3.818276059064374e-05, 3.818273194156063e-05, 3.818273194156063e-05, 3.818273194156063e-05, 3.818273194156063e-05, 3.818273194156063e-05, 3.818272921307653e-05, 3.818270874944574e-05, 3.818270874944574e-05, 3.8182699427125044e-05, 3.8182699427125044e-05, 3.8182699427125044e-05, 3.8182699427125044e-05, 3.8182699427125044e-05, 3.8182699427125044e-05, 3.8182699427125044e-05, 3.8182699427125044e-05, 3.8182699427125044e-05, 3.8182699427125044e-05, 3.818269919975137e-05]","{""cognitive_weight"": 1.5, ""inertia_weight"": 0.7, ""max_iterations"": 140, ""social_weight"": 1.5, ""swarm_size"": 50}"
schwefel,Schwefel,67,1563,pso,PSO,3,"[-500.0, 500.0]","[420.968746, 420.968746, 420.968746]","[420.96880956508414, 420.9691504222433, 420.96926022556255]",3.823712427220016e-05,0.0006572866953903877,140,7050,"[342.10836405125906, 342.10836405125906, 342.10836405125906, 342.10836405125906, 342.10836405125906, 342.10836405125906, 342.10836405125906, 340.87370072805277, 289.5803165267989, 160.86281125620485, 160.86281125620485, 132.8867812471924, 132.8867812471924, 132.8867812471924, 126.00814779120037, 126.00814779120037, 121.66456468337947, 121.66456468337947, 121.66456468337947, 121.66456468337947, 121.66456468337947, 121.66456468337947, 121.66456468337947, 121.66456468337947, 118.59793580915152, 118.59793580915152, 118.59793580915152, 118.59793580915152, 118.59184706661654, 118.59184706661654, 118.59184706661654, 118.59184706661654, 118.59184706661654, 118.59184706661654, 118.59184706661654, 118.59184706661654, 118.59184706661654, 118.49551217059116, 118.46753993415246, 118.46753993415246, 118.46753993415246, 118.46753993415246, 118.46104942905549, 118.44160454858434, 118.44160454858434, 118.44160454858434, 118.43990624611547, 118.43910109968783, 23.812472652886072, 19.229369841808875, 19.229369841808875, 19.143571265871515, 19.143571265871515, 19.143571265871515, 6.544328780895967, 4.709759133707621, 2.4536425487417546, 2.4536425487417546, 1.2510021117118413, 1.2510021117118413, 0.6726855599249575, 0.6726855599249575, 0.6726855599249575, 0.6726855599249575, 0.6726855599249575, 0.1801255327236504, 0.1801255327236504, 0.1801255327236504, 0.1801255327236504, 0.019829367392958375, 0.019829367392958375, 0.019829367392958375, 0.019829367392958375, 0.019829367392958375, 0.019829367392958375, 0.019829367392958375, 0.019829367392958375, 0.019829367392958375, 0.019829367392958375, 0.008306855358341636, 0.008306855358341636, 0.008306855358341636, 0.008306855358341636, 0.005442785886771162, 0.004835479227040196, 0.004835479227040196, 0.004835479227040196, 0.0045720341377091245, 0.0019103795202681795, 0.0019103795202681795, 0.0018456335728842532, 0.0006431670103665965, 0.0006431670103665965, 0.0003667265436888556, 0.0003667265436888556, 0.0002678194869076833, 0.0002678194869076833, 0.00012774473862009472, 0.00012774473862009472, 0.00012774473862009472, 0.00012774473862009472, 0.00012774473862009472, 0.00012774473862009472, 0.00012647387075048755, 0.00012647387075048755, 0.00012647387075048755, 0.00012647387075048755, 0.00012647387075048755, 6.292491298154346e-05, 5.836818922944076e-05, 4.796737653123273e-05, 4.796737653123273e-05, 4.796737653123273e-05, 4.3014885477532516e-05, 4.3014885477532516e-05, 4.3014885477532516e-05, 4.3014885477532516e-05, 4.3014885477532516e-05, 3.943105321013718e-05, 3.943105321013718e-05, 3.943105321013718e-05, 3.943105321013718e-05, 3.893945358868223e-05, 3.893945358868223e-05, 3.893945358868223e-05, 3.893945358868223e-05, 3.893945358868223e-05, 3.82763621473714e-05, 3.82763621473714e-05, 3.82763621473714e-05, 3.82763621473714e-05, 3.82763621473714e-05, 3.82763621473714e-05, 3.82763621473714e-05, 3.82763621473714e-05, 3.82763621473714e-05, 3.82763621473714e-05, 3.82763621473714e-05, 3.82763621473714e-05, 3.82763621473714e-05, 3.823712427220016e-05]","{""cognitive_weight"": 1.5, ""inertia_weight"": 0.7, ""max_iterations"": 140, ""social_weight"": 1.5, ""swarm_size"": 50}"
schwefel,Schwefel,68,1564,pso,PSO,3,"[-500.0, 500.0]","[420.968746, 420.968746, 420.968746]","[-302.51635638674003, 420.93829409832233, 420.9935152288808]",118.43857654615817,723.4851034516084,140,7050,"[426.73641003527837, 426.73641003527837, 426.73641003527837, 426.73641003527837, 426.73641003527837, 426.73641003527837, 426.73641003527837, 405.5750474557675, 405.5750474557675, 361.77755710930137, 361.77755710930137, 361.77755710930137, 361.77755710930137, 301.4008467506741, 301.4008467506741, 256.4585567989112, 256.4585567989112, 256.4585567989112, 256.4585567989112, 246.6986584040361, 241.59867684517974, 241.59867684517974, 241.59867684517974, 241.59867684517974, 241.59867684517974, 241.59867684517974, 241.59867684517974, 238.9030529970771, 238.9030529970771, 238.72103867395515, 238.72103867395515, 238.23020220263402, 238.08419800837657, 238.08419800837657, 237.55405944540416, 237.55405944540416, 236.95631703752838, 236.95631703752838, 236.95631703752838, 236.95631703752838, 236.95631703752838, 236.95631703752838, 236.9518446550628, 236.9187830062906, 236.9187830062906, 236.88809541118326, 236.88809541118326, 236.88537478582634, 236.88537478582634, 236.88537478582634, 236.88499854301915, 236.878961253669, 236.878961253669, 236.878961253669, 236.8781962268588, 236.8781962268588, 236.87743067091515, 236.87743067091515, 236.87743067091515, 236.8771957818883, 236.87692687162712, 236.87692687162712, 236.87675133500557, 236.87675133500557, 236.87675133500557, 236.8767170419352, 236.8767170419352, 236.87671697381438, 236.87671697381438, 236.87671697381438, 236.87671697381438, 236.87671697381438, 236.87671697381438, 236.87671053277222, 236.87671053277222, 236.87671053277222, 236.87671053277222, 236.87671053277222, 236.87671053277222, 236.87671053277222, 236.87671053277222, 236.87671048157586, 236.87671048157586, 236.87671045735397, 236.87671045735397, 236.87671042305465, 236.87671037958364, 236.87671034944094, 236.87671032848175, 236.87671031387913, 236.8767103036912, 236.876710296576, 236.87671029160356, 236.87671028812701, 236.87671028569525, 186.02388624034165, 157.283903338958, 145.82850901999473, 123.00399707097836, 123.00399707097836, 123.00399707097836, 118.56196561688262, 118.56196561688262, 118.56196561688262, 118.56196561688262, 118.56196561688262, 118.56196561688262, 118.56196561688262, 118.56196561688262, 118.56196561688262, 118.56196561688262, 118.51724208030828, 118.51724208030828, 118.51724208030828, 118.51724208030828, 118.51724208030828, 118.51724208030828, 118.46044961694793, 118.44927373001383, 118.44718414413137, 118.44718414413137, 118.44611152186371, 118.44611152186371, 118.44611152186371, 118.44310296830918, 118.44053285746122, 118.4395092206912, 118.4395092206912, 118.43898342528882, 118.43898342528882, 118.43898342528882, 118.43898342528882, 118.43898342528882, 118.43865450802991, 118.43865450802991, 118.43865450802991, 118.43865450802991, 118.43865450802991, 118.43858833352351, 118.43857654615817, 118.43857654615817]","{""cognitive_weight"": 1.5, ""inertia_weight"": 0.7, ""max_iterations"": 140, ""social_weight"": 1.5, ""swarm_size"": 50}"
schwefel,Schwefel,69,1565,pso,PSO,3,"[-500.0, 500.0]","[420.968746, 420.968746, 420.968746]","[-302.5249613063225, -302.5249403964436, 420.96875563280145]",236.876707411672,1023.1745983786747,140,7050,"[576.3426382077307, 482.7051987187035, 482.7051987187035, 479.6827984519175, 479.58577728216005, 479.58577728216005, 476.80371732175104, 476.80371732175104, 476.80371732175104, 476.80371732175104, 476.80371732175104, 476.7913435089347, 453.1717671982565, 358.3267034115381, 358.3267034115381, 358.3267034115381, 358.3267034115381, 358.3267034115381, 358.3014843140003, 358.3014843140003, 357.11882540969805, 357.11882540969805, 357.11882540969805, 356.9109693592401, 356.8778792596904, 356.8778792596904, 356.8761956627927, 356.8761956627927, 356.8761956627927, 356.8761956627927, 356.8761956627927, 356.8761956627927, 356.8761956627927, 356.83426620367936, 356.83426620367936, 356.83426620367936, 356.83426620367936, 356.83426620367936, 356.83426620367936, 356.83426620367936, 356.83426620367936, 356.83426620367936, 356.83426620367936, 356.83426620367936, 356.83426620367936, 347.0050795404362, 255.05874627736762, 251.08492440565976, 249.24151651775264, 249.24151651775264, 243.16514252195316, 243.16514252195316, 241.55957176888683, 238.83232029829458, 238.83232029829458, 238.83232029829458, 237.8319802715971, 237.13793774372505, 237.04980298661337, 237.04980298661337, 237.04980298661337, 237.04980298661337, 236.98028988529222, 236.95347975221375, 236.95240649770255, 236.95240649770255, 236.8910171154364, 236.88961969691445, 236.88961969691445, 236.88961969691445, 236.88961969691445, 236.8873971404604, 236.8873971404604, 236.88499128362673, 236.8798088113698, 236.8798088113698, 236.8798088113698, 236.8798088113698, 236.87925718348947, 236.87925718348947, 236.87925718348947, 236.87925718348947, 236.87925718348947, 236.87925718348947, 236.87769295363, 236.87750008806347, 236.87750008806347, 236.87750008806347, 236.87750008806347, 236.87679746621416, 236.87679746621416, 236.87679746621416, 236.87679746621416, 236.87679746621416, 236.87679746621416, 236.87679746621416, 236.87678011600804, 236.87678011600804, 236.87678011600804, 236.87673773582742, 236.87673773582742, 236.87671398809402, 236.87670907971756, 236.87670907971756, 236.87670907971756, 236.87670907971756, 236.87670907971756, 236.87670893798236, 236.87670893798236, 236.87670893798236, 236.87670848987227, 236.87670848987227, 236.87670848987227, 236.87670848987227, 236.87670769266583, 236.87670769266583, 236.87670769266583, 236.87670755465274, 236.87670755465274, 236.8767075119158, 236.8767075119158, 236.87670748414178, 236.8767074690586, 236.8767074425482, 236.8767074425482, 236.8767074425482, 236.87670743557737, 236.87670743557737, 236.87670743182161, 236.876707417234, 236.876707417234, 236.876707417234, 236.876707417234, 236.876707417234, 236.876707417234, 236.876707417234, 236.8767074137893, 236.8767074137893, 236.87670741261525, 236.87670741261525, 236.876707411672]","{""cognitive_weight"": 1.5, ""inertia_weight"": 0.7, ""max_iterations"": 140, ""social_weight"": 1.5, ""swarm_size"": 50}"
schwefel,Schwefel,70,1557,pso,PSO,3,"[-500.0, 500.0]","[420.968746, 420.968746, 420.968746]","[420.96874502066663, 420.9687463176322, 420.96874545593977]",3.818269897237769e-05,1.1644679632008448e-06,140,7050,"[42.20279448276369, 42.20279448276369, 42.20279448276369, 42.20279448276369, 42.20279448276369, 42.20279448276369, 42.20279448276369, 42.20279448276369, 42.20279448276369, 42.20279448276369, 42.20279448276369, 16.604275003588555, 13.210519309144274, 11.932483772204023, 11.932483772204023, 10.088443331142798, 4.076659988725396, 2.251385198434491, 2.251385198434491, 0.705652003672185, 0.3172701154035167, 0.3172701154035167, 0.3172701154035167, 0.3172701154035167, 0.1247837351279486, 0.1247837351279486, 0.1247837351279486, 0.1247837351279486, 0.10834688887825905, 0.10834688887825905, 0.09437000869570511, 0.09437000869570511, 0.09437000869570511, 0.031129275223975128, 0.031129275223975128, 0.016331470816112414, 0.016331470816112414, 0.016331470816112414, 0.016331470816112414, 0.016331470816112414, 0.016331470816112414, 0.006203729006756475, 0.006203729006756475, 0.001629984470355339, 0.001629984470355339, 0.001629984470355339, 0.00040498314729120466, 0.00040498314729120466, 0.00040498314729120466, 0.00040498314729120466, 0.00040498314729120466, 0.00020417436371644726, 0.00020417436371644726, 0.00020417436371644726, 0.00020417436371644726, 0.00020417436371644726, 0.00020417436371644726, 0.00020417436371644726, 0.00020417436371644726, 0.00014711265112055116, 0.000138517701998353, 9.45318456615496e-05, 9.45318456615496e-05, 4.661401999328518e-05, 4.661401999328518e-05, 4.231809998600511e-05, 4.231809998600511e-05, 4.19902564772201e-05, 4.123030339542311e-05, 4.075442984685651e-05, 4.075442984685651e-05, 4.075442984685651e-05, 4.075442984685651e-05, 4.075442984685651e-05, 3.897421879628382e-05, 3.897421879628382e-05, 3.886347326442774e-05, 3.886347326442774e-05, 3.860404331135214e-05, 3.860404331135214e-05, 3.860404331135214e-05, 3.860404331135214e-05, 3.860404331135214e-05, 3.860404331135214e-05, 3.837567214759474e-05, 3.837567214759474e-05, 3.8341426034094184e-05, 3.830012155958684e-05, 3.8211032006074674e-05, 3.8211032006074674e-05, 3.8211032006074674e-05, 3.8211032006074674e-05, 3.819625430878659e-05, 3.8192410556803225e-05, 3.8192410556803225e-05, 3.8192410556803225e-05, 3.8192410556803225e-05, 3.81904737878358e-05, 3.81904737878358e-05, 3.81904737878358e-05, 3.818778623099206e-05, 3.818778623099206e-05, 3.818778623099206e-05, 3.818367304120329e-05, 3.818367304120329e-05, 3.818367304120329e-05, 3.818347659034771e-05, 3.818347659034771e-05, 3.8183387914614286e-05, 3.8183387914614286e-05, 3.818304935521155e-05, 3.818304935521155e-05, 3.818300001512398e-05, 3.8182909520401154e-05, 3.8182909520401154e-05, 3.8182909520401154e-05, 3.8182787648111116e-05, 3.8182787648111116e-05, 3.818277309619589e-05, 3.818277309619589e-05, 3.818276354650152e-05, 3.818275763478596e-05, 3.818270420197223e-05, 3.818270420197223e-05, 3.818270420197223e-05, 3.818270420197223e-05, 3.818270010924607e-05, 3.818270010924607e-05, 3.818269965449872e-05, 3.818269965449872e-05, 3.818269965449872e-05, 3.818269965449872e-05, 3.818269965449872e-05, 3.818269897237769e-05, 3.818269897237769e-05, 3.818269897237769e-05, 3.818269897237769e-05, 3.818269897237769e-05, 3.818269897237769e-05, 3.818269897237769e-05, 3.818269897237769e-05]","{""cognitive_weight"": 1.5, ""inertia_weight"": 0.7, ""max_iterations"": 140, ""social_weight"": 1.5, ""swarm_size"": 50}"
schwefel,Schwefel,71,1558,pso,PSO,3,"[-500.0, 500.0]","[420.968746, 420.968746, 420.968746]","[420.96874687611876, 420.9687460529146, 420.9687455802739]",3.818269897237769e-05,9.72910081986862e-07,140,7050,"[564.1377287970201, 564.1377287970201, 564.1377287970201, 300.48273409516366, 300.48273409516366, 300.48273409516366, 260.82567974590097, 230.22203093230587, 230.22203093230587, 230.22203093230587, 223.62685279987295, 223.62685279987295, 220.2464634800449, 220.2464634800449, 220.2464634800449, 219.2982715399828, 137.12123977204487, 126.13126902709564, 71.04009397113805, 71.04009397113805, 37.74925152767673, 9.099069947083535, 9.099069947083535, 9.099069947083535, 9.099069947083535, 1.3589558660005423, 1.3589558660005423, 1.3589558660005423, 1.3589558660005423, 1.3589558660005423, 1.3589558660005423, 1.234857546420244, 1.234857546420244, 1.234857546420244, 0.6263058903900856, 0.22216111709985853, 0.22216111709985853, 0.22216111709985853, 0.22216111709985853, 0.15021766018116978, 0.15021766018116978, 0.07578310590611181, 0.07578310590611181, 0.06623729583043314, 0.03733177609115046, 0.016568213938626286, 0.0019965411211160244, 0.0019965411211160244, 0.0019965411211160244, 0.0019965411211160244, 0.0019965411211160244, 0.0019965411211160244, 0.0019965411211160244, 0.0019965411211160244, 0.0008116019398585195, 0.0002975852758027031, 0.0002975852758027031, 0.00029478236865543295, 0.00029478236865543295, 0.00029478236865543295, 0.00029478236865543295, 0.00029478236865543295, 0.00029478236865543295, 0.00029478236865543295, 0.00029478236865543295, 0.00017757448222255334, 0.00016193646729334432, 9.782624397303152e-05, 7.56173760692036e-05, 7.56173760692036e-05, 7.56173760692036e-05, 5.627183122669521e-05, 5.627183122669521e-05, 5.627183122669521e-05, 5.127307122165803e-05, 5.127307122165803e-05, 4.595296536535898e-05, 4.595296536535898e-05, 4.595296536535898e-05, 4.595296536535898e-05, 4.26698895807931e-05, 4.26698895807931e-05, 4.26698895807931e-05, 4.019167818114511e-05, 4.019167818114511e-05, 4.018651065962331e-05, 4.018651065962331e-05, 3.964602638006909e-05, 3.964602638006909e-05, 3.964602638006909e-05, 3.917625235771993e-05, 3.917625235771993e-05, 3.845210585495806e-05, 3.845210585495806e-05, 3.845210585495806e-05, 3.845210585495806e-05, 3.845210585495806e-05, 3.826072270385339e-05, 3.826072270385339e-05, 3.818790514742432e-05, 3.818790514742432e-05, 3.818790514742432e-05, 3.818790514742432e-05, 3.818790514742432e-05, 3.818790514742432e-05, 3.818790514742432e-05, 3.8184675759112e-05, 3.8184675759112e-05, 3.818386630882742e-05, 3.818386630882742e-05, 3.8183673950697994e-05, 3.818360664809006e-05, 3.818360664809006e-05, 3.818360664809006e-05, 3.8183540709724184e-05, 3.818273671640782e-05, 3.818273671640782e-05, 3.818273671640782e-05, 3.818273671640782e-05, 3.818273671640782e-05, 3.818273671640782e-05, 3.818273671640782e-05, 3.818273671640782e-05, 3.818273671640782e-05, 3.818273671640782e-05, 3.818273671640782e-05, 3.818273671640782e-05, 3.8182709886314115e-05, 3.8182709886314115e-05, 3.818270602096163e-05, 3.818270602096163e-05, 3.818270602096163e-05, 3.818270602096163e-05, 3.818270306510385e-05, 3.8182700336619746e-05, 3.818269965449872e-05, 3.818269965449872e-05, 3.818269965449872e-05, 3.818269965449872e-05, 3.818269919975137e-05, 3.818269897237769e-05]","{""cognitive_weight"": 1.5, ""inertia_weight"": 0.7, ""max_iterations"": 140, ""social_weight"": 1.5, ""swarm_size"": 50}"
schwefel,Schwefel,72,1559,pso,PSO,3,"[-500.0, 500.0]","[420.968746, 420.968746, 420.968746]","[420.96874842576176, 420.968745450404, 420.9687459013059]",3.8182699427125044e-05,2.489199941774578e-06,140,7050,"[331.09890783571393, 331.09890783571393, 331.09890783571393, 293.97711290659686, 208.77027640363485, 208.77027640363485, 154.74869023069004, 122.0892880576364, 30.138023042196664, 30.138023042196664, 30.138023042196664, 14.279024977744257, 14.279024977744257, 11.774242311077387, 6.7585350842684875, 6.7585350842684875, 6.7585350842684875, 3.6360236056323174, 0.41068533680686414, 0.41068533680686414, 0.41068533680686414, 0.41068533680686414, 0.41068533680686414, 0.41068533680686414, 0.41068533680686414, 0.41068533680686414, 0.41068533680686414, 0.40201327229146955, 0.40201327229146955, 0.1318371914276213, 0.1318371914276213, 0.1318371914276213, 0.1147368381657543, 0.1147368381657543, 0.010408126795255157, 0.010408126795255157, 0.010408126795255157, 0.010408126795255157, 0.010408126795255157, 0.0060067986723879585, 0.0060067986723879585, 0.003512858105750638, 0.003512858105750638, 0.003512858105750638, 0.003512858105750638, 0.003512858105750638, 0.003512858105750638, 0.002765747988860312, 0.002765747988860312, 0.002765747988860312, 0.000437510401752661, 0.000437510401752661, 0.000437510401752661, 0.000437510401752661, 0.000437510401752661, 0.000437510401752661, 0.000437510401752661, 0.000437510401752661, 0.000437510401752661, 0.0003414376158161758, 0.0003414376158161758, 0.0003414376158161758, 0.0003414376158161758, 0.0002906608556259016, 0.00017207098153448896, 0.0001631978213936236, 0.00011952174850193842, 0.00011952174850193842, 8.458441971015418e-05, 5.601436305369134e-05, 4.419014862833137e-05, 3.9918845459396834e-05, 3.889169420290273e-05, 3.889169420290273e-05, 3.862221342387784e-05, 3.862221342387784e-05, 3.858183595184528e-05, 3.858183595184528e-05, 3.858183595184528e-05, 3.858183595184528e-05, 3.855873910652008e-05, 3.8544356129932567e-05, 3.8544356129932567e-05, 3.840963017864851e-05, 3.822403118647344e-05, 3.822403118647344e-05, 3.822403118647344e-05, 3.822403118647344e-05, 3.82119048936147e-05, 3.82119048936147e-05, 3.82119048936147e-05, 3.82119048936147e-05, 3.82119048936147e-05, 3.8211483115446754e-05, 3.820792198894196e-05, 3.820792198894196e-05, 3.819871540144959e-05, 3.819472408395086e-05, 3.819472408395086e-05, 3.8194606077013304e-05, 3.8194606077013304e-05, 3.819407493210747e-05, 3.819407493210747e-05, 3.818367349595064e-05, 3.818367349595064e-05, 3.818319873971632e-05, 3.818319873971632e-05, 3.818319873971632e-05, 3.818319873971632e-05, 3.8182992284419015e-05, 3.8182992284419015e-05, 3.8182992284419015e-05, 3.8182992284419015e-05, 3.818286313617136e-05, 3.818286313617136e-05, 3.81828563149611e-05, 3.81828563149611e-05, 3.81828563149611e-05, 3.81828563149611e-05, 3.818280401901575e-05, 3.818280401901575e-05, 3.818280401901575e-05, 3.818276786660135e-05, 3.818276786660135e-05, 3.818276786660135e-05, 3.818276786660135e-05, 3.818276786660135e-05, 3.818276786660135e-05, 3.818274444711278e-05, 3.818274444711278e-05, 3.8182719890755834e-05, 3.8182709431566764e-05, 3.818270397459855e-05, 3.8182699881872395e-05, 3.8182699881872395e-05, 3.8182699881872395e-05, 3.8182699881872395e-05, 3.8182699881872395e-05, 3.8182699427125044e-05, 3.8182699427125044e-05, 3.8182699427125044e-05]","{""cognitive_weight"": 1.5, ""inertia_weight"": 0.7, ""max_iterations"": 140, ""social_weight"": 1.5, ""swarm_size"": 50}"
schwefel,Schwefel,73,1560,pso,PSO,3,"[-500.0, 500.0]","[420.968746, 420.968746, 420.968746]","[420.9687476900548, 420.9687451224887, 420.9687464015169]",3.818269897237769e-05,1.9461569913911607e-06,140,7050,"[104.77470071358721, 104.77470071358721, 104.77470071358721, 104.77470071358721, 104.77470071358721, 104.77470071358721, 104.77470071358721, 104.77470071358721, 31.995830712630095, 31.995830712630095, 31.995830712630095, 30.20759788878013, 29.878044259120543, 15.291269071749866, 11.951731483239428, 4.1932286083911094, 4.1932286083911094, 4.1932286083911094, 4.1932286083911094, 1.2496016395148217, 1.072005245956916, 1.072005245956916, 1.072005245956916, 0.5565340851198926, 0.5565340851198926, 0.5565340851198926, 0.33029374422903857, 0.33029374422903857, 0.33029374422903857, 0.12839816751534272, 0.12839816751534272, 0.050048320564656024, 0.050048320564656024, 0.02436935752825775, 0.018310773072698794, 0.018310773072698794, 0.018310773072698794, 0.002787301754779037, 0.002787301754779037, 0.00087856596542224, 0.00087856596542224, 0.00087856596542224, 0.00087856596542224, 0.0007390322875835409, 0.0007390322875835409, 0.0007390322875835409, 0.0005214062719005597, 0.0002191440571550629, 0.00012674932372647163, 0.0001204765169404709, 0.0001204765169404709, 0.00010012368238676572, 8.843361774779623e-05, 8.843361774779623e-05, 8.775720471021486e-05, 8.641427484690212e-05, 8.552141935069812e-05, 8.491954622513731e-05, 8.450956670458254e-05, 4.787452394339198e-05, 4.505327797232894e-05, 4.505327797232894e-05, 4.305029824536177e-05, 4.305029824536177e-05, 4.305029824536177e-05, 4.305029824536177e-05, 4.305029824536177e-05, 4.283194903109688e-05, 4.283194903109688e-05, 4.283194903109688e-05, 4.283194903109688e-05, 4.283194903109688e-05, 4.283194903109688e-05, 4.143082082919136e-05, 4.0832738477547537e-05, 4.0832738477547537e-05, 4.0832738477547537e-05, 3.860611423078808e-05, 3.827080740848032e-05, 3.827080740848032e-05, 3.827080740848032e-05, 3.827080740848032e-05, 3.827080740848032e-05, 3.827080740848032e-05, 3.823271504188597e-05, 3.823271504188597e-05, 3.823271504188597e-05, 3.823127735813614e-05, 3.823127735813614e-05, 3.823127735813614e-05, 3.820092251771712e-05, 3.820092251771712e-05, 3.820092251771712e-05, 3.820092251771712e-05, 3.820092251771712e-05, 3.820092251771712e-05, 3.820092251771712e-05, 3.820092251771712e-05, 3.8198904803721234e-05, 3.818414575107454e-05, 3.818297568614071e-05, 3.818297568614071e-05, 3.818297568614071e-05, 3.818297568614071e-05, 3.818297568614071e-05, 3.818297568614071e-05, 3.818297568614071e-05, 3.818297568614071e-05, 3.818297568614071e-05, 3.818297568614071e-05, 3.818297568614071e-05, 3.81828674562712e-05, 3.81828674562712e-05, 3.81828674562712e-05, 3.81828674562712e-05, 3.81828674562712e-05, 3.81828674562712e-05, 3.81828674562712e-05, 3.8182784692253335e-05, 3.818273057731858e-05, 3.818273057731858e-05, 3.818273057731858e-05, 3.8182701928235474e-05, 3.8182701928235474e-05, 3.8182701928235474e-05, 3.8182701928235474e-05, 3.8182701928235474e-05, 3.8182700336619746e-05, 3.8182700336619746e-05, 3.8182700336619746e-05, 3.8182700336619746e-05, 3.8182700336619746e-05, 3.8182700336619746e-05, 3.8182699427125044e-05, 3.8182699427125044e-05, 3.8182699427125044e-05, 3.8182699427125044e-05, 3.8182699427125044e-05, 3.8182699427125044e-05, 3.818269897237769e-05, 3.818269897237769e-05]","{""cognitive_weight"": 1.5, ""inertia_weight"": 0.7, ""max_iterations"": 140, ""social_weight"": 1.5, ""swarm_size"": 50}"
schwefel,Schwefel,74,1561,pso,PSO,3,"[-500.0, 500.0]","[420.968746, 420.968746, 420.968746]","[420.9687469740266, 420.9687427980228, 420.96874610331116]",3.8182700336619746e-05,3.3484412977279827e-06,140,7050,"[407.216240793668, 407.216240793668, 407.216240793668, 285.2859222310443, 285.2859222310443, 285.2859222310443, 41.69088603108753, 41.69088603108753, 41.69088603108753, 41.69088603108753, 40.938279777077696, 14.615540898483914, 12.13143754832231, 9.94689351525949, 5.049424281991151, 0.11318184772380846, 0.11318184772380846, 0.11318184772380846, 0.11318184772380846, 0.11318184772380846, 0.11318184772380846, 0.11318184772380846, 0.11318184772380846, 0.08645767150187567, 0.08645767150187567, 0.08645767150187567, 0.06248886001571918, 0.06248886001571918, 0.06248886001571918, 0.029216055648475958, 0.029216055648475958, 0.02177420662746954, 0.02177420662746954, 0.010484088052862717, 0.010484088052862717, 0.010484088052862717, 0.010484088052862717, 0.005717191255598664, 0.005717191255598664, 0.005717191255598664, 0.004339115173479513, 0.004339115173479513, 0.004339115173479513, 0.0043329077959697315, 0.003327624624262171, 0.002088163041662483, 0.0002809395721214969, 0.0002809395721214969, 0.0002809395721214969, 0.00026617939261086576, 0.00026617939261086576, 0.0001935533891810337, 0.0001935533891810337, 0.00017085714830500365, 0.00017085714830500365, 0.00012253792488081672, 9.158662669506157e-05, 9.158662669506157e-05, 9.158662669506157e-05, 9.158662669506157e-05, 9.158662669506157e-05, 9.102222156798234e-05, 9.102222156798234e-05, 5.305944796418771e-05, 5.305944796418771e-05, 5.066759558758349e-05, 5.066759558758349e-05, 4.16105544900347e-05, 4.16105544900347e-05, 4.16105544900347e-05, 4.16105544900347e-05, 3.995148858848552e-05, 3.995148858848552e-05, 3.9875310903880745e-05, 3.9875310903880745e-05, 3.886660033458611e-05, 3.8709279124304885e-05, 3.863944903059746e-05, 3.863944903059746e-05, 3.833418600152072e-05, 3.833418600152072e-05, 3.8254714127106126e-05, 3.8254714127106126e-05, 3.8254714127106126e-05, 3.822996268354473e-05, 3.822996268354473e-05, 3.822996268354473e-05, 3.822996268354473e-05, 3.819877611022093e-05, 3.819877611022093e-05, 3.819877611022093e-05, 3.819877611022093e-05, 3.819877611022093e-05, 3.81909599127539e-05, 3.818729919657926e-05, 3.818729919657926e-05, 3.81868062504509e-05, 3.81868062504509e-05, 3.81868062504509e-05, 3.81868062504509e-05, 3.81868062504509e-05, 3.81868062504509e-05, 3.81868062504509e-05, 3.8186018628039164e-05, 3.8186018628039164e-05, 3.8184417917364044e-05, 3.8183656897672336e-05, 3.8182833577593556e-05, 3.8182833577593556e-05, 3.8182833577593556e-05, 3.8182833577593556e-05, 3.8182833577593556e-05, 3.8182833577593556e-05, 3.8182833577593556e-05, 3.8182833577593556e-05, 3.8182833577593556e-05, 3.8182833577593556e-05, 3.818276059064374e-05, 3.818276059064374e-05, 3.818272216449259e-05, 3.818272216449259e-05, 3.818271875388746e-05, 3.818271875388746e-05, 3.818271875388746e-05, 3.818270806732471e-05, 3.818270806732471e-05, 3.818270806732471e-05, 3.8182707385203685e-05, 3.8182707385203685e-05, 3.8182707385203685e-05, 3.8182702382982825e-05, 3.8182702382982825e-05, 3.8182701928235474e-05, 3.8182701928235474e-05, 3.8182700336619746e-05, 3.8182700336619746e-05, 3.8182700336619746e-05, 3.8182700336619746e-05, 3.8182700336619746e-05, 3.8182700336619746e-05, 3.8182700336619746e-05]","{""cognitive_weight"": 1.5, ""inertia_weight"": 0.7, ""max_iterations"": 140, ""social_weight"": 1.5, ""swarm_size"": 50}"
schwefel,Schwefel,75,1562,pso,PSO,3,"[-500.0, 500.0]","[420.968746, 420.968746, 420.968746]","[420.96874485475746, 420.96874717956183, 420.9687459406405]",3.818269919975137e-05,1.6451352956152491e-06,140,7050,"[569.4365289346958, 526.0348138943914, 526.0348138943914, 526.0348138943914, 286.83963596918954, 286.83963596918954, 50.233831606361946, 50.233831606361946, 50.233831606361946, 50.233831606361946, 50.233831606361946, 50.233831606361946, 50.233831606361946, 18.91884463733527, 18.91884463733527, 18.91884463733527, 18.91884463733527, 17.26433164638547, 14.8909776947703, 7.4179828973406075, 7.4179828973406075, 3.9583493820518925, 3.9583493820518925, 1.1087081468695033, 1.1087081468695033, 1.1087081468695033, 0.24368400447133354, 0.24368400447133354, 0.24368400447133354, 0.24368400447133354, 0.24368400447133354, 0.24368400447133354, 0.24368400447133354, 0.24368400447133354, 0.24368400447133354, 0.24368400447133354, 0.24368400447133354, 0.23113343991485635, 0.007932815098229185, 0.007932815098229185, 0.006015477133132663, 0.006015477133132663, 0.004486139621803886, 0.004486139621803886, 0.004407510635246581, 0.004407510635246581, 0.004407510635246581, 0.004407510635246581, 0.004407510635246581, 0.004407510635246581, 0.004407510635246581, 0.002105890756865847, 0.002105890756865847, 0.00044901773253513966, 0.0004036785787775443, 0.0004036785787775443, 0.0003006946922141651, 0.0003006946922141651, 0.0003006946922141651, 0.0003006946922141651, 0.0001045053759298753, 0.0001045053759298753, 0.0001045053759298753, 0.0001045053759298753, 0.0001045053759298753, 0.0001045053759298753, 0.0001045053759298753, 7.223719990179234e-05, 7.223719990179234e-05, 7.223719990179234e-05, 5.461244450088998e-05, 3.822125449914893e-05, 3.822125449914893e-05, 3.822125449914893e-05, 3.822125449914893e-05, 3.822125449914893e-05, 3.822125449914893e-05, 3.822125449914893e-05, 3.822125449914893e-05, 3.822125449914893e-05, 3.822125449914893e-05, 3.822125449914893e-05, 3.822125449914893e-05, 3.822125449914893e-05, 3.822125449914893e-05, 3.822125449914893e-05, 3.822125449914893e-05, 3.822125449914893e-05, 3.822125449914893e-05, 3.822125449914893e-05, 3.822125449914893e-05, 3.822125449914893e-05, 3.822125449914893e-05, 3.822125449914893e-05, 3.822125449914893e-05, 3.822125449914893e-05, 3.822125449914893e-05, 3.822125449914893e-05, 3.822125449914893e-05, 3.822125449914893e-05, 3.819888297584839e-05, 3.819888297584839e-05, 3.819888297584839e-05, 3.819888297584839e-05, 3.819888297584839e-05, 3.8189271890587406e-05, 3.8189271890587406e-05, 3.818744198724744e-05, 3.818744198724744e-05, 3.818744198724744e-05, 3.8184444292710396e-05, 3.818382992903935e-05, 3.818382992903935e-05, 3.818382992903935e-05, 3.818348704953678e-05, 3.818348704953678e-05, 3.818348704953678e-05, 3.818348704953678e-05, 3.8182864500413416e-05, 3.8182864500413416e-05, 3.818276059064374e-05, 3.818276059064374e-05, 3.818273194156063e-05, 3.818273194156063e-05, 3.818273194156063e-05, 3.818273194156063e-05, 3.818273194156063e-05, 3.818272921307653e-05, 3.818270874944574e-05, 3.818270874944574e-05, 3.8182699427125044e-05, 3.8182699427125044e-05, 3.8182699427125044e-05, 3.8182699427125044e-05, 3.8182699427125044e-05, 3.8182699427125044e-05, 3.8182699427125044e-05, 3.8182699427125044e-05, 3.8182699427125044e-05, 3.8182699427125044e-05, 3.818269919975137e-05]","{""cognitive_weight"": 1.5, ""inertia_weight"": 0.7, ""max_iterations"": 140, ""social_weight"": 1.5, ""swarm_size"": 50}"
schwefel,Schwefel,76,1563,pso,PSO,3,"[-500.0, 500.0]","[420.968746, 420.968746, 420.968746]","[420.96880956508414, 420.9691504222433, 420.96926022556255]",3.823712427220016e-05,0.0006572866953903877,140,7050,"[342.10836405125906, 342.10836405125906, 342.10836405125906, 342.10836405125906, 342.10836405125906, 342.10836405125906, 342.10836405125906, 340.87370072805277, 289.5803165267989, 160.86281125620485, 160.86281125620485, 132.8867812471924, 132.8867812471924, 132.8867812471924, 126.00814779120037, 126.00814779120037, 121.66456468337947, 121.66456468337947, 121.66456468337947, 121.66456468337947, 121.66456468337947, 121.66456468337947, 121.66456468337947, 121.66456468337947, 118.59793580915152, 118.59793580915152, 118.59793580915152, 118.59793580915152, 118.59184706661654, 118.59184706661654, 118.59184706661654, 118.59184706661654, 118.59184706661654, 118.59184706661654, 118.59184706661654, 118.59184706661654, 118.59184706661654, 118.49551217059116, 118.46753993415246, 118.46753993415246, 118.46753993415246, 118.46753993415246, 118.46104942905549, 118.44160454858434, 118.44160454858434, 118.44160454858434, 118.43990624611547, 118.43910109968783, 23.812472652886072, 19.229369841808875, 19.229369841808875, 19.143571265871515, 19.143571265871515, 19.143571265871515, 6.544328780895967, 4.709759133707621, 2.4536425487417546, 2.4536425487417546, 1.2510021117118413, 1.2510021117118413, 0.6726855599249575, 0.6726855599249575, 0.6726855599249575, 0.6726855599249575, 0.6726855599249575, 0.1801255327236504, 0.1801255327236504, 0.1801255327236504, 0.1801255327236504, 0.019829367392958375, 0.019829367392958375, 0.019829367392958375, 0.019829367392958375, 0.019829367392958375, 0.019829367392958375, 0.019829367392958375, 0.019829367392958375, 0.019829367392958375, 0.019829367392958375, 0.008306855358341636, 0.008306855358341636, 0.008306855358341636, 0.008306855358341636, 0.005442785886771162, 0.004835479227040196, 0.004835479227040196, 0.004835479227040196, 0.0045720341377091245, 0.0019103795202681795, 0.0019103795202681795, 0.0018456335728842532, 0.0006431670103665965, 0.0006431670103665965, 0.0003667265436888556, 0.0003667265436888556, 0.0002678194869076833, 0.0002678194869076833, 0.00012774473862009472, 0.00012774473862009472, 0.00012774473862009472, 0.00012774473862009472, 0.00012774473862009472, 0.00012774473862009472, 0.00012647387075048755, 0.00012647387075048755, 0.00012647387075048755, 0.00012647387075048755, 0.00012647387075048755, 6.292491298154346e-05, 5.836818922944076e-05, 4.796737653123273e-05, 4.796737653123273e-05, 4.796737653123273e-05, 4.3014885477532516e-05, 4.3014885477532516e-05, 4.3014885477532516e-05, 4.3014885477532516e-05, 4.3014885477532516e-05, 3.943105321013718e-05, 3.943105321013718e-05, 3.943105321013718e-05, 3.943105321013718e-05, 3.893945358868223e-05, 3.893945358868223e-05, 3.893945358868223e-05, 3.893945358868223e-05, 3.893945358868223e-05, 3.82763621473714e-05, 3.82763621473714e-05, 3.82763621473714e-05, 3.82763621473714e-05, 3.82763621473714e-05, 3.82763621473714e-05, 3.82763621473714e-05, 3.82763621473714e-05, 3.82763621473714e-05, 3.82763621473714e-05, 3.82763621473714e-05, 3.82763621473714e-05, 3.82763621473714e-05, 3.823712427220016e-05]","{""cognitive_weight"": 1.5, ""inertia_weight"": 0.7, ""max_iterations"": 140, ""social_weight"": 1.5, ""swarm_size"": 50}"
schwefel,Schwefel,77,1564,pso,PSO,3,"[-500.0, 500.0]","[420.968746, 420.968746, 420.968746]","[-302.51635638674003, 420.93829409832233, 420.9935152288808]",118.43857654615817,723.4851034516084,140,7050,"[426.73641003527837, 426.73641003527837, 426.73641003527837, 426.73641003527837, 426.73641003527837, 426.73641003527837, 426.73641003527837, 405.5750474557675, 405.5750474557675, 361.77755710930137, 361.77755710930137, 361.77755710930137, 361.77755710930137, 301.4008467506741, 301.4008467506741, 256.4585567989112, 256.4585567989112, 256.4585567989112, 256.4585567989112, 246.6986584040361, 241.59867684517974, 241.59867684517974, 241.59867684517974, 241.59867684517974, 241.59867684517974, 241.59867684517974, 241.59867684517974, 238.9030529970771, 238.9030529970771, 238.72103867395515, 238.72103867395515, 238.23020220263402, 238.08419800837657, 238.08419800837657, 237.55405944540416, 237.55405944540416, 236.95631703752838, 236.95631703752838, 236.95631703752838, 236.95631703752838, 236.95631703752838, 236.95631703752838, 236.9518446550628, 236.9187830062906, 236.9187830062906, 236.88809541118326, 236.88809541118326, 236.88537478582634, 236.88537478582634, 236.88537478582634, 236.88499854301915, 236.878961253669, 236.878961253669, 236.878961253669, 236.8781962268588, 236.8781962268588, 236.87743067091515, 236.87743067091515, 236.87743067091515, 236.8771957818883, 236.87692687162712, 236.87692687162712, 236.87675133500557, 236.87675133500557, 236.87675133500557, 236.8767170419352, 236.8767170419352, 236.87671697381438, 236.87671697381438, 236.87671697381438, 236.87671697381438, 236.87671697381438, 236.87671697381438, 236.87671053277222, 236.87671053277222, 236.87671053277222, 236.87671053277222, 236.87671053277222, 236.87671053277222, 236.87671053277222, 236.87671053277222, 236.87671048157586, 236.87671048157586, 236.87671045735397, 236.87671045735397, 236.87671042305465, 236.87671037958364, 236.87671034944094, 236.87671032848175, 236.87671031387913, 236.8767103036912, 236.876710296576, 236.87671029160356, 236.87671028812701, 236.87671028569525, 186.02388624034165, 157.283903338958, 145.82850901999473, 123.00399707097836, 123.00399707097836, 123.00399707097836, 118.56196561688262, 118.56196561688262, 118.56196561688262, 118.56196561688262, 118.56196561688262, 118.56196561688262, 118.56196561688262, 118.56196561688262, 118.56196561688262, 118.56196561688262, 118.51724208030828, 118.51724208030828, 118.51724208030828, 118.51724208030828, 118.51724208030828, 118.51724208030828, 118.46044961694793, 118.44927373001383, 118.44718414413137, 118.44718414413137, 118.44611152186371, 118.44611152186371, 118.44611152186371, 118.44310296830918, 118.44053285746122, 118.4395092206912, 118.4395092206912, 118.43898342528882, 118.43898342528882, 118.43898342528882, 118.43898342528882, 118.43898342528882, 118.43865450802991, 118.43865450802991, 118.43865450802991, 118.43865450802991, 118.43865450802991, 118.43858833352351, 118.43857654615817, 118.43857654615817]","{""cognitive_weight"": 1.5, ""inertia_weight"": 0.7, ""max_iterations"": 140, ""social_weight"": 1.5, ""swarm_size"": 50}"
schwefel,Schwefel,78,1565,pso,PSO,3,"[-500.0, 500.0]","[420.968746, 420.968746, 420.968746]","[-302.5249613063225, -302.5249403964436, 420.96875563280145]",236.876707411672,1023.1745983786747,140,7050,"[576.3426382077307, 482.7051987187035, 482.7051987187035, 479.6827984519175, 479.58577728216005, 479.58577728216005, 476.80371732175104, 476.80371732175104, 476.80371732175104, 476.80371732175104, 476.80371732175104, 476.7913435089347, 453.1717671982565, 358.3267034115381, 358.3267034115381, 358.3267034115381, 358.3267034115381, 358.3267034115381, 358.3014843140003, 358.3014843140003, 357.11882540969805, 357.11882540969805, 357.11882540969805, 356.9109693592401, 356.8778792596904, 356.8778792596904, 356.8761956627927, 356.8761956627927, 356.8761956627927, 356.8761956627927, 356.8761956627927, 356.8761956627927, 356.8761956627927, 356.83426620367936, 356.83426620367936, 356.83426620367936, 356.83426620367936, 356.83426620367936, 356.83426620367936, 356.83426620367936, 356.83426620367936, 356.83426620367936, 356.83426620367936, 356.83426620367936, 356.83426620367936, 347.0050795404362, 255.05874627736762, 251.08492440565976, 249.24151651775264, 249.24151651775264, 243.16514252195316, 243.16514252195316, 241.55957176888683, 238.83232029829458, 238.83232029829458, 238.83232029829458, 237.8319802715971, 237.13793774372505, 237.04980298661337, 237.04980298661337, 237.04980298661337, 237.04980298661337, 236.98028988529222, 236.95347975221375, 236.95240649770255, 236.95240649770255, 236.8910171154364, 236.88961969691445, 236.88961969691445, 236.88961969691445, 236.88961969691445, 236.8873971404604, 236.8873971404604, 236.88499128362673, 236.8798088113698, 236.8798088113698, 236.8798088113698, 236.8798088113698, 236.87925718348947, 236.87925718348947, 236.87925718348947, 236.87925718348947, 236.87925718348947, 236.87925718348947, 236.87769295363, 236.87750008806347, 236.87750008806347, 236.87750008806347, 236.87750008806347, 236.87679746621416, 236.87679746621416, 236.87679746621416, 236.87679746621416, 236.87679746621416, 236.87679746621416, 236.87679746621416, 236.87678011600804, 236.87678011600804, 236.87678011600804, 236.87673773582742, 236.87673773582742, 236.87671398809402, 236.87670907971756, 236.87670907971756, 236.87670907971756, 236.87670907971756, 236.87670907971756, 236.87670893798236, 236.87670893798236, 236.87670893798236, 236.87670848987227, 236.87670848987227, 236.87670848987227, 236.87670848987227, 236.87670769266583, 236.87670769266583, 236.87670769266583, 236.87670755465274, 236.87670755465274, 236.8767075119158, 236.8767075119158, 236.87670748414178, 236.8767074690586, 236.8767074425482, 236.8767074425482, 236.8767074425482, 236.87670743557737, 236.87670743557737, 236.87670743182161, 236.876707417234, 236.876707417234, 236.876707417234, 236.876707417234, 236.876707417234, 236.876707417234, 236.876707417234, 236.8767074137893, 236.8767074137893, 236.87670741261525, 236.87670741261525, 236.876707411672]","{""cognitive_weight"": 1.5, ""inertia_weight"": 0.7, ""max_iterations"": 140, ""social_weight"": 1.5, ""swarm_size"": 50}"
schwefel,Schwefel,79,1566,pso,PSO,3,"[-500.0, 500.0]","[420.968746, 420.968746, 420.968746]","[-302.52493515860675, -500.0, 420.9687507978887]",356.8321015381812,1171.1646074678163,140,7050,"[770.2580502440721, 621.5699583522296, 603.7472209342234, 603.7472209342234, 603.7472209342234, 597.625482596555, 597.625482596555, 597.625482596555, 596.4546223542912, 596.4546223542912, 595.2711890417334, 554.4350725491406, 498.9940836283238, 498.9940836283238, 498.9940836283238, 498.9940836283238, 498.9940836283238, 497.8133312564985, 497.8133312564985, 497.8133312564985, 457.17639263558726, 441.6304693308523, 441.6304693308523, 441.6304693308523, 441.6304693308523, 399.3469731148715, 392.3847409269316, 378.14727494218073, 378.14727494218073, 360.24436329886976, 360.24436329886976, 357.43686804188314, 357.43686804188314, 357.43686804188314, 357.43686804188314, 357.43686804188314, 357.2874717496966, 357.1482822653186, 357.1482822653186, 357.1482822653186, 357.1482822653186, 356.9020202615926, 356.9020202615926, 356.9020202615926, 356.9020202615926, 356.9020202615926, 356.9020202615926, 356.8992297997736, 356.8992297997736, 356.8992297997736, 356.8637673986418, 356.8636976209481, 356.84652816115386, 356.84652816115386, 356.84652816115386, 356.84652816115386, 356.84652816115386, 356.84652816115386, 356.84652816115386, 356.84037898827046, 356.84037898827046, 356.83381207145567, 356.83348588002696, 356.83348588002696, 356.8324732131207, 356.8324732131207, 356.8324732131207, 356.8324732131207, 356.8324732131207, 356.83214030909653, 356.83214030909653, 356.8321021173375, 356.8321021173375, 356.8321021173375, 356.8321021173375, 356.8321021173375, 356.8321021173375, 356.8321021173375, 356.8321021173375, 356.8321021173375, 356.8321021173375, 356.8321021173375, 356.8321021173375, 356.8321021173375, 356.8321021173375, 356.8321021173375, 356.8321021173375, 356.8321021173375, 356.8321021173375, 356.8321021173375, 356.8321021173375, 356.83210206485967, 356.83210206485967, 356.83210206485967, 356.83210206485967, 356.83210206485967, 356.83210206485967, 356.83210206485967, 356.83210206485967, 356.83210206485967, 356.83210206485967, 356.83210206485967, 356.8321016235376, 356.8321016235376, 356.83210155402776, 356.83210155402776, 356.83210155402776, 356.83210155402776, 356.83210155402776, 356.83210154148014, 356.83210154148014, 356.83210154148014, 356.83210154148014, 356.83210154148014, 356.83210154148014, 356.83210154148014, 356.83210154148014, 356.8321015391772, 356.832101539008, 356.83210153873733, 356.83210153873733, 356.83210153847244, 356.83210153847244, 356.8321015382544, 356.83210153824007, 356.83210153824007, 356.8321015382062, 356.8321015382062, 356.8321015382062, 356.8321015382062, 356.8321015382062, 356.8321015381913, 356.8321015381913, 356.8321015381913, 356.8321015381913, 356.8321015381913, 356.8321015381913, 356.8321015381913, 356.8321015381812, 356.8321015381812, 356.8321015381812]","{""cognitive_weight"": 1.5, ""inertia_weight"": 0.7, ""max_iterations"": 140, ""social_weight"": 1.5, ""swarm_size"": 50}"
schwefel,Schwefel,80,1558,pso,PSO,3,"[-500.0, 500.0]","[420.968746, 420.968746, 420.968746]","[420.96874687611876, 420.9687460529146, 420.9687455802739]",3.818269897237769e-05,9.72910081986862e-07,140,7050,"[564.1377287970201, 564.1377287970201, 564.1377287970201, 300.48273409516366, 300.48273409516366, 300.48273409516366, 260.82567974590097, 230.22203093230587, 230.22203093230587, 230.22203093230587, 223.62685279987295, 223.62685279987295, 220.2464634800449, 220.2464634800449, 220.2464634800449, 219.2982715399828, 137.12123977204487, 126.13126902709564, 71.04009397113805, 71.04009397113805, 37.74925152767673, 9.099069947083535, 9.099069947083535, 9.099069947083535, 9.099069947083535, 1.3589558660005423, 1.3589558660005423, 1.3589558660005423, 1.3589558660005423, 1.3589558660005423, 1.3589558660005423, 1.234857546420244, 1.234857546420244, 1.234857546420244, 0.6263058903900856, 0.22216111709985853, 0.22216111709985853, 0.22216111709985853, 0.22216111709985853, 0.15021766018116978, 0.15021766018116978, 0.07578310590611181, 0.07578310590611181, 0.06623729583043314, 0.03733177609115046, 0.016568213938626286, 0.0019965411211160244, 0.0019965411211160244, 0.0019965411211160244, 0.0019965411211160244, 0.0019965411211160244, 0.0019965411211160244, 0.0019965411211160244, 0.0019965411211160244, 0.0008116019398585195, 0.0002975852758027031, 0.0002975852758027031, 0.00029478236865543295, 0.00029478236865543295, 0.00029478236865543295, 0.00029478236865543295, 0.00029478236865543295, 0.00029478236865543295, 0.00029478236865543295, 0.00029478236865543295, 0.00017757448222255334, 0.00016193646729334432, 9.782624397303152e-05, 7.56173760692036e-05, 7.56173760692036e-05, 7.56173760692036e-05, 5.627183122669521e-05, 5.627183122669521e-05, 5.627183122669521e-05, 5.127307122165803e-05, 5.127307122165803e-05, 4.595296536535898e-05, 4.595296536535898e-05, 4.595296536535898e-05, 4.595296536535898e-05, 4.26698895807931e-05, 4.26698895807931e-05, 4.26698895807931e-05, 4.019167818114511e-05, 4.019167818114511e-05, 4.018651065962331e-05, 4.018651065962331e-05, 3.964602638006909e-05, 3.964602638006909e-05, 3.964602638006909e-05, 3.917625235771993e-05, 3.917625235771993e-05, 3.845210585495806e-05, 3.845210585495806e-05, 3.845210585495806e-05, 3.845210585495806e-05, 3.845210585495806e-05, 3.826072270385339e-05, 3.826072270385339e-05, 3.818790514742432e-05, 3.818790514742432e-05, 3.818790514742432e-05, 3.818790514742432e-05, 3.818790514742432e-05, 3.818790514742432e-05, 3.818790514742432e-05, 3.8184675759112e-05, 3.8184675759112e-05, 3.818386630882742e-05, 3.818386630882742e-05, 3.8183673950697994e-05, 3.818360664809006e-05, 3.818360664809006e-05, 3.818360664809006e-05, 3.8183540709724184e-05, 3.818273671640782e-05, 3.818273671640782e-05, 3.818273671640782e-05, 3.818273671640782e-05, 3.818273671640782e-05, 3.818273671640782e-05, 3.818273671640782e-05, 3.818273671640782e-05, 3.818273671640782e-05, 3.818273671640782e-05, 3.818273671640782e-05, 3.818273671640782e-05, 3.8182709886314115e-05, 3.8182709886314115e-05, 3.818270602096163e-05, 3.818270602096163e-05, 3.818270602096163e-05, 3.818270602096163e-05, 3.818270306510385e-05, 3.8182700336619746e-05, 3.818269965449872e-05, 3.818269965449872e-05, 3.818269965449872e-05, 3.818269965449872e-05, 3.818269919975137e-05, 3.818269897237769e-05]","{""cognitive_weight"": 1.5, ""inertia_weight"": 0.7, ""max_iterations"": 140, ""social_weight"": 1.5, ""swarm_size"": 50}"
schwefel,Schwefel,81,1559,pso,PSO,3,"[-500.0, 500.0]","[420.968746, 420.968746, 420.968746]","[420.96874842576176, 420.968745450404, 420.9687459013059]",3.8182699427125044e-05,2.489199941774578e-06,140,7050,"[331.09890783571393, 331.09890783571393, 331.09890783571393, 293.97711290659686, 208.77027640363485, 208.77027640363485, 154.74869023069004, 122.0892880576364, 30.138023042196664, 30.138023042196664, 30.138023042196664, 14.279024977744257, 14.279024977744257, 11.774242311077387, 6.7585350842684875, 6.7585350842684875, 6.7585350842684875, 3.6360236056323174, 0.41068533680686414, 0.41068533680686414, 0.41068533680686414, 0.41068533680686414, 0.41068533680686414, 0.41068533680686414, 0.41068533680686414, 0.41068533680686414, 0.41068533680686414, 0.40201327229146955, 0.40201327229146955, 0.1318371914276213, 0.1318371914276213, 0.1318371914276213, 0.1147368381657543, 0.1147368381657543, 0.010408126795255157, 0.010408126795255157, 0.010408126795255157, 0.010408126795255157, 0.010408126795255157, 0.0060067986723879585, 0.0060067986723879585, 0.003512858105750638, 0.003512858105750638, 0.003512858105750638, 0.003512858105750638, 0.003512858105750638, 0.003512858105750638, 0.002765747988860312, 0.002765747988860312, 0.002765747988860312, 0.000437510401752661, 0.000437510401752661, 0.000437510401752661, 0.000437510401752661, 0.000437510401752661, 0.000437510401752661, 0.000437510401752661, 0.000437510401752661, 0.000437510401752661, 0.0003414376158161758, 0.0003414376158161758, 0.0003414376158161758, 0.0003414376158161758, 0.0002906608556259016, 0.00017207098153448896, 0.0001631978213936236, 0.00011952174850193842, 0.00011952174850193842, 8.458441971015418e-05, 5.601436305369134e-05, 4.419014862833137e-05, 3.9918845459396834e-05, 3.889169420290273e-05, 3.889169420290273e-05, 3.862221342387784e-05, 3.862221342387784e-05, 3.858183595184528e-05, 3.858183595184528e-05, 3.858183595184528e-05, 3.858183595184528e-05, 3.855873910652008e-05, 3.8544356129932567e-05, 3.8544356129932567e-05, 3.840963017864851e-05, 3.822403118647344e-05, 3.822403118647344e-05, 3.822403118647344e-05, 3.822403118647344e-05, 3.82119048936147e-05, 3.82119048936147e-05, 3.82119048936147e-05, 3.82119048936147e-05, 3.82119048936147e-05, 3.8211483115446754e-05, 3.820792198894196e-05, 3.820792198894196e-05, 3.819871540144959e-05, 3.819472408395086e-05, 3.819472408395086e-05, 3.8194606077013304e-05, 3.8194606077013304e-05, 3.819407493210747e-05, 3.819407493210747e-05, 3.818367349595064e-05, 3.818367349595064e-05, 3.818319873971632e-05, 3.818319873971632e-05, 3.818319873971632e-05, 3.818319873971632e-05, 3.8182992284419015e-05, 3.8182992284419015e-05, 3.8182992284419015e-05, 3.8182992284419015e-05, 3.818286313617136e-05, 3.818286313617136e-05, 3.81828563149611e-05, 3.81828563149611e-05, 3.81828563149611e-05, 3.81828563149611e-05, 3.818280401901575e-05, 3.818280401901575e-05, 3.818280401901575e-05, 3.818276786660135e-05, 3.818276786660135e-05, 3.818276786660135e-05, 3.818276786660135e-05, 3.818276786660135e-05, 3.818276786660135e-05, 3.818274444711278e-05, 3.818274444711278e-05, 3.8182719890755834e-05, 3.8182709431566764e-05, 3.818270397459855e-05, 3.8182699881872395e-05, 3.8182699881872395e-05, 3.8182699881872395e-05, 3.8182699881872395e-05, 3.8182699881872395e-05, 3.8182699427125044e-05, 3.8182699427125044e-05, 3.8182699427125044e-05]","{""cognitive_weight"": 1.5, ""inertia_weight"": 0.7, ""max_iterations"": 140, ""social_weight"": 1.5, ""swarm_size"": 50}"
schwefel,Schwefel,82,1560,pso,PSO,3,"[-500.0, 500.0]","[420.968746, 420.968746, 420.968746]","[420.9687476900548, 420.9687451224887, 420.9687464015169]",3.818269897237769e-05,1.9461569913911607e-06,140,7050,"[104.77470071358721, 104.77470071358721, 104.77470071358721, 104.77470071358721, 104.77470071358721, 104.77470071358721, 104.77470071358721, 104.77470071358721, 31.995830712630095, 31.995830712630095, 31.995830712630095, 30.20759788878013, 29.878044259120543, 15.291269071749866, 11.951731483239428, 4.1932286083911094, 4.1932286083911094, 4.1932286083911094, 4.1932286083911094, 1.2496016395148217, 1.072005245956916, 1.072005245956916, 1.072005245956916, 0.5565340851198926, 0.5565340851198926, 0.5565340851198926, 0.33029374422903857, 0.33029374422903857, 0.33029374422903857, 0.12839816751534272, 0.12839816751534272, 0.050048320564656024, 0.050048320564656024, 0.02436935752825775, 0.018310773072698794, 0.018310773072698794, 0.018310773072698794, 0.002787301754779037, 0.002787301754779037, 0.00087856596542224, 0.00087856596542224, 0.00087856596542224, 0.00087856596542224, 0.0007390322875835409, 0.0007390322875835409, 0.0007390322875835409, 0.0005214062719005597, 0.0002191440571550629, 0.00012674932372647163, 0.0001204765169404709, 0.0001204765169404709, 0.00010012368238676572, 8.843361774779623e-05, 8.843361774779623e-05, 8.775720471021486e-05, 8.641427484690212e-05, 8.552141935069812e-05, 8.491954622513731e-05, 8.450956670458254e-05, 4.787452394339198e-05, 4.505327797232894e-05, 4.505327797232894e-05, 4.305029824536177e-05, 4.305029824536177e-05, 4.305029824536177e-05, 4.305029824536177e-05, 4.305029824536177e-05, 4.283194903109688e-05, 4.283194903109688e-05, 4.283194903109688e-05, 4.283194903109688e-05, 4.283194903109688e-05, 4.283194903109688e-05, 4.143082082919136e-05, 4.0832738477547537e-05, 4.0832738477547537e-05, 4.0832738477547537e-05, 3.860611423078808e-05, 3.827080740848032e-05, 3.827080740848032e-05, 3.827080740848032e-05, 3.827080740848032e-05, 3.827080740848032e-05, 3.827080740848032e-05, 3.823271504188597e-05, 3.823271504188597e-05, 3.823271504188597e-05, 3.823127735813614e-05, 3.823127735813614e-05, 3.823127735813614e-05, 3.820092251771712e-05, 3.820092251771712e-05, 3.820092251771712e-05, 3.820092251771712e-05, 3.820092251771712e-05, 3.820092251771712e-05, 3.820092251771712e-05, 3.820092251771712e-05, 3.8198904803721234e-05, 3.818414575107454e-05, 3.818297568614071e-05, 3.818297568614071e-05, 3.818297568614071e-05, 3.818297568614071e-05, 3.818297568614071e-05, 3.818297568614071e-05, 3.818297568614071e-05, 3.818297568614071e-05, 3.818297568614071e-05, 3.818297568614071e-05, 3.818297568614071e-05, 3.81828674562712e-05, 3.81828674562712e-05, 3.81828674562712e-05, 3.81828674562712e-05, 3.81828674562712e-05, 3.81828674562712e-05, 3.81828674562712e-05, 3.8182784692253335e-05, 3.818273057731858e-05, 3.818273057731858e-05, 3.818273057731858e-05, 3.8182701928235474e-05, 3.8182701928235474e-05, 3.8182701928235474e-05, 3.8182701928235474e-05, 3.8182701928235474e-05, 3.8182700336619746e-05, 3.8182700336619746e-05, 3.8182700336619746e-05, 3.8182700336619746e-05, 3.8182700336619746e-05, 3.8182700336619746e-05, 3.8182699427125044e-05, 3.8182699427125044e-05, 3.8182699427125044e-05, 3.8182699427125044e-05, 3.8182699427125044e-05, 3.8182699427125044e-05, 3.818269897237769e-05, 3.818269897237769e-05]","{""cognitive_weight"": 1.5, ""inertia_weight"": 0.7, ""max_iterations"": 140, ""social_weight"": 1.5, ""swarm_size"": 50}"
schwefel,Schwefel,83,1561,pso,PSO,3,"[-500.0, 500.0]","[420.968746, 420.968746, 420.968746]","[420.9687469740266, 420.9687427980228, 420.96874610331116]",3.8182700336619746e-05,3.3484412977279827e-06,140,7050,"[407.216240793668, 407.216240793668, 407.216240793668, 285.2859222310443, 285.2859222310443, 285.2859222310443, 41.69088603108753, 41.69088603108753, 41.69088603108753, 41.69088603108753, 40.938279777077696, 14.615540898483914, 12.13143754832231, 9.94689351525949, 5.049424281991151, 0.11318184772380846, 0.11318184772380846, 0.11318184772380846, 0.11318184772380846, 0.11318184772380846, 0.11318184772380846, 0.11318184772380846, 0.11318184772380846, 0.08645767150187567, 0.08645767150187567, 0.08645767150187567, 0.06248886001571918, 0.06248886001571918, 0.06248886001571918, 0.029216055648475958, 0.029216055648475958, 0.02177420662746954, 0.02177420662746954, 0.010484088052862717, 0.010484088052862717, 0.010484088052862717, 0.010484088052862717, 0.005717191255598664, 0.005717191255598664, 0.005717191255598664, 0.004339115173479513, 0.004339115173479513, 0.004339115173479513, 0.0043329077959697315, 0.003327624624262171, 0.002088163041662483, 0.0002809395721214969, 0.0002809395721214969, 0.0002809395721214969, 0.00026617939261086576, 0.00026617939261086576, 0.0001935533891810337, 0.0001935533891810337, 0.00017085714830500365, 0.00017085714830500365, 0.00012253792488081672, 9.158662669506157e-05, 9.158662669506157e-05, 9.158662669506157e-05, 9.158662669506157e-05, 9.158662669506157e-05, 9.102222156798234e-05, 9.102222156798234e-05, 5.305944796418771e-05, 5.305944796418771e-05, 5.066759558758349e-05, 5.066759558758349e-05, 4.16105544900347e-05, 4.16105544900347e-05, 4.16105544900347e-05, 4.16105544900347e-05, 3.995148858848552e-05, 3.995148858848552e-05, 3.9875310903880745e-05, 3.9875310903880745e-05, 3.886660033458611e-05, 3.8709279124304885e-05, 3.863944903059746e-05, 3.863944903059746e-05, 3.833418600152072e-05, 3.833418600152072e-05, 3.8254714127106126e-05, 3.8254714127106126e-05, 3.8254714127106126e-05, 3.822996268354473e-05, 3.822996268354473e-05, 3.822996268354473e-05, 3.822996268354473e-05, 3.819877611022093e-05, 3.819877611022093e-05, 3.819877611022093e-05, 3.819877611022093e-05, 3.819877611022093e-05, 3.81909599127539e-05, 3.818729919657926e-05, 3.818729919657926e-05, 3.81868062504509e-05, 3.81868062504509e-05, 3.81868062504509e-05, 3.81868062504509e-05, 3.81868062504509e-05, 3.81868062504509e-05, 3.81868062504509e-05, 3.8186018628039164e-05, 3.8186018628039164e-05, 3.8184417917364044e-05, 3.8183656897672336e-05, 3.8182833577593556e-05, 3.8182833577593556e-05, 3.8182833577593556e-05, 3.8182833577593556e-05, 3.8182833577593556e-05, 3.8182833577593556e-05, 3.8182833577593556e-05, 3.8182833577593556e-05, 3.8182833577593556e-05, 3.8182833577593556e-05, 3.818276059064374e-05, 3.818276059064374e-05, 3.818272216449259e-05, 3.818272216449259e-05, 3.818271875388746e-05, 3.818271875388746e-05, 3.818271875388746e-05, 3.818270806732471e-05, 3.818270806732471e-05, 3.818270806732471e-05, 3.8182707385203685e-05, 3.8182707385203685e-05, 3.8182707385203685e-05, 3.8182702382982825e-05, 3.8182702382982825e-05, 3.8182701928235474e-05, 3.8182701928235474e-05, 3.8182700336619746e-05, 3.8182700336619746e-05, 3.8182700336619746e-05, 3.8182700336619746e-05, 3.8182700336619746e-05, 3.8182700336619746e-05, 3.8182700336619746e-05]","{""cognitive_weight"": 1.5, ""inertia_weight"": 0.7, ""max_iterations"": 140, ""social_weight"": 1.5, ""swarm_size"": 50}"
schwefel,Schwefel,84,1562,pso,PSO,3,"[-500.0, 500.0]","[420.968746, 420.968746, 420.968746]","[420.96874485475746, 420.96874717956183, 420.9687459406405]",3.818269919975137e-05,1.6451352956152491e-06,140,7050,"[569.4365289346958, 526.0348138943914, 526.0348138943914, 526.0348138943914, 286.83963596918954, 286.83963596918954, 50.233831606361946, 50.233831606361946, 50.233831606361946, 50.233831606361946, 50.233831606361946, 50.233831606361946, 50.233831606361946, 18.91884463733527, 18.91884463733527, 18.91884463733527, 18.91884463733527, 17.26433164638547, 14.8909776947703, 7.4179828973406075, 7.4179828973406075, 3.9583493820518925, 3.9583493820518925, 1.1087081468695033, 1.1087081468695033, 1.1087081468695033, 0.24368400447133354, 0.24368400447133354, 0.24368400447133354, 0.24368400447133354, 0.24368400447133354, 0.24368400447133354, 0.24368400447133354, 0.24368400447133354, 0.24368400447133354, 0.24368400447133354, 0.24368400447133354, 0.23113343991485635, 0.007932815098229185, 0.007932815098229185, 0.006015477133132663, 0.006015477133132663, 0.004486139621803886, 0.004486139621803886, 0.004407510635246581, 0.004407510635246581, 0.004407510635246581, 0.004407510635246581, 0.004407510635246581, 0.004407510635246581, 0.004407510635246581, 0.002105890756865847, 0.002105890756865847, 0.00044901773253513966, 0.0004036785787775443, 0.0004036785787775443, 0.0003006946922141651, 0.0003006946922141651, 0.0003006946922141651, 0.0003006946922141651, 0.0001045053759298753, 0.0001045053759298753, 0.0001045053759298753, 0.0001045053759298753, 0.0001045053759298753, 0.0001045053759298753, 0.0001045053759298753, 7.223719990179234e-05, 7.223719990179234e-05, 7.223719990179234e-05, 5.461244450088998e-05, 3.822125449914893e-05, 3.822125449914893e-05, 3.822125449914893e-05, 3.822125449914893e-05, 3.822125449914893e-05, 3.822125449914893e-05, 3.822125449914893e-05, 3.822125449914893e-05, 3.822125449914893e-05, 3.822125449914893e-05, 3.822125449914893e-05, 3.822125449914893e-05, 3.822125449914893e-05, 3.822125449914893e-05, 3.822125449914893e-05, 3.822125449914893e-05, 3.822125449914893e-05, 3.822125449914893e-05, 3.822125449914893e-05, 3.822125449914893e-05, 3.822125449914893e-05, 3.822125449914893e-05, 3.822125449914893e-05, 3.822125449914893e-05, 3.822125449914893e-05, 3.822125449914893e-05, 3.822125449914893e-05, 3.822125449914893e-05, 3.822125449914893e-05, 3.819888297584839e-05, 3.819888297584839e-05, 3.819888297584839e-05, 3.819888297584839e-05, 3.819888297584839e-05, 3.8189271890587406e-05, 3.8189271890587406e-05, 3.818744198724744e-05, 3.818744198724744e-05, 3.818744198724744e-05, 3.8184444292710396e-05, 3.818382992903935e-05, 3.818382992903935e-05, 3.818382992903935e-05, 3.818348704953678e-05, 3.818348704953678e-05, 3.818348704953678e-05, 3.818348704953678e-05, 3.8182864500413416e-05, 3.8182864500413416e-05, 3.818276059064374e-05, 3.818276059064374e-05, 3.818273194156063e-05, 3.818273194156063e-05, 3.818273194156063e-05, 3.818273194156063e-05, 3.818273194156063e-05, 3.818272921307653e-05, 3.818270874944574e-05, 3.818270874944574e-05, 3.8182699427125044e-05, 3.8182699427125044e-05, 3.8182699427125044e-05, 3.8182699427125044e-05, 3.8182699427125044e-05, 3.8182699427125044e-05, 3.8182699427125044e-05, 3.8182699427125044e-05, 3.8182699427125044e-05, 3.8182699427125044e-05, 3.818269919975137e-05]","{""cognitive_weight"": 1.5, ""inertia_weight"": 0.7, ""max_iterations"": 140, ""social_weight"": 1.5, ""swarm_size"": 50}"
schwefel,Schwefel,85,1563,pso,PSO,3,"[-500.0, 500.0]","[420.968746, 420.968746, 420.968746]","[420.96880956508414, 420.9691504222433, 420.96926022556255]",3.823712427220016e-05,0.0006572866953903877,140,7050,"[342.10836405125906, 342.10836405125906, 342.10836405125906, 342.10836405125906, 342.10836405125906, 342.10836405125906, 342.10836405125906, 340.87370072805277, 289.5803165267989, 160.86281125620485, 160.86281125620485, 132.8867812471924, 132.8867812471924, 132.8867812471924, 126.00814779120037, 126.00814779120037, 121.66456468337947, 121.66456468337947, 121.66456468337947, 121.66456468337947, 121.66456468337947, 121.66456468337947, 121.66456468337947, 121.66456468337947, 118.59793580915152, 118.59793580915152, 118.59793580915152, 118.59793580915152, 118.59184706661654, 118.59184706661654, 118.59184706661654, 118.59184706661654, 118.59184706661654, 118.59184706661654, 118.59184706661654, 118.59184706661654, 118.59184706661654, 118.49551217059116, 118.46753993415246, 118.46753993415246, 118.46753993415246, 118.46753993415246, 118.46104942905549, 118.44160454858434, 118.44160454858434, 118.44160454858434, 118.43990624611547, 118.43910109968783, 23.812472652886072, 19.229369841808875, 19.229369841808875, 19.143571265871515, 19.143571265871515, 19.143571265871515, 6.544328780895967, 4.709759133707621, 2.4536425487417546, 2.4536425487417546, 1.2510021117118413, 1.2510021117118413, 0.6726855599249575, 0.6726855599249575, 0.6726855599249575, 0.6726855599249575, 0.6726855599249575, 0.1801255327236504, 0.1801255327236504, 0.1801255327236504, 0.1801255327236504, 0.019829367392958375, 0.019829367392958375, 0.019829367392958375, 0.019829367392958375, 0.019829367392958375, 0.019829367392958375, 0.019829367392958375, 0.019829367392958375, 0.019829367392958375, 0.019829367392958375, 0.008306855358341636, 0.008306855358341636, 0.008306855358341636, 0.008306855358341636, 0.005442785886771162, 0.004835479227040196, 0.004835479227040196, 0.004835479227040196, 0.0045720341377091245, 0.0019103795202681795, 0.0019103795202681795, 0.0018456335728842532, 0.0006431670103665965, 0.0006431670103665965, 0.0003667265436888556, 0.0003667265436888556, 0.0002678194869076833, 0.0002678194869076833, 0.00012774473862009472, 0.00012774473862009472, 0.00012774473862009472, 0.00012774473862009472, 0.00012774473862009472, 0.00012774473862009472, 0.00012647387075048755, 0.00012647387075048755, 0.00012647387075048755, 0.00012647387075048755, 0.00012647387075048755, 6.292491298154346e-05, 5.836818922944076e-05, 4.796737653123273e-05, 4.796737653123273e-05, 4.796737653123273e-05, 4.3014885477532516e-05, 4.3014885477532516e-05, 4.3014885477532516e-05, 4.3014885477532516e-05, 4.3014885477532516e-05, 3.943105321013718e-05, 3.943105321013718e-05, 3.943105321013718e-05, 3.943105321013718e-05, 3.893945358868223e-05, 3.893945358868223e-05, 3.893945358868223e-05, 3.893945358868223e-05, 3.893945358868223e-05, 3.82763621473714e-05, 3.82763621473714e-05, 3.82763621473714e-05, 3.82763621473714e-05, 3.82763621473714e-05, 3.82763621473714e-05, 3.82763621473714e-05, 3.82763621473714e-05, 3.82763621473714e-05, 3.82763621473714e-05, 3.82763621473714e-05, 3.82763621473714e-05, 3.82763621473714e-05, 3.823712427220016e-05]","{""cognitive_weight"": 1.5, ""inertia_weight"": 0.7, ""max_iterations"": 140, ""social_weight"": 1.5, ""swarm_size"": 50}"
schwefel,Schwefel,86,1564,pso,PSO,3,"[-500.0, 500.0]","[420.968746, 420.968746, 420.968746]","[-302.51635638674003, 420.93829409832233, 420.9935152288808]",118.43857654615817,723.4851034516084,140,7050,"[426.73641003527837, 426.73641003527837, 426.73641003527837, 426.73641003527837, 426.73641003527837, 426.73641003527837, 426.73641003527837, 405.5750474557675, 405.5750474557675, 361.77755710930137, 361.77755710930137, 361.77755710930137, 361.77755710930137, 301.4008467506741, 301.4008467506741, 256.4585567989112, 256.4585567989112, 256.4585567989112, 256.4585567989112, 246.6986584040361, 241.59867684517974, 241.59867684517974, 241.59867684517974, 241.59867684517974, 241.59867684517974, 241.59867684517974, 241.59867684517974, 238.9030529970771, 238.9030529970771, 238.72103867395515, 238.72103867395515, 238.23020220263402, 238.08419800837657, 238.08419800837657, 237.55405944540416, 237.55405944540416, 236.95631703752838, 236.95631703752838, 236.95631703752838, 236.95631703752838, 236.95631703752838, 236.95631703752838, 236.9518446550628, 236.9187830062906, 236.9187830062906, 236.88809541118326, 236.88809541118326, 236.88537478582634, 236.88537478582634, 236.88537478582634, 236.88499854301915, 236.878961253669, 236.878961253669, 236.878961253669, 236.8781962268588, 236.8781962268588, 236.87743067091515, 236.87743067091515, 236.87743067091515, 236.8771957818883, 236.87692687162712, 236.87692687162712, 236.87675133500557, 236.87675133500557, 236.87675133500557, 236.8767170419352, 236.8767170419352, 236.87671697381438, 236.87671697381438, 236.87671697381438, 236.87671697381438, 236.87671697381438, 236.87671697381438, 236.87671053277222, 236.87671053277222, 236.87671053277222, 236.87671053277222, 236.87671053277222, 236.87671053277222, 236.87671053277222, 236.87671053277222, 236.87671048157586, 236.87671048157586, 236.87671045735397, 236.87671045735397, 236.87671042305465, 236.87671037958364, 236.87671034944094, 236.87671032848175, 236.87671031387913, 236.8767103036912, 236.876710296576, 236.87671029160356, 236.87671028812701, 236.87671028569525, 186.02388624034165, 157.283903338958, 145.82850901999473, 123.00399707097836, 123.00399707097836, 123.00399707097836, 118.56196561688262, 118.56196561688262, 118.56196561688262, 118.56196561688262, 118.56196561688262, 118.56196561688262, 118.56196561688262, 118.56196561688262, 118.56196561688262, 118.56196561688262, 118.51724208030828, 118.51724208030828, 118.51724208030828, 118.51724208030828, 118.51724208030828, 118.51724208030828, 118.46044961694793, 118.44927373001383, 118.44718414413137, 118.44718414413137, 118.44611152186371, 118.44611152186371, 118.44611152186371, 118.44310296830918, 118.44053285746122, 118.4395092206912, 118.4395092206912, 118.43898342528882, 118.43898342528882, 118.43898342528882, 118.43898342528882, 118.43898342528882, 118.43865450802991, 118.43865450802991, 118.43865450802991, 118.43865450802991, 118.43865450802991, 118.43858833352351, 118.43857654615817, 118.43857654615817]","{""cognitive_weight"": 1.5, ""inertia_weight"": 0.7, ""max_iterations"": 140, ""social_weight"": 1.5, ""swarm_size"": 50}"
schwefel,Schwefel,87,1565,pso,PSO,3,"[-500.0, 500.0]","[420.968746, 420.968746, 420.968746]","[-302.5249613063225, -302.5249403964436, 420.96875563280145]",236.876707411672,1023.1745983786747,140,7050,"[576.3426382077307, 482.7051987187035, 482.7051987187035, 479.6827984519175, 479.58577728216005, 479.58577728216005, 476.80371732175104, 476.80371732175104, 476.80371732175104, 476.80371732175104, 476.80371732175104, 476.7913435089347, 453.1717671982565, 358.3267034115381, 358.3267034115381, 358.3267034115381, 358.3267034115381, 358.3267034115381, 358.3014843140003, 358.3014843140003, 357.11882540969805, 357.11882540969805, 357.11882540969805, 356.9109693592401, 356.8778792596904, 356.8778792596904, 356.8761956627927, 356.8761956627927, 356.8761956627927, 356.8761956627927, 356.8761956627927, 356.8761956627927, 356.8761956627927, 356.83426620367936, 356.83426620367936, 356.83426620367936, 356.83426620367936, 356.83426620367936, 356.83426620367936, 356.83426620367936, 356.83426620367936, 356.83426620367936, 356.83426620367936, 356.83426620367936, 356.83426620367936, 347.0050795404362, 255.05874627736762, 251.08492440565976, 249.24151651775264, 249.24151651775264, 243.16514252195316, 243.16514252195316, 241.55957176888683, 238.83232029829458, 238.83232029829458, 238.83232029829458, 237.8319802715971, 237.13793774372505, 237.04980298661337, 237.04980298661337, 237.04980298661337, 237.04980298661337, 236.98028988529222, 236.95347975221375, 236.95240649770255, 236.95240649770255, 236.8910171154364, 236.88961969691445, 236.88961969691445, 236.88961969691445, 236.88961969691445, 236.8873971404604, 236.8873971404604, 236.88499128362673, 236.8798088113698, 236.8798088113698, 236.8798088113698, 236.8798088113698, 236.87925718348947, 236.87925718348947, 236.87925718348947, 236.87925718348947, 236.87925718348947, 236.87925718348947, 236.87769295363, 236.87750008806347, 236.87750008806347, 236.87750008806347, 236.87750008806347, 236.87679746621416, 236.87679746621416, 236.87679746621416, 236.87679746621416, 236.87679746621416, 236.87679746621416, 236.87679746621416, 236.87678011600804, 236.87678011600804, 236.87678011600804, 236.87673773582742, 236.87673773582742, 236.87671398809402, 236.87670907971756, 236.87670907971756, 236.87670907971756, 236.87670907971756, 236.87670907971756, 236.87670893798236, 236.87670893798236, 236.87670893798236, 236.87670848987227, 236.87670848987227, 236.87670848987227, 236.87670848987227, 236.87670769266583, 236.87670769266583, 236.87670769266583, 236.87670755465274, 236.87670755465274, 236.8767075119158, 236.8767075119158, 236.87670748414178, 236.8767074690586, 236.8767074425482, 236.8767074425482, 236.8767074425482, 236.87670743557737, 236.87670743557737, 236.87670743182161, 236.876707417234, 236.876707417234, 236.876707417234, 236.876707417234, 236.876707417234, 236.876707417234, 236.876707417234, 236.8767074137893, 236.8767074137893, 236.87670741261525, 236.87670741261525, 236.876707411672]","{""cognitive_weight"": 1.5, ""inertia_weight"": 0.7, ""max_iterations"": 140, ""social_weight"": 1.5, ""swarm_size"": 50}"
schwefel,Schwefel,88,1566,pso,PSO,3,"[-500.0, 500.0]","[420.968746, 420.968746, 420.968746]","[-302.52493515860675, -500.0, 420.9687507978887]",356.8321015381812,1171.1646074678163,140,7050,"[770.2580502440721, 621.5699583522296, 603.7472209342234, 603.7472209342234, 603.7472209342234, 597.625482596555, 597.625482596555, 597.625482596555, 596.4546223542912, 596.4546223542912, 595.2711890417334, 554.4350725491406, 498.9940836283238, 498.9940836283238, 498.9940836283238, 498.9940836283238, 498.9940836283238, 497.8133312564985, 497.8133312564985, 497.8133312564985, 457.17639263558726, 441.6304693308523, 441.6304693308523, 441.6304693308523, 441.6304693308523, 399.3469731148715, 392.3847409269316, 378.14727494218073, 378.14727494218073, 360.24436329886976, 360.24436329886976, 357.43686804188314, 357.43686804188314, 357.43686804188314, 357.43686804188314, 357.43686804188314, 357.2874717496966, 357.1482822653186, 357.1482822653186, 357.1482822653186, 357.1482822653186, 356.9020202615926, 356.9020202615926, 356.9020202615926, 356.9020202615926, 356.9020202615926, 356.9020202615926, 356.8992297997736, 356.8992297997736, 356.8992297997736, 356.8637673986418, 356.8636976209481, 356.84652816115386, 356.84652816115386, 356.84652816115386, 356.84652816115386, 356.84652816115386, 356.84652816115386, 356.84652816115386, 356.84037898827046, 356.84037898827046, 356.83381207145567, 356.83348588002696, 356.83348588002696, 356.8324732131207, 356.8324732131207, 356.8324732131207, 356.8324732131207, 356.8324732131207, 356.83214030909653, 356.83214030909653, 356.8321021173375, 356.8321021173375, 356.8321021173375, 356.8321021173375, 356.8321021173375, 356.8321021173375, 356.8321021173375, 356.8321021173375, 356.8321021173375, 356.8321021173375, 356.8321021173375, 356.8321021173375, 356.8321021173375, 356.8321021173375, 356.8321021173375, 356.8321021173375, 356.8321021173375, 356.8321021173375, 356.8321021173375, 356.8321021173375, 356.83210206485967, 356.83210206485967, 356.83210206485967, 356.83210206485967, 356.83210206485967, 356.83210206485967, 356.83210206485967, 356.83210206485967, 356.83210206485967, 356.83210206485967, 356.83210206485967, 356.8321016235376, 356.8321016235376, 356.83210155402776, 356.83210155402776, 356.83210155402776, 356.83210155402776, 356.83210155402776, 356.83210154148014, 356.83210154148014, 356.83210154148014, 356.83210154148014, 356.83210154148014, 356.83210154148014, 356.83210154148014, 356.83210154148014, 356.8321015391772, 356.832101539008, 356.83210153873733, 356.83210153873733, 356.83210153847244, 356.83210153847244, 356.8321015382544, 356.83210153824007, 356.83210153824007, 356.8321015382062, 356.8321015382062, 356.8321015382062, 356.8321015382062, 356.8321015382062, 356.8321015381913, 356.8321015381913, 356.8321015381913, 356.8321015381913, 356.8321015381913, 356.8321015381913, 356.8321015381913, 356.8321015381812, 356.8321015381812, 356.8321015381812]","{""cognitive_weight"": 1.5, ""inertia_weight"": 0.7, ""max_iterations"": 140, ""social_weight"": 1.5, ""swarm_size"": 50}"
schwefel,Schwefel,89,1567,pso,PSO,3,"[-500.0, 500.0]","[420.968746, 420.968746, 420.968746]","[420.9687460092892, 420.96874592324514, 420.968747040256]",3.818269874500402e-05,1.0431251769322877e-06,140,7050,"[492.0648764311916, 492.0648764311916, 492.0648764311916, 476.0440871944826, 476.0440871944826, 476.0440871944826, 278.16851953312016, 256.37231727244705, 256.37231727244705, 42.179439352119516, 42.179439352119516, 42.179439352119516, 39.780810915433676, 39.780810915433676, 23.20013882991725, 5.8657849760761565, 5.8657849760761565, 5.8657849760761565, 5.8657849760761565, 3.355143053853908, 1.816159061615508, 1.816159061615508, 1.6570127132363268, 1.6570127132363268, 0.2610796040389687, 0.2610796040389687, 0.2610796040389687, 0.007178636552453099, 0.007178636552453099, 0.007178636552453099, 0.007178636552453099, 0.007178636552453099, 0.007178636552453099, 0.007178636552453099, 0.007178636552453099, 0.007178636552453099, 0.007178636552453099, 0.007178636552453099, 0.007178636552453099, 0.004801204759587563, 0.004801204759587563, 0.004801204759587563, 0.004801204759587563, 0.004801204759587563, 0.002014759033045266, 0.002014759033045266, 0.0013631923900447873, 0.0005891151679406903, 0.0005891151679406903, 0.00030689770733260957, 0.00030689770733260957, 0.00030689770733260957, 0.00030689770733260957, 0.00030689770733260957, 0.00030689770733260957, 0.00030689770733260957, 0.00030689770733260957, 0.00030689770733260957, 5.1555835398175986e-05, 4.911683117825305e-05, 4.911683117825305e-05, 4.911683117825305e-05, 4.911683117825305e-05, 4.911683117825305e-05, 4.911683117825305e-05, 4.3960045786661794e-05, 4.3960045786661794e-05, 4.3960045786661794e-05, 4.151227949478198e-05, 4.151227949478198e-05, 3.970147008658387e-05, 3.970147008658387e-05, 3.970147008658387e-05, 3.860373567476927e-05, 3.860373567476927e-05, 3.860373567476927e-05, 3.848908295367437e-05, 3.848908295367437e-05, 3.848908295367437e-05, 3.848908295367437e-05, 3.84799291168747e-05, 3.84799291168747e-05, 3.8282327295746654e-05, 3.822644885076443e-05, 3.822644885076443e-05, 3.822644885076443e-05, 3.822644885076443e-05, 3.822644885076443e-05, 3.822644885076443e-05, 3.818802042587777e-05, 3.818802042587777e-05, 3.8184680761332856e-05, 3.8184680761332856e-05, 3.8184680761332856e-05, 3.8184680761332856e-05, 3.8184680761332856e-05, 3.8184680761332856e-05, 3.8184680761332856e-05, 3.8184680761332856e-05, 3.8184680761332856e-05, 3.8184680761332856e-05, 3.8184680761332856e-05, 3.81843942705018e-05, 3.81843942705018e-05, 3.818417053480516e-05, 3.8183691458471e-05, 3.818350342044141e-05, 3.8183444303285796e-05, 3.8183437936822884e-05, 3.818333334493218e-05, 3.8183145989023615e-05, 3.8182786738616414e-05, 3.818278082690085e-05, 3.818278082690085e-05, 3.818278082690085e-05, 3.818276809397503e-05, 3.818276809397503e-05, 3.818276809397503e-05, 3.818276809397503e-05, 3.818270556621428e-05, 3.818270556621428e-05, 3.818270556621428e-05, 3.81827035198512e-05, 3.81827026103565e-05, 3.81827026103565e-05, 3.81827026103565e-05, 3.81827007913671e-05, 3.81827007913671e-05, 3.81827007913671e-05, 3.81827007913671e-05, 3.81827007913671e-05, 3.818270010924607e-05, 3.818270010924607e-05, 3.818270010924607e-05, 3.818269965449872e-05, 3.8182699427125044e-05, 3.8182699427125044e-05, 3.8182699427125044e-05, 3.818269897237769e-05, 3.818269874500402e-05, 3.818269874500402e-05]","{""cognitive_weight"": 1.5, ""inertia_weight"": 0.7, ""max_iterations"": 140, ""social_weight"": 1.5, ""swarm_size"": 50}"
schwefel,Schwefel,90,1559,pso,PSO,3,"[-500.0, 500.0]","[420.968746, 420.968746, 420.968746]","[420.96874842576176, 420.968745450404, 420.9687459013059]",3.8182699427125044e-05,2.489199941774578e-06,140,7050,"[331.09890783571393, 331.09890783571393, 331.09890783571393, 293.97711290659686, 208.77027640363485, 208.77027640363485, 154.74869023069004, 122.0892880576364, 30.138023042196664, 30.138023042196664, 30.138023042196664, 14.279024977744257, 14.279024977744257, 11.774242311077387, 6.7585350842684875, 6.7585350842684875, 6.7585350842684875, 3.6360236056323174, 0.41068533680686414, 0.41068533680686414, 0.41068533680686414, 0.41068533680686414, 0.41068533680686414, 0.41068533680686414, 0.41068533680686414, 0.41068533680686414, 0.41068533680686414, 0.40201327229146955, 0.40201327229146955, 0.1318371914276213, 0.1318371914276213, 0.1318371914276213, 0.1147368381657543, 0.1147368381657543, 0.010408126795255157, 0.010408126795255157, 0.010408126795255157, 0.010408126795255157, 0.010408126795255157, 0.0060067986723879585, 0.0060067986723879585, 0.003512858105750638, 0.003512858105750638, 0.003512858105750638, 0.003512858105750638, 0.003512858105750638, 0.003512858105750638, 0.002765747988860312, 0.002765747988860312, 0.002765747988860312, 0.000437510401752661, 0.000437510401752661, 0.000437510401752661, 0.000437510401752661, 0.000437510401752661, 0.000437510401752661, 0.000437510401752661, 0.000437510401752661, 0.000437510401752661, 0.0003414376158161758, 0.0003414376158161758, 0.0003414376158161758, 0.0003414376158161758, 0.0002906608556259016, 0.00017207098153448896, 0.0001631978213936236, 0.00011952174850193842, 0.00011952174850193842, 8.458441971015418e-05, 5.601436305369134e-05, 4.419014862833137e-05, 3.9918845459396834e-05, 3.889169420290273e-05, 3.889169420290273e-05, 3.862221342387784e-05, 3.862221342387784e-05, 3.858183595184528e-05, 3.858183595184528e-05, 3.858183595184528e-05, 3.858183595184528e-05, 3.855873910652008e-05, 3.8544356129932567e-05, 3.8544356129932567e-05, 3.840963017864851e-05, 3.822403118647344e-05, 3.822403118647344e-05, 3.822403118647344e-05, 3.822403118647344e-05, 3.82119048936147e-05, 3.82119048936147e-05, 3.82119048936147e-05, 3.82119048936147e-05, 3.82119048936147e-05, 3.8211483115446754e-05, 3.820792198894196e-05, 3.820792198894196e-05, 3.819871540144959e-05, 3.819472408395086e-05, 3.819472408395086e-05, 3.8194606077013304e-05, 3.8194606077013304e-05, 3.819407493210747e-05, 3.819407493210747e-05, 3.818367349595064e-05, 3.818367349595064e-05, 3.818319873971632e-05, 3.818319873971632e-05, 3.818319873971632e-05, 3.818319873971632e-05, 3.8182992284419015e-05, 3.8182992284419015e-05, 3.8182992284419015e-05, 3.8182992284419015e-05, 3.818286313617136e-05, 3.818286313617136e-05, 3.81828563149611e-05, 3.81828563149611e-05, 3.81828563149611e-05, 3.81828563149611e-05, 3.818280401901575e-05, 3.818280401901575e-05, 3.818280401901575e-05, 3.818276786660135e-05, 3.818276786660135e-05, 3.818276786660135e-05, 3.818276786660135e-05, 3.818276786660135e-05, 3.818276786660135e-05, 3.818274444711278e-05, 3.818274444711278e-05, 3.8182719890755834e-05, 3.8182709431566764e-05, 3.818270397459855e-05, 3.8182699881872395e-05, 3.8182699881872395e-05, 3.8182699881872395e-05, 3.8182699881872395e-05, 3.8182699881872395e-05, 3.8182699427125044e-05, 3.8182699427125044e-05, 3.8182699427125044e-05]","{""cognitive_weight"": 1.5, ""inertia_weight"": 0.7, ""max_iterations"": 140, ""social_weight"": 1.5, ""swarm_size"": 50}"
schwefel,Schwefel,91,1560,pso,PSO,3,"[-500.0, 500.0]","[420.968746, 420.968746, 420.968746]","[420.9687476900548, 420.9687451224887, 420.9687464015169]",3.818269897237769e-05,1.9461569913911607e-06,140,7050,"[104.77470071358721, 104.77470071358721, 104.77470071358721, 104.77470071358721, 104.77470071358721, 104.77470071358721, 104.77470071358721, 104.77470071358721, 31.995830712630095, 31.995830712630095, 31.995830712630095, 30.20759788878013, 29.878044259120543, 15.291269071749866, 11.951731483239428, 4.1932286083911094, 4.1932286083911094, 4.1932286083911094, 4.1932286083911094, 1.2496016395148217, 1.072005245956916, 1.072005245956916, 1.072005245956916, 0.5565340851198926, 0.5565340851198926, 0.5565340851198926, 0.33029374422903857, 0.33029374422903857, 0.33029374422903857, 0.12839816751534272, 0.12839816751534272, 0.050048320564656024, 0.050048320564656024, 0.02436935752825775, 0.018310773072698794, 0.018310773072698794, 0.018310773072698794, 0.002787301754779037, 0.002787301754779037, 0.00087856596542224, 0.00087856596542224, 0.00087856596542224, 0.00087856596542224, 0.0007390322875835409, 0.0007390322875835409, 0.0007390322875835409, 0.0005214062719005597, 0.0002191440571550629, 0.00012674932372647163, 0.0001204765169404709, 0.0001204765169404709, 0.00010012368238676572, 8.843361774779623e-05, 8.843361774779623e-05, 8.775720471021486e-05, 8.641427484690212e-05, 8.552141935069812e-05, 8.491954622513731e-05, 8.450956670458254e-05, 4.787452394339198e-05, 4.505327797232894e-05, 4.505327797232894e-05, 4.305029824536177e-05, 4.305029824536177e-05, 4.305029824536177e-05, 4.305029824536177e-05, 4.305029824536177e-05, 4.283194903109688e-05, 4.283194903109688e-05, 4.283194903109688e-05, 4.283194903109688e-05, 4.283194903109688e-05, 4.283194903109688e-05, 4.143082082919136e-05, 4.0832738477547537e-05, 4.0832738477547537e-05, 4.0832738477547537e-05, 3.860611423078808e-05, 3.827080740848032e-05, 3.827080740848032e-05, 3.827080740848032e-05, 3.827080740848032e-05, 3.827080740848032e-05, 3.827080740848032e-05, 3.823271504188597e-05, 3.823271504188597e-05, 3.823271504188597e-05, 3.823127735813614e-05, 3.823127735813614e-05, 3.823127735813614e-05, 3.820092251771712e-05, 3.820092251771712e-05, 3.820092251771712e-05, 3.820092251771712e-05, 3.820092251771712e-05, 3.820092251771712e-05, 3.820092251771712e-05, 3.820092251771712e-05, 3.8198904803721234e-05, 3.818414575107454e-05, 3.818297568614071e-05, 3.818297568614071e-05, 3.818297568614071e-05, 3.818297568614071e-05, 3.818297568614071e-05, 3.818297568614071e-05, 3.818297568614071e-05, 3.818297568614071e-05, 3.818297568614071e-05, 3.818297568614071e-05, 3.818297568614071e-05, 3.81828674562712e-05, 3.81828674562712e-05, 3.81828674562712e-05, 3.81828674562712e-05, 3.81828674562712e-05, 3.81828674562712e-05, 3.81828674562712e-05, 3.8182784692253335e-05, 3.818273057731858e-05, 3.818273057731858e-05, 3.818273057731858e-05, 3.8182701928235474e-05, 3.8182701928235474e-05, 3.8182701928235474e-05, 3.8182701928235474e-05, 3.8182701928235474e-05, 3.8182700336619746e-05, 3.8182700336619746e-05, 3.8182700336619746e-05, 3.8182700336619746e-05, 3.8182700336619746e-05, 3.8182700336619746e-05, 3.8182699427125044e-05, 3.8182699427125044e-05, 3.8182699427125044e-05, 3.8182699427125044e-05, 3.8182699427125044e-05, 3.8182699427125044e-05, 3.818269897237769e-05, 3.818269897237769e-05]","{""cognitive_weight"": 1.5, ""inertia_weight"": 0.7, ""max_iterations"": 140, ""social_weight"": 1.5, ""swarm_size"": 50}"
schwefel,Schwefel,92,1561,pso,PSO,3,"[-500.0, 500.0]","[420.968746, 420.968746, 420.968746]","[420.9687469740266, 420.9687427980228, 420.96874610331116]",3.8182700336619746e-05,3.3484412977279827e-06,140,7050,"[407.216240793668, 407.216240793668, 407.216240793668, 285.2859222310443, 285.2859222310443, 285.2859222310443, 41.69088603108753, 41.69088603108753, 41.69088603108753, 41.69088603108753, 40.938279777077696, 14.615540898483914, 12.13143754832231, 9.94689351525949, 5.049424281991151, 0.11318184772380846, 0.11318184772380846, 0.11318184772380846, 0.11318184772380846, 0.11318184772380846, 0.11318184772380846, 0.11318184772380846, 0.11318184772380846, 0.08645767150187567, 0.08645767150187567, 0.08645767150187567, 0.06248886001571918, 0.06248886001571918, 0.06248886001571918, 0.029216055648475958, 0.029216055648475958, 0.02177420662746954, 0.02177420662746954, 0.010484088052862717, 0.010484088052862717, 0.010484088052862717, 0.010484088052862717, 0.005717191255598664, 0.005717191255598664, 0.005717191255598664, 0.004339115173479513, 0.004339115173479513, 0.004339115173479513, 0.0043329077959697315, 0.003327624624262171, 0.002088163041662483, 0.0002809395721214969, 0.0002809395721214969, 0.0002809395721214969, 0.00026617939261086576, 0.00026617939261086576, 0.0001935533891810337, 0.0001935533891810337, 0.00017085714830500365, 0.00017085714830500365, 0.00012253792488081672, 9.158662669506157e-05, 9.158662669506157e-05, 9.158662669506157e-05, 9.158662669506157e-05, 9.158662669506157e-05, 9.102222156798234e-05, 9.102222156798234e-05, 5.305944796418771e-05, 5.305944796418771e-05, 5.066759558758349e-05, 5.066759558758349e-05, 4.16105544900347e-05, 4.16105544900347e-05, 4.16105544900347e-05, 4.16105544900347e-05, 3.995148858848552e-05, 3.995148858848552e-05, 3.9875310903880745e-05, 3.9875310903880745e-05, 3.886660033458611e-05, 3.8709279124304885e-05, 3.863944903059746e-05, 3.863944903059746e-05, 3.833418600152072e-05, 3.833418600152072e-05, 3.8254714127106126e-05, 3.8254714127106126e-05, 3.8254714127106126e-05, 3.822996268354473e-05, 3.822996268354473e-05, 3.822996268354473e-05, 3.822996268354473e-05, 3.819877611022093e-05, 3.819877611022093e-05, 3.819877611022093e-05, 3.819877611022093e-05, 3.819877611022093e-05, 3.81909599127539e-05, 3.818729919657926e-05, 3.818729919657926e-05, 3.81868062504509e-05, 3.81868062504509e-05, 3.81868062504509e-05, 3.81868062504509e-05, 3.81868062504509e-05, 3.81868062504509e-05, 3.81868062504509e-05, 3.8186018628039164e-05, 3.8186018628039164e-05, 3.8184417917364044e-05, 3.8183656897672336e-05, 3.8182833577593556e-05, 3.8182833577593556e-05, 3.8182833577593556e-05, 3.8182833577593556e-05, 3.8182833577593556e-05, 3.8182833577593556e-05, 3.8182833577593556e-05, 3.8182833577593556e-05, 3.8182833577593556e-05, 3.8182833577593556e-05, 3.818276059064374e-05, 3.818276059064374e-05, 3.818272216449259e-05, 3.818272216449259e-05, 3.818271875388746e-05, 3.818271875388746e-05, 3.818271875388746e-05, 3.818270806732471e-05, 3.818270806732471e-05, 3.818270806732471e-05, 3.8182707385203685e-05, 3.8182707385203685e-05, 3.8182707385203685e-05, 3.8182702382982825e-05, 3.8182702382982825e-05, 3.8182701928235474e-05, 3.8182701928235474e-05, 3.8182700336619746e-05, 3.8182700336619746e-05, 3.8182700336619746e-05, 3.8182700336619746e-05, 3.8182700336619746e-05, 3.8182700336619746e-05, 3.8182700336619746e-05]","{""cognitive_weight"": 1.5, ""inertia_weight"": 0.7, ""max_iterations"": 140, ""social_weight"": 1.5, ""swarm_size"": 50}"
schwefel,Schwefel,93,1562,pso,PSO,3,"[-500.0, 500.0]","[420.968746, 420.968746, 420.968746]","[420.96874485475746, 420.96874717956183, 420.9687459406405]",3.818269919975137e-05,1.6451352956152491e-06,140,7050,"[569.4365289346958, 526.0348138943914, 526.0348138943914, 526.0348138943914, 286.83963596918954, 286.83963596918954, 50.233831606361946, 50.233831606361946, 50.233831606361946, 50.233831606361946, 50.233831606361946, 50.233831606361946, 50.233831606361946, 18.91884463733527, 18.91884463733527, 18.91884463733527, 18.91884463733527, 17.26433164638547, 14.8909776947703, 7.4179828973406075, 7.4179828973406075, 3.9583493820518925, 3.9583493820518925, 1.1087081468695033, 1.1087081468695033, 1.1087081468695033, 0.24368400447133354, 0.24368400447133354, 0.24368400447133354, 0.24368400447133354, 0.24368400447133354, 0.24368400447133354, 0.24368400447133354, 0.24368400447133354, 0.24368400447133354, 0.24368400447133354, 0.24368400447133354, 0.23113343991485635, 0.007932815098229185, 0.007932815098229185, 0.006015477133132663, 0.006015477133132663, 0.004486139621803886, 0.004486139621803886, 0.004407510635246581, 0.004407510635246581, 0.004407510635246581, 0.004407510635246581, 0.004407510635246581, 0.004407510635246581, 0.004407510635246581, 0.002105890756865847, 0.002105890756865847, 0.00044901773253513966, 0.0004036785787775443, 0.0004036785787775443, 0.0003006946922141651, 0.0003006946922141651, 0.0003006946922141651, 0.0003006946922141651, 0.0001045053759298753, 0.0001045053759298753, 0.0001045053759298753, 0.0001045053759298753, 0.0001045053759298753, 0.0001045053759298753, 0.0001045053759298753, 7.223719990179234e-05, 7.223719990179234e-05, 7.223719990179234e-05, 5.461244450088998e-05, 3.822125449914893e-05, 3.822125449914893e-05, 3.822125449914893e-05, 3.822125449914893e-05, 3.822125449914893e-05, 3.822125449914893e-05, 3.822125449914893e-05, 3.822125449914893e-05, 3.822125449914893e-05, 3.822125449914893e-05, 3.822125449914893e-05, 3.822125449914893e-05, 3.822125449914893e-05, 3.822125449914893e-05, 3.822125449914893e-05, 3.822125449914893e-05, 3.822125449914893e-05, 3.822125449914893e-05, 3.822125449914893e-05, 3.822125449914893e-05, 3.822125449914893e-05, 3.822125449914893e-05, 3.822125449914893e-05, 3.822125449914893e-05, 3.822125449914893e-05, 3.822125449914893e-05, 3.822125449914893e-05, 3.822125449914893e-05, 3.822125449914893e-05, 3.819888297584839e-05, 3.819888297584839e-05, 3.819888297584839e-05, 3.819888297584839e-05, 3.819888297584839e-05, 3.8189271890587406e-05, 3.8189271890587406e-05, 3.818744198724744e-05, 3.818744198724744e-05, 3.818744198724744e-05, 3.8184444292710396e-05, 3.818382992903935e-05, 3.818382992903935e-05, 3.818382992903935e-05, 3.818348704953678e-05, 3.818348704953678e-05, 3.818348704953678e-05, 3.818348704953678e-05, 3.8182864500413416e-05, 3.8182864500413416e-05, 3.818276059064374e-05, 3.818276059064374e-05, 3.818273194156063e-05, 3.818273194156063e-05, 3.818273194156063e-05, 3.818273194156063e-05, 3.818273194156063e-05, 3.818272921307653e-05, 3.818270874944574e-05, 3.818270874944574e-05, 3.8182699427125044e-05, 3.8182699427125044e-05, 3.8182699427125044e-05, 3.8182699427125044e-05, 3.8182699427125044e-05, 3.8182699427125044e-05, 3.8182699427125044e-05, 3.8182699427125044e-05, 3.8182699427125044e-05, 3.8182699427125044e-05, 3.818269919975137e-05]","{""cognitive_weight"": 1.5, ""inertia_weight"": 0.7, ""max_iterations"": 140, ""social_weight"": 1.5, ""swarm_size"": 50}"
schwefel,Schwefel,94,1563,pso,PSO,3,"[-500.0, 500.0]","[420.968746, 420.968746, 420.968746]","[420.96880956508414, 420.9691504222433, 420.96926022556255]",3.823712427220016e-05,0.0006572866953903877,140,7050,"[342.10836405125906, 342.10836405125906, 342.10836405125906, 342.10836405125906, 342.10836405125906, 342.10836405125906, 342.10836405125906, 340.87370072805277, 289.5803165267989, 160.86281125620485, 160.86281125620485, 132.8867812471924, 132.8867812471924, 132.8867812471924, 126.00814779120037, 126.00814779120037, 121.66456468337947, 121.66456468337947, 121.66456468337947, 121.66456468337947, 121.66456468337947, 121.66456468337947, 121.66456468337947, 121.66456468337947, 118.59793580915152, 118.59793580915152, 118.59793580915152, 118.59793580915152, 118.59184706661654, 118.59184706661654, 118.59184706661654, 118.59184706661654, 118.59184706661654, 118.59184706661654, 118.59184706661654, 118.59184706661654, 118.59184706661654, 118.49551217059116, 118.46753993415246, 118.46753993415246, 118.46753993415246, 118.46753993415246, 118.46104942905549, 118.44160454858434, 118.44160454858434, 118.44160454858434, 118.43990624611547, 118.43910109968783, 23.812472652886072, 19.229369841808875, 19.229369841808875, 19.143571265871515, 19.143571265871515, 19.143571265871515, 6.544328780895967, 4.709759133707621, 2.4536425487417546, 2.4536425487417546, 1.2510021117118413, 1.2510021117118413, 0.6726855599249575, 0.6726855599249575, 0.6726855599249575, 0.6726855599249575, 0.6726855599249575, 0.1801255327236504, 0.1801255327236504, 0.1801255327236504, 0.1801255327236504, 0.019829367392958375, 0.019829367392958375, 0.019829367392958375, 0.019829367392958375, 0.019829367392958375, 0.019829367392958375, 0.019829367392958375, 0.019829367392958375, 0.019829367392958375, 0.019829367392958375, 0.008306855358341636, 0.008306855358341636, 0.008306855358341636, 0.008306855358341636, 0.005442785886771162, 0.004835479227040196, 0.004835479227040196, 0.004835479227040196, 0.0045720341377091245, 0.0019103795202681795, 0.0019103795202681795, 0.0018456335728842532, 0.0006431670103665965, 0.0006431670103665965, 0.0003667265436888556, 0.0003667265436888556, 0.0002678194869076833, 0.0002678194869076833, 0.00012774473862009472, 0.00012774473862009472, 0.00012774473862009472, 0.00012774473862009472, 0.00012774473862009472, 0.00012774473862009472, 0.00012647387075048755, 0.00012647387075048755, 0.00012647387075048755, 0.00012647387075048755, 0.00012647387075048755, 6.292491298154346e-05, 5.836818922944076e-05, 4.796737653123273e-05, 4.796737653123273e-05, 4.796737653123273e-05, 4.3014885477532516e-05, 4.3014885477532516e-05, 4.3014885477532516e-05, 4.3014885477532516e-05, 4.3014885477532516e-05, 3.943105321013718e-05, 3.943105321013718e-05, 3.943105321013718e-05, 3.943105321013718e-05, 3.893945358868223e-05, 3.893945358868223e-05, 3.893945358868223e-05, 3.893945358868223e-05, 3.893945358868223e-05, 3.82763621473714e-05, 3.82763621473714e-05, 3.82763621473714e-05, 3.82763621473714e-05, 3.82763621473714e-05, 3.82763621473714e-05, 3.82763621473714e-05, 3.82763621473714e-05, 3.82763621473714e-05, 3.82763621473714e-05, 3.82763621473714e-05, 3.82763621473714e-05, 3.82763621473714e-05, 3.823712427220016e-05]","{""cognitive_weight"": 1.5, ""inertia_weight"": 0.7, ""max_iterations"": 140, ""social_weight"": 1.5, ""swarm_size"": 50}"
schwefel,Schwefel,95,1564,pso,PSO,3,"[-500.0, 500.0]","[420.968746, 420.968746, 420.968746]","[-302.51635638674003, 420.93829409832233, 420.9935152288808]",118.43857654615817,723.4851034516084,140,7050,"[426.73641003527837, 426.73641003527837, 426.73641003527837, 426.73641003527837, 426.73641003527837, 426.73641003527837, 426.73641003527837, 405.5750474557675, 405.5750474557675, 361.77755710930137, 361.77755710930137, 361.77755710930137, 361.77755710930137, 301.4008467506741, 301.4008467506741, 256.4585567989112, 256.4585567989112, 256.4585567989112, 256.4585567989112, 246.6986584040361, 241.59867684517974, 241.59867684517974, 241.59867684517974, 241.59867684517974, 241.59867684517974, 241.59867684517974, 241.59867684517974, 238.9030529970771, 238.9030529970771, 238.72103867395515, 238.72103867395515, 238.23020220263402, 238.08419800837657, 238.08419800837657, 237.55405944540416, 237.55405944540416, 236.95631703752838, 236.95631703752838, 236.95631703752838, 236.95631703752838, 236.95631703752838, 236.95631703752838, 236.9518446550628, 236.9187830062906, 236.9187830062906, 236.88809541118326, 236.88809541118326, 236.88537478582634, 236.88537478582634, 236.88537478582634, 236.88499854301915, 236.878961253669, 236.878961253669, 236.878961253669, 236.8781962268588, 236.8781962268588, 236.87743067091515, 236.87743067091515, 236.87743067091515, 236.8771957818883, 236.87692687162712, 236.87692687162712, 236.87675133500557, 236.87675133500557, 236.87675133500557, 236.8767170419352, 236.8767170419352, 236.87671697381438, 236.87671697381438, 236.87671697381438, 236.87671697381438, 236.87671697381438, 236.87671697381438, 236.87671053277222, 236.87671053277222, 236.87671053277222, 236.87671053277222, 236.87671053277222, 236.87671053277222, 236.87671053277222, 236.87671053277222, 236.87671048157586, 236.87671048157586, 236.87671045735397, 236.87671045735397, 236.87671042305465, 236.87671037958364, 236.87671034944094, 236.87671032848175, 236.87671031387913, 236.8767103036912, 236.876710296576, 236.87671029160356, 236.87671028812701, 236.87671028569525, 186.02388624034165, 157.283903338958, 145.82850901999473, 123.00399707097836, 123.00399707097836, 123.00399707097836, 118.56196561688262, 118.56196561688262, 118.56196561688262, 118.56196561688262, 118.56196561688262, 118.56196561688262, 118.56196561688262, 118.56196561688262, 118.56196561688262, 118.56196561688262, 118.51724208030828, 118.51724208030828, 118.51724208030828, 118.51724208030828, 118.51724208030828, 118.51724208030828, 118.46044961694793, 118.44927373001383, 118.44718414413137, 118.44718414413137, 118.44611152186371, 118.44611152186371, 118.44611152186371, 118.44310296830918, 118.44053285746122, 118.4395092206912, 118.4395092206912, 118.43898342528882, 118.43898342528882, 118.43898342528882, 118.43898342528882, 118.43898342528882, 118.43865450802991, 118.43865450802991, 118.43865450802991, 118.43865450802991, 118.43865450802991, 118.43858833352351, 118.43857654615817, 118.43857654615817]","{""cognitive_weight"": 1.5, ""inertia_weight"": 0.7, ""max_iterations"": 140, ""social_weight"": 1.5, ""swarm_size"": 50}"
schwefel,Schwefel,96,1565,pso,PSO,3,"[-500.0, 500.0]","[420.968746, 420.968746, 420.968746]","[-302.5249613063225, -302.5249403964436, 420.96875563280145]",236.876707411672,1023.1745983786747,140,7050,"[576.3426382077307, 482.7051987187035, 482.7051987187035, 479.6827984519175, 479.58577728216005, 479.58577728216005, 476.80371732175104, 476.80371732175104, 476.80371732175104, 476.80371732175104, 476.80371732175104, 476.7913435089347, 453.1717671982565, 358.3267034115381, 358.3267034115381, 358.3267034115381, 358.3267034115381, 358.3267034115381, 358.3014843140003, 358.3014843140003, 357.11882540969805, 357.11882540969805, 357.11882540969805, 356.9109693592401, 356.8778792596904, 356.8778792596904, 356.8761956627927, 356.8761956627927, 356.8761956627927, 356.8761956627927, 356.8761956627927, 356.8761956627927, 356.8761956627927, 356.83426620367936, 356.83426620367936, 356.83426620367936, 356.83426620367936, 356.83426620367936, 356.83426620367936, 356.83426620367936, 356.83426620367936, 356.83426620367936, 356.83426620367936, 356.83426620367936, 356.83426620367936, 347.0050795404362, 255.05874627736762, 251.08492440565976, 249.24151651775264, 249.24151651775264, 243.16514252195316, 243.16514252195316, 241.55957176888683, 238.83232029829458, 238.83232029829458, 238.83232029829458, 237.8319802715971, 237.13793774372505, 237.04980298661337, 237.04980298661337, 237.04980298661337, 237.04980298661337, 236.98028988529222, 236.95347975221375, 236.95240649770255, 236.95240649770255, 236.8910171154364, 236.88961969691445, 236.88961969691445, 236.88961969691445, 236.88961969691445, 236.8873971404604, 236.8873971404604, 236.88499128362673, 236.8798088113698, 236.8798088113698, 236.8798088113698, 236.8798088113698, 236.87925718348947, 236.87925718348947, 236.87925718348947, 236.87925718348947, 236.87925718348947, 236.87925718348947, 236.87769295363, 236.87750008806347, 236.87750008806347, 236.87750008806347, 236.87750008806347, 236.87679746621416, 236.87679746621416, 236.87679746621416, 236.87679746621416, 236.87679746621416, 236.87679746621416, 236.87679746621416, 236.87678011600804, 236.87678011600804, 236.87678011600804, 236.87673773582742, 236.87673773582742, 236.87671398809402, 236.87670907971756, 236.87670907971756, 236.87670907971756, 236.87670907971756, 236.87670907971756, 236.87670893798236, 236.87670893798236, 236.87670893798236, 236.87670848987227, 236.87670848987227, 236.87670848987227, 236.87670848987227, 236.87670769266583, 236.87670769266583, 236.87670769266583, 236.87670755465274, 236.87670755465274, 236.8767075119158, 236.8767075119158, 236.87670748414178, 236.8767074690586, 236.8767074425482, 236.8767074425482, 236.8767074425482, 236.87670743557737, 236.87670743557737, 236.87670743182161, 236.876707417234, 236.876707417234, 236.876707417234, 236.876707417234, 236.876707417234, 236.876707417234, 236.876707417234, 236.8767074137893, 236.8767074137893, 236.87670741261525, 236.87670741261525, 236.876707411672]","{""cognitive_weight"": 1.5, ""inertia_weight"": 0.7, ""max_iterations"": 140, ""social_weight"": 1.5, ""swarm_size"": 50}"
schwefel,Schwefel,97,1566,pso,PSO,3,"[-500.0, 500.0]","[420.968746, 420.968746, 420.968746]","[-302.52493515860675, -500.0, 420.9687507978887]",356.8321015381812,1171.1646074678163,140,7050,"[770.2580502440721, 621.5699583522296, 603.7472209342234, 603.7472209342234, 603.7472209342234, 597.625482596555, 597.625482596555, 597.625482596555, 596.4546223542912, 596.4546223542912, 595.2711890417334, 554.4350725491406, 498.9940836283238, 498.9940836283238, 498.9940836283238, 498.9940836283238, 498.9940836283238, 497.8133312564985, 497.8133312564985, 497.8133312564985, 457.17639263558726, 441.6304693308523, 441.6304693308523, 441.6304693308523, 441.6304693308523, 399.3469731148715, 392.3847409269316, 378.14727494218073, 378.14727494218073, 360.24436329886976, 360.24436329886976, 357.43686804188314, 357.43686804188314, 357.43686804188314, 357.43686804188314, 357.43686804188314, 357.2874717496966, 357.1482822653186, 357.1482822653186, 357.1482822653186, 357.1482822653186, 356.9020202615926, 356.9020202615926, 356.9020202615926, 356.9020202615926, 356.9020202615926, 356.9020202615926, 356.8992297997736, 356.8992297997736, 356.8992297997736, 356.8637673986418, 356.8636976209481, 356.84652816115386, 356.84652816115386, 356.84652816115386, 356.84652816115386, 356.84652816115386, 356.84652816115386, 356.84652816115386, 356.84037898827046, 356.84037898827046, 356.83381207145567, 356.83348588002696, 356.83348588002696, 356.8324732131207, 356.8324732131207, 356.8324732131207, 356.8324732131207, 356.8324732131207, 356.83214030909653, 356.83214030909653, 356.8321021173375, 356.8321021173375, 356.8321021173375, 356.8321021173375, 356.8321021173375, 356.8321021173375, 356.8321021173375, 356.8321021173375, 356.8321021173375, 356.8321021173375, 356.8321021173375, 356.8321021173375, 356.8321021173375, 356.8321021173375, 356.8321021173375, 356.8321021173375, 356.8321021173375, 356.8321021173375, 356.8321021173375, 356.8321021173375, 356.83210206485967, 356.83210206485967, 356.83210206485967, 356.83210206485967, 356.83210206485967, 356.83210206485967, 356.83210206485967, 356.83210206485967, 356.83210206485967, 356.83210206485967, 356.83210206485967, 356.8321016235376, 356.8321016235376, 356.83210155402776, 356.83210155402776, 356.83210155402776, 356.83210155402776, 356.83210155402776, 356.83210154148014, 356.83210154148014, 356.83210154148014, 356.83210154148014, 356.83210154148014, 356.83210154148014, 356.83210154148014, 356.83210154148014, 356.8321015391772, 356.832101539008, 356.83210153873733, 356.83210153873733, 356.83210153847244, 356.83210153847244, 356.8321015382544, 356.83210153824007, 356.83210153824007, 356.8321015382062, 356.8321015382062, 356.8321015382062, 356.8321015382062, 356.8321015382062, 356.8321015381913, 356.8321015381913, 356.8321015381913, 356.8321015381913, 356.8321015381913, 356.8321015381913, 356.8321015381913, 356.8321015381812, 356.8321015381812, 356.8321015381812]","{""cognitive_weight"": 1.5, ""inertia_weight"": 0.7, ""max_iterations"": 140, ""social_weight"": 1.5, ""swarm_size"": 50}"
schwefel,Schwefel,98,1567,pso,PSO,3,"[-500.0, 500.0]","[420.968746, 420.968746, 420.968746]","[420.9687460092892, 420.96874592324514, 420.968747040256]",3.818269874500402e-05,1.0431251769322877e-06,140,7050,"[492.0648764311916, 492.0648764311916, 492.0648764311916, 476.0440871944826, 476.0440871944826, 476.0440871944826, 278.16851953312016, 256.37231727244705, 256.37231727244705, 42.179439352119516, 42.179439352119516, 42.179439352119516, 39.780810915433676, 39.780810915433676, 23.20013882991725, 5.8657849760761565, 5.8657849760761565, 5.8657849760761565, 5.8657849760761565, 3.355143053853908, 1.816159061615508, 1.816159061615508, 1.6570127132363268, 1.6570127132363268, 0.2610796040389687, 0.2610796040389687, 0.2610796040389687, 0.007178636552453099, 0.007178636552453099, 0.007178636552453099, 0.007178636552453099, 0.007178636552453099, 0.007178636552453099, 0.007178636552453099, 0.007178636552453099, 0.007178636552453099, 0.007178636552453099, 0.007178636552453099, 0.007178636552453099, 0.004801204759587563, 0.004801204759587563, 0.004801204759587563, 0.004801204759587563, 0.004801204759587563, 0.002014759033045266, 0.002014759033045266, 0.0013631923900447873, 0.0005891151679406903, 0.0005891151679406903, 0.00030689770733260957, 0.00030689770733260957, 0.00030689770733260957, 0.00030689770733260957, 0.00030689770733260957, 0.00030689770733260957, 0.00030689770733260957, 0.00030689770733260957, 0.00030689770733260957, 5.1555835398175986e-05, 4.911683117825305e-05, 4.911683117825305e-05, 4.911683117825305e-05, 4.911683117825305e-05, 4.911683117825305e-05, 4.911683117825305e-05, 4.3960045786661794e-05, 4.3960045786661794e-05, 4.3960045786661794e-05, 4.151227949478198e-05, 4.151227949478198e-05, 3.970147008658387e-05, 3.970147008658387e-05, 3.970147008658387e-05, 3.860373567476927e-05, 3.860373567476927e-05, 3.860373567476927e-05, 3.848908295367437e-05, 3.848908295367437e-05, 3.848908295367437e-05, 3.848908295367437e-05, 3.84799291168747e-05, 3.84799291168747e-05, 3.8282327295746654e-05, 3.822644885076443e-05, 3.822644885076443e-05, 3.822644885076443e-05, 3.822644885076443e-05, 3.822644885076443e-05, 3.822644885076443e-05, 3.818802042587777e-05, 3.818802042587777e-05, 3.8184680761332856e-05, 3.8184680761332856e-05, 3.8184680761332856e-05, 3.8184680761332856e-05, 3.8184680761332856e-05, 3.8184680761332856e-05, 3.8184680761332856e-05, 3.8184680761332856e-05, 3.8184680761332856e-05, 3.8184680761332856e-05, 3.8184680761332856e-05, 3.81843942705018e-05, 3.81843942705018e-05, 3.818417053480516e-05, 3.8183691458471e-05, 3.818350342044141e-05, 3.8183444303285796e-05, 3.8183437936822884e-05, 3.818333334493218e-05, 3.8183145989023615e-05, 3.8182786738616414e-05, 3.818278082690085e-05, 3.818278082690085e-05, 3.818278082690085e-05, 3.818276809397503e-05, 3.818276809397503e-05, 3.818276809397503e-05, 3.818276809397503e-05, 3.818270556621428e-05, 3.818270556621428e-05, 3.818270556621428e-05, 3.81827035198512e-05, 3.81827026103565e-05, 3.81827026103565e-05, 3.81827026103565e-05, 3.81827007913671e-05, 3.81827007913671e-05, 3.81827007913671e-05, 3.81827007913671e-05, 3.81827007913671e-05, 3.818270010924607e-05, 3.818270010924607e-05, 3.818270010924607e-05, 3.818269965449872e-05, 3.8182699427125044e-05, 3.8182699427125044e-05, 3.8182699427125044e-05, 3.818269897237769e-05, 3.818269874500402e-05, 3.818269874500402e-05]","{""cognitive_weight"": 1.5, ""inertia_weight"": 0.7, ""max_iterations"": 140, ""social_weight"": 1.5, ""swarm_size"": 50}"
schwefel,Schwefel,99,1568,pso,PSO,3,"[-500.0, 500.0]","[420.968746, 420.968746, 420.968746]","[420.9687467020084, 420.9687488117293, 420.96875128613044]",3.81827026103565e-05,6.02841707005614e-06,140,7050,"[375.8229451517311, 375.8229451517311, 375.8229451517311, 375.8229451517311, 375.8229451517311, 257.0727770503995, 257.0727770503995, 253.88281108845922, 148.71063042962646, 148.71063042962646, 148.71063042962646, 148.71063042962646, 148.71063042962646, 148.71063042962646, 127.62884920543183, 127.62884920543183, 127.62884920543183, 127.62884920543183, 120.05632179172972, 120.05632179172972, 40.367931867758216, 40.367931867758216, 11.464052427691513, 11.464052427691513, 11.464052427691513, 10.90839149439762, 5.5038816869232505, 5.5038816869232505, 1.774685614803957, 1.774685614803957, 0.29618968322529327, 0.29618968322529327, 0.29618968322529327, 0.29618968322529327, 0.29618968322529327, 0.29618968322529327, 0.29618968322529327, 0.29618968322529327, 0.29618968322529327, 0.29618968322529327, 0.2365349080582746, 0.2365349080582746, 0.17658299271988653, 0.12853551691068787, 0.028410518860027878, 0.028410518860027878, 0.028410518860027878, 0.028410518860027878, 0.028410518860027878, 0.01562614202725854, 0.01562614202725854, 0.01562614202725854, 0.01562614202725854, 0.01562614202725854, 0.008834902559783586, 0.0013154089599538565, 0.0004981518027307175, 0.0004981518027307175, 0.0004981518027307175, 0.0004981518027307175, 0.0004981518027307175, 0.0004981518027307175, 0.0002695358436994866, 0.0002695358436994866, 9.451286064177111e-05, 9.451286064177111e-05, 9.451286064177111e-05, 9.451286064177111e-05, 9.451286064177111e-05, 9.451286064177111e-05, 9.451286064177111e-05, 9.312714473708184e-05, 9.312714473708184e-05, 8.7149276623677e-05, 8.7149276623677e-05, 8.7149276623677e-05, 8.7149276623677e-05, 8.463762947030773e-05, 4.4184115722600836e-05, 4.4184115722600836e-05, 4.4184115722600836e-05, 4.4184115722600836e-05, 4.3006048144889064e-05, 4.3006048144889064e-05, 4.3006048144889064e-05, 4.3006048144889064e-05, 4.061686263412412e-05, 4.061686263412412e-05, 4.061686263412412e-05, 3.874261710734572e-05, 3.874261710734572e-05, 3.874261710734572e-05, 3.861672416860529e-05, 3.8429586766142165e-05, 3.8429586766142165e-05, 3.8429586766142165e-05, 3.8429586766142165e-05, 3.8429586766142165e-05, 3.8429586766142165e-05, 3.837020881292119e-05, 3.837020881292119e-05, 3.837020881292119e-05, 3.828232047453639e-05, 3.828232047453639e-05, 3.828232047453639e-05, 3.8261369127212674e-05, 3.8261369127212674e-05, 3.824213672487531e-05, 3.824040322797373e-05, 3.824040322797373e-05, 3.822562030109111e-05, 3.822518374363426e-05, 3.8202727409952786e-05, 3.8191256408026675e-05, 3.819018274953123e-05, 3.819018274953123e-05, 3.819018274953123e-05, 3.818603317995439e-05, 3.818390769083635e-05, 3.818390769083635e-05, 3.818319373749546e-05, 3.8183095057320315e-05, 3.8183095057320315e-05, 3.8183095057320315e-05, 3.8182798107300187e-05, 3.8182798107300187e-05, 3.8182798107300187e-05, 3.8182798107300187e-05, 3.8182798107300187e-05, 3.8182798107300187e-05, 3.8182798107300187e-05, 3.818279083134257e-05, 3.818277309619589e-05, 3.818277309619589e-05, 3.818277309619589e-05, 3.818275399680715e-05, 3.818275399680715e-05, 3.818275399680715e-05, 3.81827026103565e-05, 3.81827026103565e-05, 3.81827026103565e-05]","{""cognitive_weight"": 1.5, ""inertia_weight"": 0.7, ""max_iterations"": 140, ""social_weight"": 1.5, ""swarm_size"": 50}"
schwefel,Schwefel,100,1599,pso,PSO,3,"[-500.0, 500.0]","[420.968746, 420.968746, 420.968746]","[420.96874950138084, 420.96874636371297, 420.96874802296975]",3.8182700336619746e-05,4.0600937679357675e-06,140,7050,"[600.5374596470999, 600.5374596470999, 600.5374596470999, 370.60321467508254, 222.77766083661163, 222.77766083661163, 222.77766083661163, 222.77766083661163, 207.85314892867245, 125.9084581511679, 63.664377126271575, 14.67853334268625, 14.67853334268625, 6.734371219492459, 6.0442874251298235, 3.814293722999082, 3.814293722999082, 3.814293722999082, 3.814293722999082, 2.405338089956558, 1.1202958385679267, 1.1202958385679267, 1.1202958385679267, 1.1202958385679267, 0.9257559454608781, 0.5563722289896305, 0.5563722289896305, 0.5563722289896305, 0.5563722289896305, 0.10079474078770545, 0.10079474078770545, 0.017818442521047473, 0.017818442521047473, 0.017818442521047473, 0.012942437316269206, 0.012942437316269206, 0.012942437316269206, 0.012942437316269206, 0.010429358718056392, 0.010429358718056392, 0.004959483646416629, 0.004959483646416629, 0.0026673146303437534, 0.0026673146303437534, 0.0026673146303437534, 0.0004376211393264384, 0.0004376211393264384, 0.00018815152725437656, 0.00018815152725437656, 0.00018815152725437656, 0.00018815152725437656, 0.0001821326925437461, 0.0001821326925437461, 0.00016214545871662267, 0.00016214545871662267, 0.00013673171542905038, 0.00011482510262794676, 3.981163195021509e-05, 3.981163195021509e-05, 3.981163195021509e-05, 3.981163195021509e-05, 3.981163195021509e-05, 3.981163195021509e-05, 3.981163195021509e-05, 3.981163195021509e-05, 3.981163195021509e-05, 3.981163195021509e-05, 3.981163195021509e-05, 3.981163195021509e-05, 3.981163195021509e-05, 3.981163195021509e-05, 3.981163195021509e-05, 3.939054454349389e-05, 3.939054454349389e-05, 3.939054454349389e-05, 3.939054454349389e-05, 3.9331861216851394e-05, 3.93138966501283e-05, 3.93138966501283e-05, 3.93138966501283e-05, 3.886404147124267e-05, 3.8800778156655724e-05, 3.871541184707894e-05, 3.8497603327414254e-05, 3.8497603327414254e-05, 3.827673594969383e-05, 3.827673594969383e-05, 3.827673594969383e-05, 3.827673594969383e-05, 3.8239498735492816e-05, 3.8218030113057466e-05, 3.8218030113057466e-05, 3.8218030113057466e-05, 3.8218030113057466e-05, 3.8218030113057466e-05, 3.8204376551220776e-05, 3.8204376551220776e-05, 3.818753930318053e-05, 3.818753930318053e-05, 3.818753930318053e-05, 3.8186377423699014e-05, 3.8186377423699014e-05, 3.8186377423699014e-05, 3.8186377423699014e-05, 3.818615050477092e-05, 3.818615050477092e-05, 3.818615050477092e-05, 3.818615050477092e-05, 3.8186075926205376e-05, 3.818430673163675e-05, 3.8182981825229945e-05, 3.8182981825229945e-05, 3.8182981825229945e-05, 3.8182981825229945e-05, 3.818280652012618e-05, 3.818280652012618e-05, 3.818280652012618e-05, 3.818275945377536e-05, 3.818275945377536e-05, 3.818275945377536e-05, 3.818275945377536e-05, 3.818275945377536e-05, 3.818275945377536e-05, 3.818271807176643e-05, 3.818271807176643e-05, 3.818271807176643e-05, 3.8182717389645404e-05, 3.8182705793587957e-05, 3.8182705793587957e-05, 3.8182705793587957e-05, 3.8182705793587957e-05, 3.818270397459855e-05, 3.818270397459855e-05, 3.818270397459855e-05, 3.818270397459855e-05, 3.818270397459855e-05, 3.818270397459855e-05, 3.818270101874077e-05, 3.818270056399342e-05, 3.818270056399342e-05, 3.8182700336619746e-05]","{""cognitive_weight"": 1.5, ""inertia_weight"": 0.7, ""max_iterations"": 140, ""social_weight"": 1.5, ""swarm_size"": 50}"
