funcion,nombre_funcion,corrida,semilla,metodo,nombre_metodo,dimension,limites,optimo_conocido,mejor_solucion,mejor_valor,distancia_al_optimo,iteraciones,evaluaciones,best_values_history,parametros
goldstein_price,Goldstein-Price,1,2108,ea,Algoritmo evolutivo,2,"[-2.0, 2.0]","[0.0, -1.0]","[-0.01572561959256724, -0.9914409217218063]",3.119574996550045,0.01790399208395663,120,4840,"[53.187252559114576, 23.372485679718924, 23.372485679718924, 23.372485679718924, 13.63056795520029, 10.621378463920962, 10.621378463920962, 10.621378463920962, 10.621378463920962, 10.621378463920962, 10.621378463920962, 10.621378463920962, 10.621378463920962, 10.621378463920962, 10.621378463920962, 10.621378463920962, 10.621378463920962, 10.621378463920962, 10.621378463920962, 10.621378463920962, 7.979501547092535, 7.979501547092535, 7.979501547092535, 7.979501547092535, 7.979501547092535, 7.979501547092535, 7.979501547092535, 7.979501547092535, 6.48499091074053, 6.48499091074053, 6.48499091074053, 6.48499091074053, 6.48499091074053, 6.48499091074053, 6.48499091074053, 6.48499091074053, 6.48499091074053, 6.48499091074053, 5.0001211878289915, 5.0001211878289915, 5.0001211878289915, 5.0001211878289915, 5.0001211878289915, 5.0001211878289915, 5.0001211878289915, 5.0001211878289915, 5.0001211878289915, 5.0001211878289915, 5.0001211878289915, 5.0001211878289915, 5.0001211878289915, 5.0001211878289915, 5.0001211878289915, 5.0001211878289915, 5.0001211878289915, 5.0001211878289915, 5.0001211878289915, 5.0001211878289915, 5.0001211878289915, 5.0001211878289915, 5.0001211878289915, 5.0001211878289915, 5.0001211878289915, 5.0001211878289915, 5.0001211878289915, 5.0001211878289915, 5.0001211878289915, 5.0001211878289915, 5.0001211878289915, 5.0001211878289915, 5.0001211878289915, 5.0001211878289915, 5.0001211878289915, 5.0001211878289915, 5.0001211878289915, 5.0001211878289915, 5.0001211878289915, 5.0001211878289915, 5.0001211878289915, 5.0001211878289915, 5.0001211878289915, 5.0001211878289915, 5.0001211878289915, 5.0001211878289915, 5.0001211878289915, 5.0001211878289915, 5.0001211878289915, 5.0001211878289915, 5.0001211878289915, 5.0001211878289915, 5.0001211878289915, 5.0001211878289915, 5.0001211878289915, 5.0001211878289915, 5.0001211878289915, 4.854413853046649, 4.854413853046649, 4.854413853046649, 4.854413853046649, 4.854413853046649, 4.854413853046649, 3.4933014690176774, 3.4933014690176774, 3.4933014690176774, 3.4933014690176774, 3.4933014690176774, 3.4933014690176774, 3.4933014690176774, 3.4933014690176774, 3.4933014690176774, 3.4933014690176774, 3.4933014690176774, 3.4933014690176774, 3.4933014690176774, 3.4933014690176774, 3.4933014690176774, 3.119574996550045, 3.119574996550045, 3.119574996550045, 3.119574996550045, 3.119574996550045]","{""elitism_fraction"": 0.2, ""max_iterations"": 120, ""mutation_fraction"": 0.1, ""population_size"": 40}"
goldstein_price,Goldstein-Price,2,2109,ea,Algoritmo evolutivo,2,"[-2.0, 2.0]","[0.0, -1.0]","[0.01645190802420382, -0.9636624235174089]",3.511488565605828,0.039888403606374336,120,4840,"[7.67103385240644, 7.67103385240644, 7.67103385240644, 7.67103385240644, 7.67103385240644, 7.67103385240644, 7.67103385240644, 6.449631410729949, 6.449631410729949, 6.449631410729949, 3.5131247058690223, 3.5131247058690223, 3.5131247058690223, 3.5131247058690223, 3.5131247058690223, 3.5131247058690223, 3.5131247058690223, 3.5131247058690223, 3.5131247058690223, 3.5131247058690223, 3.5131247058690223, 3.5131247058690223, 3.5131247058690223, 3.5131247058690223, 3.5131247058690223, 3.5131247058690223, 3.5131247058690223, 3.5131247058690223, 3.5131247058690223, 3.5131247058690223, 3.5131247058690223, 3.5131247058690223, 3.5131247058690223, 3.5131247058690223, 3.5131247058690223, 3.5131247058690223, 3.5131247058690223, 3.5131247058690223, 3.5131247058690223, 3.5131247058690223, 3.5131247058690223, 3.5131247058690223, 3.5131247058690223, 3.5131247058690223, 3.5131247058690223, 3.5131247058690223, 3.5131247058690223, 3.5131247058690223, 3.5131247058690223, 3.5131247058690223, 3.511823236726683, 3.511823236726683, 3.511823236726683, 3.511823236726683, 3.511823236726683, 3.511823236726683, 3.511823236726683, 3.511823236726683, 3.511823236726683, 3.511823236726683, 3.511823236726683, 3.511823236726683, 3.511823236726683, 3.511823236726683, 3.511823236726683, 3.511823236726683, 3.511823236726683, 3.511823236726683, 3.511823236726683, 3.511823236726683, 3.511823236726683, 3.511823236726683, 3.511823236726683, 3.511823236726683, 3.511823236726683, 3.511823236726683, 3.511823236726683, 3.511823236726683, 3.511823236726683, 3.511823236726683, 3.511823236726683, 3.511823236726683, 3.511823236726683, 3.511823236726683, 3.511823236726683, 3.511823236726683, 3.511823236726683, 3.511823236726683, 3.511823236726683, 3.511823236726683, 3.511823236726683, 3.511823236726683, 3.511823236726683, 3.511823236726683, 3.511823236726683, 3.511823236726683, 3.511823236726683, 3.511823236726683, 3.511823236726683, 3.511823236726683, 3.511823236726683, 3.511823236726683, 3.511823236726683, 3.511823236726683, 3.511823236726683, 3.511823236726683, 3.511823236726683, 3.511823236726683, 3.511823236726683, 3.511488565605828, 3.511488565605828, 3.511488565605828, 3.511488565605828, 3.511488565605828, 3.511488565605828, 3.511488565605828, 3.511488565605828, 3.511488565605828, 3.511488565605828, 3.511488565605828, 3.511488565605828]","{""elitism_fraction"": 0.2, ""max_iterations"": 120, ""mutation_fraction"": 0.1, ""population_size"": 40}"
goldstein_price,Goldstein-Price,3,2110,ea,Algoritmo evolutivo,2,"[-2.0, 2.0]","[0.0, -1.0]","[-0.019304438345902675, -1.0073938126901751]",3.0880056766991437,0.020671956993670252,120,4840,"[74.10856410701703, 74.10856410701703, 74.10856410701703, 31.810557343597544, 22.755334167615974, 22.755334167615974, 22.755334167615974, 22.755334167615974, 22.755334167615974, 22.755334167615974, 22.755334167615974, 22.755334167615974, 22.755334167615974, 19.636607723258454, 19.636607723258454, 19.636607723258454, 19.636607723258454, 19.636607723258454, 15.929299284198262, 4.135553502837712, 4.135553502837712, 4.135553502837712, 4.135553502837712, 4.135553502837712, 4.135553502837712, 4.135553502837712, 4.135553502837712, 4.135553502837712, 4.135553502837712, 4.135553502837712, 4.135553502837712, 4.135553502837712, 4.135553502837712, 4.135553502837712, 4.135553502837712, 4.135553502837712, 4.135553502837712, 4.135553502837712, 4.135553502837712, 4.043969182080985, 4.043969182080985, 4.043969182080985, 4.043969182080985, 4.043969182080985, 4.043969182080985, 4.043969182080985, 4.043969182080985, 4.043969182080985, 4.043969182080985, 4.043969182080985, 4.043969182080985, 4.043969182080985, 4.043969182080985, 4.043969182080985, 4.043969182080985, 4.043969182080985, 4.043969182080985, 4.043969182080985, 4.043969182080985, 4.043969182080985, 4.043969182080985, 4.043969182080985, 4.043969182080985, 4.043969182080985, 4.043969182080985, 4.043969182080985, 4.043969182080985, 4.043969182080985, 4.043969182080985, 4.043969182080985, 4.043969182080985, 4.043969182080985, 4.043969182080985, 4.043969182080985, 3.3414507657340295, 3.3414507657340295, 3.3414507657340295, 3.3414507657340295, 3.3414507657340295, 3.3414507657340295, 3.3414507657340295, 3.3414507657340295, 3.3414507657340295, 3.3414507657340295, 3.3414507657340295, 3.3414507657340295, 3.3414507657340295, 3.3414507657340295, 3.3414507657340295, 3.3414507657340295, 3.3414507657340295, 3.3414507657340295, 3.3414507657340295, 3.3414507657340295, 3.3414507657340295, 3.3414507657340295, 3.3414507657340295, 3.3414507657340295, 3.3414507657340295, 3.3414507657340295, 3.3414507657340295, 3.3414507657340295, 3.3414507657340295, 3.3414507657340295, 3.3414507657340295, 3.3414507657340295, 3.3414507657340295, 3.3414507657340295, 3.3414507657340295, 3.3414507657340295, 3.3414507657340295, 3.0880056766991437, 3.0880056766991437, 3.0880056766991437, 3.0880056766991437, 3.0880056766991437, 3.0880056766991437, 3.0880056766991437, 3.0880056766991437, 3.0880056766991437, 3.0880056766991437]","{""elitism_fraction"": 0.2, ""max_iterations"": 120, ""mutation_fraction"": 0.1, ""population_size"": 40}"
goldstein_price,Goldstein-Price,4,2111,ea,Algoritmo evolutivo,2,"[-2.0, 2.0]","[0.0, -1.0]","[0.005855951471972265, -1.001558463264736]",3.01175209091661,0.006059783444119597,120,4840,"[27.436804075112295, 27.436804075112295, 27.436804075112295, 27.436804075112295, 7.3067048727090755, 7.3067048727090755, 7.3067048727090755, 7.3067048727090755, 7.3067048727090755, 7.3067048727090755, 7.3067048727090755, 7.3067048727090755, 7.3067048727090755, 7.3067048727090755, 5.739142667797081, 5.739142667797081, 5.739142667797081, 5.739142667797081, 5.739142667797081, 5.739142667797081, 5.739142667797081, 5.739142667797081, 4.046595719976711, 4.046595719976711, 4.046595719976711, 4.046595719976711, 4.046595719976711, 4.046595719976711, 4.046595719976711, 4.046595719976711, 4.046595719976711, 4.046595719976711, 4.046595719976711, 4.046595719976711, 3.2690866151313553, 3.2690866151313553, 3.2690866151313553, 3.2690866151313553, 3.2690866151313553, 3.2690866151313553, 3.2690866151313553, 3.2690866151313553, 3.2690866151313553, 3.2690866151313553, 3.2690866151313553, 3.2690866151313553, 3.2690866151313553, 3.2690866151313553, 3.2690866151313553, 3.2690866151313553, 3.2690866151313553, 3.2690866151313553, 3.2690866151313553, 3.2690866151313553, 3.2690866151313553, 3.2690866151313553, 3.2690866151313553, 3.2690866151313553, 3.2690866151313553, 3.2690866151313553, 3.2690866151313553, 3.2690866151313553, 3.2690866151313553, 3.2690866151313553, 3.2690866151313553, 3.2690866151313553, 3.2690866151313553, 3.2690866151313553, 3.2690866151313553, 3.2690866151313553, 3.2690866151313553, 3.2690866151313553, 3.2690866151313553, 3.2690866151313553, 3.2690866151313553, 3.2690866151313553, 3.2690866151313553, 3.2690866151313553, 3.2690866151313553, 3.2690866151313553, 3.2690866151313553, 3.2690866151313553, 3.2690866151313553, 3.2690866151313553, 3.2690866151313553, 3.2690866151313553, 3.2690866151313553, 3.2690866151313553, 3.2690866151313553, 3.2690866151313553, 3.2690866151313553, 3.0183464296645104, 3.0183464296645104, 3.0183464296645104, 3.0183464296645104, 3.0183464296645104, 3.0183464296645104, 3.0183464296645104, 3.0183464296645104, 3.0183464296645104, 3.0183464296645104, 3.0183464296645104, 3.0183464296645104, 3.0183464296645104, 3.0183464296645104, 3.0183464296645104, 3.0183464296645104, 3.0183464296645104, 3.0183464296645104, 3.0183464296645104, 3.0183464296645104, 3.0183464296645104, 3.01175209091661, 3.01175209091661, 3.01175209091661, 3.01175209091661, 3.01175209091661, 3.01175209091661, 3.01175209091661, 3.01175209091661, 3.01175209091661]","{""elitism_fraction"": 0.2, ""max_iterations"": 120, ""mutation_fraction"": 0.1, ""population_size"": 40}"
goldstein_price,Goldstein-Price,5,2112,ea,Algoritmo evolutivo,2,"[-2.0, 2.0]","[0.0, -1.0]","[-0.033122741470075656, -1.0435358832975572]",3.850616691786725,0.05470364829690968,120,4840,"[85.93904882354973, 29.734588260655762, 24.881783726989784, 24.881783726989784, 24.881783726989784, 24.881783726989784, 24.881783726989784, 24.881783726989784, 8.209011553782242, 8.209011553782242, 8.209011553782242, 8.209011553782242, 8.209011553782242, 8.209011553782242, 8.209011553782242, 8.209011553782242, 8.209011553782242, 8.209011553782242, 8.209011553782242, 8.209011553782242, 8.209011553782242, 8.209011553782242, 8.209011553782242, 8.209011553782242, 8.209011553782242, 8.209011553782242, 8.209011553782242, 8.209011553782242, 8.209011553782242, 8.209011553782242, 8.209011553782242, 8.209011553782242, 8.209011553782242, 8.209011553782242, 8.209011553782242, 8.209011553782242, 8.209011553782242, 8.209011553782242, 8.209011553782242, 8.209011553782242, 8.209011553782242, 8.209011553782242, 8.209011553782242, 8.209011553782242, 8.209011553782242, 8.209011553782242, 8.209011553782242, 8.209011553782242, 8.209011553782242, 8.209011553782242, 8.209011553782242, 8.209011553782242, 8.209011553782242, 8.209011553782242, 8.209011553782242, 8.209011553782242, 8.209011553782242, 8.209011553782242, 8.209011553782242, 8.209011553782242, 8.209011553782242, 8.209011553782242, 8.209011553782242, 8.209011553782242, 5.6503722670759355, 5.6503722670759355, 5.6503722670759355, 5.6503722670759355, 5.6503722670759355, 5.6503722670759355, 5.6503722670759355, 5.6503722670759355, 5.6503722670759355, 5.6503722670759355, 5.6503722670759355, 5.6503722670759355, 5.6503722670759355, 5.6503722670759355, 5.6503722670759355, 5.6503722670759355, 5.6503722670759355, 5.517997539039267, 5.517997539039267, 5.517997539039267, 5.517997539039267, 5.517997539039267, 5.517997539039267, 5.517997539039267, 5.517997539039267, 5.517997539039267, 5.517997539039267, 3.850616691786725, 3.850616691786725, 3.850616691786725, 3.850616691786725, 3.850616691786725, 3.850616691786725, 3.850616691786725, 3.850616691786725, 3.850616691786725, 3.850616691786725, 3.850616691786725, 3.850616691786725, 3.850616691786725, 3.850616691786725, 3.850616691786725, 3.850616691786725, 3.850616691786725, 3.850616691786725, 3.850616691786725, 3.850616691786725, 3.850616691786725, 3.850616691786725, 3.850616691786725, 3.850616691786725, 3.850616691786725, 3.850616691786725, 3.850616691786725, 3.850616691786725, 3.850616691786725, 3.850616691786725]","{""elitism_fraction"": 0.2, ""max_iterations"": 120, ""mutation_fraction"": 0.1, ""population_size"": 40}"
goldstein_price,Goldstein-Price,6,2113,ea,Algoritmo evolutivo,2,"[-2.0, 2.0]","[0.0, -1.0]","[-0.0030789728395093086, -1.0055448690458948]",3.0120556636788347,0.006342369153759364,120,4840,"[34.834108476994736, 3.1640473924416535, 3.1640473924416535, 3.1640473924416535, 3.1640473924416535, 3.0369451268976206, 3.0369451268976206, 3.0369451268976206, 3.0369451268976206, 3.0369451268976206, 3.0369451268976206, 3.0369451268976206, 3.0369451268976206, 3.0369451268976206, 3.0120556636788347, 3.0120556636788347, 3.0120556636788347, 3.0120556636788347, 3.0120556636788347, 3.0120556636788347, 3.0120556636788347, 3.0120556636788347, 3.0120556636788347, 3.0120556636788347, 3.0120556636788347, 3.0120556636788347, 3.0120556636788347, 3.0120556636788347, 3.0120556636788347, 3.0120556636788347, 3.0120556636788347, 3.0120556636788347, 3.0120556636788347, 3.0120556636788347, 3.0120556636788347, 3.0120556636788347, 3.0120556636788347, 3.0120556636788347, 3.0120556636788347, 3.0120556636788347, 3.0120556636788347, 3.0120556636788347, 3.0120556636788347, 3.0120556636788347, 3.0120556636788347, 3.0120556636788347, 3.0120556636788347, 3.0120556636788347, 3.0120556636788347, 3.0120556636788347, 3.0120556636788347, 3.0120556636788347, 3.0120556636788347, 3.0120556636788347, 3.0120556636788347, 3.0120556636788347, 3.0120556636788347, 3.0120556636788347, 3.0120556636788347, 3.0120556636788347, 3.0120556636788347, 3.0120556636788347, 3.0120556636788347, 3.0120556636788347, 3.0120556636788347, 3.0120556636788347, 3.0120556636788347, 3.0120556636788347, 3.0120556636788347, 3.0120556636788347, 3.0120556636788347, 3.0120556636788347, 3.0120556636788347, 3.0120556636788347, 3.0120556636788347, 3.0120556636788347, 3.0120556636788347, 3.0120556636788347, 3.0120556636788347, 3.0120556636788347, 3.0120556636788347, 3.0120556636788347, 3.0120556636788347, 3.0120556636788347, 3.0120556636788347, 3.0120556636788347, 3.0120556636788347, 3.0120556636788347, 3.0120556636788347, 3.0120556636788347, 3.0120556636788347, 3.0120556636788347, 3.0120556636788347, 3.0120556636788347, 3.0120556636788347, 3.0120556636788347, 3.0120556636788347, 3.0120556636788347, 3.0120556636788347, 3.0120556636788347, 3.0120556636788347, 3.0120556636788347, 3.0120556636788347, 3.0120556636788347, 3.0120556636788347, 3.0120556636788347, 3.0120556636788347, 3.0120556636788347, 3.0120556636788347, 3.0120556636788347, 3.0120556636788347, 3.0120556636788347, 3.0120556636788347, 3.0120556636788347, 3.0120556636788347, 3.0120556636788347, 3.0120556636788347, 3.0120556636788347, 3.0120556636788347, 3.0120556636788347, 3.0120556636788347]","{""elitism_fraction"": 0.2, ""max_iterations"": 120, ""mutation_fraction"": 0.1, ""population_size"": 40}"
goldstein_price,Goldstein-Price,7,2114,ea,Algoritmo evolutivo,2,"[-2.0, 2.0]","[0.0, -1.0]","[-0.009043250309570983, -1.0101083785066782]",3.045536861499137,0.013563174119498356,120,4840,"[5.07186596678872, 5.07186596678872, 5.07186596678872, 5.07186596678872, 5.07186596678872, 5.07186596678872, 5.07186596678872, 5.07186596678872, 5.07186596678872, 5.07186596678872, 5.07186596678872, 5.07186596678872, 5.07186596678872, 5.07186596678872, 5.07186596678872, 5.07186596678872, 5.07186596678872, 5.07186596678872, 3.0985214670014662, 3.0985214670014662, 3.0985214670014662, 3.0985214670014662, 3.0985214670014662, 3.0985214670014662, 3.0985214670014662, 3.045536861499137, 3.045536861499137, 3.045536861499137, 3.045536861499137, 3.045536861499137, 3.045536861499137, 3.045536861499137, 3.045536861499137, 3.045536861499137, 3.045536861499137, 3.045536861499137, 3.045536861499137, 3.045536861499137, 3.045536861499137, 3.045536861499137, 3.045536861499137, 3.045536861499137, 3.045536861499137, 3.045536861499137, 3.045536861499137, 3.045536861499137, 3.045536861499137, 3.045536861499137, 3.045536861499137, 3.045536861499137, 3.045536861499137, 3.045536861499137, 3.045536861499137, 3.045536861499137, 3.045536861499137, 3.045536861499137, 3.045536861499137, 3.045536861499137, 3.045536861499137, 3.045536861499137, 3.045536861499137, 3.045536861499137, 3.045536861499137, 3.045536861499137, 3.045536861499137, 3.045536861499137, 3.045536861499137, 3.045536861499137, 3.045536861499137, 3.045536861499137, 3.045536861499137, 3.045536861499137, 3.045536861499137, 3.045536861499137, 3.045536861499137, 3.045536861499137, 3.045536861499137, 3.045536861499137, 3.045536861499137, 3.045536861499137, 3.045536861499137, 3.045536861499137, 3.045536861499137, 3.045536861499137, 3.045536861499137, 3.045536861499137, 3.045536861499137, 3.045536861499137, 3.045536861499137, 3.045536861499137, 3.045536861499137, 3.045536861499137, 3.045536861499137, 3.045536861499137, 3.045536861499137, 3.045536861499137, 3.045536861499137, 3.045536861499137, 3.045536861499137, 3.045536861499137, 3.045536861499137, 3.045536861499137, 3.045536861499137, 3.045536861499137, 3.045536861499137, 3.045536861499137, 3.045536861499137, 3.045536861499137, 3.045536861499137, 3.045536861499137, 3.045536861499137, 3.045536861499137, 3.045536861499137, 3.045536861499137, 3.045536861499137, 3.045536861499137, 3.045536861499137, 3.045536861499137, 3.045536861499137, 3.045536861499137, 3.045536861499137]","{""elitism_fraction"": 0.2, ""max_iterations"": 120, ""mutation_fraction"": 0.1, ""population_size"": 40}"
goldstein_price,Goldstein-Price,8,2115,ea,Algoritmo evolutivo,2,"[-2.0, 2.0]","[0.0, -1.0]","[-0.0151278925597782, -1.0390027106467268]",3.641093237209997,0.041833773091755504,120,4840,"[54.46087322379173, 49.93337953860511, 49.93337953860511, 49.93337953860511, 49.93337953860511, 27.567653242456593, 27.567653242456593, 27.567653242456593, 26.386705589402528, 26.386705589402528, 26.386705589402528, 23.57891991257113, 23.57891991257113, 23.57891991257113, 23.57891991257113, 23.57891991257113, 23.57891991257113, 23.57891991257113, 23.57891991257113, 23.57891991257113, 23.57891991257113, 23.16819670775296, 23.16819670775296, 23.16819670775296, 23.16819670775296, 23.16819670775296, 23.16819670775296, 23.16819670775296, 23.16819670775296, 23.16819670775296, 23.16819670775296, 23.16819670775296, 23.16819670775296, 23.16819670775296, 23.16819670775296, 23.16819670775296, 23.16819670775296, 23.16819670775296, 23.16819670775296, 19.012563459552467, 19.012563459552467, 19.012563459552467, 19.012563459552467, 19.012563459552467, 19.012563459552467, 19.012563459552467, 19.012563459552467, 18.660341679763455, 18.660341679763455, 9.037228851469374, 9.037228851469374, 9.037228851469374, 8.010704693012327, 8.010704693012327, 8.010704693012327, 8.010704693012327, 8.010704693012327, 8.010704693012327, 8.010704693012327, 8.010704693012327, 8.005909990452206, 8.005909990452206, 8.005909990452206, 8.005909990452206, 8.005909990452206, 8.005909990452206, 8.005909990452206, 8.005909990452206, 8.005909990452206, 8.005909990452206, 8.005909990452206, 8.005909990452206, 8.005909990452206, 8.005909990452206, 8.005909990452206, 8.005909990452206, 8.005909990452206, 8.005909990452206, 8.005909990452206, 8.005909990452206, 8.005909990452206, 8.005909990452206, 8.005909990452206, 8.005909990452206, 8.005909990452206, 8.005909990452206, 8.005909990452206, 8.005909990452206, 8.005909990452206, 8.005909990452206, 8.005909990452206, 8.005909990452206, 8.005909990452206, 8.005909990452206, 8.005909990452206, 8.005909990452206, 8.005909990452206, 8.005909990452206, 8.005909990452206, 8.005909990452206, 8.005909990452206, 3.7256514883050835, 3.7256514883050835, 3.7256514883050835, 3.7256514883050835, 3.7256514883050835, 3.7256514883050835, 3.7256514883050835, 3.7256514883050835, 3.7256514883050835, 3.7256514883050835, 3.7256514883050835, 3.7256514883050835, 3.7256514883050835, 3.7256514883050835, 3.641093237209997, 3.641093237209997, 3.641093237209997, 3.641093237209997, 3.641093237209997, 3.641093237209997]","{""elitism_fraction"": 0.2, ""max_iterations"": 120, ""mutation_fraction"": 0.1, ""population_size"": 40}"
goldstein_price,Goldstein-Price,9,2116,ea,Algoritmo evolutivo,2,"[-2.0, 2.0]","[0.0, -1.0]","[-0.018749235342070847, -1.0062334092379612]",3.081221147733555,0.019758269576060018,120,4840,"[198.5779639172334, 106.4854029555829, 99.9046830519653, 49.12083808107677, 49.12083808107677, 36.162820666877465, 36.162820666877465, 30.808709052788174, 30.808709052788174, 30.808709052788174, 30.808709052788174, 30.808709052788174, 30.64409275284008, 30.64409275284008, 30.64409275284008, 30.64409275284008, 30.64409275284008, 30.64409275284008, 30.64409275284008, 30.64409275284008, 30.64409275284008, 30.64409275284008, 30.64409275284008, 30.64409275284008, 30.64409275284008, 30.64409275284008, 30.64409275284008, 30.64409275284008, 28.210814522937444, 28.210814522937444, 28.210814522937444, 28.210814522937444, 28.210814522937444, 28.210814522937444, 28.210814522937444, 28.210814522937444, 28.210814522937444, 28.210814522937444, 28.210814522937444, 28.210814522937444, 28.210814522937444, 28.210814522937444, 28.210814522937444, 28.210814522937444, 28.210814522937444, 28.210814522937444, 14.142859799573728, 14.142859799573728, 14.142859799573728, 14.142859799573728, 14.142859799573728, 14.142859799573728, 14.142859799573728, 14.142859799573728, 13.94168539457183, 13.94168539457183, 13.94168539457183, 13.94168539457183, 13.94168539457183, 13.94168539457183, 13.94168539457183, 13.94168539457183, 13.94168539457183, 13.94168539457183, 13.94168539457183, 13.94168539457183, 13.94168539457183, 13.94168539457183, 13.94168539457183, 13.94168539457183, 13.94168539457183, 13.94168539457183, 13.94168539457183, 13.94168539457183, 3.2072478181988324, 3.2072478181988324, 3.2072478181988324, 3.2072478181988324, 3.2072478181988324, 3.2072478181988324, 3.2072478181988324, 3.081221147733555, 3.081221147733555, 3.081221147733555, 3.081221147733555, 3.081221147733555, 3.081221147733555, 3.081221147733555, 3.081221147733555, 3.081221147733555, 3.081221147733555, 3.081221147733555, 3.081221147733555, 3.081221147733555, 3.081221147733555, 3.081221147733555, 3.081221147733555, 3.081221147733555, 3.081221147733555, 3.081221147733555, 3.081221147733555, 3.081221147733555, 3.081221147733555, 3.081221147733555, 3.081221147733555, 3.081221147733555, 3.081221147733555, 3.081221147733555, 3.081221147733555, 3.081221147733555, 3.081221147733555, 3.081221147733555, 3.081221147733555, 3.081221147733555, 3.081221147733555, 3.081221147733555, 3.081221147733555, 3.081221147733555, 3.081221147733555, 3.081221147733555, 3.081221147733555]","{""elitism_fraction"": 0.2, ""max_iterations"": 120, ""mutation_fraction"": 0.1, ""population_size"": 40}"
goldstein_price,Goldstein-Price,10,2156,ea,Algoritmo evolutivo,2,"[-2.0, 2.0]","[0.0, -1.0]","[0.020339606274312416, -1.0141402659060406]",3.264717357234893,0.024771893413455138,120,4840,"[17.735219726229644, 17.735219726229644, 17.735219726229644, 17.735219726229644, 14.2319661859768, 14.2319661859768, 14.2319661859768, 13.26039579208918, 5.70104706876317, 5.70104706876317, 5.70104706876317, 5.70104706876317, 3.745121672026892, 3.745121672026892, 3.745121672026892, 3.745121672026892, 3.745121672026892, 3.745121672026892, 3.4499605055994063, 3.4499605055994063, 3.4499605055994063, 3.4499605055994063, 3.4499605055994063, 3.4499605055994063, 3.4499605055994063, 3.4499605055994063, 3.4499605055994063, 3.4499605055994063, 3.4499605055994063, 3.4499605055994063, 3.4499605055994063, 3.4499605055994063, 3.4499605055994063, 3.4499605055994063, 3.4499605055994063, 3.4499605055994063, 3.4499605055994063, 3.4499605055994063, 3.4499605055994063, 3.4499605055994063, 3.4499605055994063, 3.4499605055994063, 3.4499605055994063, 3.4499605055994063, 3.4499605055994063, 3.4499605055994063, 3.4499605055994063, 3.4499605055994063, 3.4499605055994063, 3.4499605055994063, 3.4499605055994063, 3.4499605055994063, 3.4499605055994063, 3.4499605055994063, 3.4499605055994063, 3.4499605055994063, 3.4499605055994063, 3.4499605055994063, 3.4499605055994063, 3.4499605055994063, 3.4499605055994063, 3.4499605055994063, 3.4499605055994063, 3.4499605055994063, 3.4499605055994063, 3.4499605055994063, 3.4499605055994063, 3.4499605055994063, 3.4499605055994063, 3.4499605055994063, 3.4499605055994063, 3.4499605055994063, 3.4499605055994063, 3.4499605055994063, 3.4499605055994063, 3.4499605055994063, 3.4499605055994063, 3.4499605055994063, 3.4499605055994063, 3.4499605055994063, 3.4499605055994063, 3.4499605055994063, 3.4499605055994063, 3.4499605055994063, 3.4499605055994063, 3.4499605055994063, 3.4499605055994063, 3.4499605055994063, 3.4499605055994063, 3.4499605055994063, 3.4499605055994063, 3.4499605055994063, 3.4499605055994063, 3.4499605055994063, 3.4499605055994063, 3.4499605055994063, 3.4499605055994063, 3.4499605055994063, 3.4499605055994063, 3.4499605055994063, 3.4499605055994063, 3.4499605055994063, 3.4499605055994063, 3.4499605055994063, 3.4499605055994063, 3.4499605055994063, 3.4499605055994063, 3.4499605055994063, 3.4499605055994063, 3.4499605055994063, 3.4499605055994063, 3.4499605055994063, 3.4499605055994063, 3.4499605055994063, 3.4499605055994063, 3.4499605055994063, 3.4499605055994063, 3.4499605055994063, 3.4499605055994063, 3.264717357234893, 3.264717357234893]","{""elitism_fraction"": 0.2, ""max_iterations"": 120, ""mutation_fraction"": 0.1, ""population_size"": 40}"
goldstein_price,Goldstein-Price,11,2157,ea,Algoritmo evolutivo,2,"[-2.0, 2.0]","[0.0, -1.0]","[-0.006779012744011048, -0.9980018829643575]",3.0160999233750454,0.007067353498417126,120,4840,"[5.340664364101154, 5.340664364101154, 5.340664364101154, 5.340664364101154, 5.340664364101154, 5.340664364101154, 5.340664364101154, 5.340664364101154, 5.340664364101154, 5.340664364101154, 5.340664364101154, 5.340664364101154, 5.340664364101154, 5.340664364101154, 5.340664364101154, 5.340664364101154, 5.340664364101154, 5.340664364101154, 5.340664364101154, 5.340664364101154, 5.340664364101154, 5.340664364101154, 5.340664364101154, 5.340664364101154, 5.340664364101154, 5.340664364101154, 5.340664364101154, 5.340664364101154, 5.340664364101154, 5.340664364101154, 5.340664364101154, 5.340664364101154, 5.340664364101154, 5.340664364101154, 5.340664364101154, 5.340664364101154, 5.201583119628071, 5.201583119628071, 5.201583119628071, 3.4711392571740984, 3.3089802082396176, 3.3089802082396176, 3.3089802082396176, 3.3089802082396176, 3.3089802082396176, 3.3089802082396176, 3.3089802082396176, 3.3089802082396176, 3.3089802082396176, 3.3089802082396176, 3.3089802082396176, 3.3089802082396176, 3.3089802082396176, 3.3089802082396176, 3.3089802082396176, 3.3089802082396176, 3.3089802082396176, 3.3089802082396176, 3.3089802082396176, 3.3089802082396176, 3.3089802082396176, 3.072579829733747, 3.072579829733747, 3.072579829733747, 3.072579829733747, 3.072579829733747, 3.030855566893756, 3.030855566893756, 3.030855566893756, 3.030855566893756, 3.030855566893756, 3.030855566893756, 3.030855566893756, 3.030855566893756, 3.030855566893756, 3.030855566893756, 3.030855566893756, 3.030855566893756, 3.030855566893756, 3.030855566893756, 3.030855566893756, 3.030855566893756, 3.030855566893756, 3.030855566893756, 3.030855566893756, 3.030855566893756, 3.030855566893756, 3.030855566893756, 3.030855566893756, 3.030855566893756, 3.030855566893756, 3.030855566893756, 3.030855566893756, 3.030855566893756, 3.030855566893756, 3.030855566893756, 3.030855566893756, 3.030855566893756, 3.030855566893756, 3.030855566893756, 3.030855566893756, 3.030855566893756, 3.030855566893756, 3.030855566893756, 3.030855566893756, 3.030855566893756, 3.030855566893756, 3.030855566893756, 3.030855566893756, 3.030855566893756, 3.030855566893756, 3.030855566893756, 3.030855566893756, 3.030855566893756, 3.030855566893756, 3.030855566893756, 3.030855566893756, 3.030855566893756, 3.030855566893756, 3.0160999233750454, 3.0160999233750454]","{""elitism_fraction"": 0.2, ""max_iterations"": 120, ""mutation_fraction"": 0.1, ""population_size"": 40}"
goldstein_price,Goldstein-Price,12,2158,ea,Algoritmo evolutivo,2,"[-2.0, 2.0]","[0.0, -1.0]","[-0.018459746026830537, -1.0127121354791906]",3.106823210382215,0.02241340250422461,120,4840,"[18.0734602612433, 18.0734602612433, 18.0734602612433, 18.0734602612433, 11.480374473579035, 7.588487634431846, 7.588487634431846, 7.588487634431846, 7.588487634431846, 5.212434103220673, 5.212434103220673, 5.212434103220673, 5.212434103220673, 5.212434103220673, 5.212434103220673, 5.212434103220673, 3.428861779127603, 3.428861779127603, 3.428861779127603, 3.428861779127603, 3.428861779127603, 3.428861779127603, 3.428861779127603, 3.428861779127603, 3.428861779127603, 3.428861779127603, 3.428861779127603, 3.428861779127603, 3.428861779127603, 3.428861779127603, 3.428861779127603, 3.428861779127603, 3.428861779127603, 3.428861779127603, 3.428861779127603, 3.428861779127603, 3.428861779127603, 3.428861779127603, 3.428861779127603, 3.428861779127603, 3.428861779127603, 3.428861779127603, 3.428861779127603, 3.428861779127603, 3.428861779127603, 3.428861779127603, 3.428861779127603, 3.428861779127603, 3.428861779127603, 3.428861779127603, 3.428861779127603, 3.428861779127603, 3.428861779127603, 3.428861779127603, 3.428861779127603, 3.428861779127603, 3.428861779127603, 3.428861779127603, 3.428861779127603, 3.428861779127603, 3.428861779127603, 3.428861779127603, 3.428861779127603, 3.428861779127603, 3.428861779127603, 3.428861779127603, 3.428861779127603, 3.428861779127603, 3.428861779127603, 3.428861779127603, 3.428861779127603, 3.428861779127603, 3.428861779127603, 3.428861779127603, 3.428861779127603, 3.428861779127603, 3.428861779127603, 3.428861779127603, 3.428861779127603, 3.428861779127603, 3.428861779127603, 3.428861779127603, 3.428861779127603, 3.428861779127603, 3.428861779127603, 3.428861779127603, 3.428861779127603, 3.428861779127603, 3.428861779127603, 3.428861779127603, 3.428861779127603, 3.428861779127603, 3.428861779127603, 3.428861779127603, 3.428861779127603, 3.428861779127603, 3.428861779127603, 3.428861779127603, 3.428861779127603, 3.428861779127603, 3.428861779127603, 3.428861779127603, 3.428861779127603, 3.428861779127603, 3.428861779127603, 3.106823210382215, 3.106823210382215, 3.106823210382215, 3.106823210382215, 3.106823210382215, 3.106823210382215, 3.106823210382215, 3.106823210382215, 3.106823210382215, 3.106823210382215, 3.106823210382215, 3.106823210382215, 3.106823210382215, 3.106823210382215, 3.106823210382215, 3.106823210382215]","{""elitism_fraction"": 0.2, ""max_iterations"": 120, ""mutation_fraction"": 0.1, ""population_size"": 40}"
goldstein_price,Goldstein-Price,13,2159,ea,Algoritmo evolutivo,2,"[-2.0, 2.0]","[0.0, -1.0]","[-0.0018548003922314038, -1.0089678349684412]",3.032426250886282,0.009157638806822367,120,4840,"[31.753079467508723, 31.753079467508723, 31.753079467508723, 31.753079467508723, 31.753079467508723, 31.753079467508723, 31.753079467508723, 31.753079467508723, 13.534742340092874, 13.534742340092874, 13.534742340092874, 13.534742340092874, 13.384575965313356, 13.384575965313356, 13.384575965313356, 13.384575965313356, 13.384575965313356, 13.384575965313356, 13.384575965313356, 13.25687630978328, 13.25687630978328, 13.25687630978328, 13.25687630978328, 13.25687630978328, 13.25687630978328, 9.52746947325975, 9.52746947325975, 9.52746947325975, 9.52746947325975, 9.52746947325975, 9.52746947325975, 3.1685928057347508, 3.1685928057347508, 3.032426250886282, 3.032426250886282, 3.032426250886282, 3.032426250886282, 3.032426250886282, 3.032426250886282, 3.032426250886282, 3.032426250886282, 3.032426250886282, 3.032426250886282, 3.032426250886282, 3.032426250886282, 3.032426250886282, 3.032426250886282, 3.032426250886282, 3.032426250886282, 3.032426250886282, 3.032426250886282, 3.032426250886282, 3.032426250886282, 3.032426250886282, 3.032426250886282, 3.032426250886282, 3.032426250886282, 3.032426250886282, 3.032426250886282, 3.032426250886282, 3.032426250886282, 3.032426250886282, 3.032426250886282, 3.032426250886282, 3.032426250886282, 3.032426250886282, 3.032426250886282, 3.032426250886282, 3.032426250886282, 3.032426250886282, 3.032426250886282, 3.032426250886282, 3.032426250886282, 3.032426250886282, 3.032426250886282, 3.032426250886282, 3.032426250886282, 3.032426250886282, 3.032426250886282, 3.032426250886282, 3.032426250886282, 3.032426250886282, 3.032426250886282, 3.032426250886282, 3.032426250886282, 3.032426250886282, 3.032426250886282, 3.032426250886282, 3.032426250886282, 3.032426250886282, 3.032426250886282, 3.032426250886282, 3.032426250886282, 3.032426250886282, 3.032426250886282, 3.032426250886282, 3.032426250886282, 3.032426250886282, 3.032426250886282, 3.032426250886282, 3.032426250886282, 3.032426250886282, 3.032426250886282, 3.032426250886282, 3.032426250886282, 3.032426250886282, 3.032426250886282, 3.032426250886282, 3.032426250886282, 3.032426250886282, 3.032426250886282, 3.032426250886282, 3.032426250886282, 3.032426250886282, 3.032426250886282, 3.032426250886282, 3.032426250886282, 3.032426250886282, 3.032426250886282, 3.032426250886282, 3.032426250886282]","{""elitism_fraction"": 0.2, ""max_iterations"": 120, ""mutation_fraction"": 0.1, ""population_size"": 40}"
goldstein_price,Goldstein-Price,14,2160,ea,Algoritmo evolutivo,2,"[-2.0, 2.0]","[0.0, -1.0]","[0.03782599373676643, -0.9798374031115418]",3.3608975645424013,0.042864158867990845,120,4840,"[33.831114555167716, 33.831114555167716, 31.215355337371093, 31.215355337371093, 31.215355337371093, 31.215355337371093, 31.215355337371093, 31.215355337371093, 31.215355337371093, 31.215355337371093, 31.215355337371093, 31.215355337371093, 30.651258751374495, 30.651258751374495, 30.651258751374495, 30.651258751374495, 30.651258751374495, 30.651258751374495, 30.651258751374495, 30.651258751374495, 30.651258751374495, 30.651258751374495, 30.651258751374495, 30.651258751374495, 30.651258751374495, 30.651258751374495, 30.651258751374495, 30.651258751374495, 30.651258751374495, 30.651258751374495, 30.651258751374495, 30.651258751374495, 30.651258751374495, 30.651258751374495, 18.959462021422105, 18.959462021422105, 14.228325415421121, 14.228325415421121, 14.228325415421121, 14.228325415421121, 13.639563153711677, 7.65080131677159, 7.65080131677159, 7.65080131677159, 7.65080131677159, 7.65080131677159, 7.65080131677159, 7.65080131677159, 5.530700023697033, 5.530700023697033, 5.530700023697033, 5.530700023697033, 5.530700023697033, 3.3608975645424013, 3.3608975645424013, 3.3608975645424013, 3.3608975645424013, 3.3608975645424013, 3.3608975645424013, 3.3608975645424013, 3.3608975645424013, 3.3608975645424013, 3.3608975645424013, 3.3608975645424013, 3.3608975645424013, 3.3608975645424013, 3.3608975645424013, 3.3608975645424013, 3.3608975645424013, 3.3608975645424013, 3.3608975645424013, 3.3608975645424013, 3.3608975645424013, 3.3608975645424013, 3.3608975645424013, 3.3608975645424013, 3.3608975645424013, 3.3608975645424013, 3.3608975645424013, 3.3608975645424013, 3.3608975645424013, 3.3608975645424013, 3.3608975645424013, 3.3608975645424013, 3.3608975645424013, 3.3608975645424013, 3.3608975645424013, 3.3608975645424013, 3.3608975645424013, 3.3608975645424013, 3.3608975645424013, 3.3608975645424013, 3.3608975645424013, 3.3608975645424013, 3.3608975645424013, 3.3608975645424013, 3.3608975645424013, 3.3608975645424013, 3.3608975645424013, 3.3608975645424013, 3.3608975645424013, 3.3608975645424013, 3.3608975645424013, 3.3608975645424013, 3.3608975645424013, 3.3608975645424013, 3.3608975645424013, 3.3608975645424013, 3.3608975645424013, 3.3608975645424013, 3.3608975645424013, 3.3608975645424013, 3.3608975645424013, 3.3608975645424013, 3.3608975645424013, 3.3608975645424013, 3.3608975645424013, 3.3608975645424013, 3.3608975645424013, 3.3608975645424013, 3.3608975645424013]","{""elitism_fraction"": 0.2, ""max_iterations"": 120, ""mutation_fraction"": 0.1, ""population_size"": 40}"
goldstein_price,Goldstein-Price,15,2161,ea,Algoritmo evolutivo,2,"[-2.0, 2.0]","[0.0, -1.0]","[0.007651746422020711, -0.9987760898013107]",3.0133821385016013,0.007749011516404037,120,4840,"[12.447033655065223, 12.447033655065223, 12.447033655065223, 12.447033655065223, 12.447033655065223, 12.447033655065223, 12.447033655065223, 5.612860042787959, 5.393241486600634, 5.393241486600634, 5.393241486600634, 5.393241486600634, 4.491699483248705, 4.491699483248705, 4.491699483248705, 4.491699483248705, 4.491699483248705, 4.491699483248705, 4.491699483248705, 4.491699483248705, 4.491699483248705, 4.491699483248705, 4.491699483248705, 4.491699483248705, 4.491699483248705, 4.273465022763449, 4.273465022763449, 4.273465022763449, 4.273465022763449, 3.1997067403174633, 3.1997067403174633, 3.1997067403174633, 3.1997067403174633, 3.0900842472770904, 3.0900842472770904, 3.0900842472770904, 3.0900842472770904, 3.0900842472770904, 3.0900842472770904, 3.0900842472770904, 3.0900842472770904, 3.0900842472770904, 3.0900842472770904, 3.0900842472770904, 3.0900842472770904, 3.0900842472770904, 3.0900842472770904, 3.0900842472770904, 3.0900842472770904, 3.0900842472770904, 3.0900842472770904, 3.0900842472770904, 3.0900842472770904, 3.0900842472770904, 3.0900842472770904, 3.0900842472770904, 3.0900842472770904, 3.0900842472770904, 3.0900842472770904, 3.0900842472770904, 3.0900842472770904, 3.0900842472770904, 3.0900842472770904, 3.0900842472770904, 3.0900842472770904, 3.0900842472770904, 3.0900842472770904, 3.0900842472770904, 3.0900842472770904, 3.0900842472770904, 3.0900842472770904, 3.0900842472770904, 3.0900842472770904, 3.0900842472770904, 3.0900842472770904, 3.0900842472770904, 3.0900842472770904, 3.0133821385016013, 3.0133821385016013, 3.0133821385016013, 3.0133821385016013, 3.0133821385016013, 3.0133821385016013, 3.0133821385016013, 3.0133821385016013, 3.0133821385016013, 3.0133821385016013, 3.0133821385016013, 3.0133821385016013, 3.0133821385016013, 3.0133821385016013, 3.0133821385016013, 3.0133821385016013, 3.0133821385016013, 3.0133821385016013, 3.0133821385016013, 3.0133821385016013, 3.0133821385016013, 3.0133821385016013, 3.0133821385016013, 3.0133821385016013, 3.0133821385016013, 3.0133821385016013, 3.0133821385016013, 3.0133821385016013, 3.0133821385016013, 3.0133821385016013, 3.0133821385016013, 3.0133821385016013, 3.0133821385016013, 3.0133821385016013, 3.0133821385016013, 3.0133821385016013, 3.0133821385016013, 3.0133821385016013, 3.0133821385016013, 3.0133821385016013, 3.0133821385016013, 3.0133821385016013, 3.0133821385016013, 3.0133821385016013]","{""elitism_fraction"": 0.2, ""max_iterations"": 120, ""mutation_fraction"": 0.1, ""population_size"": 40}"
goldstein_price,Goldstein-Price,16,2162,ea,Algoritmo evolutivo,2,"[-2.0, 2.0]","[0.0, -1.0]","[-0.005875506345991877, -1.009919647407358]",3.0390798093236904,0.011529136112827111,120,4840,"[8.121091672624372, 8.121091672624372, 8.121091672624372, 8.121091672624372, 8.121091672624372, 8.121091672624372, 7.782166067205783, 7.782166067205783, 6.801967698302551, 6.801967698302551, 4.619925402560575, 4.619925402560575, 4.619925402560575, 4.619925402560575, 4.619925402560575, 4.619925402560575, 4.619925402560575, 4.619925402560575, 4.619925402560575, 4.619925402560575, 4.619925402560575, 4.619925402560575, 4.619925402560575, 4.619925402560575, 4.619925402560575, 4.619925402560575, 4.619925402560575, 3.0670792165583407, 3.0670792165583407, 3.0670792165583407, 3.0670792165583407, 3.0670792165583407, 3.0670792165583407, 3.0670792165583407, 3.0670792165583407, 3.0670792165583407, 3.0670792165583407, 3.0670792165583407, 3.0670792165583407, 3.0670792165583407, 3.0670792165583407, 3.0670792165583407, 3.0670792165583407, 3.0670792165583407, 3.0670792165583407, 3.0670792165583407, 3.0670792165583407, 3.0670792165583407, 3.0670792165583407, 3.0670792165583407, 3.0670792165583407, 3.0390798093236904, 3.0390798093236904, 3.0390798093236904, 3.0390798093236904, 3.0390798093236904, 3.0390798093236904, 3.0390798093236904, 3.0390798093236904, 3.0390798093236904, 3.0390798093236904, 3.0390798093236904, 3.0390798093236904, 3.0390798093236904, 3.0390798093236904, 3.0390798093236904, 3.0390798093236904, 3.0390798093236904, 3.0390798093236904, 3.0390798093236904, 3.0390798093236904, 3.0390798093236904, 3.0390798093236904, 3.0390798093236904, 3.0390798093236904, 3.0390798093236904, 3.0390798093236904, 3.0390798093236904, 3.0390798093236904, 3.0390798093236904, 3.0390798093236904, 3.0390798093236904, 3.0390798093236904, 3.0390798093236904, 3.0390798093236904, 3.0390798093236904, 3.0390798093236904, 3.0390798093236904, 3.0390798093236904, 3.0390798093236904, 3.0390798093236904, 3.0390798093236904, 3.0390798093236904, 3.0390798093236904, 3.0390798093236904, 3.0390798093236904, 3.0390798093236904, 3.0390798093236904, 3.0390798093236904, 3.0390798093236904, 3.0390798093236904, 3.0390798093236904, 3.0390798093236904, 3.0390798093236904, 3.0390798093236904, 3.0390798093236904, 3.0390798093236904, 3.0390798093236904, 3.0390798093236904, 3.0390798093236904, 3.0390798093236904, 3.0390798093236904, 3.0390798093236904, 3.0390798093236904, 3.0390798093236904, 3.0390798093236904, 3.0390798093236904, 3.0390798093236904, 3.0390798093236904, 3.0390798093236904, 3.0390798093236904]","{""elitism_fraction"": 0.2, ""max_iterations"": 120, ""mutation_fraction"": 0.1, ""population_size"": 40}"
goldstein_price,Goldstein-Price,17,2163,ea,Algoritmo evolutivo,2,"[-2.0, 2.0]","[0.0, -1.0]","[0.03204085045958527, -0.9467301591141348]",4.139914856022903,0.06216343013524027,120,4840,"[21.926432956639317, 21.926432956639317, 21.926432956639317, 21.926432956639317, 21.926432956639317, 21.926432956639317, 21.926432956639317, 21.926432956639317, 21.926432956639317, 21.926432956639317, 21.926432956639317, 21.926432956639317, 18.399903966980716, 18.399903966980716, 18.399903966980716, 18.399903966980716, 18.399903966980716, 18.399903966980716, 18.399903966980716, 18.399903966980716, 18.399903966980716, 18.399903966980716, 18.399903966980716, 18.399903966980716, 18.399903966980716, 18.399903966980716, 18.399903966980716, 18.399903966980716, 18.399903966980716, 18.399903966980716, 18.399903966980716, 18.399903966980716, 18.399903966980716, 18.399903966980716, 18.399903966980716, 18.399903966980716, 18.399903966980716, 18.399903966980716, 18.399903966980716, 18.399903966980716, 18.399903966980716, 18.399903966980716, 18.399903966980716, 18.399903966980716, 18.399903966980716, 18.399903966980716, 18.399903966980716, 18.399903966980716, 18.399903966980716, 18.399903966980716, 18.399903966980716, 18.399903966980716, 18.399903966980716, 18.399903966980716, 18.399903966980716, 18.399903966980716, 18.399903966980716, 17.53749806566909, 17.53749806566909, 17.53749806566909, 17.53749806566909, 17.53749806566909, 17.53749806566909, 17.53749806566909, 17.53749806566909, 17.53749806566909, 17.53749806566909, 17.53749806566909, 17.53749806566909, 17.53749806566909, 17.53749806566909, 4.961035430687101, 4.961035430687101, 4.961035430687101, 4.961035430687101, 4.961035430687101, 4.961035430687101, 4.961035430687101, 4.961035430687101, 4.961035430687101, 4.961035430687101, 4.961035430687101, 4.961035430687101, 4.961035430687101, 4.139914856022903, 4.139914856022903, 4.139914856022903, 4.139914856022903, 4.139914856022903, 4.139914856022903, 4.139914856022903, 4.139914856022903, 4.139914856022903, 4.139914856022903, 4.139914856022903, 4.139914856022903, 4.139914856022903, 4.139914856022903, 4.139914856022903, 4.139914856022903, 4.139914856022903, 4.139914856022903, 4.139914856022903, 4.139914856022903, 4.139914856022903, 4.139914856022903, 4.139914856022903, 4.139914856022903, 4.139914856022903, 4.139914856022903, 4.139914856022903, 4.139914856022903, 4.139914856022903, 4.139914856022903, 4.139914856022903, 4.139914856022903, 4.139914856022903, 4.139914856022903, 4.139914856022903, 4.139914856022903, 4.139914856022903]","{""elitism_fraction"": 0.2, ""max_iterations"": 120, ""mutation_fraction"": 0.1, ""population_size"": 40}"
goldstein_price,Goldstein-Price,18,2164,ea,Algoritmo evolutivo,2,"[-2.0, 2.0]","[0.0, -1.0]","[0.041730797787426166, -0.9980478239380828]",3.4425541469863257,0.04177643444995965,120,4840,"[18.721771252382702, 18.721771252382702, 9.294614465750717, 9.294614465750717, 9.294614465750717, 9.294614465750717, 9.294614465750717, 9.294614465750717, 9.294614465750717, 9.294614465750717, 7.104097956519746, 7.104097956519746, 7.104097956519746, 7.104097956519746, 7.104097956519746, 7.104097956519746, 7.104097956519746, 7.104097956519746, 7.104097956519746, 7.104097956519746, 7.104097956519746, 7.104097956519746, 7.104097956519746, 7.104097956519746, 7.104097956519746, 7.104097956519746, 7.104097956519746, 7.104097956519746, 7.104097956519746, 7.104097956519746, 7.104097956519746, 7.104097956519746, 7.104097956519746, 7.104097956519746, 7.104097956519746, 7.104097956519746, 7.104097956519746, 7.104097956519746, 7.104097956519746, 7.104097956519746, 7.104097956519746, 7.104097956519746, 7.104097956519746, 7.104097956519746, 7.104097956519746, 7.104097956519746, 7.104097956519746, 7.104097956519746, 7.104097956519746, 7.104097956519746, 7.104097956519746, 7.104097956519746, 7.104097956519746, 7.104097956519746, 7.104097956519746, 7.104097956519746, 6.481165980888661, 6.481165980888661, 6.481165980888661, 6.481165980888661, 6.481165980888661, 6.095268869013129, 6.095268869013129, 6.095268869013129, 6.095268869013129, 6.095268869013129, 6.095268869013129, 6.095268869013129, 6.095268869013129, 6.095268869013129, 6.095268869013129, 6.095268869013129, 6.095268869013129, 6.095268869013129, 6.095268869013129, 6.095268869013129, 6.095268869013129, 6.095268869013129, 6.095268869013129, 6.095268869013129, 6.095268869013129, 6.095268869013129, 6.095268869013129, 6.095268869013129, 6.095268869013129, 6.095268869013129, 6.095268869013129, 6.095268869013129, 6.095268869013129, 6.095268869013129, 6.095268869013129, 3.7996402028140106, 3.7996402028140106, 3.7996402028140106, 3.7996402028140106, 3.7996402028140106, 3.4425541469863257, 3.4425541469863257, 3.4425541469863257, 3.4425541469863257, 3.4425541469863257, 3.4425541469863257, 3.4425541469863257, 3.4425541469863257, 3.4425541469863257, 3.4425541469863257, 3.4425541469863257, 3.4425541469863257, 3.4425541469863257, 3.4425541469863257, 3.4425541469863257, 3.4425541469863257, 3.4425541469863257, 3.4425541469863257, 3.4425541469863257, 3.4425541469863257, 3.4425541469863257, 3.4425541469863257, 3.4425541469863257, 3.4425541469863257, 3.4425541469863257]","{""elitism_fraction"": 0.2, ""max_iterations"": 120, ""mutation_fraction"": 0.1, ""population_size"": 40}"
goldstein_price,Goldstein-Price,19,2165,ea,Algoritmo evolutivo,2,"[-2.0, 2.0]","[0.0, -1.0]","[0.03521258917910952, -0.9562874168256696]",3.799380706232584,0.056131242320738725,120,4840,"[24.410650702687445, 24.410650702687445, 16.594756765561783, 16.594756765561783, 15.280971868117803, 15.280971868117803, 15.280971868117803, 15.280971868117803, 15.280971868117803, 15.280971868117803, 15.280971868117803, 15.280971868117803, 15.280971868117803, 15.280971868117803, 15.280971868117803, 15.280971868117803, 15.280971868117803, 15.280971868117803, 15.280971868117803, 15.280971868117803, 15.280971868117803, 15.280971868117803, 15.280971868117803, 15.280971868117803, 15.280971868117803, 15.280971868117803, 15.280971868117803, 15.280971868117803, 15.280971868117803, 12.126261559205915, 12.126261559205915, 12.126261559205915, 12.126261559205915, 12.126261559205915, 12.126261559205915, 5.136558907259874, 5.136558907259874, 5.136558907259874, 5.136558907259874, 5.136558907259874, 5.136558907259874, 5.136558907259874, 5.136558907259874, 5.136558907259874, 5.136558907259874, 5.136558907259874, 5.136558907259874, 5.136558907259874, 5.136558907259874, 5.136558907259874, 5.136558907259874, 5.136558907259874, 5.136558907259874, 4.761027717807388, 4.761027717807388, 4.059176314088652, 4.059176314088652, 4.059176314088652, 3.799380706232584, 3.799380706232584, 3.799380706232584, 3.799380706232584, 3.799380706232584, 3.799380706232584, 3.799380706232584, 3.799380706232584, 3.799380706232584, 3.799380706232584, 3.799380706232584, 3.799380706232584, 3.799380706232584, 3.799380706232584, 3.799380706232584, 3.799380706232584, 3.799380706232584, 3.799380706232584, 3.799380706232584, 3.799380706232584, 3.799380706232584, 3.799380706232584, 3.799380706232584, 3.799380706232584, 3.799380706232584, 3.799380706232584, 3.799380706232584, 3.799380706232584, 3.799380706232584, 3.799380706232584, 3.799380706232584, 3.799380706232584, 3.799380706232584, 3.799380706232584, 3.799380706232584, 3.799380706232584, 3.799380706232584, 3.799380706232584, 3.799380706232584, 3.799380706232584, 3.799380706232584, 3.799380706232584, 3.799380706232584, 3.799380706232584, 3.799380706232584, 3.799380706232584, 3.799380706232584, 3.799380706232584, 3.799380706232584, 3.799380706232584, 3.799380706232584, 3.799380706232584, 3.799380706232584, 3.799380706232584, 3.799380706232584, 3.799380706232584, 3.799380706232584, 3.799380706232584, 3.799380706232584, 3.799380706232584, 3.799380706232584, 3.799380706232584, 3.799380706232584]","{""elitism_fraction"": 0.2, ""max_iterations"": 120, ""mutation_fraction"": 0.1, ""population_size"": 40}"
goldstein_price,Goldstein-Price,20,2157,ea,Algoritmo evolutivo,2,"[-2.0, 2.0]","[0.0, -1.0]","[-0.006779012744011048, -0.9980018829643575]",3.0160999233750454,0.007067353498417126,120,4840,"[5.340664364101154, 5.340664364101154, 5.340664364101154, 5.340664364101154, 5.340664364101154, 5.340664364101154, 5.340664364101154, 5.340664364101154, 5.340664364101154, 5.340664364101154, 5.340664364101154, 5.340664364101154, 5.340664364101154, 5.340664364101154, 5.340664364101154, 5.340664364101154, 5.340664364101154, 5.340664364101154, 5.340664364101154, 5.340664364101154, 5.340664364101154, 5.340664364101154, 5.340664364101154, 5.340664364101154, 5.340664364101154, 5.340664364101154, 5.340664364101154, 5.340664364101154, 5.340664364101154, 5.340664364101154, 5.340664364101154, 5.340664364101154, 5.340664364101154, 5.340664364101154, 5.340664364101154, 5.340664364101154, 5.201583119628071, 5.201583119628071, 5.201583119628071, 3.4711392571740984, 3.3089802082396176, 3.3089802082396176, 3.3089802082396176, 3.3089802082396176, 3.3089802082396176, 3.3089802082396176, 3.3089802082396176, 3.3089802082396176, 3.3089802082396176, 3.3089802082396176, 3.3089802082396176, 3.3089802082396176, 3.3089802082396176, 3.3089802082396176, 3.3089802082396176, 3.3089802082396176, 3.3089802082396176, 3.3089802082396176, 3.3089802082396176, 3.3089802082396176, 3.3089802082396176, 3.072579829733747, 3.072579829733747, 3.072579829733747, 3.072579829733747, 3.072579829733747, 3.030855566893756, 3.030855566893756, 3.030855566893756, 3.030855566893756, 3.030855566893756, 3.030855566893756, 3.030855566893756, 3.030855566893756, 3.030855566893756, 3.030855566893756, 3.030855566893756, 3.030855566893756, 3.030855566893756, 3.030855566893756, 3.030855566893756, 3.030855566893756, 3.030855566893756, 3.030855566893756, 3.030855566893756, 3.030855566893756, 3.030855566893756, 3.030855566893756, 3.030855566893756, 3.030855566893756, 3.030855566893756, 3.030855566893756, 3.030855566893756, 3.030855566893756, 3.030855566893756, 3.030855566893756, 3.030855566893756, 3.030855566893756, 3.030855566893756, 3.030855566893756, 3.030855566893756, 3.030855566893756, 3.030855566893756, 3.030855566893756, 3.030855566893756, 3.030855566893756, 3.030855566893756, 3.030855566893756, 3.030855566893756, 3.030855566893756, 3.030855566893756, 3.030855566893756, 3.030855566893756, 3.030855566893756, 3.030855566893756, 3.030855566893756, 3.030855566893756, 3.030855566893756, 3.030855566893756, 3.0160999233750454, 3.0160999233750454]","{""elitism_fraction"": 0.2, ""max_iterations"": 120, ""mutation_fraction"": 0.1, ""population_size"": 40}"
goldstein_price,Goldstein-Price,21,2158,ea,Algoritmo evolutivo,2,"[-2.0, 2.0]","[0.0, -1.0]","[-0.018459746026830537, -1.0127121354791906]",3.106823210382215,0.02241340250422461,120,4840,"[18.0734602612433, 18.0734602612433, 18.0734602612433, 18.0734602612433, 11.480374473579035, 7.588487634431846, 7.588487634431846, 7.588487634431846, 7.588487634431846, 5.212434103220673, 5.212434103220673, 5.212434103220673, 5.212434103220673, 5.212434103220673, 5.212434103220673, 5.212434103220673, 3.428861779127603, 3.428861779127603, 3.428861779127603, 3.428861779127603, 3.428861779127603, 3.428861779127603, 3.428861779127603, 3.428861779127603, 3.428861779127603, 3.428861779127603, 3.428861779127603, 3.428861779127603, 3.428861779127603, 3.428861779127603, 3.428861779127603, 3.428861779127603, 3.428861779127603, 3.428861779127603, 3.428861779127603, 3.428861779127603, 3.428861779127603, 3.428861779127603, 3.428861779127603, 3.428861779127603, 3.428861779127603, 3.428861779127603, 3.428861779127603, 3.428861779127603, 3.428861779127603, 3.428861779127603, 3.428861779127603, 3.428861779127603, 3.428861779127603, 3.428861779127603, 3.428861779127603, 3.428861779127603, 3.428861779127603, 3.428861779127603, 3.428861779127603, 3.428861779127603, 3.428861779127603, 3.428861779127603, 3.428861779127603, 3.428861779127603, 3.428861779127603, 3.428861779127603, 3.428861779127603, 3.428861779127603, 3.428861779127603, 3.428861779127603, 3.428861779127603, 3.428861779127603, 3.428861779127603, 3.428861779127603, 3.428861779127603, 3.428861779127603, 3.428861779127603, 3.428861779127603, 3.428861779127603, 3.428861779127603, 3.428861779127603, 3.428861779127603, 3.428861779127603, 3.428861779127603, 3.428861779127603, 3.428861779127603, 3.428861779127603, 3.428861779127603, 3.428861779127603, 3.428861779127603, 3.428861779127603, 3.428861779127603, 3.428861779127603, 3.428861779127603, 3.428861779127603, 3.428861779127603, 3.428861779127603, 3.428861779127603, 3.428861779127603, 3.428861779127603, 3.428861779127603, 3.428861779127603, 3.428861779127603, 3.428861779127603, 3.428861779127603, 3.428861779127603, 3.428861779127603, 3.428861779127603, 3.428861779127603, 3.106823210382215, 3.106823210382215, 3.106823210382215, 3.106823210382215, 3.106823210382215, 3.106823210382215, 3.106823210382215, 3.106823210382215, 3.106823210382215, 3.106823210382215, 3.106823210382215, 3.106823210382215, 3.106823210382215, 3.106823210382215, 3.106823210382215, 3.106823210382215]","{""elitism_fraction"": 0.2, ""max_iterations"": 120, ""mutation_fraction"": 0.1, ""population_size"": 40}"
goldstein_price,Goldstein-Price,22,2159,ea,Algoritmo evolutivo,2,"[-2.0, 2.0]","[0.0, -1.0]","[-0.0018548003922314038, -1.0089678349684412]",3.032426250886282,0.009157638806822367,120,4840,"[31.753079467508723, 31.753079467508723, 31.753079467508723, 31.753079467508723, 31.753079467508723, 31.753079467508723, 31.753079467508723, 31.753079467508723, 13.534742340092874, 13.534742340092874, 13.534742340092874, 13.534742340092874, 13.384575965313356, 13.384575965313356, 13.384575965313356, 13.384575965313356, 13.384575965313356, 13.384575965313356, 13.384575965313356, 13.25687630978328, 13.25687630978328, 13.25687630978328, 13.25687630978328, 13.25687630978328, 13.25687630978328, 9.52746947325975, 9.52746947325975, 9.52746947325975, 9.52746947325975, 9.52746947325975, 9.52746947325975, 3.1685928057347508, 3.1685928057347508, 3.032426250886282, 3.032426250886282, 3.032426250886282, 3.032426250886282, 3.032426250886282, 3.032426250886282, 3.032426250886282, 3.032426250886282, 3.032426250886282, 3.032426250886282, 3.032426250886282, 3.032426250886282, 3.032426250886282, 3.032426250886282, 3.032426250886282, 3.032426250886282, 3.032426250886282, 3.032426250886282, 3.032426250886282, 3.032426250886282, 3.032426250886282, 3.032426250886282, 3.032426250886282, 3.032426250886282, 3.032426250886282, 3.032426250886282, 3.032426250886282, 3.032426250886282, 3.032426250886282, 3.032426250886282, 3.032426250886282, 3.032426250886282, 3.032426250886282, 3.032426250886282, 3.032426250886282, 3.032426250886282, 3.032426250886282, 3.032426250886282, 3.032426250886282, 3.032426250886282, 3.032426250886282, 3.032426250886282, 3.032426250886282, 3.032426250886282, 3.032426250886282, 3.032426250886282, 3.032426250886282, 3.032426250886282, 3.032426250886282, 3.032426250886282, 3.032426250886282, 3.032426250886282, 3.032426250886282, 3.032426250886282, 3.032426250886282, 3.032426250886282, 3.032426250886282, 3.032426250886282, 3.032426250886282, 3.032426250886282, 3.032426250886282, 3.032426250886282, 3.032426250886282, 3.032426250886282, 3.032426250886282, 3.032426250886282, 3.032426250886282, 3.032426250886282, 3.032426250886282, 3.032426250886282, 3.032426250886282, 3.032426250886282, 3.032426250886282, 3.032426250886282, 3.032426250886282, 3.032426250886282, 3.032426250886282, 3.032426250886282, 3.032426250886282, 3.032426250886282, 3.032426250886282, 3.032426250886282, 3.032426250886282, 3.032426250886282, 3.032426250886282, 3.032426250886282, 3.032426250886282, 3.032426250886282]","{""elitism_fraction"": 0.2, ""max_iterations"": 120, ""mutation_fraction"": 0.1, ""population_size"": 40}"
goldstein_price,Goldstein-Price,23,2160,ea,Algoritmo evolutivo,2,"[-2.0, 2.0]","[0.0, -1.0]","[0.03782599373676643, -0.9798374031115418]",3.3608975645424013,0.042864158867990845,120,4840,"[33.831114555167716, 33.831114555167716, 31.215355337371093, 31.215355337371093, 31.215355337371093, 31.215355337371093, 31.215355337371093, 31.215355337371093, 31.215355337371093, 31.215355337371093, 31.215355337371093, 31.215355337371093, 30.651258751374495, 30.651258751374495, 30.651258751374495, 30.651258751374495, 30.651258751374495, 30.651258751374495, 30.651258751374495, 30.651258751374495, 30.651258751374495, 30.651258751374495, 30.651258751374495, 30.651258751374495, 30.651258751374495, 30.651258751374495, 30.651258751374495, 30.651258751374495, 30.651258751374495, 30.651258751374495, 30.651258751374495, 30.651258751374495, 30.651258751374495, 30.651258751374495, 18.959462021422105, 18.959462021422105, 14.228325415421121, 14.228325415421121, 14.228325415421121, 14.228325415421121, 13.639563153711677, 7.65080131677159, 7.65080131677159, 7.65080131677159, 7.65080131677159, 7.65080131677159, 7.65080131677159, 7.65080131677159, 5.530700023697033, 5.530700023697033, 5.530700023697033, 5.530700023697033, 5.530700023697033, 3.3608975645424013, 3.3608975645424013, 3.3608975645424013, 3.3608975645424013, 3.3608975645424013, 3.3608975645424013, 3.3608975645424013, 3.3608975645424013, 3.3608975645424013, 3.3608975645424013, 3.3608975645424013, 3.3608975645424013, 3.3608975645424013, 3.3608975645424013, 3.3608975645424013, 3.3608975645424013, 3.3608975645424013, 3.3608975645424013, 3.3608975645424013, 3.3608975645424013, 3.3608975645424013, 3.3608975645424013, 3.3608975645424013, 3.3608975645424013, 3.3608975645424013, 3.3608975645424013, 3.3608975645424013, 3.3608975645424013, 3.3608975645424013, 3.3608975645424013, 3.3608975645424013, 3.3608975645424013, 3.3608975645424013, 3.3608975645424013, 3.3608975645424013, 3.3608975645424013, 3.3608975645424013, 3.3608975645424013, 3.3608975645424013, 3.3608975645424013, 3.3608975645424013, 3.3608975645424013, 3.3608975645424013, 3.3608975645424013, 3.3608975645424013, 3.3608975645424013, 3.3608975645424013, 3.3608975645424013, 3.3608975645424013, 3.3608975645424013, 3.3608975645424013, 3.3608975645424013, 3.3608975645424013, 3.3608975645424013, 3.3608975645424013, 3.3608975645424013, 3.3608975645424013, 3.3608975645424013, 3.3608975645424013, 3.3608975645424013, 3.3608975645424013, 3.3608975645424013, 3.3608975645424013, 3.3608975645424013, 3.3608975645424013, 3.3608975645424013, 3.3608975645424013, 3.3608975645424013]","{""elitism_fraction"": 0.2, ""max_iterations"": 120, ""mutation_fraction"": 0.1, ""population_size"": 40}"
goldstein_price,Goldstein-Price,24,2161,ea,Algoritmo evolutivo,2,"[-2.0, 2.0]","[0.0, -1.0]","[0.007651746422020711, -0.9987760898013107]",3.0133821385016013,0.007749011516404037,120,4840,"[12.447033655065223, 12.447033655065223, 12.447033655065223, 12.447033655065223, 12.447033655065223, 12.447033655065223, 12.447033655065223, 5.612860042787959, 5.393241486600634, 5.393241486600634, 5.393241486600634, 5.393241486600634, 4.491699483248705, 4.491699483248705, 4.491699483248705, 4.491699483248705, 4.491699483248705, 4.491699483248705, 4.491699483248705, 4.491699483248705, 4.491699483248705, 4.491699483248705, 4.491699483248705, 4.491699483248705, 4.491699483248705, 4.273465022763449, 4.273465022763449, 4.273465022763449, 4.273465022763449, 3.1997067403174633, 3.1997067403174633, 3.1997067403174633, 3.1997067403174633, 3.0900842472770904, 3.0900842472770904, 3.0900842472770904, 3.0900842472770904, 3.0900842472770904, 3.0900842472770904, 3.0900842472770904, 3.0900842472770904, 3.0900842472770904, 3.0900842472770904, 3.0900842472770904, 3.0900842472770904, 3.0900842472770904, 3.0900842472770904, 3.0900842472770904, 3.0900842472770904, 3.0900842472770904, 3.0900842472770904, 3.0900842472770904, 3.0900842472770904, 3.0900842472770904, 3.0900842472770904, 3.0900842472770904, 3.0900842472770904, 3.0900842472770904, 3.0900842472770904, 3.0900842472770904, 3.0900842472770904, 3.0900842472770904, 3.0900842472770904, 3.0900842472770904, 3.0900842472770904, 3.0900842472770904, 3.0900842472770904, 3.0900842472770904, 3.0900842472770904, 3.0900842472770904, 3.0900842472770904, 3.0900842472770904, 3.0900842472770904, 3.0900842472770904, 3.0900842472770904, 3.0900842472770904, 3.0900842472770904, 3.0133821385016013, 3.0133821385016013, 3.0133821385016013, 3.0133821385016013, 3.0133821385016013, 3.0133821385016013, 3.0133821385016013, 3.0133821385016013, 3.0133821385016013, 3.0133821385016013, 3.0133821385016013, 3.0133821385016013, 3.0133821385016013, 3.0133821385016013, 3.0133821385016013, 3.0133821385016013, 3.0133821385016013, 3.0133821385016013, 3.0133821385016013, 3.0133821385016013, 3.0133821385016013, 3.0133821385016013, 3.0133821385016013, 3.0133821385016013, 3.0133821385016013, 3.0133821385016013, 3.0133821385016013, 3.0133821385016013, 3.0133821385016013, 3.0133821385016013, 3.0133821385016013, 3.0133821385016013, 3.0133821385016013, 3.0133821385016013, 3.0133821385016013, 3.0133821385016013, 3.0133821385016013, 3.0133821385016013, 3.0133821385016013, 3.0133821385016013, 3.0133821385016013, 3.0133821385016013, 3.0133821385016013, 3.0133821385016013]","{""elitism_fraction"": 0.2, ""max_iterations"": 120, ""mutation_fraction"": 0.1, ""population_size"": 40}"
goldstein_price,Goldstein-Price,25,2162,ea,Algoritmo evolutivo,2,"[-2.0, 2.0]","[0.0, -1.0]","[-0.005875506345991877, -1.009919647407358]",3.0390798093236904,0.011529136112827111,120,4840,"[8.121091672624372, 8.121091672624372, 8.121091672624372, 8.121091672624372, 8.121091672624372, 8.121091672624372, 7.782166067205783, 7.782166067205783, 6.801967698302551, 6.801967698302551, 4.619925402560575, 4.619925402560575, 4.619925402560575, 4.619925402560575, 4.619925402560575, 4.619925402560575, 4.619925402560575, 4.619925402560575, 4.619925402560575, 4.619925402560575, 4.619925402560575, 4.619925402560575, 4.619925402560575, 4.619925402560575, 4.619925402560575, 4.619925402560575, 4.619925402560575, 3.0670792165583407, 3.0670792165583407, 3.0670792165583407, 3.0670792165583407, 3.0670792165583407, 3.0670792165583407, 3.0670792165583407, 3.0670792165583407, 3.0670792165583407, 3.0670792165583407, 3.0670792165583407, 3.0670792165583407, 3.0670792165583407, 3.0670792165583407, 3.0670792165583407, 3.0670792165583407, 3.0670792165583407, 3.0670792165583407, 3.0670792165583407, 3.0670792165583407, 3.0670792165583407, 3.0670792165583407, 3.0670792165583407, 3.0670792165583407, 3.0390798093236904, 3.0390798093236904, 3.0390798093236904, 3.0390798093236904, 3.0390798093236904, 3.0390798093236904, 3.0390798093236904, 3.0390798093236904, 3.0390798093236904, 3.0390798093236904, 3.0390798093236904, 3.0390798093236904, 3.0390798093236904, 3.0390798093236904, 3.0390798093236904, 3.0390798093236904, 3.0390798093236904, 3.0390798093236904, 3.0390798093236904, 3.0390798093236904, 3.0390798093236904, 3.0390798093236904, 3.0390798093236904, 3.0390798093236904, 3.0390798093236904, 3.0390798093236904, 3.0390798093236904, 3.0390798093236904, 3.0390798093236904, 3.0390798093236904, 3.0390798093236904, 3.0390798093236904, 3.0390798093236904, 3.0390798093236904, 3.0390798093236904, 3.0390798093236904, 3.0390798093236904, 3.0390798093236904, 3.0390798093236904, 3.0390798093236904, 3.0390798093236904, 3.0390798093236904, 3.0390798093236904, 3.0390798093236904, 3.0390798093236904, 3.0390798093236904, 3.0390798093236904, 3.0390798093236904, 3.0390798093236904, 3.0390798093236904, 3.0390798093236904, 3.0390798093236904, 3.0390798093236904, 3.0390798093236904, 3.0390798093236904, 3.0390798093236904, 3.0390798093236904, 3.0390798093236904, 3.0390798093236904, 3.0390798093236904, 3.0390798093236904, 3.0390798093236904, 3.0390798093236904, 3.0390798093236904, 3.0390798093236904, 3.0390798093236904, 3.0390798093236904, 3.0390798093236904, 3.0390798093236904, 3.0390798093236904]","{""elitism_fraction"": 0.2, ""max_iterations"": 120, ""mutation_fraction"": 0.1, ""population_size"": 40}"
goldstein_price,Goldstein-Price,26,2163,ea,Algoritmo evolutivo,2,"[-2.0, 2.0]","[0.0, -1.0]","[0.03204085045958527, -0.9467301591141348]",4.139914856022903,0.06216343013524027,120,4840,"[21.926432956639317, 21.926432956639317, 21.926432956639317, 21.926432956639317, 21.926432956639317, 21.926432956639317, 21.926432956639317, 21.926432956639317, 21.926432956639317, 21.926432956639317, 21.926432956639317, 21.926432956639317, 18.399903966980716, 18.399903966980716, 18.399903966980716, 18.399903966980716, 18.399903966980716, 18.399903966980716, 18.399903966980716, 18.399903966980716, 18.399903966980716, 18.399903966980716, 18.399903966980716, 18.399903966980716, 18.399903966980716, 18.399903966980716, 18.399903966980716, 18.399903966980716, 18.399903966980716, 18.399903966980716, 18.399903966980716, 18.399903966980716, 18.399903966980716, 18.399903966980716, 18.399903966980716, 18.399903966980716, 18.399903966980716, 18.399903966980716, 18.399903966980716, 18.399903966980716, 18.399903966980716, 18.399903966980716, 18.399903966980716, 18.399903966980716, 18.399903966980716, 18.399903966980716, 18.399903966980716, 18.399903966980716, 18.399903966980716, 18.399903966980716, 18.399903966980716, 18.399903966980716, 18.399903966980716, 18.399903966980716, 18.399903966980716, 18.399903966980716, 18.399903966980716, 17.53749806566909, 17.53749806566909, 17.53749806566909, 17.53749806566909, 17.53749806566909, 17.53749806566909, 17.53749806566909, 17.53749806566909, 17.53749806566909, 17.53749806566909, 17.53749806566909, 17.53749806566909, 17.53749806566909, 17.53749806566909, 4.961035430687101, 4.961035430687101, 4.961035430687101, 4.961035430687101, 4.961035430687101, 4.961035430687101, 4.961035430687101, 4.961035430687101, 4.961035430687101, 4.961035430687101, 4.961035430687101, 4.961035430687101, 4.961035430687101, 4.139914856022903, 4.139914856022903, 4.139914856022903, 4.139914856022903, 4.139914856022903, 4.139914856022903, 4.139914856022903, 4.139914856022903, 4.139914856022903, 4.139914856022903, 4.139914856022903, 4.139914856022903, 4.139914856022903, 4.139914856022903, 4.139914856022903, 4.139914856022903, 4.139914856022903, 4.139914856022903, 4.139914856022903, 4.139914856022903, 4.139914856022903, 4.139914856022903, 4.139914856022903, 4.139914856022903, 4.139914856022903, 4.139914856022903, 4.139914856022903, 4.139914856022903, 4.139914856022903, 4.139914856022903, 4.139914856022903, 4.139914856022903, 4.139914856022903, 4.139914856022903, 4.139914856022903, 4.139914856022903, 4.139914856022903]","{""elitism_fraction"": 0.2, ""max_iterations"": 120, ""mutation_fraction"": 0.1, ""population_size"": 40}"
goldstein_price,Goldstein-Price,27,2164,ea,Algoritmo evolutivo,2,"[-2.0, 2.0]","[0.0, -1.0]","[0.041730797787426166, -0.9980478239380828]",3.4425541469863257,0.04177643444995965,120,4840,"[18.721771252382702, 18.721771252382702, 9.294614465750717, 9.294614465750717, 9.294614465750717, 9.294614465750717, 9.294614465750717, 9.294614465750717, 9.294614465750717, 9.294614465750717, 7.104097956519746, 7.104097956519746, 7.104097956519746, 7.104097956519746, 7.104097956519746, 7.104097956519746, 7.104097956519746, 7.104097956519746, 7.104097956519746, 7.104097956519746, 7.104097956519746, 7.104097956519746, 7.104097956519746, 7.104097956519746, 7.104097956519746, 7.104097956519746, 7.104097956519746, 7.104097956519746, 7.104097956519746, 7.104097956519746, 7.104097956519746, 7.104097956519746, 7.104097956519746, 7.104097956519746, 7.104097956519746, 7.104097956519746, 7.104097956519746, 7.104097956519746, 7.104097956519746, 7.104097956519746, 7.104097956519746, 7.104097956519746, 7.104097956519746, 7.104097956519746, 7.104097956519746, 7.104097956519746, 7.104097956519746, 7.104097956519746, 7.104097956519746, 7.104097956519746, 7.104097956519746, 7.104097956519746, 7.104097956519746, 7.104097956519746, 7.104097956519746, 7.104097956519746, 6.481165980888661, 6.481165980888661, 6.481165980888661, 6.481165980888661, 6.481165980888661, 6.095268869013129, 6.095268869013129, 6.095268869013129, 6.095268869013129, 6.095268869013129, 6.095268869013129, 6.095268869013129, 6.095268869013129, 6.095268869013129, 6.095268869013129, 6.095268869013129, 6.095268869013129, 6.095268869013129, 6.095268869013129, 6.095268869013129, 6.095268869013129, 6.095268869013129, 6.095268869013129, 6.095268869013129, 6.095268869013129, 6.095268869013129, 6.095268869013129, 6.095268869013129, 6.095268869013129, 6.095268869013129, 6.095268869013129, 6.095268869013129, 6.095268869013129, 6.095268869013129, 6.095268869013129, 3.7996402028140106, 3.7996402028140106, 3.7996402028140106, 3.7996402028140106, 3.7996402028140106, 3.4425541469863257, 3.4425541469863257, 3.4425541469863257, 3.4425541469863257, 3.4425541469863257, 3.4425541469863257, 3.4425541469863257, 3.4425541469863257, 3.4425541469863257, 3.4425541469863257, 3.4425541469863257, 3.4425541469863257, 3.4425541469863257, 3.4425541469863257, 3.4425541469863257, 3.4425541469863257, 3.4425541469863257, 3.4425541469863257, 3.4425541469863257, 3.4425541469863257, 3.4425541469863257, 3.4425541469863257, 3.4425541469863257, 3.4425541469863257, 3.4425541469863257]","{""elitism_fraction"": 0.2, ""max_iterations"": 120, ""mutation_fraction"": 0.1, ""population_size"": 40}"
goldstein_price,Goldstein-Price,28,2165,ea,Algoritmo evolutivo,2,"[-2.0, 2.0]","[0.0, -1.0]","[0.03521258917910952, -0.9562874168256696]",3.799380706232584,0.056131242320738725,120,4840,"[24.410650702687445, 24.410650702687445, 16.594756765561783, 16.594756765561783, 15.280971868117803, 15.280971868117803, 15.280971868117803, 15.280971868117803, 15.280971868117803, 15.280971868117803, 15.280971868117803, 15.280971868117803, 15.280971868117803, 15.280971868117803, 15.280971868117803, 15.280971868117803, 15.280971868117803, 15.280971868117803, 15.280971868117803, 15.280971868117803, 15.280971868117803, 15.280971868117803, 15.280971868117803, 15.280971868117803, 15.280971868117803, 15.280971868117803, 15.280971868117803, 15.280971868117803, 15.280971868117803, 12.126261559205915, 12.126261559205915, 12.126261559205915, 12.126261559205915, 12.126261559205915, 12.126261559205915, 5.136558907259874, 5.136558907259874, 5.136558907259874, 5.136558907259874, 5.136558907259874, 5.136558907259874, 5.136558907259874, 5.136558907259874, 5.136558907259874, 5.136558907259874, 5.136558907259874, 5.136558907259874, 5.136558907259874, 5.136558907259874, 5.136558907259874, 5.136558907259874, 5.136558907259874, 5.136558907259874, 4.761027717807388, 4.761027717807388, 4.059176314088652, 4.059176314088652, 4.059176314088652, 3.799380706232584, 3.799380706232584, 3.799380706232584, 3.799380706232584, 3.799380706232584, 3.799380706232584, 3.799380706232584, 3.799380706232584, 3.799380706232584, 3.799380706232584, 3.799380706232584, 3.799380706232584, 3.799380706232584, 3.799380706232584, 3.799380706232584, 3.799380706232584, 3.799380706232584, 3.799380706232584, 3.799380706232584, 3.799380706232584, 3.799380706232584, 3.799380706232584, 3.799380706232584, 3.799380706232584, 3.799380706232584, 3.799380706232584, 3.799380706232584, 3.799380706232584, 3.799380706232584, 3.799380706232584, 3.799380706232584, 3.799380706232584, 3.799380706232584, 3.799380706232584, 3.799380706232584, 3.799380706232584, 3.799380706232584, 3.799380706232584, 3.799380706232584, 3.799380706232584, 3.799380706232584, 3.799380706232584, 3.799380706232584, 3.799380706232584, 3.799380706232584, 3.799380706232584, 3.799380706232584, 3.799380706232584, 3.799380706232584, 3.799380706232584, 3.799380706232584, 3.799380706232584, 3.799380706232584, 3.799380706232584, 3.799380706232584, 3.799380706232584, 3.799380706232584, 3.799380706232584, 3.799380706232584, 3.799380706232584, 3.799380706232584, 3.799380706232584, 3.799380706232584]","{""elitism_fraction"": 0.2, ""max_iterations"": 120, ""mutation_fraction"": 0.1, ""population_size"": 40}"
goldstein_price,Goldstein-Price,29,2166,ea,Algoritmo evolutivo,2,"[-2.0, 2.0]","[0.0, -1.0]","[0.021904910531785227, -0.996134017058798]",3.109625697217222,0.022243446889076795,120,4840,"[18.147719820549558, 3.9296176976434216, 3.9296176976434216, 3.9296176976434216, 3.9296176976434216, 3.9296176976434216, 3.9296176976434216, 3.9296176976434216, 3.5926023559691367, 3.5926023559691367, 3.5926023559691367, 3.5926023559691367, 3.5926023559691367, 3.5926023559691367, 3.5926023559691367, 3.5926023559691367, 3.5926023559691367, 3.5926023559691367, 3.5926023559691367, 3.5926023559691367, 3.5926023559691367, 3.5926023559691367, 3.5926023559691367, 3.5926023559691367, 3.5926023559691367, 3.5926023559691367, 3.5926023559691367, 3.5926023559691367, 3.5926023559691367, 3.5926023559691367, 3.5926023559691367, 3.5926023559691367, 3.5926023559691367, 3.5926023559691367, 3.5926023559691367, 3.5926023559691367, 3.5926023559691367, 3.5926023559691367, 3.5926023559691367, 3.5926023559691367, 3.5926023559691367, 3.5926023559691367, 3.4511808166920606, 3.4511808166920606, 3.136161926471151, 3.136161926471151, 3.136161926471151, 3.136161926471151, 3.136161926471151, 3.109625697217222, 3.109625697217222, 3.109625697217222, 3.109625697217222, 3.109625697217222, 3.109625697217222, 3.109625697217222, 3.109625697217222, 3.109625697217222, 3.109625697217222, 3.109625697217222, 3.109625697217222, 3.109625697217222, 3.109625697217222, 3.109625697217222, 3.109625697217222, 3.109625697217222, 3.109625697217222, 3.109625697217222, 3.109625697217222, 3.109625697217222, 3.109625697217222, 3.109625697217222, 3.109625697217222, 3.109625697217222, 3.109625697217222, 3.109625697217222, 3.109625697217222, 3.109625697217222, 3.109625697217222, 3.109625697217222, 3.109625697217222, 3.109625697217222, 3.109625697217222, 3.109625697217222, 3.109625697217222, 3.109625697217222, 3.109625697217222, 3.109625697217222, 3.109625697217222, 3.109625697217222, 3.109625697217222, 3.109625697217222, 3.109625697217222, 3.109625697217222, 3.109625697217222, 3.109625697217222, 3.109625697217222, 3.109625697217222, 3.109625697217222, 3.109625697217222, 3.109625697217222, 3.109625697217222, 3.109625697217222, 3.109625697217222, 3.109625697217222, 3.109625697217222, 3.109625697217222, 3.109625697217222, 3.109625697217222, 3.109625697217222, 3.109625697217222, 3.109625697217222, 3.109625697217222, 3.109625697217222, 3.109625697217222, 3.109625697217222, 3.109625697217222, 3.109625697217222, 3.109625697217222, 3.109625697217222, 3.109625697217222]","{""elitism_fraction"": 0.2, ""max_iterations"": 120, ""mutation_fraction"": 0.1, ""population_size"": 40}"
goldstein_price,Goldstein-Price,30,2158,ea,Algoritmo evolutivo,2,"[-2.0, 2.0]","[0.0, -1.0]","[-0.018459746026830537, -1.0127121354791906]",3.106823210382215,0.02241340250422461,120,4840,"[18.0734602612433, 18.0734602612433, 18.0734602612433, 18.0734602612433, 11.480374473579035, 7.588487634431846, 7.588487634431846, 7.588487634431846, 7.588487634431846, 5.212434103220673, 5.212434103220673, 5.212434103220673, 5.212434103220673, 5.212434103220673, 5.212434103220673, 5.212434103220673, 3.428861779127603, 3.428861779127603, 3.428861779127603, 3.428861779127603, 3.428861779127603, 3.428861779127603, 3.428861779127603, 3.428861779127603, 3.428861779127603, 3.428861779127603, 3.428861779127603, 3.428861779127603, 3.428861779127603, 3.428861779127603, 3.428861779127603, 3.428861779127603, 3.428861779127603, 3.428861779127603, 3.428861779127603, 3.428861779127603, 3.428861779127603, 3.428861779127603, 3.428861779127603, 3.428861779127603, 3.428861779127603, 3.428861779127603, 3.428861779127603, 3.428861779127603, 3.428861779127603, 3.428861779127603, 3.428861779127603, 3.428861779127603, 3.428861779127603, 3.428861779127603, 3.428861779127603, 3.428861779127603, 3.428861779127603, 3.428861779127603, 3.428861779127603, 3.428861779127603, 3.428861779127603, 3.428861779127603, 3.428861779127603, 3.428861779127603, 3.428861779127603, 3.428861779127603, 3.428861779127603, 3.428861779127603, 3.428861779127603, 3.428861779127603, 3.428861779127603, 3.428861779127603, 3.428861779127603, 3.428861779127603, 3.428861779127603, 3.428861779127603, 3.428861779127603, 3.428861779127603, 3.428861779127603, 3.428861779127603, 3.428861779127603, 3.428861779127603, 3.428861779127603, 3.428861779127603, 3.428861779127603, 3.428861779127603, 3.428861779127603, 3.428861779127603, 3.428861779127603, 3.428861779127603, 3.428861779127603, 3.428861779127603, 3.428861779127603, 3.428861779127603, 3.428861779127603, 3.428861779127603, 3.428861779127603, 3.428861779127603, 3.428861779127603, 3.428861779127603, 3.428861779127603, 3.428861779127603, 3.428861779127603, 3.428861779127603, 3.428861779127603, 3.428861779127603, 3.428861779127603, 3.428861779127603, 3.428861779127603, 3.106823210382215, 3.106823210382215, 3.106823210382215, 3.106823210382215, 3.106823210382215, 3.106823210382215, 3.106823210382215, 3.106823210382215, 3.106823210382215, 3.106823210382215, 3.106823210382215, 3.106823210382215, 3.106823210382215, 3.106823210382215, 3.106823210382215, 3.106823210382215]","{""elitism_fraction"": 0.2, ""max_iterations"": 120, ""mutation_fraction"": 0.1, ""population_size"": 40}"
goldstein_price,Goldstein-Price,31,2159,ea,Algoritmo evolutivo,2,"[-2.0, 2.0]","[0.0, -1.0]","[-0.0018548003922314038, -1.0089678349684412]",3.032426250886282,0.009157638806822367,120,4840,"[31.753079467508723, 31.753079467508723, 31.753079467508723, 31.753079467508723, 31.753079467508723, 31.753079467508723, 31.753079467508723, 31.753079467508723, 13.534742340092874, 13.534742340092874, 13.534742340092874, 13.534742340092874, 13.384575965313356, 13.384575965313356, 13.384575965313356, 13.384575965313356, 13.384575965313356, 13.384575965313356, 13.384575965313356, 13.25687630978328, 13.25687630978328, 13.25687630978328, 13.25687630978328, 13.25687630978328, 13.25687630978328, 9.52746947325975, 9.52746947325975, 9.52746947325975, 9.52746947325975, 9.52746947325975, 9.52746947325975, 3.1685928057347508, 3.1685928057347508, 3.032426250886282, 3.032426250886282, 3.032426250886282, 3.032426250886282, 3.032426250886282, 3.032426250886282, 3.032426250886282, 3.032426250886282, 3.032426250886282, 3.032426250886282, 3.032426250886282, 3.032426250886282, 3.032426250886282, 3.032426250886282, 3.032426250886282, 3.032426250886282, 3.032426250886282, 3.032426250886282, 3.032426250886282, 3.032426250886282, 3.032426250886282, 3.032426250886282, 3.032426250886282, 3.032426250886282, 3.032426250886282, 3.032426250886282, 3.032426250886282, 3.032426250886282, 3.032426250886282, 3.032426250886282, 3.032426250886282, 3.032426250886282, 3.032426250886282, 3.032426250886282, 3.032426250886282, 3.032426250886282, 3.032426250886282, 3.032426250886282, 3.032426250886282, 3.032426250886282, 3.032426250886282, 3.032426250886282, 3.032426250886282, 3.032426250886282, 3.032426250886282, 3.032426250886282, 3.032426250886282, 3.032426250886282, 3.032426250886282, 3.032426250886282, 3.032426250886282, 3.032426250886282, 3.032426250886282, 3.032426250886282, 3.032426250886282, 3.032426250886282, 3.032426250886282, 3.032426250886282, 3.032426250886282, 3.032426250886282, 3.032426250886282, 3.032426250886282, 3.032426250886282, 3.032426250886282, 3.032426250886282, 3.032426250886282, 3.032426250886282, 3.032426250886282, 3.032426250886282, 3.032426250886282, 3.032426250886282, 3.032426250886282, 3.032426250886282, 3.032426250886282, 3.032426250886282, 3.032426250886282, 3.032426250886282, 3.032426250886282, 3.032426250886282, 3.032426250886282, 3.032426250886282, 3.032426250886282, 3.032426250886282, 3.032426250886282, 3.032426250886282, 3.032426250886282, 3.032426250886282, 3.032426250886282]","{""elitism_fraction"": 0.2, ""max_iterations"": 120, ""mutation_fraction"": 0.1, ""population_size"": 40}"
goldstein_price,Goldstein-Price,32,2160,ea,Algoritmo evolutivo,2,"[-2.0, 2.0]","[0.0, -1.0]","[0.03782599373676643, -0.9798374031115418]",3.3608975645424013,0.042864158867990845,120,4840,"[33.831114555167716, 33.831114555167716, 31.215355337371093, 31.215355337371093, 31.215355337371093, 31.215355337371093, 31.215355337371093, 31.215355337371093, 31.215355337371093, 31.215355337371093, 31.215355337371093, 31.215355337371093, 30.651258751374495, 30.651258751374495, 30.651258751374495, 30.651258751374495, 30.651258751374495, 30.651258751374495, 30.651258751374495, 30.651258751374495, 30.651258751374495, 30.651258751374495, 30.651258751374495, 30.651258751374495, 30.651258751374495, 30.651258751374495, 30.651258751374495, 30.651258751374495, 30.651258751374495, 30.651258751374495, 30.651258751374495, 30.651258751374495, 30.651258751374495, 30.651258751374495, 18.959462021422105, 18.959462021422105, 14.228325415421121, 14.228325415421121, 14.228325415421121, 14.228325415421121, 13.639563153711677, 7.65080131677159, 7.65080131677159, 7.65080131677159, 7.65080131677159, 7.65080131677159, 7.65080131677159, 7.65080131677159, 5.530700023697033, 5.530700023697033, 5.530700023697033, 5.530700023697033, 5.530700023697033, 3.3608975645424013, 3.3608975645424013, 3.3608975645424013, 3.3608975645424013, 3.3608975645424013, 3.3608975645424013, 3.3608975645424013, 3.3608975645424013, 3.3608975645424013, 3.3608975645424013, 3.3608975645424013, 3.3608975645424013, 3.3608975645424013, 3.3608975645424013, 3.3608975645424013, 3.3608975645424013, 3.3608975645424013, 3.3608975645424013, 3.3608975645424013, 3.3608975645424013, 3.3608975645424013, 3.3608975645424013, 3.3608975645424013, 3.3608975645424013, 3.3608975645424013, 3.3608975645424013, 3.3608975645424013, 3.3608975645424013, 3.3608975645424013, 3.3608975645424013, 3.3608975645424013, 3.3608975645424013, 3.3608975645424013, 3.3608975645424013, 3.3608975645424013, 3.3608975645424013, 3.3608975645424013, 3.3608975645424013, 3.3608975645424013, 3.3608975645424013, 3.3608975645424013, 3.3608975645424013, 3.3608975645424013, 3.3608975645424013, 3.3608975645424013, 3.3608975645424013, 3.3608975645424013, 3.3608975645424013, 3.3608975645424013, 3.3608975645424013, 3.3608975645424013, 3.3608975645424013, 3.3608975645424013, 3.3608975645424013, 3.3608975645424013, 3.3608975645424013, 3.3608975645424013, 3.3608975645424013, 3.3608975645424013, 3.3608975645424013, 3.3608975645424013, 3.3608975645424013, 3.3608975645424013, 3.3608975645424013, 3.3608975645424013, 3.3608975645424013, 3.3608975645424013, 3.3608975645424013]","{""elitism_fraction"": 0.2, ""max_iterations"": 120, ""mutation_fraction"": 0.1, ""population_size"": 40}"
goldstein_price,Goldstein-Price,33,2161,ea,Algoritmo evolutivo,2,"[-2.0, 2.0]","[0.0, -1.0]","[0.007651746422020711, -0.9987760898013107]",3.0133821385016013,0.007749011516404037,120,4840,"[12.447033655065223, 12.447033655065223, 12.447033655065223, 12.447033655065223, 12.447033655065223, 12.447033655065223, 12.447033655065223, 5.612860042787959, 5.393241486600634, 5.393241486600634, 5.393241486600634, 5.393241486600634, 4.491699483248705, 4.491699483248705, 4.491699483248705, 4.491699483248705, 4.491699483248705, 4.491699483248705, 4.491699483248705, 4.491699483248705, 4.491699483248705, 4.491699483248705, 4.491699483248705, 4.491699483248705, 4.491699483248705, 4.273465022763449, 4.273465022763449, 4.273465022763449, 4.273465022763449, 3.1997067403174633, 3.1997067403174633, 3.1997067403174633, 3.1997067403174633, 3.0900842472770904, 3.0900842472770904, 3.0900842472770904, 3.0900842472770904, 3.0900842472770904, 3.0900842472770904, 3.0900842472770904, 3.0900842472770904, 3.0900842472770904, 3.0900842472770904, 3.0900842472770904, 3.0900842472770904, 3.0900842472770904, 3.0900842472770904, 3.0900842472770904, 3.0900842472770904, 3.0900842472770904, 3.0900842472770904, 3.0900842472770904, 3.0900842472770904, 3.0900842472770904, 3.0900842472770904, 3.0900842472770904, 3.0900842472770904, 3.0900842472770904, 3.0900842472770904, 3.0900842472770904, 3.0900842472770904, 3.0900842472770904, 3.0900842472770904, 3.0900842472770904, 3.0900842472770904, 3.0900842472770904, 3.0900842472770904, 3.0900842472770904, 3.0900842472770904, 3.0900842472770904, 3.0900842472770904, 3.0900842472770904, 3.0900842472770904, 3.0900842472770904, 3.0900842472770904, 3.0900842472770904, 3.0900842472770904, 3.0133821385016013, 3.0133821385016013, 3.0133821385016013, 3.0133821385016013, 3.0133821385016013, 3.0133821385016013, 3.0133821385016013, 3.0133821385016013, 3.0133821385016013, 3.0133821385016013, 3.0133821385016013, 3.0133821385016013, 3.0133821385016013, 3.0133821385016013, 3.0133821385016013, 3.0133821385016013, 3.0133821385016013, 3.0133821385016013, 3.0133821385016013, 3.0133821385016013, 3.0133821385016013, 3.0133821385016013, 3.0133821385016013, 3.0133821385016013, 3.0133821385016013, 3.0133821385016013, 3.0133821385016013, 3.0133821385016013, 3.0133821385016013, 3.0133821385016013, 3.0133821385016013, 3.0133821385016013, 3.0133821385016013, 3.0133821385016013, 3.0133821385016013, 3.0133821385016013, 3.0133821385016013, 3.0133821385016013, 3.0133821385016013, 3.0133821385016013, 3.0133821385016013, 3.0133821385016013, 3.0133821385016013, 3.0133821385016013]","{""elitism_fraction"": 0.2, ""max_iterations"": 120, ""mutation_fraction"": 0.1, ""population_size"": 40}"
goldstein_price,Goldstein-Price,34,2162,ea,Algoritmo evolutivo,2,"[-2.0, 2.0]","[0.0, -1.0]","[-0.005875506345991877, -1.009919647407358]",3.0390798093236904,0.011529136112827111,120,4840,"[8.121091672624372, 8.121091672624372, 8.121091672624372, 8.121091672624372, 8.121091672624372, 8.121091672624372, 7.782166067205783, 7.782166067205783, 6.801967698302551, 6.801967698302551, 4.619925402560575, 4.619925402560575, 4.619925402560575, 4.619925402560575, 4.619925402560575, 4.619925402560575, 4.619925402560575, 4.619925402560575, 4.619925402560575, 4.619925402560575, 4.619925402560575, 4.619925402560575, 4.619925402560575, 4.619925402560575, 4.619925402560575, 4.619925402560575, 4.619925402560575, 3.0670792165583407, 3.0670792165583407, 3.0670792165583407, 3.0670792165583407, 3.0670792165583407, 3.0670792165583407, 3.0670792165583407, 3.0670792165583407, 3.0670792165583407, 3.0670792165583407, 3.0670792165583407, 3.0670792165583407, 3.0670792165583407, 3.0670792165583407, 3.0670792165583407, 3.0670792165583407, 3.0670792165583407, 3.0670792165583407, 3.0670792165583407, 3.0670792165583407, 3.0670792165583407, 3.0670792165583407, 3.0670792165583407, 3.0670792165583407, 3.0390798093236904, 3.0390798093236904, 3.0390798093236904, 3.0390798093236904, 3.0390798093236904, 3.0390798093236904, 3.0390798093236904, 3.0390798093236904, 3.0390798093236904, 3.0390798093236904, 3.0390798093236904, 3.0390798093236904, 3.0390798093236904, 3.0390798093236904, 3.0390798093236904, 3.0390798093236904, 3.0390798093236904, 3.0390798093236904, 3.0390798093236904, 3.0390798093236904, 3.0390798093236904, 3.0390798093236904, 3.0390798093236904, 3.0390798093236904, 3.0390798093236904, 3.0390798093236904, 3.0390798093236904, 3.0390798093236904, 3.0390798093236904, 3.0390798093236904, 3.0390798093236904, 3.0390798093236904, 3.0390798093236904, 3.0390798093236904, 3.0390798093236904, 3.0390798093236904, 3.0390798093236904, 3.0390798093236904, 3.0390798093236904, 3.0390798093236904, 3.0390798093236904, 3.0390798093236904, 3.0390798093236904, 3.0390798093236904, 3.0390798093236904, 3.0390798093236904, 3.0390798093236904, 3.0390798093236904, 3.0390798093236904, 3.0390798093236904, 3.0390798093236904, 3.0390798093236904, 3.0390798093236904, 3.0390798093236904, 3.0390798093236904, 3.0390798093236904, 3.0390798093236904, 3.0390798093236904, 3.0390798093236904, 3.0390798093236904, 3.0390798093236904, 3.0390798093236904, 3.0390798093236904, 3.0390798093236904, 3.0390798093236904, 3.0390798093236904, 3.0390798093236904, 3.0390798093236904, 3.0390798093236904, 3.0390798093236904]","{""elitism_fraction"": 0.2, ""max_iterations"": 120, ""mutation_fraction"": 0.1, ""population_size"": 40}"
goldstein_price,Goldstein-Price,35,2163,ea,Algoritmo evolutivo,2,"[-2.0, 2.0]","[0.0, -1.0]","[0.03204085045958527, -0.9467301591141348]",4.139914856022903,0.06216343013524027,120,4840,"[21.926432956639317, 21.926432956639317, 21.926432956639317, 21.926432956639317, 21.926432956639317, 21.926432956639317, 21.926432956639317, 21.926432956639317, 21.926432956639317, 21.926432956639317, 21.926432956639317, 21.926432956639317, 18.399903966980716, 18.399903966980716, 18.399903966980716, 18.399903966980716, 18.399903966980716, 18.399903966980716, 18.399903966980716, 18.399903966980716, 18.399903966980716, 18.399903966980716, 18.399903966980716, 18.399903966980716, 18.399903966980716, 18.399903966980716, 18.399903966980716, 18.399903966980716, 18.399903966980716, 18.399903966980716, 18.399903966980716, 18.399903966980716, 18.399903966980716, 18.399903966980716, 18.399903966980716, 18.399903966980716, 18.399903966980716, 18.399903966980716, 18.399903966980716, 18.399903966980716, 18.399903966980716, 18.399903966980716, 18.399903966980716, 18.399903966980716, 18.399903966980716, 18.399903966980716, 18.399903966980716, 18.399903966980716, 18.399903966980716, 18.399903966980716, 18.399903966980716, 18.399903966980716, 18.399903966980716, 18.399903966980716, 18.399903966980716, 18.399903966980716, 18.399903966980716, 17.53749806566909, 17.53749806566909, 17.53749806566909, 17.53749806566909, 17.53749806566909, 17.53749806566909, 17.53749806566909, 17.53749806566909, 17.53749806566909, 17.53749806566909, 17.53749806566909, 17.53749806566909, 17.53749806566909, 17.53749806566909, 4.961035430687101, 4.961035430687101, 4.961035430687101, 4.961035430687101, 4.961035430687101, 4.961035430687101, 4.961035430687101, 4.961035430687101, 4.961035430687101, 4.961035430687101, 4.961035430687101, 4.961035430687101, 4.961035430687101, 4.139914856022903, 4.139914856022903, 4.139914856022903, 4.139914856022903, 4.139914856022903, 4.139914856022903, 4.139914856022903, 4.139914856022903, 4.139914856022903, 4.139914856022903, 4.139914856022903, 4.139914856022903, 4.139914856022903, 4.139914856022903, 4.139914856022903, 4.139914856022903, 4.139914856022903, 4.139914856022903, 4.139914856022903, 4.139914856022903, 4.139914856022903, 4.139914856022903, 4.139914856022903, 4.139914856022903, 4.139914856022903, 4.139914856022903, 4.139914856022903, 4.139914856022903, 4.139914856022903, 4.139914856022903, 4.139914856022903, 4.139914856022903, 4.139914856022903, 4.139914856022903, 4.139914856022903, 4.139914856022903, 4.139914856022903]","{""elitism_fraction"": 0.2, ""max_iterations"": 120, ""mutation_fraction"": 0.1, ""population_size"": 40}"
goldstein_price,Goldstein-Price,36,2164,ea,Algoritmo evolutivo,2,"[-2.0, 2.0]","[0.0, -1.0]","[0.041730797787426166, -0.9980478239380828]",3.4425541469863257,0.04177643444995965,120,4840,"[18.721771252382702, 18.721771252382702, 9.294614465750717, 9.294614465750717, 9.294614465750717, 9.294614465750717, 9.294614465750717, 9.294614465750717, 9.294614465750717, 9.294614465750717, 7.104097956519746, 7.104097956519746, 7.104097956519746, 7.104097956519746, 7.104097956519746, 7.104097956519746, 7.104097956519746, 7.104097956519746, 7.104097956519746, 7.104097956519746, 7.104097956519746, 7.104097956519746, 7.104097956519746, 7.104097956519746, 7.104097956519746, 7.104097956519746, 7.104097956519746, 7.104097956519746, 7.104097956519746, 7.104097956519746, 7.104097956519746, 7.104097956519746, 7.104097956519746, 7.104097956519746, 7.104097956519746, 7.104097956519746, 7.104097956519746, 7.104097956519746, 7.104097956519746, 7.104097956519746, 7.104097956519746, 7.104097956519746, 7.104097956519746, 7.104097956519746, 7.104097956519746, 7.104097956519746, 7.104097956519746, 7.104097956519746, 7.104097956519746, 7.104097956519746, 7.104097956519746, 7.104097956519746, 7.104097956519746, 7.104097956519746, 7.104097956519746, 7.104097956519746, 6.481165980888661, 6.481165980888661, 6.481165980888661, 6.481165980888661, 6.481165980888661, 6.095268869013129, 6.095268869013129, 6.095268869013129, 6.095268869013129, 6.095268869013129, 6.095268869013129, 6.095268869013129, 6.095268869013129, 6.095268869013129, 6.095268869013129, 6.095268869013129, 6.095268869013129, 6.095268869013129, 6.095268869013129, 6.095268869013129, 6.095268869013129, 6.095268869013129, 6.095268869013129, 6.095268869013129, 6.095268869013129, 6.095268869013129, 6.095268869013129, 6.095268869013129, 6.095268869013129, 6.095268869013129, 6.095268869013129, 6.095268869013129, 6.095268869013129, 6.095268869013129, 6.095268869013129, 3.7996402028140106, 3.7996402028140106, 3.7996402028140106, 3.7996402028140106, 3.7996402028140106, 3.4425541469863257, 3.4425541469863257, 3.4425541469863257, 3.4425541469863257, 3.4425541469863257, 3.4425541469863257, 3.4425541469863257, 3.4425541469863257, 3.4425541469863257, 3.4425541469863257, 3.4425541469863257, 3.4425541469863257, 3.4425541469863257, 3.4425541469863257, 3.4425541469863257, 3.4425541469863257, 3.4425541469863257, 3.4425541469863257, 3.4425541469863257, 3.4425541469863257, 3.4425541469863257, 3.4425541469863257, 3.4425541469863257, 3.4425541469863257, 3.4425541469863257]","{""elitism_fraction"": 0.2, ""max_iterations"": 120, ""mutation_fraction"": 0.1, ""population_size"": 40}"
goldstein_price,Goldstein-Price,37,2165,ea,Algoritmo evolutivo,2,"[-2.0, 2.0]","[0.0, -1.0]","[0.03521258917910952, -0.9562874168256696]",3.799380706232584,0.056131242320738725,120,4840,"[24.410650702687445, 24.410650702687445, 16.594756765561783, 16.594756765561783, 15.280971868117803, 15.280971868117803, 15.280971868117803, 15.280971868117803, 15.280971868117803, 15.280971868117803, 15.280971868117803, 15.280971868117803, 15.280971868117803, 15.280971868117803, 15.280971868117803, 15.280971868117803, 15.280971868117803, 15.280971868117803, 15.280971868117803, 15.280971868117803, 15.280971868117803, 15.280971868117803, 15.280971868117803, 15.280971868117803, 15.280971868117803, 15.280971868117803, 15.280971868117803, 15.280971868117803, 15.280971868117803, 12.126261559205915, 12.126261559205915, 12.126261559205915, 12.126261559205915, 12.126261559205915, 12.126261559205915, 5.136558907259874, 5.136558907259874, 5.136558907259874, 5.136558907259874, 5.136558907259874, 5.136558907259874, 5.136558907259874, 5.136558907259874, 5.136558907259874, 5.136558907259874, 5.136558907259874, 5.136558907259874, 5.136558907259874, 5.136558907259874, 5.136558907259874, 5.136558907259874, 5.136558907259874, 5.136558907259874, 4.761027717807388, 4.761027717807388, 4.059176314088652, 4.059176314088652, 4.059176314088652, 3.799380706232584, 3.799380706232584, 3.799380706232584, 3.799380706232584, 3.799380706232584, 3.799380706232584, 3.799380706232584, 3.799380706232584, 3.799380706232584, 3.799380706232584, 3.799380706232584, 3.799380706232584, 3.799380706232584, 3.799380706232584, 3.799380706232584, 3.799380706232584, 3.799380706232584, 3.799380706232584, 3.799380706232584, 3.799380706232584, 3.799380706232584, 3.799380706232584, 3.799380706232584, 3.799380706232584, 3.799380706232584, 3.799380706232584, 3.799380706232584, 3.799380706232584, 3.799380706232584, 3.799380706232584, 3.799380706232584, 3.799380706232584, 3.799380706232584, 3.799380706232584, 3.799380706232584, 3.799380706232584, 3.799380706232584, 3.799380706232584, 3.799380706232584, 3.799380706232584, 3.799380706232584, 3.799380706232584, 3.799380706232584, 3.799380706232584, 3.799380706232584, 3.799380706232584, 3.799380706232584, 3.799380706232584, 3.799380706232584, 3.799380706232584, 3.799380706232584, 3.799380706232584, 3.799380706232584, 3.799380706232584, 3.799380706232584, 3.799380706232584, 3.799380706232584, 3.799380706232584, 3.799380706232584, 3.799380706232584, 3.799380706232584, 3.799380706232584, 3.799380706232584]","{""elitism_fraction"": 0.2, ""max_iterations"": 120, ""mutation_fraction"": 0.1, ""population_size"": 40}"
goldstein_price,Goldstein-Price,38,2166,ea,Algoritmo evolutivo,2,"[-2.0, 2.0]","[0.0, -1.0]","[0.021904910531785227, -0.996134017058798]",3.109625697217222,0.022243446889076795,120,4840,"[18.147719820549558, 3.9296176976434216, 3.9296176976434216, 3.9296176976434216, 3.9296176976434216, 3.9296176976434216, 3.9296176976434216, 3.9296176976434216, 3.5926023559691367, 3.5926023559691367, 3.5926023559691367, 3.5926023559691367, 3.5926023559691367, 3.5926023559691367, 3.5926023559691367, 3.5926023559691367, 3.5926023559691367, 3.5926023559691367, 3.5926023559691367, 3.5926023559691367, 3.5926023559691367, 3.5926023559691367, 3.5926023559691367, 3.5926023559691367, 3.5926023559691367, 3.5926023559691367, 3.5926023559691367, 3.5926023559691367, 3.5926023559691367, 3.5926023559691367, 3.5926023559691367, 3.5926023559691367, 3.5926023559691367, 3.5926023559691367, 3.5926023559691367, 3.5926023559691367, 3.5926023559691367, 3.5926023559691367, 3.5926023559691367, 3.5926023559691367, 3.5926023559691367, 3.5926023559691367, 3.4511808166920606, 3.4511808166920606, 3.136161926471151, 3.136161926471151, 3.136161926471151, 3.136161926471151, 3.136161926471151, 3.109625697217222, 3.109625697217222, 3.109625697217222, 3.109625697217222, 3.109625697217222, 3.109625697217222, 3.109625697217222, 3.109625697217222, 3.109625697217222, 3.109625697217222, 3.109625697217222, 3.109625697217222, 3.109625697217222, 3.109625697217222, 3.109625697217222, 3.109625697217222, 3.109625697217222, 3.109625697217222, 3.109625697217222, 3.109625697217222, 3.109625697217222, 3.109625697217222, 3.109625697217222, 3.109625697217222, 3.109625697217222, 3.109625697217222, 3.109625697217222, 3.109625697217222, 3.109625697217222, 3.109625697217222, 3.109625697217222, 3.109625697217222, 3.109625697217222, 3.109625697217222, 3.109625697217222, 3.109625697217222, 3.109625697217222, 3.109625697217222, 3.109625697217222, 3.109625697217222, 3.109625697217222, 3.109625697217222, 3.109625697217222, 3.109625697217222, 3.109625697217222, 3.109625697217222, 3.109625697217222, 3.109625697217222, 3.109625697217222, 3.109625697217222, 3.109625697217222, 3.109625697217222, 3.109625697217222, 3.109625697217222, 3.109625697217222, 3.109625697217222, 3.109625697217222, 3.109625697217222, 3.109625697217222, 3.109625697217222, 3.109625697217222, 3.109625697217222, 3.109625697217222, 3.109625697217222, 3.109625697217222, 3.109625697217222, 3.109625697217222, 3.109625697217222, 3.109625697217222, 3.109625697217222, 3.109625697217222, 3.109625697217222]","{""elitism_fraction"": 0.2, ""max_iterations"": 120, ""mutation_fraction"": 0.1, ""population_size"": 40}"
goldstein_price,Goldstein-Price,39,2167,ea,Algoritmo evolutivo,2,"[-2.0, 2.0]","[0.0, -1.0]","[-0.012247632096182848, -1.0011244349575814]",3.035431476800311,0.012299140048689556,120,4840,"[65.55470189038556, 64.95038772928577, 46.470456259896196, 46.470456259896196, 32.43207570425787, 14.451199644832641, 12.221936295550359, 12.221936295550359, 12.221936295550359, 12.221936295550359, 12.221936295550359, 10.738970182081943, 9.171607990734287, 8.369367019057654, 3.0472806187713712, 3.0472806187713712, 3.0472806187713712, 3.0472806187713712, 3.0472806187713712, 3.0472806187713712, 3.0472806187713712, 3.0472806187713712, 3.0472806187713712, 3.0472806187713712, 3.0472806187713712, 3.0472806187713712, 3.0472806187713712, 3.0472806187713712, 3.0472806187713712, 3.0472806187713712, 3.0472806187713712, 3.0472806187713712, 3.0472806187713712, 3.0472806187713712, 3.0472806187713712, 3.0472806187713712, 3.0472806187713712, 3.0472806187713712, 3.0472806187713712, 3.035431476800311, 3.035431476800311, 3.035431476800311, 3.035431476800311, 3.035431476800311, 3.035431476800311, 3.035431476800311, 3.035431476800311, 3.035431476800311, 3.035431476800311, 3.035431476800311, 3.035431476800311, 3.035431476800311, 3.035431476800311, 3.035431476800311, 3.035431476800311, 3.035431476800311, 3.035431476800311, 3.035431476800311, 3.035431476800311, 3.035431476800311, 3.035431476800311, 3.035431476800311, 3.035431476800311, 3.035431476800311, 3.035431476800311, 3.035431476800311, 3.035431476800311, 3.035431476800311, 3.035431476800311, 3.035431476800311, 3.035431476800311, 3.035431476800311, 3.035431476800311, 3.035431476800311, 3.035431476800311, 3.035431476800311, 3.035431476800311, 3.035431476800311, 3.035431476800311, 3.035431476800311, 3.035431476800311, 3.035431476800311, 3.035431476800311, 3.035431476800311, 3.035431476800311, 3.035431476800311, 3.035431476800311, 3.035431476800311, 3.035431476800311, 3.035431476800311, 3.035431476800311, 3.035431476800311, 3.035431476800311, 3.035431476800311, 3.035431476800311, 3.035431476800311, 3.035431476800311, 3.035431476800311, 3.035431476800311, 3.035431476800311, 3.035431476800311, 3.035431476800311, 3.035431476800311, 3.035431476800311, 3.035431476800311, 3.035431476800311, 3.035431476800311, 3.035431476800311, 3.035431476800311, 3.035431476800311, 3.035431476800311, 3.035431476800311, 3.035431476800311, 3.035431476800311, 3.035431476800311, 3.035431476800311, 3.035431476800311, 3.035431476800311, 3.035431476800311, 3.035431476800311, 3.035431476800311]","{""elitism_fraction"": 0.2, ""max_iterations"": 120, ""mutation_fraction"": 0.1, ""population_size"": 40}"
goldstein_price,Goldstein-Price,40,2159,ea,Algoritmo evolutivo,2,"[-2.0, 2.0]","[0.0, -1.0]","[-0.0018548003922314038, -1.0089678349684412]",3.032426250886282,0.009157638806822367,120,4840,"[31.753079467508723, 31.753079467508723, 31.753079467508723, 31.753079467508723, 31.753079467508723, 31.753079467508723, 31.753079467508723, 31.753079467508723, 13.534742340092874, 13.534742340092874, 13.534742340092874, 13.534742340092874, 13.384575965313356, 13.384575965313356, 13.384575965313356, 13.384575965313356, 13.384575965313356, 13.384575965313356, 13.384575965313356, 13.25687630978328, 13.25687630978328, 13.25687630978328, 13.25687630978328, 13.25687630978328, 13.25687630978328, 9.52746947325975, 9.52746947325975, 9.52746947325975, 9.52746947325975, 9.52746947325975, 9.52746947325975, 3.1685928057347508, 3.1685928057347508, 3.032426250886282, 3.032426250886282, 3.032426250886282, 3.032426250886282, 3.032426250886282, 3.032426250886282, 3.032426250886282, 3.032426250886282, 3.032426250886282, 3.032426250886282, 3.032426250886282, 3.032426250886282, 3.032426250886282, 3.032426250886282, 3.032426250886282, 3.032426250886282, 3.032426250886282, 3.032426250886282, 3.032426250886282, 3.032426250886282, 3.032426250886282, 3.032426250886282, 3.032426250886282, 3.032426250886282, 3.032426250886282, 3.032426250886282, 3.032426250886282, 3.032426250886282, 3.032426250886282, 3.032426250886282, 3.032426250886282, 3.032426250886282, 3.032426250886282, 3.032426250886282, 3.032426250886282, 3.032426250886282, 3.032426250886282, 3.032426250886282, 3.032426250886282, 3.032426250886282, 3.032426250886282, 3.032426250886282, 3.032426250886282, 3.032426250886282, 3.032426250886282, 3.032426250886282, 3.032426250886282, 3.032426250886282, 3.032426250886282, 3.032426250886282, 3.032426250886282, 3.032426250886282, 3.032426250886282, 3.032426250886282, 3.032426250886282, 3.032426250886282, 3.032426250886282, 3.032426250886282, 3.032426250886282, 3.032426250886282, 3.032426250886282, 3.032426250886282, 3.032426250886282, 3.032426250886282, 3.032426250886282, 3.032426250886282, 3.032426250886282, 3.032426250886282, 3.032426250886282, 3.032426250886282, 3.032426250886282, 3.032426250886282, 3.032426250886282, 3.032426250886282, 3.032426250886282, 3.032426250886282, 3.032426250886282, 3.032426250886282, 3.032426250886282, 3.032426250886282, 3.032426250886282, 3.032426250886282, 3.032426250886282, 3.032426250886282, 3.032426250886282, 3.032426250886282, 3.032426250886282, 3.032426250886282]","{""elitism_fraction"": 0.2, ""max_iterations"": 120, ""mutation_fraction"": 0.1, ""population_size"": 40}"
goldstein_price,Goldstein-Price,41,2160,ea,Algoritmo evolutivo,2,"[-2.0, 2.0]","[0.0, -1.0]","[0.03782599373676643, -0.9798374031115418]",3.3608975645424013,0.042864158867990845,120,4840,"[33.831114555167716, 33.831114555167716, 31.215355337371093, 31.215355337371093, 31.215355337371093, 31.215355337371093, 31.215355337371093, 31.215355337371093, 31.215355337371093, 31.215355337371093, 31.215355337371093, 31.215355337371093, 30.651258751374495, 30.651258751374495, 30.651258751374495, 30.651258751374495, 30.651258751374495, 30.651258751374495, 30.651258751374495, 30.651258751374495, 30.651258751374495, 30.651258751374495, 30.651258751374495, 30.651258751374495, 30.651258751374495, 30.651258751374495, 30.651258751374495, 30.651258751374495, 30.651258751374495, 30.651258751374495, 30.651258751374495, 30.651258751374495, 30.651258751374495, 30.651258751374495, 18.959462021422105, 18.959462021422105, 14.228325415421121, 14.228325415421121, 14.228325415421121, 14.228325415421121, 13.639563153711677, 7.65080131677159, 7.65080131677159, 7.65080131677159, 7.65080131677159, 7.65080131677159, 7.65080131677159, 7.65080131677159, 5.530700023697033, 5.530700023697033, 5.530700023697033, 5.530700023697033, 5.530700023697033, 3.3608975645424013, 3.3608975645424013, 3.3608975645424013, 3.3608975645424013, 3.3608975645424013, 3.3608975645424013, 3.3608975645424013, 3.3608975645424013, 3.3608975645424013, 3.3608975645424013, 3.3608975645424013, 3.3608975645424013, 3.3608975645424013, 3.3608975645424013, 3.3608975645424013, 3.3608975645424013, 3.3608975645424013, 3.3608975645424013, 3.3608975645424013, 3.3608975645424013, 3.3608975645424013, 3.3608975645424013, 3.3608975645424013, 3.3608975645424013, 3.3608975645424013, 3.3608975645424013, 3.3608975645424013, 3.3608975645424013, 3.3608975645424013, 3.3608975645424013, 3.3608975645424013, 3.3608975645424013, 3.3608975645424013, 3.3608975645424013, 3.3608975645424013, 3.3608975645424013, 3.3608975645424013, 3.3608975645424013, 3.3608975645424013, 3.3608975645424013, 3.3608975645424013, 3.3608975645424013, 3.3608975645424013, 3.3608975645424013, 3.3608975645424013, 3.3608975645424013, 3.3608975645424013, 3.3608975645424013, 3.3608975645424013, 3.3608975645424013, 3.3608975645424013, 3.3608975645424013, 3.3608975645424013, 3.3608975645424013, 3.3608975645424013, 3.3608975645424013, 3.3608975645424013, 3.3608975645424013, 3.3608975645424013, 3.3608975645424013, 3.3608975645424013, 3.3608975645424013, 3.3608975645424013, 3.3608975645424013, 3.3608975645424013, 3.3608975645424013, 3.3608975645424013, 3.3608975645424013]","{""elitism_fraction"": 0.2, ""max_iterations"": 120, ""mutation_fraction"": 0.1, ""population_size"": 40}"
goldstein_price,Goldstein-Price,42,2161,ea,Algoritmo evolutivo,2,"[-2.0, 2.0]","[0.0, -1.0]","[0.007651746422020711, -0.9987760898013107]",3.0133821385016013,0.007749011516404037,120,4840,"[12.447033655065223, 12.447033655065223, 12.447033655065223, 12.447033655065223, 12.447033655065223, 12.447033655065223, 12.447033655065223, 5.612860042787959, 5.393241486600634, 5.393241486600634, 5.393241486600634, 5.393241486600634, 4.491699483248705, 4.491699483248705, 4.491699483248705, 4.491699483248705, 4.491699483248705, 4.491699483248705, 4.491699483248705, 4.491699483248705, 4.491699483248705, 4.491699483248705, 4.491699483248705, 4.491699483248705, 4.491699483248705, 4.273465022763449, 4.273465022763449, 4.273465022763449, 4.273465022763449, 3.1997067403174633, 3.1997067403174633, 3.1997067403174633, 3.1997067403174633, 3.0900842472770904, 3.0900842472770904, 3.0900842472770904, 3.0900842472770904, 3.0900842472770904, 3.0900842472770904, 3.0900842472770904, 3.0900842472770904, 3.0900842472770904, 3.0900842472770904, 3.0900842472770904, 3.0900842472770904, 3.0900842472770904, 3.0900842472770904, 3.0900842472770904, 3.0900842472770904, 3.0900842472770904, 3.0900842472770904, 3.0900842472770904, 3.0900842472770904, 3.0900842472770904, 3.0900842472770904, 3.0900842472770904, 3.0900842472770904, 3.0900842472770904, 3.0900842472770904, 3.0900842472770904, 3.0900842472770904, 3.0900842472770904, 3.0900842472770904, 3.0900842472770904, 3.0900842472770904, 3.0900842472770904, 3.0900842472770904, 3.0900842472770904, 3.0900842472770904, 3.0900842472770904, 3.0900842472770904, 3.0900842472770904, 3.0900842472770904, 3.0900842472770904, 3.0900842472770904, 3.0900842472770904, 3.0900842472770904, 3.0133821385016013, 3.0133821385016013, 3.0133821385016013, 3.0133821385016013, 3.0133821385016013, 3.0133821385016013, 3.0133821385016013, 3.0133821385016013, 3.0133821385016013, 3.0133821385016013, 3.0133821385016013, 3.0133821385016013, 3.0133821385016013, 3.0133821385016013, 3.0133821385016013, 3.0133821385016013, 3.0133821385016013, 3.0133821385016013, 3.0133821385016013, 3.0133821385016013, 3.0133821385016013, 3.0133821385016013, 3.0133821385016013, 3.0133821385016013, 3.0133821385016013, 3.0133821385016013, 3.0133821385016013, 3.0133821385016013, 3.0133821385016013, 3.0133821385016013, 3.0133821385016013, 3.0133821385016013, 3.0133821385016013, 3.0133821385016013, 3.0133821385016013, 3.0133821385016013, 3.0133821385016013, 3.0133821385016013, 3.0133821385016013, 3.0133821385016013, 3.0133821385016013, 3.0133821385016013, 3.0133821385016013, 3.0133821385016013]","{""elitism_fraction"": 0.2, ""max_iterations"": 120, ""mutation_fraction"": 0.1, ""population_size"": 40}"
goldstein_price,Goldstein-Price,43,2162,ea,Algoritmo evolutivo,2,"[-2.0, 2.0]","[0.0, -1.0]","[-0.005875506345991877, -1.009919647407358]",3.0390798093236904,0.011529136112827111,120,4840,"[8.121091672624372, 8.121091672624372, 8.121091672624372, 8.121091672624372, 8.121091672624372, 8.121091672624372, 7.782166067205783, 7.782166067205783, 6.801967698302551, 6.801967698302551, 4.619925402560575, 4.619925402560575, 4.619925402560575, 4.619925402560575, 4.619925402560575, 4.619925402560575, 4.619925402560575, 4.619925402560575, 4.619925402560575, 4.619925402560575, 4.619925402560575, 4.619925402560575, 4.619925402560575, 4.619925402560575, 4.619925402560575, 4.619925402560575, 4.619925402560575, 3.0670792165583407, 3.0670792165583407, 3.0670792165583407, 3.0670792165583407, 3.0670792165583407, 3.0670792165583407, 3.0670792165583407, 3.0670792165583407, 3.0670792165583407, 3.0670792165583407, 3.0670792165583407, 3.0670792165583407, 3.0670792165583407, 3.0670792165583407, 3.0670792165583407, 3.0670792165583407, 3.0670792165583407, 3.0670792165583407, 3.0670792165583407, 3.0670792165583407, 3.0670792165583407, 3.0670792165583407, 3.0670792165583407, 3.0670792165583407, 3.0390798093236904, 3.0390798093236904, 3.0390798093236904, 3.0390798093236904, 3.0390798093236904, 3.0390798093236904, 3.0390798093236904, 3.0390798093236904, 3.0390798093236904, 3.0390798093236904, 3.0390798093236904, 3.0390798093236904, 3.0390798093236904, 3.0390798093236904, 3.0390798093236904, 3.0390798093236904, 3.0390798093236904, 3.0390798093236904, 3.0390798093236904, 3.0390798093236904, 3.0390798093236904, 3.0390798093236904, 3.0390798093236904, 3.0390798093236904, 3.0390798093236904, 3.0390798093236904, 3.0390798093236904, 3.0390798093236904, 3.0390798093236904, 3.0390798093236904, 3.0390798093236904, 3.0390798093236904, 3.0390798093236904, 3.0390798093236904, 3.0390798093236904, 3.0390798093236904, 3.0390798093236904, 3.0390798093236904, 3.0390798093236904, 3.0390798093236904, 3.0390798093236904, 3.0390798093236904, 3.0390798093236904, 3.0390798093236904, 3.0390798093236904, 3.0390798093236904, 3.0390798093236904, 3.0390798093236904, 3.0390798093236904, 3.0390798093236904, 3.0390798093236904, 3.0390798093236904, 3.0390798093236904, 3.0390798093236904, 3.0390798093236904, 3.0390798093236904, 3.0390798093236904, 3.0390798093236904, 3.0390798093236904, 3.0390798093236904, 3.0390798093236904, 3.0390798093236904, 3.0390798093236904, 3.0390798093236904, 3.0390798093236904, 3.0390798093236904, 3.0390798093236904, 3.0390798093236904, 3.0390798093236904, 3.0390798093236904]","{""elitism_fraction"": 0.2, ""max_iterations"": 120, ""mutation_fraction"": 0.1, ""population_size"": 40}"
goldstein_price,Goldstein-Price,44,2163,ea,Algoritmo evolutivo,2,"[-2.0, 2.0]","[0.0, -1.0]","[0.03204085045958527, -0.9467301591141348]",4.139914856022903,0.06216343013524027,120,4840,"[21.926432956639317, 21.926432956639317, 21.926432956639317, 21.926432956639317, 21.926432956639317, 21.926432956639317, 21.926432956639317, 21.926432956639317, 21.926432956639317, 21.926432956639317, 21.926432956639317, 21.926432956639317, 18.399903966980716, 18.399903966980716, 18.399903966980716, 18.399903966980716, 18.399903966980716, 18.399903966980716, 18.399903966980716, 18.399903966980716, 18.399903966980716, 18.399903966980716, 18.399903966980716, 18.399903966980716, 18.399903966980716, 18.399903966980716, 18.399903966980716, 18.399903966980716, 18.399903966980716, 18.399903966980716, 18.399903966980716, 18.399903966980716, 18.399903966980716, 18.399903966980716, 18.399903966980716, 18.399903966980716, 18.399903966980716, 18.399903966980716, 18.399903966980716, 18.399903966980716, 18.399903966980716, 18.399903966980716, 18.399903966980716, 18.399903966980716, 18.399903966980716, 18.399903966980716, 18.399903966980716, 18.399903966980716, 18.399903966980716, 18.399903966980716, 18.399903966980716, 18.399903966980716, 18.399903966980716, 18.399903966980716, 18.399903966980716, 18.399903966980716, 18.399903966980716, 17.53749806566909, 17.53749806566909, 17.53749806566909, 17.53749806566909, 17.53749806566909, 17.53749806566909, 17.53749806566909, 17.53749806566909, 17.53749806566909, 17.53749806566909, 17.53749806566909, 17.53749806566909, 17.53749806566909, 17.53749806566909, 4.961035430687101, 4.961035430687101, 4.961035430687101, 4.961035430687101, 4.961035430687101, 4.961035430687101, 4.961035430687101, 4.961035430687101, 4.961035430687101, 4.961035430687101, 4.961035430687101, 4.961035430687101, 4.961035430687101, 4.139914856022903, 4.139914856022903, 4.139914856022903, 4.139914856022903, 4.139914856022903, 4.139914856022903, 4.139914856022903, 4.139914856022903, 4.139914856022903, 4.139914856022903, 4.139914856022903, 4.139914856022903, 4.139914856022903, 4.139914856022903, 4.139914856022903, 4.139914856022903, 4.139914856022903, 4.139914856022903, 4.139914856022903, 4.139914856022903, 4.139914856022903, 4.139914856022903, 4.139914856022903, 4.139914856022903, 4.139914856022903, 4.139914856022903, 4.139914856022903, 4.139914856022903, 4.139914856022903, 4.139914856022903, 4.139914856022903, 4.139914856022903, 4.139914856022903, 4.139914856022903, 4.139914856022903, 4.139914856022903, 4.139914856022903]","{""elitism_fraction"": 0.2, ""max_iterations"": 120, ""mutation_fraction"": 0.1, ""population_size"": 40}"
goldstein_price,Goldstein-Price,45,2164,ea,Algoritmo evolutivo,2,"[-2.0, 2.0]","[0.0, -1.0]","[0.041730797787426166, -0.9980478239380828]",3.4425541469863257,0.04177643444995965,120,4840,"[18.721771252382702, 18.721771252382702, 9.294614465750717, 9.294614465750717, 9.294614465750717, 9.294614465750717, 9.294614465750717, 9.294614465750717, 9.294614465750717, 9.294614465750717, 7.104097956519746, 7.104097956519746, 7.104097956519746, 7.104097956519746, 7.104097956519746, 7.104097956519746, 7.104097956519746, 7.104097956519746, 7.104097956519746, 7.104097956519746, 7.104097956519746, 7.104097956519746, 7.104097956519746, 7.104097956519746, 7.104097956519746, 7.104097956519746, 7.104097956519746, 7.104097956519746, 7.104097956519746, 7.104097956519746, 7.104097956519746, 7.104097956519746, 7.104097956519746, 7.104097956519746, 7.104097956519746, 7.104097956519746, 7.104097956519746, 7.104097956519746, 7.104097956519746, 7.104097956519746, 7.104097956519746, 7.104097956519746, 7.104097956519746, 7.104097956519746, 7.104097956519746, 7.104097956519746, 7.104097956519746, 7.104097956519746, 7.104097956519746, 7.104097956519746, 7.104097956519746, 7.104097956519746, 7.104097956519746, 7.104097956519746, 7.104097956519746, 7.104097956519746, 6.481165980888661, 6.481165980888661, 6.481165980888661, 6.481165980888661, 6.481165980888661, 6.095268869013129, 6.095268869013129, 6.095268869013129, 6.095268869013129, 6.095268869013129, 6.095268869013129, 6.095268869013129, 6.095268869013129, 6.095268869013129, 6.095268869013129, 6.095268869013129, 6.095268869013129, 6.095268869013129, 6.095268869013129, 6.095268869013129, 6.095268869013129, 6.095268869013129, 6.095268869013129, 6.095268869013129, 6.095268869013129, 6.095268869013129, 6.095268869013129, 6.095268869013129, 6.095268869013129, 6.095268869013129, 6.095268869013129, 6.095268869013129, 6.095268869013129, 6.095268869013129, 6.095268869013129, 3.7996402028140106, 3.7996402028140106, 3.7996402028140106, 3.7996402028140106, 3.7996402028140106, 3.4425541469863257, 3.4425541469863257, 3.4425541469863257, 3.4425541469863257, 3.4425541469863257, 3.4425541469863257, 3.4425541469863257, 3.4425541469863257, 3.4425541469863257, 3.4425541469863257, 3.4425541469863257, 3.4425541469863257, 3.4425541469863257, 3.4425541469863257, 3.4425541469863257, 3.4425541469863257, 3.4425541469863257, 3.4425541469863257, 3.4425541469863257, 3.4425541469863257, 3.4425541469863257, 3.4425541469863257, 3.4425541469863257, 3.4425541469863257, 3.4425541469863257]","{""elitism_fraction"": 0.2, ""max_iterations"": 120, ""mutation_fraction"": 0.1, ""population_size"": 40}"
goldstein_price,Goldstein-Price,46,2165,ea,Algoritmo evolutivo,2,"[-2.0, 2.0]","[0.0, -1.0]","[0.03521258917910952, -0.9562874168256696]",3.799380706232584,0.056131242320738725,120,4840,"[24.410650702687445, 24.410650702687445, 16.594756765561783, 16.594756765561783, 15.280971868117803, 15.280971868117803, 15.280971868117803, 15.280971868117803, 15.280971868117803, 15.280971868117803, 15.280971868117803, 15.280971868117803, 15.280971868117803, 15.280971868117803, 15.280971868117803, 15.280971868117803, 15.280971868117803, 15.280971868117803, 15.280971868117803, 15.280971868117803, 15.280971868117803, 15.280971868117803, 15.280971868117803, 15.280971868117803, 15.280971868117803, 15.280971868117803, 15.280971868117803, 15.280971868117803, 15.280971868117803, 12.126261559205915, 12.126261559205915, 12.126261559205915, 12.126261559205915, 12.126261559205915, 12.126261559205915, 5.136558907259874, 5.136558907259874, 5.136558907259874, 5.136558907259874, 5.136558907259874, 5.136558907259874, 5.136558907259874, 5.136558907259874, 5.136558907259874, 5.136558907259874, 5.136558907259874, 5.136558907259874, 5.136558907259874, 5.136558907259874, 5.136558907259874, 5.136558907259874, 5.136558907259874, 5.136558907259874, 4.761027717807388, 4.761027717807388, 4.059176314088652, 4.059176314088652, 4.059176314088652, 3.799380706232584, 3.799380706232584, 3.799380706232584, 3.799380706232584, 3.799380706232584, 3.799380706232584, 3.799380706232584, 3.799380706232584, 3.799380706232584, 3.799380706232584, 3.799380706232584, 3.799380706232584, 3.799380706232584, 3.799380706232584, 3.799380706232584, 3.799380706232584, 3.799380706232584, 3.799380706232584, 3.799380706232584, 3.799380706232584, 3.799380706232584, 3.799380706232584, 3.799380706232584, 3.799380706232584, 3.799380706232584, 3.799380706232584, 3.799380706232584, 3.799380706232584, 3.799380706232584, 3.799380706232584, 3.799380706232584, 3.799380706232584, 3.799380706232584, 3.799380706232584, 3.799380706232584, 3.799380706232584, 3.799380706232584, 3.799380706232584, 3.799380706232584, 3.799380706232584, 3.799380706232584, 3.799380706232584, 3.799380706232584, 3.799380706232584, 3.799380706232584, 3.799380706232584, 3.799380706232584, 3.799380706232584, 3.799380706232584, 3.799380706232584, 3.799380706232584, 3.799380706232584, 3.799380706232584, 3.799380706232584, 3.799380706232584, 3.799380706232584, 3.799380706232584, 3.799380706232584, 3.799380706232584, 3.799380706232584, 3.799380706232584, 3.799380706232584, 3.799380706232584]","{""elitism_fraction"": 0.2, ""max_iterations"": 120, ""mutation_fraction"": 0.1, ""population_size"": 40}"
goldstein_price,Goldstein-Price,47,2166,ea,Algoritmo evolutivo,2,"[-2.0, 2.0]","[0.0, -1.0]","[0.021904910531785227, -0.996134017058798]",3.109625697217222,0.022243446889076795,120,4840,"[18.147719820549558, 3.9296176976434216, 3.9296176976434216, 3.9296176976434216, 3.9296176976434216, 3.9296176976434216, 3.9296176976434216, 3.9296176976434216, 3.5926023559691367, 3.5926023559691367, 3.5926023559691367, 3.5926023559691367, 3.5926023559691367, 3.5926023559691367, 3.5926023559691367, 3.5926023559691367, 3.5926023559691367, 3.5926023559691367, 3.5926023559691367, 3.5926023559691367, 3.5926023559691367, 3.5926023559691367, 3.5926023559691367, 3.5926023559691367, 3.5926023559691367, 3.5926023559691367, 3.5926023559691367, 3.5926023559691367, 3.5926023559691367, 3.5926023559691367, 3.5926023559691367, 3.5926023559691367, 3.5926023559691367, 3.5926023559691367, 3.5926023559691367, 3.5926023559691367, 3.5926023559691367, 3.5926023559691367, 3.5926023559691367, 3.5926023559691367, 3.5926023559691367, 3.5926023559691367, 3.4511808166920606, 3.4511808166920606, 3.136161926471151, 3.136161926471151, 3.136161926471151, 3.136161926471151, 3.136161926471151, 3.109625697217222, 3.109625697217222, 3.109625697217222, 3.109625697217222, 3.109625697217222, 3.109625697217222, 3.109625697217222, 3.109625697217222, 3.109625697217222, 3.109625697217222, 3.109625697217222, 3.109625697217222, 3.109625697217222, 3.109625697217222, 3.109625697217222, 3.109625697217222, 3.109625697217222, 3.109625697217222, 3.109625697217222, 3.109625697217222, 3.109625697217222, 3.109625697217222, 3.109625697217222, 3.109625697217222, 3.109625697217222, 3.109625697217222, 3.109625697217222, 3.109625697217222, 3.109625697217222, 3.109625697217222, 3.109625697217222, 3.109625697217222, 3.109625697217222, 3.109625697217222, 3.109625697217222, 3.109625697217222, 3.109625697217222, 3.109625697217222, 3.109625697217222, 3.109625697217222, 3.109625697217222, 3.109625697217222, 3.109625697217222, 3.109625697217222, 3.109625697217222, 3.109625697217222, 3.109625697217222, 3.109625697217222, 3.109625697217222, 3.109625697217222, 3.109625697217222, 3.109625697217222, 3.109625697217222, 3.109625697217222, 3.109625697217222, 3.109625697217222, 3.109625697217222, 3.109625697217222, 3.109625697217222, 3.109625697217222, 3.109625697217222, 3.109625697217222, 3.109625697217222, 3.109625697217222, 3.109625697217222, 3.109625697217222, 3.109625697217222, 3.109625697217222, 3.109625697217222, 3.109625697217222, 3.109625697217222, 3.109625697217222]","{""elitism_fraction"": 0.2, ""max_iterations"": 120, ""mutation_fraction"": 0.1, ""population_size"": 40}"
goldstein_price,Goldstein-Price,48,2167,ea,Algoritmo evolutivo,2,"[-2.0, 2.0]","[0.0, -1.0]","[-0.012247632096182848, -1.0011244349575814]",3.035431476800311,0.012299140048689556,120,4840,"[65.55470189038556, 64.95038772928577, 46.470456259896196, 46.470456259896196, 32.43207570425787, 14.451199644832641, 12.221936295550359, 12.221936295550359, 12.221936295550359, 12.221936295550359, 12.221936295550359, 10.738970182081943, 9.171607990734287, 8.369367019057654, 3.0472806187713712, 3.0472806187713712, 3.0472806187713712, 3.0472806187713712, 3.0472806187713712, 3.0472806187713712, 3.0472806187713712, 3.0472806187713712, 3.0472806187713712, 3.0472806187713712, 3.0472806187713712, 3.0472806187713712, 3.0472806187713712, 3.0472806187713712, 3.0472806187713712, 3.0472806187713712, 3.0472806187713712, 3.0472806187713712, 3.0472806187713712, 3.0472806187713712, 3.0472806187713712, 3.0472806187713712, 3.0472806187713712, 3.0472806187713712, 3.0472806187713712, 3.035431476800311, 3.035431476800311, 3.035431476800311, 3.035431476800311, 3.035431476800311, 3.035431476800311, 3.035431476800311, 3.035431476800311, 3.035431476800311, 3.035431476800311, 3.035431476800311, 3.035431476800311, 3.035431476800311, 3.035431476800311, 3.035431476800311, 3.035431476800311, 3.035431476800311, 3.035431476800311, 3.035431476800311, 3.035431476800311, 3.035431476800311, 3.035431476800311, 3.035431476800311, 3.035431476800311, 3.035431476800311, 3.035431476800311, 3.035431476800311, 3.035431476800311, 3.035431476800311, 3.035431476800311, 3.035431476800311, 3.035431476800311, 3.035431476800311, 3.035431476800311, 3.035431476800311, 3.035431476800311, 3.035431476800311, 3.035431476800311, 3.035431476800311, 3.035431476800311, 3.035431476800311, 3.035431476800311, 3.035431476800311, 3.035431476800311, 3.035431476800311, 3.035431476800311, 3.035431476800311, 3.035431476800311, 3.035431476800311, 3.035431476800311, 3.035431476800311, 3.035431476800311, 3.035431476800311, 3.035431476800311, 3.035431476800311, 3.035431476800311, 3.035431476800311, 3.035431476800311, 3.035431476800311, 3.035431476800311, 3.035431476800311, 3.035431476800311, 3.035431476800311, 3.035431476800311, 3.035431476800311, 3.035431476800311, 3.035431476800311, 3.035431476800311, 3.035431476800311, 3.035431476800311, 3.035431476800311, 3.035431476800311, 3.035431476800311, 3.035431476800311, 3.035431476800311, 3.035431476800311, 3.035431476800311, 3.035431476800311, 3.035431476800311, 3.035431476800311, 3.035431476800311, 3.035431476800311]","{""elitism_fraction"": 0.2, ""max_iterations"": 120, ""mutation_fraction"": 0.1, ""population_size"": 40}"
goldstein_price,Goldstein-Price,49,2168,ea,Algoritmo evolutivo,2,"[-2.0, 2.0]","[0.0, -1.0]","[0.00818883430984485, -0.9724713617253928]",3.2939664134547932,0.02872077527867691,120,4840,"[3.914842868755716, 3.914842868755716, 3.914842868755716, 3.914842868755716, 3.914842868755716, 3.914842868755716, 3.914842868755716, 3.914842868755716, 3.914842868755716, 3.914842868755716, 3.914842868755716, 3.914842868755716, 3.914842868755716, 3.914842868755716, 3.914842868755716, 3.914842868755716, 3.914842868755716, 3.914842868755716, 3.914842868755716, 3.914842868755716, 3.914842868755716, 3.914842868755716, 3.914842868755716, 3.914842868755716, 3.914842868755716, 3.914842868755716, 3.914842868755716, 3.914842868755716, 3.914842868755716, 3.914842868755716, 3.914842868755716, 3.914842868755716, 3.914842868755716, 3.914842868755716, 3.914842868755716, 3.914842868755716, 3.914842868755716, 3.914842868755716, 3.914842868755716, 3.914842868755716, 3.914842868755716, 3.914842868755716, 3.914842868755716, 3.914842868755716, 3.914842868755716, 3.914842868755716, 3.914842868755716, 3.914842868755716, 3.914842868755716, 3.914842868755716, 3.914842868755716, 3.914842868755716, 3.914842868755716, 3.914842868755716, 3.914842868755716, 3.914842868755716, 3.914842868755716, 3.914842868755716, 3.914842868755716, 3.914842868755716, 3.914842868755716, 3.914842868755716, 3.914842868755716, 3.914842868755716, 3.914842868755716, 3.914842868755716, 3.914842868755716, 3.914842868755716, 3.914842868755716, 3.914842868755716, 3.914842868755716, 3.914842868755716, 3.914842868755716, 3.914842868755716, 3.914842868755716, 3.914842868755716, 3.914842868755716, 3.914842868755716, 3.914842868755716, 3.914842868755716, 3.914842868755716, 3.914842868755716, 3.914842868755716, 3.914842868755716, 3.914842868755716, 3.914842868755716, 3.914842868755716, 3.914842868755716, 3.914842868755716, 3.914842868755716, 3.8404348503575876, 3.8404348503575876, 3.8404348503575876, 3.8404348503575876, 3.8404348503575876, 3.8404348503575876, 3.8404348503575876, 3.8404348503575876, 3.8404348503575876, 3.8404348503575876, 3.8404348503575876, 3.8404348503575876, 3.8404348503575876, 3.8404348503575876, 3.8404348503575876, 3.8404348503575876, 3.8404348503575876, 3.8404348503575876, 3.8404348503575876, 3.8404348503575876, 3.8404348503575876, 3.8404348503575876, 3.2939664134547932, 3.2939664134547932, 3.2939664134547932, 3.2939664134547932, 3.2939664134547932, 3.2939664134547932, 3.2939664134547932, 3.2939664134547932, 3.2939664134547932]","{""elitism_fraction"": 0.2, ""max_iterations"": 120, ""mutation_fraction"": 0.1, ""population_size"": 40}"
goldstein_price,Goldstein-Price,50,2160,ea,Algoritmo evolutivo,2,"[-2.0, 2.0]","[0.0, -1.0]","[0.03782599373676643, -0.9798374031115418]",3.3608975645424013,0.042864158867990845,120,4840,"[33.831114555167716, 33.831114555167716, 31.215355337371093, 31.215355337371093, 31.215355337371093, 31.215355337371093, 31.215355337371093, 31.215355337371093, 31.215355337371093, 31.215355337371093, 31.215355337371093, 31.215355337371093, 30.651258751374495, 30.651258751374495, 30.651258751374495, 30.651258751374495, 30.651258751374495, 30.651258751374495, 30.651258751374495, 30.651258751374495, 30.651258751374495, 30.651258751374495, 30.651258751374495, 30.651258751374495, 30.651258751374495, 30.651258751374495, 30.651258751374495, 30.651258751374495, 30.651258751374495, 30.651258751374495, 30.651258751374495, 30.651258751374495, 30.651258751374495, 30.651258751374495, 18.959462021422105, 18.959462021422105, 14.228325415421121, 14.228325415421121, 14.228325415421121, 14.228325415421121, 13.639563153711677, 7.65080131677159, 7.65080131677159, 7.65080131677159, 7.65080131677159, 7.65080131677159, 7.65080131677159, 7.65080131677159, 5.530700023697033, 5.530700023697033, 5.530700023697033, 5.530700023697033, 5.530700023697033, 3.3608975645424013, 3.3608975645424013, 3.3608975645424013, 3.3608975645424013, 3.3608975645424013, 3.3608975645424013, 3.3608975645424013, 3.3608975645424013, 3.3608975645424013, 3.3608975645424013, 3.3608975645424013, 3.3608975645424013, 3.3608975645424013, 3.3608975645424013, 3.3608975645424013, 3.3608975645424013, 3.3608975645424013, 3.3608975645424013, 3.3608975645424013, 3.3608975645424013, 3.3608975645424013, 3.3608975645424013, 3.3608975645424013, 3.3608975645424013, 3.3608975645424013, 3.3608975645424013, 3.3608975645424013, 3.3608975645424013, 3.3608975645424013, 3.3608975645424013, 3.3608975645424013, 3.3608975645424013, 3.3608975645424013, 3.3608975645424013, 3.3608975645424013, 3.3608975645424013, 3.3608975645424013, 3.3608975645424013, 3.3608975645424013, 3.3608975645424013, 3.3608975645424013, 3.3608975645424013, 3.3608975645424013, 3.3608975645424013, 3.3608975645424013, 3.3608975645424013, 3.3608975645424013, 3.3608975645424013, 3.3608975645424013, 3.3608975645424013, 3.3608975645424013, 3.3608975645424013, 3.3608975645424013, 3.3608975645424013, 3.3608975645424013, 3.3608975645424013, 3.3608975645424013, 3.3608975645424013, 3.3608975645424013, 3.3608975645424013, 3.3608975645424013, 3.3608975645424013, 3.3608975645424013, 3.3608975645424013, 3.3608975645424013, 3.3608975645424013, 3.3608975645424013, 3.3608975645424013]","{""elitism_fraction"": 0.2, ""max_iterations"": 120, ""mutation_fraction"": 0.1, ""population_size"": 40}"
goldstein_price,Goldstein-Price,51,2161,ea,Algoritmo evolutivo,2,"[-2.0, 2.0]","[0.0, -1.0]","[0.007651746422020711, -0.9987760898013107]",3.0133821385016013,0.007749011516404037,120,4840,"[12.447033655065223, 12.447033655065223, 12.447033655065223, 12.447033655065223, 12.447033655065223, 12.447033655065223, 12.447033655065223, 5.612860042787959, 5.393241486600634, 5.393241486600634, 5.393241486600634, 5.393241486600634, 4.491699483248705, 4.491699483248705, 4.491699483248705, 4.491699483248705, 4.491699483248705, 4.491699483248705, 4.491699483248705, 4.491699483248705, 4.491699483248705, 4.491699483248705, 4.491699483248705, 4.491699483248705, 4.491699483248705, 4.273465022763449, 4.273465022763449, 4.273465022763449, 4.273465022763449, 3.1997067403174633, 3.1997067403174633, 3.1997067403174633, 3.1997067403174633, 3.0900842472770904, 3.0900842472770904, 3.0900842472770904, 3.0900842472770904, 3.0900842472770904, 3.0900842472770904, 3.0900842472770904, 3.0900842472770904, 3.0900842472770904, 3.0900842472770904, 3.0900842472770904, 3.0900842472770904, 3.0900842472770904, 3.0900842472770904, 3.0900842472770904, 3.0900842472770904, 3.0900842472770904, 3.0900842472770904, 3.0900842472770904, 3.0900842472770904, 3.0900842472770904, 3.0900842472770904, 3.0900842472770904, 3.0900842472770904, 3.0900842472770904, 3.0900842472770904, 3.0900842472770904, 3.0900842472770904, 3.0900842472770904, 3.0900842472770904, 3.0900842472770904, 3.0900842472770904, 3.0900842472770904, 3.0900842472770904, 3.0900842472770904, 3.0900842472770904, 3.0900842472770904, 3.0900842472770904, 3.0900842472770904, 3.0900842472770904, 3.0900842472770904, 3.0900842472770904, 3.0900842472770904, 3.0900842472770904, 3.0133821385016013, 3.0133821385016013, 3.0133821385016013, 3.0133821385016013, 3.0133821385016013, 3.0133821385016013, 3.0133821385016013, 3.0133821385016013, 3.0133821385016013, 3.0133821385016013, 3.0133821385016013, 3.0133821385016013, 3.0133821385016013, 3.0133821385016013, 3.0133821385016013, 3.0133821385016013, 3.0133821385016013, 3.0133821385016013, 3.0133821385016013, 3.0133821385016013, 3.0133821385016013, 3.0133821385016013, 3.0133821385016013, 3.0133821385016013, 3.0133821385016013, 3.0133821385016013, 3.0133821385016013, 3.0133821385016013, 3.0133821385016013, 3.0133821385016013, 3.0133821385016013, 3.0133821385016013, 3.0133821385016013, 3.0133821385016013, 3.0133821385016013, 3.0133821385016013, 3.0133821385016013, 3.0133821385016013, 3.0133821385016013, 3.0133821385016013, 3.0133821385016013, 3.0133821385016013, 3.0133821385016013, 3.0133821385016013]","{""elitism_fraction"": 0.2, ""max_iterations"": 120, ""mutation_fraction"": 0.1, ""population_size"": 40}"
goldstein_price,Goldstein-Price,52,2162,ea,Algoritmo evolutivo,2,"[-2.0, 2.0]","[0.0, -1.0]","[-0.005875506345991877, -1.009919647407358]",3.0390798093236904,0.011529136112827111,120,4840,"[8.121091672624372, 8.121091672624372, 8.121091672624372, 8.121091672624372, 8.121091672624372, 8.121091672624372, 7.782166067205783, 7.782166067205783, 6.801967698302551, 6.801967698302551, 4.619925402560575, 4.619925402560575, 4.619925402560575, 4.619925402560575, 4.619925402560575, 4.619925402560575, 4.619925402560575, 4.619925402560575, 4.619925402560575, 4.619925402560575, 4.619925402560575, 4.619925402560575, 4.619925402560575, 4.619925402560575, 4.619925402560575, 4.619925402560575, 4.619925402560575, 3.0670792165583407, 3.0670792165583407, 3.0670792165583407, 3.0670792165583407, 3.0670792165583407, 3.0670792165583407, 3.0670792165583407, 3.0670792165583407, 3.0670792165583407, 3.0670792165583407, 3.0670792165583407, 3.0670792165583407, 3.0670792165583407, 3.0670792165583407, 3.0670792165583407, 3.0670792165583407, 3.0670792165583407, 3.0670792165583407, 3.0670792165583407, 3.0670792165583407, 3.0670792165583407, 3.0670792165583407, 3.0670792165583407, 3.0670792165583407, 3.0390798093236904, 3.0390798093236904, 3.0390798093236904, 3.0390798093236904, 3.0390798093236904, 3.0390798093236904, 3.0390798093236904, 3.0390798093236904, 3.0390798093236904, 3.0390798093236904, 3.0390798093236904, 3.0390798093236904, 3.0390798093236904, 3.0390798093236904, 3.0390798093236904, 3.0390798093236904, 3.0390798093236904, 3.0390798093236904, 3.0390798093236904, 3.0390798093236904, 3.0390798093236904, 3.0390798093236904, 3.0390798093236904, 3.0390798093236904, 3.0390798093236904, 3.0390798093236904, 3.0390798093236904, 3.0390798093236904, 3.0390798093236904, 3.0390798093236904, 3.0390798093236904, 3.0390798093236904, 3.0390798093236904, 3.0390798093236904, 3.0390798093236904, 3.0390798093236904, 3.0390798093236904, 3.0390798093236904, 3.0390798093236904, 3.0390798093236904, 3.0390798093236904, 3.0390798093236904, 3.0390798093236904, 3.0390798093236904, 3.0390798093236904, 3.0390798093236904, 3.0390798093236904, 3.0390798093236904, 3.0390798093236904, 3.0390798093236904, 3.0390798093236904, 3.0390798093236904, 3.0390798093236904, 3.0390798093236904, 3.0390798093236904, 3.0390798093236904, 3.0390798093236904, 3.0390798093236904, 3.0390798093236904, 3.0390798093236904, 3.0390798093236904, 3.0390798093236904, 3.0390798093236904, 3.0390798093236904, 3.0390798093236904, 3.0390798093236904, 3.0390798093236904, 3.0390798093236904, 3.0390798093236904, 3.0390798093236904]","{""elitism_fraction"": 0.2, ""max_iterations"": 120, ""mutation_fraction"": 0.1, ""population_size"": 40}"
goldstein_price,Goldstein-Price,53,2163,ea,Algoritmo evolutivo,2,"[-2.0, 2.0]","[0.0, -1.0]","[0.03204085045958527, -0.9467301591141348]",4.139914856022903,0.06216343013524027,120,4840,"[21.926432956639317, 21.926432956639317, 21.926432956639317, 21.926432956639317, 21.926432956639317, 21.926432956639317, 21.926432956639317, 21.926432956639317, 21.926432956639317, 21.926432956639317, 21.926432956639317, 21.926432956639317, 18.399903966980716, 18.399903966980716, 18.399903966980716, 18.399903966980716, 18.399903966980716, 18.399903966980716, 18.399903966980716, 18.399903966980716, 18.399903966980716, 18.399903966980716, 18.399903966980716, 18.399903966980716, 18.399903966980716, 18.399903966980716, 18.399903966980716, 18.399903966980716, 18.399903966980716, 18.399903966980716, 18.399903966980716, 18.399903966980716, 18.399903966980716, 18.399903966980716, 18.399903966980716, 18.399903966980716, 18.399903966980716, 18.399903966980716, 18.399903966980716, 18.399903966980716, 18.399903966980716, 18.399903966980716, 18.399903966980716, 18.399903966980716, 18.399903966980716, 18.399903966980716, 18.399903966980716, 18.399903966980716, 18.399903966980716, 18.399903966980716, 18.399903966980716, 18.399903966980716, 18.399903966980716, 18.399903966980716, 18.399903966980716, 18.399903966980716, 18.399903966980716, 17.53749806566909, 17.53749806566909, 17.53749806566909, 17.53749806566909, 17.53749806566909, 17.53749806566909, 17.53749806566909, 17.53749806566909, 17.53749806566909, 17.53749806566909, 17.53749806566909, 17.53749806566909, 17.53749806566909, 17.53749806566909, 4.961035430687101, 4.961035430687101, 4.961035430687101, 4.961035430687101, 4.961035430687101, 4.961035430687101, 4.961035430687101, 4.961035430687101, 4.961035430687101, 4.961035430687101, 4.961035430687101, 4.961035430687101, 4.961035430687101, 4.139914856022903, 4.139914856022903, 4.139914856022903, 4.139914856022903, 4.139914856022903, 4.139914856022903, 4.139914856022903, 4.139914856022903, 4.139914856022903, 4.139914856022903, 4.139914856022903, 4.139914856022903, 4.139914856022903, 4.139914856022903, 4.139914856022903, 4.139914856022903, 4.139914856022903, 4.139914856022903, 4.139914856022903, 4.139914856022903, 4.139914856022903, 4.139914856022903, 4.139914856022903, 4.139914856022903, 4.139914856022903, 4.139914856022903, 4.139914856022903, 4.139914856022903, 4.139914856022903, 4.139914856022903, 4.139914856022903, 4.139914856022903, 4.139914856022903, 4.139914856022903, 4.139914856022903, 4.139914856022903, 4.139914856022903]","{""elitism_fraction"": 0.2, ""max_iterations"": 120, ""mutation_fraction"": 0.1, ""population_size"": 40}"
goldstein_price,Goldstein-Price,54,2164,ea,Algoritmo evolutivo,2,"[-2.0, 2.0]","[0.0, -1.0]","[0.041730797787426166, -0.9980478239380828]",3.4425541469863257,0.04177643444995965,120,4840,"[18.721771252382702, 18.721771252382702, 9.294614465750717, 9.294614465750717, 9.294614465750717, 9.294614465750717, 9.294614465750717, 9.294614465750717, 9.294614465750717, 9.294614465750717, 7.104097956519746, 7.104097956519746, 7.104097956519746, 7.104097956519746, 7.104097956519746, 7.104097956519746, 7.104097956519746, 7.104097956519746, 7.104097956519746, 7.104097956519746, 7.104097956519746, 7.104097956519746, 7.104097956519746, 7.104097956519746, 7.104097956519746, 7.104097956519746, 7.104097956519746, 7.104097956519746, 7.104097956519746, 7.104097956519746, 7.104097956519746, 7.104097956519746, 7.104097956519746, 7.104097956519746, 7.104097956519746, 7.104097956519746, 7.104097956519746, 7.104097956519746, 7.104097956519746, 7.104097956519746, 7.104097956519746, 7.104097956519746, 7.104097956519746, 7.104097956519746, 7.104097956519746, 7.104097956519746, 7.104097956519746, 7.104097956519746, 7.104097956519746, 7.104097956519746, 7.104097956519746, 7.104097956519746, 7.104097956519746, 7.104097956519746, 7.104097956519746, 7.104097956519746, 6.481165980888661, 6.481165980888661, 6.481165980888661, 6.481165980888661, 6.481165980888661, 6.095268869013129, 6.095268869013129, 6.095268869013129, 6.095268869013129, 6.095268869013129, 6.095268869013129, 6.095268869013129, 6.095268869013129, 6.095268869013129, 6.095268869013129, 6.095268869013129, 6.095268869013129, 6.095268869013129, 6.095268869013129, 6.095268869013129, 6.095268869013129, 6.095268869013129, 6.095268869013129, 6.095268869013129, 6.095268869013129, 6.095268869013129, 6.095268869013129, 6.095268869013129, 6.095268869013129, 6.095268869013129, 6.095268869013129, 6.095268869013129, 6.095268869013129, 6.095268869013129, 6.095268869013129, 3.7996402028140106, 3.7996402028140106, 3.7996402028140106, 3.7996402028140106, 3.7996402028140106, 3.4425541469863257, 3.4425541469863257, 3.4425541469863257, 3.4425541469863257, 3.4425541469863257, 3.4425541469863257, 3.4425541469863257, 3.4425541469863257, 3.4425541469863257, 3.4425541469863257, 3.4425541469863257, 3.4425541469863257, 3.4425541469863257, 3.4425541469863257, 3.4425541469863257, 3.4425541469863257, 3.4425541469863257, 3.4425541469863257, 3.4425541469863257, 3.4425541469863257, 3.4425541469863257, 3.4425541469863257, 3.4425541469863257, 3.4425541469863257, 3.4425541469863257]","{""elitism_fraction"": 0.2, ""max_iterations"": 120, ""mutation_fraction"": 0.1, ""population_size"": 40}"
goldstein_price,Goldstein-Price,55,2165,ea,Algoritmo evolutivo,2,"[-2.0, 2.0]","[0.0, -1.0]","[0.03521258917910952, -0.9562874168256696]",3.799380706232584,0.056131242320738725,120,4840,"[24.410650702687445, 24.410650702687445, 16.594756765561783, 16.594756765561783, 15.280971868117803, 15.280971868117803, 15.280971868117803, 15.280971868117803, 15.280971868117803, 15.280971868117803, 15.280971868117803, 15.280971868117803, 15.280971868117803, 15.280971868117803, 15.280971868117803, 15.280971868117803, 15.280971868117803, 15.280971868117803, 15.280971868117803, 15.280971868117803, 15.280971868117803, 15.280971868117803, 15.280971868117803, 15.280971868117803, 15.280971868117803, 15.280971868117803, 15.280971868117803, 15.280971868117803, 15.280971868117803, 12.126261559205915, 12.126261559205915, 12.126261559205915, 12.126261559205915, 12.126261559205915, 12.126261559205915, 5.136558907259874, 5.136558907259874, 5.136558907259874, 5.136558907259874, 5.136558907259874, 5.136558907259874, 5.136558907259874, 5.136558907259874, 5.136558907259874, 5.136558907259874, 5.136558907259874, 5.136558907259874, 5.136558907259874, 5.136558907259874, 5.136558907259874, 5.136558907259874, 5.136558907259874, 5.136558907259874, 4.761027717807388, 4.761027717807388, 4.059176314088652, 4.059176314088652, 4.059176314088652, 3.799380706232584, 3.799380706232584, 3.799380706232584, 3.799380706232584, 3.799380706232584, 3.799380706232584, 3.799380706232584, 3.799380706232584, 3.799380706232584, 3.799380706232584, 3.799380706232584, 3.799380706232584, 3.799380706232584, 3.799380706232584, 3.799380706232584, 3.799380706232584, 3.799380706232584, 3.799380706232584, 3.799380706232584, 3.799380706232584, 3.799380706232584, 3.799380706232584, 3.799380706232584, 3.799380706232584, 3.799380706232584, 3.799380706232584, 3.799380706232584, 3.799380706232584, 3.799380706232584, 3.799380706232584, 3.799380706232584, 3.799380706232584, 3.799380706232584, 3.799380706232584, 3.799380706232584, 3.799380706232584, 3.799380706232584, 3.799380706232584, 3.799380706232584, 3.799380706232584, 3.799380706232584, 3.799380706232584, 3.799380706232584, 3.799380706232584, 3.799380706232584, 3.799380706232584, 3.799380706232584, 3.799380706232584, 3.799380706232584, 3.799380706232584, 3.799380706232584, 3.799380706232584, 3.799380706232584, 3.799380706232584, 3.799380706232584, 3.799380706232584, 3.799380706232584, 3.799380706232584, 3.799380706232584, 3.799380706232584, 3.799380706232584, 3.799380706232584, 3.799380706232584]","{""elitism_fraction"": 0.2, ""max_iterations"": 120, ""mutation_fraction"": 0.1, ""population_size"": 40}"
goldstein_price,Goldstein-Price,56,2166,ea,Algoritmo evolutivo,2,"[-2.0, 2.0]","[0.0, -1.0]","[0.021904910531785227, -0.996134017058798]",3.109625697217222,0.022243446889076795,120,4840,"[18.147719820549558, 3.9296176976434216, 3.9296176976434216, 3.9296176976434216, 3.9296176976434216, 3.9296176976434216, 3.9296176976434216, 3.9296176976434216, 3.5926023559691367, 3.5926023559691367, 3.5926023559691367, 3.5926023559691367, 3.5926023559691367, 3.5926023559691367, 3.5926023559691367, 3.5926023559691367, 3.5926023559691367, 3.5926023559691367, 3.5926023559691367, 3.5926023559691367, 3.5926023559691367, 3.5926023559691367, 3.5926023559691367, 3.5926023559691367, 3.5926023559691367, 3.5926023559691367, 3.5926023559691367, 3.5926023559691367, 3.5926023559691367, 3.5926023559691367, 3.5926023559691367, 3.5926023559691367, 3.5926023559691367, 3.5926023559691367, 3.5926023559691367, 3.5926023559691367, 3.5926023559691367, 3.5926023559691367, 3.5926023559691367, 3.5926023559691367, 3.5926023559691367, 3.5926023559691367, 3.4511808166920606, 3.4511808166920606, 3.136161926471151, 3.136161926471151, 3.136161926471151, 3.136161926471151, 3.136161926471151, 3.109625697217222, 3.109625697217222, 3.109625697217222, 3.109625697217222, 3.109625697217222, 3.109625697217222, 3.109625697217222, 3.109625697217222, 3.109625697217222, 3.109625697217222, 3.109625697217222, 3.109625697217222, 3.109625697217222, 3.109625697217222, 3.109625697217222, 3.109625697217222, 3.109625697217222, 3.109625697217222, 3.109625697217222, 3.109625697217222, 3.109625697217222, 3.109625697217222, 3.109625697217222, 3.109625697217222, 3.109625697217222, 3.109625697217222, 3.109625697217222, 3.109625697217222, 3.109625697217222, 3.109625697217222, 3.109625697217222, 3.109625697217222, 3.109625697217222, 3.109625697217222, 3.109625697217222, 3.109625697217222, 3.109625697217222, 3.109625697217222, 3.109625697217222, 3.109625697217222, 3.109625697217222, 3.109625697217222, 3.109625697217222, 3.109625697217222, 3.109625697217222, 3.109625697217222, 3.109625697217222, 3.109625697217222, 3.109625697217222, 3.109625697217222, 3.109625697217222, 3.109625697217222, 3.109625697217222, 3.109625697217222, 3.109625697217222, 3.109625697217222, 3.109625697217222, 3.109625697217222, 3.109625697217222, 3.109625697217222, 3.109625697217222, 3.109625697217222, 3.109625697217222, 3.109625697217222, 3.109625697217222, 3.109625697217222, 3.109625697217222, 3.109625697217222, 3.109625697217222, 3.109625697217222, 3.109625697217222, 3.109625697217222]","{""elitism_fraction"": 0.2, ""max_iterations"": 120, ""mutation_fraction"": 0.1, ""population_size"": 40}"
goldstein_price,Goldstein-Price,57,2167,ea,Algoritmo evolutivo,2,"[-2.0, 2.0]","[0.0, -1.0]","[-0.012247632096182848, -1.0011244349575814]",3.035431476800311,0.012299140048689556,120,4840,"[65.55470189038556, 64.95038772928577, 46.470456259896196, 46.470456259896196, 32.43207570425787, 14.451199644832641, 12.221936295550359, 12.221936295550359, 12.221936295550359, 12.221936295550359, 12.221936295550359, 10.738970182081943, 9.171607990734287, 8.369367019057654, 3.0472806187713712, 3.0472806187713712, 3.0472806187713712, 3.0472806187713712, 3.0472806187713712, 3.0472806187713712, 3.0472806187713712, 3.0472806187713712, 3.0472806187713712, 3.0472806187713712, 3.0472806187713712, 3.0472806187713712, 3.0472806187713712, 3.0472806187713712, 3.0472806187713712, 3.0472806187713712, 3.0472806187713712, 3.0472806187713712, 3.0472806187713712, 3.0472806187713712, 3.0472806187713712, 3.0472806187713712, 3.0472806187713712, 3.0472806187713712, 3.0472806187713712, 3.035431476800311, 3.035431476800311, 3.035431476800311, 3.035431476800311, 3.035431476800311, 3.035431476800311, 3.035431476800311, 3.035431476800311, 3.035431476800311, 3.035431476800311, 3.035431476800311, 3.035431476800311, 3.035431476800311, 3.035431476800311, 3.035431476800311, 3.035431476800311, 3.035431476800311, 3.035431476800311, 3.035431476800311, 3.035431476800311, 3.035431476800311, 3.035431476800311, 3.035431476800311, 3.035431476800311, 3.035431476800311, 3.035431476800311, 3.035431476800311, 3.035431476800311, 3.035431476800311, 3.035431476800311, 3.035431476800311, 3.035431476800311, 3.035431476800311, 3.035431476800311, 3.035431476800311, 3.035431476800311, 3.035431476800311, 3.035431476800311, 3.035431476800311, 3.035431476800311, 3.035431476800311, 3.035431476800311, 3.035431476800311, 3.035431476800311, 3.035431476800311, 3.035431476800311, 3.035431476800311, 3.035431476800311, 3.035431476800311, 3.035431476800311, 3.035431476800311, 3.035431476800311, 3.035431476800311, 3.035431476800311, 3.035431476800311, 3.035431476800311, 3.035431476800311, 3.035431476800311, 3.035431476800311, 3.035431476800311, 3.035431476800311, 3.035431476800311, 3.035431476800311, 3.035431476800311, 3.035431476800311, 3.035431476800311, 3.035431476800311, 3.035431476800311, 3.035431476800311, 3.035431476800311, 3.035431476800311, 3.035431476800311, 3.035431476800311, 3.035431476800311, 3.035431476800311, 3.035431476800311, 3.035431476800311, 3.035431476800311, 3.035431476800311, 3.035431476800311, 3.035431476800311, 3.035431476800311]","{""elitism_fraction"": 0.2, ""max_iterations"": 120, ""mutation_fraction"": 0.1, ""population_size"": 40}"
goldstein_price,Goldstein-Price,58,2168,ea,Algoritmo evolutivo,2,"[-2.0, 2.0]","[0.0, -1.0]","[0.00818883430984485, -0.9724713617253928]",3.2939664134547932,0.02872077527867691,120,4840,"[3.914842868755716, 3.914842868755716, 3.914842868755716, 3.914842868755716, 3.914842868755716, 3.914842868755716, 3.914842868755716, 3.914842868755716, 3.914842868755716, 3.914842868755716, 3.914842868755716, 3.914842868755716, 3.914842868755716, 3.914842868755716, 3.914842868755716, 3.914842868755716, 3.914842868755716, 3.914842868755716, 3.914842868755716, 3.914842868755716, 3.914842868755716, 3.914842868755716, 3.914842868755716, 3.914842868755716, 3.914842868755716, 3.914842868755716, 3.914842868755716, 3.914842868755716, 3.914842868755716, 3.914842868755716, 3.914842868755716, 3.914842868755716, 3.914842868755716, 3.914842868755716, 3.914842868755716, 3.914842868755716, 3.914842868755716, 3.914842868755716, 3.914842868755716, 3.914842868755716, 3.914842868755716, 3.914842868755716, 3.914842868755716, 3.914842868755716, 3.914842868755716, 3.914842868755716, 3.914842868755716, 3.914842868755716, 3.914842868755716, 3.914842868755716, 3.914842868755716, 3.914842868755716, 3.914842868755716, 3.914842868755716, 3.914842868755716, 3.914842868755716, 3.914842868755716, 3.914842868755716, 3.914842868755716, 3.914842868755716, 3.914842868755716, 3.914842868755716, 3.914842868755716, 3.914842868755716, 3.914842868755716, 3.914842868755716, 3.914842868755716, 3.914842868755716, 3.914842868755716, 3.914842868755716, 3.914842868755716, 3.914842868755716, 3.914842868755716, 3.914842868755716, 3.914842868755716, 3.914842868755716, 3.914842868755716, 3.914842868755716, 3.914842868755716, 3.914842868755716, 3.914842868755716, 3.914842868755716, 3.914842868755716, 3.914842868755716, 3.914842868755716, 3.914842868755716, 3.914842868755716, 3.914842868755716, 3.914842868755716, 3.914842868755716, 3.8404348503575876, 3.8404348503575876, 3.8404348503575876, 3.8404348503575876, 3.8404348503575876, 3.8404348503575876, 3.8404348503575876, 3.8404348503575876, 3.8404348503575876, 3.8404348503575876, 3.8404348503575876, 3.8404348503575876, 3.8404348503575876, 3.8404348503575876, 3.8404348503575876, 3.8404348503575876, 3.8404348503575876, 3.8404348503575876, 3.8404348503575876, 3.8404348503575876, 3.8404348503575876, 3.8404348503575876, 3.2939664134547932, 3.2939664134547932, 3.2939664134547932, 3.2939664134547932, 3.2939664134547932, 3.2939664134547932, 3.2939664134547932, 3.2939664134547932, 3.2939664134547932]","{""elitism_fraction"": 0.2, ""max_iterations"": 120, ""mutation_fraction"": 0.1, ""population_size"": 40}"
goldstein_price,Goldstein-Price,59,2169,ea,Algoritmo evolutivo,2,"[-2.0, 2.0]","[0.0, -1.0]","[0.02957305768150631, -0.9990953116025052]",3.220787277996572,0.029586892397314407,120,4840,"[7.764283553211247, 7.764283553211247, 7.764283553211247, 7.764283553211247, 7.764283553211247, 7.764283553211247, 7.042496841371399, 7.042496841371399, 7.042496841371399, 7.042496841371399, 7.042496841371399, 7.042496841371399, 7.042496841371399, 7.042496841371399, 7.042496841371399, 7.042496841371399, 7.042496841371399, 4.0281181790549905, 4.0281181790549905, 4.0281181790549905, 4.0281181790549905, 4.0281181790549905, 4.0281181790549905, 3.798010270453506, 3.798010270453506, 3.798010270453506, 3.798010270453506, 3.798010270453506, 3.798010270453506, 3.798010270453506, 3.798010270453506, 3.798010270453506, 3.798010270453506, 3.798010270453506, 3.798010270453506, 3.798010270453506, 3.798010270453506, 3.798010270453506, 3.798010270453506, 3.798010270453506, 3.798010270453506, 3.798010270453506, 3.798010270453506, 3.798010270453506, 3.220787277996572, 3.220787277996572, 3.220787277996572, 3.220787277996572, 3.220787277996572, 3.220787277996572, 3.220787277996572, 3.220787277996572, 3.220787277996572, 3.220787277996572, 3.220787277996572, 3.220787277996572, 3.220787277996572, 3.220787277996572, 3.220787277996572, 3.220787277996572, 3.220787277996572, 3.220787277996572, 3.220787277996572, 3.220787277996572, 3.220787277996572, 3.220787277996572, 3.220787277996572, 3.220787277996572, 3.220787277996572, 3.220787277996572, 3.220787277996572, 3.220787277996572, 3.220787277996572, 3.220787277996572, 3.220787277996572, 3.220787277996572, 3.220787277996572, 3.220787277996572, 3.220787277996572, 3.220787277996572, 3.220787277996572, 3.220787277996572, 3.220787277996572, 3.220787277996572, 3.220787277996572, 3.220787277996572, 3.220787277996572, 3.220787277996572, 3.220787277996572, 3.220787277996572, 3.220787277996572, 3.220787277996572, 3.220787277996572, 3.220787277996572, 3.220787277996572, 3.220787277996572, 3.220787277996572, 3.220787277996572, 3.220787277996572, 3.220787277996572, 3.220787277996572, 3.220787277996572, 3.220787277996572, 3.220787277996572, 3.220787277996572, 3.220787277996572, 3.220787277996572, 3.220787277996572, 3.220787277996572, 3.220787277996572, 3.220787277996572, 3.220787277996572, 3.220787277996572, 3.220787277996572, 3.220787277996572, 3.220787277996572, 3.220787277996572, 3.220787277996572, 3.220787277996572, 3.220787277996572, 3.220787277996572]","{""elitism_fraction"": 0.2, ""max_iterations"": 120, ""mutation_fraction"": 0.1, ""population_size"": 40}"
goldstein_price,Goldstein-Price,60,2161,ea,Algoritmo evolutivo,2,"[-2.0, 2.0]","[0.0, -1.0]","[0.007651746422020711, -0.9987760898013107]",3.0133821385016013,0.007749011516404037,120,4840,"[12.447033655065223, 12.447033655065223, 12.447033655065223, 12.447033655065223, 12.447033655065223, 12.447033655065223, 12.447033655065223, 5.612860042787959, 5.393241486600634, 5.393241486600634, 5.393241486600634, 5.393241486600634, 4.491699483248705, 4.491699483248705, 4.491699483248705, 4.491699483248705, 4.491699483248705, 4.491699483248705, 4.491699483248705, 4.491699483248705, 4.491699483248705, 4.491699483248705, 4.491699483248705, 4.491699483248705, 4.491699483248705, 4.273465022763449, 4.273465022763449, 4.273465022763449, 4.273465022763449, 3.1997067403174633, 3.1997067403174633, 3.1997067403174633, 3.1997067403174633, 3.0900842472770904, 3.0900842472770904, 3.0900842472770904, 3.0900842472770904, 3.0900842472770904, 3.0900842472770904, 3.0900842472770904, 3.0900842472770904, 3.0900842472770904, 3.0900842472770904, 3.0900842472770904, 3.0900842472770904, 3.0900842472770904, 3.0900842472770904, 3.0900842472770904, 3.0900842472770904, 3.0900842472770904, 3.0900842472770904, 3.0900842472770904, 3.0900842472770904, 3.0900842472770904, 3.0900842472770904, 3.0900842472770904, 3.0900842472770904, 3.0900842472770904, 3.0900842472770904, 3.0900842472770904, 3.0900842472770904, 3.0900842472770904, 3.0900842472770904, 3.0900842472770904, 3.0900842472770904, 3.0900842472770904, 3.0900842472770904, 3.0900842472770904, 3.0900842472770904, 3.0900842472770904, 3.0900842472770904, 3.0900842472770904, 3.0900842472770904, 3.0900842472770904, 3.0900842472770904, 3.0900842472770904, 3.0900842472770904, 3.0133821385016013, 3.0133821385016013, 3.0133821385016013, 3.0133821385016013, 3.0133821385016013, 3.0133821385016013, 3.0133821385016013, 3.0133821385016013, 3.0133821385016013, 3.0133821385016013, 3.0133821385016013, 3.0133821385016013, 3.0133821385016013, 3.0133821385016013, 3.0133821385016013, 3.0133821385016013, 3.0133821385016013, 3.0133821385016013, 3.0133821385016013, 3.0133821385016013, 3.0133821385016013, 3.0133821385016013, 3.0133821385016013, 3.0133821385016013, 3.0133821385016013, 3.0133821385016013, 3.0133821385016013, 3.0133821385016013, 3.0133821385016013, 3.0133821385016013, 3.0133821385016013, 3.0133821385016013, 3.0133821385016013, 3.0133821385016013, 3.0133821385016013, 3.0133821385016013, 3.0133821385016013, 3.0133821385016013, 3.0133821385016013, 3.0133821385016013, 3.0133821385016013, 3.0133821385016013, 3.0133821385016013, 3.0133821385016013]","{""elitism_fraction"": 0.2, ""max_iterations"": 120, ""mutation_fraction"": 0.1, ""population_size"": 40}"
goldstein_price,Goldstein-Price,61,2162,ea,Algoritmo evolutivo,2,"[-2.0, 2.0]","[0.0, -1.0]","[-0.005875506345991877, -1.009919647407358]",3.0390798093236904,0.011529136112827111,120,4840,"[8.121091672624372, 8.121091672624372, 8.121091672624372, 8.121091672624372, 8.121091672624372, 8.121091672624372, 7.782166067205783, 7.782166067205783, 6.801967698302551, 6.801967698302551, 4.619925402560575, 4.619925402560575, 4.619925402560575, 4.619925402560575, 4.619925402560575, 4.619925402560575, 4.619925402560575, 4.619925402560575, 4.619925402560575, 4.619925402560575, 4.619925402560575, 4.619925402560575, 4.619925402560575, 4.619925402560575, 4.619925402560575, 4.619925402560575, 4.619925402560575, 3.0670792165583407, 3.0670792165583407, 3.0670792165583407, 3.0670792165583407, 3.0670792165583407, 3.0670792165583407, 3.0670792165583407, 3.0670792165583407, 3.0670792165583407, 3.0670792165583407, 3.0670792165583407, 3.0670792165583407, 3.0670792165583407, 3.0670792165583407, 3.0670792165583407, 3.0670792165583407, 3.0670792165583407, 3.0670792165583407, 3.0670792165583407, 3.0670792165583407, 3.0670792165583407, 3.0670792165583407, 3.0670792165583407, 3.0670792165583407, 3.0390798093236904, 3.0390798093236904, 3.0390798093236904, 3.0390798093236904, 3.0390798093236904, 3.0390798093236904, 3.0390798093236904, 3.0390798093236904, 3.0390798093236904, 3.0390798093236904, 3.0390798093236904, 3.0390798093236904, 3.0390798093236904, 3.0390798093236904, 3.0390798093236904, 3.0390798093236904, 3.0390798093236904, 3.0390798093236904, 3.0390798093236904, 3.0390798093236904, 3.0390798093236904, 3.0390798093236904, 3.0390798093236904, 3.0390798093236904, 3.0390798093236904, 3.0390798093236904, 3.0390798093236904, 3.0390798093236904, 3.0390798093236904, 3.0390798093236904, 3.0390798093236904, 3.0390798093236904, 3.0390798093236904, 3.0390798093236904, 3.0390798093236904, 3.0390798093236904, 3.0390798093236904, 3.0390798093236904, 3.0390798093236904, 3.0390798093236904, 3.0390798093236904, 3.0390798093236904, 3.0390798093236904, 3.0390798093236904, 3.0390798093236904, 3.0390798093236904, 3.0390798093236904, 3.0390798093236904, 3.0390798093236904, 3.0390798093236904, 3.0390798093236904, 3.0390798093236904, 3.0390798093236904, 3.0390798093236904, 3.0390798093236904, 3.0390798093236904, 3.0390798093236904, 3.0390798093236904, 3.0390798093236904, 3.0390798093236904, 3.0390798093236904, 3.0390798093236904, 3.0390798093236904, 3.0390798093236904, 3.0390798093236904, 3.0390798093236904, 3.0390798093236904, 3.0390798093236904, 3.0390798093236904, 3.0390798093236904]","{""elitism_fraction"": 0.2, ""max_iterations"": 120, ""mutation_fraction"": 0.1, ""population_size"": 40}"
goldstein_price,Goldstein-Price,62,2163,ea,Algoritmo evolutivo,2,"[-2.0, 2.0]","[0.0, -1.0]","[0.03204085045958527, -0.9467301591141348]",4.139914856022903,0.06216343013524027,120,4840,"[21.926432956639317, 21.926432956639317, 21.926432956639317, 21.926432956639317, 21.926432956639317, 21.926432956639317, 21.926432956639317, 21.926432956639317, 21.926432956639317, 21.926432956639317, 21.926432956639317, 21.926432956639317, 18.399903966980716, 18.399903966980716, 18.399903966980716, 18.399903966980716, 18.399903966980716, 18.399903966980716, 18.399903966980716, 18.399903966980716, 18.399903966980716, 18.399903966980716, 18.399903966980716, 18.399903966980716, 18.399903966980716, 18.399903966980716, 18.399903966980716, 18.399903966980716, 18.399903966980716, 18.399903966980716, 18.399903966980716, 18.399903966980716, 18.399903966980716, 18.399903966980716, 18.399903966980716, 18.399903966980716, 18.399903966980716, 18.399903966980716, 18.399903966980716, 18.399903966980716, 18.399903966980716, 18.399903966980716, 18.399903966980716, 18.399903966980716, 18.399903966980716, 18.399903966980716, 18.399903966980716, 18.399903966980716, 18.399903966980716, 18.399903966980716, 18.399903966980716, 18.399903966980716, 18.399903966980716, 18.399903966980716, 18.399903966980716, 18.399903966980716, 18.399903966980716, 17.53749806566909, 17.53749806566909, 17.53749806566909, 17.53749806566909, 17.53749806566909, 17.53749806566909, 17.53749806566909, 17.53749806566909, 17.53749806566909, 17.53749806566909, 17.53749806566909, 17.53749806566909, 17.53749806566909, 17.53749806566909, 4.961035430687101, 4.961035430687101, 4.961035430687101, 4.961035430687101, 4.961035430687101, 4.961035430687101, 4.961035430687101, 4.961035430687101, 4.961035430687101, 4.961035430687101, 4.961035430687101, 4.961035430687101, 4.961035430687101, 4.139914856022903, 4.139914856022903, 4.139914856022903, 4.139914856022903, 4.139914856022903, 4.139914856022903, 4.139914856022903, 4.139914856022903, 4.139914856022903, 4.139914856022903, 4.139914856022903, 4.139914856022903, 4.139914856022903, 4.139914856022903, 4.139914856022903, 4.139914856022903, 4.139914856022903, 4.139914856022903, 4.139914856022903, 4.139914856022903, 4.139914856022903, 4.139914856022903, 4.139914856022903, 4.139914856022903, 4.139914856022903, 4.139914856022903, 4.139914856022903, 4.139914856022903, 4.139914856022903, 4.139914856022903, 4.139914856022903, 4.139914856022903, 4.139914856022903, 4.139914856022903, 4.139914856022903, 4.139914856022903, 4.139914856022903]","{""elitism_fraction"": 0.2, ""max_iterations"": 120, ""mutation_fraction"": 0.1, ""population_size"": 40}"
goldstein_price,Goldstein-Price,63,2164,ea,Algoritmo evolutivo,2,"[-2.0, 2.0]","[0.0, -1.0]","[0.041730797787426166, -0.9980478239380828]",3.4425541469863257,0.04177643444995965,120,4840,"[18.721771252382702, 18.721771252382702, 9.294614465750717, 9.294614465750717, 9.294614465750717, 9.294614465750717, 9.294614465750717, 9.294614465750717, 9.294614465750717, 9.294614465750717, 7.104097956519746, 7.104097956519746, 7.104097956519746, 7.104097956519746, 7.104097956519746, 7.104097956519746, 7.104097956519746, 7.104097956519746, 7.104097956519746, 7.104097956519746, 7.104097956519746, 7.104097956519746, 7.104097956519746, 7.104097956519746, 7.104097956519746, 7.104097956519746, 7.104097956519746, 7.104097956519746, 7.104097956519746, 7.104097956519746, 7.104097956519746, 7.104097956519746, 7.104097956519746, 7.104097956519746, 7.104097956519746, 7.104097956519746, 7.104097956519746, 7.104097956519746, 7.104097956519746, 7.104097956519746, 7.104097956519746, 7.104097956519746, 7.104097956519746, 7.104097956519746, 7.104097956519746, 7.104097956519746, 7.104097956519746, 7.104097956519746, 7.104097956519746, 7.104097956519746, 7.104097956519746, 7.104097956519746, 7.104097956519746, 7.104097956519746, 7.104097956519746, 7.104097956519746, 6.481165980888661, 6.481165980888661, 6.481165980888661, 6.481165980888661, 6.481165980888661, 6.095268869013129, 6.095268869013129, 6.095268869013129, 6.095268869013129, 6.095268869013129, 6.095268869013129, 6.095268869013129, 6.095268869013129, 6.095268869013129, 6.095268869013129, 6.095268869013129, 6.095268869013129, 6.095268869013129, 6.095268869013129, 6.095268869013129, 6.095268869013129, 6.095268869013129, 6.095268869013129, 6.095268869013129, 6.095268869013129, 6.095268869013129, 6.095268869013129, 6.095268869013129, 6.095268869013129, 6.095268869013129, 6.095268869013129, 6.095268869013129, 6.095268869013129, 6.095268869013129, 6.095268869013129, 3.7996402028140106, 3.7996402028140106, 3.7996402028140106, 3.7996402028140106, 3.7996402028140106, 3.4425541469863257, 3.4425541469863257, 3.4425541469863257, 3.4425541469863257, 3.4425541469863257, 3.4425541469863257, 3.4425541469863257, 3.4425541469863257, 3.4425541469863257, 3.4425541469863257, 3.4425541469863257, 3.4425541469863257, 3.4425541469863257, 3.4425541469863257, 3.4425541469863257, 3.4425541469863257, 3.4425541469863257, 3.4425541469863257, 3.4425541469863257, 3.4425541469863257, 3.4425541469863257, 3.4425541469863257, 3.4425541469863257, 3.4425541469863257, 3.4425541469863257]","{""elitism_fraction"": 0.2, ""max_iterations"": 120, ""mutation_fraction"": 0.1, ""population_size"": 40}"
goldstein_price,Goldstein-Price,64,2165,ea,Algoritmo evolutivo,2,"[-2.0, 2.0]","[0.0, -1.0]","[0.03521258917910952, -0.9562874168256696]",3.799380706232584,0.056131242320738725,120,4840,"[24.410650702687445, 24.410650702687445, 16.594756765561783, 16.594756765561783, 15.280971868117803, 15.280971868117803, 15.280971868117803, 15.280971868117803, 15.280971868117803, 15.280971868117803, 15.280971868117803, 15.280971868117803, 15.280971868117803, 15.280971868117803, 15.280971868117803, 15.280971868117803, 15.280971868117803, 15.280971868117803, 15.280971868117803, 15.280971868117803, 15.280971868117803, 15.280971868117803, 15.280971868117803, 15.280971868117803, 15.280971868117803, 15.280971868117803, 15.280971868117803, 15.280971868117803, 15.280971868117803, 12.126261559205915, 12.126261559205915, 12.126261559205915, 12.126261559205915, 12.126261559205915, 12.126261559205915, 5.136558907259874, 5.136558907259874, 5.136558907259874, 5.136558907259874, 5.136558907259874, 5.136558907259874, 5.136558907259874, 5.136558907259874, 5.136558907259874, 5.136558907259874, 5.136558907259874, 5.136558907259874, 5.136558907259874, 5.136558907259874, 5.136558907259874, 5.136558907259874, 5.136558907259874, 5.136558907259874, 4.761027717807388, 4.761027717807388, 4.059176314088652, 4.059176314088652, 4.059176314088652, 3.799380706232584, 3.799380706232584, 3.799380706232584, 3.799380706232584, 3.799380706232584, 3.799380706232584, 3.799380706232584, 3.799380706232584, 3.799380706232584, 3.799380706232584, 3.799380706232584, 3.799380706232584, 3.799380706232584, 3.799380706232584, 3.799380706232584, 3.799380706232584, 3.799380706232584, 3.799380706232584, 3.799380706232584, 3.799380706232584, 3.799380706232584, 3.799380706232584, 3.799380706232584, 3.799380706232584, 3.799380706232584, 3.799380706232584, 3.799380706232584, 3.799380706232584, 3.799380706232584, 3.799380706232584, 3.799380706232584, 3.799380706232584, 3.799380706232584, 3.799380706232584, 3.799380706232584, 3.799380706232584, 3.799380706232584, 3.799380706232584, 3.799380706232584, 3.799380706232584, 3.799380706232584, 3.799380706232584, 3.799380706232584, 3.799380706232584, 3.799380706232584, 3.799380706232584, 3.799380706232584, 3.799380706232584, 3.799380706232584, 3.799380706232584, 3.799380706232584, 3.799380706232584, 3.799380706232584, 3.799380706232584, 3.799380706232584, 3.799380706232584, 3.799380706232584, 3.799380706232584, 3.799380706232584, 3.799380706232584, 3.799380706232584, 3.799380706232584, 3.799380706232584]","{""elitism_fraction"": 0.2, ""max_iterations"": 120, ""mutation_fraction"": 0.1, ""population_size"": 40}"
goldstein_price,Goldstein-Price,65,2166,ea,Algoritmo evolutivo,2,"[-2.0, 2.0]","[0.0, -1.0]","[0.021904910531785227, -0.996134017058798]",3.109625697217222,0.022243446889076795,120,4840,"[18.147719820549558, 3.9296176976434216, 3.9296176976434216, 3.9296176976434216, 3.9296176976434216, 3.9296176976434216, 3.9296176976434216, 3.9296176976434216, 3.5926023559691367, 3.5926023559691367, 3.5926023559691367, 3.5926023559691367, 3.5926023559691367, 3.5926023559691367, 3.5926023559691367, 3.5926023559691367, 3.5926023559691367, 3.5926023559691367, 3.5926023559691367, 3.5926023559691367, 3.5926023559691367, 3.5926023559691367, 3.5926023559691367, 3.5926023559691367, 3.5926023559691367, 3.5926023559691367, 3.5926023559691367, 3.5926023559691367, 3.5926023559691367, 3.5926023559691367, 3.5926023559691367, 3.5926023559691367, 3.5926023559691367, 3.5926023559691367, 3.5926023559691367, 3.5926023559691367, 3.5926023559691367, 3.5926023559691367, 3.5926023559691367, 3.5926023559691367, 3.5926023559691367, 3.5926023559691367, 3.4511808166920606, 3.4511808166920606, 3.136161926471151, 3.136161926471151, 3.136161926471151, 3.136161926471151, 3.136161926471151, 3.109625697217222, 3.109625697217222, 3.109625697217222, 3.109625697217222, 3.109625697217222, 3.109625697217222, 3.109625697217222, 3.109625697217222, 3.109625697217222, 3.109625697217222, 3.109625697217222, 3.109625697217222, 3.109625697217222, 3.109625697217222, 3.109625697217222, 3.109625697217222, 3.109625697217222, 3.109625697217222, 3.109625697217222, 3.109625697217222, 3.109625697217222, 3.109625697217222, 3.109625697217222, 3.109625697217222, 3.109625697217222, 3.109625697217222, 3.109625697217222, 3.109625697217222, 3.109625697217222, 3.109625697217222, 3.109625697217222, 3.109625697217222, 3.109625697217222, 3.109625697217222, 3.109625697217222, 3.109625697217222, 3.109625697217222, 3.109625697217222, 3.109625697217222, 3.109625697217222, 3.109625697217222, 3.109625697217222, 3.109625697217222, 3.109625697217222, 3.109625697217222, 3.109625697217222, 3.109625697217222, 3.109625697217222, 3.109625697217222, 3.109625697217222, 3.109625697217222, 3.109625697217222, 3.109625697217222, 3.109625697217222, 3.109625697217222, 3.109625697217222, 3.109625697217222, 3.109625697217222, 3.109625697217222, 3.109625697217222, 3.109625697217222, 3.109625697217222, 3.109625697217222, 3.109625697217222, 3.109625697217222, 3.109625697217222, 3.109625697217222, 3.109625697217222, 3.109625697217222, 3.109625697217222, 3.109625697217222, 3.109625697217222]","{""elitism_fraction"": 0.2, ""max_iterations"": 120, ""mutation_fraction"": 0.1, ""population_size"": 40}"
goldstein_price,Goldstein-Price,66,2167,ea,Algoritmo evolutivo,2,"[-2.0, 2.0]","[0.0, -1.0]","[-0.012247632096182848, -1.0011244349575814]",3.035431476800311,0.012299140048689556,120,4840,"[65.55470189038556, 64.95038772928577, 46.470456259896196, 46.470456259896196, 32.43207570425787, 14.451199644832641, 12.221936295550359, 12.221936295550359, 12.221936295550359, 12.221936295550359, 12.221936295550359, 10.738970182081943, 9.171607990734287, 8.369367019057654, 3.0472806187713712, 3.0472806187713712, 3.0472806187713712, 3.0472806187713712, 3.0472806187713712, 3.0472806187713712, 3.0472806187713712, 3.0472806187713712, 3.0472806187713712, 3.0472806187713712, 3.0472806187713712, 3.0472806187713712, 3.0472806187713712, 3.0472806187713712, 3.0472806187713712, 3.0472806187713712, 3.0472806187713712, 3.0472806187713712, 3.0472806187713712, 3.0472806187713712, 3.0472806187713712, 3.0472806187713712, 3.0472806187713712, 3.0472806187713712, 3.0472806187713712, 3.035431476800311, 3.035431476800311, 3.035431476800311, 3.035431476800311, 3.035431476800311, 3.035431476800311, 3.035431476800311, 3.035431476800311, 3.035431476800311, 3.035431476800311, 3.035431476800311, 3.035431476800311, 3.035431476800311, 3.035431476800311, 3.035431476800311, 3.035431476800311, 3.035431476800311, 3.035431476800311, 3.035431476800311, 3.035431476800311, 3.035431476800311, 3.035431476800311, 3.035431476800311, 3.035431476800311, 3.035431476800311, 3.035431476800311, 3.035431476800311, 3.035431476800311, 3.035431476800311, 3.035431476800311, 3.035431476800311, 3.035431476800311, 3.035431476800311, 3.035431476800311, 3.035431476800311, 3.035431476800311, 3.035431476800311, 3.035431476800311, 3.035431476800311, 3.035431476800311, 3.035431476800311, 3.035431476800311, 3.035431476800311, 3.035431476800311, 3.035431476800311, 3.035431476800311, 3.035431476800311, 3.035431476800311, 3.035431476800311, 3.035431476800311, 3.035431476800311, 3.035431476800311, 3.035431476800311, 3.035431476800311, 3.035431476800311, 3.035431476800311, 3.035431476800311, 3.035431476800311, 3.035431476800311, 3.035431476800311, 3.035431476800311, 3.035431476800311, 3.035431476800311, 3.035431476800311, 3.035431476800311, 3.035431476800311, 3.035431476800311, 3.035431476800311, 3.035431476800311, 3.035431476800311, 3.035431476800311, 3.035431476800311, 3.035431476800311, 3.035431476800311, 3.035431476800311, 3.035431476800311, 3.035431476800311, 3.035431476800311, 3.035431476800311, 3.035431476800311, 3.035431476800311, 3.035431476800311]","{""elitism_fraction"": 0.2, ""max_iterations"": 120, ""mutation_fraction"": 0.1, ""population_size"": 40}"
goldstein_price,Goldstein-Price,67,2168,ea,Algoritmo evolutivo,2,"[-2.0, 2.0]","[0.0, -1.0]","[0.00818883430984485, -0.9724713617253928]",3.2939664134547932,0.02872077527867691,120,4840,"[3.914842868755716, 3.914842868755716, 3.914842868755716, 3.914842868755716, 3.914842868755716, 3.914842868755716, 3.914842868755716, 3.914842868755716, 3.914842868755716, 3.914842868755716, 3.914842868755716, 3.914842868755716, 3.914842868755716, 3.914842868755716, 3.914842868755716, 3.914842868755716, 3.914842868755716, 3.914842868755716, 3.914842868755716, 3.914842868755716, 3.914842868755716, 3.914842868755716, 3.914842868755716, 3.914842868755716, 3.914842868755716, 3.914842868755716, 3.914842868755716, 3.914842868755716, 3.914842868755716, 3.914842868755716, 3.914842868755716, 3.914842868755716, 3.914842868755716, 3.914842868755716, 3.914842868755716, 3.914842868755716, 3.914842868755716, 3.914842868755716, 3.914842868755716, 3.914842868755716, 3.914842868755716, 3.914842868755716, 3.914842868755716, 3.914842868755716, 3.914842868755716, 3.914842868755716, 3.914842868755716, 3.914842868755716, 3.914842868755716, 3.914842868755716, 3.914842868755716, 3.914842868755716, 3.914842868755716, 3.914842868755716, 3.914842868755716, 3.914842868755716, 3.914842868755716, 3.914842868755716, 3.914842868755716, 3.914842868755716, 3.914842868755716, 3.914842868755716, 3.914842868755716, 3.914842868755716, 3.914842868755716, 3.914842868755716, 3.914842868755716, 3.914842868755716, 3.914842868755716, 3.914842868755716, 3.914842868755716, 3.914842868755716, 3.914842868755716, 3.914842868755716, 3.914842868755716, 3.914842868755716, 3.914842868755716, 3.914842868755716, 3.914842868755716, 3.914842868755716, 3.914842868755716, 3.914842868755716, 3.914842868755716, 3.914842868755716, 3.914842868755716, 3.914842868755716, 3.914842868755716, 3.914842868755716, 3.914842868755716, 3.914842868755716, 3.8404348503575876, 3.8404348503575876, 3.8404348503575876, 3.8404348503575876, 3.8404348503575876, 3.8404348503575876, 3.8404348503575876, 3.8404348503575876, 3.8404348503575876, 3.8404348503575876, 3.8404348503575876, 3.8404348503575876, 3.8404348503575876, 3.8404348503575876, 3.8404348503575876, 3.8404348503575876, 3.8404348503575876, 3.8404348503575876, 3.8404348503575876, 3.8404348503575876, 3.8404348503575876, 3.8404348503575876, 3.2939664134547932, 3.2939664134547932, 3.2939664134547932, 3.2939664134547932, 3.2939664134547932, 3.2939664134547932, 3.2939664134547932, 3.2939664134547932, 3.2939664134547932]","{""elitism_fraction"": 0.2, ""max_iterations"": 120, ""mutation_fraction"": 0.1, ""population_size"": 40}"
goldstein_price,Goldstein-Price,68,2169,ea,Algoritmo evolutivo,2,"[-2.0, 2.0]","[0.0, -1.0]","[0.02957305768150631, -0.9990953116025052]",3.220787277996572,0.029586892397314407,120,4840,"[7.764283553211247, 7.764283553211247, 7.764283553211247, 7.764283553211247, 7.764283553211247, 7.764283553211247, 7.042496841371399, 7.042496841371399, 7.042496841371399, 7.042496841371399, 7.042496841371399, 7.042496841371399, 7.042496841371399, 7.042496841371399, 7.042496841371399, 7.042496841371399, 7.042496841371399, 4.0281181790549905, 4.0281181790549905, 4.0281181790549905, 4.0281181790549905, 4.0281181790549905, 4.0281181790549905, 3.798010270453506, 3.798010270453506, 3.798010270453506, 3.798010270453506, 3.798010270453506, 3.798010270453506, 3.798010270453506, 3.798010270453506, 3.798010270453506, 3.798010270453506, 3.798010270453506, 3.798010270453506, 3.798010270453506, 3.798010270453506, 3.798010270453506, 3.798010270453506, 3.798010270453506, 3.798010270453506, 3.798010270453506, 3.798010270453506, 3.798010270453506, 3.220787277996572, 3.220787277996572, 3.220787277996572, 3.220787277996572, 3.220787277996572, 3.220787277996572, 3.220787277996572, 3.220787277996572, 3.220787277996572, 3.220787277996572, 3.220787277996572, 3.220787277996572, 3.220787277996572, 3.220787277996572, 3.220787277996572, 3.220787277996572, 3.220787277996572, 3.220787277996572, 3.220787277996572, 3.220787277996572, 3.220787277996572, 3.220787277996572, 3.220787277996572, 3.220787277996572, 3.220787277996572, 3.220787277996572, 3.220787277996572, 3.220787277996572, 3.220787277996572, 3.220787277996572, 3.220787277996572, 3.220787277996572, 3.220787277996572, 3.220787277996572, 3.220787277996572, 3.220787277996572, 3.220787277996572, 3.220787277996572, 3.220787277996572, 3.220787277996572, 3.220787277996572, 3.220787277996572, 3.220787277996572, 3.220787277996572, 3.220787277996572, 3.220787277996572, 3.220787277996572, 3.220787277996572, 3.220787277996572, 3.220787277996572, 3.220787277996572, 3.220787277996572, 3.220787277996572, 3.220787277996572, 3.220787277996572, 3.220787277996572, 3.220787277996572, 3.220787277996572, 3.220787277996572, 3.220787277996572, 3.220787277996572, 3.220787277996572, 3.220787277996572, 3.220787277996572, 3.220787277996572, 3.220787277996572, 3.220787277996572, 3.220787277996572, 3.220787277996572, 3.220787277996572, 3.220787277996572, 3.220787277996572, 3.220787277996572, 3.220787277996572, 3.220787277996572, 3.220787277996572, 3.220787277996572]","{""elitism_fraction"": 0.2, ""max_iterations"": 120, ""mutation_fraction"": 0.1, ""population_size"": 40}"
goldstein_price,Goldstein-Price,69,2170,ea,Algoritmo evolutivo,2,"[-2.0, 2.0]","[0.0, -1.0]","[0.0075284318040833575, -0.9950749850620988]",3.016636749162618,0.008996280207245872,120,4840,"[13.013910538139552, 13.013910538139552, 13.013910538139552, 13.013910538139552, 13.013910538139552, 13.013910538139552, 13.013910538139552, 13.013910538139552, 10.969756426069518, 10.969756426069518, 10.969756426069518, 10.969756426069518, 10.969756426069518, 10.969756426069518, 10.59980234522552, 10.59980234522552, 10.59980234522552, 10.59980234522552, 10.59980234522552, 10.59980234522552, 10.59980234522552, 10.59980234522552, 10.59980234522552, 10.59980234522552, 10.59980234522552, 9.934688021495676, 9.934688021495676, 9.934688021495676, 9.934688021495676, 9.934688021495676, 3.7352336137819866, 3.7352336137819866, 3.7352336137819866, 3.7352336137819866, 3.7352336137819866, 3.7352336137819866, 3.7352336137819866, 3.7352336137819866, 3.7352336137819866, 3.7352336137819866, 3.7352336137819866, 3.7352336137819866, 3.7352336137819866, 3.7352336137819866, 3.7352336137819866, 3.7352336137819866, 3.7352336137819866, 3.7352336137819866, 3.7352336137819866, 3.7352336137819866, 3.7352336137819866, 3.7352336137819866, 3.7352336137819866, 3.7352336137819866, 3.7352336137819866, 3.7352336137819866, 3.7352336137819866, 3.7352336137819866, 3.7352336137819866, 3.7352336137819866, 3.7352336137819866, 3.7352336137819866, 3.7352336137819866, 3.7352336137819866, 3.7352336137819866, 3.7352336137819866, 3.7352336137819866, 3.7352336137819866, 3.7352336137819866, 3.5954415768841606, 3.5954415768841606, 3.5954415768841606, 3.5954415768841606, 3.5954415768841606, 3.5954415768841606, 3.195452130624176, 3.195452130624176, 3.195452130624176, 3.195452130624176, 3.195452130624176, 3.195452130624176, 3.195452130624176, 3.1952083238193585, 3.1952083238193585, 3.1952083238193585, 3.016636749162618, 3.016636749162618, 3.016636749162618, 3.016636749162618, 3.016636749162618, 3.016636749162618, 3.016636749162618, 3.016636749162618, 3.016636749162618, 3.016636749162618, 3.016636749162618, 3.016636749162618, 3.016636749162618, 3.016636749162618, 3.016636749162618, 3.016636749162618, 3.016636749162618, 3.016636749162618, 3.016636749162618, 3.016636749162618, 3.016636749162618, 3.016636749162618, 3.016636749162618, 3.016636749162618, 3.016636749162618, 3.016636749162618, 3.016636749162618, 3.016636749162618, 3.016636749162618, 3.016636749162618, 3.016636749162618, 3.016636749162618, 3.016636749162618, 3.016636749162618, 3.016636749162618, 3.016636749162618]","{""elitism_fraction"": 0.2, ""max_iterations"": 120, ""mutation_fraction"": 0.1, ""population_size"": 40}"
goldstein_price,Goldstein-Price,70,2162,ea,Algoritmo evolutivo,2,"[-2.0, 2.0]","[0.0, -1.0]","[-0.005875506345991877, -1.009919647407358]",3.0390798093236904,0.011529136112827111,120,4840,"[8.121091672624372, 8.121091672624372, 8.121091672624372, 8.121091672624372, 8.121091672624372, 8.121091672624372, 7.782166067205783, 7.782166067205783, 6.801967698302551, 6.801967698302551, 4.619925402560575, 4.619925402560575, 4.619925402560575, 4.619925402560575, 4.619925402560575, 4.619925402560575, 4.619925402560575, 4.619925402560575, 4.619925402560575, 4.619925402560575, 4.619925402560575, 4.619925402560575, 4.619925402560575, 4.619925402560575, 4.619925402560575, 4.619925402560575, 4.619925402560575, 3.0670792165583407, 3.0670792165583407, 3.0670792165583407, 3.0670792165583407, 3.0670792165583407, 3.0670792165583407, 3.0670792165583407, 3.0670792165583407, 3.0670792165583407, 3.0670792165583407, 3.0670792165583407, 3.0670792165583407, 3.0670792165583407, 3.0670792165583407, 3.0670792165583407, 3.0670792165583407, 3.0670792165583407, 3.0670792165583407, 3.0670792165583407, 3.0670792165583407, 3.0670792165583407, 3.0670792165583407, 3.0670792165583407, 3.0670792165583407, 3.0390798093236904, 3.0390798093236904, 3.0390798093236904, 3.0390798093236904, 3.0390798093236904, 3.0390798093236904, 3.0390798093236904, 3.0390798093236904, 3.0390798093236904, 3.0390798093236904, 3.0390798093236904, 3.0390798093236904, 3.0390798093236904, 3.0390798093236904, 3.0390798093236904, 3.0390798093236904, 3.0390798093236904, 3.0390798093236904, 3.0390798093236904, 3.0390798093236904, 3.0390798093236904, 3.0390798093236904, 3.0390798093236904, 3.0390798093236904, 3.0390798093236904, 3.0390798093236904, 3.0390798093236904, 3.0390798093236904, 3.0390798093236904, 3.0390798093236904, 3.0390798093236904, 3.0390798093236904, 3.0390798093236904, 3.0390798093236904, 3.0390798093236904, 3.0390798093236904, 3.0390798093236904, 3.0390798093236904, 3.0390798093236904, 3.0390798093236904, 3.0390798093236904, 3.0390798093236904, 3.0390798093236904, 3.0390798093236904, 3.0390798093236904, 3.0390798093236904, 3.0390798093236904, 3.0390798093236904, 3.0390798093236904, 3.0390798093236904, 3.0390798093236904, 3.0390798093236904, 3.0390798093236904, 3.0390798093236904, 3.0390798093236904, 3.0390798093236904, 3.0390798093236904, 3.0390798093236904, 3.0390798093236904, 3.0390798093236904, 3.0390798093236904, 3.0390798093236904, 3.0390798093236904, 3.0390798093236904, 3.0390798093236904, 3.0390798093236904, 3.0390798093236904, 3.0390798093236904, 3.0390798093236904, 3.0390798093236904]","{""elitism_fraction"": 0.2, ""max_iterations"": 120, ""mutation_fraction"": 0.1, ""population_size"": 40}"
goldstein_price,Goldstein-Price,71,2163,ea,Algoritmo evolutivo,2,"[-2.0, 2.0]","[0.0, -1.0]","[0.03204085045958527, -0.9467301591141348]",4.139914856022903,0.06216343013524027,120,4840,"[21.926432956639317, 21.926432956639317, 21.926432956639317, 21.926432956639317, 21.926432956639317, 21.926432956639317, 21.926432956639317, 21.926432956639317, 21.926432956639317, 21.926432956639317, 21.926432956639317, 21.926432956639317, 18.399903966980716, 18.399903966980716, 18.399903966980716, 18.399903966980716, 18.399903966980716, 18.399903966980716, 18.399903966980716, 18.399903966980716, 18.399903966980716, 18.399903966980716, 18.399903966980716, 18.399903966980716, 18.399903966980716, 18.399903966980716, 18.399903966980716, 18.399903966980716, 18.399903966980716, 18.399903966980716, 18.399903966980716, 18.399903966980716, 18.399903966980716, 18.399903966980716, 18.399903966980716, 18.399903966980716, 18.399903966980716, 18.399903966980716, 18.399903966980716, 18.399903966980716, 18.399903966980716, 18.399903966980716, 18.399903966980716, 18.399903966980716, 18.399903966980716, 18.399903966980716, 18.399903966980716, 18.399903966980716, 18.399903966980716, 18.399903966980716, 18.399903966980716, 18.399903966980716, 18.399903966980716, 18.399903966980716, 18.399903966980716, 18.399903966980716, 18.399903966980716, 17.53749806566909, 17.53749806566909, 17.53749806566909, 17.53749806566909, 17.53749806566909, 17.53749806566909, 17.53749806566909, 17.53749806566909, 17.53749806566909, 17.53749806566909, 17.53749806566909, 17.53749806566909, 17.53749806566909, 17.53749806566909, 4.961035430687101, 4.961035430687101, 4.961035430687101, 4.961035430687101, 4.961035430687101, 4.961035430687101, 4.961035430687101, 4.961035430687101, 4.961035430687101, 4.961035430687101, 4.961035430687101, 4.961035430687101, 4.961035430687101, 4.139914856022903, 4.139914856022903, 4.139914856022903, 4.139914856022903, 4.139914856022903, 4.139914856022903, 4.139914856022903, 4.139914856022903, 4.139914856022903, 4.139914856022903, 4.139914856022903, 4.139914856022903, 4.139914856022903, 4.139914856022903, 4.139914856022903, 4.139914856022903, 4.139914856022903, 4.139914856022903, 4.139914856022903, 4.139914856022903, 4.139914856022903, 4.139914856022903, 4.139914856022903, 4.139914856022903, 4.139914856022903, 4.139914856022903, 4.139914856022903, 4.139914856022903, 4.139914856022903, 4.139914856022903, 4.139914856022903, 4.139914856022903, 4.139914856022903, 4.139914856022903, 4.139914856022903, 4.139914856022903, 4.139914856022903]","{""elitism_fraction"": 0.2, ""max_iterations"": 120, ""mutation_fraction"": 0.1, ""population_size"": 40}"
goldstein_price,Goldstein-Price,72,2164,ea,Algoritmo evolutivo,2,"[-2.0, 2.0]","[0.0, -1.0]","[0.041730797787426166, -0.9980478239380828]",3.4425541469863257,0.04177643444995965,120,4840,"[18.721771252382702, 18.721771252382702, 9.294614465750717, 9.294614465750717, 9.294614465750717, 9.294614465750717, 9.294614465750717, 9.294614465750717, 9.294614465750717, 9.294614465750717, 7.104097956519746, 7.104097956519746, 7.104097956519746, 7.104097956519746, 7.104097956519746, 7.104097956519746, 7.104097956519746, 7.104097956519746, 7.104097956519746, 7.104097956519746, 7.104097956519746, 7.104097956519746, 7.104097956519746, 7.104097956519746, 7.104097956519746, 7.104097956519746, 7.104097956519746, 7.104097956519746, 7.104097956519746, 7.104097956519746, 7.104097956519746, 7.104097956519746, 7.104097956519746, 7.104097956519746, 7.104097956519746, 7.104097956519746, 7.104097956519746, 7.104097956519746, 7.104097956519746, 7.104097956519746, 7.104097956519746, 7.104097956519746, 7.104097956519746, 7.104097956519746, 7.104097956519746, 7.104097956519746, 7.104097956519746, 7.104097956519746, 7.104097956519746, 7.104097956519746, 7.104097956519746, 7.104097956519746, 7.104097956519746, 7.104097956519746, 7.104097956519746, 7.104097956519746, 6.481165980888661, 6.481165980888661, 6.481165980888661, 6.481165980888661, 6.481165980888661, 6.095268869013129, 6.095268869013129, 6.095268869013129, 6.095268869013129, 6.095268869013129, 6.095268869013129, 6.095268869013129, 6.095268869013129, 6.095268869013129, 6.095268869013129, 6.095268869013129, 6.095268869013129, 6.095268869013129, 6.095268869013129, 6.095268869013129, 6.095268869013129, 6.095268869013129, 6.095268869013129, 6.095268869013129, 6.095268869013129, 6.095268869013129, 6.095268869013129, 6.095268869013129, 6.095268869013129, 6.095268869013129, 6.095268869013129, 6.095268869013129, 6.095268869013129, 6.095268869013129, 6.095268869013129, 3.7996402028140106, 3.7996402028140106, 3.7996402028140106, 3.7996402028140106, 3.7996402028140106, 3.4425541469863257, 3.4425541469863257, 3.4425541469863257, 3.4425541469863257, 3.4425541469863257, 3.4425541469863257, 3.4425541469863257, 3.4425541469863257, 3.4425541469863257, 3.4425541469863257, 3.4425541469863257, 3.4425541469863257, 3.4425541469863257, 3.4425541469863257, 3.4425541469863257, 3.4425541469863257, 3.4425541469863257, 3.4425541469863257, 3.4425541469863257, 3.4425541469863257, 3.4425541469863257, 3.4425541469863257, 3.4425541469863257, 3.4425541469863257, 3.4425541469863257]","{""elitism_fraction"": 0.2, ""max_iterations"": 120, ""mutation_fraction"": 0.1, ""population_size"": 40}"
goldstein_price,Goldstein-Price,73,2165,ea,Algoritmo evolutivo,2,"[-2.0, 2.0]","[0.0, -1.0]","[0.03521258917910952, -0.9562874168256696]",3.799380706232584,0.056131242320738725,120,4840,"[24.410650702687445, 24.410650702687445, 16.594756765561783, 16.594756765561783, 15.280971868117803, 15.280971868117803, 15.280971868117803, 15.280971868117803, 15.280971868117803, 15.280971868117803, 15.280971868117803, 15.280971868117803, 15.280971868117803, 15.280971868117803, 15.280971868117803, 15.280971868117803, 15.280971868117803, 15.280971868117803, 15.280971868117803, 15.280971868117803, 15.280971868117803, 15.280971868117803, 15.280971868117803, 15.280971868117803, 15.280971868117803, 15.280971868117803, 15.280971868117803, 15.280971868117803, 15.280971868117803, 12.126261559205915, 12.126261559205915, 12.126261559205915, 12.126261559205915, 12.126261559205915, 12.126261559205915, 5.136558907259874, 5.136558907259874, 5.136558907259874, 5.136558907259874, 5.136558907259874, 5.136558907259874, 5.136558907259874, 5.136558907259874, 5.136558907259874, 5.136558907259874, 5.136558907259874, 5.136558907259874, 5.136558907259874, 5.136558907259874, 5.136558907259874, 5.136558907259874, 5.136558907259874, 5.136558907259874, 4.761027717807388, 4.761027717807388, 4.059176314088652, 4.059176314088652, 4.059176314088652, 3.799380706232584, 3.799380706232584, 3.799380706232584, 3.799380706232584, 3.799380706232584, 3.799380706232584, 3.799380706232584, 3.799380706232584, 3.799380706232584, 3.799380706232584, 3.799380706232584, 3.799380706232584, 3.799380706232584, 3.799380706232584, 3.799380706232584, 3.799380706232584, 3.799380706232584, 3.799380706232584, 3.799380706232584, 3.799380706232584, 3.799380706232584, 3.799380706232584, 3.799380706232584, 3.799380706232584, 3.799380706232584, 3.799380706232584, 3.799380706232584, 3.799380706232584, 3.799380706232584, 3.799380706232584, 3.799380706232584, 3.799380706232584, 3.799380706232584, 3.799380706232584, 3.799380706232584, 3.799380706232584, 3.799380706232584, 3.799380706232584, 3.799380706232584, 3.799380706232584, 3.799380706232584, 3.799380706232584, 3.799380706232584, 3.799380706232584, 3.799380706232584, 3.799380706232584, 3.799380706232584, 3.799380706232584, 3.799380706232584, 3.799380706232584, 3.799380706232584, 3.799380706232584, 3.799380706232584, 3.799380706232584, 3.799380706232584, 3.799380706232584, 3.799380706232584, 3.799380706232584, 3.799380706232584, 3.799380706232584, 3.799380706232584, 3.799380706232584, 3.799380706232584]","{""elitism_fraction"": 0.2, ""max_iterations"": 120, ""mutation_fraction"": 0.1, ""population_size"": 40}"
goldstein_price,Goldstein-Price,74,2166,ea,Algoritmo evolutivo,2,"[-2.0, 2.0]","[0.0, -1.0]","[0.021904910531785227, -0.996134017058798]",3.109625697217222,0.022243446889076795,120,4840,"[18.147719820549558, 3.9296176976434216, 3.9296176976434216, 3.9296176976434216, 3.9296176976434216, 3.9296176976434216, 3.9296176976434216, 3.9296176976434216, 3.5926023559691367, 3.5926023559691367, 3.5926023559691367, 3.5926023559691367, 3.5926023559691367, 3.5926023559691367, 3.5926023559691367, 3.5926023559691367, 3.5926023559691367, 3.5926023559691367, 3.5926023559691367, 3.5926023559691367, 3.5926023559691367, 3.5926023559691367, 3.5926023559691367, 3.5926023559691367, 3.5926023559691367, 3.5926023559691367, 3.5926023559691367, 3.5926023559691367, 3.5926023559691367, 3.5926023559691367, 3.5926023559691367, 3.5926023559691367, 3.5926023559691367, 3.5926023559691367, 3.5926023559691367, 3.5926023559691367, 3.5926023559691367, 3.5926023559691367, 3.5926023559691367, 3.5926023559691367, 3.5926023559691367, 3.5926023559691367, 3.4511808166920606, 3.4511808166920606, 3.136161926471151, 3.136161926471151, 3.136161926471151, 3.136161926471151, 3.136161926471151, 3.109625697217222, 3.109625697217222, 3.109625697217222, 3.109625697217222, 3.109625697217222, 3.109625697217222, 3.109625697217222, 3.109625697217222, 3.109625697217222, 3.109625697217222, 3.109625697217222, 3.109625697217222, 3.109625697217222, 3.109625697217222, 3.109625697217222, 3.109625697217222, 3.109625697217222, 3.109625697217222, 3.109625697217222, 3.109625697217222, 3.109625697217222, 3.109625697217222, 3.109625697217222, 3.109625697217222, 3.109625697217222, 3.109625697217222, 3.109625697217222, 3.109625697217222, 3.109625697217222, 3.109625697217222, 3.109625697217222, 3.109625697217222, 3.109625697217222, 3.109625697217222, 3.109625697217222, 3.109625697217222, 3.109625697217222, 3.109625697217222, 3.109625697217222, 3.109625697217222, 3.109625697217222, 3.109625697217222, 3.109625697217222, 3.109625697217222, 3.109625697217222, 3.109625697217222, 3.109625697217222, 3.109625697217222, 3.109625697217222, 3.109625697217222, 3.109625697217222, 3.109625697217222, 3.109625697217222, 3.109625697217222, 3.109625697217222, 3.109625697217222, 3.109625697217222, 3.109625697217222, 3.109625697217222, 3.109625697217222, 3.109625697217222, 3.109625697217222, 3.109625697217222, 3.109625697217222, 3.109625697217222, 3.109625697217222, 3.109625697217222, 3.109625697217222, 3.109625697217222, 3.109625697217222, 3.109625697217222, 3.109625697217222]","{""elitism_fraction"": 0.2, ""max_iterations"": 120, ""mutation_fraction"": 0.1, ""population_size"": 40}"
goldstein_price,Goldstein-Price,75,2167,ea,Algoritmo evolutivo,2,"[-2.0, 2.0]","[0.0, -1.0]","[-0.012247632096182848, -1.0011244349575814]",3.035431476800311,0.012299140048689556,120,4840,"[65.55470189038556, 64.95038772928577, 46.470456259896196, 46.470456259896196, 32.43207570425787, 14.451199644832641, 12.221936295550359, 12.221936295550359, 12.221936295550359, 12.221936295550359, 12.221936295550359, 10.738970182081943, 9.171607990734287, 8.369367019057654, 3.0472806187713712, 3.0472806187713712, 3.0472806187713712, 3.0472806187713712, 3.0472806187713712, 3.0472806187713712, 3.0472806187713712, 3.0472806187713712, 3.0472806187713712, 3.0472806187713712, 3.0472806187713712, 3.0472806187713712, 3.0472806187713712, 3.0472806187713712, 3.0472806187713712, 3.0472806187713712, 3.0472806187713712, 3.0472806187713712, 3.0472806187713712, 3.0472806187713712, 3.0472806187713712, 3.0472806187713712, 3.0472806187713712, 3.0472806187713712, 3.0472806187713712, 3.035431476800311, 3.035431476800311, 3.035431476800311, 3.035431476800311, 3.035431476800311, 3.035431476800311, 3.035431476800311, 3.035431476800311, 3.035431476800311, 3.035431476800311, 3.035431476800311, 3.035431476800311, 3.035431476800311, 3.035431476800311, 3.035431476800311, 3.035431476800311, 3.035431476800311, 3.035431476800311, 3.035431476800311, 3.035431476800311, 3.035431476800311, 3.035431476800311, 3.035431476800311, 3.035431476800311, 3.035431476800311, 3.035431476800311, 3.035431476800311, 3.035431476800311, 3.035431476800311, 3.035431476800311, 3.035431476800311, 3.035431476800311, 3.035431476800311, 3.035431476800311, 3.035431476800311, 3.035431476800311, 3.035431476800311, 3.035431476800311, 3.035431476800311, 3.035431476800311, 3.035431476800311, 3.035431476800311, 3.035431476800311, 3.035431476800311, 3.035431476800311, 3.035431476800311, 3.035431476800311, 3.035431476800311, 3.035431476800311, 3.035431476800311, 3.035431476800311, 3.035431476800311, 3.035431476800311, 3.035431476800311, 3.035431476800311, 3.035431476800311, 3.035431476800311, 3.035431476800311, 3.035431476800311, 3.035431476800311, 3.035431476800311, 3.035431476800311, 3.035431476800311, 3.035431476800311, 3.035431476800311, 3.035431476800311, 3.035431476800311, 3.035431476800311, 3.035431476800311, 3.035431476800311, 3.035431476800311, 3.035431476800311, 3.035431476800311, 3.035431476800311, 3.035431476800311, 3.035431476800311, 3.035431476800311, 3.035431476800311, 3.035431476800311, 3.035431476800311, 3.035431476800311, 3.035431476800311]","{""elitism_fraction"": 0.2, ""max_iterations"": 120, ""mutation_fraction"": 0.1, ""population_size"": 40}"
goldstein_price,Goldstein-Price,76,2168,ea,Algoritmo evolutivo,2,"[-2.0, 2.0]","[0.0, -1.0]","[0.00818883430984485, -0.9724713617253928]",3.2939664134547932,0.02872077527867691,120,4840,"[3.914842868755716, 3.914842868755716, 3.914842868755716, 3.914842868755716, 3.914842868755716, 3.914842868755716, 3.914842868755716, 3.914842868755716, 3.914842868755716, 3.914842868755716, 3.914842868755716, 3.914842868755716, 3.914842868755716, 3.914842868755716, 3.914842868755716, 3.914842868755716, 3.914842868755716, 3.914842868755716, 3.914842868755716, 3.914842868755716, 3.914842868755716, 3.914842868755716, 3.914842868755716, 3.914842868755716, 3.914842868755716, 3.914842868755716, 3.914842868755716, 3.914842868755716, 3.914842868755716, 3.914842868755716, 3.914842868755716, 3.914842868755716, 3.914842868755716, 3.914842868755716, 3.914842868755716, 3.914842868755716, 3.914842868755716, 3.914842868755716, 3.914842868755716, 3.914842868755716, 3.914842868755716, 3.914842868755716, 3.914842868755716, 3.914842868755716, 3.914842868755716, 3.914842868755716, 3.914842868755716, 3.914842868755716, 3.914842868755716, 3.914842868755716, 3.914842868755716, 3.914842868755716, 3.914842868755716, 3.914842868755716, 3.914842868755716, 3.914842868755716, 3.914842868755716, 3.914842868755716, 3.914842868755716, 3.914842868755716, 3.914842868755716, 3.914842868755716, 3.914842868755716, 3.914842868755716, 3.914842868755716, 3.914842868755716, 3.914842868755716, 3.914842868755716, 3.914842868755716, 3.914842868755716, 3.914842868755716, 3.914842868755716, 3.914842868755716, 3.914842868755716, 3.914842868755716, 3.914842868755716, 3.914842868755716, 3.914842868755716, 3.914842868755716, 3.914842868755716, 3.914842868755716, 3.914842868755716, 3.914842868755716, 3.914842868755716, 3.914842868755716, 3.914842868755716, 3.914842868755716, 3.914842868755716, 3.914842868755716, 3.914842868755716, 3.8404348503575876, 3.8404348503575876, 3.8404348503575876, 3.8404348503575876, 3.8404348503575876, 3.8404348503575876, 3.8404348503575876, 3.8404348503575876, 3.8404348503575876, 3.8404348503575876, 3.8404348503575876, 3.8404348503575876, 3.8404348503575876, 3.8404348503575876, 3.8404348503575876, 3.8404348503575876, 3.8404348503575876, 3.8404348503575876, 3.8404348503575876, 3.8404348503575876, 3.8404348503575876, 3.8404348503575876, 3.2939664134547932, 3.2939664134547932, 3.2939664134547932, 3.2939664134547932, 3.2939664134547932, 3.2939664134547932, 3.2939664134547932, 3.2939664134547932, 3.2939664134547932]","{""elitism_fraction"": 0.2, ""max_iterations"": 120, ""mutation_fraction"": 0.1, ""population_size"": 40}"
goldstein_price,Goldstein-Price,77,2169,ea,Algoritmo evolutivo,2,"[-2.0, 2.0]","[0.0, -1.0]","[0.02957305768150631, -0.9990953116025052]",3.220787277996572,0.029586892397314407,120,4840,"[7.764283553211247, 7.764283553211247, 7.764283553211247, 7.764283553211247, 7.764283553211247, 7.764283553211247, 7.042496841371399, 7.042496841371399, 7.042496841371399, 7.042496841371399, 7.042496841371399, 7.042496841371399, 7.042496841371399, 7.042496841371399, 7.042496841371399, 7.042496841371399, 7.042496841371399, 4.0281181790549905, 4.0281181790549905, 4.0281181790549905, 4.0281181790549905, 4.0281181790549905, 4.0281181790549905, 3.798010270453506, 3.798010270453506, 3.798010270453506, 3.798010270453506, 3.798010270453506, 3.798010270453506, 3.798010270453506, 3.798010270453506, 3.798010270453506, 3.798010270453506, 3.798010270453506, 3.798010270453506, 3.798010270453506, 3.798010270453506, 3.798010270453506, 3.798010270453506, 3.798010270453506, 3.798010270453506, 3.798010270453506, 3.798010270453506, 3.798010270453506, 3.220787277996572, 3.220787277996572, 3.220787277996572, 3.220787277996572, 3.220787277996572, 3.220787277996572, 3.220787277996572, 3.220787277996572, 3.220787277996572, 3.220787277996572, 3.220787277996572, 3.220787277996572, 3.220787277996572, 3.220787277996572, 3.220787277996572, 3.220787277996572, 3.220787277996572, 3.220787277996572, 3.220787277996572, 3.220787277996572, 3.220787277996572, 3.220787277996572, 3.220787277996572, 3.220787277996572, 3.220787277996572, 3.220787277996572, 3.220787277996572, 3.220787277996572, 3.220787277996572, 3.220787277996572, 3.220787277996572, 3.220787277996572, 3.220787277996572, 3.220787277996572, 3.220787277996572, 3.220787277996572, 3.220787277996572, 3.220787277996572, 3.220787277996572, 3.220787277996572, 3.220787277996572, 3.220787277996572, 3.220787277996572, 3.220787277996572, 3.220787277996572, 3.220787277996572, 3.220787277996572, 3.220787277996572, 3.220787277996572, 3.220787277996572, 3.220787277996572, 3.220787277996572, 3.220787277996572, 3.220787277996572, 3.220787277996572, 3.220787277996572, 3.220787277996572, 3.220787277996572, 3.220787277996572, 3.220787277996572, 3.220787277996572, 3.220787277996572, 3.220787277996572, 3.220787277996572, 3.220787277996572, 3.220787277996572, 3.220787277996572, 3.220787277996572, 3.220787277996572, 3.220787277996572, 3.220787277996572, 3.220787277996572, 3.220787277996572, 3.220787277996572, 3.220787277996572, 3.220787277996572, 3.220787277996572]","{""elitism_fraction"": 0.2, ""max_iterations"": 120, ""mutation_fraction"": 0.1, ""population_size"": 40}"
goldstein_price,Goldstein-Price,78,2170,ea,Algoritmo evolutivo,2,"[-2.0, 2.0]","[0.0, -1.0]","[0.0075284318040833575, -0.9950749850620988]",3.016636749162618,0.008996280207245872,120,4840,"[13.013910538139552, 13.013910538139552, 13.013910538139552, 13.013910538139552, 13.013910538139552, 13.013910538139552, 13.013910538139552, 13.013910538139552, 10.969756426069518, 10.969756426069518, 10.969756426069518, 10.969756426069518, 10.969756426069518, 10.969756426069518, 10.59980234522552, 10.59980234522552, 10.59980234522552, 10.59980234522552, 10.59980234522552, 10.59980234522552, 10.59980234522552, 10.59980234522552, 10.59980234522552, 10.59980234522552, 10.59980234522552, 9.934688021495676, 9.934688021495676, 9.934688021495676, 9.934688021495676, 9.934688021495676, 3.7352336137819866, 3.7352336137819866, 3.7352336137819866, 3.7352336137819866, 3.7352336137819866, 3.7352336137819866, 3.7352336137819866, 3.7352336137819866, 3.7352336137819866, 3.7352336137819866, 3.7352336137819866, 3.7352336137819866, 3.7352336137819866, 3.7352336137819866, 3.7352336137819866, 3.7352336137819866, 3.7352336137819866, 3.7352336137819866, 3.7352336137819866, 3.7352336137819866, 3.7352336137819866, 3.7352336137819866, 3.7352336137819866, 3.7352336137819866, 3.7352336137819866, 3.7352336137819866, 3.7352336137819866, 3.7352336137819866, 3.7352336137819866, 3.7352336137819866, 3.7352336137819866, 3.7352336137819866, 3.7352336137819866, 3.7352336137819866, 3.7352336137819866, 3.7352336137819866, 3.7352336137819866, 3.7352336137819866, 3.7352336137819866, 3.5954415768841606, 3.5954415768841606, 3.5954415768841606, 3.5954415768841606, 3.5954415768841606, 3.5954415768841606, 3.195452130624176, 3.195452130624176, 3.195452130624176, 3.195452130624176, 3.195452130624176, 3.195452130624176, 3.195452130624176, 3.1952083238193585, 3.1952083238193585, 3.1952083238193585, 3.016636749162618, 3.016636749162618, 3.016636749162618, 3.016636749162618, 3.016636749162618, 3.016636749162618, 3.016636749162618, 3.016636749162618, 3.016636749162618, 3.016636749162618, 3.016636749162618, 3.016636749162618, 3.016636749162618, 3.016636749162618, 3.016636749162618, 3.016636749162618, 3.016636749162618, 3.016636749162618, 3.016636749162618, 3.016636749162618, 3.016636749162618, 3.016636749162618, 3.016636749162618, 3.016636749162618, 3.016636749162618, 3.016636749162618, 3.016636749162618, 3.016636749162618, 3.016636749162618, 3.016636749162618, 3.016636749162618, 3.016636749162618, 3.016636749162618, 3.016636749162618, 3.016636749162618, 3.016636749162618]","{""elitism_fraction"": 0.2, ""max_iterations"": 120, ""mutation_fraction"": 0.1, ""population_size"": 40}"
goldstein_price,Goldstein-Price,79,2171,ea,Algoritmo evolutivo,2,"[-2.0, 2.0]","[0.0, -1.0]","[0.04090823555063494, -0.9956117763140546]",3.4049511482255697,0.04114292457986093,120,4840,"[30.699794219185744, 13.072226773343798, 13.072226773343798, 13.072226773343798, 13.072226773343798, 13.072226773343798, 13.072226773343798, 13.072226773343798, 13.072226773343798, 13.072226773343798, 13.072226773343798, 13.072226773343798, 13.072226773343798, 13.072226773343798, 13.072226773343798, 13.072226773343798, 13.072226773343798, 13.072226773343798, 9.544945823291364, 9.544945823291364, 9.544945823291364, 9.544945823291364, 9.544945823291364, 9.544945823291364, 9.544945823291364, 9.544945823291364, 9.544945823291364, 9.544945823291364, 9.544945823291364, 9.240324051997053, 9.240324051997053, 9.240324051997053, 9.240324051997053, 9.240324051997053, 9.240324051997053, 9.240324051997053, 9.240324051997053, 9.240324051997053, 6.350093388713695, 6.350093388713695, 6.350093388713695, 6.350093388713695, 6.350093388713695, 6.350093388713695, 6.350093388713695, 6.350093388713695, 6.350093388713695, 6.350093388713695, 6.350093388713695, 6.350093388713695, 6.350093388713695, 6.350093388713695, 6.350093388713695, 6.350093388713695, 3.4049511482255697, 3.4049511482255697, 3.4049511482255697, 3.4049511482255697, 3.4049511482255697, 3.4049511482255697, 3.4049511482255697, 3.4049511482255697, 3.4049511482255697, 3.4049511482255697, 3.4049511482255697, 3.4049511482255697, 3.4049511482255697, 3.4049511482255697, 3.4049511482255697, 3.4049511482255697, 3.4049511482255697, 3.4049511482255697, 3.4049511482255697, 3.4049511482255697, 3.4049511482255697, 3.4049511482255697, 3.4049511482255697, 3.4049511482255697, 3.4049511482255697, 3.4049511482255697, 3.4049511482255697, 3.4049511482255697, 3.4049511482255697, 3.4049511482255697, 3.4049511482255697, 3.4049511482255697, 3.4049511482255697, 3.4049511482255697, 3.4049511482255697, 3.4049511482255697, 3.4049511482255697, 3.4049511482255697, 3.4049511482255697, 3.4049511482255697, 3.4049511482255697, 3.4049511482255697, 3.4049511482255697, 3.4049511482255697, 3.4049511482255697, 3.4049511482255697, 3.4049511482255697, 3.4049511482255697, 3.4049511482255697, 3.4049511482255697, 3.4049511482255697, 3.4049511482255697, 3.4049511482255697, 3.4049511482255697, 3.4049511482255697, 3.4049511482255697, 3.4049511482255697, 3.4049511482255697, 3.4049511482255697, 3.4049511482255697, 3.4049511482255697, 3.4049511482255697, 3.4049511482255697, 3.4049511482255697, 3.4049511482255697, 3.4049511482255697, 3.4049511482255697]","{""elitism_fraction"": 0.2, ""max_iterations"": 120, ""mutation_fraction"": 0.1, ""population_size"": 40}"
goldstein_price,Goldstein-Price,80,2163,ea,Algoritmo evolutivo,2,"[-2.0, 2.0]","[0.0, -1.0]","[0.03204085045958527, -0.9467301591141348]",4.139914856022903,0.06216343013524027,120,4840,"[21.926432956639317, 21.926432956639317, 21.926432956639317, 21.926432956639317, 21.926432956639317, 21.926432956639317, 21.926432956639317, 21.926432956639317, 21.926432956639317, 21.926432956639317, 21.926432956639317, 21.926432956639317, 18.399903966980716, 18.399903966980716, 18.399903966980716, 18.399903966980716, 18.399903966980716, 18.399903966980716, 18.399903966980716, 18.399903966980716, 18.399903966980716, 18.399903966980716, 18.399903966980716, 18.399903966980716, 18.399903966980716, 18.399903966980716, 18.399903966980716, 18.399903966980716, 18.399903966980716, 18.399903966980716, 18.399903966980716, 18.399903966980716, 18.399903966980716, 18.399903966980716, 18.399903966980716, 18.399903966980716, 18.399903966980716, 18.399903966980716, 18.399903966980716, 18.399903966980716, 18.399903966980716, 18.399903966980716, 18.399903966980716, 18.399903966980716, 18.399903966980716, 18.399903966980716, 18.399903966980716, 18.399903966980716, 18.399903966980716, 18.399903966980716, 18.399903966980716, 18.399903966980716, 18.399903966980716, 18.399903966980716, 18.399903966980716, 18.399903966980716, 18.399903966980716, 17.53749806566909, 17.53749806566909, 17.53749806566909, 17.53749806566909, 17.53749806566909, 17.53749806566909, 17.53749806566909, 17.53749806566909, 17.53749806566909, 17.53749806566909, 17.53749806566909, 17.53749806566909, 17.53749806566909, 17.53749806566909, 4.961035430687101, 4.961035430687101, 4.961035430687101, 4.961035430687101, 4.961035430687101, 4.961035430687101, 4.961035430687101, 4.961035430687101, 4.961035430687101, 4.961035430687101, 4.961035430687101, 4.961035430687101, 4.961035430687101, 4.139914856022903, 4.139914856022903, 4.139914856022903, 4.139914856022903, 4.139914856022903, 4.139914856022903, 4.139914856022903, 4.139914856022903, 4.139914856022903, 4.139914856022903, 4.139914856022903, 4.139914856022903, 4.139914856022903, 4.139914856022903, 4.139914856022903, 4.139914856022903, 4.139914856022903, 4.139914856022903, 4.139914856022903, 4.139914856022903, 4.139914856022903, 4.139914856022903, 4.139914856022903, 4.139914856022903, 4.139914856022903, 4.139914856022903, 4.139914856022903, 4.139914856022903, 4.139914856022903, 4.139914856022903, 4.139914856022903, 4.139914856022903, 4.139914856022903, 4.139914856022903, 4.139914856022903, 4.139914856022903, 4.139914856022903]","{""elitism_fraction"": 0.2, ""max_iterations"": 120, ""mutation_fraction"": 0.1, ""population_size"": 40}"
goldstein_price,Goldstein-Price,81,2164,ea,Algoritmo evolutivo,2,"[-2.0, 2.0]","[0.0, -1.0]","[0.041730797787426166, -0.9980478239380828]",3.4425541469863257,0.04177643444995965,120,4840,"[18.721771252382702, 18.721771252382702, 9.294614465750717, 9.294614465750717, 9.294614465750717, 9.294614465750717, 9.294614465750717, 9.294614465750717, 9.294614465750717, 9.294614465750717, 7.104097956519746, 7.104097956519746, 7.104097956519746, 7.104097956519746, 7.104097956519746, 7.104097956519746, 7.104097956519746, 7.104097956519746, 7.104097956519746, 7.104097956519746, 7.104097956519746, 7.104097956519746, 7.104097956519746, 7.104097956519746, 7.104097956519746, 7.104097956519746, 7.104097956519746, 7.104097956519746, 7.104097956519746, 7.104097956519746, 7.104097956519746, 7.104097956519746, 7.104097956519746, 7.104097956519746, 7.104097956519746, 7.104097956519746, 7.104097956519746, 7.104097956519746, 7.104097956519746, 7.104097956519746, 7.104097956519746, 7.104097956519746, 7.104097956519746, 7.104097956519746, 7.104097956519746, 7.104097956519746, 7.104097956519746, 7.104097956519746, 7.104097956519746, 7.104097956519746, 7.104097956519746, 7.104097956519746, 7.104097956519746, 7.104097956519746, 7.104097956519746, 7.104097956519746, 6.481165980888661, 6.481165980888661, 6.481165980888661, 6.481165980888661, 6.481165980888661, 6.095268869013129, 6.095268869013129, 6.095268869013129, 6.095268869013129, 6.095268869013129, 6.095268869013129, 6.095268869013129, 6.095268869013129, 6.095268869013129, 6.095268869013129, 6.095268869013129, 6.095268869013129, 6.095268869013129, 6.095268869013129, 6.095268869013129, 6.095268869013129, 6.095268869013129, 6.095268869013129, 6.095268869013129, 6.095268869013129, 6.095268869013129, 6.095268869013129, 6.095268869013129, 6.095268869013129, 6.095268869013129, 6.095268869013129, 6.095268869013129, 6.095268869013129, 6.095268869013129, 6.095268869013129, 3.7996402028140106, 3.7996402028140106, 3.7996402028140106, 3.7996402028140106, 3.7996402028140106, 3.4425541469863257, 3.4425541469863257, 3.4425541469863257, 3.4425541469863257, 3.4425541469863257, 3.4425541469863257, 3.4425541469863257, 3.4425541469863257, 3.4425541469863257, 3.4425541469863257, 3.4425541469863257, 3.4425541469863257, 3.4425541469863257, 3.4425541469863257, 3.4425541469863257, 3.4425541469863257, 3.4425541469863257, 3.4425541469863257, 3.4425541469863257, 3.4425541469863257, 3.4425541469863257, 3.4425541469863257, 3.4425541469863257, 3.4425541469863257, 3.4425541469863257]","{""elitism_fraction"": 0.2, ""max_iterations"": 120, ""mutation_fraction"": 0.1, ""population_size"": 40}"
goldstein_price,Goldstein-Price,82,2165,ea,Algoritmo evolutivo,2,"[-2.0, 2.0]","[0.0, -1.0]","[0.03521258917910952, -0.9562874168256696]",3.799380706232584,0.056131242320738725,120,4840,"[24.410650702687445, 24.410650702687445, 16.594756765561783, 16.594756765561783, 15.280971868117803, 15.280971868117803, 15.280971868117803, 15.280971868117803, 15.280971868117803, 15.280971868117803, 15.280971868117803, 15.280971868117803, 15.280971868117803, 15.280971868117803, 15.280971868117803, 15.280971868117803, 15.280971868117803, 15.280971868117803, 15.280971868117803, 15.280971868117803, 15.280971868117803, 15.280971868117803, 15.280971868117803, 15.280971868117803, 15.280971868117803, 15.280971868117803, 15.280971868117803, 15.280971868117803, 15.280971868117803, 12.126261559205915, 12.126261559205915, 12.126261559205915, 12.126261559205915, 12.126261559205915, 12.126261559205915, 5.136558907259874, 5.136558907259874, 5.136558907259874, 5.136558907259874, 5.136558907259874, 5.136558907259874, 5.136558907259874, 5.136558907259874, 5.136558907259874, 5.136558907259874, 5.136558907259874, 5.136558907259874, 5.136558907259874, 5.136558907259874, 5.136558907259874, 5.136558907259874, 5.136558907259874, 5.136558907259874, 4.761027717807388, 4.761027717807388, 4.059176314088652, 4.059176314088652, 4.059176314088652, 3.799380706232584, 3.799380706232584, 3.799380706232584, 3.799380706232584, 3.799380706232584, 3.799380706232584, 3.799380706232584, 3.799380706232584, 3.799380706232584, 3.799380706232584, 3.799380706232584, 3.799380706232584, 3.799380706232584, 3.799380706232584, 3.799380706232584, 3.799380706232584, 3.799380706232584, 3.799380706232584, 3.799380706232584, 3.799380706232584, 3.799380706232584, 3.799380706232584, 3.799380706232584, 3.799380706232584, 3.799380706232584, 3.799380706232584, 3.799380706232584, 3.799380706232584, 3.799380706232584, 3.799380706232584, 3.799380706232584, 3.799380706232584, 3.799380706232584, 3.799380706232584, 3.799380706232584, 3.799380706232584, 3.799380706232584, 3.799380706232584, 3.799380706232584, 3.799380706232584, 3.799380706232584, 3.799380706232584, 3.799380706232584, 3.799380706232584, 3.799380706232584, 3.799380706232584, 3.799380706232584, 3.799380706232584, 3.799380706232584, 3.799380706232584, 3.799380706232584, 3.799380706232584, 3.799380706232584, 3.799380706232584, 3.799380706232584, 3.799380706232584, 3.799380706232584, 3.799380706232584, 3.799380706232584, 3.799380706232584, 3.799380706232584, 3.799380706232584, 3.799380706232584]","{""elitism_fraction"": 0.2, ""max_iterations"": 120, ""mutation_fraction"": 0.1, ""population_size"": 40}"
goldstein_price,Goldstein-Price,83,2166,ea,Algoritmo evolutivo,2,"[-2.0, 2.0]","[0.0, -1.0]","[0.021904910531785227, -0.996134017058798]",3.109625697217222,0.022243446889076795,120,4840,"[18.147719820549558, 3.9296176976434216, 3.9296176976434216, 3.9296176976434216, 3.9296176976434216, 3.9296176976434216, 3.9296176976434216, 3.9296176976434216, 3.5926023559691367, 3.5926023559691367, 3.5926023559691367, 3.5926023559691367, 3.5926023559691367, 3.5926023559691367, 3.5926023559691367, 3.5926023559691367, 3.5926023559691367, 3.5926023559691367, 3.5926023559691367, 3.5926023559691367, 3.5926023559691367, 3.5926023559691367, 3.5926023559691367, 3.5926023559691367, 3.5926023559691367, 3.5926023559691367, 3.5926023559691367, 3.5926023559691367, 3.5926023559691367, 3.5926023559691367, 3.5926023559691367, 3.5926023559691367, 3.5926023559691367, 3.5926023559691367, 3.5926023559691367, 3.5926023559691367, 3.5926023559691367, 3.5926023559691367, 3.5926023559691367, 3.5926023559691367, 3.5926023559691367, 3.5926023559691367, 3.4511808166920606, 3.4511808166920606, 3.136161926471151, 3.136161926471151, 3.136161926471151, 3.136161926471151, 3.136161926471151, 3.109625697217222, 3.109625697217222, 3.109625697217222, 3.109625697217222, 3.109625697217222, 3.109625697217222, 3.109625697217222, 3.109625697217222, 3.109625697217222, 3.109625697217222, 3.109625697217222, 3.109625697217222, 3.109625697217222, 3.109625697217222, 3.109625697217222, 3.109625697217222, 3.109625697217222, 3.109625697217222, 3.109625697217222, 3.109625697217222, 3.109625697217222, 3.109625697217222, 3.109625697217222, 3.109625697217222, 3.109625697217222, 3.109625697217222, 3.109625697217222, 3.109625697217222, 3.109625697217222, 3.109625697217222, 3.109625697217222, 3.109625697217222, 3.109625697217222, 3.109625697217222, 3.109625697217222, 3.109625697217222, 3.109625697217222, 3.109625697217222, 3.109625697217222, 3.109625697217222, 3.109625697217222, 3.109625697217222, 3.109625697217222, 3.109625697217222, 3.109625697217222, 3.109625697217222, 3.109625697217222, 3.109625697217222, 3.109625697217222, 3.109625697217222, 3.109625697217222, 3.109625697217222, 3.109625697217222, 3.109625697217222, 3.109625697217222, 3.109625697217222, 3.109625697217222, 3.109625697217222, 3.109625697217222, 3.109625697217222, 3.109625697217222, 3.109625697217222, 3.109625697217222, 3.109625697217222, 3.109625697217222, 3.109625697217222, 3.109625697217222, 3.109625697217222, 3.109625697217222, 3.109625697217222, 3.109625697217222, 3.109625697217222]","{""elitism_fraction"": 0.2, ""max_iterations"": 120, ""mutation_fraction"": 0.1, ""population_size"": 40}"
goldstein_price,Goldstein-Price,84,2167,ea,Algoritmo evolutivo,2,"[-2.0, 2.0]","[0.0, -1.0]","[-0.012247632096182848, -1.0011244349575814]",3.035431476800311,0.012299140048689556,120,4840,"[65.55470189038556, 64.95038772928577, 46.470456259896196, 46.470456259896196, 32.43207570425787, 14.451199644832641, 12.221936295550359, 12.221936295550359, 12.221936295550359, 12.221936295550359, 12.221936295550359, 10.738970182081943, 9.171607990734287, 8.369367019057654, 3.0472806187713712, 3.0472806187713712, 3.0472806187713712, 3.0472806187713712, 3.0472806187713712, 3.0472806187713712, 3.0472806187713712, 3.0472806187713712, 3.0472806187713712, 3.0472806187713712, 3.0472806187713712, 3.0472806187713712, 3.0472806187713712, 3.0472806187713712, 3.0472806187713712, 3.0472806187713712, 3.0472806187713712, 3.0472806187713712, 3.0472806187713712, 3.0472806187713712, 3.0472806187713712, 3.0472806187713712, 3.0472806187713712, 3.0472806187713712, 3.0472806187713712, 3.035431476800311, 3.035431476800311, 3.035431476800311, 3.035431476800311, 3.035431476800311, 3.035431476800311, 3.035431476800311, 3.035431476800311, 3.035431476800311, 3.035431476800311, 3.035431476800311, 3.035431476800311, 3.035431476800311, 3.035431476800311, 3.035431476800311, 3.035431476800311, 3.035431476800311, 3.035431476800311, 3.035431476800311, 3.035431476800311, 3.035431476800311, 3.035431476800311, 3.035431476800311, 3.035431476800311, 3.035431476800311, 3.035431476800311, 3.035431476800311, 3.035431476800311, 3.035431476800311, 3.035431476800311, 3.035431476800311, 3.035431476800311, 3.035431476800311, 3.035431476800311, 3.035431476800311, 3.035431476800311, 3.035431476800311, 3.035431476800311, 3.035431476800311, 3.035431476800311, 3.035431476800311, 3.035431476800311, 3.035431476800311, 3.035431476800311, 3.035431476800311, 3.035431476800311, 3.035431476800311, 3.035431476800311, 3.035431476800311, 3.035431476800311, 3.035431476800311, 3.035431476800311, 3.035431476800311, 3.035431476800311, 3.035431476800311, 3.035431476800311, 3.035431476800311, 3.035431476800311, 3.035431476800311, 3.035431476800311, 3.035431476800311, 3.035431476800311, 3.035431476800311, 3.035431476800311, 3.035431476800311, 3.035431476800311, 3.035431476800311, 3.035431476800311, 3.035431476800311, 3.035431476800311, 3.035431476800311, 3.035431476800311, 3.035431476800311, 3.035431476800311, 3.035431476800311, 3.035431476800311, 3.035431476800311, 3.035431476800311, 3.035431476800311, 3.035431476800311, 3.035431476800311, 3.035431476800311]","{""elitism_fraction"": 0.2, ""max_iterations"": 120, ""mutation_fraction"": 0.1, ""population_size"": 40}"
goldstein_price,Goldstein-Price,85,2168,ea,Algoritmo evolutivo,2,"[-2.0, 2.0]","[0.0, -1.0]","[0.00818883430984485, -0.9724713617253928]",3.2939664134547932,0.02872077527867691,120,4840,"[3.914842868755716, 3.914842868755716, 3.914842868755716, 3.914842868755716, 3.914842868755716, 3.914842868755716, 3.914842868755716, 3.914842868755716, 3.914842868755716, 3.914842868755716, 3.914842868755716, 3.914842868755716, 3.914842868755716, 3.914842868755716, 3.914842868755716, 3.914842868755716, 3.914842868755716, 3.914842868755716, 3.914842868755716, 3.914842868755716, 3.914842868755716, 3.914842868755716, 3.914842868755716, 3.914842868755716, 3.914842868755716, 3.914842868755716, 3.914842868755716, 3.914842868755716, 3.914842868755716, 3.914842868755716, 3.914842868755716, 3.914842868755716, 3.914842868755716, 3.914842868755716, 3.914842868755716, 3.914842868755716, 3.914842868755716, 3.914842868755716, 3.914842868755716, 3.914842868755716, 3.914842868755716, 3.914842868755716, 3.914842868755716, 3.914842868755716, 3.914842868755716, 3.914842868755716, 3.914842868755716, 3.914842868755716, 3.914842868755716, 3.914842868755716, 3.914842868755716, 3.914842868755716, 3.914842868755716, 3.914842868755716, 3.914842868755716, 3.914842868755716, 3.914842868755716, 3.914842868755716, 3.914842868755716, 3.914842868755716, 3.914842868755716, 3.914842868755716, 3.914842868755716, 3.914842868755716, 3.914842868755716, 3.914842868755716, 3.914842868755716, 3.914842868755716, 3.914842868755716, 3.914842868755716, 3.914842868755716, 3.914842868755716, 3.914842868755716, 3.914842868755716, 3.914842868755716, 3.914842868755716, 3.914842868755716, 3.914842868755716, 3.914842868755716, 3.914842868755716, 3.914842868755716, 3.914842868755716, 3.914842868755716, 3.914842868755716, 3.914842868755716, 3.914842868755716, 3.914842868755716, 3.914842868755716, 3.914842868755716, 3.914842868755716, 3.8404348503575876, 3.8404348503575876, 3.8404348503575876, 3.8404348503575876, 3.8404348503575876, 3.8404348503575876, 3.8404348503575876, 3.8404348503575876, 3.8404348503575876, 3.8404348503575876, 3.8404348503575876, 3.8404348503575876, 3.8404348503575876, 3.8404348503575876, 3.8404348503575876, 3.8404348503575876, 3.8404348503575876, 3.8404348503575876, 3.8404348503575876, 3.8404348503575876, 3.8404348503575876, 3.8404348503575876, 3.2939664134547932, 3.2939664134547932, 3.2939664134547932, 3.2939664134547932, 3.2939664134547932, 3.2939664134547932, 3.2939664134547932, 3.2939664134547932, 3.2939664134547932]","{""elitism_fraction"": 0.2, ""max_iterations"": 120, ""mutation_fraction"": 0.1, ""population_size"": 40}"
goldstein_price,Goldstein-Price,86,2169,ea,Algoritmo evolutivo,2,"[-2.0, 2.0]","[0.0, -1.0]","[0.02957305768150631, -0.9990953116025052]",3.220787277996572,0.029586892397314407,120,4840,"[7.764283553211247, 7.764283553211247, 7.764283553211247, 7.764283553211247, 7.764283553211247, 7.764283553211247, 7.042496841371399, 7.042496841371399, 7.042496841371399, 7.042496841371399, 7.042496841371399, 7.042496841371399, 7.042496841371399, 7.042496841371399, 7.042496841371399, 7.042496841371399, 7.042496841371399, 4.0281181790549905, 4.0281181790549905, 4.0281181790549905, 4.0281181790549905, 4.0281181790549905, 4.0281181790549905, 3.798010270453506, 3.798010270453506, 3.798010270453506, 3.798010270453506, 3.798010270453506, 3.798010270453506, 3.798010270453506, 3.798010270453506, 3.798010270453506, 3.798010270453506, 3.798010270453506, 3.798010270453506, 3.798010270453506, 3.798010270453506, 3.798010270453506, 3.798010270453506, 3.798010270453506, 3.798010270453506, 3.798010270453506, 3.798010270453506, 3.798010270453506, 3.220787277996572, 3.220787277996572, 3.220787277996572, 3.220787277996572, 3.220787277996572, 3.220787277996572, 3.220787277996572, 3.220787277996572, 3.220787277996572, 3.220787277996572, 3.220787277996572, 3.220787277996572, 3.220787277996572, 3.220787277996572, 3.220787277996572, 3.220787277996572, 3.220787277996572, 3.220787277996572, 3.220787277996572, 3.220787277996572, 3.220787277996572, 3.220787277996572, 3.220787277996572, 3.220787277996572, 3.220787277996572, 3.220787277996572, 3.220787277996572, 3.220787277996572, 3.220787277996572, 3.220787277996572, 3.220787277996572, 3.220787277996572, 3.220787277996572, 3.220787277996572, 3.220787277996572, 3.220787277996572, 3.220787277996572, 3.220787277996572, 3.220787277996572, 3.220787277996572, 3.220787277996572, 3.220787277996572, 3.220787277996572, 3.220787277996572, 3.220787277996572, 3.220787277996572, 3.220787277996572, 3.220787277996572, 3.220787277996572, 3.220787277996572, 3.220787277996572, 3.220787277996572, 3.220787277996572, 3.220787277996572, 3.220787277996572, 3.220787277996572, 3.220787277996572, 3.220787277996572, 3.220787277996572, 3.220787277996572, 3.220787277996572, 3.220787277996572, 3.220787277996572, 3.220787277996572, 3.220787277996572, 3.220787277996572, 3.220787277996572, 3.220787277996572, 3.220787277996572, 3.220787277996572, 3.220787277996572, 3.220787277996572, 3.220787277996572, 3.220787277996572, 3.220787277996572, 3.220787277996572, 3.220787277996572]","{""elitism_fraction"": 0.2, ""max_iterations"": 120, ""mutation_fraction"": 0.1, ""population_size"": 40}"
goldstein_price,Goldstein-Price,87,2170,ea,Algoritmo evolutivo,2,"[-2.0, 2.0]","[0.0, -1.0]","[0.0075284318040833575, -0.9950749850620988]",3.016636749162618,0.008996280207245872,120,4840,"[13.013910538139552, 13.013910538139552, 13.013910538139552, 13.013910538139552, 13.013910538139552, 13.013910538139552, 13.013910538139552, 13.013910538139552, 10.969756426069518, 10.969756426069518, 10.969756426069518, 10.969756426069518, 10.969756426069518, 10.969756426069518, 10.59980234522552, 10.59980234522552, 10.59980234522552, 10.59980234522552, 10.59980234522552, 10.59980234522552, 10.59980234522552, 10.59980234522552, 10.59980234522552, 10.59980234522552, 10.59980234522552, 9.934688021495676, 9.934688021495676, 9.934688021495676, 9.934688021495676, 9.934688021495676, 3.7352336137819866, 3.7352336137819866, 3.7352336137819866, 3.7352336137819866, 3.7352336137819866, 3.7352336137819866, 3.7352336137819866, 3.7352336137819866, 3.7352336137819866, 3.7352336137819866, 3.7352336137819866, 3.7352336137819866, 3.7352336137819866, 3.7352336137819866, 3.7352336137819866, 3.7352336137819866, 3.7352336137819866, 3.7352336137819866, 3.7352336137819866, 3.7352336137819866, 3.7352336137819866, 3.7352336137819866, 3.7352336137819866, 3.7352336137819866, 3.7352336137819866, 3.7352336137819866, 3.7352336137819866, 3.7352336137819866, 3.7352336137819866, 3.7352336137819866, 3.7352336137819866, 3.7352336137819866, 3.7352336137819866, 3.7352336137819866, 3.7352336137819866, 3.7352336137819866, 3.7352336137819866, 3.7352336137819866, 3.7352336137819866, 3.5954415768841606, 3.5954415768841606, 3.5954415768841606, 3.5954415768841606, 3.5954415768841606, 3.5954415768841606, 3.195452130624176, 3.195452130624176, 3.195452130624176, 3.195452130624176, 3.195452130624176, 3.195452130624176, 3.195452130624176, 3.1952083238193585, 3.1952083238193585, 3.1952083238193585, 3.016636749162618, 3.016636749162618, 3.016636749162618, 3.016636749162618, 3.016636749162618, 3.016636749162618, 3.016636749162618, 3.016636749162618, 3.016636749162618, 3.016636749162618, 3.016636749162618, 3.016636749162618, 3.016636749162618, 3.016636749162618, 3.016636749162618, 3.016636749162618, 3.016636749162618, 3.016636749162618, 3.016636749162618, 3.016636749162618, 3.016636749162618, 3.016636749162618, 3.016636749162618, 3.016636749162618, 3.016636749162618, 3.016636749162618, 3.016636749162618, 3.016636749162618, 3.016636749162618, 3.016636749162618, 3.016636749162618, 3.016636749162618, 3.016636749162618, 3.016636749162618, 3.016636749162618, 3.016636749162618]","{""elitism_fraction"": 0.2, ""max_iterations"": 120, ""mutation_fraction"": 0.1, ""population_size"": 40}"
goldstein_price,Goldstein-Price,88,2171,ea,Algoritmo evolutivo,2,"[-2.0, 2.0]","[0.0, -1.0]","[0.04090823555063494, -0.9956117763140546]",3.4049511482255697,0.04114292457986093,120,4840,"[30.699794219185744, 13.072226773343798, 13.072226773343798, 13.072226773343798, 13.072226773343798, 13.072226773343798, 13.072226773343798, 13.072226773343798, 13.072226773343798, 13.072226773343798, 13.072226773343798, 13.072226773343798, 13.072226773343798, 13.072226773343798, 13.072226773343798, 13.072226773343798, 13.072226773343798, 13.072226773343798, 9.544945823291364, 9.544945823291364, 9.544945823291364, 9.544945823291364, 9.544945823291364, 9.544945823291364, 9.544945823291364, 9.544945823291364, 9.544945823291364, 9.544945823291364, 9.544945823291364, 9.240324051997053, 9.240324051997053, 9.240324051997053, 9.240324051997053, 9.240324051997053, 9.240324051997053, 9.240324051997053, 9.240324051997053, 9.240324051997053, 6.350093388713695, 6.350093388713695, 6.350093388713695, 6.350093388713695, 6.350093388713695, 6.350093388713695, 6.350093388713695, 6.350093388713695, 6.350093388713695, 6.350093388713695, 6.350093388713695, 6.350093388713695, 6.350093388713695, 6.350093388713695, 6.350093388713695, 6.350093388713695, 3.4049511482255697, 3.4049511482255697, 3.4049511482255697, 3.4049511482255697, 3.4049511482255697, 3.4049511482255697, 3.4049511482255697, 3.4049511482255697, 3.4049511482255697, 3.4049511482255697, 3.4049511482255697, 3.4049511482255697, 3.4049511482255697, 3.4049511482255697, 3.4049511482255697, 3.4049511482255697, 3.4049511482255697, 3.4049511482255697, 3.4049511482255697, 3.4049511482255697, 3.4049511482255697, 3.4049511482255697, 3.4049511482255697, 3.4049511482255697, 3.4049511482255697, 3.4049511482255697, 3.4049511482255697, 3.4049511482255697, 3.4049511482255697, 3.4049511482255697, 3.4049511482255697, 3.4049511482255697, 3.4049511482255697, 3.4049511482255697, 3.4049511482255697, 3.4049511482255697, 3.4049511482255697, 3.4049511482255697, 3.4049511482255697, 3.4049511482255697, 3.4049511482255697, 3.4049511482255697, 3.4049511482255697, 3.4049511482255697, 3.4049511482255697, 3.4049511482255697, 3.4049511482255697, 3.4049511482255697, 3.4049511482255697, 3.4049511482255697, 3.4049511482255697, 3.4049511482255697, 3.4049511482255697, 3.4049511482255697, 3.4049511482255697, 3.4049511482255697, 3.4049511482255697, 3.4049511482255697, 3.4049511482255697, 3.4049511482255697, 3.4049511482255697, 3.4049511482255697, 3.4049511482255697, 3.4049511482255697, 3.4049511482255697, 3.4049511482255697, 3.4049511482255697]","{""elitism_fraction"": 0.2, ""max_iterations"": 120, ""mutation_fraction"": 0.1, ""population_size"": 40}"
goldstein_price,Goldstein-Price,89,2172,ea,Algoritmo evolutivo,2,"[-2.0, 2.0]","[0.0, -1.0]","[0.05643195952380564, -1.0187719340985075]",4.336152988878259,0.05947227560380675,120,4840,"[45.20921725563179, 45.20921725563179, 45.20921725563179, 34.31452675966901, 30.665211022843042, 30.665211022843042, 30.665211022843042, 30.665211022843042, 30.665211022843042, 30.665211022843042, 30.665211022843042, 30.665211022843042, 30.665211022843042, 30.665211022843042, 30.665211022843042, 30.665211022843042, 30.665211022843042, 30.665211022843042, 30.665211022843042, 30.665211022843042, 30.665211022843042, 30.665211022843042, 30.665211022843042, 30.119208648003763, 30.119208648003763, 30.119208648003763, 30.119208648003763, 30.119208648003763, 30.119208648003763, 30.119208648003763, 30.119208648003763, 30.119208648003763, 30.119208648003763, 30.119208648003763, 30.119208648003763, 30.119208648003763, 30.119208648003763, 30.119208648003763, 30.119208648003763, 30.119208648003763, 30.119208648003763, 30.119208648003763, 30.119208648003763, 30.119208648003763, 30.119208648003763, 30.119208648003763, 30.119208648003763, 30.119208648003763, 30.119208648003763, 30.119208648003763, 30.119208648003763, 30.119208648003763, 30.119208648003763, 30.119208648003763, 30.119208648003763, 30.119208648003763, 30.119208648003763, 30.119208648003763, 30.119208648003763, 30.119208648003763, 30.119208648003763, 30.119208648003763, 30.119208648003763, 30.119208648003763, 11.255356053713056, 11.255356053713056, 11.255356053713056, 11.255356053713056, 11.255356053713056, 11.255356053713056, 11.255356053713056, 11.255356053713056, 11.255356053713056, 11.255356053713056, 11.255356053713056, 4.392559523726586, 4.392559523726586, 4.392559523726586, 4.392559523726586, 4.392559523726586, 4.392559523726586, 4.392559523726586, 4.336152988878259, 4.336152988878259, 4.336152988878259, 4.336152988878259, 4.336152988878259, 4.336152988878259, 4.336152988878259, 4.336152988878259, 4.336152988878259, 4.336152988878259, 4.336152988878259, 4.336152988878259, 4.336152988878259, 4.336152988878259, 4.336152988878259, 4.336152988878259, 4.336152988878259, 4.336152988878259, 4.336152988878259, 4.336152988878259, 4.336152988878259, 4.336152988878259, 4.336152988878259, 4.336152988878259, 4.336152988878259, 4.336152988878259, 4.336152988878259, 4.336152988878259, 4.336152988878259, 4.336152988878259, 4.336152988878259, 4.336152988878259, 4.336152988878259, 4.336152988878259, 4.336152988878259, 4.336152988878259, 4.336152988878259, 4.336152988878259, 4.336152988878259]","{""elitism_fraction"": 0.2, ""max_iterations"": 120, ""mutation_fraction"": 0.1, ""population_size"": 40}"
goldstein_price,Goldstein-Price,90,2164,ea,Algoritmo evolutivo,2,"[-2.0, 2.0]","[0.0, -1.0]","[0.041730797787426166, -0.9980478239380828]",3.4425541469863257,0.04177643444995965,120,4840,"[18.721771252382702, 18.721771252382702, 9.294614465750717, 9.294614465750717, 9.294614465750717, 9.294614465750717, 9.294614465750717, 9.294614465750717, 9.294614465750717, 9.294614465750717, 7.104097956519746, 7.104097956519746, 7.104097956519746, 7.104097956519746, 7.104097956519746, 7.104097956519746, 7.104097956519746, 7.104097956519746, 7.104097956519746, 7.104097956519746, 7.104097956519746, 7.104097956519746, 7.104097956519746, 7.104097956519746, 7.104097956519746, 7.104097956519746, 7.104097956519746, 7.104097956519746, 7.104097956519746, 7.104097956519746, 7.104097956519746, 7.104097956519746, 7.104097956519746, 7.104097956519746, 7.104097956519746, 7.104097956519746, 7.104097956519746, 7.104097956519746, 7.104097956519746, 7.104097956519746, 7.104097956519746, 7.104097956519746, 7.104097956519746, 7.104097956519746, 7.104097956519746, 7.104097956519746, 7.104097956519746, 7.104097956519746, 7.104097956519746, 7.104097956519746, 7.104097956519746, 7.104097956519746, 7.104097956519746, 7.104097956519746, 7.104097956519746, 7.104097956519746, 6.481165980888661, 6.481165980888661, 6.481165980888661, 6.481165980888661, 6.481165980888661, 6.095268869013129, 6.095268869013129, 6.095268869013129, 6.095268869013129, 6.095268869013129, 6.095268869013129, 6.095268869013129, 6.095268869013129, 6.095268869013129, 6.095268869013129, 6.095268869013129, 6.095268869013129, 6.095268869013129, 6.095268869013129, 6.095268869013129, 6.095268869013129, 6.095268869013129, 6.095268869013129, 6.095268869013129, 6.095268869013129, 6.095268869013129, 6.095268869013129, 6.095268869013129, 6.095268869013129, 6.095268869013129, 6.095268869013129, 6.095268869013129, 6.095268869013129, 6.095268869013129, 6.095268869013129, 3.7996402028140106, 3.7996402028140106, 3.7996402028140106, 3.7996402028140106, 3.7996402028140106, 3.4425541469863257, 3.4425541469863257, 3.4425541469863257, 3.4425541469863257, 3.4425541469863257, 3.4425541469863257, 3.4425541469863257, 3.4425541469863257, 3.4425541469863257, 3.4425541469863257, 3.4425541469863257, 3.4425541469863257, 3.4425541469863257, 3.4425541469863257, 3.4425541469863257, 3.4425541469863257, 3.4425541469863257, 3.4425541469863257, 3.4425541469863257, 3.4425541469863257, 3.4425541469863257, 3.4425541469863257, 3.4425541469863257, 3.4425541469863257, 3.4425541469863257]","{""elitism_fraction"": 0.2, ""max_iterations"": 120, ""mutation_fraction"": 0.1, ""population_size"": 40}"
goldstein_price,Goldstein-Price,91,2165,ea,Algoritmo evolutivo,2,"[-2.0, 2.0]","[0.0, -1.0]","[0.03521258917910952, -0.9562874168256696]",3.799380706232584,0.056131242320738725,120,4840,"[24.410650702687445, 24.410650702687445, 16.594756765561783, 16.594756765561783, 15.280971868117803, 15.280971868117803, 15.280971868117803, 15.280971868117803, 15.280971868117803, 15.280971868117803, 15.280971868117803, 15.280971868117803, 15.280971868117803, 15.280971868117803, 15.280971868117803, 15.280971868117803, 15.280971868117803, 15.280971868117803, 15.280971868117803, 15.280971868117803, 15.280971868117803, 15.280971868117803, 15.280971868117803, 15.280971868117803, 15.280971868117803, 15.280971868117803, 15.280971868117803, 15.280971868117803, 15.280971868117803, 12.126261559205915, 12.126261559205915, 12.126261559205915, 12.126261559205915, 12.126261559205915, 12.126261559205915, 5.136558907259874, 5.136558907259874, 5.136558907259874, 5.136558907259874, 5.136558907259874, 5.136558907259874, 5.136558907259874, 5.136558907259874, 5.136558907259874, 5.136558907259874, 5.136558907259874, 5.136558907259874, 5.136558907259874, 5.136558907259874, 5.136558907259874, 5.136558907259874, 5.136558907259874, 5.136558907259874, 4.761027717807388, 4.761027717807388, 4.059176314088652, 4.059176314088652, 4.059176314088652, 3.799380706232584, 3.799380706232584, 3.799380706232584, 3.799380706232584, 3.799380706232584, 3.799380706232584, 3.799380706232584, 3.799380706232584, 3.799380706232584, 3.799380706232584, 3.799380706232584, 3.799380706232584, 3.799380706232584, 3.799380706232584, 3.799380706232584, 3.799380706232584, 3.799380706232584, 3.799380706232584, 3.799380706232584, 3.799380706232584, 3.799380706232584, 3.799380706232584, 3.799380706232584, 3.799380706232584, 3.799380706232584, 3.799380706232584, 3.799380706232584, 3.799380706232584, 3.799380706232584, 3.799380706232584, 3.799380706232584, 3.799380706232584, 3.799380706232584, 3.799380706232584, 3.799380706232584, 3.799380706232584, 3.799380706232584, 3.799380706232584, 3.799380706232584, 3.799380706232584, 3.799380706232584, 3.799380706232584, 3.799380706232584, 3.799380706232584, 3.799380706232584, 3.799380706232584, 3.799380706232584, 3.799380706232584, 3.799380706232584, 3.799380706232584, 3.799380706232584, 3.799380706232584, 3.799380706232584, 3.799380706232584, 3.799380706232584, 3.799380706232584, 3.799380706232584, 3.799380706232584, 3.799380706232584, 3.799380706232584, 3.799380706232584, 3.799380706232584, 3.799380706232584]","{""elitism_fraction"": 0.2, ""max_iterations"": 120, ""mutation_fraction"": 0.1, ""population_size"": 40}"
goldstein_price,Goldstein-Price,92,2166,ea,Algoritmo evolutivo,2,"[-2.0, 2.0]","[0.0, -1.0]","[0.021904910531785227, -0.996134017058798]",3.109625697217222,0.022243446889076795,120,4840,"[18.147719820549558, 3.9296176976434216, 3.9296176976434216, 3.9296176976434216, 3.9296176976434216, 3.9296176976434216, 3.9296176976434216, 3.9296176976434216, 3.5926023559691367, 3.5926023559691367, 3.5926023559691367, 3.5926023559691367, 3.5926023559691367, 3.5926023559691367, 3.5926023559691367, 3.5926023559691367, 3.5926023559691367, 3.5926023559691367, 3.5926023559691367, 3.5926023559691367, 3.5926023559691367, 3.5926023559691367, 3.5926023559691367, 3.5926023559691367, 3.5926023559691367, 3.5926023559691367, 3.5926023559691367, 3.5926023559691367, 3.5926023559691367, 3.5926023559691367, 3.5926023559691367, 3.5926023559691367, 3.5926023559691367, 3.5926023559691367, 3.5926023559691367, 3.5926023559691367, 3.5926023559691367, 3.5926023559691367, 3.5926023559691367, 3.5926023559691367, 3.5926023559691367, 3.5926023559691367, 3.4511808166920606, 3.4511808166920606, 3.136161926471151, 3.136161926471151, 3.136161926471151, 3.136161926471151, 3.136161926471151, 3.109625697217222, 3.109625697217222, 3.109625697217222, 3.109625697217222, 3.109625697217222, 3.109625697217222, 3.109625697217222, 3.109625697217222, 3.109625697217222, 3.109625697217222, 3.109625697217222, 3.109625697217222, 3.109625697217222, 3.109625697217222, 3.109625697217222, 3.109625697217222, 3.109625697217222, 3.109625697217222, 3.109625697217222, 3.109625697217222, 3.109625697217222, 3.109625697217222, 3.109625697217222, 3.109625697217222, 3.109625697217222, 3.109625697217222, 3.109625697217222, 3.109625697217222, 3.109625697217222, 3.109625697217222, 3.109625697217222, 3.109625697217222, 3.109625697217222, 3.109625697217222, 3.109625697217222, 3.109625697217222, 3.109625697217222, 3.109625697217222, 3.109625697217222, 3.109625697217222, 3.109625697217222, 3.109625697217222, 3.109625697217222, 3.109625697217222, 3.109625697217222, 3.109625697217222, 3.109625697217222, 3.109625697217222, 3.109625697217222, 3.109625697217222, 3.109625697217222, 3.109625697217222, 3.109625697217222, 3.109625697217222, 3.109625697217222, 3.109625697217222, 3.109625697217222, 3.109625697217222, 3.109625697217222, 3.109625697217222, 3.109625697217222, 3.109625697217222, 3.109625697217222, 3.109625697217222, 3.109625697217222, 3.109625697217222, 3.109625697217222, 3.109625697217222, 3.109625697217222, 3.109625697217222, 3.109625697217222, 3.109625697217222]","{""elitism_fraction"": 0.2, ""max_iterations"": 120, ""mutation_fraction"": 0.1, ""population_size"": 40}"
goldstein_price,Goldstein-Price,93,2167,ea,Algoritmo evolutivo,2,"[-2.0, 2.0]","[0.0, -1.0]","[-0.012247632096182848, -1.0011244349575814]",3.035431476800311,0.012299140048689556,120,4840,"[65.55470189038556, 64.95038772928577, 46.470456259896196, 46.470456259896196, 32.43207570425787, 14.451199644832641, 12.221936295550359, 12.221936295550359, 12.221936295550359, 12.221936295550359, 12.221936295550359, 10.738970182081943, 9.171607990734287, 8.369367019057654, 3.0472806187713712, 3.0472806187713712, 3.0472806187713712, 3.0472806187713712, 3.0472806187713712, 3.0472806187713712, 3.0472806187713712, 3.0472806187713712, 3.0472806187713712, 3.0472806187713712, 3.0472806187713712, 3.0472806187713712, 3.0472806187713712, 3.0472806187713712, 3.0472806187713712, 3.0472806187713712, 3.0472806187713712, 3.0472806187713712, 3.0472806187713712, 3.0472806187713712, 3.0472806187713712, 3.0472806187713712, 3.0472806187713712, 3.0472806187713712, 3.0472806187713712, 3.035431476800311, 3.035431476800311, 3.035431476800311, 3.035431476800311, 3.035431476800311, 3.035431476800311, 3.035431476800311, 3.035431476800311, 3.035431476800311, 3.035431476800311, 3.035431476800311, 3.035431476800311, 3.035431476800311, 3.035431476800311, 3.035431476800311, 3.035431476800311, 3.035431476800311, 3.035431476800311, 3.035431476800311, 3.035431476800311, 3.035431476800311, 3.035431476800311, 3.035431476800311, 3.035431476800311, 3.035431476800311, 3.035431476800311, 3.035431476800311, 3.035431476800311, 3.035431476800311, 3.035431476800311, 3.035431476800311, 3.035431476800311, 3.035431476800311, 3.035431476800311, 3.035431476800311, 3.035431476800311, 3.035431476800311, 3.035431476800311, 3.035431476800311, 3.035431476800311, 3.035431476800311, 3.035431476800311, 3.035431476800311, 3.035431476800311, 3.035431476800311, 3.035431476800311, 3.035431476800311, 3.035431476800311, 3.035431476800311, 3.035431476800311, 3.035431476800311, 3.035431476800311, 3.035431476800311, 3.035431476800311, 3.035431476800311, 3.035431476800311, 3.035431476800311, 3.035431476800311, 3.035431476800311, 3.035431476800311, 3.035431476800311, 3.035431476800311, 3.035431476800311, 3.035431476800311, 3.035431476800311, 3.035431476800311, 3.035431476800311, 3.035431476800311, 3.035431476800311, 3.035431476800311, 3.035431476800311, 3.035431476800311, 3.035431476800311, 3.035431476800311, 3.035431476800311, 3.035431476800311, 3.035431476800311, 3.035431476800311, 3.035431476800311, 3.035431476800311, 3.035431476800311, 3.035431476800311]","{""elitism_fraction"": 0.2, ""max_iterations"": 120, ""mutation_fraction"": 0.1, ""population_size"": 40}"
goldstein_price,Goldstein-Price,94,2168,ea,Algoritmo evolutivo,2,"[-2.0, 2.0]","[0.0, -1.0]","[0.00818883430984485, -0.9724713617253928]",3.2939664134547932,0.02872077527867691,120,4840,"[3.914842868755716, 3.914842868755716, 3.914842868755716, 3.914842868755716, 3.914842868755716, 3.914842868755716, 3.914842868755716, 3.914842868755716, 3.914842868755716, 3.914842868755716, 3.914842868755716, 3.914842868755716, 3.914842868755716, 3.914842868755716, 3.914842868755716, 3.914842868755716, 3.914842868755716, 3.914842868755716, 3.914842868755716, 3.914842868755716, 3.914842868755716, 3.914842868755716, 3.914842868755716, 3.914842868755716, 3.914842868755716, 3.914842868755716, 3.914842868755716, 3.914842868755716, 3.914842868755716, 3.914842868755716, 3.914842868755716, 3.914842868755716, 3.914842868755716, 3.914842868755716, 3.914842868755716, 3.914842868755716, 3.914842868755716, 3.914842868755716, 3.914842868755716, 3.914842868755716, 3.914842868755716, 3.914842868755716, 3.914842868755716, 3.914842868755716, 3.914842868755716, 3.914842868755716, 3.914842868755716, 3.914842868755716, 3.914842868755716, 3.914842868755716, 3.914842868755716, 3.914842868755716, 3.914842868755716, 3.914842868755716, 3.914842868755716, 3.914842868755716, 3.914842868755716, 3.914842868755716, 3.914842868755716, 3.914842868755716, 3.914842868755716, 3.914842868755716, 3.914842868755716, 3.914842868755716, 3.914842868755716, 3.914842868755716, 3.914842868755716, 3.914842868755716, 3.914842868755716, 3.914842868755716, 3.914842868755716, 3.914842868755716, 3.914842868755716, 3.914842868755716, 3.914842868755716, 3.914842868755716, 3.914842868755716, 3.914842868755716, 3.914842868755716, 3.914842868755716, 3.914842868755716, 3.914842868755716, 3.914842868755716, 3.914842868755716, 3.914842868755716, 3.914842868755716, 3.914842868755716, 3.914842868755716, 3.914842868755716, 3.914842868755716, 3.8404348503575876, 3.8404348503575876, 3.8404348503575876, 3.8404348503575876, 3.8404348503575876, 3.8404348503575876, 3.8404348503575876, 3.8404348503575876, 3.8404348503575876, 3.8404348503575876, 3.8404348503575876, 3.8404348503575876, 3.8404348503575876, 3.8404348503575876, 3.8404348503575876, 3.8404348503575876, 3.8404348503575876, 3.8404348503575876, 3.8404348503575876, 3.8404348503575876, 3.8404348503575876, 3.8404348503575876, 3.2939664134547932, 3.2939664134547932, 3.2939664134547932, 3.2939664134547932, 3.2939664134547932, 3.2939664134547932, 3.2939664134547932, 3.2939664134547932, 3.2939664134547932]","{""elitism_fraction"": 0.2, ""max_iterations"": 120, ""mutation_fraction"": 0.1, ""population_size"": 40}"
goldstein_price,Goldstein-Price,95,2169,ea,Algoritmo evolutivo,2,"[-2.0, 2.0]","[0.0, -1.0]","[0.02957305768150631, -0.9990953116025052]",3.220787277996572,0.029586892397314407,120,4840,"[7.764283553211247, 7.764283553211247, 7.764283553211247, 7.764283553211247, 7.764283553211247, 7.764283553211247, 7.042496841371399, 7.042496841371399, 7.042496841371399, 7.042496841371399, 7.042496841371399, 7.042496841371399, 7.042496841371399, 7.042496841371399, 7.042496841371399, 7.042496841371399, 7.042496841371399, 4.0281181790549905, 4.0281181790549905, 4.0281181790549905, 4.0281181790549905, 4.0281181790549905, 4.0281181790549905, 3.798010270453506, 3.798010270453506, 3.798010270453506, 3.798010270453506, 3.798010270453506, 3.798010270453506, 3.798010270453506, 3.798010270453506, 3.798010270453506, 3.798010270453506, 3.798010270453506, 3.798010270453506, 3.798010270453506, 3.798010270453506, 3.798010270453506, 3.798010270453506, 3.798010270453506, 3.798010270453506, 3.798010270453506, 3.798010270453506, 3.798010270453506, 3.220787277996572, 3.220787277996572, 3.220787277996572, 3.220787277996572, 3.220787277996572, 3.220787277996572, 3.220787277996572, 3.220787277996572, 3.220787277996572, 3.220787277996572, 3.220787277996572, 3.220787277996572, 3.220787277996572, 3.220787277996572, 3.220787277996572, 3.220787277996572, 3.220787277996572, 3.220787277996572, 3.220787277996572, 3.220787277996572, 3.220787277996572, 3.220787277996572, 3.220787277996572, 3.220787277996572, 3.220787277996572, 3.220787277996572, 3.220787277996572, 3.220787277996572, 3.220787277996572, 3.220787277996572, 3.220787277996572, 3.220787277996572, 3.220787277996572, 3.220787277996572, 3.220787277996572, 3.220787277996572, 3.220787277996572, 3.220787277996572, 3.220787277996572, 3.220787277996572, 3.220787277996572, 3.220787277996572, 3.220787277996572, 3.220787277996572, 3.220787277996572, 3.220787277996572, 3.220787277996572, 3.220787277996572, 3.220787277996572, 3.220787277996572, 3.220787277996572, 3.220787277996572, 3.220787277996572, 3.220787277996572, 3.220787277996572, 3.220787277996572, 3.220787277996572, 3.220787277996572, 3.220787277996572, 3.220787277996572, 3.220787277996572, 3.220787277996572, 3.220787277996572, 3.220787277996572, 3.220787277996572, 3.220787277996572, 3.220787277996572, 3.220787277996572, 3.220787277996572, 3.220787277996572, 3.220787277996572, 3.220787277996572, 3.220787277996572, 3.220787277996572, 3.220787277996572, 3.220787277996572, 3.220787277996572]","{""elitism_fraction"": 0.2, ""max_iterations"": 120, ""mutation_fraction"": 0.1, ""population_size"": 40}"
goldstein_price,Goldstein-Price,96,2170,ea,Algoritmo evolutivo,2,"[-2.0, 2.0]","[0.0, -1.0]","[0.0075284318040833575, -0.9950749850620988]",3.016636749162618,0.008996280207245872,120,4840,"[13.013910538139552, 13.013910538139552, 13.013910538139552, 13.013910538139552, 13.013910538139552, 13.013910538139552, 13.013910538139552, 13.013910538139552, 10.969756426069518, 10.969756426069518, 10.969756426069518, 10.969756426069518, 10.969756426069518, 10.969756426069518, 10.59980234522552, 10.59980234522552, 10.59980234522552, 10.59980234522552, 10.59980234522552, 10.59980234522552, 10.59980234522552, 10.59980234522552, 10.59980234522552, 10.59980234522552, 10.59980234522552, 9.934688021495676, 9.934688021495676, 9.934688021495676, 9.934688021495676, 9.934688021495676, 3.7352336137819866, 3.7352336137819866, 3.7352336137819866, 3.7352336137819866, 3.7352336137819866, 3.7352336137819866, 3.7352336137819866, 3.7352336137819866, 3.7352336137819866, 3.7352336137819866, 3.7352336137819866, 3.7352336137819866, 3.7352336137819866, 3.7352336137819866, 3.7352336137819866, 3.7352336137819866, 3.7352336137819866, 3.7352336137819866, 3.7352336137819866, 3.7352336137819866, 3.7352336137819866, 3.7352336137819866, 3.7352336137819866, 3.7352336137819866, 3.7352336137819866, 3.7352336137819866, 3.7352336137819866, 3.7352336137819866, 3.7352336137819866, 3.7352336137819866, 3.7352336137819866, 3.7352336137819866, 3.7352336137819866, 3.7352336137819866, 3.7352336137819866, 3.7352336137819866, 3.7352336137819866, 3.7352336137819866, 3.7352336137819866, 3.5954415768841606, 3.5954415768841606, 3.5954415768841606, 3.5954415768841606, 3.5954415768841606, 3.5954415768841606, 3.195452130624176, 3.195452130624176, 3.195452130624176, 3.195452130624176, 3.195452130624176, 3.195452130624176, 3.195452130624176, 3.1952083238193585, 3.1952083238193585, 3.1952083238193585, 3.016636749162618, 3.016636749162618, 3.016636749162618, 3.016636749162618, 3.016636749162618, 3.016636749162618, 3.016636749162618, 3.016636749162618, 3.016636749162618, 3.016636749162618, 3.016636749162618, 3.016636749162618, 3.016636749162618, 3.016636749162618, 3.016636749162618, 3.016636749162618, 3.016636749162618, 3.016636749162618, 3.016636749162618, 3.016636749162618, 3.016636749162618, 3.016636749162618, 3.016636749162618, 3.016636749162618, 3.016636749162618, 3.016636749162618, 3.016636749162618, 3.016636749162618, 3.016636749162618, 3.016636749162618, 3.016636749162618, 3.016636749162618, 3.016636749162618, 3.016636749162618, 3.016636749162618, 3.016636749162618]","{""elitism_fraction"": 0.2, ""max_iterations"": 120, ""mutation_fraction"": 0.1, ""population_size"": 40}"
goldstein_price,Goldstein-Price,97,2171,ea,Algoritmo evolutivo,2,"[-2.0, 2.0]","[0.0, -1.0]","[0.04090823555063494, -0.9956117763140546]",3.4049511482255697,0.04114292457986093,120,4840,"[30.699794219185744, 13.072226773343798, 13.072226773343798, 13.072226773343798, 13.072226773343798, 13.072226773343798, 13.072226773343798, 13.072226773343798, 13.072226773343798, 13.072226773343798, 13.072226773343798, 13.072226773343798, 13.072226773343798, 13.072226773343798, 13.072226773343798, 13.072226773343798, 13.072226773343798, 13.072226773343798, 9.544945823291364, 9.544945823291364, 9.544945823291364, 9.544945823291364, 9.544945823291364, 9.544945823291364, 9.544945823291364, 9.544945823291364, 9.544945823291364, 9.544945823291364, 9.544945823291364, 9.240324051997053, 9.240324051997053, 9.240324051997053, 9.240324051997053, 9.240324051997053, 9.240324051997053, 9.240324051997053, 9.240324051997053, 9.240324051997053, 6.350093388713695, 6.350093388713695, 6.350093388713695, 6.350093388713695, 6.350093388713695, 6.350093388713695, 6.350093388713695, 6.350093388713695, 6.350093388713695, 6.350093388713695, 6.350093388713695, 6.350093388713695, 6.350093388713695, 6.350093388713695, 6.350093388713695, 6.350093388713695, 3.4049511482255697, 3.4049511482255697, 3.4049511482255697, 3.4049511482255697, 3.4049511482255697, 3.4049511482255697, 3.4049511482255697, 3.4049511482255697, 3.4049511482255697, 3.4049511482255697, 3.4049511482255697, 3.4049511482255697, 3.4049511482255697, 3.4049511482255697, 3.4049511482255697, 3.4049511482255697, 3.4049511482255697, 3.4049511482255697, 3.4049511482255697, 3.4049511482255697, 3.4049511482255697, 3.4049511482255697, 3.4049511482255697, 3.4049511482255697, 3.4049511482255697, 3.4049511482255697, 3.4049511482255697, 3.4049511482255697, 3.4049511482255697, 3.4049511482255697, 3.4049511482255697, 3.4049511482255697, 3.4049511482255697, 3.4049511482255697, 3.4049511482255697, 3.4049511482255697, 3.4049511482255697, 3.4049511482255697, 3.4049511482255697, 3.4049511482255697, 3.4049511482255697, 3.4049511482255697, 3.4049511482255697, 3.4049511482255697, 3.4049511482255697, 3.4049511482255697, 3.4049511482255697, 3.4049511482255697, 3.4049511482255697, 3.4049511482255697, 3.4049511482255697, 3.4049511482255697, 3.4049511482255697, 3.4049511482255697, 3.4049511482255697, 3.4049511482255697, 3.4049511482255697, 3.4049511482255697, 3.4049511482255697, 3.4049511482255697, 3.4049511482255697, 3.4049511482255697, 3.4049511482255697, 3.4049511482255697, 3.4049511482255697, 3.4049511482255697, 3.4049511482255697]","{""elitism_fraction"": 0.2, ""max_iterations"": 120, ""mutation_fraction"": 0.1, ""population_size"": 40}"
goldstein_price,Goldstein-Price,98,2172,ea,Algoritmo evolutivo,2,"[-2.0, 2.0]","[0.0, -1.0]","[0.05643195952380564, -1.0187719340985075]",4.336152988878259,0.05947227560380675,120,4840,"[45.20921725563179, 45.20921725563179, 45.20921725563179, 34.31452675966901, 30.665211022843042, 30.665211022843042, 30.665211022843042, 30.665211022843042, 30.665211022843042, 30.665211022843042, 30.665211022843042, 30.665211022843042, 30.665211022843042, 30.665211022843042, 30.665211022843042, 30.665211022843042, 30.665211022843042, 30.665211022843042, 30.665211022843042, 30.665211022843042, 30.665211022843042, 30.665211022843042, 30.665211022843042, 30.119208648003763, 30.119208648003763, 30.119208648003763, 30.119208648003763, 30.119208648003763, 30.119208648003763, 30.119208648003763, 30.119208648003763, 30.119208648003763, 30.119208648003763, 30.119208648003763, 30.119208648003763, 30.119208648003763, 30.119208648003763, 30.119208648003763, 30.119208648003763, 30.119208648003763, 30.119208648003763, 30.119208648003763, 30.119208648003763, 30.119208648003763, 30.119208648003763, 30.119208648003763, 30.119208648003763, 30.119208648003763, 30.119208648003763, 30.119208648003763, 30.119208648003763, 30.119208648003763, 30.119208648003763, 30.119208648003763, 30.119208648003763, 30.119208648003763, 30.119208648003763, 30.119208648003763, 30.119208648003763, 30.119208648003763, 30.119208648003763, 30.119208648003763, 30.119208648003763, 30.119208648003763, 11.255356053713056, 11.255356053713056, 11.255356053713056, 11.255356053713056, 11.255356053713056, 11.255356053713056, 11.255356053713056, 11.255356053713056, 11.255356053713056, 11.255356053713056, 11.255356053713056, 4.392559523726586, 4.392559523726586, 4.392559523726586, 4.392559523726586, 4.392559523726586, 4.392559523726586, 4.392559523726586, 4.336152988878259, 4.336152988878259, 4.336152988878259, 4.336152988878259, 4.336152988878259, 4.336152988878259, 4.336152988878259, 4.336152988878259, 4.336152988878259, 4.336152988878259, 4.336152988878259, 4.336152988878259, 4.336152988878259, 4.336152988878259, 4.336152988878259, 4.336152988878259, 4.336152988878259, 4.336152988878259, 4.336152988878259, 4.336152988878259, 4.336152988878259, 4.336152988878259, 4.336152988878259, 4.336152988878259, 4.336152988878259, 4.336152988878259, 4.336152988878259, 4.336152988878259, 4.336152988878259, 4.336152988878259, 4.336152988878259, 4.336152988878259, 4.336152988878259, 4.336152988878259, 4.336152988878259, 4.336152988878259, 4.336152988878259, 4.336152988878259, 4.336152988878259]","{""elitism_fraction"": 0.2, ""max_iterations"": 120, ""mutation_fraction"": 0.1, ""population_size"": 40}"
goldstein_price,Goldstein-Price,99,2173,ea,Algoritmo evolutivo,2,"[-2.0, 2.0]","[0.0, -1.0]","[-0.022277894955590405, -0.9878938819319183]",3.237091885539191,0.025354737197033905,120,4840,"[34.773493506437724, 34.773493506437724, 34.773493506437724, 34.773493506437724, 5.492789425848716, 5.492789425848716, 5.492789425848716, 5.492789425848716, 5.492789425848716, 5.492789425848716, 5.492789425848716, 5.492789425848716, 5.492789425848716, 5.492789425848716, 3.573244819138183, 3.573244819138183, 3.573244819138183, 3.573244819138183, 3.573244819138183, 3.237091885539191, 3.237091885539191, 3.237091885539191, 3.237091885539191, 3.237091885539191, 3.237091885539191, 3.237091885539191, 3.237091885539191, 3.237091885539191, 3.237091885539191, 3.237091885539191, 3.237091885539191, 3.237091885539191, 3.237091885539191, 3.237091885539191, 3.237091885539191, 3.237091885539191, 3.237091885539191, 3.237091885539191, 3.237091885539191, 3.237091885539191, 3.237091885539191, 3.237091885539191, 3.237091885539191, 3.237091885539191, 3.237091885539191, 3.237091885539191, 3.237091885539191, 3.237091885539191, 3.237091885539191, 3.237091885539191, 3.237091885539191, 3.237091885539191, 3.237091885539191, 3.237091885539191, 3.237091885539191, 3.237091885539191, 3.237091885539191, 3.237091885539191, 3.237091885539191, 3.237091885539191, 3.237091885539191, 3.237091885539191, 3.237091885539191, 3.237091885539191, 3.237091885539191, 3.237091885539191, 3.237091885539191, 3.237091885539191, 3.237091885539191, 3.237091885539191, 3.237091885539191, 3.237091885539191, 3.237091885539191, 3.237091885539191, 3.237091885539191, 3.237091885539191, 3.237091885539191, 3.237091885539191, 3.237091885539191, 3.237091885539191, 3.237091885539191, 3.237091885539191, 3.237091885539191, 3.237091885539191, 3.237091885539191, 3.237091885539191, 3.237091885539191, 3.237091885539191, 3.237091885539191, 3.237091885539191, 3.237091885539191, 3.237091885539191, 3.237091885539191, 3.237091885539191, 3.237091885539191, 3.237091885539191, 3.237091885539191, 3.237091885539191, 3.237091885539191, 3.237091885539191, 3.237091885539191, 3.237091885539191, 3.237091885539191, 3.237091885539191, 3.237091885539191, 3.237091885539191, 3.237091885539191, 3.237091885539191, 3.237091885539191, 3.237091885539191, 3.237091885539191, 3.237091885539191, 3.237091885539191, 3.237091885539191, 3.237091885539191, 3.237091885539191, 3.237091885539191, 3.237091885539191, 3.237091885539191, 3.237091885539191, 3.237091885539191]","{""elitism_fraction"": 0.2, ""max_iterations"": 120, ""mutation_fraction"": 0.1, ""population_size"": 40}"
goldstein_price,Goldstein-Price,100,2204,ea,Algoritmo evolutivo,2,"[-2.0, 2.0]","[0.0, -1.0]","[0.01153386637778464, -0.9894355629974805]",3.0548067363633398,0.01564088881108726,120,4840,"[4.442629283972655, 4.442629283972655, 4.442629283972655, 4.442629283972655, 4.442629283972655, 4.442629283972655, 4.442629283972655, 4.442629283972655, 4.442629283972655, 4.442629283972655, 4.07729337592487, 4.07729337592487, 4.07729337592487, 4.07729337592487, 4.07729337592487, 4.07729337592487, 4.07729337592487, 4.07729337592487, 4.07729337592487, 4.07729337592487, 4.07729337592487, 4.07729337592487, 4.07729337592487, 4.07729337592487, 4.07729337592487, 4.07729337592487, 4.07729337592487, 4.07729337592487, 4.07729337592487, 4.07729337592487, 4.07729337592487, 4.07729337592487, 4.07729337592487, 4.07729337592487, 4.07729337592487, 4.07729337592487, 4.07729337592487, 4.07729337592487, 4.07729337592487, 4.07729337592487, 4.07729337592487, 4.07729337592487, 4.07729337592487, 4.07729337592487, 4.07729337592487, 4.07729337592487, 4.07729337592487, 4.07729337592487, 4.07729337592487, 4.07729337592487, 4.07729337592487, 4.07729337592487, 4.07729337592487, 4.07729337592487, 4.07729337592487, 4.07729337592487, 4.07729337592487, 4.07729337592487, 4.07729337592487, 3.3533857123486612, 3.3533857123486612, 3.3533857123486612, 3.3533857123486612, 3.3533857123486612, 3.3533857123486612, 3.3533857123486612, 3.3533857123486612, 3.3533857123486612, 3.3533857123486612, 3.3533857123486612, 3.3533857123486612, 3.3533857123486612, 3.3533857123486612, 3.3533857123486612, 3.3533857123486612, 3.3533857123486612, 3.3533857123486612, 3.3533857123486612, 3.3533857123486612, 3.3533857123486612, 3.3533857123486612, 3.3533857123486612, 3.3533857123486612, 3.3533857123486612, 3.3533857123486612, 3.3533857123486612, 3.0764393323048402, 3.0764393323048402, 3.0764393323048402, 3.0764393323048402, 3.0764393323048402, 3.0764393323048402, 3.0764393323048402, 3.0764393323048402, 3.0764393323048402, 3.0764393323048402, 3.0764393323048402, 3.0764393323048402, 3.0764393323048402, 3.0764393323048402, 3.0764393323048402, 3.0764393323048402, 3.0764393323048402, 3.0764393323048402, 3.0764393323048402, 3.0764393323048402, 3.0764393323048402, 3.0764393323048402, 3.0548067363633398, 3.0548067363633398, 3.0548067363633398, 3.0548067363633398, 3.0548067363633398, 3.0548067363633398, 3.0548067363633398, 3.0548067363633398, 3.0548067363633398, 3.0548067363633398, 3.0548067363633398, 3.0548067363633398, 3.0548067363633398]","{""elitism_fraction"": 0.2, ""max_iterations"": 120, ""mutation_fraction"": 0.1, ""population_size"": 40}"
