funcion,nombre_funcion,corrida,semilla,metodo,nombre_metodo,dimension,limites,optimo_conocido,mejor_solucion,mejor_valor,distancia_al_optimo,iteraciones,evaluaciones,best_values_history,parametros
goldstein_price,Goldstein-Price,1,2111,de,Evolucion diferencial,2,"[-2.0, 2.0]","[0.0, -1.0]","[-1.941326458776844e-09, -1.0000000003607747]",2.999999999999926,1.974564973616174e-09,120,4840,"[27.436804075112295, 27.436804075112295, 12.886048608872045, 12.886048608872045, 12.886048608872045, 12.886048608872045, 12.886048608872045, 4.38093608206971, 4.38093608206971, 4.38093608206971, 4.38093608206971, 4.38093608206971, 4.38093608206971, 4.38093608206971, 4.38093608206971, 4.38093608206971, 4.38093608206971, 4.38093608206971, 3.1472903708328204, 3.1472903708328204, 3.013784857137406, 3.013784857137406, 3.013784857137406, 3.013784857137406, 3.013784857137406, 3.013784857137406, 3.013784857137406, 3.0112667690272716, 3.0112667690272716, 3.0086122045843147, 3.0013668141977448, 3.0013668141977448, 3.0013668141977448, 3.0013668141977448, 3.0013668141977448, 3.0013668141977448, 3.0013668141977448, 3.000051769833284, 3.000051769833284, 3.000051769833284, 3.000051769833284, 3.000051769833284, 3.000051769833284, 3.000051769833284, 3.000051769833284, 3.000051769833284, 3.000051769833284, 3.000003234463761, 3.000003234463761, 3.000003234463761, 3.0000007338929806, 3.0000007338929806, 3.0000007338929806, 3.000000381973778, 3.000000381973778, 3.000000381973778, 3.000000381973778, 3.000000381973778, 3.000000381973778, 3.000000381973778, 3.0000002223976856, 3.000000157167495, 3.0000000162261298, 3.0000000162261298, 3.0000000162261298, 3.0000000162261298, 3.0000000162261298, 3.0000000014441497, 3.0000000014441497, 3.0000000014441497, 3.0000000014441497, 3.0000000014441497, 3.0000000014441497, 3.0000000014441497, 3.0000000007044205, 3.0000000007044205, 3.0000000007044205, 3.0000000007044205, 3.0000000000220686, 3.0000000000220686, 3.0000000000220686, 3.0000000000220686, 3.0000000000220686, 3.0000000000220686, 3.0000000000220686, 3.000000000011253, 3.000000000011253, 3.000000000011253, 3.0000000000017257, 3.0000000000017257, 3.0000000000017257, 3.0000000000017257, 3.0000000000017257, 3.000000000000768, 3.000000000000768, 3.000000000000768, 3.000000000000768, 3.000000000000341, 3.000000000000341, 3.0000000000001736, 3.000000000000108, 3.000000000000108, 3.0000000000000457, 2.99999999999999, 2.999999999999943, 2.999999999999943, 2.999999999999943, 2.999999999999943, 2.999999999999943, 2.999999999999943, 2.999999999999943, 2.999999999999943, 2.999999999999943, 2.999999999999943, 2.999999999999943, 2.999999999999943, 2.999999999999943, 2.999999999999943, 2.999999999999943, 2.999999999999926, 2.999999999999926]","{""crossover_rate"": 0.7, ""max_iterations"": 120, ""mutation_factor"": 0.8, ""population_size"": 40}"
goldstein_price,Goldstein-Price,2,2112,de,Evolucion diferencial,2,"[-2.0, 2.0]","[0.0, -1.0]","[9.907654301167131e-10, -0.9999999937771327]",2.9999999999999343,6.3012454305398285e-09,120,4840,"[85.93904882354973, 54.920942532148274, 45.881296537881084, 3.564915145333412, 3.564915145333412, 3.564915145333412, 3.564915145333412, 3.564915145333412, 3.564915145333412, 3.564915145333412, 3.564915145333412, 3.564915145333412, 3.564915145333412, 3.564915145333412, 3.564915145333412, 3.564915145333412, 3.564915145333412, 3.564915145333412, 3.564915145333412, 3.2806446850116595, 3.0162055091909385, 3.0162055091909385, 3.005176904838069, 3.005176904838069, 3.005176904838069, 3.005176904838069, 3.005176904838069, 3.005176904838069, 3.005176904838069, 3.005176904838069, 3.005176904838069, 3.005176904838069, 3.005176904838069, 3.005176904838069, 3.0001586225735024, 3.0001586225735024, 3.0001586225735024, 3.0001586225735024, 3.0001586225735024, 3.0001586225735024, 3.0001586225735024, 3.0001586225735024, 3.000100092618779, 3.000100092618779, 3.000001210062043, 3.000001210062043, 3.000001210062043, 3.0000009941399908, 3.0000009941399908, 3.0000009941399908, 3.0000009941399908, 3.0000009941399908, 3.0000009941399908, 3.0000009941399908, 3.0000009941399908, 3.0000009941399908, 3.000000035938239, 3.000000035938239, 3.000000035938239, 3.000000035938239, 3.000000035938239, 3.000000035938239, 3.000000035938239, 3.000000035938239, 3.000000035938239, 3.000000010055269, 3.000000010055269, 3.000000010055269, 3.000000010055269, 3.000000000955143, 3.000000000955143, 3.000000000955143, 3.0000000000693143, 3.0000000000693143, 3.0000000000693143, 3.0000000000693143, 3.0000000000693143, 3.0000000000693143, 3.0000000000693143, 3.0000000000693143, 3.0000000000693143, 3.0000000000693143, 3.0000000000438782, 3.0000000000092255, 3.0000000000092255, 3.0000000000017613, 3.000000000000477, 3.000000000000477, 3.000000000000477, 3.000000000000477, 3.000000000000477, 3.0000000000004547, 3.000000000000224, 3.000000000000224, 3.0000000000000604, 3.0000000000000604, 2.9999999999999587, 2.9999999999999587, 2.9999999999999587, 2.9999999999999587, 2.9999999999999587, 2.9999999999999587, 2.9999999999999343, 2.9999999999999343, 2.9999999999999343, 2.9999999999999343, 2.9999999999999343, 2.9999999999999343, 2.9999999999999343, 2.9999999999999343, 2.9999999999999343, 2.9999999999999343, 2.9999999999999343, 2.9999999999999343, 2.9999999999999343, 2.9999999999999343, 2.9999999999999343, 2.9999999999999343, 2.9999999999999343, 2.9999999999999343, 2.9999999999999343]","{""crossover_rate"": 0.7, ""max_iterations"": 120, ""mutation_factor"": 0.8, ""population_size"": 40}"
goldstein_price,Goldstein-Price,3,2113,de,Evolucion diferencial,2,"[-2.0, 2.0]","[0.0, -1.0]","[5.007355819994268e-09, -1.0000000014030788]",2.999999999999941,5.200215603877846e-09,120,4840,"[34.834108476994736, 14.055624583609243, 14.055624583609243, 8.321872030136904, 8.321872030136904, 8.321872030136904, 8.321872030136904, 6.267146116644679, 6.267146116644679, 6.267146116644679, 6.267146116644679, 6.267146116644679, 6.267146116644679, 6.267146116644679, 6.267146116644679, 4.232066808341359, 4.232066808341359, 3.7343789725919025, 3.0509923645371693, 3.0509923645371693, 3.0509923645371693, 3.0173580602956838, 3.0173580602956838, 3.0173580602956838, 3.0173580602956838, 3.0173580602956838, 3.0173580602956838, 3.0173580602956838, 3.0173580602956838, 3.0173580602956838, 3.005432764117481, 3.005432764117481, 3.002527760868854, 3.002527760868854, 3.0013958468525037, 3.000756151816403, 3.000756151816403, 3.000325239240419, 3.000325239240419, 3.000325239240419, 3.000325239240419, 3.0000537313131197, 3.0000537313131197, 3.0000537313131197, 3.0000537313131197, 3.0000537313131197, 3.0000537313131197, 3.000026824867629, 3.000026824867629, 3.000013669964224, 3.000013669964224, 3.0000094768656127, 3.0000074066734093, 3.000004946614292, 3.0000007066909684, 3.0000007066909684, 3.0000007066909684, 3.00000009750122, 3.00000009750122, 3.00000009750122, 3.00000009750122, 3.000000000885136, 3.000000000885136, 3.000000000885136, 3.000000000885136, 3.000000000885136, 3.000000000885136, 3.000000000885136, 3.000000000885136, 3.000000000885136, 3.000000000885136, 3.000000000885136, 3.000000000885136, 3.000000000885136, 3.00000000056995, 3.00000000056995, 3.00000000056995, 3.00000000056995, 3.00000000056995, 3.00000000056995, 3.00000000056995, 3.00000000056995, 3.000000000138051, 3.000000000138051, 3.0000000000361924, 3.0000000000361924, 3.0000000000279434, 3.0000000000279434, 3.0000000000033284, 3.0000000000033284, 3.0000000000033284, 3.0000000000033284, 3.000000000002238, 3.000000000002238, 3.0000000000002274, 3.0000000000002274, 3.0000000000002123, 3.0000000000002123, 3.000000000000132, 3.000000000000132, 2.9999999999999933, 2.9999999999999933, 2.9999999999999933, 2.999999999999986, 2.999999999999986, 2.999999999999986, 2.999999999999986, 2.9999999999999845, 2.999999999999984, 2.999999999999984, 2.9999999999999627, 2.9999999999999574, 2.9999999999999463, 2.9999999999999463, 2.9999999999999445, 2.9999999999999445, 2.999999999999941, 2.999999999999941, 2.999999999999941, 2.999999999999941, 2.999999999999941]","{""crossover_rate"": 0.7, ""max_iterations"": 120, ""mutation_factor"": 0.8, ""population_size"": 40}"
goldstein_price,Goldstein-Price,4,2114,de,Evolucion diferencial,2,"[-2.0, 2.0]","[0.0, -1.0]","[2.560481454526774e-09, -0.9999999989957529]",2.9999999999999267,2.7503777153121106e-09,120,4840,"[5.07186596678872, 5.07186596678872, 5.07186596678872, 5.07186596678872, 5.07186596678872, 5.07186596678872, 5.07186596678872, 5.07186596678872, 5.07186596678872, 3.7783003006353, 3.7783003006353, 3.7783003006353, 3.7783003006353, 3.7783003006353, 3.0395307248123307, 3.0395307248123307, 3.0395307248123307, 3.0395307248123307, 3.0395307248123307, 3.0395307248123307, 3.0395307248123307, 3.0395307248123307, 3.0395307248123307, 3.0395307248123307, 3.0395307248123307, 3.0395307248123307, 3.0395307248123307, 3.0395307248123307, 3.008971730242155, 3.004771822284635, 3.004771822284635, 3.004771822284635, 3.004771822284635, 3.004771822284635, 3.004771822284635, 3.004771822284635, 3.0026154622160015, 3.0005231764464897, 3.0005231764464897, 3.0005231764464897, 3.0005231764464897, 3.0005231764464897, 3.0005231764464897, 3.0005231764464897, 3.000024582618406, 3.000024582618406, 3.000024582618406, 3.000024582618406, 3.0000012758897454, 3.0000012758897454, 3.0000012758897454, 3.0000012758897454, 3.0000012758897454, 3.0000012758897454, 3.0000012758897454, 3.0000002634992216, 3.0000002634992216, 3.0000001966083873, 3.0000000734255785, 3.0000000734255785, 3.0000000734255785, 3.0000000734255785, 3.0000000734255785, 3.0000000734255785, 3.0000000734255785, 3.0000000734255785, 3.0000000734255785, 3.0000000734255785, 3.0000000378524905, 3.0000000268876716, 3.0000000177314643, 3.0000000177314643, 3.0000000112066574, 3.0000000112066574, 3.0000000020596076, 3.0000000020596076, 3.0000000020596076, 3.0000000020596076, 3.0000000020596076, 3.000000000589407, 3.000000000297612, 3.000000000297612, 3.000000000297612, 3.0000000001109925, 3.0000000001109925, 3.0000000001109925, 3.0000000001109925, 3.0000000001109925, 3.000000000001987, 3.000000000001987, 3.000000000001987, 3.000000000001987, 3.000000000001987, 3.000000000001987, 3.000000000001987, 3.000000000001478, 3.000000000001478, 3.0000000000013984, 3.0000000000013984, 3.000000000000235, 3.000000000000189, 3.000000000000189, 3.0000000000000795, 3.0000000000000777, 3.000000000000024, 3.000000000000024, 3.000000000000024, 3.000000000000024, 3.000000000000024, 2.999999999999963, 2.999999999999952, 2.999999999999952, 2.999999999999952, 2.999999999999952, 2.999999999999952, 2.9999999999999507, 2.9999999999999454, 2.9999999999999267, 2.9999999999999267, 2.9999999999999267, 2.9999999999999267]","{""crossover_rate"": 0.7, ""max_iterations"": 120, ""mutation_factor"": 0.8, ""population_size"": 40}"
goldstein_price,Goldstein-Price,5,2115,de,Evolucion diferencial,2,"[-2.0, 2.0]","[0.0, -1.0]","[4.535914836510655e-10, -1.0000000033279302]",2.9999999999999365,3.3586997992931075e-09,120,4840,"[54.46087322379173, 29.101133470657263, 22.779602869266874, 22.779602869266874, 21.632267888238086, 3.098501320298013, 3.098501320298013, 3.098501320298013, 3.098501320298013, 3.098501320298013, 3.098501320298013, 3.098501320298013, 3.098501320298013, 3.098501320298013, 3.098501320298013, 3.098501320298013, 3.098501320298013, 3.098501320298013, 3.098501320298013, 3.098501320298013, 3.098501320298013, 3.098501320298013, 3.098501320298013, 3.098501320298013, 3.098501320298013, 3.023151783050321, 3.023151783050321, 3.023151783050321, 3.023151783050321, 3.023151783050321, 3.023151783050321, 3.0066867646443507, 3.0013001394910033, 3.0000244951490576, 3.0000244951490576, 3.0000244951490576, 3.0000244951490576, 3.0000244951490576, 3.0000244951490576, 3.0000244951490576, 3.0000244951490576, 3.0000244951490576, 3.0000244951490576, 3.0000244951490576, 3.0000244951490576, 3.0000244951490576, 3.0000244951490576, 3.000013212294639, 3.000004238714964, 3.000004238714964, 3.000004238714964, 3.000004238714964, 3.0000008632054946, 3.0000008632054946, 3.0000008632054946, 3.0000008632054946, 3.0000005687764855, 3.0000005687764855, 3.0000005687764855, 3.0000005687764855, 3.000000138493653, 3.000000052630033, 3.000000052630033, 3.000000052630033, 3.000000052630033, 3.000000052630033, 3.000000052630033, 3.0000000489952234, 3.0000000007181784, 3.0000000007181784, 3.0000000007181784, 3.0000000007181784, 3.0000000007181784, 3.0000000007181784, 3.0000000007181784, 3.0000000007181784, 3.0000000007181784, 3.0000000007181784, 3.0000000007181784, 3.0000000007181784, 3.0000000002227014, 3.000000000069322, 3.000000000069322, 3.000000000069322, 3.000000000069322, 3.000000000069322, 3.0000000000341442, 3.0000000000341442, 3.000000000023013, 3.000000000010578, 3.000000000010578, 3.00000000000894, 3.0000000000082894, 3.0000000000033884, 3.000000000002097, 3.000000000002097, 3.0000000000018714, 3.0000000000018714, 3.000000000000501, 3.000000000000501, 3.000000000000377, 3.0000000000001914, 3.0000000000000115, 3.0000000000000115, 3.0000000000000115, 2.9999999999999916, 2.9999999999999916, 2.9999999999999916, 2.9999999999999623, 2.9999999999999623, 2.999999999999941, 2.999999999999941, 2.999999999999941, 2.999999999999941, 2.999999999999941, 2.999999999999941, 2.999999999999941, 2.999999999999941, 2.9999999999999365, 2.9999999999999365, 2.9999999999999365]","{""crossover_rate"": 0.7, ""max_iterations"": 120, ""mutation_factor"": 0.8, ""population_size"": 40}"
goldstein_price,Goldstein-Price,6,2116,de,Evolucion diferencial,2,"[-2.0, 2.0]","[0.0, -1.0]","[-3.696269003757229e-09, -1.000000004626733]",2.999999999999929,5.9219137760637595e-09,120,4840,"[198.5779639172334, 198.5779639172334, 8.14300957961935, 8.14300957961935, 4.577764484994114, 4.577764484994114, 4.577764484994114, 4.577764484994114, 4.577764484994114, 4.577764484994114, 4.577764484994114, 4.577764484994114, 3.246247602253844, 3.246247602253844, 3.246247602253844, 3.246247602253844, 3.246247602253844, 3.246247602253844, 3.246247602253844, 3.2321301832742333, 3.1674553084717827, 3.1674553084717827, 3.1674553084717827, 3.0450290837119307, 3.0450290837119307, 3.0450290837119307, 3.0450290837119307, 3.015632138727412, 3.014051960344258, 3.010876310587141, 3.010876310587141, 3.00455011832753, 3.00455011832753, 3.0033134721718016, 3.0033134721718016, 3.00265695648625, 3.00265695648625, 3.0001059410360824, 3.0001059410360824, 3.0001059410360824, 3.0001059410360824, 3.0001059410360824, 3.0001059410360824, 3.000008739695902, 3.000008739695902, 3.000008739695902, 3.000008739695902, 3.000008739695902, 3.000005612137061, 3.000003247023771, 3.000003247023771, 3.000003247023771, 3.000003247023771, 3.000001093650941, 3.000001093650941, 3.000001093650941, 3.0000005830880876, 3.000000118368782, 3.000000118368782, 3.000000118368782, 3.0000000322890252, 3.0000000322890252, 3.0000000322890252, 3.0000000183113302, 3.0000000183113302, 3.0000000183113302, 3.0000000183113302, 3.000000007432123, 3.000000007432123, 3.000000002314941, 3.000000002314941, 3.000000000953307, 3.000000000953307, 3.0000000005985763, 3.0000000001456577, 3.0000000001456577, 3.0000000001456577, 3.0000000001456577, 3.0000000001456577, 3.0000000001014118, 3.0000000001014118, 3.000000000044228, 3.00000000000834, 3.0000000000059273, 3.0000000000059273, 3.0000000000059273, 3.000000000000334, 3.000000000000334, 3.000000000000334, 3.000000000000334, 3.000000000000334, 3.000000000000334, 3.000000000000155, 3.000000000000155, 3.000000000000155, 3.000000000000155, 3.000000000000041, 3.000000000000041, 3.000000000000041, 3.000000000000041, 2.999999999999977, 2.9999999999999756, 2.9999999999999756, 2.9999999999999756, 2.9999999999999756, 2.9999999999999756, 2.9999999999999756, 2.9999999999999547, 2.9999999999999547, 2.9999999999999547, 2.999999999999943, 2.999999999999943, 2.999999999999943, 2.9999999999999347, 2.9999999999999347, 2.9999999999999347, 2.9999999999999347, 2.999999999999929, 2.999999999999929, 2.999999999999929, 2.999999999999929]","{""crossover_rate"": 0.7, ""max_iterations"": 120, ""mutation_factor"": 0.8, ""population_size"": 40}"
goldstein_price,Goldstein-Price,7,2117,de,Evolucion diferencial,2,"[-2.0, 2.0]","[0.0, -1.0]","[7.064893200303494e-09, -1.0000000007023184]",2.999999999999944,7.09971598746637e-09,120,4840,"[25.723156974797263, 25.723156974797263, 7.214003172788879, 6.492017476238126, 5.784655690660455, 5.784655690660455, 5.784655690660455, 5.784655690660455, 5.784655690660455, 5.784655690660455, 3.1837899409781305, 3.1837899409781305, 3.1837899409781305, 3.1837899409781305, 3.1837899409781305, 3.1837899409781305, 3.059107295548156, 3.059107295548156, 3.059107295548156, 3.059107295548156, 3.059107295548156, 3.0264801941984945, 3.0264801941984945, 3.011513563868874, 3.011513563868874, 3.011513563868874, 3.011513563868874, 3.011513563868874, 3.0071065934457977, 3.0071065934457977, 3.000267881513574, 3.000267881513574, 3.000267881513574, 3.000209410187782, 3.000209410187782, 3.0001587981642066, 3.0001587981642066, 3.00000951988447, 3.00000951988447, 3.00000951988447, 3.00000951988447, 3.00000951988447, 3.0000045982817434, 3.0000045982817434, 3.0000045982817434, 3.0000045982817434, 3.0000045982817434, 3.0000045982817434, 3.0000045982817434, 3.000002698230569, 3.000000574634418, 3.000000574634418, 3.000000574634418, 3.0000000656824906, 3.0000000656824906, 3.0000000656824906, 3.0000000656824906, 3.000000000181237, 3.000000000181237, 3.000000000181237, 3.000000000181237, 3.000000000181237, 3.000000000181237, 3.000000000181237, 3.000000000181237, 3.000000000181237, 3.000000000181237, 3.000000000181237, 3.000000000181237, 3.000000000181237, 3.000000000181237, 3.000000000181237, 3.000000000181237, 3.000000000181237, 3.0000000001018816, 3.0000000001018816, 3.0000000001018816, 3.0000000001018816, 3.000000000078966, 3.000000000078966, 3.0000000000260605, 3.0000000000260605, 3.0000000000260605, 3.0000000000260605, 3.0000000000114895, 3.0000000000045093, 3.0000000000045093, 3.0000000000002642, 3.0000000000002642, 3.0000000000002642, 3.0000000000002642, 3.0000000000002642, 3.0000000000002642, 3.0000000000002642, 3.0000000000001186, 3.0000000000001186, 3.0000000000001186, 3.0000000000001186, 3.0000000000000355, 3.0000000000000164, 3.0000000000000164, 3.0000000000000164, 3.0000000000000164, 3.0000000000000164, 2.9999999999999867, 2.9999999999999867, 2.999999999999983, 2.999999999999983, 2.999999999999983, 2.999999999999958, 2.999999999999954, 2.999999999999954, 2.999999999999954, 2.999999999999954, 2.999999999999947, 2.999999999999947, 2.9999999999999445, 2.9999999999999445, 2.999999999999944, 2.999999999999944, 2.999999999999944]","{""crossover_rate"": 0.7, ""max_iterations"": 120, ""mutation_factor"": 0.8, ""population_size"": 40}"
goldstein_price,Goldstein-Price,8,2118,de,Evolucion diferencial,2,"[-2.0, 2.0]","[0.0, -1.0]","[2.648227053100194e-09, -1.0000000009206718]",2.999999999999936,2.8037016632246305e-09,120,4840,"[63.03850636028555, 33.94510540868836, 33.94510540868836, 27.642206133663162, 27.642206133663162, 10.638449264718592, 9.462726360935388, 9.462726360935388, 9.462726360935388, 9.462726360935388, 6.538924000746825, 6.538924000746825, 6.538924000746825, 6.538924000746825, 4.4488586380340065, 3.9789591164048512, 3.9789591164048512, 3.9789591164048512, 3.9789591164048512, 3.9789591164048512, 3.9789591164048512, 3.031357833072671, 3.031357833072671, 3.031357833072671, 3.031357833072671, 3.031357833072671, 3.031357833072671, 3.031357833072671, 3.031357833072671, 3.018294465666208, 3.0132618292121465, 3.0132618292121465, 3.0115914058413504, 3.0024058622238674, 3.0005942780486317, 3.0005942780486317, 3.0000773324934635, 3.0000773324934635, 3.0000773324934635, 3.0000773324934635, 3.0000773324934635, 3.0000773324934635, 3.0000773324934635, 3.0000773324934635, 3.0000773324934635, 3.0000773324934635, 3.000054136890497, 3.000020320953306, 3.0000088989310045, 3.0000088989310045, 3.0000088989310045, 3.00000800709444, 3.000000600056524, 3.000000600056524, 3.000000600056524, 3.000000600056524, 3.000000600056524, 3.000000600056524, 3.000000600056524, 3.000000018777464, 3.000000018777464, 3.000000018777464, 3.000000018777464, 3.000000018777464, 3.000000018777464, 3.000000018777464, 3.0000000137098533, 3.0000000093972363, 3.0000000093972363, 3.0000000019819737, 3.0000000007284267, 3.0000000007284267, 3.0000000007284267, 3.0000000007284267, 3.0000000003600653, 3.0000000003600653, 3.0000000003600653, 3.0000000003600653, 3.0000000003600653, 3.0000000003600653, 3.0000000003600653, 3.0000000003600653, 3.0000000000550506, 3.0000000000550506, 3.0000000000106546, 3.0000000000106546, 3.0000000000106546, 3.0000000000106546, 3.0000000000070988, 3.000000000002038, 3.0000000000019478, 3.0000000000019478, 3.0000000000019478, 3.000000000001473, 3.000000000001473, 3.000000000001473, 3.000000000001159, 3.0000000000007123, 3.0000000000007123, 3.000000000000056, 3.0000000000000075, 3.0000000000000075, 3.0000000000000075, 3.0000000000000075, 3.0000000000000075, 3.000000000000007, 2.9999999999999765, 2.9999999999999662, 2.9999999999999662, 2.9999999999999414, 2.9999999999999414, 2.9999999999999414, 2.9999999999999414, 2.9999999999999414, 2.9999999999999414, 2.9999999999999414, 2.999999999999936, 2.999999999999936, 2.999999999999936, 2.999999999999936, 2.999999999999936]","{""crossover_rate"": 0.7, ""max_iterations"": 120, ""mutation_factor"": 0.8, ""population_size"": 40}"
goldstein_price,Goldstein-Price,9,2119,de,Evolucion diferencial,2,"[-2.0, 2.0]","[0.0, -1.0]","[6.097415742751137e-09, -0.9999999974276881]",2.9999999999999334,6.61779928289651e-09,120,4840,"[13.228571477182209, 13.228571477182209, 13.228571477182209, 13.228571477182209, 11.39539350908219, 6.471403084630201, 6.471403084630201, 6.471403084630201, 6.471403084630201, 3.5783808598348537, 3.5783808598348537, 3.5783808598348537, 3.5783808598348537, 3.5783808598348537, 3.5783808598348537, 3.5783808598348537, 3.5783808598348537, 3.491735275309181, 3.1201140137839576, 3.1201140137839576, 3.1201140137839576, 3.0228575643570594, 3.0003489926948506, 3.0003489926948506, 3.0003489926948506, 3.0003489926948506, 3.0003489926948506, 3.0003489926948506, 3.0003489926948506, 3.0003489926948506, 3.0003489926948506, 3.0003489926948506, 3.0003489926948506, 3.0003489926948506, 3.000242175690562, 3.000242175690562, 3.000145366367013, 3.000145366367013, 3.000059086770778, 3.000059086770778, 3.000059086770778, 3.000059086770778, 3.0000566128167026, 3.0000566128167026, 3.0000558667991357, 3.000032001346781, 3.000032001346781, 3.000004357658469, 3.000004357658469, 3.000004357658469, 3.000004357658469, 3.000003312346642, 3.0000021939060297, 3.0000021939060297, 3.0000021939060297, 3.0000020434671586, 3.0000020434671586, 3.000000075778798, 3.000000075778798, 3.000000075778798, 3.000000075778798, 3.000000075778798, 3.000000075778798, 3.000000030097673, 3.000000030097673, 3.000000030097673, 3.0000000141839855, 3.0000000141839855, 3.0000000141839855, 3.000000002692606, 3.000000002692606, 3.000000001685616, 3.000000000660132, 3.000000000615238, 3.000000000615238, 3.000000000615238, 3.0000000002970615, 3.000000000120655, 3.000000000026862, 3.000000000026862, 3.000000000026862, 3.000000000021468, 3.000000000021468, 3.000000000021468, 3.000000000021468, 3.000000000021468, 3.000000000012863, 3.0000000000024625, 3.0000000000024625, 3.0000000000024625, 3.0000000000024625, 3.0000000000009077, 3.0000000000009077, 3.0000000000009077, 3.0000000000009077, 3.0000000000009077, 3.0000000000001927, 3.0000000000001927, 3.0000000000001927, 3.0, 3.0, 2.999999999999995, 2.999999999999995, 2.999999999999995, 2.999999999999953, 2.999999999999953, 2.999999999999953, 2.999999999999953, 2.999999999999953, 2.999999999999953, 2.999999999999953, 2.9999999999999365, 2.9999999999999365, 2.9999999999999365, 2.9999999999999365, 2.9999999999999365, 2.9999999999999365, 2.9999999999999334, 2.9999999999999334, 2.9999999999999334, 2.9999999999999334]","{""crossover_rate"": 0.7, ""max_iterations"": 120, ""mutation_factor"": 0.8, ""population_size"": 40}"
goldstein_price,Goldstein-Price,10,2159,de,Evolucion diferencial,2,"[-2.0, 2.0]","[0.0, -1.0]","[4.438132765548448e-09, -0.9999999999875178]",2.999999999999945,4.438150318644792e-09,120,4840,"[31.753079467508723, 31.753079467508723, 31.753079467508723, 31.753079467508723, 13.887707399554742, 13.887707399554742, 13.887707399554742, 13.887707399554742, 11.289890415123459, 11.289890415123459, 9.142705220568581, 9.142705220568581, 9.142705220568581, 9.142705220568581, 9.142705220568581, 3.5183100356069934, 3.5183100356069934, 3.5183100356069934, 3.5183100356069934, 3.2171320920153494, 3.2171320920153494, 3.2171320920153494, 3.1902361202485103, 3.1902361202485103, 3.017795765364345, 3.017795765364345, 3.017795765364345, 3.017795765364345, 3.017795765364345, 3.01508628274515, 3.01508628274515, 3.01508628274515, 3.01508628274515, 3.01508628274515, 3.0024701388560224, 3.0024701388560224, 3.0024701388560224, 3.0024701388560224, 3.0018998101637497, 3.0011754576059886, 3.000278082444377, 3.000278082444377, 3.000278082444377, 3.000278082444377, 3.000278082444377, 3.0000646829088704, 3.0000646829088704, 3.000033994995404, 3.0000105663908365, 3.0000105663908365, 3.0000105663908365, 3.0000105663908365, 3.0000105663908365, 3.0000105663908365, 3.000003516866337, 3.0000022736002325, 3.0000022736002325, 3.0000021173812077, 3.0000021173812077, 3.0000021173812077, 3.0000004358868195, 3.0000003801264445, 3.0000003801264445, 3.0000003801264445, 3.0000002343972296, 3.0000002343972296, 3.0000000115856498, 3.0000000115856498, 3.0000000115856498, 3.0000000115856498, 3.0000000115856498, 3.000000004106243, 3.000000004106243, 3.000000004106243, 3.000000004106243, 3.000000004106243, 3.0000000003407665, 3.0000000003407665, 3.0000000003407665, 3.0000000003407665, 3.0000000003407665, 3.0000000001678266, 3.0000000001678266, 3.0000000001678266, 3.0000000001678266, 3.0000000001678266, 3.0000000001678266, 3.0000000001678266, 3.0000000000280727, 3.0000000000280727, 3.0000000000049996, 3.0000000000049996, 3.0000000000049996, 3.0000000000049996, 3.0000000000049996, 3.0000000000049996, 3.000000000002299, 3.000000000002299, 3.0000000000013696, 3.0000000000013696, 3.0000000000013696, 3.0000000000013696, 3.0000000000013696, 3.0000000000003775, 3.0000000000003775, 3.0000000000001488, 3.0000000000001488, 3.000000000000076, 3.0000000000000093, 3.0000000000000093, 3.000000000000005, 2.9999999999999845, 2.9999999999999596, 2.9999999999999596, 2.9999999999999596, 2.9999999999999596, 2.9999999999999596, 2.999999999999945, 2.999999999999945, 2.999999999999945, 2.999999999999945]","{""crossover_rate"": 0.7, ""max_iterations"": 120, ""mutation_factor"": 0.8, ""population_size"": 40}"
goldstein_price,Goldstein-Price,11,2160,de,Evolucion diferencial,2,"[-2.0, 2.0]","[0.0, -1.0]","[-3.445394691240689e-09, -1.0000000002981528]",2.9999999999999374,3.4582711998768285e-09,120,4840,"[33.831114555167716, 33.831114555167716, 33.831114555167716, 33.831114555167716, 7.082370590430689, 3.7272220511216143, 3.7272220511216143, 3.7272220511216143, 3.535531644814747, 3.535531644814747, 3.535531644814747, 3.535531644814747, 3.535531644814747, 3.535531644814747, 3.535531644814747, 3.535531644814747, 3.1760848988601436, 3.1760848988601436, 3.0663115533164187, 3.0663115533164187, 3.0663115533164187, 3.0508522280921957, 3.0508522280921957, 3.0270493603764734, 3.0224193906970136, 3.0224193906970136, 3.0037360171639462, 3.0037360171639462, 3.0037360171639462, 3.0037360171639462, 3.0037360171639462, 3.0037360171639462, 3.0037360171639462, 3.000529866096561, 3.000529866096561, 3.000529866096561, 3.0000017059629855, 3.0000017059629855, 3.0000017059629855, 3.0000017059629855, 3.0000017059629855, 3.0000017059629855, 3.0000017059629855, 3.0000017059629855, 3.0000017059629855, 3.0000017059629855, 3.0000017059629855, 3.0000017059629855, 3.0000017059629855, 3.0000017059629855, 3.0000017059629855, 3.0000017059629855, 3.0000017059629855, 3.0000017059629855, 3.000000313539216, 3.0000000292880977, 3.0000000292880977, 3.0000000292880977, 3.0000000292880977, 3.0000000292880977, 3.0000000292880977, 3.0000000292880977, 3.0000000292880977, 3.000000011943453, 3.0000000092962438, 3.0000000092962438, 3.0000000092962438, 3.0000000092962438, 3.0000000083095544, 3.0000000083095544, 3.0000000083095544, 3.0000000047661457, 3.000000000156116, 3.000000000156116, 3.000000000156116, 3.000000000156116, 3.000000000156116, 3.000000000156116, 3.000000000156116, 3.000000000156116, 3.0000000000368905, 3.0000000000368905, 3.0000000000368905, 3.0000000000021636, 3.0000000000021636, 3.0000000000021636, 3.0000000000021636, 3.0000000000019407, 3.0000000000019407, 3.0000000000019407, 3.0000000000019407, 3.0000000000006914, 3.0000000000006914, 3.0000000000006914, 3.0000000000006914, 3.000000000000547, 3.000000000000547, 3.000000000000212, 3.000000000000212, 3.000000000000212, 3.000000000000025, 3.000000000000025, 3.000000000000025, 3.0000000000000155, 2.99999999999996, 2.99999999999996, 2.99999999999996, 2.99999999999996, 2.99999999999996, 2.99999999999996, 2.99999999999996, 2.999999999999954, 2.999999999999939, 2.999999999999939, 2.999999999999939, 2.9999999999999374, 2.9999999999999374, 2.9999999999999374, 2.9999999999999374, 2.9999999999999374, 2.9999999999999374]","{""crossover_rate"": 0.7, ""max_iterations"": 120, ""mutation_factor"": 0.8, ""population_size"": 40}"
goldstein_price,Goldstein-Price,12,2161,de,Evolucion diferencial,2,"[-2.0, 2.0]","[0.0, -1.0]","[-7.0564779960048605e-09, -1.0000000049953572]",2.999999999999938,8.64566224490718e-09,120,4840,"[12.447033655065223, 8.741228972776652, 8.741228972776652, 8.741228972776652, 8.741228972776652, 8.741228972776652, 8.741228972776652, 8.741228972776652, 8.741228972776652, 7.4639386614765755, 4.70076569768537, 4.70076569768537, 4.70076569768537, 4.70076569768537, 4.70076569768537, 4.70076569768537, 3.257567720515843, 3.257567720515843, 3.257567720515843, 3.257567720515843, 3.257567720515843, 3.257567720515843, 3.257567720515843, 3.146398743879838, 3.0898498561418584, 3.059234446311882, 3.059234446311882, 3.0184909084076663, 3.0118330310207826, 3.0036419232362968, 3.0036419232362968, 3.0036419232362968, 3.0020064247203604, 3.0001624159385676, 3.0001624159385676, 3.0001624159385676, 3.0001624159385676, 3.0001624159385676, 3.0001624159385676, 3.0001624159385676, 3.0001624159385676, 3.0001624159385676, 3.0000866912945443, 3.0000866912945443, 3.0000109763737868, 3.0000109763737868, 3.0000109763737868, 3.000009992584761, 3.000009992584761, 3.0000041304074982, 3.0000041304074982, 3.0000041304074982, 3.000002618787917, 3.000002618787917, 3.000002618787917, 3.000002618787917, 3.0000005586982676, 3.0000005586982676, 3.0000005586982676, 3.000000118897195, 3.000000118897195, 3.0000000765251564, 3.0000000765251564, 3.0000000765251564, 3.0000000765251564, 3.0000000765251564, 3.0000000765251564, 3.0000000226699597, 3.000000006950845, 3.000000006950845, 3.000000006950845, 3.000000006950845, 3.000000006950845, 3.000000003295077, 3.000000001313391, 3.000000001313391, 3.0000000006832335, 3.0000000006832335, 3.0000000004174217, 3.0000000004174217, 3.0000000000482965, 3.0000000000482965, 3.0000000000074487, 3.0000000000074487, 3.0000000000042117, 3.0000000000042117, 3.0000000000042117, 3.0000000000042117, 3.0000000000042117, 3.0000000000042117, 3.0000000000042117, 3.0000000000042117, 3.0000000000042117, 3.0000000000000395, 3.0000000000000395, 3.0000000000000395, 3.0000000000000395, 3.0000000000000395, 3.0000000000000395, 3.0000000000000395, 3.0000000000000395, 3.0000000000000395, 3.0000000000000333, 3.0000000000000333, 3.0000000000000333, 3.0000000000000333, 2.9999999999999893, 2.9999999999999893, 2.999999999999962, 2.999999999999962, 2.999999999999962, 2.999999999999962, 2.999999999999962, 2.999999999999962, 2.999999999999962, 2.999999999999938, 2.999999999999938, 2.999999999999938, 2.999999999999938, 2.999999999999938, 2.999999999999938]","{""crossover_rate"": 0.7, ""max_iterations"": 120, ""mutation_factor"": 0.8, ""population_size"": 40}"
goldstein_price,Goldstein-Price,13,2162,de,Evolucion diferencial,2,"[-2.0, 2.0]","[0.0, -1.0]","[-6.425849348789767e-09, -1.00000000001406]",2.9999999999999334,6.4258647308648076e-09,120,4840,"[8.121091672624372, 8.121091672624372, 8.121091672624372, 8.121091672624372, 8.121091672624372, 7.272376233824325, 7.272376233824325, 7.272376233824325, 7.272376233824325, 4.571459876783526, 4.571459876783526, 4.571459876783526, 4.571459876783526, 4.571459876783526, 4.571459876783526, 4.571459876783526, 3.413835995135769, 3.075751666276245, 3.075751666276245, 3.075751666276245, 3.075751666276245, 3.075751666276245, 3.075751666276245, 3.075751666276245, 3.0573214864911966, 3.0573214864911966, 3.017544577060623, 3.017544577060623, 3.017544577060623, 3.0161944926199604, 3.0085741740744725, 3.003298655229984, 3.003298655229984, 3.0003843968233586, 3.0000347001621503, 3.0000347001621503, 3.0000347001621503, 3.0000003207859556, 3.0000003207859556, 3.0000003207859556, 3.0000003207859556, 3.0000003207859556, 3.0000003207859556, 3.0000003207859556, 3.0000003207859556, 3.0000003207859556, 3.0000003207859556, 3.0000003207859556, 3.0000003207859556, 3.0000003207859556, 3.0000003207859556, 3.0000003207859556, 3.0000003207859556, 3.0000003207859556, 3.0000003207859556, 3.0000003207859556, 3.0000003207859556, 3.000000161281499, 3.000000161281499, 3.000000161281499, 3.000000161281499, 3.000000161281499, 3.0000000670089437, 3.0000000261097486, 3.0000000261097486, 3.0000000261097486, 3.0000000261097486, 3.0000000261097486, 3.0000000036420014, 3.0000000036420014, 3.0000000036420014, 3.0000000009545253, 3.0000000009545253, 3.000000000465098, 3.000000000465098, 3.000000000465098, 3.000000000326108, 3.000000000326108, 3.000000000022454, 3.000000000006111, 3.000000000006111, 3.000000000006111, 3.000000000006111, 3.000000000006111, 3.000000000006111, 3.000000000006111, 3.0000000000022085, 3.0000000000022085, 3.0000000000022085, 3.0000000000022085, 3.0000000000022085, 3.0000000000022085, 3.0000000000017395, 3.0000000000017395, 3.000000000001472, 3.000000000001472, 3.0000000000013722, 3.0000000000006675, 3.0000000000002403, 3.0000000000002403, 3.000000000000215, 3.0000000000000586, 3.0000000000000586, 3.0000000000000586, 3.000000000000039, 2.999999999999979, 2.999999999999979, 2.9999999999999685, 2.9999999999999685, 2.9999999999999662, 2.9999999999999662, 2.9999999999999414, 2.9999999999999414, 2.9999999999999414, 2.9999999999999414, 2.9999999999999414, 2.9999999999999365, 2.9999999999999365, 2.9999999999999334, 2.9999999999999334, 2.9999999999999334]","{""crossover_rate"": 0.7, ""max_iterations"": 120, ""mutation_factor"": 0.8, ""population_size"": 40}"
goldstein_price,Goldstein-Price,14,2163,de,Evolucion diferencial,2,"[-2.0, 2.0]","[0.0, -1.0]","[-3.233157509298125e-10, -0.9999999963491659]",2.9999999999999267,3.6651224469031042e-09,120,4840,"[21.926432956639317, 20.795096521468487, 20.58352951746305, 20.58352951746305, 20.58352951746305, 20.58352951746305, 14.026003800212159, 14.026003800212159, 14.026003800212159, 3.8975236274113656, 3.0117849228792375, 3.006477844487206, 3.006477844487206, 3.006477844487206, 3.006477844487206, 3.006477844487206, 3.006477844487206, 3.006477844487206, 3.006477844487206, 3.006477844487206, 3.006477844487206, 3.006477844487206, 3.006477844487206, 3.006477844487206, 3.006477844487206, 3.006477844487206, 3.006477844487206, 3.006477844487206, 3.006477844487206, 3.006477844487206, 3.006477844487206, 3.006477844487206, 3.006477844487206, 3.006477844487206, 3.006477844487206, 3.006477844487206, 3.006477844487206, 3.0034783018276188, 3.0000629495091946, 3.0000629495091946, 3.0000629495091946, 3.0000629495091946, 3.0000629495091946, 3.0000629495091946, 3.0000629495091946, 3.0000057939643683, 3.0000057939643683, 3.0000057939643683, 3.0000057939643683, 3.0000057939643683, 3.0000057939643683, 3.0000057939643683, 3.0000057939643683, 3.000003336873234, 3.000003336873234, 3.000003336873234, 3.0000000751097144, 3.0000000751097144, 3.0000000751097144, 3.0000000751097144, 3.0000000751097144, 3.0000000751097144, 3.0000000751097144, 3.0000000751097144, 3.0000000751097144, 3.00000005866908, 3.00000005866908, 3.00000005866908, 3.0000000446980537, 3.000000005297401, 3.000000005297401, 3.000000005297401, 3.000000005297401, 3.000000005297401, 3.000000005297401, 3.000000005297401, 3.000000005297401, 3.000000005297401, 3.000000002670938, 3.000000002670938, 3.0000000016595103, 3.0000000012328156, 3.0000000000968, 3.0000000000968, 3.0000000000968, 3.0000000000968, 3.0000000000968, 3.000000000028691, 3.000000000028691, 3.000000000010611, 3.000000000010611, 3.000000000010611, 3.0000000000008993, 3.0000000000008993, 3.0000000000008993, 3.0000000000008993, 3.0000000000008993, 3.0000000000008993, 3.0000000000008993, 3.0000000000008993, 3.000000000000787, 3.0000000000000013, 3.0000000000000013, 3.0000000000000013, 3.0000000000000013, 3.0000000000000013, 3.0000000000000013, 3.0000000000000013, 3.0000000000000013, 2.9999999999999916, 2.9999999999999574, 2.9999999999999574, 2.9999999999999574, 2.999999999999954, 2.999999999999954, 2.999999999999954, 2.9999999999999365, 2.9999999999999365, 2.9999999999999365, 2.9999999999999267, 2.9999999999999267]","{""crossover_rate"": 0.7, ""max_iterations"": 120, ""mutation_factor"": 0.8, ""population_size"": 40}"
goldstein_price,Goldstein-Price,15,2164,de,Evolucion diferencial,2,"[-2.0, 2.0]","[0.0, -1.0]","[-5.899815436614247e-10, -1.0000000035959007]",2.999999999999927,3.6439785924391056e-09,120,4840,"[18.721771252382702, 18.721771252382702, 9.997554077818137, 5.889364051581949, 5.889364051581949, 5.889364051581949, 5.889364051581949, 5.889364051581949, 3.842966125868865, 3.842966125868865, 3.842966125868865, 3.0882497007150462, 3.0882497007150462, 3.0882497007150462, 3.0882497007150462, 3.0882497007150462, 3.0882497007150462, 3.0882497007150462, 3.0882497007150462, 3.0882497007150462, 3.0882497007150462, 3.0882497007150462, 3.0589818631957693, 3.0230522707565015, 3.0098087510684586, 3.0098087510684586, 3.0098087510684586, 3.0036415941584824, 3.0036415941584824, 3.0036415941584824, 3.0024592455329504, 3.000216600076002, 3.000216600076002, 3.0001344650851336, 3.0001344650851336, 3.0001344650851336, 3.0001344650851336, 3.0001344650851336, 3.0001344650851336, 3.0001344650851336, 3.0001344650851336, 3.0001344650851336, 3.0001344650851336, 3.0000821058413987, 3.0000281512947775, 3.000024498493768, 3.000004751284784, 3.0000008618056606, 3.0000008618056606, 3.0000008618056606, 3.0000006259448133, 3.0000000747553455, 3.0000000747553455, 3.0000000747553455, 3.0000000747553455, 3.0000000747553455, 3.0000000747553455, 3.0000000747553455, 3.0000000300631857, 3.0000000281083654, 3.0000000281083654, 3.0000000281083654, 3.0000000281083654, 3.0000000281083654, 3.000000007102372, 3.000000007102372, 3.000000002263309, 3.000000002263309, 3.000000002263309, 3.000000001141426, 3.000000001141426, 3.000000001141426, 3.000000001141426, 3.000000000151617, 3.000000000151617, 3.000000000151617, 3.000000000151617, 3.000000000151617, 3.000000000151617, 3.000000000112385, 3.000000000011167, 3.000000000011167, 3.000000000011167, 3.000000000011167, 3.000000000011167, 3.000000000011167, 3.000000000011167, 3.000000000001743, 3.000000000001743, 3.000000000001743, 3.000000000001743, 3.0000000000011857, 3.0000000000003255, 3.0000000000003255, 3.0000000000003255, 3.0000000000003255, 3.0000000000003255, 3.0000000000003255, 3.000000000000167, 3.000000000000167, 3.0000000000001315, 2.9999999999999862, 2.9999999999999862, 2.9999999999999862, 2.9999999999999862, 2.999999999999978, 2.999999999999978, 2.999999999999978, 2.999999999999978, 2.999999999999977, 2.999999999999953, 2.999999999999953, 2.999999999999953, 2.9999999999999294, 2.9999999999999294, 2.9999999999999294, 2.999999999999927, 2.999999999999927, 2.999999999999927, 2.999999999999927, 2.999999999999927]","{""crossover_rate"": 0.7, ""max_iterations"": 120, ""mutation_factor"": 0.8, ""population_size"": 40}"
goldstein_price,Goldstein-Price,16,2165,de,Evolucion diferencial,2,"[-2.0, 2.0]","[0.0, -1.0]","[-3.2160030328036155e-09, -1.0000000032900813]",2.9999999999999405,4.600794560651725e-09,120,4840,"[24.410650702687445, 24.410650702687445, 24.410650702687445, 24.410650702687445, 11.172930533693952, 5.379926603991333, 4.695381705474609, 4.695381705474609, 4.695381705474609, 3.930426966214764, 3.930426966214764, 3.8580357692431786, 3.8580357692431786, 3.8580357692431786, 3.8580357692431786, 3.8580357692431786, 3.8580357692431786, 3.8580357692431786, 3.502374956845679, 3.502374956845679, 3.3183213432362697, 3.0321359200362803, 3.0321359200362803, 3.0321359200362803, 3.006213716227082, 3.006213716227082, 3.006213716227082, 3.006213716227082, 3.006213716227082, 3.006213716227082, 3.006213716227082, 3.0023904775113497, 3.0023904775113497, 3.0023904775113497, 3.0023904775113497, 3.000169555286723, 3.000109984903954, 3.000109984903954, 3.0000216785218283, 3.0000216785218283, 3.0000216785218283, 3.0000216785218283, 3.0000216785218283, 3.0000216785218283, 3.0000216785218283, 3.0000216785218283, 3.0000216785218283, 3.0000216785218283, 3.0000113021129966, 3.0000108774783594, 3.0000108774783594, 3.0000108774783594, 3.0000007303549507, 3.000000319023745, 3.000000319023745, 3.000000319023745, 3.0000002281259888, 3.0000002108756094, 3.0000002108756094, 3.0000002108756094, 3.0000002108756094, 3.0000001103180836, 3.0000001103180836, 3.0000001103180836, 3.0000001103180836, 3.000000037880144, 3.000000037880144, 3.0000000102435527, 3.000000001793439, 3.000000001793439, 3.000000001793439, 3.000000001655633, 3.000000001655633, 3.000000000652686, 3.000000000652686, 3.000000000652686, 3.0000000005397105, 3.0000000005397105, 3.00000000043503, 3.000000000340232, 3.0000000002583156, 3.000000000012063, 3.000000000012063, 3.000000000012063, 3.0000000000010956, 3.0000000000010956, 3.0000000000010956, 3.0000000000010956, 3.0000000000010956, 3.0000000000010956, 3.0000000000010956, 3.0000000000010956, 3.0000000000010956, 3.000000000000804, 3.000000000000804, 3.000000000000804, 3.0000000000001825, 3.000000000000155, 3.0000000000000298, 3.0000000000000298, 3.000000000000025, 3.000000000000025, 3.000000000000025, 3.0000000000000204, 3.0000000000000204, 3.0000000000000204, 3.000000000000003, 2.999999999999988, 2.9999999999999756, 2.9999999999999547, 2.9999999999999547, 2.9999999999999494, 2.9999999999999494, 2.9999999999999494, 2.999999999999949, 2.9999999999999405, 2.9999999999999405, 2.9999999999999405, 2.9999999999999405, 2.9999999999999405, 2.9999999999999405]","{""crossover_rate"": 0.7, ""max_iterations"": 120, ""mutation_factor"": 0.8, ""population_size"": 40}"
goldstein_price,Goldstein-Price,17,2166,de,Evolucion diferencial,2,"[-2.0, 2.0]","[0.0, -1.0]","[-1.750105824062118e-09, -1.0000000005688714]",2.9999999999999543,1.8402404893988092e-09,120,4840,"[18.147719820549558, 4.231843710667178, 4.231843710667178, 4.231843710667178, 4.231843710667178, 4.231843710667178, 4.231843710667178, 4.231843710667178, 4.231843710667178, 3.3916426596966334, 3.3916426596966334, 3.3916426596966334, 3.162700229087121, 3.162700229087121, 3.162700229087121, 3.162700229087121, 3.162700229087121, 3.162700229087121, 3.162700229087121, 3.162700229087121, 3.162700229087121, 3.162700229087121, 3.162700229087121, 3.162700229087121, 3.074344152365973, 3.074344152365973, 3.074344152365973, 3.074344152365973, 3.040562639452886, 3.0160589369847535, 3.0074186433425285, 3.0074186433425285, 3.0074186433425285, 3.002503871122047, 3.002503871122047, 3.0015928178884073, 3.0009374462426543, 3.0009374462426543, 3.0009374462426543, 3.0001043478968112, 3.0001043478968112, 3.0001043478968112, 3.000091625480427, 3.000091625480427, 3.000091625480427, 3.000087168778622, 3.000087168778622, 3.000063869137477, 3.000063869137477, 3.0000379837302393, 3.000011499525983, 3.000011499525983, 3.000011499525983, 3.000002063652689, 3.000000952113752, 3.000000952113752, 3.000000952113752, 3.000000662996161, 3.000000662996161, 3.000000404175577, 3.000000404175577, 3.000000045974769, 3.0000000190579175, 3.0000000190579175, 3.0000000190579175, 3.0000000190579175, 3.000000008201998, 3.000000008201998, 3.000000008201998, 3.000000008201998, 3.000000008201998, 3.000000008201998, 3.0000000079126634, 3.0000000058448912, 3.000000001777302, 3.000000001777302, 3.0000000013799437, 3.0000000013799437, 3.00000000113933, 3.0000000007793797, 3.0000000007793797, 3.000000000209689, 3.000000000209689, 3.000000000075994, 3.000000000032507, 3.000000000032507, 3.000000000032507, 3.000000000032507, 3.0000000000162546, 3.0000000000162546, 3.0000000000162546, 3.0000000000162546, 3.0000000000021028, 3.000000000000013, 3.000000000000013, 3.000000000000013, 3.000000000000013, 3.000000000000013, 3.000000000000013, 3.000000000000013, 3.000000000000013, 3.000000000000013, 3.000000000000013, 3.000000000000013, 3.000000000000013, 2.999999999999975, 2.999999999999975, 2.999999999999975, 2.999999999999975, 2.999999999999975, 2.9999999999999645, 2.9999999999999645, 2.9999999999999645, 2.9999999999999645, 2.9999999999999645, 2.9999999999999645, 2.9999999999999645, 2.9999999999999543, 2.9999999999999543, 2.9999999999999543, 2.9999999999999543]","{""crossover_rate"": 0.7, ""max_iterations"": 120, ""mutation_factor"": 0.8, ""population_size"": 40}"
goldstein_price,Goldstein-Price,18,2167,de,Evolucion diferencial,2,"[-2.0, 2.0]","[0.0, -1.0]","[1.349868504117925e-09, -1.000000002615771]",2.9999999999999254,2.943535723127888e-09,120,4840,"[65.55470189038556, 31.732141163849942, 31.732141163849942, 31.732141163849942, 8.454547299429398, 8.454547299429398, 8.454547299429398, 8.454547299429398, 3.6210869483250834, 3.6210869483250834, 3.6210869483250834, 3.6210869483250834, 3.6210869483250834, 3.6210869483250834, 3.6210869483250834, 3.1075750053113835, 3.1075750053113835, 3.1075750053113835, 3.1075750053113835, 3.1075750053113835, 3.1075750053113835, 3.014609792090175, 3.014609792090175, 3.014609792090175, 3.014609792090175, 3.014609792090175, 3.014609792090175, 3.0126877456797354, 3.0126877456797354, 3.0126877456797354, 3.0126877456797354, 3.0126877456797354, 3.0004634191184625, 3.0004634191184625, 3.0004634191184625, 3.0004634191184625, 3.0004634191184625, 3.000418695323787, 3.000004132994101, 3.000004132994101, 3.000004132994101, 3.000004132994101, 3.000004132994101, 3.000004132994101, 3.000004132994101, 3.000004132994101, 3.000004132994101, 3.000004132994101, 3.000004132994101, 3.000004132994101, 3.000004132994101, 3.000004132994101, 3.000004132994101, 3.000004132994101, 3.00000260693429, 3.00000260693429, 3.00000260693429, 3.0000004652490193, 3.000000296861038, 3.000000296861038, 3.0000002919417734, 3.0000002919417734, 3.0000002919417734, 3.0000002919417734, 3.0000002919417734, 3.0000002919417734, 3.0000000124639614, 3.0000000124639614, 3.0000000122051302, 3.0000000122051302, 3.0000000122051302, 3.0000000118991883, 3.000000008380543, 3.000000008380543, 3.000000008380543, 3.0000000077365705, 3.0000000034066066, 3.0000000034066066, 3.0000000034066066, 3.000000000087333, 3.000000000087333, 3.000000000087333, 3.000000000087333, 3.000000000087333, 3.000000000087333, 3.0000000000488205, 3.0000000000488205, 3.0000000000488205, 3.0000000000488205, 3.000000000021984, 3.0000000000202856, 3.0000000000202856, 3.000000000001344, 3.000000000001344, 3.000000000001344, 3.0000000000010036, 3.0000000000010036, 3.0000000000010036, 3.0000000000010036, 3.000000000000137, 3.000000000000137, 3.000000000000137, 3.000000000000096, 3.000000000000096, 3.000000000000005, 2.9999999999999605, 2.9999999999999605, 2.9999999999999605, 2.9999999999999605, 2.9999999999999605, 2.9999999999999605, 2.9999999999999605, 2.9999999999999605, 2.9999999999999605, 2.9999999999999605, 2.9999999999999605, 2.999999999999945, 2.9999999999999445, 2.9999999999999445, 2.9999999999999445, 2.9999999999999254]","{""crossover_rate"": 0.7, ""max_iterations"": 120, ""mutation_factor"": 0.8, ""population_size"": 40}"
goldstein_price,Goldstein-Price,19,2168,de,Evolucion diferencial,2,"[-2.0, 2.0]","[0.0, -1.0]","[-7.323919930867488e-09, -1.0000000029072391]",2.9999999999999543,7.87983771609613e-09,120,4840,"[3.914842868755716, 3.914842868755716, 3.914842868755716, 3.914842868755716, 3.914842868755716, 3.914842868755716, 3.914842868755716, 3.914842868755716, 3.914842868755716, 3.914842868755716, 3.914842868755716, 3.914842868755716, 3.914842868755716, 3.914842868755716, 3.8726480882819145, 3.298997154828418, 3.298997154828418, 3.298997154828418, 3.298997154828418, 3.1037043422546606, 3.1037043422546606, 3.1037043422546606, 3.1037043422546606, 3.0473464582038017, 3.013639639037265, 3.013639639037265, 3.013639639037265, 3.013639639037265, 3.013639639037265, 3.013639639037265, 3.013639639037265, 3.013639639037265, 3.0033977330319206, 3.0033977330319206, 3.0033977330319206, 3.0033977330319206, 3.0033977330319206, 3.0033977330319206, 3.0003220116249456, 3.0003220116249456, 3.0003220116249456, 3.0003220116249456, 3.0003220116249456, 3.0003220116249456, 3.0003220116249456, 3.0003220116249456, 3.000237982666506, 3.000231049943334, 3.0002097138465977, 3.000137755240405, 3.000137755240405, 3.0000337997893407, 3.0000337997893407, 3.0000337997893407, 3.0000267010464845, 3.00002221723852, 3.0000202211965044, 3.000014580411877, 3.0000010782726854, 3.0000010782726854, 3.0000010782726854, 3.0000010782726854, 3.0000010782726854, 3.0000009817360254, 3.0000002371943544, 3.0000002371943544, 3.0000002371943544, 3.000000153825999, 3.000000012248142, 3.000000012248142, 3.000000012248142, 3.000000012248142, 3.000000012248142, 3.0000000014900396, 3.0000000014900396, 3.0000000014900396, 3.0000000014900396, 3.0000000014900396, 3.0000000008378844, 3.0000000008378844, 3.0000000008378844, 3.0000000008378844, 3.0000000008378844, 3.0000000004363594, 3.0000000004363594, 3.00000000012483, 3.00000000012483, 3.00000000011142, 3.00000000011142, 3.000000000009658, 3.000000000009658, 3.000000000009658, 3.000000000009658, 3.0000000000036904, 3.0000000000036904, 3.0000000000036904, 3.0000000000036904, 3.0000000000036904, 3.0000000000033924, 3.0000000000023346, 3.0000000000014055, 3.0000000000014055, 3.000000000000629, 3.0000000000004707, 3.000000000000417, 3.0000000000002274, 3.0000000000002274, 3.0000000000002274, 3.0000000000001386, 3.0000000000000435, 3.0000000000000435, 3.0000000000000435, 3.0000000000000435, 3.0000000000000404, 2.9999999999999916, 2.9999999999999614, 2.9999999999999614, 2.9999999999999614, 2.9999999999999614, 2.9999999999999543, 2.9999999999999543]","{""crossover_rate"": 0.7, ""max_iterations"": 120, ""mutation_factor"": 0.8, ""population_size"": 40}"
goldstein_price,Goldstein-Price,20,2160,de,Evolucion diferencial,2,"[-2.0, 2.0]","[0.0, -1.0]","[-3.445394691240689e-09, -1.0000000002981528]",2.9999999999999374,3.4582711998768285e-09,120,4840,"[33.831114555167716, 33.831114555167716, 33.831114555167716, 33.831114555167716, 7.082370590430689, 3.7272220511216143, 3.7272220511216143, 3.7272220511216143, 3.535531644814747, 3.535531644814747, 3.535531644814747, 3.535531644814747, 3.535531644814747, 3.535531644814747, 3.535531644814747, 3.535531644814747, 3.1760848988601436, 3.1760848988601436, 3.0663115533164187, 3.0663115533164187, 3.0663115533164187, 3.0508522280921957, 3.0508522280921957, 3.0270493603764734, 3.0224193906970136, 3.0224193906970136, 3.0037360171639462, 3.0037360171639462, 3.0037360171639462, 3.0037360171639462, 3.0037360171639462, 3.0037360171639462, 3.0037360171639462, 3.000529866096561, 3.000529866096561, 3.000529866096561, 3.0000017059629855, 3.0000017059629855, 3.0000017059629855, 3.0000017059629855, 3.0000017059629855, 3.0000017059629855, 3.0000017059629855, 3.0000017059629855, 3.0000017059629855, 3.0000017059629855, 3.0000017059629855, 3.0000017059629855, 3.0000017059629855, 3.0000017059629855, 3.0000017059629855, 3.0000017059629855, 3.0000017059629855, 3.0000017059629855, 3.000000313539216, 3.0000000292880977, 3.0000000292880977, 3.0000000292880977, 3.0000000292880977, 3.0000000292880977, 3.0000000292880977, 3.0000000292880977, 3.0000000292880977, 3.000000011943453, 3.0000000092962438, 3.0000000092962438, 3.0000000092962438, 3.0000000092962438, 3.0000000083095544, 3.0000000083095544, 3.0000000083095544, 3.0000000047661457, 3.000000000156116, 3.000000000156116, 3.000000000156116, 3.000000000156116, 3.000000000156116, 3.000000000156116, 3.000000000156116, 3.000000000156116, 3.0000000000368905, 3.0000000000368905, 3.0000000000368905, 3.0000000000021636, 3.0000000000021636, 3.0000000000021636, 3.0000000000021636, 3.0000000000019407, 3.0000000000019407, 3.0000000000019407, 3.0000000000019407, 3.0000000000006914, 3.0000000000006914, 3.0000000000006914, 3.0000000000006914, 3.000000000000547, 3.000000000000547, 3.000000000000212, 3.000000000000212, 3.000000000000212, 3.000000000000025, 3.000000000000025, 3.000000000000025, 3.0000000000000155, 2.99999999999996, 2.99999999999996, 2.99999999999996, 2.99999999999996, 2.99999999999996, 2.99999999999996, 2.99999999999996, 2.999999999999954, 2.999999999999939, 2.999999999999939, 2.999999999999939, 2.9999999999999374, 2.9999999999999374, 2.9999999999999374, 2.9999999999999374, 2.9999999999999374, 2.9999999999999374]","{""crossover_rate"": 0.7, ""max_iterations"": 120, ""mutation_factor"": 0.8, ""population_size"": 40}"
goldstein_price,Goldstein-Price,21,2161,de,Evolucion diferencial,2,"[-2.0, 2.0]","[0.0, -1.0]","[-7.0564779960048605e-09, -1.0000000049953572]",2.999999999999938,8.64566224490718e-09,120,4840,"[12.447033655065223, 8.741228972776652, 8.741228972776652, 8.741228972776652, 8.741228972776652, 8.741228972776652, 8.741228972776652, 8.741228972776652, 8.741228972776652, 7.4639386614765755, 4.70076569768537, 4.70076569768537, 4.70076569768537, 4.70076569768537, 4.70076569768537, 4.70076569768537, 3.257567720515843, 3.257567720515843, 3.257567720515843, 3.257567720515843, 3.257567720515843, 3.257567720515843, 3.257567720515843, 3.146398743879838, 3.0898498561418584, 3.059234446311882, 3.059234446311882, 3.0184909084076663, 3.0118330310207826, 3.0036419232362968, 3.0036419232362968, 3.0036419232362968, 3.0020064247203604, 3.0001624159385676, 3.0001624159385676, 3.0001624159385676, 3.0001624159385676, 3.0001624159385676, 3.0001624159385676, 3.0001624159385676, 3.0001624159385676, 3.0001624159385676, 3.0000866912945443, 3.0000866912945443, 3.0000109763737868, 3.0000109763737868, 3.0000109763737868, 3.000009992584761, 3.000009992584761, 3.0000041304074982, 3.0000041304074982, 3.0000041304074982, 3.000002618787917, 3.000002618787917, 3.000002618787917, 3.000002618787917, 3.0000005586982676, 3.0000005586982676, 3.0000005586982676, 3.000000118897195, 3.000000118897195, 3.0000000765251564, 3.0000000765251564, 3.0000000765251564, 3.0000000765251564, 3.0000000765251564, 3.0000000765251564, 3.0000000226699597, 3.000000006950845, 3.000000006950845, 3.000000006950845, 3.000000006950845, 3.000000006950845, 3.000000003295077, 3.000000001313391, 3.000000001313391, 3.0000000006832335, 3.0000000006832335, 3.0000000004174217, 3.0000000004174217, 3.0000000000482965, 3.0000000000482965, 3.0000000000074487, 3.0000000000074487, 3.0000000000042117, 3.0000000000042117, 3.0000000000042117, 3.0000000000042117, 3.0000000000042117, 3.0000000000042117, 3.0000000000042117, 3.0000000000042117, 3.0000000000042117, 3.0000000000000395, 3.0000000000000395, 3.0000000000000395, 3.0000000000000395, 3.0000000000000395, 3.0000000000000395, 3.0000000000000395, 3.0000000000000395, 3.0000000000000395, 3.0000000000000333, 3.0000000000000333, 3.0000000000000333, 3.0000000000000333, 2.9999999999999893, 2.9999999999999893, 2.999999999999962, 2.999999999999962, 2.999999999999962, 2.999999999999962, 2.999999999999962, 2.999999999999962, 2.999999999999962, 2.999999999999938, 2.999999999999938, 2.999999999999938, 2.999999999999938, 2.999999999999938, 2.999999999999938]","{""crossover_rate"": 0.7, ""max_iterations"": 120, ""mutation_factor"": 0.8, ""population_size"": 40}"
goldstein_price,Goldstein-Price,22,2162,de,Evolucion diferencial,2,"[-2.0, 2.0]","[0.0, -1.0]","[-6.425849348789767e-09, -1.00000000001406]",2.9999999999999334,6.4258647308648076e-09,120,4840,"[8.121091672624372, 8.121091672624372, 8.121091672624372, 8.121091672624372, 8.121091672624372, 7.272376233824325, 7.272376233824325, 7.272376233824325, 7.272376233824325, 4.571459876783526, 4.571459876783526, 4.571459876783526, 4.571459876783526, 4.571459876783526, 4.571459876783526, 4.571459876783526, 3.413835995135769, 3.075751666276245, 3.075751666276245, 3.075751666276245, 3.075751666276245, 3.075751666276245, 3.075751666276245, 3.075751666276245, 3.0573214864911966, 3.0573214864911966, 3.017544577060623, 3.017544577060623, 3.017544577060623, 3.0161944926199604, 3.0085741740744725, 3.003298655229984, 3.003298655229984, 3.0003843968233586, 3.0000347001621503, 3.0000347001621503, 3.0000347001621503, 3.0000003207859556, 3.0000003207859556, 3.0000003207859556, 3.0000003207859556, 3.0000003207859556, 3.0000003207859556, 3.0000003207859556, 3.0000003207859556, 3.0000003207859556, 3.0000003207859556, 3.0000003207859556, 3.0000003207859556, 3.0000003207859556, 3.0000003207859556, 3.0000003207859556, 3.0000003207859556, 3.0000003207859556, 3.0000003207859556, 3.0000003207859556, 3.0000003207859556, 3.000000161281499, 3.000000161281499, 3.000000161281499, 3.000000161281499, 3.000000161281499, 3.0000000670089437, 3.0000000261097486, 3.0000000261097486, 3.0000000261097486, 3.0000000261097486, 3.0000000261097486, 3.0000000036420014, 3.0000000036420014, 3.0000000036420014, 3.0000000009545253, 3.0000000009545253, 3.000000000465098, 3.000000000465098, 3.000000000465098, 3.000000000326108, 3.000000000326108, 3.000000000022454, 3.000000000006111, 3.000000000006111, 3.000000000006111, 3.000000000006111, 3.000000000006111, 3.000000000006111, 3.000000000006111, 3.0000000000022085, 3.0000000000022085, 3.0000000000022085, 3.0000000000022085, 3.0000000000022085, 3.0000000000022085, 3.0000000000017395, 3.0000000000017395, 3.000000000001472, 3.000000000001472, 3.0000000000013722, 3.0000000000006675, 3.0000000000002403, 3.0000000000002403, 3.000000000000215, 3.0000000000000586, 3.0000000000000586, 3.0000000000000586, 3.000000000000039, 2.999999999999979, 2.999999999999979, 2.9999999999999685, 2.9999999999999685, 2.9999999999999662, 2.9999999999999662, 2.9999999999999414, 2.9999999999999414, 2.9999999999999414, 2.9999999999999414, 2.9999999999999414, 2.9999999999999365, 2.9999999999999365, 2.9999999999999334, 2.9999999999999334, 2.9999999999999334]","{""crossover_rate"": 0.7, ""max_iterations"": 120, ""mutation_factor"": 0.8, ""population_size"": 40}"
goldstein_price,Goldstein-Price,23,2163,de,Evolucion diferencial,2,"[-2.0, 2.0]","[0.0, -1.0]","[-3.233157509298125e-10, -0.9999999963491659]",2.9999999999999267,3.6651224469031042e-09,120,4840,"[21.926432956639317, 20.795096521468487, 20.58352951746305, 20.58352951746305, 20.58352951746305, 20.58352951746305, 14.026003800212159, 14.026003800212159, 14.026003800212159, 3.8975236274113656, 3.0117849228792375, 3.006477844487206, 3.006477844487206, 3.006477844487206, 3.006477844487206, 3.006477844487206, 3.006477844487206, 3.006477844487206, 3.006477844487206, 3.006477844487206, 3.006477844487206, 3.006477844487206, 3.006477844487206, 3.006477844487206, 3.006477844487206, 3.006477844487206, 3.006477844487206, 3.006477844487206, 3.006477844487206, 3.006477844487206, 3.006477844487206, 3.006477844487206, 3.006477844487206, 3.006477844487206, 3.006477844487206, 3.006477844487206, 3.006477844487206, 3.0034783018276188, 3.0000629495091946, 3.0000629495091946, 3.0000629495091946, 3.0000629495091946, 3.0000629495091946, 3.0000629495091946, 3.0000629495091946, 3.0000057939643683, 3.0000057939643683, 3.0000057939643683, 3.0000057939643683, 3.0000057939643683, 3.0000057939643683, 3.0000057939643683, 3.0000057939643683, 3.000003336873234, 3.000003336873234, 3.000003336873234, 3.0000000751097144, 3.0000000751097144, 3.0000000751097144, 3.0000000751097144, 3.0000000751097144, 3.0000000751097144, 3.0000000751097144, 3.0000000751097144, 3.0000000751097144, 3.00000005866908, 3.00000005866908, 3.00000005866908, 3.0000000446980537, 3.000000005297401, 3.000000005297401, 3.000000005297401, 3.000000005297401, 3.000000005297401, 3.000000005297401, 3.000000005297401, 3.000000005297401, 3.000000005297401, 3.000000002670938, 3.000000002670938, 3.0000000016595103, 3.0000000012328156, 3.0000000000968, 3.0000000000968, 3.0000000000968, 3.0000000000968, 3.0000000000968, 3.000000000028691, 3.000000000028691, 3.000000000010611, 3.000000000010611, 3.000000000010611, 3.0000000000008993, 3.0000000000008993, 3.0000000000008993, 3.0000000000008993, 3.0000000000008993, 3.0000000000008993, 3.0000000000008993, 3.0000000000008993, 3.000000000000787, 3.0000000000000013, 3.0000000000000013, 3.0000000000000013, 3.0000000000000013, 3.0000000000000013, 3.0000000000000013, 3.0000000000000013, 3.0000000000000013, 2.9999999999999916, 2.9999999999999574, 2.9999999999999574, 2.9999999999999574, 2.999999999999954, 2.999999999999954, 2.999999999999954, 2.9999999999999365, 2.9999999999999365, 2.9999999999999365, 2.9999999999999267, 2.9999999999999267]","{""crossover_rate"": 0.7, ""max_iterations"": 120, ""mutation_factor"": 0.8, ""population_size"": 40}"
goldstein_price,Goldstein-Price,24,2164,de,Evolucion diferencial,2,"[-2.0, 2.0]","[0.0, -1.0]","[-5.899815436614247e-10, -1.0000000035959007]",2.999999999999927,3.6439785924391056e-09,120,4840,"[18.721771252382702, 18.721771252382702, 9.997554077818137, 5.889364051581949, 5.889364051581949, 5.889364051581949, 5.889364051581949, 5.889364051581949, 3.842966125868865, 3.842966125868865, 3.842966125868865, 3.0882497007150462, 3.0882497007150462, 3.0882497007150462, 3.0882497007150462, 3.0882497007150462, 3.0882497007150462, 3.0882497007150462, 3.0882497007150462, 3.0882497007150462, 3.0882497007150462, 3.0882497007150462, 3.0589818631957693, 3.0230522707565015, 3.0098087510684586, 3.0098087510684586, 3.0098087510684586, 3.0036415941584824, 3.0036415941584824, 3.0036415941584824, 3.0024592455329504, 3.000216600076002, 3.000216600076002, 3.0001344650851336, 3.0001344650851336, 3.0001344650851336, 3.0001344650851336, 3.0001344650851336, 3.0001344650851336, 3.0001344650851336, 3.0001344650851336, 3.0001344650851336, 3.0001344650851336, 3.0000821058413987, 3.0000281512947775, 3.000024498493768, 3.000004751284784, 3.0000008618056606, 3.0000008618056606, 3.0000008618056606, 3.0000006259448133, 3.0000000747553455, 3.0000000747553455, 3.0000000747553455, 3.0000000747553455, 3.0000000747553455, 3.0000000747553455, 3.0000000747553455, 3.0000000300631857, 3.0000000281083654, 3.0000000281083654, 3.0000000281083654, 3.0000000281083654, 3.0000000281083654, 3.000000007102372, 3.000000007102372, 3.000000002263309, 3.000000002263309, 3.000000002263309, 3.000000001141426, 3.000000001141426, 3.000000001141426, 3.000000001141426, 3.000000000151617, 3.000000000151617, 3.000000000151617, 3.000000000151617, 3.000000000151617, 3.000000000151617, 3.000000000112385, 3.000000000011167, 3.000000000011167, 3.000000000011167, 3.000000000011167, 3.000000000011167, 3.000000000011167, 3.000000000011167, 3.000000000001743, 3.000000000001743, 3.000000000001743, 3.000000000001743, 3.0000000000011857, 3.0000000000003255, 3.0000000000003255, 3.0000000000003255, 3.0000000000003255, 3.0000000000003255, 3.0000000000003255, 3.000000000000167, 3.000000000000167, 3.0000000000001315, 2.9999999999999862, 2.9999999999999862, 2.9999999999999862, 2.9999999999999862, 2.999999999999978, 2.999999999999978, 2.999999999999978, 2.999999999999978, 2.999999999999977, 2.999999999999953, 2.999999999999953, 2.999999999999953, 2.9999999999999294, 2.9999999999999294, 2.9999999999999294, 2.999999999999927, 2.999999999999927, 2.999999999999927, 2.999999999999927, 2.999999999999927]","{""crossover_rate"": 0.7, ""max_iterations"": 120, ""mutation_factor"": 0.8, ""population_size"": 40}"
goldstein_price,Goldstein-Price,25,2165,de,Evolucion diferencial,2,"[-2.0, 2.0]","[0.0, -1.0]","[-3.2160030328036155e-09, -1.0000000032900813]",2.9999999999999405,4.600794560651725e-09,120,4840,"[24.410650702687445, 24.410650702687445, 24.410650702687445, 24.410650702687445, 11.172930533693952, 5.379926603991333, 4.695381705474609, 4.695381705474609, 4.695381705474609, 3.930426966214764, 3.930426966214764, 3.8580357692431786, 3.8580357692431786, 3.8580357692431786, 3.8580357692431786, 3.8580357692431786, 3.8580357692431786, 3.8580357692431786, 3.502374956845679, 3.502374956845679, 3.3183213432362697, 3.0321359200362803, 3.0321359200362803, 3.0321359200362803, 3.006213716227082, 3.006213716227082, 3.006213716227082, 3.006213716227082, 3.006213716227082, 3.006213716227082, 3.006213716227082, 3.0023904775113497, 3.0023904775113497, 3.0023904775113497, 3.0023904775113497, 3.000169555286723, 3.000109984903954, 3.000109984903954, 3.0000216785218283, 3.0000216785218283, 3.0000216785218283, 3.0000216785218283, 3.0000216785218283, 3.0000216785218283, 3.0000216785218283, 3.0000216785218283, 3.0000216785218283, 3.0000216785218283, 3.0000113021129966, 3.0000108774783594, 3.0000108774783594, 3.0000108774783594, 3.0000007303549507, 3.000000319023745, 3.000000319023745, 3.000000319023745, 3.0000002281259888, 3.0000002108756094, 3.0000002108756094, 3.0000002108756094, 3.0000002108756094, 3.0000001103180836, 3.0000001103180836, 3.0000001103180836, 3.0000001103180836, 3.000000037880144, 3.000000037880144, 3.0000000102435527, 3.000000001793439, 3.000000001793439, 3.000000001793439, 3.000000001655633, 3.000000001655633, 3.000000000652686, 3.000000000652686, 3.000000000652686, 3.0000000005397105, 3.0000000005397105, 3.00000000043503, 3.000000000340232, 3.0000000002583156, 3.000000000012063, 3.000000000012063, 3.000000000012063, 3.0000000000010956, 3.0000000000010956, 3.0000000000010956, 3.0000000000010956, 3.0000000000010956, 3.0000000000010956, 3.0000000000010956, 3.0000000000010956, 3.0000000000010956, 3.000000000000804, 3.000000000000804, 3.000000000000804, 3.0000000000001825, 3.000000000000155, 3.0000000000000298, 3.0000000000000298, 3.000000000000025, 3.000000000000025, 3.000000000000025, 3.0000000000000204, 3.0000000000000204, 3.0000000000000204, 3.000000000000003, 2.999999999999988, 2.9999999999999756, 2.9999999999999547, 2.9999999999999547, 2.9999999999999494, 2.9999999999999494, 2.9999999999999494, 2.999999999999949, 2.9999999999999405, 2.9999999999999405, 2.9999999999999405, 2.9999999999999405, 2.9999999999999405, 2.9999999999999405]","{""crossover_rate"": 0.7, ""max_iterations"": 120, ""mutation_factor"": 0.8, ""population_size"": 40}"
goldstein_price,Goldstein-Price,26,2166,de,Evolucion diferencial,2,"[-2.0, 2.0]","[0.0, -1.0]","[-1.750105824062118e-09, -1.0000000005688714]",2.9999999999999543,1.8402404893988092e-09,120,4840,"[18.147719820549558, 4.231843710667178, 4.231843710667178, 4.231843710667178, 4.231843710667178, 4.231843710667178, 4.231843710667178, 4.231843710667178, 4.231843710667178, 3.3916426596966334, 3.3916426596966334, 3.3916426596966334, 3.162700229087121, 3.162700229087121, 3.162700229087121, 3.162700229087121, 3.162700229087121, 3.162700229087121, 3.162700229087121, 3.162700229087121, 3.162700229087121, 3.162700229087121, 3.162700229087121, 3.162700229087121, 3.074344152365973, 3.074344152365973, 3.074344152365973, 3.074344152365973, 3.040562639452886, 3.0160589369847535, 3.0074186433425285, 3.0074186433425285, 3.0074186433425285, 3.002503871122047, 3.002503871122047, 3.0015928178884073, 3.0009374462426543, 3.0009374462426543, 3.0009374462426543, 3.0001043478968112, 3.0001043478968112, 3.0001043478968112, 3.000091625480427, 3.000091625480427, 3.000091625480427, 3.000087168778622, 3.000087168778622, 3.000063869137477, 3.000063869137477, 3.0000379837302393, 3.000011499525983, 3.000011499525983, 3.000011499525983, 3.000002063652689, 3.000000952113752, 3.000000952113752, 3.000000952113752, 3.000000662996161, 3.000000662996161, 3.000000404175577, 3.000000404175577, 3.000000045974769, 3.0000000190579175, 3.0000000190579175, 3.0000000190579175, 3.0000000190579175, 3.000000008201998, 3.000000008201998, 3.000000008201998, 3.000000008201998, 3.000000008201998, 3.000000008201998, 3.0000000079126634, 3.0000000058448912, 3.000000001777302, 3.000000001777302, 3.0000000013799437, 3.0000000013799437, 3.00000000113933, 3.0000000007793797, 3.0000000007793797, 3.000000000209689, 3.000000000209689, 3.000000000075994, 3.000000000032507, 3.000000000032507, 3.000000000032507, 3.000000000032507, 3.0000000000162546, 3.0000000000162546, 3.0000000000162546, 3.0000000000162546, 3.0000000000021028, 3.000000000000013, 3.000000000000013, 3.000000000000013, 3.000000000000013, 3.000000000000013, 3.000000000000013, 3.000000000000013, 3.000000000000013, 3.000000000000013, 3.000000000000013, 3.000000000000013, 3.000000000000013, 2.999999999999975, 2.999999999999975, 2.999999999999975, 2.999999999999975, 2.999999999999975, 2.9999999999999645, 2.9999999999999645, 2.9999999999999645, 2.9999999999999645, 2.9999999999999645, 2.9999999999999645, 2.9999999999999645, 2.9999999999999543, 2.9999999999999543, 2.9999999999999543, 2.9999999999999543]","{""crossover_rate"": 0.7, ""max_iterations"": 120, ""mutation_factor"": 0.8, ""population_size"": 40}"
goldstein_price,Goldstein-Price,27,2167,de,Evolucion diferencial,2,"[-2.0, 2.0]","[0.0, -1.0]","[1.349868504117925e-09, -1.000000002615771]",2.9999999999999254,2.943535723127888e-09,120,4840,"[65.55470189038556, 31.732141163849942, 31.732141163849942, 31.732141163849942, 8.454547299429398, 8.454547299429398, 8.454547299429398, 8.454547299429398, 3.6210869483250834, 3.6210869483250834, 3.6210869483250834, 3.6210869483250834, 3.6210869483250834, 3.6210869483250834, 3.6210869483250834, 3.1075750053113835, 3.1075750053113835, 3.1075750053113835, 3.1075750053113835, 3.1075750053113835, 3.1075750053113835, 3.014609792090175, 3.014609792090175, 3.014609792090175, 3.014609792090175, 3.014609792090175, 3.014609792090175, 3.0126877456797354, 3.0126877456797354, 3.0126877456797354, 3.0126877456797354, 3.0126877456797354, 3.0004634191184625, 3.0004634191184625, 3.0004634191184625, 3.0004634191184625, 3.0004634191184625, 3.000418695323787, 3.000004132994101, 3.000004132994101, 3.000004132994101, 3.000004132994101, 3.000004132994101, 3.000004132994101, 3.000004132994101, 3.000004132994101, 3.000004132994101, 3.000004132994101, 3.000004132994101, 3.000004132994101, 3.000004132994101, 3.000004132994101, 3.000004132994101, 3.000004132994101, 3.00000260693429, 3.00000260693429, 3.00000260693429, 3.0000004652490193, 3.000000296861038, 3.000000296861038, 3.0000002919417734, 3.0000002919417734, 3.0000002919417734, 3.0000002919417734, 3.0000002919417734, 3.0000002919417734, 3.0000000124639614, 3.0000000124639614, 3.0000000122051302, 3.0000000122051302, 3.0000000122051302, 3.0000000118991883, 3.000000008380543, 3.000000008380543, 3.000000008380543, 3.0000000077365705, 3.0000000034066066, 3.0000000034066066, 3.0000000034066066, 3.000000000087333, 3.000000000087333, 3.000000000087333, 3.000000000087333, 3.000000000087333, 3.000000000087333, 3.0000000000488205, 3.0000000000488205, 3.0000000000488205, 3.0000000000488205, 3.000000000021984, 3.0000000000202856, 3.0000000000202856, 3.000000000001344, 3.000000000001344, 3.000000000001344, 3.0000000000010036, 3.0000000000010036, 3.0000000000010036, 3.0000000000010036, 3.000000000000137, 3.000000000000137, 3.000000000000137, 3.000000000000096, 3.000000000000096, 3.000000000000005, 2.9999999999999605, 2.9999999999999605, 2.9999999999999605, 2.9999999999999605, 2.9999999999999605, 2.9999999999999605, 2.9999999999999605, 2.9999999999999605, 2.9999999999999605, 2.9999999999999605, 2.9999999999999605, 2.999999999999945, 2.9999999999999445, 2.9999999999999445, 2.9999999999999445, 2.9999999999999254]","{""crossover_rate"": 0.7, ""max_iterations"": 120, ""mutation_factor"": 0.8, ""population_size"": 40}"
goldstein_price,Goldstein-Price,28,2168,de,Evolucion diferencial,2,"[-2.0, 2.0]","[0.0, -1.0]","[-7.323919930867488e-09, -1.0000000029072391]",2.9999999999999543,7.87983771609613e-09,120,4840,"[3.914842868755716, 3.914842868755716, 3.914842868755716, 3.914842868755716, 3.914842868755716, 3.914842868755716, 3.914842868755716, 3.914842868755716, 3.914842868755716, 3.914842868755716, 3.914842868755716, 3.914842868755716, 3.914842868755716, 3.914842868755716, 3.8726480882819145, 3.298997154828418, 3.298997154828418, 3.298997154828418, 3.298997154828418, 3.1037043422546606, 3.1037043422546606, 3.1037043422546606, 3.1037043422546606, 3.0473464582038017, 3.013639639037265, 3.013639639037265, 3.013639639037265, 3.013639639037265, 3.013639639037265, 3.013639639037265, 3.013639639037265, 3.013639639037265, 3.0033977330319206, 3.0033977330319206, 3.0033977330319206, 3.0033977330319206, 3.0033977330319206, 3.0033977330319206, 3.0003220116249456, 3.0003220116249456, 3.0003220116249456, 3.0003220116249456, 3.0003220116249456, 3.0003220116249456, 3.0003220116249456, 3.0003220116249456, 3.000237982666506, 3.000231049943334, 3.0002097138465977, 3.000137755240405, 3.000137755240405, 3.0000337997893407, 3.0000337997893407, 3.0000337997893407, 3.0000267010464845, 3.00002221723852, 3.0000202211965044, 3.000014580411877, 3.0000010782726854, 3.0000010782726854, 3.0000010782726854, 3.0000010782726854, 3.0000010782726854, 3.0000009817360254, 3.0000002371943544, 3.0000002371943544, 3.0000002371943544, 3.000000153825999, 3.000000012248142, 3.000000012248142, 3.000000012248142, 3.000000012248142, 3.000000012248142, 3.0000000014900396, 3.0000000014900396, 3.0000000014900396, 3.0000000014900396, 3.0000000014900396, 3.0000000008378844, 3.0000000008378844, 3.0000000008378844, 3.0000000008378844, 3.0000000008378844, 3.0000000004363594, 3.0000000004363594, 3.00000000012483, 3.00000000012483, 3.00000000011142, 3.00000000011142, 3.000000000009658, 3.000000000009658, 3.000000000009658, 3.000000000009658, 3.0000000000036904, 3.0000000000036904, 3.0000000000036904, 3.0000000000036904, 3.0000000000036904, 3.0000000000033924, 3.0000000000023346, 3.0000000000014055, 3.0000000000014055, 3.000000000000629, 3.0000000000004707, 3.000000000000417, 3.0000000000002274, 3.0000000000002274, 3.0000000000002274, 3.0000000000001386, 3.0000000000000435, 3.0000000000000435, 3.0000000000000435, 3.0000000000000435, 3.0000000000000404, 2.9999999999999916, 2.9999999999999614, 2.9999999999999614, 2.9999999999999614, 2.9999999999999614, 2.9999999999999543, 2.9999999999999543]","{""crossover_rate"": 0.7, ""max_iterations"": 120, ""mutation_factor"": 0.8, ""population_size"": 40}"
goldstein_price,Goldstein-Price,29,2169,de,Evolucion diferencial,2,"[-2.0, 2.0]","[0.0, -1.0]","[-8.588489517936461e-09, -1.00000000811054]",2.999999999999934,1.1812832495767513e-08,120,4840,"[7.764283553211247, 7.764283553211247, 7.764283553211247, 7.764283553211247, 7.764283553211247, 7.764283553211247, 7.764283553211247, 7.764283553211247, 7.764283553211247, 6.268853233319277, 6.268853233319277, 6.268853233319277, 6.268853233319277, 6.268853233319277, 3.387075149543236, 3.387075149543236, 3.387075149543236, 3.387075149543236, 3.0052645693579527, 3.0052645693579527, 3.0052645693579527, 3.0052645693579527, 3.0052645693579527, 3.0052645693579527, 3.0052645693579527, 3.0047809895182205, 3.0047809895182205, 3.0047809895182205, 3.0032012656266787, 3.0032012656266787, 3.0032012656266787, 3.0032012656266787, 3.000975178146144, 3.000611067029705, 3.000611067029705, 3.000611067029705, 3.000015764718898, 3.000015764718898, 3.0000081621462025, 3.0000081621462025, 3.0000081621462025, 3.0000081621462025, 3.0000081621462025, 3.0000081621462025, 3.0000081621462025, 3.0000081621462025, 3.0000081621462025, 3.0000081621462025, 3.0000081621462025, 3.0000081621462025, 3.0000008606079143, 3.0000008606079143, 3.0000008606079143, 3.0000008606079143, 3.0000008606079143, 3.0000008606079143, 3.0000008606079143, 3.000000730473636, 3.0000000623032994, 3.0000000623032994, 3.0000000623032994, 3.0000000623032994, 3.0000000623032994, 3.0000000623032994, 3.0000000580453556, 3.0000000044710458, 3.0000000044710458, 3.0000000044710458, 3.000000002149915, 3.000000002149915, 3.0000000003232596, 3.0000000003232596, 3.0000000003232596, 3.0000000003232596, 3.0000000003232596, 3.0000000002135074, 3.0000000002135074, 3.0000000002135074, 3.0000000000149614, 3.0000000000149614, 3.0000000000149614, 3.0000000000149614, 3.0000000000149614, 3.000000000008054, 3.000000000008054, 3.000000000008054, 3.000000000008054, 3.0000000000064757, 3.0000000000064757, 3.0000000000038294, 3.0000000000015676, 3.0000000000015676, 3.0000000000015676, 3.0000000000015676, 3.0000000000013305, 3.0000000000013305, 3.0000000000011133, 3.0000000000009455, 3.000000000000041, 3.000000000000041, 3.000000000000041, 3.000000000000041, 3.000000000000041, 3.000000000000007, 3.000000000000007, 2.9999999999999987, 2.9999999999999987, 2.9999999999999987, 2.9999999999999987, 2.9999999999999836, 2.9999999999999836, 2.9999999999999836, 2.999999999999934, 2.999999999999934, 2.999999999999934, 2.999999999999934, 2.999999999999934, 2.999999999999934, 2.999999999999934, 2.999999999999934, 2.999999999999934]","{""crossover_rate"": 0.7, ""max_iterations"": 120, ""mutation_factor"": 0.8, ""population_size"": 40}"
goldstein_price,Goldstein-Price,30,2161,de,Evolucion diferencial,2,"[-2.0, 2.0]","[0.0, -1.0]","[-7.0564779960048605e-09, -1.0000000049953572]",2.999999999999938,8.64566224490718e-09,120,4840,"[12.447033655065223, 8.741228972776652, 8.741228972776652, 8.741228972776652, 8.741228972776652, 8.741228972776652, 8.741228972776652, 8.741228972776652, 8.741228972776652, 7.4639386614765755, 4.70076569768537, 4.70076569768537, 4.70076569768537, 4.70076569768537, 4.70076569768537, 4.70076569768537, 3.257567720515843, 3.257567720515843, 3.257567720515843, 3.257567720515843, 3.257567720515843, 3.257567720515843, 3.257567720515843, 3.146398743879838, 3.0898498561418584, 3.059234446311882, 3.059234446311882, 3.0184909084076663, 3.0118330310207826, 3.0036419232362968, 3.0036419232362968, 3.0036419232362968, 3.0020064247203604, 3.0001624159385676, 3.0001624159385676, 3.0001624159385676, 3.0001624159385676, 3.0001624159385676, 3.0001624159385676, 3.0001624159385676, 3.0001624159385676, 3.0001624159385676, 3.0000866912945443, 3.0000866912945443, 3.0000109763737868, 3.0000109763737868, 3.0000109763737868, 3.000009992584761, 3.000009992584761, 3.0000041304074982, 3.0000041304074982, 3.0000041304074982, 3.000002618787917, 3.000002618787917, 3.000002618787917, 3.000002618787917, 3.0000005586982676, 3.0000005586982676, 3.0000005586982676, 3.000000118897195, 3.000000118897195, 3.0000000765251564, 3.0000000765251564, 3.0000000765251564, 3.0000000765251564, 3.0000000765251564, 3.0000000765251564, 3.0000000226699597, 3.000000006950845, 3.000000006950845, 3.000000006950845, 3.000000006950845, 3.000000006950845, 3.000000003295077, 3.000000001313391, 3.000000001313391, 3.0000000006832335, 3.0000000006832335, 3.0000000004174217, 3.0000000004174217, 3.0000000000482965, 3.0000000000482965, 3.0000000000074487, 3.0000000000074487, 3.0000000000042117, 3.0000000000042117, 3.0000000000042117, 3.0000000000042117, 3.0000000000042117, 3.0000000000042117, 3.0000000000042117, 3.0000000000042117, 3.0000000000042117, 3.0000000000000395, 3.0000000000000395, 3.0000000000000395, 3.0000000000000395, 3.0000000000000395, 3.0000000000000395, 3.0000000000000395, 3.0000000000000395, 3.0000000000000395, 3.0000000000000333, 3.0000000000000333, 3.0000000000000333, 3.0000000000000333, 2.9999999999999893, 2.9999999999999893, 2.999999999999962, 2.999999999999962, 2.999999999999962, 2.999999999999962, 2.999999999999962, 2.999999999999962, 2.999999999999962, 2.999999999999938, 2.999999999999938, 2.999999999999938, 2.999999999999938, 2.999999999999938, 2.999999999999938]","{""crossover_rate"": 0.7, ""max_iterations"": 120, ""mutation_factor"": 0.8, ""population_size"": 40}"
goldstein_price,Goldstein-Price,31,2162,de,Evolucion diferencial,2,"[-2.0, 2.0]","[0.0, -1.0]","[-6.425849348789767e-09, -1.00000000001406]",2.9999999999999334,6.4258647308648076e-09,120,4840,"[8.121091672624372, 8.121091672624372, 8.121091672624372, 8.121091672624372, 8.121091672624372, 7.272376233824325, 7.272376233824325, 7.272376233824325, 7.272376233824325, 4.571459876783526, 4.571459876783526, 4.571459876783526, 4.571459876783526, 4.571459876783526, 4.571459876783526, 4.571459876783526, 3.413835995135769, 3.075751666276245, 3.075751666276245, 3.075751666276245, 3.075751666276245, 3.075751666276245, 3.075751666276245, 3.075751666276245, 3.0573214864911966, 3.0573214864911966, 3.017544577060623, 3.017544577060623, 3.017544577060623, 3.0161944926199604, 3.0085741740744725, 3.003298655229984, 3.003298655229984, 3.0003843968233586, 3.0000347001621503, 3.0000347001621503, 3.0000347001621503, 3.0000003207859556, 3.0000003207859556, 3.0000003207859556, 3.0000003207859556, 3.0000003207859556, 3.0000003207859556, 3.0000003207859556, 3.0000003207859556, 3.0000003207859556, 3.0000003207859556, 3.0000003207859556, 3.0000003207859556, 3.0000003207859556, 3.0000003207859556, 3.0000003207859556, 3.0000003207859556, 3.0000003207859556, 3.0000003207859556, 3.0000003207859556, 3.0000003207859556, 3.000000161281499, 3.000000161281499, 3.000000161281499, 3.000000161281499, 3.000000161281499, 3.0000000670089437, 3.0000000261097486, 3.0000000261097486, 3.0000000261097486, 3.0000000261097486, 3.0000000261097486, 3.0000000036420014, 3.0000000036420014, 3.0000000036420014, 3.0000000009545253, 3.0000000009545253, 3.000000000465098, 3.000000000465098, 3.000000000465098, 3.000000000326108, 3.000000000326108, 3.000000000022454, 3.000000000006111, 3.000000000006111, 3.000000000006111, 3.000000000006111, 3.000000000006111, 3.000000000006111, 3.000000000006111, 3.0000000000022085, 3.0000000000022085, 3.0000000000022085, 3.0000000000022085, 3.0000000000022085, 3.0000000000022085, 3.0000000000017395, 3.0000000000017395, 3.000000000001472, 3.000000000001472, 3.0000000000013722, 3.0000000000006675, 3.0000000000002403, 3.0000000000002403, 3.000000000000215, 3.0000000000000586, 3.0000000000000586, 3.0000000000000586, 3.000000000000039, 2.999999999999979, 2.999999999999979, 2.9999999999999685, 2.9999999999999685, 2.9999999999999662, 2.9999999999999662, 2.9999999999999414, 2.9999999999999414, 2.9999999999999414, 2.9999999999999414, 2.9999999999999414, 2.9999999999999365, 2.9999999999999365, 2.9999999999999334, 2.9999999999999334, 2.9999999999999334]","{""crossover_rate"": 0.7, ""max_iterations"": 120, ""mutation_factor"": 0.8, ""population_size"": 40}"
goldstein_price,Goldstein-Price,32,2163,de,Evolucion diferencial,2,"[-2.0, 2.0]","[0.0, -1.0]","[-3.233157509298125e-10, -0.9999999963491659]",2.9999999999999267,3.6651224469031042e-09,120,4840,"[21.926432956639317, 20.795096521468487, 20.58352951746305, 20.58352951746305, 20.58352951746305, 20.58352951746305, 14.026003800212159, 14.026003800212159, 14.026003800212159, 3.8975236274113656, 3.0117849228792375, 3.006477844487206, 3.006477844487206, 3.006477844487206, 3.006477844487206, 3.006477844487206, 3.006477844487206, 3.006477844487206, 3.006477844487206, 3.006477844487206, 3.006477844487206, 3.006477844487206, 3.006477844487206, 3.006477844487206, 3.006477844487206, 3.006477844487206, 3.006477844487206, 3.006477844487206, 3.006477844487206, 3.006477844487206, 3.006477844487206, 3.006477844487206, 3.006477844487206, 3.006477844487206, 3.006477844487206, 3.006477844487206, 3.006477844487206, 3.0034783018276188, 3.0000629495091946, 3.0000629495091946, 3.0000629495091946, 3.0000629495091946, 3.0000629495091946, 3.0000629495091946, 3.0000629495091946, 3.0000057939643683, 3.0000057939643683, 3.0000057939643683, 3.0000057939643683, 3.0000057939643683, 3.0000057939643683, 3.0000057939643683, 3.0000057939643683, 3.000003336873234, 3.000003336873234, 3.000003336873234, 3.0000000751097144, 3.0000000751097144, 3.0000000751097144, 3.0000000751097144, 3.0000000751097144, 3.0000000751097144, 3.0000000751097144, 3.0000000751097144, 3.0000000751097144, 3.00000005866908, 3.00000005866908, 3.00000005866908, 3.0000000446980537, 3.000000005297401, 3.000000005297401, 3.000000005297401, 3.000000005297401, 3.000000005297401, 3.000000005297401, 3.000000005297401, 3.000000005297401, 3.000000005297401, 3.000000002670938, 3.000000002670938, 3.0000000016595103, 3.0000000012328156, 3.0000000000968, 3.0000000000968, 3.0000000000968, 3.0000000000968, 3.0000000000968, 3.000000000028691, 3.000000000028691, 3.000000000010611, 3.000000000010611, 3.000000000010611, 3.0000000000008993, 3.0000000000008993, 3.0000000000008993, 3.0000000000008993, 3.0000000000008993, 3.0000000000008993, 3.0000000000008993, 3.0000000000008993, 3.000000000000787, 3.0000000000000013, 3.0000000000000013, 3.0000000000000013, 3.0000000000000013, 3.0000000000000013, 3.0000000000000013, 3.0000000000000013, 3.0000000000000013, 2.9999999999999916, 2.9999999999999574, 2.9999999999999574, 2.9999999999999574, 2.999999999999954, 2.999999999999954, 2.999999999999954, 2.9999999999999365, 2.9999999999999365, 2.9999999999999365, 2.9999999999999267, 2.9999999999999267]","{""crossover_rate"": 0.7, ""max_iterations"": 120, ""mutation_factor"": 0.8, ""population_size"": 40}"
goldstein_price,Goldstein-Price,33,2164,de,Evolucion diferencial,2,"[-2.0, 2.0]","[0.0, -1.0]","[-5.899815436614247e-10, -1.0000000035959007]",2.999999999999927,3.6439785924391056e-09,120,4840,"[18.721771252382702, 18.721771252382702, 9.997554077818137, 5.889364051581949, 5.889364051581949, 5.889364051581949, 5.889364051581949, 5.889364051581949, 3.842966125868865, 3.842966125868865, 3.842966125868865, 3.0882497007150462, 3.0882497007150462, 3.0882497007150462, 3.0882497007150462, 3.0882497007150462, 3.0882497007150462, 3.0882497007150462, 3.0882497007150462, 3.0882497007150462, 3.0882497007150462, 3.0882497007150462, 3.0589818631957693, 3.0230522707565015, 3.0098087510684586, 3.0098087510684586, 3.0098087510684586, 3.0036415941584824, 3.0036415941584824, 3.0036415941584824, 3.0024592455329504, 3.000216600076002, 3.000216600076002, 3.0001344650851336, 3.0001344650851336, 3.0001344650851336, 3.0001344650851336, 3.0001344650851336, 3.0001344650851336, 3.0001344650851336, 3.0001344650851336, 3.0001344650851336, 3.0001344650851336, 3.0000821058413987, 3.0000281512947775, 3.000024498493768, 3.000004751284784, 3.0000008618056606, 3.0000008618056606, 3.0000008618056606, 3.0000006259448133, 3.0000000747553455, 3.0000000747553455, 3.0000000747553455, 3.0000000747553455, 3.0000000747553455, 3.0000000747553455, 3.0000000747553455, 3.0000000300631857, 3.0000000281083654, 3.0000000281083654, 3.0000000281083654, 3.0000000281083654, 3.0000000281083654, 3.000000007102372, 3.000000007102372, 3.000000002263309, 3.000000002263309, 3.000000002263309, 3.000000001141426, 3.000000001141426, 3.000000001141426, 3.000000001141426, 3.000000000151617, 3.000000000151617, 3.000000000151617, 3.000000000151617, 3.000000000151617, 3.000000000151617, 3.000000000112385, 3.000000000011167, 3.000000000011167, 3.000000000011167, 3.000000000011167, 3.000000000011167, 3.000000000011167, 3.000000000011167, 3.000000000001743, 3.000000000001743, 3.000000000001743, 3.000000000001743, 3.0000000000011857, 3.0000000000003255, 3.0000000000003255, 3.0000000000003255, 3.0000000000003255, 3.0000000000003255, 3.0000000000003255, 3.000000000000167, 3.000000000000167, 3.0000000000001315, 2.9999999999999862, 2.9999999999999862, 2.9999999999999862, 2.9999999999999862, 2.999999999999978, 2.999999999999978, 2.999999999999978, 2.999999999999978, 2.999999999999977, 2.999999999999953, 2.999999999999953, 2.999999999999953, 2.9999999999999294, 2.9999999999999294, 2.9999999999999294, 2.999999999999927, 2.999999999999927, 2.999999999999927, 2.999999999999927, 2.999999999999927]","{""crossover_rate"": 0.7, ""max_iterations"": 120, ""mutation_factor"": 0.8, ""population_size"": 40}"
goldstein_price,Goldstein-Price,34,2165,de,Evolucion diferencial,2,"[-2.0, 2.0]","[0.0, -1.0]","[-3.2160030328036155e-09, -1.0000000032900813]",2.9999999999999405,4.600794560651725e-09,120,4840,"[24.410650702687445, 24.410650702687445, 24.410650702687445, 24.410650702687445, 11.172930533693952, 5.379926603991333, 4.695381705474609, 4.695381705474609, 4.695381705474609, 3.930426966214764, 3.930426966214764, 3.8580357692431786, 3.8580357692431786, 3.8580357692431786, 3.8580357692431786, 3.8580357692431786, 3.8580357692431786, 3.8580357692431786, 3.502374956845679, 3.502374956845679, 3.3183213432362697, 3.0321359200362803, 3.0321359200362803, 3.0321359200362803, 3.006213716227082, 3.006213716227082, 3.006213716227082, 3.006213716227082, 3.006213716227082, 3.006213716227082, 3.006213716227082, 3.0023904775113497, 3.0023904775113497, 3.0023904775113497, 3.0023904775113497, 3.000169555286723, 3.000109984903954, 3.000109984903954, 3.0000216785218283, 3.0000216785218283, 3.0000216785218283, 3.0000216785218283, 3.0000216785218283, 3.0000216785218283, 3.0000216785218283, 3.0000216785218283, 3.0000216785218283, 3.0000216785218283, 3.0000113021129966, 3.0000108774783594, 3.0000108774783594, 3.0000108774783594, 3.0000007303549507, 3.000000319023745, 3.000000319023745, 3.000000319023745, 3.0000002281259888, 3.0000002108756094, 3.0000002108756094, 3.0000002108756094, 3.0000002108756094, 3.0000001103180836, 3.0000001103180836, 3.0000001103180836, 3.0000001103180836, 3.000000037880144, 3.000000037880144, 3.0000000102435527, 3.000000001793439, 3.000000001793439, 3.000000001793439, 3.000000001655633, 3.000000001655633, 3.000000000652686, 3.000000000652686, 3.000000000652686, 3.0000000005397105, 3.0000000005397105, 3.00000000043503, 3.000000000340232, 3.0000000002583156, 3.000000000012063, 3.000000000012063, 3.000000000012063, 3.0000000000010956, 3.0000000000010956, 3.0000000000010956, 3.0000000000010956, 3.0000000000010956, 3.0000000000010956, 3.0000000000010956, 3.0000000000010956, 3.0000000000010956, 3.000000000000804, 3.000000000000804, 3.000000000000804, 3.0000000000001825, 3.000000000000155, 3.0000000000000298, 3.0000000000000298, 3.000000000000025, 3.000000000000025, 3.000000000000025, 3.0000000000000204, 3.0000000000000204, 3.0000000000000204, 3.000000000000003, 2.999999999999988, 2.9999999999999756, 2.9999999999999547, 2.9999999999999547, 2.9999999999999494, 2.9999999999999494, 2.9999999999999494, 2.999999999999949, 2.9999999999999405, 2.9999999999999405, 2.9999999999999405, 2.9999999999999405, 2.9999999999999405, 2.9999999999999405]","{""crossover_rate"": 0.7, ""max_iterations"": 120, ""mutation_factor"": 0.8, ""population_size"": 40}"
goldstein_price,Goldstein-Price,35,2166,de,Evolucion diferencial,2,"[-2.0, 2.0]","[0.0, -1.0]","[-1.750105824062118e-09, -1.0000000005688714]",2.9999999999999543,1.8402404893988092e-09,120,4840,"[18.147719820549558, 4.231843710667178, 4.231843710667178, 4.231843710667178, 4.231843710667178, 4.231843710667178, 4.231843710667178, 4.231843710667178, 4.231843710667178, 3.3916426596966334, 3.3916426596966334, 3.3916426596966334, 3.162700229087121, 3.162700229087121, 3.162700229087121, 3.162700229087121, 3.162700229087121, 3.162700229087121, 3.162700229087121, 3.162700229087121, 3.162700229087121, 3.162700229087121, 3.162700229087121, 3.162700229087121, 3.074344152365973, 3.074344152365973, 3.074344152365973, 3.074344152365973, 3.040562639452886, 3.0160589369847535, 3.0074186433425285, 3.0074186433425285, 3.0074186433425285, 3.002503871122047, 3.002503871122047, 3.0015928178884073, 3.0009374462426543, 3.0009374462426543, 3.0009374462426543, 3.0001043478968112, 3.0001043478968112, 3.0001043478968112, 3.000091625480427, 3.000091625480427, 3.000091625480427, 3.000087168778622, 3.000087168778622, 3.000063869137477, 3.000063869137477, 3.0000379837302393, 3.000011499525983, 3.000011499525983, 3.000011499525983, 3.000002063652689, 3.000000952113752, 3.000000952113752, 3.000000952113752, 3.000000662996161, 3.000000662996161, 3.000000404175577, 3.000000404175577, 3.000000045974769, 3.0000000190579175, 3.0000000190579175, 3.0000000190579175, 3.0000000190579175, 3.000000008201998, 3.000000008201998, 3.000000008201998, 3.000000008201998, 3.000000008201998, 3.000000008201998, 3.0000000079126634, 3.0000000058448912, 3.000000001777302, 3.000000001777302, 3.0000000013799437, 3.0000000013799437, 3.00000000113933, 3.0000000007793797, 3.0000000007793797, 3.000000000209689, 3.000000000209689, 3.000000000075994, 3.000000000032507, 3.000000000032507, 3.000000000032507, 3.000000000032507, 3.0000000000162546, 3.0000000000162546, 3.0000000000162546, 3.0000000000162546, 3.0000000000021028, 3.000000000000013, 3.000000000000013, 3.000000000000013, 3.000000000000013, 3.000000000000013, 3.000000000000013, 3.000000000000013, 3.000000000000013, 3.000000000000013, 3.000000000000013, 3.000000000000013, 3.000000000000013, 2.999999999999975, 2.999999999999975, 2.999999999999975, 2.999999999999975, 2.999999999999975, 2.9999999999999645, 2.9999999999999645, 2.9999999999999645, 2.9999999999999645, 2.9999999999999645, 2.9999999999999645, 2.9999999999999645, 2.9999999999999543, 2.9999999999999543, 2.9999999999999543, 2.9999999999999543]","{""crossover_rate"": 0.7, ""max_iterations"": 120, ""mutation_factor"": 0.8, ""population_size"": 40}"
goldstein_price,Goldstein-Price,36,2167,de,Evolucion diferencial,2,"[-2.0, 2.0]","[0.0, -1.0]","[1.349868504117925e-09, -1.000000002615771]",2.9999999999999254,2.943535723127888e-09,120,4840,"[65.55470189038556, 31.732141163849942, 31.732141163849942, 31.732141163849942, 8.454547299429398, 8.454547299429398, 8.454547299429398, 8.454547299429398, 3.6210869483250834, 3.6210869483250834, 3.6210869483250834, 3.6210869483250834, 3.6210869483250834, 3.6210869483250834, 3.6210869483250834, 3.1075750053113835, 3.1075750053113835, 3.1075750053113835, 3.1075750053113835, 3.1075750053113835, 3.1075750053113835, 3.014609792090175, 3.014609792090175, 3.014609792090175, 3.014609792090175, 3.014609792090175, 3.014609792090175, 3.0126877456797354, 3.0126877456797354, 3.0126877456797354, 3.0126877456797354, 3.0126877456797354, 3.0004634191184625, 3.0004634191184625, 3.0004634191184625, 3.0004634191184625, 3.0004634191184625, 3.000418695323787, 3.000004132994101, 3.000004132994101, 3.000004132994101, 3.000004132994101, 3.000004132994101, 3.000004132994101, 3.000004132994101, 3.000004132994101, 3.000004132994101, 3.000004132994101, 3.000004132994101, 3.000004132994101, 3.000004132994101, 3.000004132994101, 3.000004132994101, 3.000004132994101, 3.00000260693429, 3.00000260693429, 3.00000260693429, 3.0000004652490193, 3.000000296861038, 3.000000296861038, 3.0000002919417734, 3.0000002919417734, 3.0000002919417734, 3.0000002919417734, 3.0000002919417734, 3.0000002919417734, 3.0000000124639614, 3.0000000124639614, 3.0000000122051302, 3.0000000122051302, 3.0000000122051302, 3.0000000118991883, 3.000000008380543, 3.000000008380543, 3.000000008380543, 3.0000000077365705, 3.0000000034066066, 3.0000000034066066, 3.0000000034066066, 3.000000000087333, 3.000000000087333, 3.000000000087333, 3.000000000087333, 3.000000000087333, 3.000000000087333, 3.0000000000488205, 3.0000000000488205, 3.0000000000488205, 3.0000000000488205, 3.000000000021984, 3.0000000000202856, 3.0000000000202856, 3.000000000001344, 3.000000000001344, 3.000000000001344, 3.0000000000010036, 3.0000000000010036, 3.0000000000010036, 3.0000000000010036, 3.000000000000137, 3.000000000000137, 3.000000000000137, 3.000000000000096, 3.000000000000096, 3.000000000000005, 2.9999999999999605, 2.9999999999999605, 2.9999999999999605, 2.9999999999999605, 2.9999999999999605, 2.9999999999999605, 2.9999999999999605, 2.9999999999999605, 2.9999999999999605, 2.9999999999999605, 2.9999999999999605, 2.999999999999945, 2.9999999999999445, 2.9999999999999445, 2.9999999999999445, 2.9999999999999254]","{""crossover_rate"": 0.7, ""max_iterations"": 120, ""mutation_factor"": 0.8, ""population_size"": 40}"
goldstein_price,Goldstein-Price,37,2168,de,Evolucion diferencial,2,"[-2.0, 2.0]","[0.0, -1.0]","[-7.323919930867488e-09, -1.0000000029072391]",2.9999999999999543,7.87983771609613e-09,120,4840,"[3.914842868755716, 3.914842868755716, 3.914842868755716, 3.914842868755716, 3.914842868755716, 3.914842868755716, 3.914842868755716, 3.914842868755716, 3.914842868755716, 3.914842868755716, 3.914842868755716, 3.914842868755716, 3.914842868755716, 3.914842868755716, 3.8726480882819145, 3.298997154828418, 3.298997154828418, 3.298997154828418, 3.298997154828418, 3.1037043422546606, 3.1037043422546606, 3.1037043422546606, 3.1037043422546606, 3.0473464582038017, 3.013639639037265, 3.013639639037265, 3.013639639037265, 3.013639639037265, 3.013639639037265, 3.013639639037265, 3.013639639037265, 3.013639639037265, 3.0033977330319206, 3.0033977330319206, 3.0033977330319206, 3.0033977330319206, 3.0033977330319206, 3.0033977330319206, 3.0003220116249456, 3.0003220116249456, 3.0003220116249456, 3.0003220116249456, 3.0003220116249456, 3.0003220116249456, 3.0003220116249456, 3.0003220116249456, 3.000237982666506, 3.000231049943334, 3.0002097138465977, 3.000137755240405, 3.000137755240405, 3.0000337997893407, 3.0000337997893407, 3.0000337997893407, 3.0000267010464845, 3.00002221723852, 3.0000202211965044, 3.000014580411877, 3.0000010782726854, 3.0000010782726854, 3.0000010782726854, 3.0000010782726854, 3.0000010782726854, 3.0000009817360254, 3.0000002371943544, 3.0000002371943544, 3.0000002371943544, 3.000000153825999, 3.000000012248142, 3.000000012248142, 3.000000012248142, 3.000000012248142, 3.000000012248142, 3.0000000014900396, 3.0000000014900396, 3.0000000014900396, 3.0000000014900396, 3.0000000014900396, 3.0000000008378844, 3.0000000008378844, 3.0000000008378844, 3.0000000008378844, 3.0000000008378844, 3.0000000004363594, 3.0000000004363594, 3.00000000012483, 3.00000000012483, 3.00000000011142, 3.00000000011142, 3.000000000009658, 3.000000000009658, 3.000000000009658, 3.000000000009658, 3.0000000000036904, 3.0000000000036904, 3.0000000000036904, 3.0000000000036904, 3.0000000000036904, 3.0000000000033924, 3.0000000000023346, 3.0000000000014055, 3.0000000000014055, 3.000000000000629, 3.0000000000004707, 3.000000000000417, 3.0000000000002274, 3.0000000000002274, 3.0000000000002274, 3.0000000000001386, 3.0000000000000435, 3.0000000000000435, 3.0000000000000435, 3.0000000000000435, 3.0000000000000404, 2.9999999999999916, 2.9999999999999614, 2.9999999999999614, 2.9999999999999614, 2.9999999999999614, 2.9999999999999543, 2.9999999999999543]","{""crossover_rate"": 0.7, ""max_iterations"": 120, ""mutation_factor"": 0.8, ""population_size"": 40}"
goldstein_price,Goldstein-Price,38,2169,de,Evolucion diferencial,2,"[-2.0, 2.0]","[0.0, -1.0]","[-8.588489517936461e-09, -1.00000000811054]",2.999999999999934,1.1812832495767513e-08,120,4840,"[7.764283553211247, 7.764283553211247, 7.764283553211247, 7.764283553211247, 7.764283553211247, 7.764283553211247, 7.764283553211247, 7.764283553211247, 7.764283553211247, 6.268853233319277, 6.268853233319277, 6.268853233319277, 6.268853233319277, 6.268853233319277, 3.387075149543236, 3.387075149543236, 3.387075149543236, 3.387075149543236, 3.0052645693579527, 3.0052645693579527, 3.0052645693579527, 3.0052645693579527, 3.0052645693579527, 3.0052645693579527, 3.0052645693579527, 3.0047809895182205, 3.0047809895182205, 3.0047809895182205, 3.0032012656266787, 3.0032012656266787, 3.0032012656266787, 3.0032012656266787, 3.000975178146144, 3.000611067029705, 3.000611067029705, 3.000611067029705, 3.000015764718898, 3.000015764718898, 3.0000081621462025, 3.0000081621462025, 3.0000081621462025, 3.0000081621462025, 3.0000081621462025, 3.0000081621462025, 3.0000081621462025, 3.0000081621462025, 3.0000081621462025, 3.0000081621462025, 3.0000081621462025, 3.0000081621462025, 3.0000008606079143, 3.0000008606079143, 3.0000008606079143, 3.0000008606079143, 3.0000008606079143, 3.0000008606079143, 3.0000008606079143, 3.000000730473636, 3.0000000623032994, 3.0000000623032994, 3.0000000623032994, 3.0000000623032994, 3.0000000623032994, 3.0000000623032994, 3.0000000580453556, 3.0000000044710458, 3.0000000044710458, 3.0000000044710458, 3.000000002149915, 3.000000002149915, 3.0000000003232596, 3.0000000003232596, 3.0000000003232596, 3.0000000003232596, 3.0000000003232596, 3.0000000002135074, 3.0000000002135074, 3.0000000002135074, 3.0000000000149614, 3.0000000000149614, 3.0000000000149614, 3.0000000000149614, 3.0000000000149614, 3.000000000008054, 3.000000000008054, 3.000000000008054, 3.000000000008054, 3.0000000000064757, 3.0000000000064757, 3.0000000000038294, 3.0000000000015676, 3.0000000000015676, 3.0000000000015676, 3.0000000000015676, 3.0000000000013305, 3.0000000000013305, 3.0000000000011133, 3.0000000000009455, 3.000000000000041, 3.000000000000041, 3.000000000000041, 3.000000000000041, 3.000000000000041, 3.000000000000007, 3.000000000000007, 2.9999999999999987, 2.9999999999999987, 2.9999999999999987, 2.9999999999999987, 2.9999999999999836, 2.9999999999999836, 2.9999999999999836, 2.999999999999934, 2.999999999999934, 2.999999999999934, 2.999999999999934, 2.999999999999934, 2.999999999999934, 2.999999999999934, 2.999999999999934, 2.999999999999934]","{""crossover_rate"": 0.7, ""max_iterations"": 120, ""mutation_factor"": 0.8, ""population_size"": 40}"
goldstein_price,Goldstein-Price,39,2170,de,Evolucion diferencial,2,"[-2.0, 2.0]","[0.0, -1.0]","[-6.106868502314791e-09, -1.000000008641049]",2.9999999999999343,1.0581189465659813e-08,120,4840,"[13.013910538139552, 13.013910538139552, 5.967591101552024, 5.967591101552024, 5.967591101552024, 5.967591101552024, 5.967591101552024, 5.967591101552024, 5.967591101552024, 5.967591101552024, 5.967591101552024, 5.967591101552024, 5.967591101552024, 3.5465625279343933, 3.5465625279343933, 3.5465625279343933, 3.4039811157590134, 3.4039811157590134, 3.4039811157590134, 3.4039811157590134, 3.0113149721909815, 3.0113149721909815, 3.0113149721909815, 3.0113149721909815, 3.006362087472806, 3.006362087472806, 3.006362087472806, 3.006362087472806, 3.006362087472806, 3.0007707423803045, 3.0007707423803045, 3.0007707423803045, 3.000136576844156, 3.000136576844156, 3.000136576844156, 3.000136576844156, 3.000136576844156, 3.000136576844156, 3.000136576844156, 3.000136576844156, 3.0000557521549203, 3.0000380599515037, 3.0000380599515037, 3.0000380599515037, 3.0000062324005423, 3.0000062324005423, 3.0000062324005423, 3.0000062324005423, 3.0000062324005423, 3.0000062324005423, 3.0000062324005423, 3.0000062324005423, 3.0000036079258714, 3.0000036079258714, 3.0000036079258714, 3.0000026849122614, 3.0000026849122614, 3.0000014586270822, 3.0000009578969564, 3.000000546829196, 3.0000001783108363, 3.0000001783108363, 3.0000001783108363, 3.0000001783108363, 3.0000001783108363, 3.0000000532745834, 3.0000000532745834, 3.0000000532745834, 3.0000000532745834, 3.0000000338048816, 3.000000006768094, 3.000000006768094, 3.000000002737174, 3.000000002737174, 3.0000000013814927, 3.0000000013814927, 3.000000000254394, 3.000000000254394, 3.000000000254394, 3.000000000254394, 3.0000000001904215, 3.0000000001904215, 3.0000000001904215, 3.0000000000313003, 3.000000000027587, 3.000000000027587, 3.000000000027587, 3.00000000002753, 3.00000000002753, 3.0000000000151825, 3.0000000000118776, 3.0000000000118776, 3.0000000000034257, 3.0000000000034257, 3.0000000000020632, 3.000000000001308, 3.000000000001308, 3.000000000001308, 3.000000000000439, 3.0000000000001497, 3.0000000000001497, 3.0000000000001097, 3.0000000000001097, 3.0000000000001097, 3.0000000000001097, 3.0000000000001097, 3.0000000000001097, 3.0000000000001097, 3.0000000000000826, 2.9999999999999876, 2.9999999999999765, 2.9999999999999765, 2.9999999999999765, 2.9999999999999765, 2.9999999999999556, 2.999999999999955, 2.999999999999955, 2.999999999999955, 2.999999999999955, 2.9999999999999343, 2.9999999999999343]","{""crossover_rate"": 0.7, ""max_iterations"": 120, ""mutation_factor"": 0.8, ""population_size"": 40}"
goldstein_price,Goldstein-Price,40,2162,de,Evolucion diferencial,2,"[-2.0, 2.0]","[0.0, -1.0]","[-6.425849348789767e-09, -1.00000000001406]",2.9999999999999334,6.4258647308648076e-09,120,4840,"[8.121091672624372, 8.121091672624372, 8.121091672624372, 8.121091672624372, 8.121091672624372, 7.272376233824325, 7.272376233824325, 7.272376233824325, 7.272376233824325, 4.571459876783526, 4.571459876783526, 4.571459876783526, 4.571459876783526, 4.571459876783526, 4.571459876783526, 4.571459876783526, 3.413835995135769, 3.075751666276245, 3.075751666276245, 3.075751666276245, 3.075751666276245, 3.075751666276245, 3.075751666276245, 3.075751666276245, 3.0573214864911966, 3.0573214864911966, 3.017544577060623, 3.017544577060623, 3.017544577060623, 3.0161944926199604, 3.0085741740744725, 3.003298655229984, 3.003298655229984, 3.0003843968233586, 3.0000347001621503, 3.0000347001621503, 3.0000347001621503, 3.0000003207859556, 3.0000003207859556, 3.0000003207859556, 3.0000003207859556, 3.0000003207859556, 3.0000003207859556, 3.0000003207859556, 3.0000003207859556, 3.0000003207859556, 3.0000003207859556, 3.0000003207859556, 3.0000003207859556, 3.0000003207859556, 3.0000003207859556, 3.0000003207859556, 3.0000003207859556, 3.0000003207859556, 3.0000003207859556, 3.0000003207859556, 3.0000003207859556, 3.000000161281499, 3.000000161281499, 3.000000161281499, 3.000000161281499, 3.000000161281499, 3.0000000670089437, 3.0000000261097486, 3.0000000261097486, 3.0000000261097486, 3.0000000261097486, 3.0000000261097486, 3.0000000036420014, 3.0000000036420014, 3.0000000036420014, 3.0000000009545253, 3.0000000009545253, 3.000000000465098, 3.000000000465098, 3.000000000465098, 3.000000000326108, 3.000000000326108, 3.000000000022454, 3.000000000006111, 3.000000000006111, 3.000000000006111, 3.000000000006111, 3.000000000006111, 3.000000000006111, 3.000000000006111, 3.0000000000022085, 3.0000000000022085, 3.0000000000022085, 3.0000000000022085, 3.0000000000022085, 3.0000000000022085, 3.0000000000017395, 3.0000000000017395, 3.000000000001472, 3.000000000001472, 3.0000000000013722, 3.0000000000006675, 3.0000000000002403, 3.0000000000002403, 3.000000000000215, 3.0000000000000586, 3.0000000000000586, 3.0000000000000586, 3.000000000000039, 2.999999999999979, 2.999999999999979, 2.9999999999999685, 2.9999999999999685, 2.9999999999999662, 2.9999999999999662, 2.9999999999999414, 2.9999999999999414, 2.9999999999999414, 2.9999999999999414, 2.9999999999999414, 2.9999999999999365, 2.9999999999999365, 2.9999999999999334, 2.9999999999999334, 2.9999999999999334]","{""crossover_rate"": 0.7, ""max_iterations"": 120, ""mutation_factor"": 0.8, ""population_size"": 40}"
goldstein_price,Goldstein-Price,41,2163,de,Evolucion diferencial,2,"[-2.0, 2.0]","[0.0, -1.0]","[-3.233157509298125e-10, -0.9999999963491659]",2.9999999999999267,3.6651224469031042e-09,120,4840,"[21.926432956639317, 20.795096521468487, 20.58352951746305, 20.58352951746305, 20.58352951746305, 20.58352951746305, 14.026003800212159, 14.026003800212159, 14.026003800212159, 3.8975236274113656, 3.0117849228792375, 3.006477844487206, 3.006477844487206, 3.006477844487206, 3.006477844487206, 3.006477844487206, 3.006477844487206, 3.006477844487206, 3.006477844487206, 3.006477844487206, 3.006477844487206, 3.006477844487206, 3.006477844487206, 3.006477844487206, 3.006477844487206, 3.006477844487206, 3.006477844487206, 3.006477844487206, 3.006477844487206, 3.006477844487206, 3.006477844487206, 3.006477844487206, 3.006477844487206, 3.006477844487206, 3.006477844487206, 3.006477844487206, 3.006477844487206, 3.0034783018276188, 3.0000629495091946, 3.0000629495091946, 3.0000629495091946, 3.0000629495091946, 3.0000629495091946, 3.0000629495091946, 3.0000629495091946, 3.0000057939643683, 3.0000057939643683, 3.0000057939643683, 3.0000057939643683, 3.0000057939643683, 3.0000057939643683, 3.0000057939643683, 3.0000057939643683, 3.000003336873234, 3.000003336873234, 3.000003336873234, 3.0000000751097144, 3.0000000751097144, 3.0000000751097144, 3.0000000751097144, 3.0000000751097144, 3.0000000751097144, 3.0000000751097144, 3.0000000751097144, 3.0000000751097144, 3.00000005866908, 3.00000005866908, 3.00000005866908, 3.0000000446980537, 3.000000005297401, 3.000000005297401, 3.000000005297401, 3.000000005297401, 3.000000005297401, 3.000000005297401, 3.000000005297401, 3.000000005297401, 3.000000005297401, 3.000000002670938, 3.000000002670938, 3.0000000016595103, 3.0000000012328156, 3.0000000000968, 3.0000000000968, 3.0000000000968, 3.0000000000968, 3.0000000000968, 3.000000000028691, 3.000000000028691, 3.000000000010611, 3.000000000010611, 3.000000000010611, 3.0000000000008993, 3.0000000000008993, 3.0000000000008993, 3.0000000000008993, 3.0000000000008993, 3.0000000000008993, 3.0000000000008993, 3.0000000000008993, 3.000000000000787, 3.0000000000000013, 3.0000000000000013, 3.0000000000000013, 3.0000000000000013, 3.0000000000000013, 3.0000000000000013, 3.0000000000000013, 3.0000000000000013, 2.9999999999999916, 2.9999999999999574, 2.9999999999999574, 2.9999999999999574, 2.999999999999954, 2.999999999999954, 2.999999999999954, 2.9999999999999365, 2.9999999999999365, 2.9999999999999365, 2.9999999999999267, 2.9999999999999267]","{""crossover_rate"": 0.7, ""max_iterations"": 120, ""mutation_factor"": 0.8, ""population_size"": 40}"
goldstein_price,Goldstein-Price,42,2164,de,Evolucion diferencial,2,"[-2.0, 2.0]","[0.0, -1.0]","[-5.899815436614247e-10, -1.0000000035959007]",2.999999999999927,3.6439785924391056e-09,120,4840,"[18.721771252382702, 18.721771252382702, 9.997554077818137, 5.889364051581949, 5.889364051581949, 5.889364051581949, 5.889364051581949, 5.889364051581949, 3.842966125868865, 3.842966125868865, 3.842966125868865, 3.0882497007150462, 3.0882497007150462, 3.0882497007150462, 3.0882497007150462, 3.0882497007150462, 3.0882497007150462, 3.0882497007150462, 3.0882497007150462, 3.0882497007150462, 3.0882497007150462, 3.0882497007150462, 3.0589818631957693, 3.0230522707565015, 3.0098087510684586, 3.0098087510684586, 3.0098087510684586, 3.0036415941584824, 3.0036415941584824, 3.0036415941584824, 3.0024592455329504, 3.000216600076002, 3.000216600076002, 3.0001344650851336, 3.0001344650851336, 3.0001344650851336, 3.0001344650851336, 3.0001344650851336, 3.0001344650851336, 3.0001344650851336, 3.0001344650851336, 3.0001344650851336, 3.0001344650851336, 3.0000821058413987, 3.0000281512947775, 3.000024498493768, 3.000004751284784, 3.0000008618056606, 3.0000008618056606, 3.0000008618056606, 3.0000006259448133, 3.0000000747553455, 3.0000000747553455, 3.0000000747553455, 3.0000000747553455, 3.0000000747553455, 3.0000000747553455, 3.0000000747553455, 3.0000000300631857, 3.0000000281083654, 3.0000000281083654, 3.0000000281083654, 3.0000000281083654, 3.0000000281083654, 3.000000007102372, 3.000000007102372, 3.000000002263309, 3.000000002263309, 3.000000002263309, 3.000000001141426, 3.000000001141426, 3.000000001141426, 3.000000001141426, 3.000000000151617, 3.000000000151617, 3.000000000151617, 3.000000000151617, 3.000000000151617, 3.000000000151617, 3.000000000112385, 3.000000000011167, 3.000000000011167, 3.000000000011167, 3.000000000011167, 3.000000000011167, 3.000000000011167, 3.000000000011167, 3.000000000001743, 3.000000000001743, 3.000000000001743, 3.000000000001743, 3.0000000000011857, 3.0000000000003255, 3.0000000000003255, 3.0000000000003255, 3.0000000000003255, 3.0000000000003255, 3.0000000000003255, 3.000000000000167, 3.000000000000167, 3.0000000000001315, 2.9999999999999862, 2.9999999999999862, 2.9999999999999862, 2.9999999999999862, 2.999999999999978, 2.999999999999978, 2.999999999999978, 2.999999999999978, 2.999999999999977, 2.999999999999953, 2.999999999999953, 2.999999999999953, 2.9999999999999294, 2.9999999999999294, 2.9999999999999294, 2.999999999999927, 2.999999999999927, 2.999999999999927, 2.999999999999927, 2.999999999999927]","{""crossover_rate"": 0.7, ""max_iterations"": 120, ""mutation_factor"": 0.8, ""population_size"": 40}"
goldstein_price,Goldstein-Price,43,2165,de,Evolucion diferencial,2,"[-2.0, 2.0]","[0.0, -1.0]","[-3.2160030328036155e-09, -1.0000000032900813]",2.9999999999999405,4.600794560651725e-09,120,4840,"[24.410650702687445, 24.410650702687445, 24.410650702687445, 24.410650702687445, 11.172930533693952, 5.379926603991333, 4.695381705474609, 4.695381705474609, 4.695381705474609, 3.930426966214764, 3.930426966214764, 3.8580357692431786, 3.8580357692431786, 3.8580357692431786, 3.8580357692431786, 3.8580357692431786, 3.8580357692431786, 3.8580357692431786, 3.502374956845679, 3.502374956845679, 3.3183213432362697, 3.0321359200362803, 3.0321359200362803, 3.0321359200362803, 3.006213716227082, 3.006213716227082, 3.006213716227082, 3.006213716227082, 3.006213716227082, 3.006213716227082, 3.006213716227082, 3.0023904775113497, 3.0023904775113497, 3.0023904775113497, 3.0023904775113497, 3.000169555286723, 3.000109984903954, 3.000109984903954, 3.0000216785218283, 3.0000216785218283, 3.0000216785218283, 3.0000216785218283, 3.0000216785218283, 3.0000216785218283, 3.0000216785218283, 3.0000216785218283, 3.0000216785218283, 3.0000216785218283, 3.0000113021129966, 3.0000108774783594, 3.0000108774783594, 3.0000108774783594, 3.0000007303549507, 3.000000319023745, 3.000000319023745, 3.000000319023745, 3.0000002281259888, 3.0000002108756094, 3.0000002108756094, 3.0000002108756094, 3.0000002108756094, 3.0000001103180836, 3.0000001103180836, 3.0000001103180836, 3.0000001103180836, 3.000000037880144, 3.000000037880144, 3.0000000102435527, 3.000000001793439, 3.000000001793439, 3.000000001793439, 3.000000001655633, 3.000000001655633, 3.000000000652686, 3.000000000652686, 3.000000000652686, 3.0000000005397105, 3.0000000005397105, 3.00000000043503, 3.000000000340232, 3.0000000002583156, 3.000000000012063, 3.000000000012063, 3.000000000012063, 3.0000000000010956, 3.0000000000010956, 3.0000000000010956, 3.0000000000010956, 3.0000000000010956, 3.0000000000010956, 3.0000000000010956, 3.0000000000010956, 3.0000000000010956, 3.000000000000804, 3.000000000000804, 3.000000000000804, 3.0000000000001825, 3.000000000000155, 3.0000000000000298, 3.0000000000000298, 3.000000000000025, 3.000000000000025, 3.000000000000025, 3.0000000000000204, 3.0000000000000204, 3.0000000000000204, 3.000000000000003, 2.999999999999988, 2.9999999999999756, 2.9999999999999547, 2.9999999999999547, 2.9999999999999494, 2.9999999999999494, 2.9999999999999494, 2.999999999999949, 2.9999999999999405, 2.9999999999999405, 2.9999999999999405, 2.9999999999999405, 2.9999999999999405, 2.9999999999999405]","{""crossover_rate"": 0.7, ""max_iterations"": 120, ""mutation_factor"": 0.8, ""population_size"": 40}"
goldstein_price,Goldstein-Price,44,2166,de,Evolucion diferencial,2,"[-2.0, 2.0]","[0.0, -1.0]","[-1.750105824062118e-09, -1.0000000005688714]",2.9999999999999543,1.8402404893988092e-09,120,4840,"[18.147719820549558, 4.231843710667178, 4.231843710667178, 4.231843710667178, 4.231843710667178, 4.231843710667178, 4.231843710667178, 4.231843710667178, 4.231843710667178, 3.3916426596966334, 3.3916426596966334, 3.3916426596966334, 3.162700229087121, 3.162700229087121, 3.162700229087121, 3.162700229087121, 3.162700229087121, 3.162700229087121, 3.162700229087121, 3.162700229087121, 3.162700229087121, 3.162700229087121, 3.162700229087121, 3.162700229087121, 3.074344152365973, 3.074344152365973, 3.074344152365973, 3.074344152365973, 3.040562639452886, 3.0160589369847535, 3.0074186433425285, 3.0074186433425285, 3.0074186433425285, 3.002503871122047, 3.002503871122047, 3.0015928178884073, 3.0009374462426543, 3.0009374462426543, 3.0009374462426543, 3.0001043478968112, 3.0001043478968112, 3.0001043478968112, 3.000091625480427, 3.000091625480427, 3.000091625480427, 3.000087168778622, 3.000087168778622, 3.000063869137477, 3.000063869137477, 3.0000379837302393, 3.000011499525983, 3.000011499525983, 3.000011499525983, 3.000002063652689, 3.000000952113752, 3.000000952113752, 3.000000952113752, 3.000000662996161, 3.000000662996161, 3.000000404175577, 3.000000404175577, 3.000000045974769, 3.0000000190579175, 3.0000000190579175, 3.0000000190579175, 3.0000000190579175, 3.000000008201998, 3.000000008201998, 3.000000008201998, 3.000000008201998, 3.000000008201998, 3.000000008201998, 3.0000000079126634, 3.0000000058448912, 3.000000001777302, 3.000000001777302, 3.0000000013799437, 3.0000000013799437, 3.00000000113933, 3.0000000007793797, 3.0000000007793797, 3.000000000209689, 3.000000000209689, 3.000000000075994, 3.000000000032507, 3.000000000032507, 3.000000000032507, 3.000000000032507, 3.0000000000162546, 3.0000000000162546, 3.0000000000162546, 3.0000000000162546, 3.0000000000021028, 3.000000000000013, 3.000000000000013, 3.000000000000013, 3.000000000000013, 3.000000000000013, 3.000000000000013, 3.000000000000013, 3.000000000000013, 3.000000000000013, 3.000000000000013, 3.000000000000013, 3.000000000000013, 2.999999999999975, 2.999999999999975, 2.999999999999975, 2.999999999999975, 2.999999999999975, 2.9999999999999645, 2.9999999999999645, 2.9999999999999645, 2.9999999999999645, 2.9999999999999645, 2.9999999999999645, 2.9999999999999645, 2.9999999999999543, 2.9999999999999543, 2.9999999999999543, 2.9999999999999543]","{""crossover_rate"": 0.7, ""max_iterations"": 120, ""mutation_factor"": 0.8, ""population_size"": 40}"
goldstein_price,Goldstein-Price,45,2167,de,Evolucion diferencial,2,"[-2.0, 2.0]","[0.0, -1.0]","[1.349868504117925e-09, -1.000000002615771]",2.9999999999999254,2.943535723127888e-09,120,4840,"[65.55470189038556, 31.732141163849942, 31.732141163849942, 31.732141163849942, 8.454547299429398, 8.454547299429398, 8.454547299429398, 8.454547299429398, 3.6210869483250834, 3.6210869483250834, 3.6210869483250834, 3.6210869483250834, 3.6210869483250834, 3.6210869483250834, 3.6210869483250834, 3.1075750053113835, 3.1075750053113835, 3.1075750053113835, 3.1075750053113835, 3.1075750053113835, 3.1075750053113835, 3.014609792090175, 3.014609792090175, 3.014609792090175, 3.014609792090175, 3.014609792090175, 3.014609792090175, 3.0126877456797354, 3.0126877456797354, 3.0126877456797354, 3.0126877456797354, 3.0126877456797354, 3.0004634191184625, 3.0004634191184625, 3.0004634191184625, 3.0004634191184625, 3.0004634191184625, 3.000418695323787, 3.000004132994101, 3.000004132994101, 3.000004132994101, 3.000004132994101, 3.000004132994101, 3.000004132994101, 3.000004132994101, 3.000004132994101, 3.000004132994101, 3.000004132994101, 3.000004132994101, 3.000004132994101, 3.000004132994101, 3.000004132994101, 3.000004132994101, 3.000004132994101, 3.00000260693429, 3.00000260693429, 3.00000260693429, 3.0000004652490193, 3.000000296861038, 3.000000296861038, 3.0000002919417734, 3.0000002919417734, 3.0000002919417734, 3.0000002919417734, 3.0000002919417734, 3.0000002919417734, 3.0000000124639614, 3.0000000124639614, 3.0000000122051302, 3.0000000122051302, 3.0000000122051302, 3.0000000118991883, 3.000000008380543, 3.000000008380543, 3.000000008380543, 3.0000000077365705, 3.0000000034066066, 3.0000000034066066, 3.0000000034066066, 3.000000000087333, 3.000000000087333, 3.000000000087333, 3.000000000087333, 3.000000000087333, 3.000000000087333, 3.0000000000488205, 3.0000000000488205, 3.0000000000488205, 3.0000000000488205, 3.000000000021984, 3.0000000000202856, 3.0000000000202856, 3.000000000001344, 3.000000000001344, 3.000000000001344, 3.0000000000010036, 3.0000000000010036, 3.0000000000010036, 3.0000000000010036, 3.000000000000137, 3.000000000000137, 3.000000000000137, 3.000000000000096, 3.000000000000096, 3.000000000000005, 2.9999999999999605, 2.9999999999999605, 2.9999999999999605, 2.9999999999999605, 2.9999999999999605, 2.9999999999999605, 2.9999999999999605, 2.9999999999999605, 2.9999999999999605, 2.9999999999999605, 2.9999999999999605, 2.999999999999945, 2.9999999999999445, 2.9999999999999445, 2.9999999999999445, 2.9999999999999254]","{""crossover_rate"": 0.7, ""max_iterations"": 120, ""mutation_factor"": 0.8, ""population_size"": 40}"
goldstein_price,Goldstein-Price,46,2168,de,Evolucion diferencial,2,"[-2.0, 2.0]","[0.0, -1.0]","[-7.323919930867488e-09, -1.0000000029072391]",2.9999999999999543,7.87983771609613e-09,120,4840,"[3.914842868755716, 3.914842868755716, 3.914842868755716, 3.914842868755716, 3.914842868755716, 3.914842868755716, 3.914842868755716, 3.914842868755716, 3.914842868755716, 3.914842868755716, 3.914842868755716, 3.914842868755716, 3.914842868755716, 3.914842868755716, 3.8726480882819145, 3.298997154828418, 3.298997154828418, 3.298997154828418, 3.298997154828418, 3.1037043422546606, 3.1037043422546606, 3.1037043422546606, 3.1037043422546606, 3.0473464582038017, 3.013639639037265, 3.013639639037265, 3.013639639037265, 3.013639639037265, 3.013639639037265, 3.013639639037265, 3.013639639037265, 3.013639639037265, 3.0033977330319206, 3.0033977330319206, 3.0033977330319206, 3.0033977330319206, 3.0033977330319206, 3.0033977330319206, 3.0003220116249456, 3.0003220116249456, 3.0003220116249456, 3.0003220116249456, 3.0003220116249456, 3.0003220116249456, 3.0003220116249456, 3.0003220116249456, 3.000237982666506, 3.000231049943334, 3.0002097138465977, 3.000137755240405, 3.000137755240405, 3.0000337997893407, 3.0000337997893407, 3.0000337997893407, 3.0000267010464845, 3.00002221723852, 3.0000202211965044, 3.000014580411877, 3.0000010782726854, 3.0000010782726854, 3.0000010782726854, 3.0000010782726854, 3.0000010782726854, 3.0000009817360254, 3.0000002371943544, 3.0000002371943544, 3.0000002371943544, 3.000000153825999, 3.000000012248142, 3.000000012248142, 3.000000012248142, 3.000000012248142, 3.000000012248142, 3.0000000014900396, 3.0000000014900396, 3.0000000014900396, 3.0000000014900396, 3.0000000014900396, 3.0000000008378844, 3.0000000008378844, 3.0000000008378844, 3.0000000008378844, 3.0000000008378844, 3.0000000004363594, 3.0000000004363594, 3.00000000012483, 3.00000000012483, 3.00000000011142, 3.00000000011142, 3.000000000009658, 3.000000000009658, 3.000000000009658, 3.000000000009658, 3.0000000000036904, 3.0000000000036904, 3.0000000000036904, 3.0000000000036904, 3.0000000000036904, 3.0000000000033924, 3.0000000000023346, 3.0000000000014055, 3.0000000000014055, 3.000000000000629, 3.0000000000004707, 3.000000000000417, 3.0000000000002274, 3.0000000000002274, 3.0000000000002274, 3.0000000000001386, 3.0000000000000435, 3.0000000000000435, 3.0000000000000435, 3.0000000000000435, 3.0000000000000404, 2.9999999999999916, 2.9999999999999614, 2.9999999999999614, 2.9999999999999614, 2.9999999999999614, 2.9999999999999543, 2.9999999999999543]","{""crossover_rate"": 0.7, ""max_iterations"": 120, ""mutation_factor"": 0.8, ""population_size"": 40}"
goldstein_price,Goldstein-Price,47,2169,de,Evolucion diferencial,2,"[-2.0, 2.0]","[0.0, -1.0]","[-8.588489517936461e-09, -1.00000000811054]",2.999999999999934,1.1812832495767513e-08,120,4840,"[7.764283553211247, 7.764283553211247, 7.764283553211247, 7.764283553211247, 7.764283553211247, 7.764283553211247, 7.764283553211247, 7.764283553211247, 7.764283553211247, 6.268853233319277, 6.268853233319277, 6.268853233319277, 6.268853233319277, 6.268853233319277, 3.387075149543236, 3.387075149543236, 3.387075149543236, 3.387075149543236, 3.0052645693579527, 3.0052645693579527, 3.0052645693579527, 3.0052645693579527, 3.0052645693579527, 3.0052645693579527, 3.0052645693579527, 3.0047809895182205, 3.0047809895182205, 3.0047809895182205, 3.0032012656266787, 3.0032012656266787, 3.0032012656266787, 3.0032012656266787, 3.000975178146144, 3.000611067029705, 3.000611067029705, 3.000611067029705, 3.000015764718898, 3.000015764718898, 3.0000081621462025, 3.0000081621462025, 3.0000081621462025, 3.0000081621462025, 3.0000081621462025, 3.0000081621462025, 3.0000081621462025, 3.0000081621462025, 3.0000081621462025, 3.0000081621462025, 3.0000081621462025, 3.0000081621462025, 3.0000008606079143, 3.0000008606079143, 3.0000008606079143, 3.0000008606079143, 3.0000008606079143, 3.0000008606079143, 3.0000008606079143, 3.000000730473636, 3.0000000623032994, 3.0000000623032994, 3.0000000623032994, 3.0000000623032994, 3.0000000623032994, 3.0000000623032994, 3.0000000580453556, 3.0000000044710458, 3.0000000044710458, 3.0000000044710458, 3.000000002149915, 3.000000002149915, 3.0000000003232596, 3.0000000003232596, 3.0000000003232596, 3.0000000003232596, 3.0000000003232596, 3.0000000002135074, 3.0000000002135074, 3.0000000002135074, 3.0000000000149614, 3.0000000000149614, 3.0000000000149614, 3.0000000000149614, 3.0000000000149614, 3.000000000008054, 3.000000000008054, 3.000000000008054, 3.000000000008054, 3.0000000000064757, 3.0000000000064757, 3.0000000000038294, 3.0000000000015676, 3.0000000000015676, 3.0000000000015676, 3.0000000000015676, 3.0000000000013305, 3.0000000000013305, 3.0000000000011133, 3.0000000000009455, 3.000000000000041, 3.000000000000041, 3.000000000000041, 3.000000000000041, 3.000000000000041, 3.000000000000007, 3.000000000000007, 2.9999999999999987, 2.9999999999999987, 2.9999999999999987, 2.9999999999999987, 2.9999999999999836, 2.9999999999999836, 2.9999999999999836, 2.999999999999934, 2.999999999999934, 2.999999999999934, 2.999999999999934, 2.999999999999934, 2.999999999999934, 2.999999999999934, 2.999999999999934, 2.999999999999934]","{""crossover_rate"": 0.7, ""max_iterations"": 120, ""mutation_factor"": 0.8, ""population_size"": 40}"
goldstein_price,Goldstein-Price,48,2170,de,Evolucion diferencial,2,"[-2.0, 2.0]","[0.0, -1.0]","[-6.106868502314791e-09, -1.000000008641049]",2.9999999999999343,1.0581189465659813e-08,120,4840,"[13.013910538139552, 13.013910538139552, 5.967591101552024, 5.967591101552024, 5.967591101552024, 5.967591101552024, 5.967591101552024, 5.967591101552024, 5.967591101552024, 5.967591101552024, 5.967591101552024, 5.967591101552024, 5.967591101552024, 3.5465625279343933, 3.5465625279343933, 3.5465625279343933, 3.4039811157590134, 3.4039811157590134, 3.4039811157590134, 3.4039811157590134, 3.0113149721909815, 3.0113149721909815, 3.0113149721909815, 3.0113149721909815, 3.006362087472806, 3.006362087472806, 3.006362087472806, 3.006362087472806, 3.006362087472806, 3.0007707423803045, 3.0007707423803045, 3.0007707423803045, 3.000136576844156, 3.000136576844156, 3.000136576844156, 3.000136576844156, 3.000136576844156, 3.000136576844156, 3.000136576844156, 3.000136576844156, 3.0000557521549203, 3.0000380599515037, 3.0000380599515037, 3.0000380599515037, 3.0000062324005423, 3.0000062324005423, 3.0000062324005423, 3.0000062324005423, 3.0000062324005423, 3.0000062324005423, 3.0000062324005423, 3.0000062324005423, 3.0000036079258714, 3.0000036079258714, 3.0000036079258714, 3.0000026849122614, 3.0000026849122614, 3.0000014586270822, 3.0000009578969564, 3.000000546829196, 3.0000001783108363, 3.0000001783108363, 3.0000001783108363, 3.0000001783108363, 3.0000001783108363, 3.0000000532745834, 3.0000000532745834, 3.0000000532745834, 3.0000000532745834, 3.0000000338048816, 3.000000006768094, 3.000000006768094, 3.000000002737174, 3.000000002737174, 3.0000000013814927, 3.0000000013814927, 3.000000000254394, 3.000000000254394, 3.000000000254394, 3.000000000254394, 3.0000000001904215, 3.0000000001904215, 3.0000000001904215, 3.0000000000313003, 3.000000000027587, 3.000000000027587, 3.000000000027587, 3.00000000002753, 3.00000000002753, 3.0000000000151825, 3.0000000000118776, 3.0000000000118776, 3.0000000000034257, 3.0000000000034257, 3.0000000000020632, 3.000000000001308, 3.000000000001308, 3.000000000001308, 3.000000000000439, 3.0000000000001497, 3.0000000000001497, 3.0000000000001097, 3.0000000000001097, 3.0000000000001097, 3.0000000000001097, 3.0000000000001097, 3.0000000000001097, 3.0000000000001097, 3.0000000000000826, 2.9999999999999876, 2.9999999999999765, 2.9999999999999765, 2.9999999999999765, 2.9999999999999765, 2.9999999999999556, 2.999999999999955, 2.999999999999955, 2.999999999999955, 2.999999999999955, 2.9999999999999343, 2.9999999999999343]","{""crossover_rate"": 0.7, ""max_iterations"": 120, ""mutation_factor"": 0.8, ""population_size"": 40}"
goldstein_price,Goldstein-Price,49,2171,de,Evolucion diferencial,2,"[-2.0, 2.0]","[0.0, -1.0]","[4.550155318824746e-09, -1.0000000056352116]",2.999999999999943,7.2428946939582946e-09,120,4840,"[30.699794219185744, 30.699794219185744, 30.699794219185744, 30.699794219185744, 30.699794219185744, 30.699794219185744, 30.699794219185744, 30.699794219185744, 30.699794219185744, 30.699794219185744, 3.7434516945779746, 3.7434516945779746, 3.7434516945779746, 3.7434516945779746, 3.7434516945779746, 3.0226281993055224, 3.0226281993055224, 3.0226281993055224, 3.0226281993055224, 3.0226281993055224, 3.0226281993055224, 3.0226281993055224, 3.0226281993055224, 3.0226281993055224, 3.0226281993055224, 3.0226281993055224, 3.0226281993055224, 3.0226281993055224, 3.0226281993055224, 3.0226281993055224, 3.018996909898686, 3.001400726475756, 3.001400726475756, 3.001400726475756, 3.000952492486891, 3.000952492486891, 3.000952492486891, 3.000734665728351, 3.000734665728351, 3.000734665728351, 3.0002238225224915, 3.000167016723215, 3.000167016723215, 3.000167016723215, 3.000167016723215, 3.00000398924741, 3.00000398924741, 3.00000398924741, 3.00000398924741, 3.00000398924741, 3.00000398924741, 3.00000398924741, 3.00000398924741, 3.00000398924741, 3.00000398924741, 3.000002451677648, 3.0000017065727587, 3.0000017065727587, 3.0000017065727587, 3.0000017065727587, 3.000000501641222, 3.000000501641222, 3.000000501641222, 3.000000201801521, 3.000000201801521, 3.000000085335103, 3.000000085335103, 3.000000085335103, 3.000000085335103, 3.0000000170312133, 3.0000000170312133, 3.0000000170312133, 3.0000000091704764, 3.0000000091704764, 3.0000000004659437, 3.0000000004659437, 3.0000000004659437, 3.0000000001789773, 3.0000000001789773, 3.0000000001789773, 3.0000000001789773, 3.0000000001789773, 3.000000000162245, 3.0000000000378235, 3.0000000000378235, 3.0000000000378235, 3.0000000000378235, 3.000000000016565, 3.000000000016565, 3.0000000000002887, 3.0000000000002887, 3.0000000000002887, 3.0000000000002887, 3.0000000000002887, 3.0000000000002887, 3.0000000000002887, 3.0000000000002887, 3.0000000000002887, 3.0000000000002887, 3.0000000000002887, 3.0000000000000577, 3.0000000000000577, 3.0000000000000577, 2.9999999999999933, 2.9999999999999933, 2.9999999999999933, 2.999999999999983, 2.999999999999983, 2.999999999999983, 2.999999999999983, 2.999999999999983, 2.999999999999983, 2.999999999999983, 2.9999999999999645, 2.9999999999999645, 2.9999999999999623, 2.9999999999999623, 2.9999999999999623, 2.9999999999999623, 2.999999999999943, 2.999999999999943]","{""crossover_rate"": 0.7, ""max_iterations"": 120, ""mutation_factor"": 0.8, ""population_size"": 40}"
goldstein_price,Goldstein-Price,50,2163,de,Evolucion diferencial,2,"[-2.0, 2.0]","[0.0, -1.0]","[-3.233157509298125e-10, -0.9999999963491659]",2.9999999999999267,3.6651224469031042e-09,120,4840,"[21.926432956639317, 20.795096521468487, 20.58352951746305, 20.58352951746305, 20.58352951746305, 20.58352951746305, 14.026003800212159, 14.026003800212159, 14.026003800212159, 3.8975236274113656, 3.0117849228792375, 3.006477844487206, 3.006477844487206, 3.006477844487206, 3.006477844487206, 3.006477844487206, 3.006477844487206, 3.006477844487206, 3.006477844487206, 3.006477844487206, 3.006477844487206, 3.006477844487206, 3.006477844487206, 3.006477844487206, 3.006477844487206, 3.006477844487206, 3.006477844487206, 3.006477844487206, 3.006477844487206, 3.006477844487206, 3.006477844487206, 3.006477844487206, 3.006477844487206, 3.006477844487206, 3.006477844487206, 3.006477844487206, 3.006477844487206, 3.0034783018276188, 3.0000629495091946, 3.0000629495091946, 3.0000629495091946, 3.0000629495091946, 3.0000629495091946, 3.0000629495091946, 3.0000629495091946, 3.0000057939643683, 3.0000057939643683, 3.0000057939643683, 3.0000057939643683, 3.0000057939643683, 3.0000057939643683, 3.0000057939643683, 3.0000057939643683, 3.000003336873234, 3.000003336873234, 3.000003336873234, 3.0000000751097144, 3.0000000751097144, 3.0000000751097144, 3.0000000751097144, 3.0000000751097144, 3.0000000751097144, 3.0000000751097144, 3.0000000751097144, 3.0000000751097144, 3.00000005866908, 3.00000005866908, 3.00000005866908, 3.0000000446980537, 3.000000005297401, 3.000000005297401, 3.000000005297401, 3.000000005297401, 3.000000005297401, 3.000000005297401, 3.000000005297401, 3.000000005297401, 3.000000005297401, 3.000000002670938, 3.000000002670938, 3.0000000016595103, 3.0000000012328156, 3.0000000000968, 3.0000000000968, 3.0000000000968, 3.0000000000968, 3.0000000000968, 3.000000000028691, 3.000000000028691, 3.000000000010611, 3.000000000010611, 3.000000000010611, 3.0000000000008993, 3.0000000000008993, 3.0000000000008993, 3.0000000000008993, 3.0000000000008993, 3.0000000000008993, 3.0000000000008993, 3.0000000000008993, 3.000000000000787, 3.0000000000000013, 3.0000000000000013, 3.0000000000000013, 3.0000000000000013, 3.0000000000000013, 3.0000000000000013, 3.0000000000000013, 3.0000000000000013, 2.9999999999999916, 2.9999999999999574, 2.9999999999999574, 2.9999999999999574, 2.999999999999954, 2.999999999999954, 2.999999999999954, 2.9999999999999365, 2.9999999999999365, 2.9999999999999365, 2.9999999999999267, 2.9999999999999267]","{""crossover_rate"": 0.7, ""max_iterations"": 120, ""mutation_factor"": 0.8, ""population_size"": 40}"
goldstein_price,Goldstein-Price,51,2164,de,Evolucion diferencial,2,"[-2.0, 2.0]","[0.0, -1.0]","[-5.899815436614247e-10, -1.0000000035959007]",2.999999999999927,3.6439785924391056e-09,120,4840,"[18.721771252382702, 18.721771252382702, 9.997554077818137, 5.889364051581949, 5.889364051581949, 5.889364051581949, 5.889364051581949, 5.889364051581949, 3.842966125868865, 3.842966125868865, 3.842966125868865, 3.0882497007150462, 3.0882497007150462, 3.0882497007150462, 3.0882497007150462, 3.0882497007150462, 3.0882497007150462, 3.0882497007150462, 3.0882497007150462, 3.0882497007150462, 3.0882497007150462, 3.0882497007150462, 3.0589818631957693, 3.0230522707565015, 3.0098087510684586, 3.0098087510684586, 3.0098087510684586, 3.0036415941584824, 3.0036415941584824, 3.0036415941584824, 3.0024592455329504, 3.000216600076002, 3.000216600076002, 3.0001344650851336, 3.0001344650851336, 3.0001344650851336, 3.0001344650851336, 3.0001344650851336, 3.0001344650851336, 3.0001344650851336, 3.0001344650851336, 3.0001344650851336, 3.0001344650851336, 3.0000821058413987, 3.0000281512947775, 3.000024498493768, 3.000004751284784, 3.0000008618056606, 3.0000008618056606, 3.0000008618056606, 3.0000006259448133, 3.0000000747553455, 3.0000000747553455, 3.0000000747553455, 3.0000000747553455, 3.0000000747553455, 3.0000000747553455, 3.0000000747553455, 3.0000000300631857, 3.0000000281083654, 3.0000000281083654, 3.0000000281083654, 3.0000000281083654, 3.0000000281083654, 3.000000007102372, 3.000000007102372, 3.000000002263309, 3.000000002263309, 3.000000002263309, 3.000000001141426, 3.000000001141426, 3.000000001141426, 3.000000001141426, 3.000000000151617, 3.000000000151617, 3.000000000151617, 3.000000000151617, 3.000000000151617, 3.000000000151617, 3.000000000112385, 3.000000000011167, 3.000000000011167, 3.000000000011167, 3.000000000011167, 3.000000000011167, 3.000000000011167, 3.000000000011167, 3.000000000001743, 3.000000000001743, 3.000000000001743, 3.000000000001743, 3.0000000000011857, 3.0000000000003255, 3.0000000000003255, 3.0000000000003255, 3.0000000000003255, 3.0000000000003255, 3.0000000000003255, 3.000000000000167, 3.000000000000167, 3.0000000000001315, 2.9999999999999862, 2.9999999999999862, 2.9999999999999862, 2.9999999999999862, 2.999999999999978, 2.999999999999978, 2.999999999999978, 2.999999999999978, 2.999999999999977, 2.999999999999953, 2.999999999999953, 2.999999999999953, 2.9999999999999294, 2.9999999999999294, 2.9999999999999294, 2.999999999999927, 2.999999999999927, 2.999999999999927, 2.999999999999927, 2.999999999999927]","{""crossover_rate"": 0.7, ""max_iterations"": 120, ""mutation_factor"": 0.8, ""population_size"": 40}"
goldstein_price,Goldstein-Price,52,2165,de,Evolucion diferencial,2,"[-2.0, 2.0]","[0.0, -1.0]","[-3.2160030328036155e-09, -1.0000000032900813]",2.9999999999999405,4.600794560651725e-09,120,4840,"[24.410650702687445, 24.410650702687445, 24.410650702687445, 24.410650702687445, 11.172930533693952, 5.379926603991333, 4.695381705474609, 4.695381705474609, 4.695381705474609, 3.930426966214764, 3.930426966214764, 3.8580357692431786, 3.8580357692431786, 3.8580357692431786, 3.8580357692431786, 3.8580357692431786, 3.8580357692431786, 3.8580357692431786, 3.502374956845679, 3.502374956845679, 3.3183213432362697, 3.0321359200362803, 3.0321359200362803, 3.0321359200362803, 3.006213716227082, 3.006213716227082, 3.006213716227082, 3.006213716227082, 3.006213716227082, 3.006213716227082, 3.006213716227082, 3.0023904775113497, 3.0023904775113497, 3.0023904775113497, 3.0023904775113497, 3.000169555286723, 3.000109984903954, 3.000109984903954, 3.0000216785218283, 3.0000216785218283, 3.0000216785218283, 3.0000216785218283, 3.0000216785218283, 3.0000216785218283, 3.0000216785218283, 3.0000216785218283, 3.0000216785218283, 3.0000216785218283, 3.0000113021129966, 3.0000108774783594, 3.0000108774783594, 3.0000108774783594, 3.0000007303549507, 3.000000319023745, 3.000000319023745, 3.000000319023745, 3.0000002281259888, 3.0000002108756094, 3.0000002108756094, 3.0000002108756094, 3.0000002108756094, 3.0000001103180836, 3.0000001103180836, 3.0000001103180836, 3.0000001103180836, 3.000000037880144, 3.000000037880144, 3.0000000102435527, 3.000000001793439, 3.000000001793439, 3.000000001793439, 3.000000001655633, 3.000000001655633, 3.000000000652686, 3.000000000652686, 3.000000000652686, 3.0000000005397105, 3.0000000005397105, 3.00000000043503, 3.000000000340232, 3.0000000002583156, 3.000000000012063, 3.000000000012063, 3.000000000012063, 3.0000000000010956, 3.0000000000010956, 3.0000000000010956, 3.0000000000010956, 3.0000000000010956, 3.0000000000010956, 3.0000000000010956, 3.0000000000010956, 3.0000000000010956, 3.000000000000804, 3.000000000000804, 3.000000000000804, 3.0000000000001825, 3.000000000000155, 3.0000000000000298, 3.0000000000000298, 3.000000000000025, 3.000000000000025, 3.000000000000025, 3.0000000000000204, 3.0000000000000204, 3.0000000000000204, 3.000000000000003, 2.999999999999988, 2.9999999999999756, 2.9999999999999547, 2.9999999999999547, 2.9999999999999494, 2.9999999999999494, 2.9999999999999494, 2.999999999999949, 2.9999999999999405, 2.9999999999999405, 2.9999999999999405, 2.9999999999999405, 2.9999999999999405, 2.9999999999999405]","{""crossover_rate"": 0.7, ""max_iterations"": 120, ""mutation_factor"": 0.8, ""population_size"": 40}"
goldstein_price,Goldstein-Price,53,2166,de,Evolucion diferencial,2,"[-2.0, 2.0]","[0.0, -1.0]","[-1.750105824062118e-09, -1.0000000005688714]",2.9999999999999543,1.8402404893988092e-09,120,4840,"[18.147719820549558, 4.231843710667178, 4.231843710667178, 4.231843710667178, 4.231843710667178, 4.231843710667178, 4.231843710667178, 4.231843710667178, 4.231843710667178, 3.3916426596966334, 3.3916426596966334, 3.3916426596966334, 3.162700229087121, 3.162700229087121, 3.162700229087121, 3.162700229087121, 3.162700229087121, 3.162700229087121, 3.162700229087121, 3.162700229087121, 3.162700229087121, 3.162700229087121, 3.162700229087121, 3.162700229087121, 3.074344152365973, 3.074344152365973, 3.074344152365973, 3.074344152365973, 3.040562639452886, 3.0160589369847535, 3.0074186433425285, 3.0074186433425285, 3.0074186433425285, 3.002503871122047, 3.002503871122047, 3.0015928178884073, 3.0009374462426543, 3.0009374462426543, 3.0009374462426543, 3.0001043478968112, 3.0001043478968112, 3.0001043478968112, 3.000091625480427, 3.000091625480427, 3.000091625480427, 3.000087168778622, 3.000087168778622, 3.000063869137477, 3.000063869137477, 3.0000379837302393, 3.000011499525983, 3.000011499525983, 3.000011499525983, 3.000002063652689, 3.000000952113752, 3.000000952113752, 3.000000952113752, 3.000000662996161, 3.000000662996161, 3.000000404175577, 3.000000404175577, 3.000000045974769, 3.0000000190579175, 3.0000000190579175, 3.0000000190579175, 3.0000000190579175, 3.000000008201998, 3.000000008201998, 3.000000008201998, 3.000000008201998, 3.000000008201998, 3.000000008201998, 3.0000000079126634, 3.0000000058448912, 3.000000001777302, 3.000000001777302, 3.0000000013799437, 3.0000000013799437, 3.00000000113933, 3.0000000007793797, 3.0000000007793797, 3.000000000209689, 3.000000000209689, 3.000000000075994, 3.000000000032507, 3.000000000032507, 3.000000000032507, 3.000000000032507, 3.0000000000162546, 3.0000000000162546, 3.0000000000162546, 3.0000000000162546, 3.0000000000021028, 3.000000000000013, 3.000000000000013, 3.000000000000013, 3.000000000000013, 3.000000000000013, 3.000000000000013, 3.000000000000013, 3.000000000000013, 3.000000000000013, 3.000000000000013, 3.000000000000013, 3.000000000000013, 2.999999999999975, 2.999999999999975, 2.999999999999975, 2.999999999999975, 2.999999999999975, 2.9999999999999645, 2.9999999999999645, 2.9999999999999645, 2.9999999999999645, 2.9999999999999645, 2.9999999999999645, 2.9999999999999645, 2.9999999999999543, 2.9999999999999543, 2.9999999999999543, 2.9999999999999543]","{""crossover_rate"": 0.7, ""max_iterations"": 120, ""mutation_factor"": 0.8, ""population_size"": 40}"
goldstein_price,Goldstein-Price,54,2167,de,Evolucion diferencial,2,"[-2.0, 2.0]","[0.0, -1.0]","[1.349868504117925e-09, -1.000000002615771]",2.9999999999999254,2.943535723127888e-09,120,4840,"[65.55470189038556, 31.732141163849942, 31.732141163849942, 31.732141163849942, 8.454547299429398, 8.454547299429398, 8.454547299429398, 8.454547299429398, 3.6210869483250834, 3.6210869483250834, 3.6210869483250834, 3.6210869483250834, 3.6210869483250834, 3.6210869483250834, 3.6210869483250834, 3.1075750053113835, 3.1075750053113835, 3.1075750053113835, 3.1075750053113835, 3.1075750053113835, 3.1075750053113835, 3.014609792090175, 3.014609792090175, 3.014609792090175, 3.014609792090175, 3.014609792090175, 3.014609792090175, 3.0126877456797354, 3.0126877456797354, 3.0126877456797354, 3.0126877456797354, 3.0126877456797354, 3.0004634191184625, 3.0004634191184625, 3.0004634191184625, 3.0004634191184625, 3.0004634191184625, 3.000418695323787, 3.000004132994101, 3.000004132994101, 3.000004132994101, 3.000004132994101, 3.000004132994101, 3.000004132994101, 3.000004132994101, 3.000004132994101, 3.000004132994101, 3.000004132994101, 3.000004132994101, 3.000004132994101, 3.000004132994101, 3.000004132994101, 3.000004132994101, 3.000004132994101, 3.00000260693429, 3.00000260693429, 3.00000260693429, 3.0000004652490193, 3.000000296861038, 3.000000296861038, 3.0000002919417734, 3.0000002919417734, 3.0000002919417734, 3.0000002919417734, 3.0000002919417734, 3.0000002919417734, 3.0000000124639614, 3.0000000124639614, 3.0000000122051302, 3.0000000122051302, 3.0000000122051302, 3.0000000118991883, 3.000000008380543, 3.000000008380543, 3.000000008380543, 3.0000000077365705, 3.0000000034066066, 3.0000000034066066, 3.0000000034066066, 3.000000000087333, 3.000000000087333, 3.000000000087333, 3.000000000087333, 3.000000000087333, 3.000000000087333, 3.0000000000488205, 3.0000000000488205, 3.0000000000488205, 3.0000000000488205, 3.000000000021984, 3.0000000000202856, 3.0000000000202856, 3.000000000001344, 3.000000000001344, 3.000000000001344, 3.0000000000010036, 3.0000000000010036, 3.0000000000010036, 3.0000000000010036, 3.000000000000137, 3.000000000000137, 3.000000000000137, 3.000000000000096, 3.000000000000096, 3.000000000000005, 2.9999999999999605, 2.9999999999999605, 2.9999999999999605, 2.9999999999999605, 2.9999999999999605, 2.9999999999999605, 2.9999999999999605, 2.9999999999999605, 2.9999999999999605, 2.9999999999999605, 2.9999999999999605, 2.999999999999945, 2.9999999999999445, 2.9999999999999445, 2.9999999999999445, 2.9999999999999254]","{""crossover_rate"": 0.7, ""max_iterations"": 120, ""mutation_factor"": 0.8, ""population_size"": 40}"
goldstein_price,Goldstein-Price,55,2168,de,Evolucion diferencial,2,"[-2.0, 2.0]","[0.0, -1.0]","[-7.323919930867488e-09, -1.0000000029072391]",2.9999999999999543,7.87983771609613e-09,120,4840,"[3.914842868755716, 3.914842868755716, 3.914842868755716, 3.914842868755716, 3.914842868755716, 3.914842868755716, 3.914842868755716, 3.914842868755716, 3.914842868755716, 3.914842868755716, 3.914842868755716, 3.914842868755716, 3.914842868755716, 3.914842868755716, 3.8726480882819145, 3.298997154828418, 3.298997154828418, 3.298997154828418, 3.298997154828418, 3.1037043422546606, 3.1037043422546606, 3.1037043422546606, 3.1037043422546606, 3.0473464582038017, 3.013639639037265, 3.013639639037265, 3.013639639037265, 3.013639639037265, 3.013639639037265, 3.013639639037265, 3.013639639037265, 3.013639639037265, 3.0033977330319206, 3.0033977330319206, 3.0033977330319206, 3.0033977330319206, 3.0033977330319206, 3.0033977330319206, 3.0003220116249456, 3.0003220116249456, 3.0003220116249456, 3.0003220116249456, 3.0003220116249456, 3.0003220116249456, 3.0003220116249456, 3.0003220116249456, 3.000237982666506, 3.000231049943334, 3.0002097138465977, 3.000137755240405, 3.000137755240405, 3.0000337997893407, 3.0000337997893407, 3.0000337997893407, 3.0000267010464845, 3.00002221723852, 3.0000202211965044, 3.000014580411877, 3.0000010782726854, 3.0000010782726854, 3.0000010782726854, 3.0000010782726854, 3.0000010782726854, 3.0000009817360254, 3.0000002371943544, 3.0000002371943544, 3.0000002371943544, 3.000000153825999, 3.000000012248142, 3.000000012248142, 3.000000012248142, 3.000000012248142, 3.000000012248142, 3.0000000014900396, 3.0000000014900396, 3.0000000014900396, 3.0000000014900396, 3.0000000014900396, 3.0000000008378844, 3.0000000008378844, 3.0000000008378844, 3.0000000008378844, 3.0000000008378844, 3.0000000004363594, 3.0000000004363594, 3.00000000012483, 3.00000000012483, 3.00000000011142, 3.00000000011142, 3.000000000009658, 3.000000000009658, 3.000000000009658, 3.000000000009658, 3.0000000000036904, 3.0000000000036904, 3.0000000000036904, 3.0000000000036904, 3.0000000000036904, 3.0000000000033924, 3.0000000000023346, 3.0000000000014055, 3.0000000000014055, 3.000000000000629, 3.0000000000004707, 3.000000000000417, 3.0000000000002274, 3.0000000000002274, 3.0000000000002274, 3.0000000000001386, 3.0000000000000435, 3.0000000000000435, 3.0000000000000435, 3.0000000000000435, 3.0000000000000404, 2.9999999999999916, 2.9999999999999614, 2.9999999999999614, 2.9999999999999614, 2.9999999999999614, 2.9999999999999543, 2.9999999999999543]","{""crossover_rate"": 0.7, ""max_iterations"": 120, ""mutation_factor"": 0.8, ""population_size"": 40}"
goldstein_price,Goldstein-Price,56,2169,de,Evolucion diferencial,2,"[-2.0, 2.0]","[0.0, -1.0]","[-8.588489517936461e-09, -1.00000000811054]",2.999999999999934,1.1812832495767513e-08,120,4840,"[7.764283553211247, 7.764283553211247, 7.764283553211247, 7.764283553211247, 7.764283553211247, 7.764283553211247, 7.764283553211247, 7.764283553211247, 7.764283553211247, 6.268853233319277, 6.268853233319277, 6.268853233319277, 6.268853233319277, 6.268853233319277, 3.387075149543236, 3.387075149543236, 3.387075149543236, 3.387075149543236, 3.0052645693579527, 3.0052645693579527, 3.0052645693579527, 3.0052645693579527, 3.0052645693579527, 3.0052645693579527, 3.0052645693579527, 3.0047809895182205, 3.0047809895182205, 3.0047809895182205, 3.0032012656266787, 3.0032012656266787, 3.0032012656266787, 3.0032012656266787, 3.000975178146144, 3.000611067029705, 3.000611067029705, 3.000611067029705, 3.000015764718898, 3.000015764718898, 3.0000081621462025, 3.0000081621462025, 3.0000081621462025, 3.0000081621462025, 3.0000081621462025, 3.0000081621462025, 3.0000081621462025, 3.0000081621462025, 3.0000081621462025, 3.0000081621462025, 3.0000081621462025, 3.0000081621462025, 3.0000008606079143, 3.0000008606079143, 3.0000008606079143, 3.0000008606079143, 3.0000008606079143, 3.0000008606079143, 3.0000008606079143, 3.000000730473636, 3.0000000623032994, 3.0000000623032994, 3.0000000623032994, 3.0000000623032994, 3.0000000623032994, 3.0000000623032994, 3.0000000580453556, 3.0000000044710458, 3.0000000044710458, 3.0000000044710458, 3.000000002149915, 3.000000002149915, 3.0000000003232596, 3.0000000003232596, 3.0000000003232596, 3.0000000003232596, 3.0000000003232596, 3.0000000002135074, 3.0000000002135074, 3.0000000002135074, 3.0000000000149614, 3.0000000000149614, 3.0000000000149614, 3.0000000000149614, 3.0000000000149614, 3.000000000008054, 3.000000000008054, 3.000000000008054, 3.000000000008054, 3.0000000000064757, 3.0000000000064757, 3.0000000000038294, 3.0000000000015676, 3.0000000000015676, 3.0000000000015676, 3.0000000000015676, 3.0000000000013305, 3.0000000000013305, 3.0000000000011133, 3.0000000000009455, 3.000000000000041, 3.000000000000041, 3.000000000000041, 3.000000000000041, 3.000000000000041, 3.000000000000007, 3.000000000000007, 2.9999999999999987, 2.9999999999999987, 2.9999999999999987, 2.9999999999999987, 2.9999999999999836, 2.9999999999999836, 2.9999999999999836, 2.999999999999934, 2.999999999999934, 2.999999999999934, 2.999999999999934, 2.999999999999934, 2.999999999999934, 2.999999999999934, 2.999999999999934, 2.999999999999934]","{""crossover_rate"": 0.7, ""max_iterations"": 120, ""mutation_factor"": 0.8, ""population_size"": 40}"
goldstein_price,Goldstein-Price,57,2170,de,Evolucion diferencial,2,"[-2.0, 2.0]","[0.0, -1.0]","[-6.106868502314791e-09, -1.000000008641049]",2.9999999999999343,1.0581189465659813e-08,120,4840,"[13.013910538139552, 13.013910538139552, 5.967591101552024, 5.967591101552024, 5.967591101552024, 5.967591101552024, 5.967591101552024, 5.967591101552024, 5.967591101552024, 5.967591101552024, 5.967591101552024, 5.967591101552024, 5.967591101552024, 3.5465625279343933, 3.5465625279343933, 3.5465625279343933, 3.4039811157590134, 3.4039811157590134, 3.4039811157590134, 3.4039811157590134, 3.0113149721909815, 3.0113149721909815, 3.0113149721909815, 3.0113149721909815, 3.006362087472806, 3.006362087472806, 3.006362087472806, 3.006362087472806, 3.006362087472806, 3.0007707423803045, 3.0007707423803045, 3.0007707423803045, 3.000136576844156, 3.000136576844156, 3.000136576844156, 3.000136576844156, 3.000136576844156, 3.000136576844156, 3.000136576844156, 3.000136576844156, 3.0000557521549203, 3.0000380599515037, 3.0000380599515037, 3.0000380599515037, 3.0000062324005423, 3.0000062324005423, 3.0000062324005423, 3.0000062324005423, 3.0000062324005423, 3.0000062324005423, 3.0000062324005423, 3.0000062324005423, 3.0000036079258714, 3.0000036079258714, 3.0000036079258714, 3.0000026849122614, 3.0000026849122614, 3.0000014586270822, 3.0000009578969564, 3.000000546829196, 3.0000001783108363, 3.0000001783108363, 3.0000001783108363, 3.0000001783108363, 3.0000001783108363, 3.0000000532745834, 3.0000000532745834, 3.0000000532745834, 3.0000000532745834, 3.0000000338048816, 3.000000006768094, 3.000000006768094, 3.000000002737174, 3.000000002737174, 3.0000000013814927, 3.0000000013814927, 3.000000000254394, 3.000000000254394, 3.000000000254394, 3.000000000254394, 3.0000000001904215, 3.0000000001904215, 3.0000000001904215, 3.0000000000313003, 3.000000000027587, 3.000000000027587, 3.000000000027587, 3.00000000002753, 3.00000000002753, 3.0000000000151825, 3.0000000000118776, 3.0000000000118776, 3.0000000000034257, 3.0000000000034257, 3.0000000000020632, 3.000000000001308, 3.000000000001308, 3.000000000001308, 3.000000000000439, 3.0000000000001497, 3.0000000000001497, 3.0000000000001097, 3.0000000000001097, 3.0000000000001097, 3.0000000000001097, 3.0000000000001097, 3.0000000000001097, 3.0000000000001097, 3.0000000000000826, 2.9999999999999876, 2.9999999999999765, 2.9999999999999765, 2.9999999999999765, 2.9999999999999765, 2.9999999999999556, 2.999999999999955, 2.999999999999955, 2.999999999999955, 2.999999999999955, 2.9999999999999343, 2.9999999999999343]","{""crossover_rate"": 0.7, ""max_iterations"": 120, ""mutation_factor"": 0.8, ""population_size"": 40}"
goldstein_price,Goldstein-Price,58,2171,de,Evolucion diferencial,2,"[-2.0, 2.0]","[0.0, -1.0]","[4.550155318824746e-09, -1.0000000056352116]",2.999999999999943,7.2428946939582946e-09,120,4840,"[30.699794219185744, 30.699794219185744, 30.699794219185744, 30.699794219185744, 30.699794219185744, 30.699794219185744, 30.699794219185744, 30.699794219185744, 30.699794219185744, 30.699794219185744, 3.7434516945779746, 3.7434516945779746, 3.7434516945779746, 3.7434516945779746, 3.7434516945779746, 3.0226281993055224, 3.0226281993055224, 3.0226281993055224, 3.0226281993055224, 3.0226281993055224, 3.0226281993055224, 3.0226281993055224, 3.0226281993055224, 3.0226281993055224, 3.0226281993055224, 3.0226281993055224, 3.0226281993055224, 3.0226281993055224, 3.0226281993055224, 3.0226281993055224, 3.018996909898686, 3.001400726475756, 3.001400726475756, 3.001400726475756, 3.000952492486891, 3.000952492486891, 3.000952492486891, 3.000734665728351, 3.000734665728351, 3.000734665728351, 3.0002238225224915, 3.000167016723215, 3.000167016723215, 3.000167016723215, 3.000167016723215, 3.00000398924741, 3.00000398924741, 3.00000398924741, 3.00000398924741, 3.00000398924741, 3.00000398924741, 3.00000398924741, 3.00000398924741, 3.00000398924741, 3.00000398924741, 3.000002451677648, 3.0000017065727587, 3.0000017065727587, 3.0000017065727587, 3.0000017065727587, 3.000000501641222, 3.000000501641222, 3.000000501641222, 3.000000201801521, 3.000000201801521, 3.000000085335103, 3.000000085335103, 3.000000085335103, 3.000000085335103, 3.0000000170312133, 3.0000000170312133, 3.0000000170312133, 3.0000000091704764, 3.0000000091704764, 3.0000000004659437, 3.0000000004659437, 3.0000000004659437, 3.0000000001789773, 3.0000000001789773, 3.0000000001789773, 3.0000000001789773, 3.0000000001789773, 3.000000000162245, 3.0000000000378235, 3.0000000000378235, 3.0000000000378235, 3.0000000000378235, 3.000000000016565, 3.000000000016565, 3.0000000000002887, 3.0000000000002887, 3.0000000000002887, 3.0000000000002887, 3.0000000000002887, 3.0000000000002887, 3.0000000000002887, 3.0000000000002887, 3.0000000000002887, 3.0000000000002887, 3.0000000000002887, 3.0000000000000577, 3.0000000000000577, 3.0000000000000577, 2.9999999999999933, 2.9999999999999933, 2.9999999999999933, 2.999999999999983, 2.999999999999983, 2.999999999999983, 2.999999999999983, 2.999999999999983, 2.999999999999983, 2.999999999999983, 2.9999999999999645, 2.9999999999999645, 2.9999999999999623, 2.9999999999999623, 2.9999999999999623, 2.9999999999999623, 2.999999999999943, 2.999999999999943]","{""crossover_rate"": 0.7, ""max_iterations"": 120, ""mutation_factor"": 0.8, ""population_size"": 40}"
goldstein_price,Goldstein-Price,59,2172,de,Evolucion diferencial,2,"[-2.0, 2.0]","[0.0, -1.0]","[6.014146478877743e-09, -0.9999999973517559]",2.99999999999993,6.571389085699134e-09,120,4840,"[45.20921725563179, 45.20921725563179, 26.709575046298948, 19.59843765315567, 19.59843765315567, 13.917211047116984, 13.917211047116984, 13.917211047116984, 13.871511544056103, 7.4773340629717575, 4.9922875131936175, 3.7445667109808207, 3.7445667109808207, 3.7445667109808207, 3.7445667109808207, 3.7445667109808207, 3.7445667109808207, 3.7445667109808207, 3.5831193567837385, 3.5831193567837385, 3.5831193567837385, 3.351750116647577, 3.0961213673845833, 3.0961213673845833, 3.0715814558389187, 3.0715814558389187, 3.0715814558389187, 3.069297160092463, 3.0566220613282304, 3.0566220613282304, 3.0071969921335384, 3.0003286507419133, 3.0003286507419133, 3.0003286507419133, 3.0003286507419133, 3.0003286507419133, 3.0003286507419133, 3.0003286507419133, 3.0003286507419133, 3.0003165017361977, 3.0001457904410094, 3.0001457904410094, 3.0001457904410094, 3.0001457904410094, 3.0001457904410094, 3.000034157621764, 3.000034157621764, 3.000034157621764, 3.000034157621764, 3.000034157621764, 3.0000331567378695, 3.000005718212783, 3.000005718212783, 3.000005718212783, 3.0000041008870797, 3.00000223661502, 3.000000061184357, 3.000000061184357, 3.000000061184357, 3.000000061184357, 3.000000061184357, 3.000000061184357, 3.000000061184357, 3.0000000172924857, 3.0000000172924857, 3.0000000058269443, 3.0000000058269443, 3.0000000058269443, 3.000000003429976, 3.000000003429976, 3.0000000007856222, 3.0000000007856222, 3.0000000007856222, 3.0000000007856222, 3.0000000007856222, 3.0000000007856222, 3.0000000007856222, 3.0000000007856222, 3.0000000007856222, 3.0000000007856222, 3.0000000001779874, 3.0000000001186167, 3.0000000001186167, 3.0000000001186167, 3.0000000000290625, 3.0000000000290625, 3.0000000000290625, 3.000000000000995, 3.000000000000995, 3.000000000000995, 3.000000000000995, 3.000000000000995, 3.000000000000995, 3.0000000000002816, 3.0000000000002816, 3.0000000000002816, 3.0000000000002816, 3.0000000000002816, 3.0000000000002003, 3.000000000000026, 2.999999999999997, 2.999999999999997, 2.999999999999997, 2.999999999999997, 2.999999999999997, 2.999999999999943, 2.999999999999943, 2.99999999999993, 2.99999999999993, 2.99999999999993, 2.99999999999993, 2.99999999999993, 2.99999999999993, 2.99999999999993, 2.99999999999993, 2.99999999999993, 2.99999999999993, 2.99999999999993, 2.99999999999993, 2.99999999999993, 2.99999999999993]","{""crossover_rate"": 0.7, ""max_iterations"": 120, ""mutation_factor"": 0.8, ""population_size"": 40}"
goldstein_price,Goldstein-Price,60,2164,de,Evolucion diferencial,2,"[-2.0, 2.0]","[0.0, -1.0]","[-5.899815436614247e-10, -1.0000000035959007]",2.999999999999927,3.6439785924391056e-09,120,4840,"[18.721771252382702, 18.721771252382702, 9.997554077818137, 5.889364051581949, 5.889364051581949, 5.889364051581949, 5.889364051581949, 5.889364051581949, 3.842966125868865, 3.842966125868865, 3.842966125868865, 3.0882497007150462, 3.0882497007150462, 3.0882497007150462, 3.0882497007150462, 3.0882497007150462, 3.0882497007150462, 3.0882497007150462, 3.0882497007150462, 3.0882497007150462, 3.0882497007150462, 3.0882497007150462, 3.0589818631957693, 3.0230522707565015, 3.0098087510684586, 3.0098087510684586, 3.0098087510684586, 3.0036415941584824, 3.0036415941584824, 3.0036415941584824, 3.0024592455329504, 3.000216600076002, 3.000216600076002, 3.0001344650851336, 3.0001344650851336, 3.0001344650851336, 3.0001344650851336, 3.0001344650851336, 3.0001344650851336, 3.0001344650851336, 3.0001344650851336, 3.0001344650851336, 3.0001344650851336, 3.0000821058413987, 3.0000281512947775, 3.000024498493768, 3.000004751284784, 3.0000008618056606, 3.0000008618056606, 3.0000008618056606, 3.0000006259448133, 3.0000000747553455, 3.0000000747553455, 3.0000000747553455, 3.0000000747553455, 3.0000000747553455, 3.0000000747553455, 3.0000000747553455, 3.0000000300631857, 3.0000000281083654, 3.0000000281083654, 3.0000000281083654, 3.0000000281083654, 3.0000000281083654, 3.000000007102372, 3.000000007102372, 3.000000002263309, 3.000000002263309, 3.000000002263309, 3.000000001141426, 3.000000001141426, 3.000000001141426, 3.000000001141426, 3.000000000151617, 3.000000000151617, 3.000000000151617, 3.000000000151617, 3.000000000151617, 3.000000000151617, 3.000000000112385, 3.000000000011167, 3.000000000011167, 3.000000000011167, 3.000000000011167, 3.000000000011167, 3.000000000011167, 3.000000000011167, 3.000000000001743, 3.000000000001743, 3.000000000001743, 3.000000000001743, 3.0000000000011857, 3.0000000000003255, 3.0000000000003255, 3.0000000000003255, 3.0000000000003255, 3.0000000000003255, 3.0000000000003255, 3.000000000000167, 3.000000000000167, 3.0000000000001315, 2.9999999999999862, 2.9999999999999862, 2.9999999999999862, 2.9999999999999862, 2.999999999999978, 2.999999999999978, 2.999999999999978, 2.999999999999978, 2.999999999999977, 2.999999999999953, 2.999999999999953, 2.999999999999953, 2.9999999999999294, 2.9999999999999294, 2.9999999999999294, 2.999999999999927, 2.999999999999927, 2.999999999999927, 2.999999999999927, 2.999999999999927]","{""crossover_rate"": 0.7, ""max_iterations"": 120, ""mutation_factor"": 0.8, ""population_size"": 40}"
goldstein_price,Goldstein-Price,61,2165,de,Evolucion diferencial,2,"[-2.0, 2.0]","[0.0, -1.0]","[-3.2160030328036155e-09, -1.0000000032900813]",2.9999999999999405,4.600794560651725e-09,120,4840,"[24.410650702687445, 24.410650702687445, 24.410650702687445, 24.410650702687445, 11.172930533693952, 5.379926603991333, 4.695381705474609, 4.695381705474609, 4.695381705474609, 3.930426966214764, 3.930426966214764, 3.8580357692431786, 3.8580357692431786, 3.8580357692431786, 3.8580357692431786, 3.8580357692431786, 3.8580357692431786, 3.8580357692431786, 3.502374956845679, 3.502374956845679, 3.3183213432362697, 3.0321359200362803, 3.0321359200362803, 3.0321359200362803, 3.006213716227082, 3.006213716227082, 3.006213716227082, 3.006213716227082, 3.006213716227082, 3.006213716227082, 3.006213716227082, 3.0023904775113497, 3.0023904775113497, 3.0023904775113497, 3.0023904775113497, 3.000169555286723, 3.000109984903954, 3.000109984903954, 3.0000216785218283, 3.0000216785218283, 3.0000216785218283, 3.0000216785218283, 3.0000216785218283, 3.0000216785218283, 3.0000216785218283, 3.0000216785218283, 3.0000216785218283, 3.0000216785218283, 3.0000113021129966, 3.0000108774783594, 3.0000108774783594, 3.0000108774783594, 3.0000007303549507, 3.000000319023745, 3.000000319023745, 3.000000319023745, 3.0000002281259888, 3.0000002108756094, 3.0000002108756094, 3.0000002108756094, 3.0000002108756094, 3.0000001103180836, 3.0000001103180836, 3.0000001103180836, 3.0000001103180836, 3.000000037880144, 3.000000037880144, 3.0000000102435527, 3.000000001793439, 3.000000001793439, 3.000000001793439, 3.000000001655633, 3.000000001655633, 3.000000000652686, 3.000000000652686, 3.000000000652686, 3.0000000005397105, 3.0000000005397105, 3.00000000043503, 3.000000000340232, 3.0000000002583156, 3.000000000012063, 3.000000000012063, 3.000000000012063, 3.0000000000010956, 3.0000000000010956, 3.0000000000010956, 3.0000000000010956, 3.0000000000010956, 3.0000000000010956, 3.0000000000010956, 3.0000000000010956, 3.0000000000010956, 3.000000000000804, 3.000000000000804, 3.000000000000804, 3.0000000000001825, 3.000000000000155, 3.0000000000000298, 3.0000000000000298, 3.000000000000025, 3.000000000000025, 3.000000000000025, 3.0000000000000204, 3.0000000000000204, 3.0000000000000204, 3.000000000000003, 2.999999999999988, 2.9999999999999756, 2.9999999999999547, 2.9999999999999547, 2.9999999999999494, 2.9999999999999494, 2.9999999999999494, 2.999999999999949, 2.9999999999999405, 2.9999999999999405, 2.9999999999999405, 2.9999999999999405, 2.9999999999999405, 2.9999999999999405]","{""crossover_rate"": 0.7, ""max_iterations"": 120, ""mutation_factor"": 0.8, ""population_size"": 40}"
goldstein_price,Goldstein-Price,62,2166,de,Evolucion diferencial,2,"[-2.0, 2.0]","[0.0, -1.0]","[-1.750105824062118e-09, -1.0000000005688714]",2.9999999999999543,1.8402404893988092e-09,120,4840,"[18.147719820549558, 4.231843710667178, 4.231843710667178, 4.231843710667178, 4.231843710667178, 4.231843710667178, 4.231843710667178, 4.231843710667178, 4.231843710667178, 3.3916426596966334, 3.3916426596966334, 3.3916426596966334, 3.162700229087121, 3.162700229087121, 3.162700229087121, 3.162700229087121, 3.162700229087121, 3.162700229087121, 3.162700229087121, 3.162700229087121, 3.162700229087121, 3.162700229087121, 3.162700229087121, 3.162700229087121, 3.074344152365973, 3.074344152365973, 3.074344152365973, 3.074344152365973, 3.040562639452886, 3.0160589369847535, 3.0074186433425285, 3.0074186433425285, 3.0074186433425285, 3.002503871122047, 3.002503871122047, 3.0015928178884073, 3.0009374462426543, 3.0009374462426543, 3.0009374462426543, 3.0001043478968112, 3.0001043478968112, 3.0001043478968112, 3.000091625480427, 3.000091625480427, 3.000091625480427, 3.000087168778622, 3.000087168778622, 3.000063869137477, 3.000063869137477, 3.0000379837302393, 3.000011499525983, 3.000011499525983, 3.000011499525983, 3.000002063652689, 3.000000952113752, 3.000000952113752, 3.000000952113752, 3.000000662996161, 3.000000662996161, 3.000000404175577, 3.000000404175577, 3.000000045974769, 3.0000000190579175, 3.0000000190579175, 3.0000000190579175, 3.0000000190579175, 3.000000008201998, 3.000000008201998, 3.000000008201998, 3.000000008201998, 3.000000008201998, 3.000000008201998, 3.0000000079126634, 3.0000000058448912, 3.000000001777302, 3.000000001777302, 3.0000000013799437, 3.0000000013799437, 3.00000000113933, 3.0000000007793797, 3.0000000007793797, 3.000000000209689, 3.000000000209689, 3.000000000075994, 3.000000000032507, 3.000000000032507, 3.000000000032507, 3.000000000032507, 3.0000000000162546, 3.0000000000162546, 3.0000000000162546, 3.0000000000162546, 3.0000000000021028, 3.000000000000013, 3.000000000000013, 3.000000000000013, 3.000000000000013, 3.000000000000013, 3.000000000000013, 3.000000000000013, 3.000000000000013, 3.000000000000013, 3.000000000000013, 3.000000000000013, 3.000000000000013, 2.999999999999975, 2.999999999999975, 2.999999999999975, 2.999999999999975, 2.999999999999975, 2.9999999999999645, 2.9999999999999645, 2.9999999999999645, 2.9999999999999645, 2.9999999999999645, 2.9999999999999645, 2.9999999999999645, 2.9999999999999543, 2.9999999999999543, 2.9999999999999543, 2.9999999999999543]","{""crossover_rate"": 0.7, ""max_iterations"": 120, ""mutation_factor"": 0.8, ""population_size"": 40}"
goldstein_price,Goldstein-Price,63,2167,de,Evolucion diferencial,2,"[-2.0, 2.0]","[0.0, -1.0]","[1.349868504117925e-09, -1.000000002615771]",2.9999999999999254,2.943535723127888e-09,120,4840,"[65.55470189038556, 31.732141163849942, 31.732141163849942, 31.732141163849942, 8.454547299429398, 8.454547299429398, 8.454547299429398, 8.454547299429398, 3.6210869483250834, 3.6210869483250834, 3.6210869483250834, 3.6210869483250834, 3.6210869483250834, 3.6210869483250834, 3.6210869483250834, 3.1075750053113835, 3.1075750053113835, 3.1075750053113835, 3.1075750053113835, 3.1075750053113835, 3.1075750053113835, 3.014609792090175, 3.014609792090175, 3.014609792090175, 3.014609792090175, 3.014609792090175, 3.014609792090175, 3.0126877456797354, 3.0126877456797354, 3.0126877456797354, 3.0126877456797354, 3.0126877456797354, 3.0004634191184625, 3.0004634191184625, 3.0004634191184625, 3.0004634191184625, 3.0004634191184625, 3.000418695323787, 3.000004132994101, 3.000004132994101, 3.000004132994101, 3.000004132994101, 3.000004132994101, 3.000004132994101, 3.000004132994101, 3.000004132994101, 3.000004132994101, 3.000004132994101, 3.000004132994101, 3.000004132994101, 3.000004132994101, 3.000004132994101, 3.000004132994101, 3.000004132994101, 3.00000260693429, 3.00000260693429, 3.00000260693429, 3.0000004652490193, 3.000000296861038, 3.000000296861038, 3.0000002919417734, 3.0000002919417734, 3.0000002919417734, 3.0000002919417734, 3.0000002919417734, 3.0000002919417734, 3.0000000124639614, 3.0000000124639614, 3.0000000122051302, 3.0000000122051302, 3.0000000122051302, 3.0000000118991883, 3.000000008380543, 3.000000008380543, 3.000000008380543, 3.0000000077365705, 3.0000000034066066, 3.0000000034066066, 3.0000000034066066, 3.000000000087333, 3.000000000087333, 3.000000000087333, 3.000000000087333, 3.000000000087333, 3.000000000087333, 3.0000000000488205, 3.0000000000488205, 3.0000000000488205, 3.0000000000488205, 3.000000000021984, 3.0000000000202856, 3.0000000000202856, 3.000000000001344, 3.000000000001344, 3.000000000001344, 3.0000000000010036, 3.0000000000010036, 3.0000000000010036, 3.0000000000010036, 3.000000000000137, 3.000000000000137, 3.000000000000137, 3.000000000000096, 3.000000000000096, 3.000000000000005, 2.9999999999999605, 2.9999999999999605, 2.9999999999999605, 2.9999999999999605, 2.9999999999999605, 2.9999999999999605, 2.9999999999999605, 2.9999999999999605, 2.9999999999999605, 2.9999999999999605, 2.9999999999999605, 2.999999999999945, 2.9999999999999445, 2.9999999999999445, 2.9999999999999445, 2.9999999999999254]","{""crossover_rate"": 0.7, ""max_iterations"": 120, ""mutation_factor"": 0.8, ""population_size"": 40}"
goldstein_price,Goldstein-Price,64,2168,de,Evolucion diferencial,2,"[-2.0, 2.0]","[0.0, -1.0]","[-7.323919930867488e-09, -1.0000000029072391]",2.9999999999999543,7.87983771609613e-09,120,4840,"[3.914842868755716, 3.914842868755716, 3.914842868755716, 3.914842868755716, 3.914842868755716, 3.914842868755716, 3.914842868755716, 3.914842868755716, 3.914842868755716, 3.914842868755716, 3.914842868755716, 3.914842868755716, 3.914842868755716, 3.914842868755716, 3.8726480882819145, 3.298997154828418, 3.298997154828418, 3.298997154828418, 3.298997154828418, 3.1037043422546606, 3.1037043422546606, 3.1037043422546606, 3.1037043422546606, 3.0473464582038017, 3.013639639037265, 3.013639639037265, 3.013639639037265, 3.013639639037265, 3.013639639037265, 3.013639639037265, 3.013639639037265, 3.013639639037265, 3.0033977330319206, 3.0033977330319206, 3.0033977330319206, 3.0033977330319206, 3.0033977330319206, 3.0033977330319206, 3.0003220116249456, 3.0003220116249456, 3.0003220116249456, 3.0003220116249456, 3.0003220116249456, 3.0003220116249456, 3.0003220116249456, 3.0003220116249456, 3.000237982666506, 3.000231049943334, 3.0002097138465977, 3.000137755240405, 3.000137755240405, 3.0000337997893407, 3.0000337997893407, 3.0000337997893407, 3.0000267010464845, 3.00002221723852, 3.0000202211965044, 3.000014580411877, 3.0000010782726854, 3.0000010782726854, 3.0000010782726854, 3.0000010782726854, 3.0000010782726854, 3.0000009817360254, 3.0000002371943544, 3.0000002371943544, 3.0000002371943544, 3.000000153825999, 3.000000012248142, 3.000000012248142, 3.000000012248142, 3.000000012248142, 3.000000012248142, 3.0000000014900396, 3.0000000014900396, 3.0000000014900396, 3.0000000014900396, 3.0000000014900396, 3.0000000008378844, 3.0000000008378844, 3.0000000008378844, 3.0000000008378844, 3.0000000008378844, 3.0000000004363594, 3.0000000004363594, 3.00000000012483, 3.00000000012483, 3.00000000011142, 3.00000000011142, 3.000000000009658, 3.000000000009658, 3.000000000009658, 3.000000000009658, 3.0000000000036904, 3.0000000000036904, 3.0000000000036904, 3.0000000000036904, 3.0000000000036904, 3.0000000000033924, 3.0000000000023346, 3.0000000000014055, 3.0000000000014055, 3.000000000000629, 3.0000000000004707, 3.000000000000417, 3.0000000000002274, 3.0000000000002274, 3.0000000000002274, 3.0000000000001386, 3.0000000000000435, 3.0000000000000435, 3.0000000000000435, 3.0000000000000435, 3.0000000000000404, 2.9999999999999916, 2.9999999999999614, 2.9999999999999614, 2.9999999999999614, 2.9999999999999614, 2.9999999999999543, 2.9999999999999543]","{""crossover_rate"": 0.7, ""max_iterations"": 120, ""mutation_factor"": 0.8, ""population_size"": 40}"
goldstein_price,Goldstein-Price,65,2169,de,Evolucion diferencial,2,"[-2.0, 2.0]","[0.0, -1.0]","[-8.588489517936461e-09, -1.00000000811054]",2.999999999999934,1.1812832495767513e-08,120,4840,"[7.764283553211247, 7.764283553211247, 7.764283553211247, 7.764283553211247, 7.764283553211247, 7.764283553211247, 7.764283553211247, 7.764283553211247, 7.764283553211247, 6.268853233319277, 6.268853233319277, 6.268853233319277, 6.268853233319277, 6.268853233319277, 3.387075149543236, 3.387075149543236, 3.387075149543236, 3.387075149543236, 3.0052645693579527, 3.0052645693579527, 3.0052645693579527, 3.0052645693579527, 3.0052645693579527, 3.0052645693579527, 3.0052645693579527, 3.0047809895182205, 3.0047809895182205, 3.0047809895182205, 3.0032012656266787, 3.0032012656266787, 3.0032012656266787, 3.0032012656266787, 3.000975178146144, 3.000611067029705, 3.000611067029705, 3.000611067029705, 3.000015764718898, 3.000015764718898, 3.0000081621462025, 3.0000081621462025, 3.0000081621462025, 3.0000081621462025, 3.0000081621462025, 3.0000081621462025, 3.0000081621462025, 3.0000081621462025, 3.0000081621462025, 3.0000081621462025, 3.0000081621462025, 3.0000081621462025, 3.0000008606079143, 3.0000008606079143, 3.0000008606079143, 3.0000008606079143, 3.0000008606079143, 3.0000008606079143, 3.0000008606079143, 3.000000730473636, 3.0000000623032994, 3.0000000623032994, 3.0000000623032994, 3.0000000623032994, 3.0000000623032994, 3.0000000623032994, 3.0000000580453556, 3.0000000044710458, 3.0000000044710458, 3.0000000044710458, 3.000000002149915, 3.000000002149915, 3.0000000003232596, 3.0000000003232596, 3.0000000003232596, 3.0000000003232596, 3.0000000003232596, 3.0000000002135074, 3.0000000002135074, 3.0000000002135074, 3.0000000000149614, 3.0000000000149614, 3.0000000000149614, 3.0000000000149614, 3.0000000000149614, 3.000000000008054, 3.000000000008054, 3.000000000008054, 3.000000000008054, 3.0000000000064757, 3.0000000000064757, 3.0000000000038294, 3.0000000000015676, 3.0000000000015676, 3.0000000000015676, 3.0000000000015676, 3.0000000000013305, 3.0000000000013305, 3.0000000000011133, 3.0000000000009455, 3.000000000000041, 3.000000000000041, 3.000000000000041, 3.000000000000041, 3.000000000000041, 3.000000000000007, 3.000000000000007, 2.9999999999999987, 2.9999999999999987, 2.9999999999999987, 2.9999999999999987, 2.9999999999999836, 2.9999999999999836, 2.9999999999999836, 2.999999999999934, 2.999999999999934, 2.999999999999934, 2.999999999999934, 2.999999999999934, 2.999999999999934, 2.999999999999934, 2.999999999999934, 2.999999999999934]","{""crossover_rate"": 0.7, ""max_iterations"": 120, ""mutation_factor"": 0.8, ""population_size"": 40}"
goldstein_price,Goldstein-Price,66,2170,de,Evolucion diferencial,2,"[-2.0, 2.0]","[0.0, -1.0]","[-6.106868502314791e-09, -1.000000008641049]",2.9999999999999343,1.0581189465659813e-08,120,4840,"[13.013910538139552, 13.013910538139552, 5.967591101552024, 5.967591101552024, 5.967591101552024, 5.967591101552024, 5.967591101552024, 5.967591101552024, 5.967591101552024, 5.967591101552024, 5.967591101552024, 5.967591101552024, 5.967591101552024, 3.5465625279343933, 3.5465625279343933, 3.5465625279343933, 3.4039811157590134, 3.4039811157590134, 3.4039811157590134, 3.4039811157590134, 3.0113149721909815, 3.0113149721909815, 3.0113149721909815, 3.0113149721909815, 3.006362087472806, 3.006362087472806, 3.006362087472806, 3.006362087472806, 3.006362087472806, 3.0007707423803045, 3.0007707423803045, 3.0007707423803045, 3.000136576844156, 3.000136576844156, 3.000136576844156, 3.000136576844156, 3.000136576844156, 3.000136576844156, 3.000136576844156, 3.000136576844156, 3.0000557521549203, 3.0000380599515037, 3.0000380599515037, 3.0000380599515037, 3.0000062324005423, 3.0000062324005423, 3.0000062324005423, 3.0000062324005423, 3.0000062324005423, 3.0000062324005423, 3.0000062324005423, 3.0000062324005423, 3.0000036079258714, 3.0000036079258714, 3.0000036079258714, 3.0000026849122614, 3.0000026849122614, 3.0000014586270822, 3.0000009578969564, 3.000000546829196, 3.0000001783108363, 3.0000001783108363, 3.0000001783108363, 3.0000001783108363, 3.0000001783108363, 3.0000000532745834, 3.0000000532745834, 3.0000000532745834, 3.0000000532745834, 3.0000000338048816, 3.000000006768094, 3.000000006768094, 3.000000002737174, 3.000000002737174, 3.0000000013814927, 3.0000000013814927, 3.000000000254394, 3.000000000254394, 3.000000000254394, 3.000000000254394, 3.0000000001904215, 3.0000000001904215, 3.0000000001904215, 3.0000000000313003, 3.000000000027587, 3.000000000027587, 3.000000000027587, 3.00000000002753, 3.00000000002753, 3.0000000000151825, 3.0000000000118776, 3.0000000000118776, 3.0000000000034257, 3.0000000000034257, 3.0000000000020632, 3.000000000001308, 3.000000000001308, 3.000000000001308, 3.000000000000439, 3.0000000000001497, 3.0000000000001497, 3.0000000000001097, 3.0000000000001097, 3.0000000000001097, 3.0000000000001097, 3.0000000000001097, 3.0000000000001097, 3.0000000000001097, 3.0000000000000826, 2.9999999999999876, 2.9999999999999765, 2.9999999999999765, 2.9999999999999765, 2.9999999999999765, 2.9999999999999556, 2.999999999999955, 2.999999999999955, 2.999999999999955, 2.999999999999955, 2.9999999999999343, 2.9999999999999343]","{""crossover_rate"": 0.7, ""max_iterations"": 120, ""mutation_factor"": 0.8, ""population_size"": 40}"
goldstein_price,Goldstein-Price,67,2171,de,Evolucion diferencial,2,"[-2.0, 2.0]","[0.0, -1.0]","[4.550155318824746e-09, -1.0000000056352116]",2.999999999999943,7.2428946939582946e-09,120,4840,"[30.699794219185744, 30.699794219185744, 30.699794219185744, 30.699794219185744, 30.699794219185744, 30.699794219185744, 30.699794219185744, 30.699794219185744, 30.699794219185744, 30.699794219185744, 3.7434516945779746, 3.7434516945779746, 3.7434516945779746, 3.7434516945779746, 3.7434516945779746, 3.0226281993055224, 3.0226281993055224, 3.0226281993055224, 3.0226281993055224, 3.0226281993055224, 3.0226281993055224, 3.0226281993055224, 3.0226281993055224, 3.0226281993055224, 3.0226281993055224, 3.0226281993055224, 3.0226281993055224, 3.0226281993055224, 3.0226281993055224, 3.0226281993055224, 3.018996909898686, 3.001400726475756, 3.001400726475756, 3.001400726475756, 3.000952492486891, 3.000952492486891, 3.000952492486891, 3.000734665728351, 3.000734665728351, 3.000734665728351, 3.0002238225224915, 3.000167016723215, 3.000167016723215, 3.000167016723215, 3.000167016723215, 3.00000398924741, 3.00000398924741, 3.00000398924741, 3.00000398924741, 3.00000398924741, 3.00000398924741, 3.00000398924741, 3.00000398924741, 3.00000398924741, 3.00000398924741, 3.000002451677648, 3.0000017065727587, 3.0000017065727587, 3.0000017065727587, 3.0000017065727587, 3.000000501641222, 3.000000501641222, 3.000000501641222, 3.000000201801521, 3.000000201801521, 3.000000085335103, 3.000000085335103, 3.000000085335103, 3.000000085335103, 3.0000000170312133, 3.0000000170312133, 3.0000000170312133, 3.0000000091704764, 3.0000000091704764, 3.0000000004659437, 3.0000000004659437, 3.0000000004659437, 3.0000000001789773, 3.0000000001789773, 3.0000000001789773, 3.0000000001789773, 3.0000000001789773, 3.000000000162245, 3.0000000000378235, 3.0000000000378235, 3.0000000000378235, 3.0000000000378235, 3.000000000016565, 3.000000000016565, 3.0000000000002887, 3.0000000000002887, 3.0000000000002887, 3.0000000000002887, 3.0000000000002887, 3.0000000000002887, 3.0000000000002887, 3.0000000000002887, 3.0000000000002887, 3.0000000000002887, 3.0000000000002887, 3.0000000000000577, 3.0000000000000577, 3.0000000000000577, 2.9999999999999933, 2.9999999999999933, 2.9999999999999933, 2.999999999999983, 2.999999999999983, 2.999999999999983, 2.999999999999983, 2.999999999999983, 2.999999999999983, 2.999999999999983, 2.9999999999999645, 2.9999999999999645, 2.9999999999999623, 2.9999999999999623, 2.9999999999999623, 2.9999999999999623, 2.999999999999943, 2.999999999999943]","{""crossover_rate"": 0.7, ""max_iterations"": 120, ""mutation_factor"": 0.8, ""population_size"": 40}"
goldstein_price,Goldstein-Price,68,2172,de,Evolucion diferencial,2,"[-2.0, 2.0]","[0.0, -1.0]","[6.014146478877743e-09, -0.9999999973517559]",2.99999999999993,6.571389085699134e-09,120,4840,"[45.20921725563179, 45.20921725563179, 26.709575046298948, 19.59843765315567, 19.59843765315567, 13.917211047116984, 13.917211047116984, 13.917211047116984, 13.871511544056103, 7.4773340629717575, 4.9922875131936175, 3.7445667109808207, 3.7445667109808207, 3.7445667109808207, 3.7445667109808207, 3.7445667109808207, 3.7445667109808207, 3.7445667109808207, 3.5831193567837385, 3.5831193567837385, 3.5831193567837385, 3.351750116647577, 3.0961213673845833, 3.0961213673845833, 3.0715814558389187, 3.0715814558389187, 3.0715814558389187, 3.069297160092463, 3.0566220613282304, 3.0566220613282304, 3.0071969921335384, 3.0003286507419133, 3.0003286507419133, 3.0003286507419133, 3.0003286507419133, 3.0003286507419133, 3.0003286507419133, 3.0003286507419133, 3.0003286507419133, 3.0003165017361977, 3.0001457904410094, 3.0001457904410094, 3.0001457904410094, 3.0001457904410094, 3.0001457904410094, 3.000034157621764, 3.000034157621764, 3.000034157621764, 3.000034157621764, 3.000034157621764, 3.0000331567378695, 3.000005718212783, 3.000005718212783, 3.000005718212783, 3.0000041008870797, 3.00000223661502, 3.000000061184357, 3.000000061184357, 3.000000061184357, 3.000000061184357, 3.000000061184357, 3.000000061184357, 3.000000061184357, 3.0000000172924857, 3.0000000172924857, 3.0000000058269443, 3.0000000058269443, 3.0000000058269443, 3.000000003429976, 3.000000003429976, 3.0000000007856222, 3.0000000007856222, 3.0000000007856222, 3.0000000007856222, 3.0000000007856222, 3.0000000007856222, 3.0000000007856222, 3.0000000007856222, 3.0000000007856222, 3.0000000007856222, 3.0000000001779874, 3.0000000001186167, 3.0000000001186167, 3.0000000001186167, 3.0000000000290625, 3.0000000000290625, 3.0000000000290625, 3.000000000000995, 3.000000000000995, 3.000000000000995, 3.000000000000995, 3.000000000000995, 3.000000000000995, 3.0000000000002816, 3.0000000000002816, 3.0000000000002816, 3.0000000000002816, 3.0000000000002816, 3.0000000000002003, 3.000000000000026, 2.999999999999997, 2.999999999999997, 2.999999999999997, 2.999999999999997, 2.999999999999997, 2.999999999999943, 2.999999999999943, 2.99999999999993, 2.99999999999993, 2.99999999999993, 2.99999999999993, 2.99999999999993, 2.99999999999993, 2.99999999999993, 2.99999999999993, 2.99999999999993, 2.99999999999993, 2.99999999999993, 2.99999999999993, 2.99999999999993, 2.99999999999993]","{""crossover_rate"": 0.7, ""max_iterations"": 120, ""mutation_factor"": 0.8, ""population_size"": 40}"
goldstein_price,Goldstein-Price,69,2173,de,Evolucion diferencial,2,"[-2.0, 2.0]","[0.0, -1.0]","[6.113852378645022e-09, -0.9999999990949429]",2.9999999999999307,6.180478892056031e-09,120,4840,"[34.773493506437724, 22.929579609579363, 22.929579609579363, 22.929579609579363, 22.929579609579363, 22.929579609579363, 22.929579609579363, 12.396170825686257, 12.396170825686257, 12.396170825686257, 10.170350385637493, 10.170350385637493, 8.269964578629212, 3.4884300644863964, 3.4884300644863964, 3.4884300644863964, 3.4884300644863964, 3.4884300644863964, 3.4281731428301323, 3.396475552872193, 3.396475552872193, 3.0880754496789424, 3.0880754496789424, 3.0880754496789424, 3.0880754496789424, 3.0880754496789424, 3.040737214692429, 3.005090125353186, 3.005090125353186, 3.005090125353186, 3.0034102917596135, 3.0012274897836235, 3.0012274897836235, 3.00044819575806, 3.00044819575806, 3.00044819575806, 3.00044819575806, 3.00044819575806, 3.0002622366189238, 3.00023496218074, 3.00023496218074, 3.00023496218074, 3.0000205778140825, 3.0000205778140825, 3.0000205778140825, 3.0000205778140825, 3.0000205778140825, 3.0000205778140825, 3.0000205778140825, 3.0000005207118217, 3.0000005207118217, 3.0000005207118217, 3.0000005207118217, 3.0000005207118217, 3.0000004759418695, 3.0000004759418695, 3.000000467531949, 3.0000000587604627, 3.0000000587604627, 3.0000000587604627, 3.0000000587604627, 3.0000000587604627, 3.0000000587604627, 3.0000000587604627, 3.0000000494766472, 3.000000014712664, 3.000000014712664, 3.000000014712664, 3.00000001317231, 3.0000000066419212, 3.0000000066419212, 3.0000000066419212, 3.0000000020141626, 3.0000000020141626, 3.0000000015620003, 3.000000000905547, 3.000000000905547, 3.000000000905547, 3.000000000905547, 3.0000000006964003, 3.0000000006964003, 3.0000000003472342, 3.0000000003472342, 3.0000000003472342, 3.000000000009305, 3.0000000000007923, 3.0000000000007923, 3.0000000000007923, 3.0000000000003215, 3.0000000000003215, 3.0000000000003215, 3.0000000000003215, 3.0000000000003215, 3.0000000000003215, 3.0000000000003215, 3.0000000000003215, 3.0000000000003215, 3.0000000000003215, 3.000000000000245, 3.0000000000001923, 3.0000000000001923, 3.000000000000167, 3.0000000000000324, 3.0000000000000324, 3.0000000000000324, 3.0000000000000324, 3.0000000000000324, 3.0000000000000084, 2.9999999999999627, 2.9999999999999627, 2.9999999999999627, 2.9999999999999627, 2.9999999999999627, 2.9999999999999627, 2.9999999999999627, 2.9999999999999627, 2.9999999999999534, 2.9999999999999534, 2.9999999999999534, 2.9999999999999445, 2.9999999999999307]","{""crossover_rate"": 0.7, ""max_iterations"": 120, ""mutation_factor"": 0.8, ""population_size"": 40}"
goldstein_price,Goldstein-Price,70,2165,de,Evolucion diferencial,2,"[-2.0, 2.0]","[0.0, -1.0]","[-3.2160030328036155e-09, -1.0000000032900813]",2.9999999999999405,4.600794560651725e-09,120,4840,"[24.410650702687445, 24.410650702687445, 24.410650702687445, 24.410650702687445, 11.172930533693952, 5.379926603991333, 4.695381705474609, 4.695381705474609, 4.695381705474609, 3.930426966214764, 3.930426966214764, 3.8580357692431786, 3.8580357692431786, 3.8580357692431786, 3.8580357692431786, 3.8580357692431786, 3.8580357692431786, 3.8580357692431786, 3.502374956845679, 3.502374956845679, 3.3183213432362697, 3.0321359200362803, 3.0321359200362803, 3.0321359200362803, 3.006213716227082, 3.006213716227082, 3.006213716227082, 3.006213716227082, 3.006213716227082, 3.006213716227082, 3.006213716227082, 3.0023904775113497, 3.0023904775113497, 3.0023904775113497, 3.0023904775113497, 3.000169555286723, 3.000109984903954, 3.000109984903954, 3.0000216785218283, 3.0000216785218283, 3.0000216785218283, 3.0000216785218283, 3.0000216785218283, 3.0000216785218283, 3.0000216785218283, 3.0000216785218283, 3.0000216785218283, 3.0000216785218283, 3.0000113021129966, 3.0000108774783594, 3.0000108774783594, 3.0000108774783594, 3.0000007303549507, 3.000000319023745, 3.000000319023745, 3.000000319023745, 3.0000002281259888, 3.0000002108756094, 3.0000002108756094, 3.0000002108756094, 3.0000002108756094, 3.0000001103180836, 3.0000001103180836, 3.0000001103180836, 3.0000001103180836, 3.000000037880144, 3.000000037880144, 3.0000000102435527, 3.000000001793439, 3.000000001793439, 3.000000001793439, 3.000000001655633, 3.000000001655633, 3.000000000652686, 3.000000000652686, 3.000000000652686, 3.0000000005397105, 3.0000000005397105, 3.00000000043503, 3.000000000340232, 3.0000000002583156, 3.000000000012063, 3.000000000012063, 3.000000000012063, 3.0000000000010956, 3.0000000000010956, 3.0000000000010956, 3.0000000000010956, 3.0000000000010956, 3.0000000000010956, 3.0000000000010956, 3.0000000000010956, 3.0000000000010956, 3.000000000000804, 3.000000000000804, 3.000000000000804, 3.0000000000001825, 3.000000000000155, 3.0000000000000298, 3.0000000000000298, 3.000000000000025, 3.000000000000025, 3.000000000000025, 3.0000000000000204, 3.0000000000000204, 3.0000000000000204, 3.000000000000003, 2.999999999999988, 2.9999999999999756, 2.9999999999999547, 2.9999999999999547, 2.9999999999999494, 2.9999999999999494, 2.9999999999999494, 2.999999999999949, 2.9999999999999405, 2.9999999999999405, 2.9999999999999405, 2.9999999999999405, 2.9999999999999405, 2.9999999999999405]","{""crossover_rate"": 0.7, ""max_iterations"": 120, ""mutation_factor"": 0.8, ""population_size"": 40}"
goldstein_price,Goldstein-Price,71,2166,de,Evolucion diferencial,2,"[-2.0, 2.0]","[0.0, -1.0]","[-1.750105824062118e-09, -1.0000000005688714]",2.9999999999999543,1.8402404893988092e-09,120,4840,"[18.147719820549558, 4.231843710667178, 4.231843710667178, 4.231843710667178, 4.231843710667178, 4.231843710667178, 4.231843710667178, 4.231843710667178, 4.231843710667178, 3.3916426596966334, 3.3916426596966334, 3.3916426596966334, 3.162700229087121, 3.162700229087121, 3.162700229087121, 3.162700229087121, 3.162700229087121, 3.162700229087121, 3.162700229087121, 3.162700229087121, 3.162700229087121, 3.162700229087121, 3.162700229087121, 3.162700229087121, 3.074344152365973, 3.074344152365973, 3.074344152365973, 3.074344152365973, 3.040562639452886, 3.0160589369847535, 3.0074186433425285, 3.0074186433425285, 3.0074186433425285, 3.002503871122047, 3.002503871122047, 3.0015928178884073, 3.0009374462426543, 3.0009374462426543, 3.0009374462426543, 3.0001043478968112, 3.0001043478968112, 3.0001043478968112, 3.000091625480427, 3.000091625480427, 3.000091625480427, 3.000087168778622, 3.000087168778622, 3.000063869137477, 3.000063869137477, 3.0000379837302393, 3.000011499525983, 3.000011499525983, 3.000011499525983, 3.000002063652689, 3.000000952113752, 3.000000952113752, 3.000000952113752, 3.000000662996161, 3.000000662996161, 3.000000404175577, 3.000000404175577, 3.000000045974769, 3.0000000190579175, 3.0000000190579175, 3.0000000190579175, 3.0000000190579175, 3.000000008201998, 3.000000008201998, 3.000000008201998, 3.000000008201998, 3.000000008201998, 3.000000008201998, 3.0000000079126634, 3.0000000058448912, 3.000000001777302, 3.000000001777302, 3.0000000013799437, 3.0000000013799437, 3.00000000113933, 3.0000000007793797, 3.0000000007793797, 3.000000000209689, 3.000000000209689, 3.000000000075994, 3.000000000032507, 3.000000000032507, 3.000000000032507, 3.000000000032507, 3.0000000000162546, 3.0000000000162546, 3.0000000000162546, 3.0000000000162546, 3.0000000000021028, 3.000000000000013, 3.000000000000013, 3.000000000000013, 3.000000000000013, 3.000000000000013, 3.000000000000013, 3.000000000000013, 3.000000000000013, 3.000000000000013, 3.000000000000013, 3.000000000000013, 3.000000000000013, 2.999999999999975, 2.999999999999975, 2.999999999999975, 2.999999999999975, 2.999999999999975, 2.9999999999999645, 2.9999999999999645, 2.9999999999999645, 2.9999999999999645, 2.9999999999999645, 2.9999999999999645, 2.9999999999999645, 2.9999999999999543, 2.9999999999999543, 2.9999999999999543, 2.9999999999999543]","{""crossover_rate"": 0.7, ""max_iterations"": 120, ""mutation_factor"": 0.8, ""population_size"": 40}"
goldstein_price,Goldstein-Price,72,2167,de,Evolucion diferencial,2,"[-2.0, 2.0]","[0.0, -1.0]","[1.349868504117925e-09, -1.000000002615771]",2.9999999999999254,2.943535723127888e-09,120,4840,"[65.55470189038556, 31.732141163849942, 31.732141163849942, 31.732141163849942, 8.454547299429398, 8.454547299429398, 8.454547299429398, 8.454547299429398, 3.6210869483250834, 3.6210869483250834, 3.6210869483250834, 3.6210869483250834, 3.6210869483250834, 3.6210869483250834, 3.6210869483250834, 3.1075750053113835, 3.1075750053113835, 3.1075750053113835, 3.1075750053113835, 3.1075750053113835, 3.1075750053113835, 3.014609792090175, 3.014609792090175, 3.014609792090175, 3.014609792090175, 3.014609792090175, 3.014609792090175, 3.0126877456797354, 3.0126877456797354, 3.0126877456797354, 3.0126877456797354, 3.0126877456797354, 3.0004634191184625, 3.0004634191184625, 3.0004634191184625, 3.0004634191184625, 3.0004634191184625, 3.000418695323787, 3.000004132994101, 3.000004132994101, 3.000004132994101, 3.000004132994101, 3.000004132994101, 3.000004132994101, 3.000004132994101, 3.000004132994101, 3.000004132994101, 3.000004132994101, 3.000004132994101, 3.000004132994101, 3.000004132994101, 3.000004132994101, 3.000004132994101, 3.000004132994101, 3.00000260693429, 3.00000260693429, 3.00000260693429, 3.0000004652490193, 3.000000296861038, 3.000000296861038, 3.0000002919417734, 3.0000002919417734, 3.0000002919417734, 3.0000002919417734, 3.0000002919417734, 3.0000002919417734, 3.0000000124639614, 3.0000000124639614, 3.0000000122051302, 3.0000000122051302, 3.0000000122051302, 3.0000000118991883, 3.000000008380543, 3.000000008380543, 3.000000008380543, 3.0000000077365705, 3.0000000034066066, 3.0000000034066066, 3.0000000034066066, 3.000000000087333, 3.000000000087333, 3.000000000087333, 3.000000000087333, 3.000000000087333, 3.000000000087333, 3.0000000000488205, 3.0000000000488205, 3.0000000000488205, 3.0000000000488205, 3.000000000021984, 3.0000000000202856, 3.0000000000202856, 3.000000000001344, 3.000000000001344, 3.000000000001344, 3.0000000000010036, 3.0000000000010036, 3.0000000000010036, 3.0000000000010036, 3.000000000000137, 3.000000000000137, 3.000000000000137, 3.000000000000096, 3.000000000000096, 3.000000000000005, 2.9999999999999605, 2.9999999999999605, 2.9999999999999605, 2.9999999999999605, 2.9999999999999605, 2.9999999999999605, 2.9999999999999605, 2.9999999999999605, 2.9999999999999605, 2.9999999999999605, 2.9999999999999605, 2.999999999999945, 2.9999999999999445, 2.9999999999999445, 2.9999999999999445, 2.9999999999999254]","{""crossover_rate"": 0.7, ""max_iterations"": 120, ""mutation_factor"": 0.8, ""population_size"": 40}"
goldstein_price,Goldstein-Price,73,2168,de,Evolucion diferencial,2,"[-2.0, 2.0]","[0.0, -1.0]","[-7.323919930867488e-09, -1.0000000029072391]",2.9999999999999543,7.87983771609613e-09,120,4840,"[3.914842868755716, 3.914842868755716, 3.914842868755716, 3.914842868755716, 3.914842868755716, 3.914842868755716, 3.914842868755716, 3.914842868755716, 3.914842868755716, 3.914842868755716, 3.914842868755716, 3.914842868755716, 3.914842868755716, 3.914842868755716, 3.8726480882819145, 3.298997154828418, 3.298997154828418, 3.298997154828418, 3.298997154828418, 3.1037043422546606, 3.1037043422546606, 3.1037043422546606, 3.1037043422546606, 3.0473464582038017, 3.013639639037265, 3.013639639037265, 3.013639639037265, 3.013639639037265, 3.013639639037265, 3.013639639037265, 3.013639639037265, 3.013639639037265, 3.0033977330319206, 3.0033977330319206, 3.0033977330319206, 3.0033977330319206, 3.0033977330319206, 3.0033977330319206, 3.0003220116249456, 3.0003220116249456, 3.0003220116249456, 3.0003220116249456, 3.0003220116249456, 3.0003220116249456, 3.0003220116249456, 3.0003220116249456, 3.000237982666506, 3.000231049943334, 3.0002097138465977, 3.000137755240405, 3.000137755240405, 3.0000337997893407, 3.0000337997893407, 3.0000337997893407, 3.0000267010464845, 3.00002221723852, 3.0000202211965044, 3.000014580411877, 3.0000010782726854, 3.0000010782726854, 3.0000010782726854, 3.0000010782726854, 3.0000010782726854, 3.0000009817360254, 3.0000002371943544, 3.0000002371943544, 3.0000002371943544, 3.000000153825999, 3.000000012248142, 3.000000012248142, 3.000000012248142, 3.000000012248142, 3.000000012248142, 3.0000000014900396, 3.0000000014900396, 3.0000000014900396, 3.0000000014900396, 3.0000000014900396, 3.0000000008378844, 3.0000000008378844, 3.0000000008378844, 3.0000000008378844, 3.0000000008378844, 3.0000000004363594, 3.0000000004363594, 3.00000000012483, 3.00000000012483, 3.00000000011142, 3.00000000011142, 3.000000000009658, 3.000000000009658, 3.000000000009658, 3.000000000009658, 3.0000000000036904, 3.0000000000036904, 3.0000000000036904, 3.0000000000036904, 3.0000000000036904, 3.0000000000033924, 3.0000000000023346, 3.0000000000014055, 3.0000000000014055, 3.000000000000629, 3.0000000000004707, 3.000000000000417, 3.0000000000002274, 3.0000000000002274, 3.0000000000002274, 3.0000000000001386, 3.0000000000000435, 3.0000000000000435, 3.0000000000000435, 3.0000000000000435, 3.0000000000000404, 2.9999999999999916, 2.9999999999999614, 2.9999999999999614, 2.9999999999999614, 2.9999999999999614, 2.9999999999999543, 2.9999999999999543]","{""crossover_rate"": 0.7, ""max_iterations"": 120, ""mutation_factor"": 0.8, ""population_size"": 40}"
goldstein_price,Goldstein-Price,74,2169,de,Evolucion diferencial,2,"[-2.0, 2.0]","[0.0, -1.0]","[-8.588489517936461e-09, -1.00000000811054]",2.999999999999934,1.1812832495767513e-08,120,4840,"[7.764283553211247, 7.764283553211247, 7.764283553211247, 7.764283553211247, 7.764283553211247, 7.764283553211247, 7.764283553211247, 7.764283553211247, 7.764283553211247, 6.268853233319277, 6.268853233319277, 6.268853233319277, 6.268853233319277, 6.268853233319277, 3.387075149543236, 3.387075149543236, 3.387075149543236, 3.387075149543236, 3.0052645693579527, 3.0052645693579527, 3.0052645693579527, 3.0052645693579527, 3.0052645693579527, 3.0052645693579527, 3.0052645693579527, 3.0047809895182205, 3.0047809895182205, 3.0047809895182205, 3.0032012656266787, 3.0032012656266787, 3.0032012656266787, 3.0032012656266787, 3.000975178146144, 3.000611067029705, 3.000611067029705, 3.000611067029705, 3.000015764718898, 3.000015764718898, 3.0000081621462025, 3.0000081621462025, 3.0000081621462025, 3.0000081621462025, 3.0000081621462025, 3.0000081621462025, 3.0000081621462025, 3.0000081621462025, 3.0000081621462025, 3.0000081621462025, 3.0000081621462025, 3.0000081621462025, 3.0000008606079143, 3.0000008606079143, 3.0000008606079143, 3.0000008606079143, 3.0000008606079143, 3.0000008606079143, 3.0000008606079143, 3.000000730473636, 3.0000000623032994, 3.0000000623032994, 3.0000000623032994, 3.0000000623032994, 3.0000000623032994, 3.0000000623032994, 3.0000000580453556, 3.0000000044710458, 3.0000000044710458, 3.0000000044710458, 3.000000002149915, 3.000000002149915, 3.0000000003232596, 3.0000000003232596, 3.0000000003232596, 3.0000000003232596, 3.0000000003232596, 3.0000000002135074, 3.0000000002135074, 3.0000000002135074, 3.0000000000149614, 3.0000000000149614, 3.0000000000149614, 3.0000000000149614, 3.0000000000149614, 3.000000000008054, 3.000000000008054, 3.000000000008054, 3.000000000008054, 3.0000000000064757, 3.0000000000064757, 3.0000000000038294, 3.0000000000015676, 3.0000000000015676, 3.0000000000015676, 3.0000000000015676, 3.0000000000013305, 3.0000000000013305, 3.0000000000011133, 3.0000000000009455, 3.000000000000041, 3.000000000000041, 3.000000000000041, 3.000000000000041, 3.000000000000041, 3.000000000000007, 3.000000000000007, 2.9999999999999987, 2.9999999999999987, 2.9999999999999987, 2.9999999999999987, 2.9999999999999836, 2.9999999999999836, 2.9999999999999836, 2.999999999999934, 2.999999999999934, 2.999999999999934, 2.999999999999934, 2.999999999999934, 2.999999999999934, 2.999999999999934, 2.999999999999934, 2.999999999999934]","{""crossover_rate"": 0.7, ""max_iterations"": 120, ""mutation_factor"": 0.8, ""population_size"": 40}"
goldstein_price,Goldstein-Price,75,2170,de,Evolucion diferencial,2,"[-2.0, 2.0]","[0.0, -1.0]","[-6.106868502314791e-09, -1.000000008641049]",2.9999999999999343,1.0581189465659813e-08,120,4840,"[13.013910538139552, 13.013910538139552, 5.967591101552024, 5.967591101552024, 5.967591101552024, 5.967591101552024, 5.967591101552024, 5.967591101552024, 5.967591101552024, 5.967591101552024, 5.967591101552024, 5.967591101552024, 5.967591101552024, 3.5465625279343933, 3.5465625279343933, 3.5465625279343933, 3.4039811157590134, 3.4039811157590134, 3.4039811157590134, 3.4039811157590134, 3.0113149721909815, 3.0113149721909815, 3.0113149721909815, 3.0113149721909815, 3.006362087472806, 3.006362087472806, 3.006362087472806, 3.006362087472806, 3.006362087472806, 3.0007707423803045, 3.0007707423803045, 3.0007707423803045, 3.000136576844156, 3.000136576844156, 3.000136576844156, 3.000136576844156, 3.000136576844156, 3.000136576844156, 3.000136576844156, 3.000136576844156, 3.0000557521549203, 3.0000380599515037, 3.0000380599515037, 3.0000380599515037, 3.0000062324005423, 3.0000062324005423, 3.0000062324005423, 3.0000062324005423, 3.0000062324005423, 3.0000062324005423, 3.0000062324005423, 3.0000062324005423, 3.0000036079258714, 3.0000036079258714, 3.0000036079258714, 3.0000026849122614, 3.0000026849122614, 3.0000014586270822, 3.0000009578969564, 3.000000546829196, 3.0000001783108363, 3.0000001783108363, 3.0000001783108363, 3.0000001783108363, 3.0000001783108363, 3.0000000532745834, 3.0000000532745834, 3.0000000532745834, 3.0000000532745834, 3.0000000338048816, 3.000000006768094, 3.000000006768094, 3.000000002737174, 3.000000002737174, 3.0000000013814927, 3.0000000013814927, 3.000000000254394, 3.000000000254394, 3.000000000254394, 3.000000000254394, 3.0000000001904215, 3.0000000001904215, 3.0000000001904215, 3.0000000000313003, 3.000000000027587, 3.000000000027587, 3.000000000027587, 3.00000000002753, 3.00000000002753, 3.0000000000151825, 3.0000000000118776, 3.0000000000118776, 3.0000000000034257, 3.0000000000034257, 3.0000000000020632, 3.000000000001308, 3.000000000001308, 3.000000000001308, 3.000000000000439, 3.0000000000001497, 3.0000000000001497, 3.0000000000001097, 3.0000000000001097, 3.0000000000001097, 3.0000000000001097, 3.0000000000001097, 3.0000000000001097, 3.0000000000001097, 3.0000000000000826, 2.9999999999999876, 2.9999999999999765, 2.9999999999999765, 2.9999999999999765, 2.9999999999999765, 2.9999999999999556, 2.999999999999955, 2.999999999999955, 2.999999999999955, 2.999999999999955, 2.9999999999999343, 2.9999999999999343]","{""crossover_rate"": 0.7, ""max_iterations"": 120, ""mutation_factor"": 0.8, ""population_size"": 40}"
goldstein_price,Goldstein-Price,76,2171,de,Evolucion diferencial,2,"[-2.0, 2.0]","[0.0, -1.0]","[4.550155318824746e-09, -1.0000000056352116]",2.999999999999943,7.2428946939582946e-09,120,4840,"[30.699794219185744, 30.699794219185744, 30.699794219185744, 30.699794219185744, 30.699794219185744, 30.699794219185744, 30.699794219185744, 30.699794219185744, 30.699794219185744, 30.699794219185744, 3.7434516945779746, 3.7434516945779746, 3.7434516945779746, 3.7434516945779746, 3.7434516945779746, 3.0226281993055224, 3.0226281993055224, 3.0226281993055224, 3.0226281993055224, 3.0226281993055224, 3.0226281993055224, 3.0226281993055224, 3.0226281993055224, 3.0226281993055224, 3.0226281993055224, 3.0226281993055224, 3.0226281993055224, 3.0226281993055224, 3.0226281993055224, 3.0226281993055224, 3.018996909898686, 3.001400726475756, 3.001400726475756, 3.001400726475756, 3.000952492486891, 3.000952492486891, 3.000952492486891, 3.000734665728351, 3.000734665728351, 3.000734665728351, 3.0002238225224915, 3.000167016723215, 3.000167016723215, 3.000167016723215, 3.000167016723215, 3.00000398924741, 3.00000398924741, 3.00000398924741, 3.00000398924741, 3.00000398924741, 3.00000398924741, 3.00000398924741, 3.00000398924741, 3.00000398924741, 3.00000398924741, 3.000002451677648, 3.0000017065727587, 3.0000017065727587, 3.0000017065727587, 3.0000017065727587, 3.000000501641222, 3.000000501641222, 3.000000501641222, 3.000000201801521, 3.000000201801521, 3.000000085335103, 3.000000085335103, 3.000000085335103, 3.000000085335103, 3.0000000170312133, 3.0000000170312133, 3.0000000170312133, 3.0000000091704764, 3.0000000091704764, 3.0000000004659437, 3.0000000004659437, 3.0000000004659437, 3.0000000001789773, 3.0000000001789773, 3.0000000001789773, 3.0000000001789773, 3.0000000001789773, 3.000000000162245, 3.0000000000378235, 3.0000000000378235, 3.0000000000378235, 3.0000000000378235, 3.000000000016565, 3.000000000016565, 3.0000000000002887, 3.0000000000002887, 3.0000000000002887, 3.0000000000002887, 3.0000000000002887, 3.0000000000002887, 3.0000000000002887, 3.0000000000002887, 3.0000000000002887, 3.0000000000002887, 3.0000000000002887, 3.0000000000000577, 3.0000000000000577, 3.0000000000000577, 2.9999999999999933, 2.9999999999999933, 2.9999999999999933, 2.999999999999983, 2.999999999999983, 2.999999999999983, 2.999999999999983, 2.999999999999983, 2.999999999999983, 2.999999999999983, 2.9999999999999645, 2.9999999999999645, 2.9999999999999623, 2.9999999999999623, 2.9999999999999623, 2.9999999999999623, 2.999999999999943, 2.999999999999943]","{""crossover_rate"": 0.7, ""max_iterations"": 120, ""mutation_factor"": 0.8, ""population_size"": 40}"
goldstein_price,Goldstein-Price,77,2172,de,Evolucion diferencial,2,"[-2.0, 2.0]","[0.0, -1.0]","[6.014146478877743e-09, -0.9999999973517559]",2.99999999999993,6.571389085699134e-09,120,4840,"[45.20921725563179, 45.20921725563179, 26.709575046298948, 19.59843765315567, 19.59843765315567, 13.917211047116984, 13.917211047116984, 13.917211047116984, 13.871511544056103, 7.4773340629717575, 4.9922875131936175, 3.7445667109808207, 3.7445667109808207, 3.7445667109808207, 3.7445667109808207, 3.7445667109808207, 3.7445667109808207, 3.7445667109808207, 3.5831193567837385, 3.5831193567837385, 3.5831193567837385, 3.351750116647577, 3.0961213673845833, 3.0961213673845833, 3.0715814558389187, 3.0715814558389187, 3.0715814558389187, 3.069297160092463, 3.0566220613282304, 3.0566220613282304, 3.0071969921335384, 3.0003286507419133, 3.0003286507419133, 3.0003286507419133, 3.0003286507419133, 3.0003286507419133, 3.0003286507419133, 3.0003286507419133, 3.0003286507419133, 3.0003165017361977, 3.0001457904410094, 3.0001457904410094, 3.0001457904410094, 3.0001457904410094, 3.0001457904410094, 3.000034157621764, 3.000034157621764, 3.000034157621764, 3.000034157621764, 3.000034157621764, 3.0000331567378695, 3.000005718212783, 3.000005718212783, 3.000005718212783, 3.0000041008870797, 3.00000223661502, 3.000000061184357, 3.000000061184357, 3.000000061184357, 3.000000061184357, 3.000000061184357, 3.000000061184357, 3.000000061184357, 3.0000000172924857, 3.0000000172924857, 3.0000000058269443, 3.0000000058269443, 3.0000000058269443, 3.000000003429976, 3.000000003429976, 3.0000000007856222, 3.0000000007856222, 3.0000000007856222, 3.0000000007856222, 3.0000000007856222, 3.0000000007856222, 3.0000000007856222, 3.0000000007856222, 3.0000000007856222, 3.0000000007856222, 3.0000000001779874, 3.0000000001186167, 3.0000000001186167, 3.0000000001186167, 3.0000000000290625, 3.0000000000290625, 3.0000000000290625, 3.000000000000995, 3.000000000000995, 3.000000000000995, 3.000000000000995, 3.000000000000995, 3.000000000000995, 3.0000000000002816, 3.0000000000002816, 3.0000000000002816, 3.0000000000002816, 3.0000000000002816, 3.0000000000002003, 3.000000000000026, 2.999999999999997, 2.999999999999997, 2.999999999999997, 2.999999999999997, 2.999999999999997, 2.999999999999943, 2.999999999999943, 2.99999999999993, 2.99999999999993, 2.99999999999993, 2.99999999999993, 2.99999999999993, 2.99999999999993, 2.99999999999993, 2.99999999999993, 2.99999999999993, 2.99999999999993, 2.99999999999993, 2.99999999999993, 2.99999999999993, 2.99999999999993]","{""crossover_rate"": 0.7, ""max_iterations"": 120, ""mutation_factor"": 0.8, ""population_size"": 40}"
goldstein_price,Goldstein-Price,78,2173,de,Evolucion diferencial,2,"[-2.0, 2.0]","[0.0, -1.0]","[6.113852378645022e-09, -0.9999999990949429]",2.9999999999999307,6.180478892056031e-09,120,4840,"[34.773493506437724, 22.929579609579363, 22.929579609579363, 22.929579609579363, 22.929579609579363, 22.929579609579363, 22.929579609579363, 12.396170825686257, 12.396170825686257, 12.396170825686257, 10.170350385637493, 10.170350385637493, 8.269964578629212, 3.4884300644863964, 3.4884300644863964, 3.4884300644863964, 3.4884300644863964, 3.4884300644863964, 3.4281731428301323, 3.396475552872193, 3.396475552872193, 3.0880754496789424, 3.0880754496789424, 3.0880754496789424, 3.0880754496789424, 3.0880754496789424, 3.040737214692429, 3.005090125353186, 3.005090125353186, 3.005090125353186, 3.0034102917596135, 3.0012274897836235, 3.0012274897836235, 3.00044819575806, 3.00044819575806, 3.00044819575806, 3.00044819575806, 3.00044819575806, 3.0002622366189238, 3.00023496218074, 3.00023496218074, 3.00023496218074, 3.0000205778140825, 3.0000205778140825, 3.0000205778140825, 3.0000205778140825, 3.0000205778140825, 3.0000205778140825, 3.0000205778140825, 3.0000005207118217, 3.0000005207118217, 3.0000005207118217, 3.0000005207118217, 3.0000005207118217, 3.0000004759418695, 3.0000004759418695, 3.000000467531949, 3.0000000587604627, 3.0000000587604627, 3.0000000587604627, 3.0000000587604627, 3.0000000587604627, 3.0000000587604627, 3.0000000587604627, 3.0000000494766472, 3.000000014712664, 3.000000014712664, 3.000000014712664, 3.00000001317231, 3.0000000066419212, 3.0000000066419212, 3.0000000066419212, 3.0000000020141626, 3.0000000020141626, 3.0000000015620003, 3.000000000905547, 3.000000000905547, 3.000000000905547, 3.000000000905547, 3.0000000006964003, 3.0000000006964003, 3.0000000003472342, 3.0000000003472342, 3.0000000003472342, 3.000000000009305, 3.0000000000007923, 3.0000000000007923, 3.0000000000007923, 3.0000000000003215, 3.0000000000003215, 3.0000000000003215, 3.0000000000003215, 3.0000000000003215, 3.0000000000003215, 3.0000000000003215, 3.0000000000003215, 3.0000000000003215, 3.0000000000003215, 3.000000000000245, 3.0000000000001923, 3.0000000000001923, 3.000000000000167, 3.0000000000000324, 3.0000000000000324, 3.0000000000000324, 3.0000000000000324, 3.0000000000000324, 3.0000000000000084, 2.9999999999999627, 2.9999999999999627, 2.9999999999999627, 2.9999999999999627, 2.9999999999999627, 2.9999999999999627, 2.9999999999999627, 2.9999999999999627, 2.9999999999999534, 2.9999999999999534, 2.9999999999999534, 2.9999999999999445, 2.9999999999999307]","{""crossover_rate"": 0.7, ""max_iterations"": 120, ""mutation_factor"": 0.8, ""population_size"": 40}"
goldstein_price,Goldstein-Price,79,2174,de,Evolucion diferencial,2,"[-2.0, 2.0]","[0.0, -1.0]","[7.61011852434688e-09, -0.9999999982012684]",2.9999999999999347,7.819804303983735e-09,120,4840,"[68.2993255869096, 68.2993255869096, 29.13975584224827, 29.13975584224827, 9.048145444838529, 9.048145444838529, 7.466840716979267, 7.466840716979267, 7.466840716979267, 7.466840716979267, 6.219642407820707, 3.4001228944298494, 3.4001228944298494, 3.4001228944298494, 3.175552034887381, 3.175552034887381, 3.175552034887381, 3.175552034887381, 3.0611961852773937, 3.0611961852773937, 3.0073700071720304, 3.0073700071720304, 3.0073700071720304, 3.0073700071720304, 3.0073700071720304, 3.0073700071720304, 3.0073700071720304, 3.0073700071720304, 3.002632716411498, 3.002632716411498, 3.002632716411498, 3.002632716411498, 3.002632716411498, 3.002632716411498, 3.002632716411498, 3.001384907094774, 3.001089620795616, 3.000428443804859, 3.000127176269355, 3.000127176269355, 3.0000129114208045, 3.0000129114208045, 3.0000129114208045, 3.0000129114208045, 3.0000129114208045, 3.0000050558133506, 3.0000050558133506, 3.0000050558133506, 3.0000050558133506, 3.0000050558133506, 3.0000050558133506, 3.00000328087101, 3.000002075867948, 3.000002075867948, 3.000002075867948, 3.0000010189117092, 3.0000008201078243, 3.0000008201078243, 3.0000008201078243, 3.000000321815178, 3.000000150667597, 3.000000073974334, 3.000000073974334, 3.000000073974334, 3.0000000451226216, 3.0000000315687765, 3.0000000076814723, 3.0000000031515217, 3.0000000026152893, 3.0000000026152893, 3.0000000026152893, 3.0000000026152893, 3.000000000170974, 3.000000000170974, 3.000000000170974, 3.000000000170974, 3.000000000170974, 3.000000000170974, 3.000000000013307, 3.000000000013307, 3.000000000013307, 3.000000000013307, 3.000000000013307, 3.000000000013307, 3.000000000013307, 3.000000000010575, 3.000000000010575, 3.000000000010575, 3.000000000010575, 3.000000000005033, 3.000000000005033, 3.000000000005033, 3.0000000000041482, 3.000000000000264, 3.000000000000264, 3.000000000000264, 2.9999999999999862, 2.9999999999999862, 2.9999999999999862, 2.9999999999999862, 2.9999999999999862, 2.9999999999999862, 2.9999999999999862, 2.9999999999999862, 2.9999999999999862, 2.9999999999999862, 2.999999999999952, 2.999999999999952, 2.999999999999952, 2.999999999999952, 2.999999999999935, 2.999999999999935, 2.999999999999935, 2.999999999999935, 2.999999999999935, 2.999999999999935, 2.999999999999935, 2.999999999999935, 2.9999999999999347, 2.9999999999999347, 2.9999999999999347]","{""crossover_rate"": 0.7, ""max_iterations"": 120, ""mutation_factor"": 0.8, ""population_size"": 40}"
goldstein_price,Goldstein-Price,80,2166,de,Evolucion diferencial,2,"[-2.0, 2.0]","[0.0, -1.0]","[-1.750105824062118e-09, -1.0000000005688714]",2.9999999999999543,1.8402404893988092e-09,120,4840,"[18.147719820549558, 4.231843710667178, 4.231843710667178, 4.231843710667178, 4.231843710667178, 4.231843710667178, 4.231843710667178, 4.231843710667178, 4.231843710667178, 3.3916426596966334, 3.3916426596966334, 3.3916426596966334, 3.162700229087121, 3.162700229087121, 3.162700229087121, 3.162700229087121, 3.162700229087121, 3.162700229087121, 3.162700229087121, 3.162700229087121, 3.162700229087121, 3.162700229087121, 3.162700229087121, 3.162700229087121, 3.074344152365973, 3.074344152365973, 3.074344152365973, 3.074344152365973, 3.040562639452886, 3.0160589369847535, 3.0074186433425285, 3.0074186433425285, 3.0074186433425285, 3.002503871122047, 3.002503871122047, 3.0015928178884073, 3.0009374462426543, 3.0009374462426543, 3.0009374462426543, 3.0001043478968112, 3.0001043478968112, 3.0001043478968112, 3.000091625480427, 3.000091625480427, 3.000091625480427, 3.000087168778622, 3.000087168778622, 3.000063869137477, 3.000063869137477, 3.0000379837302393, 3.000011499525983, 3.000011499525983, 3.000011499525983, 3.000002063652689, 3.000000952113752, 3.000000952113752, 3.000000952113752, 3.000000662996161, 3.000000662996161, 3.000000404175577, 3.000000404175577, 3.000000045974769, 3.0000000190579175, 3.0000000190579175, 3.0000000190579175, 3.0000000190579175, 3.000000008201998, 3.000000008201998, 3.000000008201998, 3.000000008201998, 3.000000008201998, 3.000000008201998, 3.0000000079126634, 3.0000000058448912, 3.000000001777302, 3.000000001777302, 3.0000000013799437, 3.0000000013799437, 3.00000000113933, 3.0000000007793797, 3.0000000007793797, 3.000000000209689, 3.000000000209689, 3.000000000075994, 3.000000000032507, 3.000000000032507, 3.000000000032507, 3.000000000032507, 3.0000000000162546, 3.0000000000162546, 3.0000000000162546, 3.0000000000162546, 3.0000000000021028, 3.000000000000013, 3.000000000000013, 3.000000000000013, 3.000000000000013, 3.000000000000013, 3.000000000000013, 3.000000000000013, 3.000000000000013, 3.000000000000013, 3.000000000000013, 3.000000000000013, 3.000000000000013, 2.999999999999975, 2.999999999999975, 2.999999999999975, 2.999999999999975, 2.999999999999975, 2.9999999999999645, 2.9999999999999645, 2.9999999999999645, 2.9999999999999645, 2.9999999999999645, 2.9999999999999645, 2.9999999999999645, 2.9999999999999543, 2.9999999999999543, 2.9999999999999543, 2.9999999999999543]","{""crossover_rate"": 0.7, ""max_iterations"": 120, ""mutation_factor"": 0.8, ""population_size"": 40}"
goldstein_price,Goldstein-Price,81,2167,de,Evolucion diferencial,2,"[-2.0, 2.0]","[0.0, -1.0]","[1.349868504117925e-09, -1.000000002615771]",2.9999999999999254,2.943535723127888e-09,120,4840,"[65.55470189038556, 31.732141163849942, 31.732141163849942, 31.732141163849942, 8.454547299429398, 8.454547299429398, 8.454547299429398, 8.454547299429398, 3.6210869483250834, 3.6210869483250834, 3.6210869483250834, 3.6210869483250834, 3.6210869483250834, 3.6210869483250834, 3.6210869483250834, 3.1075750053113835, 3.1075750053113835, 3.1075750053113835, 3.1075750053113835, 3.1075750053113835, 3.1075750053113835, 3.014609792090175, 3.014609792090175, 3.014609792090175, 3.014609792090175, 3.014609792090175, 3.014609792090175, 3.0126877456797354, 3.0126877456797354, 3.0126877456797354, 3.0126877456797354, 3.0126877456797354, 3.0004634191184625, 3.0004634191184625, 3.0004634191184625, 3.0004634191184625, 3.0004634191184625, 3.000418695323787, 3.000004132994101, 3.000004132994101, 3.000004132994101, 3.000004132994101, 3.000004132994101, 3.000004132994101, 3.000004132994101, 3.000004132994101, 3.000004132994101, 3.000004132994101, 3.000004132994101, 3.000004132994101, 3.000004132994101, 3.000004132994101, 3.000004132994101, 3.000004132994101, 3.00000260693429, 3.00000260693429, 3.00000260693429, 3.0000004652490193, 3.000000296861038, 3.000000296861038, 3.0000002919417734, 3.0000002919417734, 3.0000002919417734, 3.0000002919417734, 3.0000002919417734, 3.0000002919417734, 3.0000000124639614, 3.0000000124639614, 3.0000000122051302, 3.0000000122051302, 3.0000000122051302, 3.0000000118991883, 3.000000008380543, 3.000000008380543, 3.000000008380543, 3.0000000077365705, 3.0000000034066066, 3.0000000034066066, 3.0000000034066066, 3.000000000087333, 3.000000000087333, 3.000000000087333, 3.000000000087333, 3.000000000087333, 3.000000000087333, 3.0000000000488205, 3.0000000000488205, 3.0000000000488205, 3.0000000000488205, 3.000000000021984, 3.0000000000202856, 3.0000000000202856, 3.000000000001344, 3.000000000001344, 3.000000000001344, 3.0000000000010036, 3.0000000000010036, 3.0000000000010036, 3.0000000000010036, 3.000000000000137, 3.000000000000137, 3.000000000000137, 3.000000000000096, 3.000000000000096, 3.000000000000005, 2.9999999999999605, 2.9999999999999605, 2.9999999999999605, 2.9999999999999605, 2.9999999999999605, 2.9999999999999605, 2.9999999999999605, 2.9999999999999605, 2.9999999999999605, 2.9999999999999605, 2.9999999999999605, 2.999999999999945, 2.9999999999999445, 2.9999999999999445, 2.9999999999999445, 2.9999999999999254]","{""crossover_rate"": 0.7, ""max_iterations"": 120, ""mutation_factor"": 0.8, ""population_size"": 40}"
goldstein_price,Goldstein-Price,82,2168,de,Evolucion diferencial,2,"[-2.0, 2.0]","[0.0, -1.0]","[-7.323919930867488e-09, -1.0000000029072391]",2.9999999999999543,7.87983771609613e-09,120,4840,"[3.914842868755716, 3.914842868755716, 3.914842868755716, 3.914842868755716, 3.914842868755716, 3.914842868755716, 3.914842868755716, 3.914842868755716, 3.914842868755716, 3.914842868755716, 3.914842868755716, 3.914842868755716, 3.914842868755716, 3.914842868755716, 3.8726480882819145, 3.298997154828418, 3.298997154828418, 3.298997154828418, 3.298997154828418, 3.1037043422546606, 3.1037043422546606, 3.1037043422546606, 3.1037043422546606, 3.0473464582038017, 3.013639639037265, 3.013639639037265, 3.013639639037265, 3.013639639037265, 3.013639639037265, 3.013639639037265, 3.013639639037265, 3.013639639037265, 3.0033977330319206, 3.0033977330319206, 3.0033977330319206, 3.0033977330319206, 3.0033977330319206, 3.0033977330319206, 3.0003220116249456, 3.0003220116249456, 3.0003220116249456, 3.0003220116249456, 3.0003220116249456, 3.0003220116249456, 3.0003220116249456, 3.0003220116249456, 3.000237982666506, 3.000231049943334, 3.0002097138465977, 3.000137755240405, 3.000137755240405, 3.0000337997893407, 3.0000337997893407, 3.0000337997893407, 3.0000267010464845, 3.00002221723852, 3.0000202211965044, 3.000014580411877, 3.0000010782726854, 3.0000010782726854, 3.0000010782726854, 3.0000010782726854, 3.0000010782726854, 3.0000009817360254, 3.0000002371943544, 3.0000002371943544, 3.0000002371943544, 3.000000153825999, 3.000000012248142, 3.000000012248142, 3.000000012248142, 3.000000012248142, 3.000000012248142, 3.0000000014900396, 3.0000000014900396, 3.0000000014900396, 3.0000000014900396, 3.0000000014900396, 3.0000000008378844, 3.0000000008378844, 3.0000000008378844, 3.0000000008378844, 3.0000000008378844, 3.0000000004363594, 3.0000000004363594, 3.00000000012483, 3.00000000012483, 3.00000000011142, 3.00000000011142, 3.000000000009658, 3.000000000009658, 3.000000000009658, 3.000000000009658, 3.0000000000036904, 3.0000000000036904, 3.0000000000036904, 3.0000000000036904, 3.0000000000036904, 3.0000000000033924, 3.0000000000023346, 3.0000000000014055, 3.0000000000014055, 3.000000000000629, 3.0000000000004707, 3.000000000000417, 3.0000000000002274, 3.0000000000002274, 3.0000000000002274, 3.0000000000001386, 3.0000000000000435, 3.0000000000000435, 3.0000000000000435, 3.0000000000000435, 3.0000000000000404, 2.9999999999999916, 2.9999999999999614, 2.9999999999999614, 2.9999999999999614, 2.9999999999999614, 2.9999999999999543, 2.9999999999999543]","{""crossover_rate"": 0.7, ""max_iterations"": 120, ""mutation_factor"": 0.8, ""population_size"": 40}"
goldstein_price,Goldstein-Price,83,2169,de,Evolucion diferencial,2,"[-2.0, 2.0]","[0.0, -1.0]","[-8.588489517936461e-09, -1.00000000811054]",2.999999999999934,1.1812832495767513e-08,120,4840,"[7.764283553211247, 7.764283553211247, 7.764283553211247, 7.764283553211247, 7.764283553211247, 7.764283553211247, 7.764283553211247, 7.764283553211247, 7.764283553211247, 6.268853233319277, 6.268853233319277, 6.268853233319277, 6.268853233319277, 6.268853233319277, 3.387075149543236, 3.387075149543236, 3.387075149543236, 3.387075149543236, 3.0052645693579527, 3.0052645693579527, 3.0052645693579527, 3.0052645693579527, 3.0052645693579527, 3.0052645693579527, 3.0052645693579527, 3.0047809895182205, 3.0047809895182205, 3.0047809895182205, 3.0032012656266787, 3.0032012656266787, 3.0032012656266787, 3.0032012656266787, 3.000975178146144, 3.000611067029705, 3.000611067029705, 3.000611067029705, 3.000015764718898, 3.000015764718898, 3.0000081621462025, 3.0000081621462025, 3.0000081621462025, 3.0000081621462025, 3.0000081621462025, 3.0000081621462025, 3.0000081621462025, 3.0000081621462025, 3.0000081621462025, 3.0000081621462025, 3.0000081621462025, 3.0000081621462025, 3.0000008606079143, 3.0000008606079143, 3.0000008606079143, 3.0000008606079143, 3.0000008606079143, 3.0000008606079143, 3.0000008606079143, 3.000000730473636, 3.0000000623032994, 3.0000000623032994, 3.0000000623032994, 3.0000000623032994, 3.0000000623032994, 3.0000000623032994, 3.0000000580453556, 3.0000000044710458, 3.0000000044710458, 3.0000000044710458, 3.000000002149915, 3.000000002149915, 3.0000000003232596, 3.0000000003232596, 3.0000000003232596, 3.0000000003232596, 3.0000000003232596, 3.0000000002135074, 3.0000000002135074, 3.0000000002135074, 3.0000000000149614, 3.0000000000149614, 3.0000000000149614, 3.0000000000149614, 3.0000000000149614, 3.000000000008054, 3.000000000008054, 3.000000000008054, 3.000000000008054, 3.0000000000064757, 3.0000000000064757, 3.0000000000038294, 3.0000000000015676, 3.0000000000015676, 3.0000000000015676, 3.0000000000015676, 3.0000000000013305, 3.0000000000013305, 3.0000000000011133, 3.0000000000009455, 3.000000000000041, 3.000000000000041, 3.000000000000041, 3.000000000000041, 3.000000000000041, 3.000000000000007, 3.000000000000007, 2.9999999999999987, 2.9999999999999987, 2.9999999999999987, 2.9999999999999987, 2.9999999999999836, 2.9999999999999836, 2.9999999999999836, 2.999999999999934, 2.999999999999934, 2.999999999999934, 2.999999999999934, 2.999999999999934, 2.999999999999934, 2.999999999999934, 2.999999999999934, 2.999999999999934]","{""crossover_rate"": 0.7, ""max_iterations"": 120, ""mutation_factor"": 0.8, ""population_size"": 40}"
goldstein_price,Goldstein-Price,84,2170,de,Evolucion diferencial,2,"[-2.0, 2.0]","[0.0, -1.0]","[-6.106868502314791e-09, -1.000000008641049]",2.9999999999999343,1.0581189465659813e-08,120,4840,"[13.013910538139552, 13.013910538139552, 5.967591101552024, 5.967591101552024, 5.967591101552024, 5.967591101552024, 5.967591101552024, 5.967591101552024, 5.967591101552024, 5.967591101552024, 5.967591101552024, 5.967591101552024, 5.967591101552024, 3.5465625279343933, 3.5465625279343933, 3.5465625279343933, 3.4039811157590134, 3.4039811157590134, 3.4039811157590134, 3.4039811157590134, 3.0113149721909815, 3.0113149721909815, 3.0113149721909815, 3.0113149721909815, 3.006362087472806, 3.006362087472806, 3.006362087472806, 3.006362087472806, 3.006362087472806, 3.0007707423803045, 3.0007707423803045, 3.0007707423803045, 3.000136576844156, 3.000136576844156, 3.000136576844156, 3.000136576844156, 3.000136576844156, 3.000136576844156, 3.000136576844156, 3.000136576844156, 3.0000557521549203, 3.0000380599515037, 3.0000380599515037, 3.0000380599515037, 3.0000062324005423, 3.0000062324005423, 3.0000062324005423, 3.0000062324005423, 3.0000062324005423, 3.0000062324005423, 3.0000062324005423, 3.0000062324005423, 3.0000036079258714, 3.0000036079258714, 3.0000036079258714, 3.0000026849122614, 3.0000026849122614, 3.0000014586270822, 3.0000009578969564, 3.000000546829196, 3.0000001783108363, 3.0000001783108363, 3.0000001783108363, 3.0000001783108363, 3.0000001783108363, 3.0000000532745834, 3.0000000532745834, 3.0000000532745834, 3.0000000532745834, 3.0000000338048816, 3.000000006768094, 3.000000006768094, 3.000000002737174, 3.000000002737174, 3.0000000013814927, 3.0000000013814927, 3.000000000254394, 3.000000000254394, 3.000000000254394, 3.000000000254394, 3.0000000001904215, 3.0000000001904215, 3.0000000001904215, 3.0000000000313003, 3.000000000027587, 3.000000000027587, 3.000000000027587, 3.00000000002753, 3.00000000002753, 3.0000000000151825, 3.0000000000118776, 3.0000000000118776, 3.0000000000034257, 3.0000000000034257, 3.0000000000020632, 3.000000000001308, 3.000000000001308, 3.000000000001308, 3.000000000000439, 3.0000000000001497, 3.0000000000001497, 3.0000000000001097, 3.0000000000001097, 3.0000000000001097, 3.0000000000001097, 3.0000000000001097, 3.0000000000001097, 3.0000000000001097, 3.0000000000000826, 2.9999999999999876, 2.9999999999999765, 2.9999999999999765, 2.9999999999999765, 2.9999999999999765, 2.9999999999999556, 2.999999999999955, 2.999999999999955, 2.999999999999955, 2.999999999999955, 2.9999999999999343, 2.9999999999999343]","{""crossover_rate"": 0.7, ""max_iterations"": 120, ""mutation_factor"": 0.8, ""population_size"": 40}"
goldstein_price,Goldstein-Price,85,2171,de,Evolucion diferencial,2,"[-2.0, 2.0]","[0.0, -1.0]","[4.550155318824746e-09, -1.0000000056352116]",2.999999999999943,7.2428946939582946e-09,120,4840,"[30.699794219185744, 30.699794219185744, 30.699794219185744, 30.699794219185744, 30.699794219185744, 30.699794219185744, 30.699794219185744, 30.699794219185744, 30.699794219185744, 30.699794219185744, 3.7434516945779746, 3.7434516945779746, 3.7434516945779746, 3.7434516945779746, 3.7434516945779746, 3.0226281993055224, 3.0226281993055224, 3.0226281993055224, 3.0226281993055224, 3.0226281993055224, 3.0226281993055224, 3.0226281993055224, 3.0226281993055224, 3.0226281993055224, 3.0226281993055224, 3.0226281993055224, 3.0226281993055224, 3.0226281993055224, 3.0226281993055224, 3.0226281993055224, 3.018996909898686, 3.001400726475756, 3.001400726475756, 3.001400726475756, 3.000952492486891, 3.000952492486891, 3.000952492486891, 3.000734665728351, 3.000734665728351, 3.000734665728351, 3.0002238225224915, 3.000167016723215, 3.000167016723215, 3.000167016723215, 3.000167016723215, 3.00000398924741, 3.00000398924741, 3.00000398924741, 3.00000398924741, 3.00000398924741, 3.00000398924741, 3.00000398924741, 3.00000398924741, 3.00000398924741, 3.00000398924741, 3.000002451677648, 3.0000017065727587, 3.0000017065727587, 3.0000017065727587, 3.0000017065727587, 3.000000501641222, 3.000000501641222, 3.000000501641222, 3.000000201801521, 3.000000201801521, 3.000000085335103, 3.000000085335103, 3.000000085335103, 3.000000085335103, 3.0000000170312133, 3.0000000170312133, 3.0000000170312133, 3.0000000091704764, 3.0000000091704764, 3.0000000004659437, 3.0000000004659437, 3.0000000004659437, 3.0000000001789773, 3.0000000001789773, 3.0000000001789773, 3.0000000001789773, 3.0000000001789773, 3.000000000162245, 3.0000000000378235, 3.0000000000378235, 3.0000000000378235, 3.0000000000378235, 3.000000000016565, 3.000000000016565, 3.0000000000002887, 3.0000000000002887, 3.0000000000002887, 3.0000000000002887, 3.0000000000002887, 3.0000000000002887, 3.0000000000002887, 3.0000000000002887, 3.0000000000002887, 3.0000000000002887, 3.0000000000002887, 3.0000000000000577, 3.0000000000000577, 3.0000000000000577, 2.9999999999999933, 2.9999999999999933, 2.9999999999999933, 2.999999999999983, 2.999999999999983, 2.999999999999983, 2.999999999999983, 2.999999999999983, 2.999999999999983, 2.999999999999983, 2.9999999999999645, 2.9999999999999645, 2.9999999999999623, 2.9999999999999623, 2.9999999999999623, 2.9999999999999623, 2.999999999999943, 2.999999999999943]","{""crossover_rate"": 0.7, ""max_iterations"": 120, ""mutation_factor"": 0.8, ""population_size"": 40}"
goldstein_price,Goldstein-Price,86,2172,de,Evolucion diferencial,2,"[-2.0, 2.0]","[0.0, -1.0]","[6.014146478877743e-09, -0.9999999973517559]",2.99999999999993,6.571389085699134e-09,120,4840,"[45.20921725563179, 45.20921725563179, 26.709575046298948, 19.59843765315567, 19.59843765315567, 13.917211047116984, 13.917211047116984, 13.917211047116984, 13.871511544056103, 7.4773340629717575, 4.9922875131936175, 3.7445667109808207, 3.7445667109808207, 3.7445667109808207, 3.7445667109808207, 3.7445667109808207, 3.7445667109808207, 3.7445667109808207, 3.5831193567837385, 3.5831193567837385, 3.5831193567837385, 3.351750116647577, 3.0961213673845833, 3.0961213673845833, 3.0715814558389187, 3.0715814558389187, 3.0715814558389187, 3.069297160092463, 3.0566220613282304, 3.0566220613282304, 3.0071969921335384, 3.0003286507419133, 3.0003286507419133, 3.0003286507419133, 3.0003286507419133, 3.0003286507419133, 3.0003286507419133, 3.0003286507419133, 3.0003286507419133, 3.0003165017361977, 3.0001457904410094, 3.0001457904410094, 3.0001457904410094, 3.0001457904410094, 3.0001457904410094, 3.000034157621764, 3.000034157621764, 3.000034157621764, 3.000034157621764, 3.000034157621764, 3.0000331567378695, 3.000005718212783, 3.000005718212783, 3.000005718212783, 3.0000041008870797, 3.00000223661502, 3.000000061184357, 3.000000061184357, 3.000000061184357, 3.000000061184357, 3.000000061184357, 3.000000061184357, 3.000000061184357, 3.0000000172924857, 3.0000000172924857, 3.0000000058269443, 3.0000000058269443, 3.0000000058269443, 3.000000003429976, 3.000000003429976, 3.0000000007856222, 3.0000000007856222, 3.0000000007856222, 3.0000000007856222, 3.0000000007856222, 3.0000000007856222, 3.0000000007856222, 3.0000000007856222, 3.0000000007856222, 3.0000000007856222, 3.0000000001779874, 3.0000000001186167, 3.0000000001186167, 3.0000000001186167, 3.0000000000290625, 3.0000000000290625, 3.0000000000290625, 3.000000000000995, 3.000000000000995, 3.000000000000995, 3.000000000000995, 3.000000000000995, 3.000000000000995, 3.0000000000002816, 3.0000000000002816, 3.0000000000002816, 3.0000000000002816, 3.0000000000002816, 3.0000000000002003, 3.000000000000026, 2.999999999999997, 2.999999999999997, 2.999999999999997, 2.999999999999997, 2.999999999999997, 2.999999999999943, 2.999999999999943, 2.99999999999993, 2.99999999999993, 2.99999999999993, 2.99999999999993, 2.99999999999993, 2.99999999999993, 2.99999999999993, 2.99999999999993, 2.99999999999993, 2.99999999999993, 2.99999999999993, 2.99999999999993, 2.99999999999993, 2.99999999999993]","{""crossover_rate"": 0.7, ""max_iterations"": 120, ""mutation_factor"": 0.8, ""population_size"": 40}"
goldstein_price,Goldstein-Price,87,2173,de,Evolucion diferencial,2,"[-2.0, 2.0]","[0.0, -1.0]","[6.113852378645022e-09, -0.9999999990949429]",2.9999999999999307,6.180478892056031e-09,120,4840,"[34.773493506437724, 22.929579609579363, 22.929579609579363, 22.929579609579363, 22.929579609579363, 22.929579609579363, 22.929579609579363, 12.396170825686257, 12.396170825686257, 12.396170825686257, 10.170350385637493, 10.170350385637493, 8.269964578629212, 3.4884300644863964, 3.4884300644863964, 3.4884300644863964, 3.4884300644863964, 3.4884300644863964, 3.4281731428301323, 3.396475552872193, 3.396475552872193, 3.0880754496789424, 3.0880754496789424, 3.0880754496789424, 3.0880754496789424, 3.0880754496789424, 3.040737214692429, 3.005090125353186, 3.005090125353186, 3.005090125353186, 3.0034102917596135, 3.0012274897836235, 3.0012274897836235, 3.00044819575806, 3.00044819575806, 3.00044819575806, 3.00044819575806, 3.00044819575806, 3.0002622366189238, 3.00023496218074, 3.00023496218074, 3.00023496218074, 3.0000205778140825, 3.0000205778140825, 3.0000205778140825, 3.0000205778140825, 3.0000205778140825, 3.0000205778140825, 3.0000205778140825, 3.0000005207118217, 3.0000005207118217, 3.0000005207118217, 3.0000005207118217, 3.0000005207118217, 3.0000004759418695, 3.0000004759418695, 3.000000467531949, 3.0000000587604627, 3.0000000587604627, 3.0000000587604627, 3.0000000587604627, 3.0000000587604627, 3.0000000587604627, 3.0000000587604627, 3.0000000494766472, 3.000000014712664, 3.000000014712664, 3.000000014712664, 3.00000001317231, 3.0000000066419212, 3.0000000066419212, 3.0000000066419212, 3.0000000020141626, 3.0000000020141626, 3.0000000015620003, 3.000000000905547, 3.000000000905547, 3.000000000905547, 3.000000000905547, 3.0000000006964003, 3.0000000006964003, 3.0000000003472342, 3.0000000003472342, 3.0000000003472342, 3.000000000009305, 3.0000000000007923, 3.0000000000007923, 3.0000000000007923, 3.0000000000003215, 3.0000000000003215, 3.0000000000003215, 3.0000000000003215, 3.0000000000003215, 3.0000000000003215, 3.0000000000003215, 3.0000000000003215, 3.0000000000003215, 3.0000000000003215, 3.000000000000245, 3.0000000000001923, 3.0000000000001923, 3.000000000000167, 3.0000000000000324, 3.0000000000000324, 3.0000000000000324, 3.0000000000000324, 3.0000000000000324, 3.0000000000000084, 2.9999999999999627, 2.9999999999999627, 2.9999999999999627, 2.9999999999999627, 2.9999999999999627, 2.9999999999999627, 2.9999999999999627, 2.9999999999999627, 2.9999999999999534, 2.9999999999999534, 2.9999999999999534, 2.9999999999999445, 2.9999999999999307]","{""crossover_rate"": 0.7, ""max_iterations"": 120, ""mutation_factor"": 0.8, ""population_size"": 40}"
goldstein_price,Goldstein-Price,88,2174,de,Evolucion diferencial,2,"[-2.0, 2.0]","[0.0, -1.0]","[7.61011852434688e-09, -0.9999999982012684]",2.9999999999999347,7.819804303983735e-09,120,4840,"[68.2993255869096, 68.2993255869096, 29.13975584224827, 29.13975584224827, 9.048145444838529, 9.048145444838529, 7.466840716979267, 7.466840716979267, 7.466840716979267, 7.466840716979267, 6.219642407820707, 3.4001228944298494, 3.4001228944298494, 3.4001228944298494, 3.175552034887381, 3.175552034887381, 3.175552034887381, 3.175552034887381, 3.0611961852773937, 3.0611961852773937, 3.0073700071720304, 3.0073700071720304, 3.0073700071720304, 3.0073700071720304, 3.0073700071720304, 3.0073700071720304, 3.0073700071720304, 3.0073700071720304, 3.002632716411498, 3.002632716411498, 3.002632716411498, 3.002632716411498, 3.002632716411498, 3.002632716411498, 3.002632716411498, 3.001384907094774, 3.001089620795616, 3.000428443804859, 3.000127176269355, 3.000127176269355, 3.0000129114208045, 3.0000129114208045, 3.0000129114208045, 3.0000129114208045, 3.0000129114208045, 3.0000050558133506, 3.0000050558133506, 3.0000050558133506, 3.0000050558133506, 3.0000050558133506, 3.0000050558133506, 3.00000328087101, 3.000002075867948, 3.000002075867948, 3.000002075867948, 3.0000010189117092, 3.0000008201078243, 3.0000008201078243, 3.0000008201078243, 3.000000321815178, 3.000000150667597, 3.000000073974334, 3.000000073974334, 3.000000073974334, 3.0000000451226216, 3.0000000315687765, 3.0000000076814723, 3.0000000031515217, 3.0000000026152893, 3.0000000026152893, 3.0000000026152893, 3.0000000026152893, 3.000000000170974, 3.000000000170974, 3.000000000170974, 3.000000000170974, 3.000000000170974, 3.000000000170974, 3.000000000013307, 3.000000000013307, 3.000000000013307, 3.000000000013307, 3.000000000013307, 3.000000000013307, 3.000000000013307, 3.000000000010575, 3.000000000010575, 3.000000000010575, 3.000000000010575, 3.000000000005033, 3.000000000005033, 3.000000000005033, 3.0000000000041482, 3.000000000000264, 3.000000000000264, 3.000000000000264, 2.9999999999999862, 2.9999999999999862, 2.9999999999999862, 2.9999999999999862, 2.9999999999999862, 2.9999999999999862, 2.9999999999999862, 2.9999999999999862, 2.9999999999999862, 2.9999999999999862, 2.999999999999952, 2.999999999999952, 2.999999999999952, 2.999999999999952, 2.999999999999935, 2.999999999999935, 2.999999999999935, 2.999999999999935, 2.999999999999935, 2.999999999999935, 2.999999999999935, 2.999999999999935, 2.9999999999999347, 2.9999999999999347, 2.9999999999999347]","{""crossover_rate"": 0.7, ""max_iterations"": 120, ""mutation_factor"": 0.8, ""population_size"": 40}"
goldstein_price,Goldstein-Price,89,2175,de,Evolucion diferencial,2,"[-2.0, 2.0]","[0.0, -1.0]","[1.8674595980132143e-09, -1.0000000043465784]",2.99999999999994,4.730766259584405e-09,120,4840,"[44.64536143891145, 44.64536143891145, 18.977703474033323, 18.977703474033323, 18.977703474033323, 18.977703474033323, 17.768039335883632, 13.034388725634404, 13.034388725634404, 13.034388725634404, 3.3593069827553386, 3.3593069827553386, 3.3593069827553386, 3.3593069827553386, 3.3593069827553386, 3.3593069827553386, 3.3593069827553386, 3.3593069827553386, 3.3593069827553386, 3.3593069827553386, 3.3593069827553386, 3.346184729688339, 3.346184729688339, 3.346184729688339, 3.346184729688339, 3.346184729688339, 3.0413169495413968, 3.0413169495413968, 3.0413169495413968, 3.0214521623295445, 3.0214521623295445, 3.007296263542736, 3.007296263542736, 3.007296263542736, 3.0053293619495163, 3.001311399960617, 3.001311399960617, 3.001311399960617, 3.000214899555672, 3.000214899555672, 3.000214899555672, 3.0000864579377526, 3.0000864579377526, 3.0000864579377526, 3.0000864579377526, 3.0000864579377526, 3.0000864579377526, 3.0000355818909563, 3.0000355818909563, 3.0000216269452022, 3.0000122854050866, 3.0000009482285543, 3.0000009482285543, 3.0000009482285543, 3.0000009482285543, 3.0000009482285543, 3.0000009482285543, 3.0000009482285543, 3.0000009482285543, 3.0000005404969023, 3.0000005404969023, 3.0000005404969023, 3.000000142838119, 3.000000142838119, 3.000000142838119, 3.000000142838119, 3.000000091209921, 3.000000091209921, 3.000000091209921, 3.000000091209921, 3.0000000032451837, 3.0000000032451837, 3.0000000032451837, 3.0000000032451837, 3.0000000017843766, 3.0000000009244037, 3.0000000009244037, 3.0000000009244037, 3.0000000009244037, 3.0000000009244037, 3.0000000009244037, 3.0000000009244037, 3.000000000816166, 3.000000000290432, 3.000000000208749, 3.0000000000323066, 3.0000000000323066, 3.0000000000323066, 3.000000000003933, 3.000000000003933, 3.000000000003933, 3.000000000003933, 3.000000000003933, 3.000000000003933, 3.000000000003933, 3.000000000003933, 3.000000000003933, 3.000000000001265, 3.000000000001265, 3.0000000000010987, 3.0000000000007043, 3.0000000000001013, 3.0000000000001013, 3.0000000000001013, 3.0000000000001013, 3.0000000000001013, 3.000000000000096, 3.000000000000096, 3.000000000000096, 3.0000000000000235, 3.00000000000001, 2.9999999999999627, 2.9999999999999627, 2.999999999999961, 2.999999999999961, 2.9999999999999556, 2.9999999999999556, 2.9999999999999556, 2.9999999999999556, 2.99999999999994, 2.99999999999994]","{""crossover_rate"": 0.7, ""max_iterations"": 120, ""mutation_factor"": 0.8, ""population_size"": 40}"
goldstein_price,Goldstein-Price,90,2167,de,Evolucion diferencial,2,"[-2.0, 2.0]","[0.0, -1.0]","[1.349868504117925e-09, -1.000000002615771]",2.9999999999999254,2.943535723127888e-09,120,4840,"[65.55470189038556, 31.732141163849942, 31.732141163849942, 31.732141163849942, 8.454547299429398, 8.454547299429398, 8.454547299429398, 8.454547299429398, 3.6210869483250834, 3.6210869483250834, 3.6210869483250834, 3.6210869483250834, 3.6210869483250834, 3.6210869483250834, 3.6210869483250834, 3.1075750053113835, 3.1075750053113835, 3.1075750053113835, 3.1075750053113835, 3.1075750053113835, 3.1075750053113835, 3.014609792090175, 3.014609792090175, 3.014609792090175, 3.014609792090175, 3.014609792090175, 3.014609792090175, 3.0126877456797354, 3.0126877456797354, 3.0126877456797354, 3.0126877456797354, 3.0126877456797354, 3.0004634191184625, 3.0004634191184625, 3.0004634191184625, 3.0004634191184625, 3.0004634191184625, 3.000418695323787, 3.000004132994101, 3.000004132994101, 3.000004132994101, 3.000004132994101, 3.000004132994101, 3.000004132994101, 3.000004132994101, 3.000004132994101, 3.000004132994101, 3.000004132994101, 3.000004132994101, 3.000004132994101, 3.000004132994101, 3.000004132994101, 3.000004132994101, 3.000004132994101, 3.00000260693429, 3.00000260693429, 3.00000260693429, 3.0000004652490193, 3.000000296861038, 3.000000296861038, 3.0000002919417734, 3.0000002919417734, 3.0000002919417734, 3.0000002919417734, 3.0000002919417734, 3.0000002919417734, 3.0000000124639614, 3.0000000124639614, 3.0000000122051302, 3.0000000122051302, 3.0000000122051302, 3.0000000118991883, 3.000000008380543, 3.000000008380543, 3.000000008380543, 3.0000000077365705, 3.0000000034066066, 3.0000000034066066, 3.0000000034066066, 3.000000000087333, 3.000000000087333, 3.000000000087333, 3.000000000087333, 3.000000000087333, 3.000000000087333, 3.0000000000488205, 3.0000000000488205, 3.0000000000488205, 3.0000000000488205, 3.000000000021984, 3.0000000000202856, 3.0000000000202856, 3.000000000001344, 3.000000000001344, 3.000000000001344, 3.0000000000010036, 3.0000000000010036, 3.0000000000010036, 3.0000000000010036, 3.000000000000137, 3.000000000000137, 3.000000000000137, 3.000000000000096, 3.000000000000096, 3.000000000000005, 2.9999999999999605, 2.9999999999999605, 2.9999999999999605, 2.9999999999999605, 2.9999999999999605, 2.9999999999999605, 2.9999999999999605, 2.9999999999999605, 2.9999999999999605, 2.9999999999999605, 2.9999999999999605, 2.999999999999945, 2.9999999999999445, 2.9999999999999445, 2.9999999999999445, 2.9999999999999254]","{""crossover_rate"": 0.7, ""max_iterations"": 120, ""mutation_factor"": 0.8, ""population_size"": 40}"
goldstein_price,Goldstein-Price,91,2168,de,Evolucion diferencial,2,"[-2.0, 2.0]","[0.0, -1.0]","[-7.323919930867488e-09, -1.0000000029072391]",2.9999999999999543,7.87983771609613e-09,120,4840,"[3.914842868755716, 3.914842868755716, 3.914842868755716, 3.914842868755716, 3.914842868755716, 3.914842868755716, 3.914842868755716, 3.914842868755716, 3.914842868755716, 3.914842868755716, 3.914842868755716, 3.914842868755716, 3.914842868755716, 3.914842868755716, 3.8726480882819145, 3.298997154828418, 3.298997154828418, 3.298997154828418, 3.298997154828418, 3.1037043422546606, 3.1037043422546606, 3.1037043422546606, 3.1037043422546606, 3.0473464582038017, 3.013639639037265, 3.013639639037265, 3.013639639037265, 3.013639639037265, 3.013639639037265, 3.013639639037265, 3.013639639037265, 3.013639639037265, 3.0033977330319206, 3.0033977330319206, 3.0033977330319206, 3.0033977330319206, 3.0033977330319206, 3.0033977330319206, 3.0003220116249456, 3.0003220116249456, 3.0003220116249456, 3.0003220116249456, 3.0003220116249456, 3.0003220116249456, 3.0003220116249456, 3.0003220116249456, 3.000237982666506, 3.000231049943334, 3.0002097138465977, 3.000137755240405, 3.000137755240405, 3.0000337997893407, 3.0000337997893407, 3.0000337997893407, 3.0000267010464845, 3.00002221723852, 3.0000202211965044, 3.000014580411877, 3.0000010782726854, 3.0000010782726854, 3.0000010782726854, 3.0000010782726854, 3.0000010782726854, 3.0000009817360254, 3.0000002371943544, 3.0000002371943544, 3.0000002371943544, 3.000000153825999, 3.000000012248142, 3.000000012248142, 3.000000012248142, 3.000000012248142, 3.000000012248142, 3.0000000014900396, 3.0000000014900396, 3.0000000014900396, 3.0000000014900396, 3.0000000014900396, 3.0000000008378844, 3.0000000008378844, 3.0000000008378844, 3.0000000008378844, 3.0000000008378844, 3.0000000004363594, 3.0000000004363594, 3.00000000012483, 3.00000000012483, 3.00000000011142, 3.00000000011142, 3.000000000009658, 3.000000000009658, 3.000000000009658, 3.000000000009658, 3.0000000000036904, 3.0000000000036904, 3.0000000000036904, 3.0000000000036904, 3.0000000000036904, 3.0000000000033924, 3.0000000000023346, 3.0000000000014055, 3.0000000000014055, 3.000000000000629, 3.0000000000004707, 3.000000000000417, 3.0000000000002274, 3.0000000000002274, 3.0000000000002274, 3.0000000000001386, 3.0000000000000435, 3.0000000000000435, 3.0000000000000435, 3.0000000000000435, 3.0000000000000404, 2.9999999999999916, 2.9999999999999614, 2.9999999999999614, 2.9999999999999614, 2.9999999999999614, 2.9999999999999543, 2.9999999999999543]","{""crossover_rate"": 0.7, ""max_iterations"": 120, ""mutation_factor"": 0.8, ""population_size"": 40}"
goldstein_price,Goldstein-Price,92,2169,de,Evolucion diferencial,2,"[-2.0, 2.0]","[0.0, -1.0]","[-8.588489517936461e-09, -1.00000000811054]",2.999999999999934,1.1812832495767513e-08,120,4840,"[7.764283553211247, 7.764283553211247, 7.764283553211247, 7.764283553211247, 7.764283553211247, 7.764283553211247, 7.764283553211247, 7.764283553211247, 7.764283553211247, 6.268853233319277, 6.268853233319277, 6.268853233319277, 6.268853233319277, 6.268853233319277, 3.387075149543236, 3.387075149543236, 3.387075149543236, 3.387075149543236, 3.0052645693579527, 3.0052645693579527, 3.0052645693579527, 3.0052645693579527, 3.0052645693579527, 3.0052645693579527, 3.0052645693579527, 3.0047809895182205, 3.0047809895182205, 3.0047809895182205, 3.0032012656266787, 3.0032012656266787, 3.0032012656266787, 3.0032012656266787, 3.000975178146144, 3.000611067029705, 3.000611067029705, 3.000611067029705, 3.000015764718898, 3.000015764718898, 3.0000081621462025, 3.0000081621462025, 3.0000081621462025, 3.0000081621462025, 3.0000081621462025, 3.0000081621462025, 3.0000081621462025, 3.0000081621462025, 3.0000081621462025, 3.0000081621462025, 3.0000081621462025, 3.0000081621462025, 3.0000008606079143, 3.0000008606079143, 3.0000008606079143, 3.0000008606079143, 3.0000008606079143, 3.0000008606079143, 3.0000008606079143, 3.000000730473636, 3.0000000623032994, 3.0000000623032994, 3.0000000623032994, 3.0000000623032994, 3.0000000623032994, 3.0000000623032994, 3.0000000580453556, 3.0000000044710458, 3.0000000044710458, 3.0000000044710458, 3.000000002149915, 3.000000002149915, 3.0000000003232596, 3.0000000003232596, 3.0000000003232596, 3.0000000003232596, 3.0000000003232596, 3.0000000002135074, 3.0000000002135074, 3.0000000002135074, 3.0000000000149614, 3.0000000000149614, 3.0000000000149614, 3.0000000000149614, 3.0000000000149614, 3.000000000008054, 3.000000000008054, 3.000000000008054, 3.000000000008054, 3.0000000000064757, 3.0000000000064757, 3.0000000000038294, 3.0000000000015676, 3.0000000000015676, 3.0000000000015676, 3.0000000000015676, 3.0000000000013305, 3.0000000000013305, 3.0000000000011133, 3.0000000000009455, 3.000000000000041, 3.000000000000041, 3.000000000000041, 3.000000000000041, 3.000000000000041, 3.000000000000007, 3.000000000000007, 2.9999999999999987, 2.9999999999999987, 2.9999999999999987, 2.9999999999999987, 2.9999999999999836, 2.9999999999999836, 2.9999999999999836, 2.999999999999934, 2.999999999999934, 2.999999999999934, 2.999999999999934, 2.999999999999934, 2.999999999999934, 2.999999999999934, 2.999999999999934, 2.999999999999934]","{""crossover_rate"": 0.7, ""max_iterations"": 120, ""mutation_factor"": 0.8, ""population_size"": 40}"
goldstein_price,Goldstein-Price,93,2170,de,Evolucion diferencial,2,"[-2.0, 2.0]","[0.0, -1.0]","[-6.106868502314791e-09, -1.000000008641049]",2.9999999999999343,1.0581189465659813e-08,120,4840,"[13.013910538139552, 13.013910538139552, 5.967591101552024, 5.967591101552024, 5.967591101552024, 5.967591101552024, 5.967591101552024, 5.967591101552024, 5.967591101552024, 5.967591101552024, 5.967591101552024, 5.967591101552024, 5.967591101552024, 3.5465625279343933, 3.5465625279343933, 3.5465625279343933, 3.4039811157590134, 3.4039811157590134, 3.4039811157590134, 3.4039811157590134, 3.0113149721909815, 3.0113149721909815, 3.0113149721909815, 3.0113149721909815, 3.006362087472806, 3.006362087472806, 3.006362087472806, 3.006362087472806, 3.006362087472806, 3.0007707423803045, 3.0007707423803045, 3.0007707423803045, 3.000136576844156, 3.000136576844156, 3.000136576844156, 3.000136576844156, 3.000136576844156, 3.000136576844156, 3.000136576844156, 3.000136576844156, 3.0000557521549203, 3.0000380599515037, 3.0000380599515037, 3.0000380599515037, 3.0000062324005423, 3.0000062324005423, 3.0000062324005423, 3.0000062324005423, 3.0000062324005423, 3.0000062324005423, 3.0000062324005423, 3.0000062324005423, 3.0000036079258714, 3.0000036079258714, 3.0000036079258714, 3.0000026849122614, 3.0000026849122614, 3.0000014586270822, 3.0000009578969564, 3.000000546829196, 3.0000001783108363, 3.0000001783108363, 3.0000001783108363, 3.0000001783108363, 3.0000001783108363, 3.0000000532745834, 3.0000000532745834, 3.0000000532745834, 3.0000000532745834, 3.0000000338048816, 3.000000006768094, 3.000000006768094, 3.000000002737174, 3.000000002737174, 3.0000000013814927, 3.0000000013814927, 3.000000000254394, 3.000000000254394, 3.000000000254394, 3.000000000254394, 3.0000000001904215, 3.0000000001904215, 3.0000000001904215, 3.0000000000313003, 3.000000000027587, 3.000000000027587, 3.000000000027587, 3.00000000002753, 3.00000000002753, 3.0000000000151825, 3.0000000000118776, 3.0000000000118776, 3.0000000000034257, 3.0000000000034257, 3.0000000000020632, 3.000000000001308, 3.000000000001308, 3.000000000001308, 3.000000000000439, 3.0000000000001497, 3.0000000000001497, 3.0000000000001097, 3.0000000000001097, 3.0000000000001097, 3.0000000000001097, 3.0000000000001097, 3.0000000000001097, 3.0000000000001097, 3.0000000000000826, 2.9999999999999876, 2.9999999999999765, 2.9999999999999765, 2.9999999999999765, 2.9999999999999765, 2.9999999999999556, 2.999999999999955, 2.999999999999955, 2.999999999999955, 2.999999999999955, 2.9999999999999343, 2.9999999999999343]","{""crossover_rate"": 0.7, ""max_iterations"": 120, ""mutation_factor"": 0.8, ""population_size"": 40}"
goldstein_price,Goldstein-Price,94,2171,de,Evolucion diferencial,2,"[-2.0, 2.0]","[0.0, -1.0]","[4.550155318824746e-09, -1.0000000056352116]",2.999999999999943,7.2428946939582946e-09,120,4840,"[30.699794219185744, 30.699794219185744, 30.699794219185744, 30.699794219185744, 30.699794219185744, 30.699794219185744, 30.699794219185744, 30.699794219185744, 30.699794219185744, 30.699794219185744, 3.7434516945779746, 3.7434516945779746, 3.7434516945779746, 3.7434516945779746, 3.7434516945779746, 3.0226281993055224, 3.0226281993055224, 3.0226281993055224, 3.0226281993055224, 3.0226281993055224, 3.0226281993055224, 3.0226281993055224, 3.0226281993055224, 3.0226281993055224, 3.0226281993055224, 3.0226281993055224, 3.0226281993055224, 3.0226281993055224, 3.0226281993055224, 3.0226281993055224, 3.018996909898686, 3.001400726475756, 3.001400726475756, 3.001400726475756, 3.000952492486891, 3.000952492486891, 3.000952492486891, 3.000734665728351, 3.000734665728351, 3.000734665728351, 3.0002238225224915, 3.000167016723215, 3.000167016723215, 3.000167016723215, 3.000167016723215, 3.00000398924741, 3.00000398924741, 3.00000398924741, 3.00000398924741, 3.00000398924741, 3.00000398924741, 3.00000398924741, 3.00000398924741, 3.00000398924741, 3.00000398924741, 3.000002451677648, 3.0000017065727587, 3.0000017065727587, 3.0000017065727587, 3.0000017065727587, 3.000000501641222, 3.000000501641222, 3.000000501641222, 3.000000201801521, 3.000000201801521, 3.000000085335103, 3.000000085335103, 3.000000085335103, 3.000000085335103, 3.0000000170312133, 3.0000000170312133, 3.0000000170312133, 3.0000000091704764, 3.0000000091704764, 3.0000000004659437, 3.0000000004659437, 3.0000000004659437, 3.0000000001789773, 3.0000000001789773, 3.0000000001789773, 3.0000000001789773, 3.0000000001789773, 3.000000000162245, 3.0000000000378235, 3.0000000000378235, 3.0000000000378235, 3.0000000000378235, 3.000000000016565, 3.000000000016565, 3.0000000000002887, 3.0000000000002887, 3.0000000000002887, 3.0000000000002887, 3.0000000000002887, 3.0000000000002887, 3.0000000000002887, 3.0000000000002887, 3.0000000000002887, 3.0000000000002887, 3.0000000000002887, 3.0000000000000577, 3.0000000000000577, 3.0000000000000577, 2.9999999999999933, 2.9999999999999933, 2.9999999999999933, 2.999999999999983, 2.999999999999983, 2.999999999999983, 2.999999999999983, 2.999999999999983, 2.999999999999983, 2.999999999999983, 2.9999999999999645, 2.9999999999999645, 2.9999999999999623, 2.9999999999999623, 2.9999999999999623, 2.9999999999999623, 2.999999999999943, 2.999999999999943]","{""crossover_rate"": 0.7, ""max_iterations"": 120, ""mutation_factor"": 0.8, ""population_size"": 40}"
goldstein_price,Goldstein-Price,95,2172,de,Evolucion diferencial,2,"[-2.0, 2.0]","[0.0, -1.0]","[6.014146478877743e-09, -0.9999999973517559]",2.99999999999993,6.571389085699134e-09,120,4840,"[45.20921725563179, 45.20921725563179, 26.709575046298948, 19.59843765315567, 19.59843765315567, 13.917211047116984, 13.917211047116984, 13.917211047116984, 13.871511544056103, 7.4773340629717575, 4.9922875131936175, 3.7445667109808207, 3.7445667109808207, 3.7445667109808207, 3.7445667109808207, 3.7445667109808207, 3.7445667109808207, 3.7445667109808207, 3.5831193567837385, 3.5831193567837385, 3.5831193567837385, 3.351750116647577, 3.0961213673845833, 3.0961213673845833, 3.0715814558389187, 3.0715814558389187, 3.0715814558389187, 3.069297160092463, 3.0566220613282304, 3.0566220613282304, 3.0071969921335384, 3.0003286507419133, 3.0003286507419133, 3.0003286507419133, 3.0003286507419133, 3.0003286507419133, 3.0003286507419133, 3.0003286507419133, 3.0003286507419133, 3.0003165017361977, 3.0001457904410094, 3.0001457904410094, 3.0001457904410094, 3.0001457904410094, 3.0001457904410094, 3.000034157621764, 3.000034157621764, 3.000034157621764, 3.000034157621764, 3.000034157621764, 3.0000331567378695, 3.000005718212783, 3.000005718212783, 3.000005718212783, 3.0000041008870797, 3.00000223661502, 3.000000061184357, 3.000000061184357, 3.000000061184357, 3.000000061184357, 3.000000061184357, 3.000000061184357, 3.000000061184357, 3.0000000172924857, 3.0000000172924857, 3.0000000058269443, 3.0000000058269443, 3.0000000058269443, 3.000000003429976, 3.000000003429976, 3.0000000007856222, 3.0000000007856222, 3.0000000007856222, 3.0000000007856222, 3.0000000007856222, 3.0000000007856222, 3.0000000007856222, 3.0000000007856222, 3.0000000007856222, 3.0000000007856222, 3.0000000001779874, 3.0000000001186167, 3.0000000001186167, 3.0000000001186167, 3.0000000000290625, 3.0000000000290625, 3.0000000000290625, 3.000000000000995, 3.000000000000995, 3.000000000000995, 3.000000000000995, 3.000000000000995, 3.000000000000995, 3.0000000000002816, 3.0000000000002816, 3.0000000000002816, 3.0000000000002816, 3.0000000000002816, 3.0000000000002003, 3.000000000000026, 2.999999999999997, 2.999999999999997, 2.999999999999997, 2.999999999999997, 2.999999999999997, 2.999999999999943, 2.999999999999943, 2.99999999999993, 2.99999999999993, 2.99999999999993, 2.99999999999993, 2.99999999999993, 2.99999999999993, 2.99999999999993, 2.99999999999993, 2.99999999999993, 2.99999999999993, 2.99999999999993, 2.99999999999993, 2.99999999999993, 2.99999999999993]","{""crossover_rate"": 0.7, ""max_iterations"": 120, ""mutation_factor"": 0.8, ""population_size"": 40}"
goldstein_price,Goldstein-Price,96,2173,de,Evolucion diferencial,2,"[-2.0, 2.0]","[0.0, -1.0]","[6.113852378645022e-09, -0.9999999990949429]",2.9999999999999307,6.180478892056031e-09,120,4840,"[34.773493506437724, 22.929579609579363, 22.929579609579363, 22.929579609579363, 22.929579609579363, 22.929579609579363, 22.929579609579363, 12.396170825686257, 12.396170825686257, 12.396170825686257, 10.170350385637493, 10.170350385637493, 8.269964578629212, 3.4884300644863964, 3.4884300644863964, 3.4884300644863964, 3.4884300644863964, 3.4884300644863964, 3.4281731428301323, 3.396475552872193, 3.396475552872193, 3.0880754496789424, 3.0880754496789424, 3.0880754496789424, 3.0880754496789424, 3.0880754496789424, 3.040737214692429, 3.005090125353186, 3.005090125353186, 3.005090125353186, 3.0034102917596135, 3.0012274897836235, 3.0012274897836235, 3.00044819575806, 3.00044819575806, 3.00044819575806, 3.00044819575806, 3.00044819575806, 3.0002622366189238, 3.00023496218074, 3.00023496218074, 3.00023496218074, 3.0000205778140825, 3.0000205778140825, 3.0000205778140825, 3.0000205778140825, 3.0000205778140825, 3.0000205778140825, 3.0000205778140825, 3.0000005207118217, 3.0000005207118217, 3.0000005207118217, 3.0000005207118217, 3.0000005207118217, 3.0000004759418695, 3.0000004759418695, 3.000000467531949, 3.0000000587604627, 3.0000000587604627, 3.0000000587604627, 3.0000000587604627, 3.0000000587604627, 3.0000000587604627, 3.0000000587604627, 3.0000000494766472, 3.000000014712664, 3.000000014712664, 3.000000014712664, 3.00000001317231, 3.0000000066419212, 3.0000000066419212, 3.0000000066419212, 3.0000000020141626, 3.0000000020141626, 3.0000000015620003, 3.000000000905547, 3.000000000905547, 3.000000000905547, 3.000000000905547, 3.0000000006964003, 3.0000000006964003, 3.0000000003472342, 3.0000000003472342, 3.0000000003472342, 3.000000000009305, 3.0000000000007923, 3.0000000000007923, 3.0000000000007923, 3.0000000000003215, 3.0000000000003215, 3.0000000000003215, 3.0000000000003215, 3.0000000000003215, 3.0000000000003215, 3.0000000000003215, 3.0000000000003215, 3.0000000000003215, 3.0000000000003215, 3.000000000000245, 3.0000000000001923, 3.0000000000001923, 3.000000000000167, 3.0000000000000324, 3.0000000000000324, 3.0000000000000324, 3.0000000000000324, 3.0000000000000324, 3.0000000000000084, 2.9999999999999627, 2.9999999999999627, 2.9999999999999627, 2.9999999999999627, 2.9999999999999627, 2.9999999999999627, 2.9999999999999627, 2.9999999999999627, 2.9999999999999534, 2.9999999999999534, 2.9999999999999534, 2.9999999999999445, 2.9999999999999307]","{""crossover_rate"": 0.7, ""max_iterations"": 120, ""mutation_factor"": 0.8, ""population_size"": 40}"
goldstein_price,Goldstein-Price,97,2174,de,Evolucion diferencial,2,"[-2.0, 2.0]","[0.0, -1.0]","[7.61011852434688e-09, -0.9999999982012684]",2.9999999999999347,7.819804303983735e-09,120,4840,"[68.2993255869096, 68.2993255869096, 29.13975584224827, 29.13975584224827, 9.048145444838529, 9.048145444838529, 7.466840716979267, 7.466840716979267, 7.466840716979267, 7.466840716979267, 6.219642407820707, 3.4001228944298494, 3.4001228944298494, 3.4001228944298494, 3.175552034887381, 3.175552034887381, 3.175552034887381, 3.175552034887381, 3.0611961852773937, 3.0611961852773937, 3.0073700071720304, 3.0073700071720304, 3.0073700071720304, 3.0073700071720304, 3.0073700071720304, 3.0073700071720304, 3.0073700071720304, 3.0073700071720304, 3.002632716411498, 3.002632716411498, 3.002632716411498, 3.002632716411498, 3.002632716411498, 3.002632716411498, 3.002632716411498, 3.001384907094774, 3.001089620795616, 3.000428443804859, 3.000127176269355, 3.000127176269355, 3.0000129114208045, 3.0000129114208045, 3.0000129114208045, 3.0000129114208045, 3.0000129114208045, 3.0000050558133506, 3.0000050558133506, 3.0000050558133506, 3.0000050558133506, 3.0000050558133506, 3.0000050558133506, 3.00000328087101, 3.000002075867948, 3.000002075867948, 3.000002075867948, 3.0000010189117092, 3.0000008201078243, 3.0000008201078243, 3.0000008201078243, 3.000000321815178, 3.000000150667597, 3.000000073974334, 3.000000073974334, 3.000000073974334, 3.0000000451226216, 3.0000000315687765, 3.0000000076814723, 3.0000000031515217, 3.0000000026152893, 3.0000000026152893, 3.0000000026152893, 3.0000000026152893, 3.000000000170974, 3.000000000170974, 3.000000000170974, 3.000000000170974, 3.000000000170974, 3.000000000170974, 3.000000000013307, 3.000000000013307, 3.000000000013307, 3.000000000013307, 3.000000000013307, 3.000000000013307, 3.000000000013307, 3.000000000010575, 3.000000000010575, 3.000000000010575, 3.000000000010575, 3.000000000005033, 3.000000000005033, 3.000000000005033, 3.0000000000041482, 3.000000000000264, 3.000000000000264, 3.000000000000264, 2.9999999999999862, 2.9999999999999862, 2.9999999999999862, 2.9999999999999862, 2.9999999999999862, 2.9999999999999862, 2.9999999999999862, 2.9999999999999862, 2.9999999999999862, 2.9999999999999862, 2.999999999999952, 2.999999999999952, 2.999999999999952, 2.999999999999952, 2.999999999999935, 2.999999999999935, 2.999999999999935, 2.999999999999935, 2.999999999999935, 2.999999999999935, 2.999999999999935, 2.999999999999935, 2.9999999999999347, 2.9999999999999347, 2.9999999999999347]","{""crossover_rate"": 0.7, ""max_iterations"": 120, ""mutation_factor"": 0.8, ""population_size"": 40}"
goldstein_price,Goldstein-Price,98,2175,de,Evolucion diferencial,2,"[-2.0, 2.0]","[0.0, -1.0]","[1.8674595980132143e-09, -1.0000000043465784]",2.99999999999994,4.730766259584405e-09,120,4840,"[44.64536143891145, 44.64536143891145, 18.977703474033323, 18.977703474033323, 18.977703474033323, 18.977703474033323, 17.768039335883632, 13.034388725634404, 13.034388725634404, 13.034388725634404, 3.3593069827553386, 3.3593069827553386, 3.3593069827553386, 3.3593069827553386, 3.3593069827553386, 3.3593069827553386, 3.3593069827553386, 3.3593069827553386, 3.3593069827553386, 3.3593069827553386, 3.3593069827553386, 3.346184729688339, 3.346184729688339, 3.346184729688339, 3.346184729688339, 3.346184729688339, 3.0413169495413968, 3.0413169495413968, 3.0413169495413968, 3.0214521623295445, 3.0214521623295445, 3.007296263542736, 3.007296263542736, 3.007296263542736, 3.0053293619495163, 3.001311399960617, 3.001311399960617, 3.001311399960617, 3.000214899555672, 3.000214899555672, 3.000214899555672, 3.0000864579377526, 3.0000864579377526, 3.0000864579377526, 3.0000864579377526, 3.0000864579377526, 3.0000864579377526, 3.0000355818909563, 3.0000355818909563, 3.0000216269452022, 3.0000122854050866, 3.0000009482285543, 3.0000009482285543, 3.0000009482285543, 3.0000009482285543, 3.0000009482285543, 3.0000009482285543, 3.0000009482285543, 3.0000009482285543, 3.0000005404969023, 3.0000005404969023, 3.0000005404969023, 3.000000142838119, 3.000000142838119, 3.000000142838119, 3.000000142838119, 3.000000091209921, 3.000000091209921, 3.000000091209921, 3.000000091209921, 3.0000000032451837, 3.0000000032451837, 3.0000000032451837, 3.0000000032451837, 3.0000000017843766, 3.0000000009244037, 3.0000000009244037, 3.0000000009244037, 3.0000000009244037, 3.0000000009244037, 3.0000000009244037, 3.0000000009244037, 3.000000000816166, 3.000000000290432, 3.000000000208749, 3.0000000000323066, 3.0000000000323066, 3.0000000000323066, 3.000000000003933, 3.000000000003933, 3.000000000003933, 3.000000000003933, 3.000000000003933, 3.000000000003933, 3.000000000003933, 3.000000000003933, 3.000000000003933, 3.000000000001265, 3.000000000001265, 3.0000000000010987, 3.0000000000007043, 3.0000000000001013, 3.0000000000001013, 3.0000000000001013, 3.0000000000001013, 3.0000000000001013, 3.000000000000096, 3.000000000000096, 3.000000000000096, 3.0000000000000235, 3.00000000000001, 2.9999999999999627, 2.9999999999999627, 2.999999999999961, 2.999999999999961, 2.9999999999999556, 2.9999999999999556, 2.9999999999999556, 2.9999999999999556, 2.99999999999994, 2.99999999999994]","{""crossover_rate"": 0.7, ""max_iterations"": 120, ""mutation_factor"": 0.8, ""population_size"": 40}"
goldstein_price,Goldstein-Price,99,2176,de,Evolucion diferencial,2,"[-2.0, 2.0]","[0.0, -1.0]","[-1.908961038745363e-09, -1.0000000055691267]",2.9999999999999454,5.887215353543669e-09,120,4840,"[24.81297871395007, 24.81297871395007, 24.81297871395007, 12.839091306779721, 12.839091306779721, 12.839091306779721, 9.739096162711336, 9.739096162711336, 9.739096162711336, 9.739096162711336, 9.739096162711336, 9.739096162711336, 9.739096162711336, 9.739096162711336, 9.739096162711336, 8.072824524914562, 4.134760615314589, 3.246126153275637, 3.246126153275637, 3.246126153275637, 3.1737396043955566, 3.1737396043955566, 3.1737396043955566, 3.172596956155829, 3.076235101228912, 3.0033411139852544, 3.0033411139852544, 3.0033411139852544, 3.0033411139852544, 3.0033411139852544, 3.0033411139852544, 3.0033411139852544, 3.0033411139852544, 3.001565930898381, 3.001565930898381, 3.000666805651654, 3.000666805651654, 3.0002569726431014, 3.0002569726431014, 3.0002569726431014, 3.0002569726431014, 3.0000142417099513, 3.0000142417099513, 3.0000142417099513, 3.0000142417099513, 3.0000142417099513, 3.0000142417099513, 3.0000142417099513, 3.0000142417099513, 3.0000142417099513, 3.0000142417099513, 3.000005895292589, 3.000001333392871, 3.000001333392871, 3.000001333392871, 3.000001333392871, 3.0000007684848984, 3.0000007684848984, 3.0000007684848984, 3.0000007684848984, 3.0000007684848984, 3.000000714046012, 3.0000003279089027, 3.0000002795568643, 3.000000111597539, 3.000000111597539, 3.000000111597539, 3.000000111597539, 3.0000000080318374, 3.0000000080318374, 3.0000000080318374, 3.0000000080318374, 3.000000004127639, 3.0000000019493474, 3.0000000019493474, 3.000000000546797, 3.000000000546797, 3.000000000546797, 3.0000000003163754, 3.0000000003163754, 3.0000000003163754, 3.0000000003163754, 3.0000000003163754, 3.0000000001819647, 3.000000000005986, 3.000000000005986, 3.000000000005986, 3.000000000005986, 3.000000000005986, 3.000000000005986, 3.000000000005986, 3.000000000005986, 3.000000000005986, 3.000000000005986, 3.000000000005986, 3.0000000000058207, 3.0000000000017644, 3.0000000000001084, 3.0000000000001084, 3.0000000000001084, 3.0000000000001084, 3.0000000000001084, 3.000000000000067, 3.000000000000067, 3.000000000000041, 2.9999999999999685, 2.9999999999999685, 2.9999999999999685, 2.9999999999999685, 2.9999999999999454, 2.9999999999999454, 2.9999999999999454, 2.9999999999999454, 2.9999999999999454, 2.9999999999999454, 2.9999999999999454, 2.9999999999999454, 2.9999999999999454, 2.9999999999999454, 2.9999999999999454, 2.9999999999999454]","{""crossover_rate"": 0.7, ""max_iterations"": 120, ""mutation_factor"": 0.8, ""population_size"": 40}"
goldstein_price,Goldstein-Price,100,2207,de,Evolucion diferencial,2,"[-2.0, 2.0]","[0.0, -1.0]","[-6.815319219543694e-09, -1.0000000041676993]",2.9999999999999387,7.988635270978167e-09,120,4840,"[61.295544462519985, 61.295544462519985, 6.0618047048582895, 6.0618047048582895, 6.0618047048582895, 6.0618047048582895, 6.0618047048582895, 6.0618047048582895, 6.0618047048582895, 6.0618047048582895, 3.625483379339169, 3.625483379339169, 3.625483379339169, 3.625483379339169, 3.625483379339169, 3.625483379339169, 3.625483379339169, 3.583259919861777, 3.582083243532998, 3.021494261178871, 3.021494261178871, 3.021494261178871, 3.0178545813073114, 3.003400545958838, 3.003400545958838, 3.003400545958838, 3.003400545958838, 3.003400545958838, 3.003400545958838, 3.001636046763148, 3.001636046763148, 3.0008985712337415, 3.0008985712337415, 3.0005022335619183, 3.0005022335619183, 3.0005022335619183, 3.0001111317989655, 3.0000025962732906, 3.0000025962732906, 3.0000025962732906, 3.0000025962732906, 3.0000025962732906, 3.0000025962732906, 3.0000025962732906, 3.0000025962732906, 3.0000025962732906, 3.0000025962732906, 3.0000025962732906, 3.0000025962732906, 3.0000025962732906, 3.0000025962732906, 3.000000135613988, 3.000000135613988, 3.000000135613988, 3.000000135613988, 3.0000000351605287, 3.0000000351605287, 3.0000000351605287, 3.000000017621605, 3.000000017621605, 3.000000017621605, 3.000000017621605, 3.0000000057989196, 3.0000000057989196, 3.0000000057989196, 3.0000000057989196, 3.0000000032769663, 3.000000001079152, 3.000000001079152, 3.0000000010638073, 3.0000000010638073, 3.0000000010638073, 3.0000000010638073, 3.000000000692424, 3.000000000296442, 3.0000000002172564, 3.000000000003464, 3.000000000003464, 3.000000000003464, 3.000000000003464, 3.000000000003464, 3.000000000003464, 3.000000000003464, 3.000000000003464, 3.000000000003464, 3.000000000003464, 3.000000000003464, 3.000000000003464, 3.0000000000014895, 3.0000000000009805, 3.0000000000004405, 3.0000000000004405, 3.0000000000004405, 3.0000000000004405, 3.0000000000004405, 3.000000000000213, 3.000000000000117, 3.000000000000117, 3.000000000000117, 3.000000000000117, 2.999999999999967, 2.999999999999967, 2.999999999999967, 2.9999999999999574, 2.9999999999999574, 2.9999999999999574, 2.9999999999999574, 2.9999999999999574, 2.9999999999999574, 2.9999999999999574, 2.9999999999999574, 2.99999999999995, 2.99999999999995, 2.9999999999999387, 2.9999999999999387, 2.9999999999999387, 2.9999999999999387, 2.9999999999999387, 2.9999999999999387, 2.9999999999999387, 2.9999999999999387]","{""crossover_rate"": 0.7, ""max_iterations"": 120, ""mutation_factor"": 0.8, ""population_size"": 40}"
