funcion,nombre_funcion,corrida,semilla,metodo,dimension,limites,posicion_inicial,posicion_final,valor_final,iteraciones,evaluaciones,parametros
rastrigin,Rastrigin,1,2140,gradient,2,"[-5.12, 5.12]","[2.7755954831752785, -1.2794610618200308]","[2.98485501995408, -0.9949596166466498]",9.949560298861972,26,28,"{""max_iterations"": 1000, ""rate"": 0.001, ""tolerance"": 1e-06}"
rastrigin,Rastrigin,2,2141,gradient,2,"[-5.12, 5.12]","[-1.4773613777785513, 1.140116327784754]","[-0.9949598205120276, 0.994958653274631]",1.989918114464075,32,34,"{""max_iterations"": 1000, ""rate"": 0.001, ""tolerance"": 1e-06}"
rastrigin,Rastrigin,3,2142,gradient,2,"[-5.12, 5.12]","[-4.474197270769645, 3.6131978824550055]","[-3.9797849426974716, 3.9797834971498567]",31.838487585179585,31,33,"{""max_iterations"": 1000, ""rate"": 0.001, ""tolerance"": 1e-06}"
rastrigin,Rastrigin,4,2143,gradient,2,"[-5.12, 5.12]","[1.4664437868033504, -4.205838849394761]","[0.9949598622460826, -3.979783911186147]",16.9142028498527,31,33,"{""max_iterations"": 1000, ""rate"": 0.001, ""tolerance"": 1e-06}"
rastrigin,Rastrigin,5,2144,gradient,2,"[-5.12, 5.12]","[0.6118463151021514, -2.7410940323531907]","[0.9949574320422145, -2.984855363250247]",9.949560298891054,28,30,"{""max_iterations"": 1000, ""rate"": 0.001, ""tolerance"": 1e-06}"
rastrigin,Rastrigin,6,2145,gradient,2,"[-5.12, 5.12]","[-3.5803820858644233, 0.5183951160153626]","[-3.9797837019797635, 0.9949574845489154]",16.91420284982342,34,36,"{""max_iterations"": 1000, ""rate"": 0.001, ""tolerance"": 1e-06}"
rastrigin,Rastrigin,7,2146,gradient,2,"[-5.12, 5.12]","[2.6148190293739138, 5.108870613604377]","[2.9848543024567715, 4.974691512642628]",33.82832417641846,28,30,"{""max_iterations"": 1000, ""rate"": 0.001, ""tolerance"": 1e-06}"
rastrigin,Rastrigin,8,2147,gradient,2,"[-5.12, 5.12]","[1.4496238305043576, 1.9443367891920298]","[0.9949598384021295, 1.9899122210413418]",4.974790247933312,30,32,"{""max_iterations"": 1000, ""rate"": 0.001, ""tolerance"": 1e-06}"
rastrigin,Rastrigin,9,2148,gradient,2,"[-5.12, 5.12]","[3.880610184809332, 2.585045547911644]","[3.979783803447534, 2.984854234703958]",24.873845034373833,29,31,"{""max_iterations"": 1000, ""rate"": 0.001, ""tolerance"": 1e-06}"
rastrigin,Rastrigin,10,2188,gradient,2,"[-5.12, 5.12]","[-0.5909230168947639, -4.6237357634068035]","[-0.9949576172157854, -4.974690432700608]",25.868681992021862,29,31,"{""max_iterations"": 1000, ""rate"": 0.001, ""tolerance"": 1e-06}"
rastrigin,Rastrigin,11,2189,gradient,2,"[-5.12, 5.12]","[1.2594346718116904, 3.14241845396269]","[0.9949600180928531, 2.984856304461103]",9.949560299030086,25,27,"{""max_iterations"": 1000, ""rate"": 0.001, ""tolerance"": 1e-06}"
rastrigin,Rastrigin,12,2190,gradient,2,"[-5.12, 5.12]","[4.571052976593816, -3.3446680872339107]","[4.974690244300964, -2.9848558430624577]",33.828324176290764,31,33,"{""max_iterations"": 1000, ""rate"": 0.001, ""tolerance"": 1e-06}"
rastrigin,Rastrigin,13,2191,gradient,2,"[-5.12, 5.12]","[1.1651901575101258, 0.8826814479900991]","[0.9949597349579862, 0.9949579604413007]",1.9899181145162839,24,26,"{""max_iterations"": 1000, ""rate"": 0.001, ""tolerance"": 1e-06}"
rastrigin,Rastrigin,14,2192,gradient,2,"[-5.12, 5.12]","[-4.188915575122203, 3.048359378384643]","[-3.979784769392561, 2.9848559223236713]",24.873845034120862,25,27,"{""max_iterations"": 1000, ""rate"": 0.001, ""tolerance"": 1e-06}"
rastrigin,Rastrigin,15,2193,gradient,2,"[-5.12, 5.12]","[5.112702735250417, 0.09211610175106255]","[4.974692309602916, 5.257436165265502e-07]",24.873722934762412,24,26,"{""max_iterations"": 1000, ""rate"": 0.001, ""tolerance"": 1e-06}"
rastrigin,Rastrigin,16,2194,gradient,2,"[-5.12, 5.12]","[1.1492268388793203, -4.077335604269637]","[0.9949595989803598, -3.979784456470309]",16.91420284980802,24,26,"{""max_iterations"": 1000, ""rate"": 0.001, ""tolerance"": 1e-06}"
rastrigin,Rastrigin,17,2195,gradient,2,"[-5.12, 5.12]","[-4.77270281365739, -4.220617646942238]","[-4.97469059653605, -3.979784548171002]",40.792966727220495,26,28,"{""max_iterations"": 1000, ""rate"": 0.001, ""tolerance"": 1e-06}"
rastrigin,Rastrigin,18,2196,gradient,2,"[-5.12, 5.12]","[4.407337484546232, -3.858631711137389]","[3.9797851639863993, -3.9797837399339904]",31.838487585260403,28,30,"{""max_iterations"": 1000, ""rate"": 0.001, ""tolerance"": 1e-06}"
rastrigin,Rastrigin,19,2197,gradient,2,"[-5.12, 5.12]","[-2.0564115806261225, 3.5996234429140648]","[-1.9899122636700122, 3.9797825965991036]",19.899074983330078,29,31,"{""max_iterations"": 1000, ""rate"": 0.001, ""tolerance"": 1e-06}"
rastrigin,Rastrigin,20,2189,gradient,2,"[-5.12, 5.12]","[1.2594346718116904, 3.14241845396269]","[0.9949600180928531, 2.984856304461103]",9.949560299030086,25,27,"{""max_iterations"": 1000, ""rate"": 0.001, ""tolerance"": 1e-06}"
rastrigin,Rastrigin,21,2190,gradient,2,"[-5.12, 5.12]","[4.571052976593816, -3.3446680872339107]","[4.974690244300964, -2.9848558430624577]",33.828324176290764,31,33,"{""max_iterations"": 1000, ""rate"": 0.001, ""tolerance"": 1e-06}"
rastrigin,Rastrigin,22,2191,gradient,2,"[-5.12, 5.12]","[1.1651901575101258, 0.8826814479900991]","[0.9949597349579862, 0.9949579604413007]",1.9899181145162839,24,26,"{""max_iterations"": 1000, ""rate"": 0.001, ""tolerance"": 1e-06}"
rastrigin,Rastrigin,23,2192,gradient,2,"[-5.12, 5.12]","[-4.188915575122203, 3.048359378384643]","[-3.979784769392561, 2.9848559223236713]",24.873845034120862,25,27,"{""max_iterations"": 1000, ""rate"": 0.001, ""tolerance"": 1e-06}"
rastrigin,Rastrigin,24,2193,gradient,2,"[-5.12, 5.12]","[5.112702735250417, 0.09211610175106255]","[4.974692309602916, 5.257436165265502e-07]",24.873722934762412,24,26,"{""max_iterations"": 1000, ""rate"": 0.001, ""tolerance"": 1e-06}"
rastrigin,Rastrigin,25,2194,gradient,2,"[-5.12, 5.12]","[1.1492268388793203, -4.077335604269637]","[0.9949595989803598, -3.979784456470309]",16.91420284980802,24,26,"{""max_iterations"": 1000, ""rate"": 0.001, ""tolerance"": 1e-06}"
rastrigin,Rastrigin,26,2195,gradient,2,"[-5.12, 5.12]","[-4.77270281365739, -4.220617646942238]","[-4.97469059653605, -3.979784548171002]",40.792966727220495,26,28,"{""max_iterations"": 1000, ""rate"": 0.001, ""tolerance"": 1e-06}"
rastrigin,Rastrigin,27,2196,gradient,2,"[-5.12, 5.12]","[4.407337484546232, -3.858631711137389]","[3.9797851639863993, -3.9797837399339904]",31.838487585260403,28,30,"{""max_iterations"": 1000, ""rate"": 0.001, ""tolerance"": 1e-06}"
rastrigin,Rastrigin,28,2197,gradient,2,"[-5.12, 5.12]","[-2.0564115806261225, 3.5996234429140648]","[-1.9899122636700122, 3.9797825965991036]",19.899074983330078,29,31,"{""max_iterations"": 1000, ""rate"": 0.001, ""tolerance"": 1e-06}"
rastrigin,Rastrigin,29,2198,gradient,2,"[-5.12, 5.12]","[-3.0201655157792584, -3.5324299233027263]","[-2.9848557023690994, -3.9797823709485947]",24.873845034385084,34,36,"{""max_iterations"": 1000, ""rate"": 0.001, ""tolerance"": 1e-06}"
rastrigin,Rastrigin,30,2190,gradient,2,"[-5.12, 5.12]","[4.571052976593816, -3.3446680872339107]","[4.974690244300964, -2.9848558430624577]",33.828324176290764,31,33,"{""max_iterations"": 1000, ""rate"": 0.001, ""tolerance"": 1e-06}"
rastrigin,Rastrigin,31,2191,gradient,2,"[-5.12, 5.12]","[1.1651901575101258, 0.8826814479900991]","[0.9949597349579862, 0.9949579604413007]",1.9899181145162839,24,26,"{""max_iterations"": 1000, ""rate"": 0.001, ""tolerance"": 1e-06}"
rastrigin,Rastrigin,32,2192,gradient,2,"[-5.12, 5.12]","[-4.188915575122203, 3.048359378384643]","[-3.979784769392561, 2.9848559223236713]",24.873845034120862,25,27,"{""max_iterations"": 1000, ""rate"": 0.001, ""tolerance"": 1e-06}"
rastrigin,Rastrigin,33,2193,gradient,2,"[-5.12, 5.12]","[5.112702735250417, 0.09211610175106255]","[4.974692309602916, 5.257436165265502e-07]",24.873722934762412,24,26,"{""max_iterations"": 1000, ""rate"": 0.001, ""tolerance"": 1e-06}"
rastrigin,Rastrigin,34,2194,gradient,2,"[-5.12, 5.12]","[1.1492268388793203, -4.077335604269637]","[0.9949595989803598, -3.979784456470309]",16.91420284980802,24,26,"{""max_iterations"": 1000, ""rate"": 0.001, ""tolerance"": 1e-06}"
rastrigin,Rastrigin,35,2195,gradient,2,"[-5.12, 5.12]","[-4.77270281365739, -4.220617646942238]","[-4.97469059653605, -3.979784548171002]",40.792966727220495,26,28,"{""max_iterations"": 1000, ""rate"": 0.001, ""tolerance"": 1e-06}"
rastrigin,Rastrigin,36,2196,gradient,2,"[-5.12, 5.12]","[4.407337484546232, -3.858631711137389]","[3.9797851639863993, -3.9797837399339904]",31.838487585260403,28,30,"{""max_iterations"": 1000, ""rate"": 0.001, ""tolerance"": 1e-06}"
rastrigin,Rastrigin,37,2197,gradient,2,"[-5.12, 5.12]","[-2.0564115806261225, 3.5996234429140648]","[-1.9899122636700122, 3.9797825965991036]",19.899074983330078,29,31,"{""max_iterations"": 1000, ""rate"": 0.001, ""tolerance"": 1e-06}"
rastrigin,Rastrigin,38,2198,gradient,2,"[-5.12, 5.12]","[-3.0201655157792584, -3.5324299233027263]","[-2.9848557023690994, -3.9797823709485947]",24.873845034385084,34,36,"{""max_iterations"": 1000, ""rate"": 0.001, ""tolerance"": 1e-06}"
rastrigin,Rastrigin,39,2199,gradient,2,"[-5.12, 5.12]","[-3.9413558355895635, -3.8510546208960728]","[-3.9797836169616945, -3.9797828963394077]",31.83848758511759,24,26,"{""max_iterations"": 1000, ""rate"": 0.001, ""tolerance"": 1e-06}"
rastrigin,Rastrigin,40,2191,gradient,2,"[-5.12, 5.12]","[1.1651901575101258, 0.8826814479900991]","[0.9949597349579862, 0.9949579604413007]",1.9899181145162839,24,26,"{""max_iterations"": 1000, ""rate"": 0.001, ""tolerance"": 1e-06}"
rastrigin,Rastrigin,41,2192,gradient,2,"[-5.12, 5.12]","[-4.188915575122203, 3.048359378384643]","[-3.979784769392561, 2.9848559223236713]",24.873845034120862,25,27,"{""max_iterations"": 1000, ""rate"": 0.001, ""tolerance"": 1e-06}"
rastrigin,Rastrigin,42,2193,gradient,2,"[-5.12, 5.12]","[5.112702735250417, 0.09211610175106255]","[4.974692309602916, 5.257436165265502e-07]",24.873722934762412,24,26,"{""max_iterations"": 1000, ""rate"": 0.001, ""tolerance"": 1e-06}"
rastrigin,Rastrigin,43,2194,gradient,2,"[-5.12, 5.12]","[1.1492268388793203, -4.077335604269637]","[0.9949595989803598, -3.979784456470309]",16.91420284980802,24,26,"{""max_iterations"": 1000, ""rate"": 0.001, ""tolerance"": 1e-06}"
rastrigin,Rastrigin,44,2195,gradient,2,"[-5.12, 5.12]","[-4.77270281365739, -4.220617646942238]","[-4.97469059653605, -3.979784548171002]",40.792966727220495,26,28,"{""max_iterations"": 1000, ""rate"": 0.001, ""tolerance"": 1e-06}"
rastrigin,Rastrigin,45,2196,gradient,2,"[-5.12, 5.12]","[4.407337484546232, -3.858631711137389]","[3.9797851639863993, -3.9797837399339904]",31.838487585260403,28,30,"{""max_iterations"": 1000, ""rate"": 0.001, ""tolerance"": 1e-06}"
rastrigin,Rastrigin,46,2197,gradient,2,"[-5.12, 5.12]","[-2.0564115806261225, 3.5996234429140648]","[-1.9899122636700122, 3.9797825965991036]",19.899074983330078,29,31,"{""max_iterations"": 1000, ""rate"": 0.001, ""tolerance"": 1e-06}"
rastrigin,Rastrigin,47,2198,gradient,2,"[-5.12, 5.12]","[-3.0201655157792584, -3.5324299233027263]","[-2.9848557023690994, -3.9797823709485947]",24.873845034385084,34,36,"{""max_iterations"": 1000, ""rate"": 0.001, ""tolerance"": 1e-06}"
rastrigin,Rastrigin,48,2199,gradient,2,"[-5.12, 5.12]","[-3.9413558355895635, -3.8510546208960728]","[-3.9797836169616945, -3.9797828963394077]",31.83848758511759,24,26,"{""max_iterations"": 1000, ""rate"": 0.001, ""tolerance"": 1e-06}"
rastrigin,Rastrigin,49,2200,gradient,2,"[-5.12, 5.12]","[2.698948383593887, -2.2294243683706942]","[2.984854331092124, -1.989912905770093]",12.934432432501183,26,28,"{""max_iterations"": 1000, ""rate"": 0.001, ""tolerance"": 1e-06}"
rastrigin,Rastrigin,50,2192,gradient,2,"[-5.12, 5.12]","[-4.188915575122203, 3.048359378384643]","[-3.979784769392561, 2.9848559223236713]",24.873845034120862,25,27,"{""max_iterations"": 1000, ""rate"": 0.001, ""tolerance"": 1e-06}"
rastrigin,Rastrigin,51,2193,gradient,2,"[-5.12, 5.12]","[5.112702735250417, 0.09211610175106255]","[4.974692309602916, 5.257436165265502e-07]",24.873722934762412,24,26,"{""max_iterations"": 1000, ""rate"": 0.001, ""tolerance"": 1e-06}"
rastrigin,Rastrigin,52,2194,gradient,2,"[-5.12, 5.12]","[1.1492268388793203, -4.077335604269637]","[0.9949595989803598, -3.979784456470309]",16.91420284980802,24,26,"{""max_iterations"": 1000, ""rate"": 0.001, ""tolerance"": 1e-06}"
rastrigin,Rastrigin,53,2195,gradient,2,"[-5.12, 5.12]","[-4.77270281365739, -4.220617646942238]","[-4.97469059653605, -3.979784548171002]",40.792966727220495,26,28,"{""max_iterations"": 1000, ""rate"": 0.001, ""tolerance"": 1e-06}"
rastrigin,Rastrigin,54,2196,gradient,2,"[-5.12, 5.12]","[4.407337484546232, -3.858631711137389]","[3.9797851639863993, -3.9797837399339904]",31.838487585260403,28,30,"{""max_iterations"": 1000, ""rate"": 0.001, ""tolerance"": 1e-06}"
rastrigin,Rastrigin,55,2197,gradient,2,"[-5.12, 5.12]","[-2.0564115806261225, 3.5996234429140648]","[-1.9899122636700122, 3.9797825965991036]",19.899074983330078,29,31,"{""max_iterations"": 1000, ""rate"": 0.001, ""tolerance"": 1e-06}"
rastrigin,Rastrigin,56,2198,gradient,2,"[-5.12, 5.12]","[-3.0201655157792584, -3.5324299233027263]","[-2.9848557023690994, -3.9797823709485947]",24.873845034385084,34,36,"{""max_iterations"": 1000, ""rate"": 0.001, ""tolerance"": 1e-06}"
rastrigin,Rastrigin,57,2199,gradient,2,"[-5.12, 5.12]","[-3.9413558355895635, -3.8510546208960728]","[-3.9797836169616945, -3.9797828963394077]",31.83848758511759,24,26,"{""max_iterations"": 1000, ""rate"": 0.001, ""tolerance"": 1e-06}"
rastrigin,Rastrigin,58,2200,gradient,2,"[-5.12, 5.12]","[2.698948383593887, -2.2294243683706942]","[2.984854331092124, -1.989912905770093]",12.934432432501183,26,28,"{""max_iterations"": 1000, ""rate"": 0.001, ""tolerance"": 1e-06}"
rastrigin,Rastrigin,59,2201,gradient,2,"[-5.12, 5.12]","[1.9983553688670055, -1.8334092752037043]","[1.9899122805406562, -1.9899111446030744]",7.959662381343463,24,26,"{""max_iterations"": 1000, ""rate"": 0.001, ""tolerance"": 1e-06}"
rastrigin,Rastrigin,60,2193,gradient,2,"[-5.12, 5.12]","[5.112702735250417, 0.09211610175106255]","[4.974692309602916, 5.257436165265502e-07]",24.873722934762412,24,26,"{""max_iterations"": 1000, ""rate"": 0.001, ""tolerance"": 1e-06}"
rastrigin,Rastrigin,61,2194,gradient,2,"[-5.12, 5.12]","[1.1492268388793203, -4.077335604269637]","[0.9949595989803598, -3.979784456470309]",16.91420284980802,24,26,"{""max_iterations"": 1000, ""rate"": 0.001, ""tolerance"": 1e-06}"
rastrigin,Rastrigin,62,2195,gradient,2,"[-5.12, 5.12]","[-4.77270281365739, -4.220617646942238]","[-4.97469059653605, -3.979784548171002]",40.792966727220495,26,28,"{""max_iterations"": 1000, ""rate"": 0.001, ""tolerance"": 1e-06}"
rastrigin,Rastrigin,63,2196,gradient,2,"[-5.12, 5.12]","[4.407337484546232, -3.858631711137389]","[3.9797851639863993, -3.9797837399339904]",31.838487585260403,28,30,"{""max_iterations"": 1000, ""rate"": 0.001, ""tolerance"": 1e-06}"
rastrigin,Rastrigin,64,2197,gradient,2,"[-5.12, 5.12]","[-2.0564115806261225, 3.5996234429140648]","[-1.9899122636700122, 3.9797825965991036]",19.899074983330078,29,31,"{""max_iterations"": 1000, ""rate"": 0.001, ""tolerance"": 1e-06}"
rastrigin,Rastrigin,65,2198,gradient,2,"[-5.12, 5.12]","[-3.0201655157792584, -3.5324299233027263]","[-2.9848557023690994, -3.9797823709485947]",24.873845034385084,34,36,"{""max_iterations"": 1000, ""rate"": 0.001, ""tolerance"": 1e-06}"
rastrigin,Rastrigin,66,2199,gradient,2,"[-5.12, 5.12]","[-3.9413558355895635, -3.8510546208960728]","[-3.9797836169616945, -3.9797828963394077]",31.83848758511759,24,26,"{""max_iterations"": 1000, ""rate"": 0.001, ""tolerance"": 1e-06}"
rastrigin,Rastrigin,67,2200,gradient,2,"[-5.12, 5.12]","[2.698948383593887, -2.2294243683706942]","[2.984854331092124, -1.989912905770093]",12.934432432501183,26,28,"{""max_iterations"": 1000, ""rate"": 0.001, ""tolerance"": 1e-06}"
rastrigin,Rastrigin,68,2201,gradient,2,"[-5.12, 5.12]","[1.9983553688670055, -1.8334092752037043]","[1.9899122805406562, -1.9899111446030744]",7.959662381343463,24,26,"{""max_iterations"": 1000, ""rate"": 0.001, ""tolerance"": 1e-06}"
rastrigin,Rastrigin,69,2202,gradient,2,"[-5.12, 5.12]","[0.1247325497493561, -4.278741675374247]","[2.719974453324858e-07, -3.9797849019603015]",15.919243792689754,26,28,"{""max_iterations"": 1000, ""rate"": 0.001, ""tolerance"": 1e-06}"
rastrigin,Rastrigin,70,2194,gradient,2,"[-5.12, 5.12]","[1.1492268388793203, -4.077335604269637]","[0.9949595989803598, -3.979784456470309]",16.91420284980802,24,26,"{""max_iterations"": 1000, ""rate"": 0.001, ""tolerance"": 1e-06}"
rastrigin,Rastrigin,71,2195,gradient,2,"[-5.12, 5.12]","[-4.77270281365739, -4.220617646942238]","[-4.97469059653605, -3.979784548171002]",40.792966727220495,26,28,"{""max_iterations"": 1000, ""rate"": 0.001, ""tolerance"": 1e-06}"
rastrigin,Rastrigin,72,2196,gradient,2,"[-5.12, 5.12]","[4.407337484546232, -3.858631711137389]","[3.9797851639863993, -3.9797837399339904]",31.838487585260403,28,30,"{""max_iterations"": 1000, ""rate"": 0.001, ""tolerance"": 1e-06}"
rastrigin,Rastrigin,73,2197,gradient,2,"[-5.12, 5.12]","[-2.0564115806261225, 3.5996234429140648]","[-1.9899122636700122, 3.9797825965991036]",19.899074983330078,29,31,"{""max_iterations"": 1000, ""rate"": 0.001, ""tolerance"": 1e-06}"
rastrigin,Rastrigin,74,2198,gradient,2,"[-5.12, 5.12]","[-3.0201655157792584, -3.5324299233027263]","[-2.9848557023690994, -3.9797823709485947]",24.873845034385084,34,36,"{""max_iterations"": 1000, ""rate"": 0.001, ""tolerance"": 1e-06}"
rastrigin,Rastrigin,75,2199,gradient,2,"[-5.12, 5.12]","[-3.9413558355895635, -3.8510546208960728]","[-3.9797836169616945, -3.9797828963394077]",31.83848758511759,24,26,"{""max_iterations"": 1000, ""rate"": 0.001, ""tolerance"": 1e-06}"
rastrigin,Rastrigin,76,2200,gradient,2,"[-5.12, 5.12]","[2.698948383593887, -2.2294243683706942]","[2.984854331092124, -1.989912905770093]",12.934432432501183,26,28,"{""max_iterations"": 1000, ""rate"": 0.001, ""tolerance"": 1e-06}"
rastrigin,Rastrigin,77,2201,gradient,2,"[-5.12, 5.12]","[1.9983553688670055, -1.8334092752037043]","[1.9899122805406562, -1.9899111446030744]",7.959662381343463,24,26,"{""max_iterations"": 1000, ""rate"": 0.001, ""tolerance"": 1e-06}"
rastrigin,Rastrigin,78,2202,gradient,2,"[-5.12, 5.12]","[0.1247325497493561, -4.278741675374247]","[2.719974453324858e-07, -3.9797849019603015]",15.919243792689754,26,28,"{""max_iterations"": 1000, ""rate"": 0.001, ""tolerance"": 1e-06}"
rastrigin,Rastrigin,79,2203,gradient,2,"[-5.12, 5.12]","[-3.353147005459589, 1.9528438961467627]","[-2.984856852211593, 1.989912187308204]",12.934432432303252,27,29,"{""max_iterations"": 1000, ""rate"": 0.001, ""tolerance"": 1e-06}"
rastrigin,Rastrigin,80,2195,gradient,2,"[-5.12, 5.12]","[-4.77270281365739, -4.220617646942238]","[-4.97469059653605, -3.979784548171002]",40.792966727220495,26,28,"{""max_iterations"": 1000, ""rate"": 0.001, ""tolerance"": 1e-06}"
rastrigin,Rastrigin,81,2196,gradient,2,"[-5.12, 5.12]","[4.407337484546232, -3.858631711137389]","[3.9797851639863993, -3.9797837399339904]",31.838487585260403,28,30,"{""max_iterations"": 1000, ""rate"": 0.001, ""tolerance"": 1e-06}"
rastrigin,Rastrigin,82,2197,gradient,2,"[-5.12, 5.12]","[-2.0564115806261225, 3.5996234429140648]","[-1.9899122636700122, 3.9797825965991036]",19.899074983330078,29,31,"{""max_iterations"": 1000, ""rate"": 0.001, ""tolerance"": 1e-06}"
rastrigin,Rastrigin,83,2198,gradient,2,"[-5.12, 5.12]","[-3.0201655157792584, -3.5324299233027263]","[-2.9848557023690994, -3.9797823709485947]",24.873845034385084,34,36,"{""max_iterations"": 1000, ""rate"": 0.001, ""tolerance"": 1e-06}"
rastrigin,Rastrigin,84,2199,gradient,2,"[-5.12, 5.12]","[-3.9413558355895635, -3.8510546208960728]","[-3.9797836169616945, -3.9797828963394077]",31.83848758511759,24,26,"{""max_iterations"": 1000, ""rate"": 0.001, ""tolerance"": 1e-06}"
rastrigin,Rastrigin,85,2200,gradient,2,"[-5.12, 5.12]","[2.698948383593887, -2.2294243683706942]","[2.984854331092124, -1.989912905770093]",12.934432432501183,26,28,"{""max_iterations"": 1000, ""rate"": 0.001, ""tolerance"": 1e-06}"
rastrigin,Rastrigin,86,2201,gradient,2,"[-5.12, 5.12]","[1.9983553688670055, -1.8334092752037043]","[1.9899122805406562, -1.9899111446030744]",7.959662381343463,24,26,"{""max_iterations"": 1000, ""rate"": 0.001, ""tolerance"": 1e-06}"
rastrigin,Rastrigin,87,2202,gradient,2,"[-5.12, 5.12]","[0.1247325497493561, -4.278741675374247]","[2.719974453324858e-07, -3.9797849019603015]",15.919243792689754,26,28,"{""max_iterations"": 1000, ""rate"": 0.001, ""tolerance"": 1e-06}"
rastrigin,Rastrigin,88,2203,gradient,2,"[-5.12, 5.12]","[-3.353147005459589, 1.9528438961467627]","[-2.984856852211593, 1.989912187308204]",12.934432432303252,27,29,"{""max_iterations"": 1000, ""rate"": 0.001, ""tolerance"": 1e-06}"
rastrigin,Rastrigin,89,2204,gradient,2,"[-5.12, 5.12]","[-4.412644751232339, 1.6105834460992003]","[-3.979784710354853, 1.9899114223958483]",19.899074983288155,29,31,"{""max_iterations"": 1000, ""rate"": 0.001, ""tolerance"": 1e-06}"
rastrigin,Rastrigin,90,2196,gradient,2,"[-5.12, 5.12]","[4.407337484546232, -3.858631711137389]","[3.9797851639863993, -3.9797837399339904]",31.838487585260403,28,30,"{""max_iterations"": 1000, ""rate"": 0.001, ""tolerance"": 1e-06}"
rastrigin,Rastrigin,91,2197,gradient,2,"[-5.12, 5.12]","[-2.0564115806261225, 3.5996234429140648]","[-1.9899122636700122, 3.9797825965991036]",19.899074983330078,29,31,"{""max_iterations"": 1000, ""rate"": 0.001, ""tolerance"": 1e-06}"
rastrigin,Rastrigin,92,2198,gradient,2,"[-5.12, 5.12]","[-3.0201655157792584, -3.5324299233027263]","[-2.9848557023690994, -3.9797823709485947]",24.873845034385084,34,36,"{""max_iterations"": 1000, ""rate"": 0.001, ""tolerance"": 1e-06}"
rastrigin,Rastrigin,93,2199,gradient,2,"[-5.12, 5.12]","[-3.9413558355895635, -3.8510546208960728]","[-3.9797836169616945, -3.9797828963394077]",31.83848758511759,24,26,"{""max_iterations"": 1000, ""rate"": 0.001, ""tolerance"": 1e-06}"
rastrigin,Rastrigin,94,2200,gradient,2,"[-5.12, 5.12]","[2.698948383593887, -2.2294243683706942]","[2.984854331092124, -1.989912905770093]",12.934432432501183,26,28,"{""max_iterations"": 1000, ""rate"": 0.001, ""tolerance"": 1e-06}"
rastrigin,Rastrigin,95,2201,gradient,2,"[-5.12, 5.12]","[1.9983553688670055, -1.8334092752037043]","[1.9899122805406562, -1.9899111446030744]",7.959662381343463,24,26,"{""max_iterations"": 1000, ""rate"": 0.001, ""tolerance"": 1e-06}"
rastrigin,Rastrigin,96,2202,gradient,2,"[-5.12, 5.12]","[0.1247325497493561, -4.278741675374247]","[2.719974453324858e-07, -3.9797849019603015]",15.919243792689754,26,28,"{""max_iterations"": 1000, ""rate"": 0.001, ""tolerance"": 1e-06}"
rastrigin,Rastrigin,97,2203,gradient,2,"[-5.12, 5.12]","[-3.353147005459589, 1.9528438961467627]","[-2.984856852211593, 1.989912187308204]",12.934432432303252,27,29,"{""max_iterations"": 1000, ""rate"": 0.001, ""tolerance"": 1e-06}"
rastrigin,Rastrigin,98,2204,gradient,2,"[-5.12, 5.12]","[-4.412644751232339, 1.6105834460992003]","[-3.979784710354853, 1.9899114223958483]",19.899074983288155,29,31,"{""max_iterations"": 1000, ""rate"": 0.001, ""tolerance"": 1e-06}"
rastrigin,Rastrigin,99,2205,gradient,2,"[-5.12, 5.12]","[-3.7471383324759895, -4.928307152307745]","[-3.9797829284439725, -4.974691272147518]",40.792966727177415,26,28,"{""max_iterations"": 1000, ""rate"": 0.001, ""tolerance"": 1e-06}"
rastrigin,Rastrigin,100,2236,gradient,2,"[-5.12, 5.12]","[3.8099835867120975, 3.907768537683224]","[3.979782425907241, 3.979783381831568]",31.838487585373038,24,26,"{""max_iterations"": 1000, ""rate"": 0.001, ""tolerance"": 1e-06}"
rastrigin,Rastrigin,101,2237,gradient,2,"[-5.12, 5.12]","[-4.877281012905912, 2.136632811259643]","[-4.974690649831544, 1.9899131334746938]",28.853554125364195,24,26,"{""max_iterations"": 1000, ""rate"": 0.001, ""tolerance"": 1e-06}"
rastrigin,Rastrigin,102,2238,gradient,2,"[-5.12, 5.12]","[-1.5680078749980022, -0.19832798623299563]","[-1.9899110959265, -6.791598215613943e-08]",3.9798311908113178,30,32,"{""max_iterations"": 1000, ""rate"": 0.001, ""tolerance"": 1e-06}"
rastrigin,Rastrigin,103,2239,gradient,2,"[-5.12, 5.12]","[-1.123103501010045, -3.5755215240046074]","[-0.9949586744322955, -3.9797825313465163]",16.91420284990267,30,32,"{""max_iterations"": 1000, ""rate"": 0.001, ""tolerance"": 1e-06}"
rastrigin,Rastrigin,104,2240,gradient,2,"[-5.12, 5.12]","[-0.9001109309051314, 1.0444475500061126]","[-0.9949577157105874, 0.9949590867382436]",1.9899181143951168,23,25,"{""max_iterations"": 1000, ""rate"": 0.001, ""tolerance"": 1e-06}"
rastrigin,Rastrigin,105,2241,gradient,2,"[-5.12, 5.12]","[-1.3852354282911996, -0.35260115011325155]","[-0.9949596664981175, -7.232447575150676e-07]",0.994959057406966,28,30,"{""max_iterations"": 1000, ""rate"": 0.001, ""tolerance"": 1e-06}"
rastrigin,Rastrigin,106,2242,gradient,2,"[-5.12, 5.12]","[0.6870024489726969, 3.8995948814061956]","[0.9949572612141147, 3.9797836615933697]",16.914202849938277,26,28,"{""max_iterations"": 1000, ""rate"": 0.001, ""tolerance"": 1e-06}"
rastrigin,Rastrigin,107,2243,gradient,2,"[-5.12, 5.12]","[2.202026317894892, 0.10041792361216029]","[1.9899131410732593, 3.4953277956564956e-07]",3.979831190741338,25,27,"{""max_iterations"": 1000, ""rate"": 0.001, ""tolerance"": 1e-06}"
rastrigin,Rastrigin,108,2244,gradient,2,"[-5.12, 5.12]","[0.6064053260386064, 3.3429444389804877]","[0.9949573291465166, 2.9848563319675234]",9.949560298998437,28,30,"{""max_iterations"": 1000, ""rate"": 0.001, ""tolerance"": 1e-06}"
rastrigin,Rastrigin,109,2245,gradient,2,"[-5.12, 5.12]","[-1.0602182027843101, 3.7036353530941506]","[-0.9949587690266993, 3.9797824481935637]",16.914202849950684,26,28,"{""max_iterations"": 1000, ""rate"": 0.001, ""tolerance"": 1e-06}"
rastrigin,Rastrigin,110,2237,gradient,2,"[-5.12, 5.12]","[-4.877281012905912, 2.136632811259643]","[-4.974690649831544, 1.9899131334746938]",28.853554125364195,24,26,"{""max_iterations"": 1000, ""rate"": 0.001, ""tolerance"": 1e-06}"
rastrigin,Rastrigin,111,2238,gradient,2,"[-5.12, 5.12]","[-1.5680078749980022, -0.19832798623299563]","[-1.9899110959265, -6.791598215613943e-08]",3.9798311908113178,30,32,"{""max_iterations"": 1000, ""rate"": 0.001, ""tolerance"": 1e-06}"
rastrigin,Rastrigin,112,2239,gradient,2,"[-5.12, 5.12]","[-1.123103501010045, -3.5755215240046074]","[-0.9949586744322955, -3.9797825313465163]",16.91420284990267,30,32,"{""max_iterations"": 1000, ""rate"": 0.001, ""tolerance"": 1e-06}"
rastrigin,Rastrigin,113,2240,gradient,2,"[-5.12, 5.12]","[-0.9001109309051314, 1.0444475500061126]","[-0.9949577157105874, 0.9949590867382436]",1.9899181143951168,23,25,"{""max_iterations"": 1000, ""rate"": 0.001, ""tolerance"": 1e-06}"
rastrigin,Rastrigin,114,2241,gradient,2,"[-5.12, 5.12]","[-1.3852354282911996, -0.35260115011325155]","[-0.9949596664981175, -7.232447575150676e-07]",0.994959057406966,28,30,"{""max_iterations"": 1000, ""rate"": 0.001, ""tolerance"": 1e-06}"
rastrigin,Rastrigin,115,2242,gradient,2,"[-5.12, 5.12]","[0.6870024489726969, 3.8995948814061956]","[0.9949572612141147, 3.9797836615933697]",16.914202849938277,26,28,"{""max_iterations"": 1000, ""rate"": 0.001, ""tolerance"": 1e-06}"
rastrigin,Rastrigin,116,2243,gradient,2,"[-5.12, 5.12]","[2.202026317894892, 0.10041792361216029]","[1.9899131410732593, 3.4953277956564956e-07]",3.979831190741338,25,27,"{""max_iterations"": 1000, ""rate"": 0.001, ""tolerance"": 1e-06}"
rastrigin,Rastrigin,117,2244,gradient,2,"[-5.12, 5.12]","[0.6064053260386064, 3.3429444389804877]","[0.9949573291465166, 2.9848563319675234]",9.949560298998437,28,30,"{""max_iterations"": 1000, ""rate"": 0.001, ""tolerance"": 1e-06}"
rastrigin,Rastrigin,118,2245,gradient,2,"[-5.12, 5.12]","[-1.0602182027843101, 3.7036353530941506]","[-0.9949587690266993, 3.9797824481935637]",16.914202849950684,26,28,"{""max_iterations"": 1000, ""rate"": 0.001, ""tolerance"": 1e-06}"
rastrigin,Rastrigin,119,2246,gradient,2,"[-5.12, 5.12]","[-1.0665633752082693, 3.7746393135354124]","[-0.9949588777002268, 3.9797826623116292]",16.914202849848696,25,27,"{""max_iterations"": 1000, ""rate"": 0.001, ""tolerance"": 1e-06}"
rastrigin,Rastrigin,120,2238,gradient,2,"[-5.12, 5.12]","[-1.5680078749980022, -0.19832798623299563]","[-1.9899110959265, -6.791598215613943e-08]",3.9798311908113178,30,32,"{""max_iterations"": 1000, ""rate"": 0.001, ""tolerance"": 1e-06}"
rastrigin,Rastrigin,121,2239,gradient,2,"[-5.12, 5.12]","[-1.123103501010045, -3.5755215240046074]","[-0.9949586744322955, -3.9797825313465163]",16.91420284990267,30,32,"{""max_iterations"": 1000, ""rate"": 0.001, ""tolerance"": 1e-06}"
rastrigin,Rastrigin,122,2240,gradient,2,"[-5.12, 5.12]","[-0.9001109309051314, 1.0444475500061126]","[-0.9949577157105874, 0.9949590867382436]",1.9899181143951168,23,25,"{""max_iterations"": 1000, ""rate"": 0.001, ""tolerance"": 1e-06}"
rastrigin,Rastrigin,123,2241,gradient,2,"[-5.12, 5.12]","[-1.3852354282911996, -0.35260115011325155]","[-0.9949596664981175, -7.232447575150676e-07]",0.994959057406966,28,30,"{""max_iterations"": 1000, ""rate"": 0.001, ""tolerance"": 1e-06}"
rastrigin,Rastrigin,124,2242,gradient,2,"[-5.12, 5.12]","[0.6870024489726969, 3.8995948814061956]","[0.9949572612141147, 3.9797836615933697]",16.914202849938277,26,28,"{""max_iterations"": 1000, ""rate"": 0.001, ""tolerance"": 1e-06}"
rastrigin,Rastrigin,125,2243,gradient,2,"[-5.12, 5.12]","[2.202026317894892, 0.10041792361216029]","[1.9899131410732593, 3.4953277956564956e-07]",3.979831190741338,25,27,"{""max_iterations"": 1000, ""rate"": 0.001, ""tolerance"": 1e-06}"
rastrigin,Rastrigin,126,2244,gradient,2,"[-5.12, 5.12]","[0.6064053260386064, 3.3429444389804877]","[0.9949573291465166, 2.9848563319675234]",9.949560298998437,28,30,"{""max_iterations"": 1000, ""rate"": 0.001, ""tolerance"": 1e-06}"
rastrigin,Rastrigin,127,2245,gradient,2,"[-5.12, 5.12]","[-1.0602182027843101, 3.7036353530941506]","[-0.9949587690266993, 3.9797824481935637]",16.914202849950684,26,28,"{""max_iterations"": 1000, ""rate"": 0.001, ""tolerance"": 1e-06}"
rastrigin,Rastrigin,128,2246,gradient,2,"[-5.12, 5.12]","[-1.0665633752082693, 3.7746393135354124]","[-0.9949588777002268, 3.9797826623116292]",16.914202849848696,25,27,"{""max_iterations"": 1000, ""rate"": 0.001, ""tolerance"": 1e-06}"
rastrigin,Rastrigin,129,2247,gradient,2,"[-5.12, 5.12]","[4.2386194749916735, -2.7276975516395576]","[3.979784640436304, -2.984854658963741]",24.87384503428279,26,28,"{""max_iterations"": 1000, ""rate"": 0.001, ""tolerance"": 1e-06}"
rastrigin,Rastrigin,130,2239,gradient,2,"[-5.12, 5.12]","[-1.123103501010045, -3.5755215240046074]","[-0.9949586744322955, -3.9797825313465163]",16.91420284990267,30,32,"{""max_iterations"": 1000, ""rate"": 0.001, ""tolerance"": 1e-06}"
rastrigin,Rastrigin,131,2240,gradient,2,"[-5.12, 5.12]","[-0.9001109309051314, 1.0444475500061126]","[-0.9949577157105874, 0.9949590867382436]",1.9899181143951168,23,25,"{""max_iterations"": 1000, ""rate"": 0.001, ""tolerance"": 1e-06}"
rastrigin,Rastrigin,132,2241,gradient,2,"[-5.12, 5.12]","[-1.3852354282911996, -0.35260115011325155]","[-0.9949596664981175, -7.232447575150676e-07]",0.994959057406966,28,30,"{""max_iterations"": 1000, ""rate"": 0.001, ""tolerance"": 1e-06}"
rastrigin,Rastrigin,133,2242,gradient,2,"[-5.12, 5.12]","[0.6870024489726969, 3.8995948814061956]","[0.9949572612141147, 3.9797836615933697]",16.914202849938277,26,28,"{""max_iterations"": 1000, ""rate"": 0.001, ""tolerance"": 1e-06}"
rastrigin,Rastrigin,134,2243,gradient,2,"[-5.12, 5.12]","[2.202026317894892, 0.10041792361216029]","[1.9899131410732593, 3.4953277956564956e-07]",3.979831190741338,25,27,"{""max_iterations"": 1000, ""rate"": 0.001, ""tolerance"": 1e-06}"
rastrigin,Rastrigin,135,2244,gradient,2,"[-5.12, 5.12]","[0.6064053260386064, 3.3429444389804877]","[0.9949573291465166, 2.9848563319675234]",9.949560298998437,28,30,"{""max_iterations"": 1000, ""rate"": 0.001, ""tolerance"": 1e-06}"
rastrigin,Rastrigin,136,2245,gradient,2,"[-5.12, 5.12]","[-1.0602182027843101, 3.7036353530941506]","[-0.9949587690266993, 3.9797824481935637]",16.914202849950684,26,28,"{""max_iterations"": 1000, ""rate"": 0.001, ""tolerance"": 1e-06}"
rastrigin,Rastrigin,137,2246,gradient,2,"[-5.12, 5.12]","[-1.0665633752082693, 3.7746393135354124]","[-0.9949588777002268, 3.9797826623116292]",16.914202849848696,25,27,"{""max_iterations"": 1000, ""rate"": 0.001, ""tolerance"": 1e-06}"
rastrigin,Rastrigin,138,2247,gradient,2,"[-5.12, 5.12]","[4.2386194749916735, -2.7276975516395576]","[3.979784640436304, -2.984854658963741]",24.87384503428279,26,28,"{""max_iterations"": 1000, ""rate"": 0.001, ""tolerance"": 1e-06}"
rastrigin,Rastrigin,139,2248,gradient,2,"[-5.12, 5.12]","[5.044425248259729, -2.7709025699719927]","[4.974691662467022, -2.984854528264143]",33.82832417631532,25,27,"{""max_iterations"": 1000, ""rate"": 0.001, ""tolerance"": 1e-06}"
rastrigin,Rastrigin,140,2240,gradient,2,"[-5.12, 5.12]","[-0.9001109309051314, 1.0444475500061126]","[-0.9949577157105874, 0.9949590867382436]",1.9899181143951168,23,25,"{""max_iterations"": 1000, ""rate"": 0.001, ""tolerance"": 1e-06}"
rastrigin,Rastrigin,141,2241,gradient,2,"[-5.12, 5.12]","[-1.3852354282911996, -0.35260115011325155]","[-0.9949596664981175, -7.232447575150676e-07]",0.994959057406966,28,30,"{""max_iterations"": 1000, ""rate"": 0.001, ""tolerance"": 1e-06}"
rastrigin,Rastrigin,142,2242,gradient,2,"[-5.12, 5.12]","[0.6870024489726969, 3.8995948814061956]","[0.9949572612141147, 3.9797836615933697]",16.914202849938277,26,28,"{""max_iterations"": 1000, ""rate"": 0.001, ""tolerance"": 1e-06}"
rastrigin,Rastrigin,143,2243,gradient,2,"[-5.12, 5.12]","[2.202026317894892, 0.10041792361216029]","[1.9899131410732593, 3.4953277956564956e-07]",3.979831190741338,25,27,"{""max_iterations"": 1000, ""rate"": 0.001, ""tolerance"": 1e-06}"
rastrigin,Rastrigin,144,2244,gradient,2,"[-5.12, 5.12]","[0.6064053260386064, 3.3429444389804877]","[0.9949573291465166, 2.9848563319675234]",9.949560298998437,28,30,"{""max_iterations"": 1000, ""rate"": 0.001, ""tolerance"": 1e-06}"
rastrigin,Rastrigin,145,2245,gradient,2,"[-5.12, 5.12]","[-1.0602182027843101, 3.7036353530941506]","[-0.9949587690266993, 3.9797824481935637]",16.914202849950684,26,28,"{""max_iterations"": 1000, ""rate"": 0.001, ""tolerance"": 1e-06}"
rastrigin,Rastrigin,146,2246,gradient,2,"[-5.12, 5.12]","[-1.0665633752082693, 3.7746393135354124]","[-0.9949588777002268, 3.9797826623116292]",16.914202849848696,25,27,"{""max_iterations"": 1000, ""rate"": 0.001, ""tolerance"": 1e-06}"
rastrigin,Rastrigin,147,2247,gradient,2,"[-5.12, 5.12]","[4.2386194749916735, -2.7276975516395576]","[3.979784640436304, -2.984854658963741]",24.87384503428279,26,28,"{""max_iterations"": 1000, ""rate"": 0.001, ""tolerance"": 1e-06}"
rastrigin,Rastrigin,148,2248,gradient,2,"[-5.12, 5.12]","[5.044425248259729, -2.7709025699719927]","[4.974691662467022, -2.984854528264143]",33.82832417631532,25,27,"{""max_iterations"": 1000, ""rate"": 0.001, ""tolerance"": 1e-06}"
rastrigin,Rastrigin,149,2249,gradient,2,"[-5.12, 5.12]","[1.7624910601957087, 4.51041687832483]","[1.9899122258902282, 3.9797850018693994]",19.899074983272104,35,37,"{""max_iterations"": 1000, ""rate"": 0.001, ""tolerance"": 1e-06}"
rastrigin,Rastrigin,150,2241,gradient,2,"[-5.12, 5.12]","[-1.3852354282911996, -0.35260115011325155]","[-0.9949596664981175, -7.232447575150676e-07]",0.994959057406966,28,30,"{""max_iterations"": 1000, ""rate"": 0.001, ""tolerance"": 1e-06}"
rastrigin,Rastrigin,151,2242,gradient,2,"[-5.12, 5.12]","[0.6870024489726969, 3.8995948814061956]","[0.9949572612141147, 3.9797836615933697]",16.914202849938277,26,28,"{""max_iterations"": 1000, ""rate"": 0.001, ""tolerance"": 1e-06}"
rastrigin,Rastrigin,152,2243,gradient,2,"[-5.12, 5.12]","[2.202026317894892, 0.10041792361216029]","[1.9899131410732593, 3.4953277956564956e-07]",3.979831190741338,25,27,"{""max_iterations"": 1000, ""rate"": 0.001, ""tolerance"": 1e-06}"
rastrigin,Rastrigin,153,2244,gradient,2,"[-5.12, 5.12]","[0.6064053260386064, 3.3429444389804877]","[0.9949573291465166, 2.9848563319675234]",9.949560298998437,28,30,"{""max_iterations"": 1000, ""rate"": 0.001, ""tolerance"": 1e-06}"
rastrigin,Rastrigin,154,2245,gradient,2,"[-5.12, 5.12]","[-1.0602182027843101, 3.7036353530941506]","[-0.9949587690266993, 3.9797824481935637]",16.914202849950684,26,28,"{""max_iterations"": 1000, ""rate"": 0.001, ""tolerance"": 1e-06}"
rastrigin,Rastrigin,155,2246,gradient,2,"[-5.12, 5.12]","[-1.0665633752082693, 3.7746393135354124]","[-0.9949588777002268, 3.9797826623116292]",16.914202849848696,25,27,"{""max_iterations"": 1000, ""rate"": 0.001, ""tolerance"": 1e-06}"
rastrigin,Rastrigin,156,2247,gradient,2,"[-5.12, 5.12]","[4.2386194749916735, -2.7276975516395576]","[3.979784640436304, -2.984854658963741]",24.87384503428279,26,28,"{""max_iterations"": 1000, ""rate"": 0.001, ""tolerance"": 1e-06}"
rastrigin,Rastrigin,157,2248,gradient,2,"[-5.12, 5.12]","[5.044425248259729, -2.7709025699719927]","[4.974691662467022, -2.984854528264143]",33.82832417631532,25,27,"{""max_iterations"": 1000, ""rate"": 0.001, ""tolerance"": 1e-06}"
rastrigin,Rastrigin,158,2249,gradient,2,"[-5.12, 5.12]","[1.7624910601957087, 4.51041687832483]","[1.9899122258902282, 3.9797850018693994]",19.899074983272104,35,37,"{""max_iterations"": 1000, ""rate"": 0.001, ""tolerance"": 1e-06}"
rastrigin,Rastrigin,159,2250,gradient,2,"[-5.12, 5.12]","[1.026718325862121, 0.4336589191567386]","[0.9949586514695261, 1.5062254648737248e-06]",0.9949590575434257,29,31,"{""max_iterations"": 1000, ""rate"": 0.001, ""tolerance"": 1e-06}"
rastrigin,Rastrigin,160,2242,gradient,2,"[-5.12, 5.12]","[0.6870024489726969, 3.8995948814061956]","[0.9949572612141147, 3.9797836615933697]",16.914202849938277,26,28,"{""max_iterations"": 1000, ""rate"": 0.001, ""tolerance"": 1e-06}"
rastrigin,Rastrigin,161,2243,gradient,2,"[-5.12, 5.12]","[2.202026317894892, 0.10041792361216029]","[1.9899131410732593, 3.4953277956564956e-07]",3.979831190741338,25,27,"{""max_iterations"": 1000, ""rate"": 0.001, ""tolerance"": 1e-06}"
rastrigin,Rastrigin,162,2244,gradient,2,"[-5.12, 5.12]","[0.6064053260386064, 3.3429444389804877]","[0.9949573291465166, 2.9848563319675234]",9.949560298998437,28,30,"{""max_iterations"": 1000, ""rate"": 0.001, ""tolerance"": 1e-06}"
rastrigin,Rastrigin,163,2245,gradient,2,"[-5.12, 5.12]","[-1.0602182027843101, 3.7036353530941506]","[-0.9949587690266993, 3.9797824481935637]",16.914202849950684,26,28,"{""max_iterations"": 1000, ""rate"": 0.001, ""tolerance"": 1e-06}"
rastrigin,Rastrigin,164,2246,gradient,2,"[-5.12, 5.12]","[-1.0665633752082693, 3.7746393135354124]","[-0.9949588777002268, 3.9797826623116292]",16.914202849848696,25,27,"{""max_iterations"": 1000, ""rate"": 0.001, ""tolerance"": 1e-06}"
rastrigin,Rastrigin,165,2247,gradient,2,"[-5.12, 5.12]","[4.2386194749916735, -2.7276975516395576]","[3.979784640436304, -2.984854658963741]",24.87384503428279,26,28,"{""max_iterations"": 1000, ""rate"": 0.001, ""tolerance"": 1e-06}"
rastrigin,Rastrigin,166,2248,gradient,2,"[-5.12, 5.12]","[5.044425248259729, -2.7709025699719927]","[4.974691662467022, -2.984854528264143]",33.82832417631532,25,27,"{""max_iterations"": 1000, ""rate"": 0.001, ""tolerance"": 1e-06}"
rastrigin,Rastrigin,167,2249,gradient,2,"[-5.12, 5.12]","[1.7624910601957087, 4.51041687832483]","[1.9899122258902282, 3.9797850018693994]",19.899074983272104,35,37,"{""max_iterations"": 1000, ""rate"": 0.001, ""tolerance"": 1e-06}"
rastrigin,Rastrigin,168,2250,gradient,2,"[-5.12, 5.12]","[1.026718325862121, 0.4336589191567386]","[0.9949586514695261, 1.5062254648737248e-06]",0.9949590575434257,29,31,"{""max_iterations"": 1000, ""rate"": 0.001, ""tolerance"": 1e-06}"
rastrigin,Rastrigin,169,2251,gradient,2,"[-5.12, 5.12]","[3.9911893627388375, 2.9569471374987844]","[3.979784372419753, 2.9848544731526805]",24.87384503429793,20,22,"{""max_iterations"": 1000, ""rate"": 0.001, ""tolerance"": 1e-06}"
rastrigin,Rastrigin,170,2243,gradient,2,"[-5.12, 5.12]","[2.202026317894892, 0.10041792361216029]","[1.9899131410732593, 3.4953277956564956e-07]",3.979831190741338,25,27,"{""max_iterations"": 1000, ""rate"": 0.001, ""tolerance"": 1e-06}"
rastrigin,Rastrigin,171,2244,gradient,2,"[-5.12, 5.12]","[0.6064053260386064, 3.3429444389804877]","[0.9949573291465166, 2.9848563319675234]",9.949560298998437,28,30,"{""max_iterations"": 1000, ""rate"": 0.001, ""tolerance"": 1e-06}"
rastrigin,Rastrigin,172,2245,gradient,2,"[-5.12, 5.12]","[-1.0602182027843101, 3.7036353530941506]","[-0.9949587690266993, 3.9797824481935637]",16.914202849950684,26,28,"{""max_iterations"": 1000, ""rate"": 0.001, ""tolerance"": 1e-06}"
rastrigin,Rastrigin,173,2246,gradient,2,"[-5.12, 5.12]","[-1.0665633752082693, 3.7746393135354124]","[-0.9949588777002268, 3.9797826623116292]",16.914202849848696,25,27,"{""max_iterations"": 1000, ""rate"": 0.001, ""tolerance"": 1e-06}"
rastrigin,Rastrigin,174,2247,gradient,2,"[-5.12, 5.12]","[4.2386194749916735, -2.7276975516395576]","[3.979784640436304, -2.984854658963741]",24.87384503428279,26,28,"{""max_iterations"": 1000, ""rate"": 0.001, ""tolerance"": 1e-06}"
rastrigin,Rastrigin,175,2248,gradient,2,"[-5.12, 5.12]","[5.044425248259729, -2.7709025699719927]","[4.974691662467022, -2.984854528264143]",33.82832417631532,25,27,"{""max_iterations"": 1000, ""rate"": 0.001, ""tolerance"": 1e-06}"
rastrigin,Rastrigin,176,2249,gradient,2,"[-5.12, 5.12]","[1.7624910601957087, 4.51041687832483]","[1.9899122258902282, 3.9797850018693994]",19.899074983272104,35,37,"{""max_iterations"": 1000, ""rate"": 0.001, ""tolerance"": 1e-06}"
rastrigin,Rastrigin,177,2250,gradient,2,"[-5.12, 5.12]","[1.026718325862121, 0.4336589191567386]","[0.9949586514695261, 1.5062254648737248e-06]",0.9949590575434257,29,31,"{""max_iterations"": 1000, ""rate"": 0.001, ""tolerance"": 1e-06}"
rastrigin,Rastrigin,178,2251,gradient,2,"[-5.12, 5.12]","[3.9911893627388375, 2.9569471374987844]","[3.979784372419753, 2.9848544731526805]",24.87384503429793,20,22,"{""max_iterations"": 1000, ""rate"": 0.001, ""tolerance"": 1e-06}"
rastrigin,Rastrigin,179,2252,gradient,2,"[-5.12, 5.12]","[-2.408657866706993, 2.092044339936556]","[-1.9899136084699713, 1.989912312130962]",7.959662381483598,28,30,"{""max_iterations"": 1000, ""rate"": 0.001, ""tolerance"": 1e-06}"
rastrigin,Rastrigin,180,2244,gradient,2,"[-5.12, 5.12]","[0.6064053260386064, 3.3429444389804877]","[0.9949573291465166, 2.9848563319675234]",9.949560298998437,28,30,"{""max_iterations"": 1000, ""rate"": 0.001, ""tolerance"": 1e-06}"
rastrigin,Rastrigin,181,2245,gradient,2,"[-5.12, 5.12]","[-1.0602182027843101, 3.7036353530941506]","[-0.9949587690266993, 3.9797824481935637]",16.914202849950684,26,28,"{""max_iterations"": 1000, ""rate"": 0.001, ""tolerance"": 1e-06}"
rastrigin,Rastrigin,182,2246,gradient,2,"[-5.12, 5.12]","[-1.0665633752082693, 3.7746393135354124]","[-0.9949588777002268, 3.9797826623116292]",16.914202849848696,25,27,"{""max_iterations"": 1000, ""rate"": 0.001, ""tolerance"": 1e-06}"
rastrigin,Rastrigin,183,2247,gradient,2,"[-5.12, 5.12]","[4.2386194749916735, -2.7276975516395576]","[3.979784640436304, -2.984854658963741]",24.87384503428279,26,28,"{""max_iterations"": 1000, ""rate"": 0.001, ""tolerance"": 1e-06}"
rastrigin,Rastrigin,184,2248,gradient,2,"[-5.12, 5.12]","[5.044425248259729, -2.7709025699719927]","[4.974691662467022, -2.984854528264143]",33.82832417631532,25,27,"{""max_iterations"": 1000, ""rate"": 0.001, ""tolerance"": 1e-06}"
rastrigin,Rastrigin,185,2249,gradient,2,"[-5.12, 5.12]","[1.7624910601957087, 4.51041687832483]","[1.9899122258902282, 3.9797850018693994]",19.899074983272104,35,37,"{""max_iterations"": 1000, ""rate"": 0.001, ""tolerance"": 1e-06}"
rastrigin,Rastrigin,186,2250,gradient,2,"[-5.12, 5.12]","[1.026718325862121, 0.4336589191567386]","[0.9949586514695261, 1.5062254648737248e-06]",0.9949590575434257,29,31,"{""max_iterations"": 1000, ""rate"": 0.001, ""tolerance"": 1e-06}"
rastrigin,Rastrigin,187,2251,gradient,2,"[-5.12, 5.12]","[3.9911893627388375, 2.9569471374987844]","[3.979784372419753, 2.9848544731526805]",24.87384503429793,20,22,"{""max_iterations"": 1000, ""rate"": 0.001, ""tolerance"": 1e-06}"
rastrigin,Rastrigin,188,2252,gradient,2,"[-5.12, 5.12]","[-2.408657866706993, 2.092044339936556]","[-1.9899136084699713, 1.989912312130962]",7.959662381483598,28,30,"{""max_iterations"": 1000, ""rate"": 0.001, ""tolerance"": 1e-06}"
rastrigin,Rastrigin,189,2253,gradient,2,"[-5.12, 5.12]","[-3.9503016920471885, -3.822754887139573]","[-3.9797836754839233, -3.9797825868936587]",31.838487585248917,24,26,"{""max_iterations"": 1000, ""rate"": 0.001, ""tolerance"": 1e-06}"
rastrigin,Rastrigin,190,2245,gradient,2,"[-5.12, 5.12]","[-1.0602182027843101, 3.7036353530941506]","[-0.9949587690266993, 3.9797824481935637]",16.914202849950684,26,28,"{""max_iterations"": 1000, ""rate"": 0.001, ""tolerance"": 1e-06}"
rastrigin,Rastrigin,191,2246,gradient,2,"[-5.12, 5.12]","[-1.0665633752082693, 3.7746393135354124]","[-0.9949588777002268, 3.9797826623116292]",16.914202849848696,25,27,"{""max_iterations"": 1000, ""rate"": 0.001, ""tolerance"": 1e-06}"
rastrigin,Rastrigin,192,2247,gradient,2,"[-5.12, 5.12]","[4.2386194749916735, -2.7276975516395576]","[3.979784640436304, -2.984854658963741]",24.87384503428279,26,28,"{""max_iterations"": 1000, ""rate"": 0.001, ""tolerance"": 1e-06}"
rastrigin,Rastrigin,193,2248,gradient,2,"[-5.12, 5.12]","[5.044425248259729, -2.7709025699719927]","[4.974691662467022, -2.984854528264143]",33.82832417631532,25,27,"{""max_iterations"": 1000, ""rate"": 0.001, ""tolerance"": 1e-06}"
rastrigin,Rastrigin,194,2249,gradient,2,"[-5.12, 5.12]","[1.7624910601957087, 4.51041687832483]","[1.9899122258902282, 3.9797850018693994]",19.899074983272104,35,37,"{""max_iterations"": 1000, ""rate"": 0.001, ""tolerance"": 1e-06}"
rastrigin,Rastrigin,195,2250,gradient,2,"[-5.12, 5.12]","[1.026718325862121, 0.4336589191567386]","[0.9949586514695261, 1.5062254648737248e-06]",0.9949590575434257,29,31,"{""max_iterations"": 1000, ""rate"": 0.001, ""tolerance"": 1e-06}"
rastrigin,Rastrigin,196,2251,gradient,2,"[-5.12, 5.12]","[3.9911893627388375, 2.9569471374987844]","[3.979784372419753, 2.9848544731526805]",24.87384503429793,20,22,"{""max_iterations"": 1000, ""rate"": 0.001, ""tolerance"": 1e-06}"
rastrigin,Rastrigin,197,2252,gradient,2,"[-5.12, 5.12]","[-2.408657866706993, 2.092044339936556]","[-1.9899136084699713, 1.989912312130962]",7.959662381483598,28,30,"{""max_iterations"": 1000, ""rate"": 0.001, ""tolerance"": 1e-06}"
rastrigin,Rastrigin,198,2253,gradient,2,"[-5.12, 5.12]","[-3.9503016920471885, -3.822754887139573]","[-3.9797836754839233, -3.9797825868936587]",31.838487585248917,24,26,"{""max_iterations"": 1000, ""rate"": 0.001, ""tolerance"": 1e-06}"
rastrigin,Rastrigin,199,2254,gradient,2,"[-5.12, 5.12]","[-0.4469209882405183, 1.915795431402219]","[-1.264592095400591e-06, 1.989912212419677]",3.9798311908714457,30,32,"{""max_iterations"": 1000, ""rate"": 0.001, ""tolerance"": 1e-06}"
rastrigin,Rastrigin,200,2237,gradient,2,"[-5.12, 5.12]","[-4.877281012905912, 2.136632811259643]","[-4.974690649831544, 1.9899131334746938]",28.853554125364195,24,26,"{""max_iterations"": 1000, ""rate"": 0.001, ""tolerance"": 1e-06}"
rastrigin,Rastrigin,201,2238,gradient,2,"[-5.12, 5.12]","[-1.5680078749980022, -0.19832798623299563]","[-1.9899110959265, -6.791598215613943e-08]",3.9798311908113178,30,32,"{""max_iterations"": 1000, ""rate"": 0.001, ""tolerance"": 1e-06}"
rastrigin,Rastrigin,202,2239,gradient,2,"[-5.12, 5.12]","[-1.123103501010045, -3.5755215240046074]","[-0.9949586744322955, -3.9797825313465163]",16.91420284990267,30,32,"{""max_iterations"": 1000, ""rate"": 0.001, ""tolerance"": 1e-06}"
rastrigin,Rastrigin,203,2240,gradient,2,"[-5.12, 5.12]","[-0.9001109309051314, 1.0444475500061126]","[-0.9949577157105874, 0.9949590867382436]",1.9899181143951168,23,25,"{""max_iterations"": 1000, ""rate"": 0.001, ""tolerance"": 1e-06}"
rastrigin,Rastrigin,204,2241,gradient,2,"[-5.12, 5.12]","[-1.3852354282911996, -0.35260115011325155]","[-0.9949596664981175, -7.232447575150676e-07]",0.994959057406966,28,30,"{""max_iterations"": 1000, ""rate"": 0.001, ""tolerance"": 1e-06}"
rastrigin,Rastrigin,205,2242,gradient,2,"[-5.12, 5.12]","[0.6870024489726969, 3.8995948814061956]","[0.9949572612141147, 3.9797836615933697]",16.914202849938277,26,28,"{""max_iterations"": 1000, ""rate"": 0.001, ""tolerance"": 1e-06}"
rastrigin,Rastrigin,206,2243,gradient,2,"[-5.12, 5.12]","[2.202026317894892, 0.10041792361216029]","[1.9899131410732593, 3.4953277956564956e-07]",3.979831190741338,25,27,"{""max_iterations"": 1000, ""rate"": 0.001, ""tolerance"": 1e-06}"
rastrigin,Rastrigin,207,2244,gradient,2,"[-5.12, 5.12]","[0.6064053260386064, 3.3429444389804877]","[0.9949573291465166, 2.9848563319675234]",9.949560298998437,28,30,"{""max_iterations"": 1000, ""rate"": 0.001, ""tolerance"": 1e-06}"
rastrigin,Rastrigin,208,2245,gradient,2,"[-5.12, 5.12]","[-1.0602182027843101, 3.7036353530941506]","[-0.9949587690266993, 3.9797824481935637]",16.914202849950684,26,28,"{""max_iterations"": 1000, ""rate"": 0.001, ""tolerance"": 1e-06}"
rastrigin,Rastrigin,209,2246,gradient,2,"[-5.12, 5.12]","[-1.0665633752082693, 3.7746393135354124]","[-0.9949588777002268, 3.9797826623116292]",16.914202849848696,25,27,"{""max_iterations"": 1000, ""rate"": 0.001, ""tolerance"": 1e-06}"
rastrigin,Rastrigin,210,2238,gradient,2,"[-5.12, 5.12]","[-1.5680078749980022, -0.19832798623299563]","[-1.9899110959265, -6.791598215613943e-08]",3.9798311908113178,30,32,"{""max_iterations"": 1000, ""rate"": 0.001, ""tolerance"": 1e-06}"
rastrigin,Rastrigin,211,2239,gradient,2,"[-5.12, 5.12]","[-1.123103501010045, -3.5755215240046074]","[-0.9949586744322955, -3.9797825313465163]",16.91420284990267,30,32,"{""max_iterations"": 1000, ""rate"": 0.001, ""tolerance"": 1e-06}"
rastrigin,Rastrigin,212,2240,gradient,2,"[-5.12, 5.12]","[-0.9001109309051314, 1.0444475500061126]","[-0.9949577157105874, 0.9949590867382436]",1.9899181143951168,23,25,"{""max_iterations"": 1000, ""rate"": 0.001, ""tolerance"": 1e-06}"
rastrigin,Rastrigin,213,2241,gradient,2,"[-5.12, 5.12]","[-1.3852354282911996, -0.35260115011325155]","[-0.9949596664981175, -7.232447575150676e-07]",0.994959057406966,28,30,"{""max_iterations"": 1000, ""rate"": 0.001, ""tolerance"": 1e-06}"
rastrigin,Rastrigin,214,2242,gradient,2,"[-5.12, 5.12]","[0.6870024489726969, 3.8995948814061956]","[0.9949572612141147, 3.9797836615933697]",16.914202849938277,26,28,"{""max_iterations"": 1000, ""rate"": 0.001, ""tolerance"": 1e-06}"
rastrigin,Rastrigin,215,2243,gradient,2,"[-5.12, 5.12]","[2.202026317894892, 0.10041792361216029]","[1.9899131410732593, 3.4953277956564956e-07]",3.979831190741338,25,27,"{""max_iterations"": 1000, ""rate"": 0.001, ""tolerance"": 1e-06}"
rastrigin,Rastrigin,216,2244,gradient,2,"[-5.12, 5.12]","[0.6064053260386064, 3.3429444389804877]","[0.9949573291465166, 2.9848563319675234]",9.949560298998437,28,30,"{""max_iterations"": 1000, ""rate"": 0.001, ""tolerance"": 1e-06}"
rastrigin,Rastrigin,217,2245,gradient,2,"[-5.12, 5.12]","[-1.0602182027843101, 3.7036353530941506]","[-0.9949587690266993, 3.9797824481935637]",16.914202849950684,26,28,"{""max_iterations"": 1000, ""rate"": 0.001, ""tolerance"": 1e-06}"
rastrigin,Rastrigin,218,2246,gradient,2,"[-5.12, 5.12]","[-1.0665633752082693, 3.7746393135354124]","[-0.9949588777002268, 3.9797826623116292]",16.914202849848696,25,27,"{""max_iterations"": 1000, ""rate"": 0.001, ""tolerance"": 1e-06}"
rastrigin,Rastrigin,219,2247,gradient,2,"[-5.12, 5.12]","[4.2386194749916735, -2.7276975516395576]","[3.979784640436304, -2.984854658963741]",24.87384503428279,26,28,"{""max_iterations"": 1000, ""rate"": 0.001, ""tolerance"": 1e-06}"
rastrigin,Rastrigin,220,2239,gradient,2,"[-5.12, 5.12]","[-1.123103501010045, -3.5755215240046074]","[-0.9949586744322955, -3.9797825313465163]",16.91420284990267,30,32,"{""max_iterations"": 1000, ""rate"": 0.001, ""tolerance"": 1e-06}"
rastrigin,Rastrigin,221,2240,gradient,2,"[-5.12, 5.12]","[-0.9001109309051314, 1.0444475500061126]","[-0.9949577157105874, 0.9949590867382436]",1.9899181143951168,23,25,"{""max_iterations"": 1000, ""rate"": 0.001, ""tolerance"": 1e-06}"
rastrigin,Rastrigin,222,2241,gradient,2,"[-5.12, 5.12]","[-1.3852354282911996, -0.35260115011325155]","[-0.9949596664981175, -7.232447575150676e-07]",0.994959057406966,28,30,"{""max_iterations"": 1000, ""rate"": 0.001, ""tolerance"": 1e-06}"
rastrigin,Rastrigin,223,2242,gradient,2,"[-5.12, 5.12]","[0.6870024489726969, 3.8995948814061956]","[0.9949572612141147, 3.9797836615933697]",16.914202849938277,26,28,"{""max_iterations"": 1000, ""rate"": 0.001, ""tolerance"": 1e-06}"
rastrigin,Rastrigin,224,2243,gradient,2,"[-5.12, 5.12]","[2.202026317894892, 0.10041792361216029]","[1.9899131410732593, 3.4953277956564956e-07]",3.979831190741338,25,27,"{""max_iterations"": 1000, ""rate"": 0.001, ""tolerance"": 1e-06}"
rastrigin,Rastrigin,225,2244,gradient,2,"[-5.12, 5.12]","[0.6064053260386064, 3.3429444389804877]","[0.9949573291465166, 2.9848563319675234]",9.949560298998437,28,30,"{""max_iterations"": 1000, ""rate"": 0.001, ""tolerance"": 1e-06}"
rastrigin,Rastrigin,226,2245,gradient,2,"[-5.12, 5.12]","[-1.0602182027843101, 3.7036353530941506]","[-0.9949587690266993, 3.9797824481935637]",16.914202849950684,26,28,"{""max_iterations"": 1000, ""rate"": 0.001, ""tolerance"": 1e-06}"
rastrigin,Rastrigin,227,2246,gradient,2,"[-5.12, 5.12]","[-1.0665633752082693, 3.7746393135354124]","[-0.9949588777002268, 3.9797826623116292]",16.914202849848696,25,27,"{""max_iterations"": 1000, ""rate"": 0.001, ""tolerance"": 1e-06}"
rastrigin,Rastrigin,228,2247,gradient,2,"[-5.12, 5.12]","[4.2386194749916735, -2.7276975516395576]","[3.979784640436304, -2.984854658963741]",24.87384503428279,26,28,"{""max_iterations"": 1000, ""rate"": 0.001, ""tolerance"": 1e-06}"
rastrigin,Rastrigin,229,2248,gradient,2,"[-5.12, 5.12]","[5.044425248259729, -2.7709025699719927]","[4.974691662467022, -2.984854528264143]",33.82832417631532,25,27,"{""max_iterations"": 1000, ""rate"": 0.001, ""tolerance"": 1e-06}"
rastrigin,Rastrigin,230,2240,gradient,2,"[-5.12, 5.12]","[-0.9001109309051314, 1.0444475500061126]","[-0.9949577157105874, 0.9949590867382436]",1.9899181143951168,23,25,"{""max_iterations"": 1000, ""rate"": 0.001, ""tolerance"": 1e-06}"
rastrigin,Rastrigin,231,2241,gradient,2,"[-5.12, 5.12]","[-1.3852354282911996, -0.35260115011325155]","[-0.9949596664981175, -7.232447575150676e-07]",0.994959057406966,28,30,"{""max_iterations"": 1000, ""rate"": 0.001, ""tolerance"": 1e-06}"
rastrigin,Rastrigin,232,2242,gradient,2,"[-5.12, 5.12]","[0.6870024489726969, 3.8995948814061956]","[0.9949572612141147, 3.9797836615933697]",16.914202849938277,26,28,"{""max_iterations"": 1000, ""rate"": 0.001, ""tolerance"": 1e-06}"
rastrigin,Rastrigin,233,2243,gradient,2,"[-5.12, 5.12]","[2.202026317894892, 0.10041792361216029]","[1.9899131410732593, 3.4953277956564956e-07]",3.979831190741338,25,27,"{""max_iterations"": 1000, ""rate"": 0.001, ""tolerance"": 1e-06}"
rastrigin,Rastrigin,234,2244,gradient,2,"[-5.12, 5.12]","[0.6064053260386064, 3.3429444389804877]","[0.9949573291465166, 2.9848563319675234]",9.949560298998437,28,30,"{""max_iterations"": 1000, ""rate"": 0.001, ""tolerance"": 1e-06}"
rastrigin,Rastrigin,235,2245,gradient,2,"[-5.12, 5.12]","[-1.0602182027843101, 3.7036353530941506]","[-0.9949587690266993, 3.9797824481935637]",16.914202849950684,26,28,"{""max_iterations"": 1000, ""rate"": 0.001, ""tolerance"": 1e-06}"
rastrigin,Rastrigin,236,2246,gradient,2,"[-5.12, 5.12]","[-1.0665633752082693, 3.7746393135354124]","[-0.9949588777002268, 3.9797826623116292]",16.914202849848696,25,27,"{""max_iterations"": 1000, ""rate"": 0.001, ""tolerance"": 1e-06}"
rastrigin,Rastrigin,237,2247,gradient,2,"[-5.12, 5.12]","[4.2386194749916735, -2.7276975516395576]","[3.979784640436304, -2.984854658963741]",24.87384503428279,26,28,"{""max_iterations"": 1000, ""rate"": 0.001, ""tolerance"": 1e-06}"
rastrigin,Rastrigin,238,2248,gradient,2,"[-5.12, 5.12]","[5.044425248259729, -2.7709025699719927]","[4.974691662467022, -2.984854528264143]",33.82832417631532,25,27,"{""max_iterations"": 1000, ""rate"": 0.001, ""tolerance"": 1e-06}"
rastrigin,Rastrigin,239,2249,gradient,2,"[-5.12, 5.12]","[1.7624910601957087, 4.51041687832483]","[1.9899122258902282, 3.9797850018693994]",19.899074983272104,35,37,"{""max_iterations"": 1000, ""rate"": 0.001, ""tolerance"": 1e-06}"
rastrigin,Rastrigin,240,2241,gradient,2,"[-5.12, 5.12]","[-1.3852354282911996, -0.35260115011325155]","[-0.9949596664981175, -7.232447575150676e-07]",0.994959057406966,28,30,"{""max_iterations"": 1000, ""rate"": 0.001, ""tolerance"": 1e-06}"
rastrigin,Rastrigin,241,2242,gradient,2,"[-5.12, 5.12]","[0.6870024489726969, 3.8995948814061956]","[0.9949572612141147, 3.9797836615933697]",16.914202849938277,26,28,"{""max_iterations"": 1000, ""rate"": 0.001, ""tolerance"": 1e-06}"
rastrigin,Rastrigin,242,2243,gradient,2,"[-5.12, 5.12]","[2.202026317894892, 0.10041792361216029]","[1.9899131410732593, 3.4953277956564956e-07]",3.979831190741338,25,27,"{""max_iterations"": 1000, ""rate"": 0.001, ""tolerance"": 1e-06}"
rastrigin,Rastrigin,243,2244,gradient,2,"[-5.12, 5.12]","[0.6064053260386064, 3.3429444389804877]","[0.9949573291465166, 2.9848563319675234]",9.949560298998437,28,30,"{""max_iterations"": 1000, ""rate"": 0.001, ""tolerance"": 1e-06}"
rastrigin,Rastrigin,244,2245,gradient,2,"[-5.12, 5.12]","[-1.0602182027843101, 3.7036353530941506]","[-0.9949587690266993, 3.9797824481935637]",16.914202849950684,26,28,"{""max_iterations"": 1000, ""rate"": 0.001, ""tolerance"": 1e-06}"
rastrigin,Rastrigin,245,2246,gradient,2,"[-5.12, 5.12]","[-1.0665633752082693, 3.7746393135354124]","[-0.9949588777002268, 3.9797826623116292]",16.914202849848696,25,27,"{""max_iterations"": 1000, ""rate"": 0.001, ""tolerance"": 1e-06}"
rastrigin,Rastrigin,246,2247,gradient,2,"[-5.12, 5.12]","[4.2386194749916735, -2.7276975516395576]","[3.979784640436304, -2.984854658963741]",24.87384503428279,26,28,"{""max_iterations"": 1000, ""rate"": 0.001, ""tolerance"": 1e-06}"
rastrigin,Rastrigin,247,2248,gradient,2,"[-5.12, 5.12]","[5.044425248259729, -2.7709025699719927]","[4.974691662467022, -2.984854528264143]",33.82832417631532,25,27,"{""max_iterations"": 1000, ""rate"": 0.001, ""tolerance"": 1e-06}"
rastrigin,Rastrigin,248,2249,gradient,2,"[-5.12, 5.12]","[1.7624910601957087, 4.51041687832483]","[1.9899122258902282, 3.9797850018693994]",19.899074983272104,35,37,"{""max_iterations"": 1000, ""rate"": 0.001, ""tolerance"": 1e-06}"
rastrigin,Rastrigin,249,2250,gradient,2,"[-5.12, 5.12]","[1.026718325862121, 0.4336589191567386]","[0.9949586514695261, 1.5062254648737248e-06]",0.9949590575434257,29,31,"{""max_iterations"": 1000, ""rate"": 0.001, ""tolerance"": 1e-06}"
rastrigin,Rastrigin,250,2242,gradient,2,"[-5.12, 5.12]","[0.6870024489726969, 3.8995948814061956]","[0.9949572612141147, 3.9797836615933697]",16.914202849938277,26,28,"{""max_iterations"": 1000, ""rate"": 0.001, ""tolerance"": 1e-06}"
rastrigin,Rastrigin,251,2243,gradient,2,"[-5.12, 5.12]","[2.202026317894892, 0.10041792361216029]","[1.9899131410732593, 3.4953277956564956e-07]",3.979831190741338,25,27,"{""max_iterations"": 1000, ""rate"": 0.001, ""tolerance"": 1e-06}"
rastrigin,Rastrigin,252,2244,gradient,2,"[-5.12, 5.12]","[0.6064053260386064, 3.3429444389804877]","[0.9949573291465166, 2.9848563319675234]",9.949560298998437,28,30,"{""max_iterations"": 1000, ""rate"": 0.001, ""tolerance"": 1e-06}"
rastrigin,Rastrigin,253,2245,gradient,2,"[-5.12, 5.12]","[-1.0602182027843101, 3.7036353530941506]","[-0.9949587690266993, 3.9797824481935637]",16.914202849950684,26,28,"{""max_iterations"": 1000, ""rate"": 0.001, ""tolerance"": 1e-06}"
rastrigin,Rastrigin,254,2246,gradient,2,"[-5.12, 5.12]","[-1.0665633752082693, 3.7746393135354124]","[-0.9949588777002268, 3.9797826623116292]",16.914202849848696,25,27,"{""max_iterations"": 1000, ""rate"": 0.001, ""tolerance"": 1e-06}"
rastrigin,Rastrigin,255,2247,gradient,2,"[-5.12, 5.12]","[4.2386194749916735, -2.7276975516395576]","[3.979784640436304, -2.984854658963741]",24.87384503428279,26,28,"{""max_iterations"": 1000, ""rate"": 0.001, ""tolerance"": 1e-06}"
rastrigin,Rastrigin,256,2248,gradient,2,"[-5.12, 5.12]","[5.044425248259729, -2.7709025699719927]","[4.974691662467022, -2.984854528264143]",33.82832417631532,25,27,"{""max_iterations"": 1000, ""rate"": 0.001, ""tolerance"": 1e-06}"
rastrigin,Rastrigin,257,2249,gradient,2,"[-5.12, 5.12]","[1.7624910601957087, 4.51041687832483]","[1.9899122258902282, 3.9797850018693994]",19.899074983272104,35,37,"{""max_iterations"": 1000, ""rate"": 0.001, ""tolerance"": 1e-06}"
rastrigin,Rastrigin,258,2250,gradient,2,"[-5.12, 5.12]","[1.026718325862121, 0.4336589191567386]","[0.9949586514695261, 1.5062254648737248e-06]",0.9949590575434257,29,31,"{""max_iterations"": 1000, ""rate"": 0.001, ""tolerance"": 1e-06}"
rastrigin,Rastrigin,259,2251,gradient,2,"[-5.12, 5.12]","[3.9911893627388375, 2.9569471374987844]","[3.979784372419753, 2.9848544731526805]",24.87384503429793,20,22,"{""max_iterations"": 1000, ""rate"": 0.001, ""tolerance"": 1e-06}"
rastrigin,Rastrigin,260,2243,gradient,2,"[-5.12, 5.12]","[2.202026317894892, 0.10041792361216029]","[1.9899131410732593, 3.4953277956564956e-07]",3.979831190741338,25,27,"{""max_iterations"": 1000, ""rate"": 0.001, ""tolerance"": 1e-06}"
rastrigin,Rastrigin,261,2244,gradient,2,"[-5.12, 5.12]","[0.6064053260386064, 3.3429444389804877]","[0.9949573291465166, 2.9848563319675234]",9.949560298998437,28,30,"{""max_iterations"": 1000, ""rate"": 0.001, ""tolerance"": 1e-06}"
rastrigin,Rastrigin,262,2245,gradient,2,"[-5.12, 5.12]","[-1.0602182027843101, 3.7036353530941506]","[-0.9949587690266993, 3.9797824481935637]",16.914202849950684,26,28,"{""max_iterations"": 1000, ""rate"": 0.001, ""tolerance"": 1e-06}"
rastrigin,Rastrigin,263,2246,gradient,2,"[-5.12, 5.12]","[-1.0665633752082693, 3.7746393135354124]","[-0.9949588777002268, 3.9797826623116292]",16.914202849848696,25,27,"{""max_iterations"": 1000, ""rate"": 0.001, ""tolerance"": 1e-06}"
rastrigin,Rastrigin,264,2247,gradient,2,"[-5.12, 5.12]","[4.2386194749916735, -2.7276975516395576]","[3.979784640436304, -2.984854658963741]",24.87384503428279,26,28,"{""max_iterations"": 1000, ""rate"": 0.001, ""tolerance"": 1e-06}"
rastrigin,Rastrigin,265,2248,gradient,2,"[-5.12, 5.12]","[5.044425248259729, -2.7709025699719927]","[4.974691662467022, -2.984854528264143]",33.82832417631532,25,27,"{""max_iterations"": 1000, ""rate"": 0.001, ""tolerance"": 1e-06}"
rastrigin,Rastrigin,266,2249,gradient,2,"[-5.12, 5.12]","[1.7624910601957087, 4.51041687832483]","[1.9899122258902282, 3.9797850018693994]",19.899074983272104,35,37,"{""max_iterations"": 1000, ""rate"": 0.001, ""tolerance"": 1e-06}"
rastrigin,Rastrigin,267,2250,gradient,2,"[-5.12, 5.12]","[1.026718325862121, 0.4336589191567386]","[0.9949586514695261, 1.5062254648737248e-06]",0.9949590575434257,29,31,"{""max_iterations"": 1000, ""rate"": 0.001, ""tolerance"": 1e-06}"
rastrigin,Rastrigin,268,2251,gradient,2,"[-5.12, 5.12]","[3.9911893627388375, 2.9569471374987844]","[3.979784372419753, 2.9848544731526805]",24.87384503429793,20,22,"{""max_iterations"": 1000, ""rate"": 0.001, ""tolerance"": 1e-06}"
rastrigin,Rastrigin,269,2252,gradient,2,"[-5.12, 5.12]","[-2.408657866706993, 2.092044339936556]","[-1.9899136084699713, 1.989912312130962]",7.959662381483598,28,30,"{""max_iterations"": 1000, ""rate"": 0.001, ""tolerance"": 1e-06}"
rastrigin,Rastrigin,270,2244,gradient,2,"[-5.12, 5.12]","[0.6064053260386064, 3.3429444389804877]","[0.9949573291465166, 2.9848563319675234]",9.949560298998437,28,30,"{""max_iterations"": 1000, ""rate"": 0.001, ""tolerance"": 1e-06}"
rastrigin,Rastrigin,271,2245,gradient,2,"[-5.12, 5.12]","[-1.0602182027843101, 3.7036353530941506]","[-0.9949587690266993, 3.9797824481935637]",16.914202849950684,26,28,"{""max_iterations"": 1000, ""rate"": 0.001, ""tolerance"": 1e-06}"
rastrigin,Rastrigin,272,2246,gradient,2,"[-5.12, 5.12]","[-1.0665633752082693, 3.7746393135354124]","[-0.9949588777002268, 3.9797826623116292]",16.914202849848696,25,27,"{""max_iterations"": 1000, ""rate"": 0.001, ""tolerance"": 1e-06}"
rastrigin,Rastrigin,273,2247,gradient,2,"[-5.12, 5.12]","[4.2386194749916735, -2.7276975516395576]","[3.979784640436304, -2.984854658963741]",24.87384503428279,26,28,"{""max_iterations"": 1000, ""rate"": 0.001, ""tolerance"": 1e-06}"
rastrigin,Rastrigin,274,2248,gradient,2,"[-5.12, 5.12]","[5.044425248259729, -2.7709025699719927]","[4.974691662467022, -2.984854528264143]",33.82832417631532,25,27,"{""max_iterations"": 1000, ""rate"": 0.001, ""tolerance"": 1e-06}"
rastrigin,Rastrigin,275,2249,gradient,2,"[-5.12, 5.12]","[1.7624910601957087, 4.51041687832483]","[1.9899122258902282, 3.9797850018693994]",19.899074983272104,35,37,"{""max_iterations"": 1000, ""rate"": 0.001, ""tolerance"": 1e-06}"
rastrigin,Rastrigin,276,2250,gradient,2,"[-5.12, 5.12]","[1.026718325862121, 0.4336589191567386]","[0.9949586514695261, 1.5062254648737248e-06]",0.9949590575434257,29,31,"{""max_iterations"": 1000, ""rate"": 0.001, ""tolerance"": 1e-06}"
rastrigin,Rastrigin,277,2251,gradient,2,"[-5.12, 5.12]","[3.9911893627388375, 2.9569471374987844]","[3.979784372419753, 2.9848544731526805]",24.87384503429793,20,22,"{""max_iterations"": 1000, ""rate"": 0.001, ""tolerance"": 1e-06}"
rastrigin,Rastrigin,278,2252,gradient,2,"[-5.12, 5.12]","[-2.408657866706993, 2.092044339936556]","[-1.9899136084699713, 1.989912312130962]",7.959662381483598,28,30,"{""max_iterations"": 1000, ""rate"": 0.001, ""tolerance"": 1e-06}"
rastrigin,Rastrigin,279,2253,gradient,2,"[-5.12, 5.12]","[-3.9503016920471885, -3.822754887139573]","[-3.9797836754839233, -3.9797825868936587]",31.838487585248917,24,26,"{""max_iterations"": 1000, ""rate"": 0.001, ""tolerance"": 1e-06}"
rastrigin,Rastrigin,280,2245,gradient,2,"[-5.12, 5.12]","[-1.0602182027843101, 3.7036353530941506]","[-0.9949587690266993, 3.9797824481935637]",16.914202849950684,26,28,"{""max_iterations"": 1000, ""rate"": 0.001, ""tolerance"": 1e-06}"
rastrigin,Rastrigin,281,2246,gradient,2,"[-5.12, 5.12]","[-1.0665633752082693, 3.7746393135354124]","[-0.9949588777002268, 3.9797826623116292]",16.914202849848696,25,27,"{""max_iterations"": 1000, ""rate"": 0.001, ""tolerance"": 1e-06}"
rastrigin,Rastrigin,282,2247,gradient,2,"[-5.12, 5.12]","[4.2386194749916735, -2.7276975516395576]","[3.979784640436304, -2.984854658963741]",24.87384503428279,26,28,"{""max_iterations"": 1000, ""rate"": 0.001, ""tolerance"": 1e-06}"
rastrigin,Rastrigin,283,2248,gradient,2,"[-5.12, 5.12]","[5.044425248259729, -2.7709025699719927]","[4.974691662467022, -2.984854528264143]",33.82832417631532,25,27,"{""max_iterations"": 1000, ""rate"": 0.001, ""tolerance"": 1e-06}"
rastrigin,Rastrigin,284,2249,gradient,2,"[-5.12, 5.12]","[1.7624910601957087, 4.51041687832483]","[1.9899122258902282, 3.9797850018693994]",19.899074983272104,35,37,"{""max_iterations"": 1000, ""rate"": 0.001, ""tolerance"": 1e-06}"
rastrigin,Rastrigin,285,2250,gradient,2,"[-5.12, 5.12]","[1.026718325862121, 0.4336589191567386]","[0.9949586514695261, 1.5062254648737248e-06]",0.9949590575434257,29,31,"{""max_iterations"": 1000, ""rate"": 0.001, ""tolerance"": 1e-06}"
rastrigin,Rastrigin,286,2251,gradient,2,"[-5.12, 5.12]","[3.9911893627388375, 2.9569471374987844]","[3.979784372419753, 2.9848544731526805]",24.87384503429793,20,22,"{""max_iterations"": 1000, ""rate"": 0.001, ""tolerance"": 1e-06}"
rastrigin,Rastrigin,287,2252,gradient,2,"[-5.12, 5.12]","[-2.408657866706993, 2.092044339936556]","[-1.9899136084699713, 1.989912312130962]",7.959662381483598,28,30,"{""max_iterations"": 1000, ""rate"": 0.001, ""tolerance"": 1e-06}"
rastrigin,Rastrigin,288,2253,gradient,2,"[-5.12, 5.12]","[-3.9503016920471885, -3.822754887139573]","[-3.9797836754839233, -3.9797825868936587]",31.838487585248917,24,26,"{""max_iterations"": 1000, ""rate"": 0.001, ""tolerance"": 1e-06}"
rastrigin,Rastrigin,289,2254,gradient,2,"[-5.12, 5.12]","[-0.4469209882405183, 1.915795431402219]","[-1.264592095400591e-06, 1.989912212419677]",3.9798311908714457,30,32,"{""max_iterations"": 1000, ""rate"": 0.001, ""tolerance"": 1e-06}"
rastrigin,Rastrigin,290,2246,gradient,2,"[-5.12, 5.12]","[-1.0665633752082693, 3.7746393135354124]","[-0.9949588777002268, 3.9797826623116292]",16.914202849848696,25,27,"{""max_iterations"": 1000, ""rate"": 0.001, ""tolerance"": 1e-06}"
rastrigin,Rastrigin,291,2247,gradient,2,"[-5.12, 5.12]","[4.2386194749916735, -2.7276975516395576]","[3.979784640436304, -2.984854658963741]",24.87384503428279,26,28,"{""max_iterations"": 1000, ""rate"": 0.001, ""tolerance"": 1e-06}"
rastrigin,Rastrigin,292,2248,gradient,2,"[-5.12, 5.12]","[5.044425248259729, -2.7709025699719927]","[4.974691662467022, -2.984854528264143]",33.82832417631532,25,27,"{""max_iterations"": 1000, ""rate"": 0.001, ""tolerance"": 1e-06}"
rastrigin,Rastrigin,293,2249,gradient,2,"[-5.12, 5.12]","[1.7624910601957087, 4.51041687832483]","[1.9899122258902282, 3.9797850018693994]",19.899074983272104,35,37,"{""max_iterations"": 1000, ""rate"": 0.001, ""tolerance"": 1e-06}"
rastrigin,Rastrigin,294,2250,gradient,2,"[-5.12, 5.12]","[1.026718325862121, 0.4336589191567386]","[0.9949586514695261, 1.5062254648737248e-06]",0.9949590575434257,29,31,"{""max_iterations"": 1000, ""rate"": 0.001, ""tolerance"": 1e-06}"
rastrigin,Rastrigin,295,2251,gradient,2,"[-5.12, 5.12]","[3.9911893627388375, 2.9569471374987844]","[3.979784372419753, 2.9848544731526805]",24.87384503429793,20,22,"{""max_iterations"": 1000, ""rate"": 0.001, ""tolerance"": 1e-06}"
rastrigin,Rastrigin,296,2252,gradient,2,"[-5.12, 5.12]","[-2.408657866706993, 2.092044339936556]","[-1.9899136084699713, 1.989912312130962]",7.959662381483598,28,30,"{""max_iterations"": 1000, ""rate"": 0.001, ""tolerance"": 1e-06}"
rastrigin,Rastrigin,297,2253,gradient,2,"[-5.12, 5.12]","[-3.9503016920471885, -3.822754887139573]","[-3.9797836754839233, -3.9797825868936587]",31.838487585248917,24,26,"{""max_iterations"": 1000, ""rate"": 0.001, ""tolerance"": 1e-06}"
rastrigin,Rastrigin,298,2254,gradient,2,"[-5.12, 5.12]","[-0.4469209882405183, 1.915795431402219]","[-1.264592095400591e-06, 1.989912212419677]",3.9798311908714457,30,32,"{""max_iterations"": 1000, ""rate"": 0.001, ""tolerance"": 1e-06}"
rastrigin,Rastrigin,299,2255,gradient,2,"[-5.12, 5.12]","[4.079314578854624, 0.488427061153061]","[3.9797838643955306, 1.3654882958865384e-06]",15.91924379283145,34,36,"{""max_iterations"": 1000, ""rate"": 0.001, ""tolerance"": 1e-06}"
rastrigin,Rastrigin,300,2238,gradient,2,"[-5.12, 5.12]","[-1.5680078749980022, -0.19832798623299563]","[-1.9899110959265, -6.791598215613943e-08]",3.9798311908113178,30,32,"{""max_iterations"": 1000, ""rate"": 0.001, ""tolerance"": 1e-06}"
rastrigin,Rastrigin,301,2239,gradient,2,"[-5.12, 5.12]","[-1.123103501010045, -3.5755215240046074]","[-0.9949586744322955, -3.9797825313465163]",16.91420284990267,30,32,"{""max_iterations"": 1000, ""rate"": 0.001, ""tolerance"": 1e-06}"
rastrigin,Rastrigin,302,2240,gradient,2,"[-5.12, 5.12]","[-0.9001109309051314, 1.0444475500061126]","[-0.9949577157105874, 0.9949590867382436]",1.9899181143951168,23,25,"{""max_iterations"": 1000, ""rate"": 0.001, ""tolerance"": 1e-06}"
rastrigin,Rastrigin,303,2241,gradient,2,"[-5.12, 5.12]","[-1.3852354282911996, -0.35260115011325155]","[-0.9949596664981175, -7.232447575150676e-07]",0.994959057406966,28,30,"{""max_iterations"": 1000, ""rate"": 0.001, ""tolerance"": 1e-06}"
rastrigin,Rastrigin,304,2242,gradient,2,"[-5.12, 5.12]","[0.6870024489726969, 3.8995948814061956]","[0.9949572612141147, 3.9797836615933697]",16.914202849938277,26,28,"{""max_iterations"": 1000, ""rate"": 0.001, ""tolerance"": 1e-06}"
rastrigin,Rastrigin,305,2243,gradient,2,"[-5.12, 5.12]","[2.202026317894892, 0.10041792361216029]","[1.9899131410732593, 3.4953277956564956e-07]",3.979831190741338,25,27,"{""max_iterations"": 1000, ""rate"": 0.001, ""tolerance"": 1e-06}"
rastrigin,Rastrigin,306,2244,gradient,2,"[-5.12, 5.12]","[0.6064053260386064, 3.3429444389804877]","[0.9949573291465166, 2.9848563319675234]",9.949560298998437,28,30,"{""max_iterations"": 1000, ""rate"": 0.001, ""tolerance"": 1e-06}"
rastrigin,Rastrigin,307,2245,gradient,2,"[-5.12, 5.12]","[-1.0602182027843101, 3.7036353530941506]","[-0.9949587690266993, 3.9797824481935637]",16.914202849950684,26,28,"{""max_iterations"": 1000, ""rate"": 0.001, ""tolerance"": 1e-06}"
rastrigin,Rastrigin,308,2246,gradient,2,"[-5.12, 5.12]","[-1.0665633752082693, 3.7746393135354124]","[-0.9949588777002268, 3.9797826623116292]",16.914202849848696,25,27,"{""max_iterations"": 1000, ""rate"": 0.001, ""tolerance"": 1e-06}"
rastrigin,Rastrigin,309,2247,gradient,2,"[-5.12, 5.12]","[4.2386194749916735, -2.7276975516395576]","[3.979784640436304, -2.984854658963741]",24.87384503428279,26,28,"{""max_iterations"": 1000, ""rate"": 0.001, ""tolerance"": 1e-06}"
rastrigin,Rastrigin,310,2239,gradient,2,"[-5.12, 5.12]","[-1.123103501010045, -3.5755215240046074]","[-0.9949586744322955, -3.9797825313465163]",16.91420284990267,30,32,"{""max_iterations"": 1000, ""rate"": 0.001, ""tolerance"": 1e-06}"
rastrigin,Rastrigin,311,2240,gradient,2,"[-5.12, 5.12]","[-0.9001109309051314, 1.0444475500061126]","[-0.9949577157105874, 0.9949590867382436]",1.9899181143951168,23,25,"{""max_iterations"": 1000, ""rate"": 0.001, ""tolerance"": 1e-06}"
rastrigin,Rastrigin,312,2241,gradient,2,"[-5.12, 5.12]","[-1.3852354282911996, -0.35260115011325155]","[-0.9949596664981175, -7.232447575150676e-07]",0.994959057406966,28,30,"{""max_iterations"": 1000, ""rate"": 0.001, ""tolerance"": 1e-06}"
rastrigin,Rastrigin,313,2242,gradient,2,"[-5.12, 5.12]","[0.6870024489726969, 3.8995948814061956]","[0.9949572612141147, 3.9797836615933697]",16.914202849938277,26,28,"{""max_iterations"": 1000, ""rate"": 0.001, ""tolerance"": 1e-06}"
rastrigin,Rastrigin,314,2243,gradient,2,"[-5.12, 5.12]","[2.202026317894892, 0.10041792361216029]","[1.9899131410732593, 3.4953277956564956e-07]",3.979831190741338,25,27,"{""max_iterations"": 1000, ""rate"": 0.001, ""tolerance"": 1e-06}"
rastrigin,Rastrigin,315,2244,gradient,2,"[-5.12, 5.12]","[0.6064053260386064, 3.3429444389804877]","[0.9949573291465166, 2.9848563319675234]",9.949560298998437,28,30,"{""max_iterations"": 1000, ""rate"": 0.001, ""tolerance"": 1e-06}"
rastrigin,Rastrigin,316,2245,gradient,2,"[-5.12, 5.12]","[-1.0602182027843101, 3.7036353530941506]","[-0.9949587690266993, 3.9797824481935637]",16.914202849950684,26,28,"{""max_iterations"": 1000, ""rate"": 0.001, ""tolerance"": 1e-06}"
rastrigin,Rastrigin,317,2246,gradient,2,"[-5.12, 5.12]","[-1.0665633752082693, 3.7746393135354124]","[-0.9949588777002268, 3.9797826623116292]",16.914202849848696,25,27,"{""max_iterations"": 1000, ""rate"": 0.001, ""tolerance"": 1e-06}"
rastrigin,Rastrigin,318,2247,gradient,2,"[-5.12, 5.12]","[4.2386194749916735, -2.7276975516395576]","[3.979784640436304, -2.984854658963741]",24.87384503428279,26,28,"{""max_iterations"": 1000, ""rate"": 0.001, ""tolerance"": 1e-06}"
rastrigin,Rastrigin,319,2248,gradient,2,"[-5.12, 5.12]","[5.044425248259729, -2.7709025699719927]","[4.974691662467022, -2.984854528264143]",33.82832417631532,25,27,"{""max_iterations"": 1000, ""rate"": 0.001, ""tolerance"": 1e-06}"
rastrigin,Rastrigin,320,2240,gradient,2,"[-5.12, 5.12]","[-0.9001109309051314, 1.0444475500061126]","[-0.9949577157105874, 0.9949590867382436]",1.9899181143951168,23,25,"{""max_iterations"": 1000, ""rate"": 0.001, ""tolerance"": 1e-06}"
rastrigin,Rastrigin,321,2241,gradient,2,"[-5.12, 5.12]","[-1.3852354282911996, -0.35260115011325155]","[-0.9949596664981175, -7.232447575150676e-07]",0.994959057406966,28,30,"{""max_iterations"": 1000, ""rate"": 0.001, ""tolerance"": 1e-06}"
rastrigin,Rastrigin,322,2242,gradient,2,"[-5.12, 5.12]","[0.6870024489726969, 3.8995948814061956]","[0.9949572612141147, 3.9797836615933697]",16.914202849938277,26,28,"{""max_iterations"": 1000, ""rate"": 0.001, ""tolerance"": 1e-06}"
rastrigin,Rastrigin,323,2243,gradient,2,"[-5.12, 5.12]","[2.202026317894892, 0.10041792361216029]","[1.9899131410732593, 3.4953277956564956e-07]",3.979831190741338,25,27,"{""max_iterations"": 1000, ""rate"": 0.001, ""tolerance"": 1e-06}"
rastrigin,Rastrigin,324,2244,gradient,2,"[-5.12, 5.12]","[0.6064053260386064, 3.3429444389804877]","[0.9949573291465166, 2.9848563319675234]",9.949560298998437,28,30,"{""max_iterations"": 1000, ""rate"": 0.001, ""tolerance"": 1e-06}"
rastrigin,Rastrigin,325,2245,gradient,2,"[-5.12, 5.12]","[-1.0602182027843101, 3.7036353530941506]","[-0.9949587690266993, 3.9797824481935637]",16.914202849950684,26,28,"{""max_iterations"": 1000, ""rate"": 0.001, ""tolerance"": 1e-06}"
rastrigin,Rastrigin,326,2246,gradient,2,"[-5.12, 5.12]","[-1.0665633752082693, 3.7746393135354124]","[-0.9949588777002268, 3.9797826623116292]",16.914202849848696,25,27,"{""max_iterations"": 1000, ""rate"": 0.001, ""tolerance"": 1e-06}"
rastrigin,Rastrigin,327,2247,gradient,2,"[-5.12, 5.12]","[4.2386194749916735, -2.7276975516395576]","[3.979784640436304, -2.984854658963741]",24.87384503428279,26,28,"{""max_iterations"": 1000, ""rate"": 0.001, ""tolerance"": 1e-06}"
rastrigin,Rastrigin,328,2248,gradient,2,"[-5.12, 5.12]","[5.044425248259729, -2.7709025699719927]","[4.974691662467022, -2.984854528264143]",33.82832417631532,25,27,"{""max_iterations"": 1000, ""rate"": 0.001, ""tolerance"": 1e-06}"
rastrigin,Rastrigin,329,2249,gradient,2,"[-5.12, 5.12]","[1.7624910601957087, 4.51041687832483]","[1.9899122258902282, 3.9797850018693994]",19.899074983272104,35,37,"{""max_iterations"": 1000, ""rate"": 0.001, ""tolerance"": 1e-06}"
rastrigin,Rastrigin,330,2241,gradient,2,"[-5.12, 5.12]","[-1.3852354282911996, -0.35260115011325155]","[-0.9949596664981175, -7.232447575150676e-07]",0.994959057406966,28,30,"{""max_iterations"": 1000, ""rate"": 0.001, ""tolerance"": 1e-06}"
rastrigin,Rastrigin,331,2242,gradient,2,"[-5.12, 5.12]","[0.6870024489726969, 3.8995948814061956]","[0.9949572612141147, 3.9797836615933697]",16.914202849938277,26,28,"{""max_iterations"": 1000, ""rate"": 0.001, ""tolerance"": 1e-06}"
rastrigin,Rastrigin,332,2243,gradient,2,"[-5.12, 5.12]","[2.202026317894892, 0.10041792361216029]","[1.9899131410732593, 3.4953277956564956e-07]",3.979831190741338,25,27,"{""max_iterations"": 1000, ""rate"": 0.001, ""tolerance"": 1e-06}"
rastrigin,Rastrigin,333,2244,gradient,2,"[-5.12, 5.12]","[0.6064053260386064, 3.3429444389804877]","[0.9949573291465166, 2.9848563319675234]",9.949560298998437,28,30,"{""max_iterations"": 1000, ""rate"": 0.001, ""tolerance"": 1e-06}"
rastrigin,Rastrigin,334,2245,gradient,2,"[-5.12, 5.12]","[-1.0602182027843101, 3.7036353530941506]","[-0.9949587690266993, 3.9797824481935637]",16.914202849950684,26,28,"{""max_iterations"": 1000, ""rate"": 0.001, ""tolerance"": 1e-06}"
rastrigin,Rastrigin,335,2246,gradient,2,"[-5.12, 5.12]","[-1.0665633752082693, 3.7746393135354124]","[-0.9949588777002268, 3.9797826623116292]",16.914202849848696,25,27,"{""max_iterations"": 1000, ""rate"": 0.001, ""tolerance"": 1e-06}"
rastrigin,Rastrigin,336,2247,gradient,2,"[-5.12, 5.12]","[4.2386194749916735, -2.7276975516395576]","[3.979784640436304, -2.984854658963741]",24.87384503428279,26,28,"{""max_iterations"": 1000, ""rate"": 0.001, ""tolerance"": 1e-06}"
rastrigin,Rastrigin,337,2248,gradient,2,"[-5.12, 5.12]","[5.044425248259729, -2.7709025699719927]","[4.974691662467022, -2.984854528264143]",33.82832417631532,25,27,"{""max_iterations"": 1000, ""rate"": 0.001, ""tolerance"": 1e-06}"
rastrigin,Rastrigin,338,2249,gradient,2,"[-5.12, 5.12]","[1.7624910601957087, 4.51041687832483]","[1.9899122258902282, 3.9797850018693994]",19.899074983272104,35,37,"{""max_iterations"": 1000, ""rate"": 0.001, ""tolerance"": 1e-06}"
rastrigin,Rastrigin,339,2250,gradient,2,"[-5.12, 5.12]","[1.026718325862121, 0.4336589191567386]","[0.9949586514695261, 1.5062254648737248e-06]",0.9949590575434257,29,31,"{""max_iterations"": 1000, ""rate"": 0.001, ""tolerance"": 1e-06}"
rastrigin,Rastrigin,340,2242,gradient,2,"[-5.12, 5.12]","[0.6870024489726969, 3.8995948814061956]","[0.9949572612141147, 3.9797836615933697]",16.914202849938277,26,28,"{""max_iterations"": 1000, ""rate"": 0.001, ""tolerance"": 1e-06}"
rastrigin,Rastrigin,341,2243,gradient,2,"[-5.12, 5.12]","[2.202026317894892, 0.10041792361216029]","[1.9899131410732593, 3.4953277956564956e-07]",3.979831190741338,25,27,"{""max_iterations"": 1000, ""rate"": 0.001, ""tolerance"": 1e-06}"
rastrigin,Rastrigin,342,2244,gradient,2,"[-5.12, 5.12]","[0.6064053260386064, 3.3429444389804877]","[0.9949573291465166, 2.9848563319675234]",9.949560298998437,28,30,"{""max_iterations"": 1000, ""rate"": 0.001, ""tolerance"": 1e-06}"
rastrigin,Rastrigin,343,2245,gradient,2,"[-5.12, 5.12]","[-1.0602182027843101, 3.7036353530941506]","[-0.9949587690266993, 3.9797824481935637]",16.914202849950684,26,28,"{""max_iterations"": 1000, ""rate"": 0.001, ""tolerance"": 1e-06}"
rastrigin,Rastrigin,344,2246,gradient,2,"[-5.12, 5.12]","[-1.0665633752082693, 3.7746393135354124]","[-0.9949588777002268, 3.9797826623116292]",16.914202849848696,25,27,"{""max_iterations"": 1000, ""rate"": 0.001, ""tolerance"": 1e-06}"
rastrigin,Rastrigin,345,2247,gradient,2,"[-5.12, 5.12]","[4.2386194749916735, -2.7276975516395576]","[3.979784640436304, -2.984854658963741]",24.87384503428279,26,28,"{""max_iterations"": 1000, ""rate"": 0.001, ""tolerance"": 1e-06}"
rastrigin,Rastrigin,346,2248,gradient,2,"[-5.12, 5.12]","[5.044425248259729, -2.7709025699719927]","[4.974691662467022, -2.984854528264143]",33.82832417631532,25,27,"{""max_iterations"": 1000, ""rate"": 0.001, ""tolerance"": 1e-06}"
rastrigin,Rastrigin,347,2249,gradient,2,"[-5.12, 5.12]","[1.7624910601957087, 4.51041687832483]","[1.9899122258902282, 3.9797850018693994]",19.899074983272104,35,37,"{""max_iterations"": 1000, ""rate"": 0.001, ""tolerance"": 1e-06}"
rastrigin,Rastrigin,348,2250,gradient,2,"[-5.12, 5.12]","[1.026718325862121, 0.4336589191567386]","[0.9949586514695261, 1.5062254648737248e-06]",0.9949590575434257,29,31,"{""max_iterations"": 1000, ""rate"": 0.001, ""tolerance"": 1e-06}"
rastrigin,Rastrigin,349,2251,gradient,2,"[-5.12, 5.12]","[3.9911893627388375, 2.9569471374987844]","[3.979784372419753, 2.9848544731526805]",24.87384503429793,20,22,"{""max_iterations"": 1000, ""rate"": 0.001, ""tolerance"": 1e-06}"
rastrigin,Rastrigin,350,2243,gradient,2,"[-5.12, 5.12]","[2.202026317894892, 0.10041792361216029]","[1.9899131410732593, 3.4953277956564956e-07]",3.979831190741338,25,27,"{""max_iterations"": 1000, ""rate"": 0.001, ""tolerance"": 1e-06}"
rastrigin,Rastrigin,351,2244,gradient,2,"[-5.12, 5.12]","[0.6064053260386064, 3.3429444389804877]","[0.9949573291465166, 2.9848563319675234]",9.949560298998437,28,30,"{""max_iterations"": 1000, ""rate"": 0.001, ""tolerance"": 1e-06}"
rastrigin,Rastrigin,352,2245,gradient,2,"[-5.12, 5.12]","[-1.0602182027843101, 3.7036353530941506]","[-0.9949587690266993, 3.9797824481935637]",16.914202849950684,26,28,"{""max_iterations"": 1000, ""rate"": 0.001, ""tolerance"": 1e-06}"
rastrigin,Rastrigin,353,2246,gradient,2,"[-5.12, 5.12]","[-1.0665633752082693, 3.7746393135354124]","[-0.9949588777002268, 3.9797826623116292]",16.914202849848696,25,27,"{""max_iterations"": 1000, ""rate"": 0.001, ""tolerance"": 1e-06}"
rastrigin,Rastrigin,354,2247,gradient,2,"[-5.12, 5.12]","[4.2386194749916735, -2.7276975516395576]","[3.979784640436304, -2.984854658963741]",24.87384503428279,26,28,"{""max_iterations"": 1000, ""rate"": 0.001, ""tolerance"": 1e-06}"
rastrigin,Rastrigin,355,2248,gradient,2,"[-5.12, 5.12]","[5.044425248259729, -2.7709025699719927]","[4.974691662467022, -2.984854528264143]",33.82832417631532,25,27,"{""max_iterations"": 1000, ""rate"": 0.001, ""tolerance"": 1e-06}"
rastrigin,Rastrigin,356,2249,gradient,2,"[-5.12, 5.12]","[1.7624910601957087, 4.51041687832483]","[1.9899122258902282, 3.9797850018693994]",19.899074983272104,35,37,"{""max_iterations"": 1000, ""rate"": 0.001, ""tolerance"": 1e-06}"
rastrigin,Rastrigin,357,2250,gradient,2,"[-5.12, 5.12]","[1.026718325862121, 0.4336589191567386]","[0.9949586514695261, 1.5062254648737248e-06]",0.9949590575434257,29,31,"{""max_iterations"": 1000, ""rate"": 0.001, ""tolerance"": 1e-06}"
rastrigin,Rastrigin,358,2251,gradient,2,"[-5.12, 5.12]","[3.9911893627388375, 2.9569471374987844]","[3.979784372419753, 2.9848544731526805]",24.87384503429793,20,22,"{""max_iterations"": 1000, ""rate"": 0.001, ""tolerance"": 1e-06}"
rastrigin,Rastrigin,359,2252,gradient,2,"[-5.12, 5.12]","[-2.408657866706993, 2.092044339936556]","[-1.9899136084699713, 1.989912312130962]",7.959662381483598,28,30,"{""max_iterations"": 1000, ""rate"": 0.001, ""tolerance"": 1e-06}"
rastrigin,Rastrigin,360,2244,gradient,2,"[-5.12, 5.12]","[0.6064053260386064, 3.3429444389804877]","[0.9949573291465166, 2.9848563319675234]",9.949560298998437,28,30,"{""max_iterations"": 1000, ""rate"": 0.001, ""tolerance"": 1e-06}"
rastrigin,Rastrigin,361,2245,gradient,2,"[-5.12, 5.12]","[-1.0602182027843101, 3.7036353530941506]","[-0.9949587690266993, 3.9797824481935637]",16.914202849950684,26,28,"{""max_iterations"": 1000, ""rate"": 0.001, ""tolerance"": 1e-06}"
rastrigin,Rastrigin,362,2246,gradient,2,"[-5.12, 5.12]","[-1.0665633752082693, 3.7746393135354124]","[-0.9949588777002268, 3.9797826623116292]",16.914202849848696,25,27,"{""max_iterations"": 1000, ""rate"": 0.001, ""tolerance"": 1e-06}"
rastrigin,Rastrigin,363,2247,gradient,2,"[-5.12, 5.12]","[4.2386194749916735, -2.7276975516395576]","[3.979784640436304, -2.984854658963741]",24.87384503428279,26,28,"{""max_iterations"": 1000, ""rate"": 0.001, ""tolerance"": 1e-06}"
rastrigin,Rastrigin,364,2248,gradient,2,"[-5.12, 5.12]","[5.044425248259729, -2.7709025699719927]","[4.974691662467022, -2.984854528264143]",33.82832417631532,25,27,"{""max_iterations"": 1000, ""rate"": 0.001, ""tolerance"": 1e-06}"
rastrigin,Rastrigin,365,2249,gradient,2,"[-5.12, 5.12]","[1.7624910601957087, 4.51041687832483]","[1.9899122258902282, 3.9797850018693994]",19.899074983272104,35,37,"{""max_iterations"": 1000, ""rate"": 0.001, ""tolerance"": 1e-06}"
rastrigin,Rastrigin,366,2250,gradient,2,"[-5.12, 5.12]","[1.026718325862121, 0.4336589191567386]","[0.9949586514695261, 1.5062254648737248e-06]",0.9949590575434257,29,31,"{""max_iterations"": 1000, ""rate"": 0.001, ""tolerance"": 1e-06}"
rastrigin,Rastrigin,367,2251,gradient,2,"[-5.12, 5.12]","[3.9911893627388375, 2.9569471374987844]","[3.979784372419753, 2.9848544731526805]",24.87384503429793,20,22,"{""max_iterations"": 1000, ""rate"": 0.001, ""tolerance"": 1e-06}"
rastrigin,Rastrigin,368,2252,gradient,2,"[-5.12, 5.12]","[-2.408657866706993, 2.092044339936556]","[-1.9899136084699713, 1.989912312130962]",7.959662381483598,28,30,"{""max_iterations"": 1000, ""rate"": 0.001, ""tolerance"": 1e-06}"
rastrigin,Rastrigin,369,2253,gradient,2,"[-5.12, 5.12]","[-3.9503016920471885, -3.822754887139573]","[-3.9797836754839233, -3.9797825868936587]",31.838487585248917,24,26,"{""max_iterations"": 1000, ""rate"": 0.001, ""tolerance"": 1e-06}"
rastrigin,Rastrigin,370,2245,gradient,2,"[-5.12, 5.12]","[-1.0602182027843101, 3.7036353530941506]","[-0.9949587690266993, 3.9797824481935637]",16.914202849950684,26,28,"{""max_iterations"": 1000, ""rate"": 0.001, ""tolerance"": 1e-06}"
rastrigin,Rastrigin,371,2246,gradient,2,"[-5.12, 5.12]","[-1.0665633752082693, 3.7746393135354124]","[-0.9949588777002268, 3.9797826623116292]",16.914202849848696,25,27,"{""max_iterations"": 1000, ""rate"": 0.001, ""tolerance"": 1e-06}"
rastrigin,Rastrigin,372,2247,gradient,2,"[-5.12, 5.12]","[4.2386194749916735, -2.7276975516395576]","[3.979784640436304, -2.984854658963741]",24.87384503428279,26,28,"{""max_iterations"": 1000, ""rate"": 0.001, ""tolerance"": 1e-06}"
rastrigin,Rastrigin,373,2248,gradient,2,"[-5.12, 5.12]","[5.044425248259729, -2.7709025699719927]","[4.974691662467022, -2.984854528264143]",33.82832417631532,25,27,"{""max_iterations"": 1000, ""rate"": 0.001, ""tolerance"": 1e-06}"
rastrigin,Rastrigin,374,2249,gradient,2,"[-5.12, 5.12]","[1.7624910601957087, 4.51041687832483]","[1.9899122258902282, 3.9797850018693994]",19.899074983272104,35,37,"{""max_iterations"": 1000, ""rate"": 0.001, ""tolerance"": 1e-06}"
rastrigin,Rastrigin,375,2250,gradient,2,"[-5.12, 5.12]","[1.026718325862121, 0.4336589191567386]","[0.9949586514695261, 1.5062254648737248e-06]",0.9949590575434257,29,31,"{""max_iterations"": 1000, ""rate"": 0.001, ""tolerance"": 1e-06}"
rastrigin,Rastrigin,376,2251,gradient,2,"[-5.12, 5.12]","[3.9911893627388375, 2.9569471374987844]","[3.979784372419753, 2.9848544731526805]",24.87384503429793,20,22,"{""max_iterations"": 1000, ""rate"": 0.001, ""tolerance"": 1e-06}"
rastrigin,Rastrigin,377,2252,gradient,2,"[-5.12, 5.12]","[-2.408657866706993, 2.092044339936556]","[-1.9899136084699713, 1.989912312130962]",7.959662381483598,28,30,"{""max_iterations"": 1000, ""rate"": 0.001, ""tolerance"": 1e-06}"
rastrigin,Rastrigin,378,2253,gradient,2,"[-5.12, 5.12]","[-3.9503016920471885, -3.822754887139573]","[-3.9797836754839233, -3.9797825868936587]",31.838487585248917,24,26,"{""max_iterations"": 1000, ""rate"": 0.001, ""tolerance"": 1e-06}"
rastrigin,Rastrigin,379,2254,gradient,2,"[-5.12, 5.12]","[-0.4469209882405183, 1.915795431402219]","[-1.264592095400591e-06, 1.989912212419677]",3.9798311908714457,30,32,"{""max_iterations"": 1000, ""rate"": 0.001, ""tolerance"": 1e-06}"
rastrigin,Rastrigin,380,2246,gradient,2,"[-5.12, 5.12]","[-1.0665633752082693, 3.7746393135354124]","[-0.9949588777002268, 3.9797826623116292]",16.914202849848696,25,27,"{""max_iterations"": 1000, ""rate"": 0.001, ""tolerance"": 1e-06}"
rastrigin,Rastrigin,381,2247,gradient,2,"[-5.12, 5.12]","[4.2386194749916735, -2.7276975516395576]","[3.979784640436304, -2.984854658963741]",24.87384503428279,26,28,"{""max_iterations"": 1000, ""rate"": 0.001, ""tolerance"": 1e-06}"
rastrigin,Rastrigin,382,2248,gradient,2,"[-5.12, 5.12]","[5.044425248259729, -2.7709025699719927]","[4.974691662467022, -2.984854528264143]",33.82832417631532,25,27,"{""max_iterations"": 1000, ""rate"": 0.001, ""tolerance"": 1e-06}"
rastrigin,Rastrigin,383,2249,gradient,2,"[-5.12, 5.12]","[1.7624910601957087, 4.51041687832483]","[1.9899122258902282, 3.9797850018693994]",19.899074983272104,35,37,"{""max_iterations"": 1000, ""rate"": 0.001, ""tolerance"": 1e-06}"
rastrigin,Rastrigin,384,2250,gradient,2,"[-5.12, 5.12]","[1.026718325862121, 0.4336589191567386]","[0.9949586514695261, 1.5062254648737248e-06]",0.9949590575434257,29,31,"{""max_iterations"": 1000, ""rate"": 0.001, ""tolerance"": 1e-06}"
rastrigin,Rastrigin,385,2251,gradient,2,"[-5.12, 5.12]","[3.9911893627388375, 2.9569471374987844]","[3.979784372419753, 2.9848544731526805]",24.87384503429793,20,22,"{""max_iterations"": 1000, ""rate"": 0.001, ""tolerance"": 1e-06}"
rastrigin,Rastrigin,386,2252,gradient,2,"[-5.12, 5.12]","[-2.408657866706993, 2.092044339936556]","[-1.9899136084699713, 1.989912312130962]",7.959662381483598,28,30,"{""max_iterations"": 1000, ""rate"": 0.001, ""tolerance"": 1e-06}"
rastrigin,Rastrigin,387,2253,gradient,2,"[-5.12, 5.12]","[-3.9503016920471885, -3.822754887139573]","[-3.9797836754839233, -3.9797825868936587]",31.838487585248917,24,26,"{""max_iterations"": 1000, ""rate"": 0.001, ""tolerance"": 1e-06}"
rastrigin,Rastrigin,388,2254,gradient,2,"[-5.12, 5.12]","[-0.4469209882405183, 1.915795431402219]","[-1.264592095400591e-06, 1.989912212419677]",3.9798311908714457,30,32,"{""max_iterations"": 1000, ""rate"": 0.001, ""tolerance"": 1e-06}"
rastrigin,Rastrigin,389,2255,gradient,2,"[-5.12, 5.12]","[4.079314578854624, 0.488427061153061]","[3.9797838643955306, 1.3654882958865384e-06]",15.91924379283145,34,36,"{""max_iterations"": 1000, ""rate"": 0.001, ""tolerance"": 1e-06}"
rastrigin,Rastrigin,390,2247,gradient,2,"[-5.12, 5.12]","[4.2386194749916735, -2.7276975516395576]","[3.979784640436304, -2.984854658963741]",24.87384503428279,26,28,"{""max_iterations"": 1000, ""rate"": 0.001, ""tolerance"": 1e-06}"
rastrigin,Rastrigin,391,2248,gradient,2,"[-5.12, 5.12]","[5.044425248259729, -2.7709025699719927]","[4.974691662467022, -2.984854528264143]",33.82832417631532,25,27,"{""max_iterations"": 1000, ""rate"": 0.001, ""tolerance"": 1e-06}"
rastrigin,Rastrigin,392,2249,gradient,2,"[-5.12, 5.12]","[1.7624910601957087, 4.51041687832483]","[1.9899122258902282, 3.9797850018693994]",19.899074983272104,35,37,"{""max_iterations"": 1000, ""rate"": 0.001, ""tolerance"": 1e-06}"
rastrigin,Rastrigin,393,2250,gradient,2,"[-5.12, 5.12]","[1.026718325862121, 0.4336589191567386]","[0.9949586514695261, 1.5062254648737248e-06]",0.9949590575434257,29,31,"{""max_iterations"": 1000, ""rate"": 0.001, ""tolerance"": 1e-06}"
rastrigin,Rastrigin,394,2251,gradient,2,"[-5.12, 5.12]","[3.9911893627388375, 2.9569471374987844]","[3.979784372419753, 2.9848544731526805]",24.87384503429793,20,22,"{""max_iterations"": 1000, ""rate"": 0.001, ""tolerance"": 1e-06}"
rastrigin,Rastrigin,395,2252,gradient,2,"[-5.12, 5.12]","[-2.408657866706993, 2.092044339936556]","[-1.9899136084699713, 1.989912312130962]",7.959662381483598,28,30,"{""max_iterations"": 1000, ""rate"": 0.001, ""tolerance"": 1e-06}"
rastrigin,Rastrigin,396,2253,gradient,2,"[-5.12, 5.12]","[-3.9503016920471885, -3.822754887139573]","[-3.9797836754839233, -3.9797825868936587]",31.838487585248917,24,26,"{""max_iterations"": 1000, ""rate"": 0.001, ""tolerance"": 1e-06}"
rastrigin,Rastrigin,397,2254,gradient,2,"[-5.12, 5.12]","[-0.4469209882405183, 1.915795431402219]","[-1.264592095400591e-06, 1.989912212419677]",3.9798311908714457,30,32,"{""max_iterations"": 1000, ""rate"": 0.001, ""tolerance"": 1e-06}"
rastrigin,Rastrigin,398,2255,gradient,2,"[-5.12, 5.12]","[4.079314578854624, 0.488427061153061]","[3.9797838643955306, 1.3654882958865384e-06]",15.91924379283145,34,36,"{""max_iterations"": 1000, ""rate"": 0.001, ""tolerance"": 1e-06}"
rastrigin,Rastrigin,399,2256,gradient,2,"[-5.12, 5.12]","[4.0595403704423285, 0.2867336488697312]","[3.97978403783791, 1.051079843690084e-06]",15.919243792686917,26,28,"{""max_iterations"": 1000, ""rate"": 0.001, ""tolerance"": 1e-06}"
rastrigin,Rastrigin,400,2239,gradient,2,"[-5.12, 5.12]","[-1.123103501010045, -3.5755215240046074]","[-0.9949586744322955, -3.9797825313465163]",16.91420284990267,30,32,"{""max_iterations"": 1000, ""rate"": 0.001, ""tolerance"": 1e-06}"
rastrigin,Rastrigin,401,2240,gradient,2,"[-5.12, 5.12]","[-0.9001109309051314, 1.0444475500061126]","[-0.9949577157105874, 0.9949590867382436]",1.9899181143951168,23,25,"{""max_iterations"": 1000, ""rate"": 0.001, ""tolerance"": 1e-06}"
rastrigin,Rastrigin,402,2241,gradient,2,"[-5.12, 5.12]","[-1.3852354282911996, -0.35260115011325155]","[-0.9949596664981175, -7.232447575150676e-07]",0.994959057406966,28,30,"{""max_iterations"": 1000, ""rate"": 0.001, ""tolerance"": 1e-06}"
rastrigin,Rastrigin,403,2242,gradient,2,"[-5.12, 5.12]","[0.6870024489726969, 3.8995948814061956]","[0.9949572612141147, 3.9797836615933697]",16.914202849938277,26,28,"{""max_iterations"": 1000, ""rate"": 0.001, ""tolerance"": 1e-06}"
rastrigin,Rastrigin,404,2243,gradient,2,"[-5.12, 5.12]","[2.202026317894892, 0.10041792361216029]","[1.9899131410732593, 3.4953277956564956e-07]",3.979831190741338,25,27,"{""max_iterations"": 1000, ""rate"": 0.001, ""tolerance"": 1e-06}"
rastrigin,Rastrigin,405,2244,gradient,2,"[-5.12, 5.12]","[0.6064053260386064, 3.3429444389804877]","[0.9949573291465166, 2.9848563319675234]",9.949560298998437,28,30,"{""max_iterations"": 1000, ""rate"": 0.001, ""tolerance"": 1e-06}"
rastrigin,Rastrigin,406,2245,gradient,2,"[-5.12, 5.12]","[-1.0602182027843101, 3.7036353530941506]","[-0.9949587690266993, 3.9797824481935637]",16.914202849950684,26,28,"{""max_iterations"": 1000, ""rate"": 0.001, ""tolerance"": 1e-06}"
rastrigin,Rastrigin,407,2246,gradient,2,"[-5.12, 5.12]","[-1.0665633752082693, 3.7746393135354124]","[-0.9949588777002268, 3.9797826623116292]",16.914202849848696,25,27,"{""max_iterations"": 1000, ""rate"": 0.001, ""tolerance"": 1e-06}"
rastrigin,Rastrigin,408,2247,gradient,2,"[-5.12, 5.12]","[4.2386194749916735, -2.7276975516395576]","[3.979784640436304, -2.984854658963741]",24.87384503428279,26,28,"{""max_iterations"": 1000, ""rate"": 0.001, ""tolerance"": 1e-06}"
rastrigin,Rastrigin,409,2248,gradient,2,"[-5.12, 5.12]","[5.044425248259729, -2.7709025699719927]","[4.974691662467022, -2.984854528264143]",33.82832417631532,25,27,"{""max_iterations"": 1000, ""rate"": 0.001, ""tolerance"": 1e-06}"
rastrigin,Rastrigin,410,2240,gradient,2,"[-5.12, 5.12]","[-0.9001109309051314, 1.0444475500061126]","[-0.9949577157105874, 0.9949590867382436]",1.9899181143951168,23,25,"{""max_iterations"": 1000, ""rate"": 0.001, ""tolerance"": 1e-06}"
rastrigin,Rastrigin,411,2241,gradient,2,"[-5.12, 5.12]","[-1.3852354282911996, -0.35260115011325155]","[-0.9949596664981175, -7.232447575150676e-07]",0.994959057406966,28,30,"{""max_iterations"": 1000, ""rate"": 0.001, ""tolerance"": 1e-06}"
rastrigin,Rastrigin,412,2242,gradient,2,"[-5.12, 5.12]","[0.6870024489726969, 3.8995948814061956]","[0.9949572612141147, 3.9797836615933697]",16.914202849938277,26,28,"{""max_iterations"": 1000, ""rate"": 0.001, ""tolerance"": 1e-06}"
rastrigin,Rastrigin,413,2243,gradient,2,"[-5.12, 5.12]","[2.202026317894892, 0.10041792361216029]","[1.9899131410732593, 3.4953277956564956e-07]",3.979831190741338,25,27,"{""max_iterations"": 1000, ""rate"": 0.001, ""tolerance"": 1e-06}"
rastrigin,Rastrigin,414,2244,gradient,2,"[-5.12, 5.12]","[0.6064053260386064, 3.3429444389804877]","[0.9949573291465166, 2.9848563319675234]",9.949560298998437,28,30,"{""max_iterations"": 1000, ""rate"": 0.001, ""tolerance"": 1e-06}"
rastrigin,Rastrigin,415,2245,gradient,2,"[-5.12, 5.12]","[-1.0602182027843101, 3.7036353530941506]","[-0.9949587690266993, 3.9797824481935637]",16.914202849950684,26,28,"{""max_iterations"": 1000, ""rate"": 0.001, ""tolerance"": 1e-06}"
rastrigin,Rastrigin,416,2246,gradient,2,"[-5.12, 5.12]","[-1.0665633752082693, 3.7746393135354124]","[-0.9949588777002268, 3.9797826623116292]",16.914202849848696,25,27,"{""max_iterations"": 1000, ""rate"": 0.001, ""tolerance"": 1e-06}"
rastrigin,Rastrigin,417,2247,gradient,2,"[-5.12, 5.12]","[4.2386194749916735, -2.7276975516395576]","[3.979784640436304, -2.984854658963741]",24.87384503428279,26,28,"{""max_iterations"": 1000, ""rate"": 0.001, ""tolerance"": 1e-06}"
rastrigin,Rastrigin,418,2248,gradient,2,"[-5.12, 5.12]","[5.044425248259729, -2.7709025699719927]","[4.974691662467022, -2.984854528264143]",33.82832417631532,25,27,"{""max_iterations"": 1000, ""rate"": 0.001, ""tolerance"": 1e-06}"
rastrigin,Rastrigin,419,2249,gradient,2,"[-5.12, 5.12]","[1.7624910601957087, 4.51041687832483]","[1.9899122258902282, 3.9797850018693994]",19.899074983272104,35,37,"{""max_iterations"": 1000, ""rate"": 0.001, ""tolerance"": 1e-06}"
rastrigin,Rastrigin,420,2241,gradient,2,"[-5.12, 5.12]","[-1.3852354282911996, -0.35260115011325155]","[-0.9949596664981175, -7.232447575150676e-07]",0.994959057406966,28,30,"{""max_iterations"": 1000, ""rate"": 0.001, ""tolerance"": 1e-06}"
rastrigin,Rastrigin,421,2242,gradient,2,"[-5.12, 5.12]","[0.6870024489726969, 3.8995948814061956]","[0.9949572612141147, 3.9797836615933697]",16.914202849938277,26,28,"{""max_iterations"": 1000, ""rate"": 0.001, ""tolerance"": 1e-06}"
rastrigin,Rastrigin,422,2243,gradient,2,"[-5.12, 5.12]","[2.202026317894892, 0.10041792361216029]","[1.9899131410732593, 3.4953277956564956e-07]",3.979831190741338,25,27,"{""max_iterations"": 1000, ""rate"": 0.001, ""tolerance"": 1e-06}"
rastrigin,Rastrigin,423,2244,gradient,2,"[-5.12, 5.12]","[0.6064053260386064, 3.3429444389804877]","[0.9949573291465166, 2.9848563319675234]",9.949560298998437,28,30,"{""max_iterations"": 1000, ""rate"": 0.001, ""tolerance"": 1e-06}"
rastrigin,Rastrigin,424,2245,gradient,2,"[-5.12, 5.12]","[-1.0602182027843101, 3.7036353530941506]","[-0.9949587690266993, 3.9797824481935637]",16.914202849950684,26,28,"{""max_iterations"": 1000, ""rate"": 0.001, ""tolerance"": 1e-06}"
rastrigin,Rastrigin,425,2246,gradient,2,"[-5.12, 5.12]","[-1.0665633752082693, 3.7746393135354124]","[-0.9949588777002268, 3.9797826623116292]",16.914202849848696,25,27,"{""max_iterations"": 1000, ""rate"": 0.001, ""tolerance"": 1e-06}"
rastrigin,Rastrigin,426,2247,gradient,2,"[-5.12, 5.12]","[4.2386194749916735, -2.7276975516395576]","[3.979784640436304, -2.984854658963741]",24.87384503428279,26,28,"{""max_iterations"": 1000, ""rate"": 0.001, ""tolerance"": 1e-06}"
rastrigin,Rastrigin,427,2248,gradient,2,"[-5.12, 5.12]","[5.044425248259729, -2.7709025699719927]","[4.974691662467022, -2.984854528264143]",33.82832417631532,25,27,"{""max_iterations"": 1000, ""rate"": 0.001, ""tolerance"": 1e-06}"
rastrigin,Rastrigin,428,2249,gradient,2,"[-5.12, 5.12]","[1.7624910601957087, 4.51041687832483]","[1.9899122258902282, 3.9797850018693994]",19.899074983272104,35,37,"{""max_iterations"": 1000, ""rate"": 0.001, ""tolerance"": 1e-06}"
rastrigin,Rastrigin,429,2250,gradient,2,"[-5.12, 5.12]","[1.026718325862121, 0.4336589191567386]","[0.9949586514695261, 1.5062254648737248e-06]",0.9949590575434257,29,31,"{""max_iterations"": 1000, ""rate"": 0.001, ""tolerance"": 1e-06}"
rastrigin,Rastrigin,430,2242,gradient,2,"[-5.12, 5.12]","[0.6870024489726969, 3.8995948814061956]","[0.9949572612141147, 3.9797836615933697]",16.914202849938277,26,28,"{""max_iterations"": 1000, ""rate"": 0.001, ""tolerance"": 1e-06}"
rastrigin,Rastrigin,431,2243,gradient,2,"[-5.12, 5.12]","[2.202026317894892, 0.10041792361216029]","[1.9899131410732593, 3.4953277956564956e-07]",3.979831190741338,25,27,"{""max_iterations"": 1000, ""rate"": 0.001, ""tolerance"": 1e-06}"
rastrigin,Rastrigin,432,2244,gradient,2,"[-5.12, 5.12]","[0.6064053260386064, 3.3429444389804877]","[0.9949573291465166, 2.9848563319675234]",9.949560298998437,28,30,"{""max_iterations"": 1000, ""rate"": 0.001, ""tolerance"": 1e-06}"
rastrigin,Rastrigin,433,2245,gradient,2,"[-5.12, 5.12]","[-1.0602182027843101, 3.7036353530941506]","[-0.9949587690266993, 3.9797824481935637]",16.914202849950684,26,28,"{""max_iterations"": 1000, ""rate"": 0.001, ""tolerance"": 1e-06}"
rastrigin,Rastrigin,434,2246,gradient,2,"[-5.12, 5.12]","[-1.0665633752082693, 3.7746393135354124]","[-0.9949588777002268, 3.9797826623116292]",16.914202849848696,25,27,"{""max_iterations"": 1000, ""rate"": 0.001, ""tolerance"": 1e-06}"
rastrigin,Rastrigin,435,2247,gradient,2,"[-5.12, 5.12]","[4.2386194749916735, -2.7276975516395576]","[3.979784640436304, -2.984854658963741]",24.87384503428279,26,28,"{""max_iterations"": 1000, ""rate"": 0.001, ""tolerance"": 1e-06}"
rastrigin,Rastrigin,436,2248,gradient,2,"[-5.12, 5.12]","[5.044425248259729, -2.7709025699719927]","[4.974691662467022, -2.984854528264143]",33.82832417631532,25,27,"{""max_iterations"": 1000, ""rate"": 0.001, ""tolerance"": 1e-06}"
rastrigin,Rastrigin,437,2249,gradient,2,"[-5.12, 5.12]","[1.7624910601957087, 4.51041687832483]","[1.9899122258902282, 3.9797850018693994]",19.899074983272104,35,37,"{""max_iterations"": 1000, ""rate"": 0.001, ""tolerance"": 1e-06}"
rastrigin,Rastrigin,438,2250,gradient,2,"[-5.12, 5.12]","[1.026718325862121, 0.4336589191567386]","[0.9949586514695261, 1.5062254648737248e-06]",0.9949590575434257,29,31,"{""max_iterations"": 1000, ""rate"": 0.001, ""tolerance"": 1e-06}"
rastrigin,Rastrigin,439,2251,gradient,2,"[-5.12, 5.12]","[3.9911893627388375, 2.9569471374987844]","[3.979784372419753, 2.9848544731526805]",24.87384503429793,20,22,"{""max_iterations"": 1000, ""rate"": 0.001, ""tolerance"": 1e-06}"
rastrigin,Rastrigin,440,2243,gradient,2,"[-5.12, 5.12]","[2.202026317894892, 0.10041792361216029]","[1.9899131410732593, 3.4953277956564956e-07]",3.979831190741338,25,27,"{""max_iterations"": 1000, ""rate"": 0.001, ""tolerance"": 1e-06}"
rastrigin,Rastrigin,441,2244,gradient,2,"[-5.12, 5.12]","[0.6064053260386064, 3.3429444389804877]","[0.9949573291465166, 2.9848563319675234]",9.949560298998437,28,30,"{""max_iterations"": 1000, ""rate"": 0.001, ""tolerance"": 1e-06}"
rastrigin,Rastrigin,442,2245,gradient,2,"[-5.12, 5.12]","[-1.0602182027843101, 3.7036353530941506]","[-0.9949587690266993, 3.9797824481935637]",16.914202849950684,26,28,"{""max_iterations"": 1000, ""rate"": 0.001, ""tolerance"": 1e-06}"
rastrigin,Rastrigin,443,2246,gradient,2,"[-5.12, 5.12]","[-1.0665633752082693, 3.7746393135354124]","[-0.9949588777002268, 3.9797826623116292]",16.914202849848696,25,27,"{""max_iterations"": 1000, ""rate"": 0.001, ""tolerance"": 1e-06}"
rastrigin,Rastrigin,444,2247,gradient,2,"[-5.12, 5.12]","[4.2386194749916735, -2.7276975516395576]","[3.979784640436304, -2.984854658963741]",24.87384503428279,26,28,"{""max_iterations"": 1000, ""rate"": 0.001, ""tolerance"": 1e-06}"
rastrigin,Rastrigin,445,2248,gradient,2,"[-5.12, 5.12]","[5.044425248259729, -2.7709025699719927]","[4.974691662467022, -2.984854528264143]",33.82832417631532,25,27,"{""max_iterations"": 1000, ""rate"": 0.001, ""tolerance"": 1e-06}"
rastrigin,Rastrigin,446,2249,gradient,2,"[-5.12, 5.12]","[1.7624910601957087, 4.51041687832483]","[1.9899122258902282, 3.9797850018693994]",19.899074983272104,35,37,"{""max_iterations"": 1000, ""rate"": 0.001, ""tolerance"": 1e-06}"
rastrigin,Rastrigin,447,2250,gradient,2,"[-5.12, 5.12]","[1.026718325862121, 0.4336589191567386]","[0.9949586514695261, 1.5062254648737248e-06]",0.9949590575434257,29,31,"{""max_iterations"": 1000, ""rate"": 0.001, ""tolerance"": 1e-06}"
rastrigin,Rastrigin,448,2251,gradient,2,"[-5.12, 5.12]","[3.9911893627388375, 2.9569471374987844]","[3.979784372419753, 2.9848544731526805]",24.87384503429793,20,22,"{""max_iterations"": 1000, ""rate"": 0.001, ""tolerance"": 1e-06}"
rastrigin,Rastrigin,449,2252,gradient,2,"[-5.12, 5.12]","[-2.408657866706993, 2.092044339936556]","[-1.9899136084699713, 1.989912312130962]",7.959662381483598,28,30,"{""max_iterations"": 1000, ""rate"": 0.001, ""tolerance"": 1e-06}"
rastrigin,Rastrigin,450,2244,gradient,2,"[-5.12, 5.12]","[0.6064053260386064, 3.3429444389804877]","[0.9949573291465166, 2.9848563319675234]",9.949560298998437,28,30,"{""max_iterations"": 1000, ""rate"": 0.001, ""tolerance"": 1e-06}"
rastrigin,Rastrigin,451,2245,gradient,2,"[-5.12, 5.12]","[-1.0602182027843101, 3.7036353530941506]","[-0.9949587690266993, 3.9797824481935637]",16.914202849950684,26,28,"{""max_iterations"": 1000, ""rate"": 0.001, ""tolerance"": 1e-06}"
rastrigin,Rastrigin,452,2246,gradient,2,"[-5.12, 5.12]","[-1.0665633752082693, 3.7746393135354124]","[-0.9949588777002268, 3.9797826623116292]",16.914202849848696,25,27,"{""max_iterations"": 1000, ""rate"": 0.001, ""tolerance"": 1e-06}"
rastrigin,Rastrigin,453,2247,gradient,2,"[-5.12, 5.12]","[4.2386194749916735, -2.7276975516395576]","[3.979784640436304, -2.984854658963741]",24.87384503428279,26,28,"{""max_iterations"": 1000, ""rate"": 0.001, ""tolerance"": 1e-06}"
rastrigin,Rastrigin,454,2248,gradient,2,"[-5.12, 5.12]","[5.044425248259729, -2.7709025699719927]","[4.974691662467022, -2.984854528264143]",33.82832417631532,25,27,"{""max_iterations"": 1000, ""rate"": 0.001, ""tolerance"": 1e-06}"
rastrigin,Rastrigin,455,2249,gradient,2,"[-5.12, 5.12]","[1.7624910601957087, 4.51041687832483]","[1.9899122258902282, 3.9797850018693994]",19.899074983272104,35,37,"{""max_iterations"": 1000, ""rate"": 0.001, ""tolerance"": 1e-06}"
rastrigin,Rastrigin,456,2250,gradient,2,"[-5.12, 5.12]","[1.026718325862121, 0.4336589191567386]","[0.9949586514695261, 1.5062254648737248e-06]",0.9949590575434257,29,31,"{""max_iterations"": 1000, ""rate"": 0.001, ""tolerance"": 1e-06}"
rastrigin,Rastrigin,457,2251,gradient,2,"[-5.12, 5.12]","[3.9911893627388375, 2.9569471374987844]","[3.979784372419753, 2.9848544731526805]",24.87384503429793,20,22,"{""max_iterations"": 1000, ""rate"": 0.001, ""tolerance"": 1e-06}"
rastrigin,Rastrigin,458,2252,gradient,2,"[-5.12, 5.12]","[-2.408657866706993, 2.092044339936556]","[-1.9899136084699713, 1.989912312130962]",7.959662381483598,28,30,"{""max_iterations"": 1000, ""rate"": 0.001, ""tolerance"": 1e-06}"
rastrigin,Rastrigin,459,2253,gradient,2,"[-5.12, 5.12]","[-3.9503016920471885, -3.822754887139573]","[-3.9797836754839233, -3.9797825868936587]",31.838487585248917,24,26,"{""max_iterations"": 1000, ""rate"": 0.001, ""tolerance"": 1e-06}"
rastrigin,Rastrigin,460,2245,gradient,2,"[-5.12, 5.12]","[-1.0602182027843101, 3.7036353530941506]","[-0.9949587690266993, 3.9797824481935637]",16.914202849950684,26,28,"{""max_iterations"": 1000, ""rate"": 0.001, ""tolerance"": 1e-06}"
rastrigin,Rastrigin,461,2246,gradient,2,"[-5.12, 5.12]","[-1.0665633752082693, 3.7746393135354124]","[-0.9949588777002268, 3.9797826623116292]",16.914202849848696,25,27,"{""max_iterations"": 1000, ""rate"": 0.001, ""tolerance"": 1e-06}"
rastrigin,Rastrigin,462,2247,gradient,2,"[-5.12, 5.12]","[4.2386194749916735, -2.7276975516395576]","[3.979784640436304, -2.984854658963741]",24.87384503428279,26,28,"{""max_iterations"": 1000, ""rate"": 0.001, ""tolerance"": 1e-06}"
rastrigin,Rastrigin,463,2248,gradient,2,"[-5.12, 5.12]","[5.044425248259729, -2.7709025699719927]","[4.974691662467022, -2.984854528264143]",33.82832417631532,25,27,"{""max_iterations"": 1000, ""rate"": 0.001, ""tolerance"": 1e-06}"
rastrigin,Rastrigin,464,2249,gradient,2,"[-5.12, 5.12]","[1.7624910601957087, 4.51041687832483]","[1.9899122258902282, 3.9797850018693994]",19.899074983272104,35,37,"{""max_iterations"": 1000, ""rate"": 0.001, ""tolerance"": 1e-06}"
rastrigin,Rastrigin,465,2250,gradient,2,"[-5.12, 5.12]","[1.026718325862121, 0.4336589191567386]","[0.9949586514695261, 1.5062254648737248e-06]",0.9949590575434257,29,31,"{""max_iterations"": 1000, ""rate"": 0.001, ""tolerance"": 1e-06}"
rastrigin,Rastrigin,466,2251,gradient,2,"[-5.12, 5.12]","[3.9911893627388375, 2.9569471374987844]","[3.979784372419753, 2.9848544731526805]",24.87384503429793,20,22,"{""max_iterations"": 1000, ""rate"": 0.001, ""tolerance"": 1e-06}"
rastrigin,Rastrigin,467,2252,gradient,2,"[-5.12, 5.12]","[-2.408657866706993, 2.092044339936556]","[-1.9899136084699713, 1.989912312130962]",7.959662381483598,28,30,"{""max_iterations"": 1000, ""rate"": 0.001, ""tolerance"": 1e-06}"
rastrigin,Rastrigin,468,2253,gradient,2,"[-5.12, 5.12]","[-3.9503016920471885, -3.822754887139573]","[-3.9797836754839233, -3.9797825868936587]",31.838487585248917,24,26,"{""max_iterations"": 1000, ""rate"": 0.001, ""tolerance"": 1e-06}"
rastrigin,Rastrigin,469,2254,gradient,2,"[-5.12, 5.12]","[-0.4469209882405183, 1.915795431402219]","[-1.264592095400591e-06, 1.989912212419677]",3.9798311908714457,30,32,"{""max_iterations"": 1000, ""rate"": 0.001, ""tolerance"": 1e-06}"
rastrigin,Rastrigin,470,2246,gradient,2,"[-5.12, 5.12]","[-1.0665633752082693, 3.7746393135354124]","[-0.9949588777002268, 3.9797826623116292]",16.914202849848696,25,27,"{""max_iterations"": 1000, ""rate"": 0.001, ""tolerance"": 1e-06}"
rastrigin,Rastrigin,471,2247,gradient,2,"[-5.12, 5.12]","[4.2386194749916735, -2.7276975516395576]","[3.979784640436304, -2.984854658963741]",24.87384503428279,26,28,"{""max_iterations"": 1000, ""rate"": 0.001, ""tolerance"": 1e-06}"
rastrigin,Rastrigin,472,2248,gradient,2,"[-5.12, 5.12]","[5.044425248259729, -2.7709025699719927]","[4.974691662467022, -2.984854528264143]",33.82832417631532,25,27,"{""max_iterations"": 1000, ""rate"": 0.001, ""tolerance"": 1e-06}"
rastrigin,Rastrigin,473,2249,gradient,2,"[-5.12, 5.12]","[1.7624910601957087, 4.51041687832483]","[1.9899122258902282, 3.9797850018693994]",19.899074983272104,35,37,"{""max_iterations"": 1000, ""rate"": 0.001, ""tolerance"": 1e-06}"
rastrigin,Rastrigin,474,2250,gradient,2,"[-5.12, 5.12]","[1.026718325862121, 0.4336589191567386]","[0.9949586514695261, 1.5062254648737248e-06]",0.9949590575434257,29,31,"{""max_iterations"": 1000, ""rate"": 0.001, ""tolerance"": 1e-06}"
rastrigin,Rastrigin,475,2251,gradient,2,"[-5.12, 5.12]","[3.9911893627388375, 2.9569471374987844]","[3.979784372419753, 2.9848544731526805]",24.87384503429793,20,22,"{""max_iterations"": 1000, ""rate"": 0.001, ""tolerance"": 1e-06}"
rastrigin,Rastrigin,476,2252,gradient,2,"[-5.12, 5.12]","[-2.408657866706993, 2.092044339936556]","[-1.9899136084699713, 1.989912312130962]",7.959662381483598,28,30,"{""max_iterations"": 1000, ""rate"": 0.001, ""tolerance"": 1e-06}"
rastrigin,Rastrigin,477,2253,gradient,2,"[-5.12, 5.12]","[-3.9503016920471885, -3.822754887139573]","[-3.9797836754839233, -3.9797825868936587]",31.838487585248917,24,26,"{""max_iterations"": 1000, ""rate"": 0.001, ""tolerance"": 1e-06}"
rastrigin,Rastrigin,478,2254,gradient,2,"[-5.12, 5.12]","[-0.4469209882405183, 1.915795431402219]","[-1.264592095400591e-06, 1.989912212419677]",3.9798311908714457,30,32,"{""max_iterations"": 1000, ""rate"": 0.001, ""tolerance"": 1e-06}"
rastrigin,Rastrigin,479,2255,gradient,2,"[-5.12, 5.12]","[4.079314578854624, 0.488427061153061]","[3.9797838643955306, 1.3654882958865384e-06]",15.91924379283145,34,36,"{""max_iterations"": 1000, ""rate"": 0.001, ""tolerance"": 1e-06}"
rastrigin,Rastrigin,480,2247,gradient,2,"[-5.12, 5.12]","[4.2386194749916735, -2.7276975516395576]","[3.979784640436304, -2.984854658963741]",24.87384503428279,26,28,"{""max_iterations"": 1000, ""rate"": 0.001, ""tolerance"": 1e-06}"
rastrigin,Rastrigin,481,2248,gradient,2,"[-5.12, 5.12]","[5.044425248259729, -2.7709025699719927]","[4.974691662467022, -2.984854528264143]",33.82832417631532,25,27,"{""max_iterations"": 1000, ""rate"": 0.001, ""tolerance"": 1e-06}"
rastrigin,Rastrigin,482,2249,gradient,2,"[-5.12, 5.12]","[1.7624910601957087, 4.51041687832483]","[1.9899122258902282, 3.9797850018693994]",19.899074983272104,35,37,"{""max_iterations"": 1000, ""rate"": 0.001, ""tolerance"": 1e-06}"
rastrigin,Rastrigin,483,2250,gradient,2,"[-5.12, 5.12]","[1.026718325862121, 0.4336589191567386]","[0.9949586514695261, 1.5062254648737248e-06]",0.9949590575434257,29,31,"{""max_iterations"": 1000, ""rate"": 0.001, ""tolerance"": 1e-06}"
rastrigin,Rastrigin,484,2251,gradient,2,"[-5.12, 5.12]","[3.9911893627388375, 2.9569471374987844]","[3.979784372419753, 2.9848544731526805]",24.87384503429793,20,22,"{""max_iterations"": 1000, ""rate"": 0.001, ""tolerance"": 1e-06}"
rastrigin,Rastrigin,485,2252,gradient,2,"[-5.12, 5.12]","[-2.408657866706993, 2.092044339936556]","[-1.9899136084699713, 1.989912312130962]",7.959662381483598,28,30,"{""max_iterations"": 1000, ""rate"": 0.001, ""tolerance"": 1e-06}"
rastrigin,Rastrigin,486,2253,gradient,2,"[-5.12, 5.12]","[-3.9503016920471885, -3.822754887139573]","[-3.9797836754839233, -3.9797825868936587]",31.838487585248917,24,26,"{""max_iterations"": 1000, ""rate"": 0.001, ""tolerance"": 1e-06}"
rastrigin,Rastrigin,487,2254,gradient,2,"[-5.12, 5.12]","[-0.4469209882405183, 1.915795431402219]","[-1.264592095400591e-06, 1.989912212419677]",3.9798311908714457,30,32,"{""max_iterations"": 1000, ""rate"": 0.001, ""tolerance"": 1e-06}"
rastrigin,Rastrigin,488,2255,gradient,2,"[-5.12, 5.12]","[4.079314578854624, 0.488427061153061]","[3.9797838643955306, 1.3654882958865384e-06]",15.91924379283145,34,36,"{""max_iterations"": 1000, ""rate"": 0.001, ""tolerance"": 1e-06}"
rastrigin,Rastrigin,489,2256,gradient,2,"[-5.12, 5.12]","[4.0595403704423285, 0.2867336488697312]","[3.97978403783791, 1.051079843690084e-06]",15.919243792686917,26,28,"{""max_iterations"": 1000, ""rate"": 0.001, ""tolerance"": 1e-06}"
rastrigin,Rastrigin,490,2248,gradient,2,"[-5.12, 5.12]","[5.044425248259729, -2.7709025699719927]","[4.974691662467022, -2.984854528264143]",33.82832417631532,25,27,"{""max_iterations"": 1000, ""rate"": 0.001, ""tolerance"": 1e-06}"
rastrigin,Rastrigin,491,2249,gradient,2,"[-5.12, 5.12]","[1.7624910601957087, 4.51041687832483]","[1.9899122258902282, 3.9797850018693994]",19.899074983272104,35,37,"{""max_iterations"": 1000, ""rate"": 0.001, ""tolerance"": 1e-06}"
rastrigin,Rastrigin,492,2250,gradient,2,"[-5.12, 5.12]","[1.026718325862121, 0.4336589191567386]","[0.9949586514695261, 1.5062254648737248e-06]",0.9949590575434257,29,31,"{""max_iterations"": 1000, ""rate"": 0.001, ""tolerance"": 1e-06}"
rastrigin,Rastrigin,493,2251,gradient,2,"[-5.12, 5.12]","[3.9911893627388375, 2.9569471374987844]","[3.979784372419753, 2.9848544731526805]",24.87384503429793,20,22,"{""max_iterations"": 1000, ""rate"": 0.001, ""tolerance"": 1e-06}"
rastrigin,Rastrigin,494,2252,gradient,2,"[-5.12, 5.12]","[-2.408657866706993, 2.092044339936556]","[-1.9899136084699713, 1.989912312130962]",7.959662381483598,28,30,"{""max_iterations"": 1000, ""rate"": 0.001, ""tolerance"": 1e-06}"
rastrigin,Rastrigin,495,2253,gradient,2,"[-5.12, 5.12]","[-3.9503016920471885, -3.822754887139573]","[-3.9797836754839233, -3.9797825868936587]",31.838487585248917,24,26,"{""max_iterations"": 1000, ""rate"": 0.001, ""tolerance"": 1e-06}"
rastrigin,Rastrigin,496,2254,gradient,2,"[-5.12, 5.12]","[-0.4469209882405183, 1.915795431402219]","[-1.264592095400591e-06, 1.989912212419677]",3.9798311908714457,30,32,"{""max_iterations"": 1000, ""rate"": 0.001, ""tolerance"": 1e-06}"
rastrigin,Rastrigin,497,2255,gradient,2,"[-5.12, 5.12]","[4.079314578854624, 0.488427061153061]","[3.9797838643955306, 1.3654882958865384e-06]",15.91924379283145,34,36,"{""max_iterations"": 1000, ""rate"": 0.001, ""tolerance"": 1e-06}"
rastrigin,Rastrigin,498,2256,gradient,2,"[-5.12, 5.12]","[4.0595403704423285, 0.2867336488697312]","[3.97978403783791, 1.051079843690084e-06]",15.919243792686917,26,28,"{""max_iterations"": 1000, ""rate"": 0.001, ""tolerance"": 1e-06}"
rastrigin,Rastrigin,499,2257,gradient,2,"[-5.12, 5.12]","[1.8669571333871682, 0.13433629860849905]","[1.9899114429729736, 8.191569874141168e-07]",3.979831190811014,24,26,"{""max_iterations"": 1000, ""rate"": 0.001, ""tolerance"": 1e-06}"
rastrigin,Rastrigin,500,2240,gradient,2,"[-5.12, 5.12]","[-0.9001109309051314, 1.0444475500061126]","[-0.9949577157105874, 0.9949590867382436]",1.9899181143951168,23,25,"{""max_iterations"": 1000, ""rate"": 0.001, ""tolerance"": 1e-06}"
