funcion,nombre_funcion,corrida,semilla,metodo,dimension,limites,posicion_inicial,posicion_final,valor_final,iteraciones,evaluaciones,parametros
griewank,Griewank,1,2018,gradient,3,"[-10.0, 10.0]","[7.64698623507892, -7.913445242790447, 8.140186670326809]","[6.280045156912312, -8.875905273208087, 10.848520914734712]",0.059202791746101324,2000,2002,"{""max_iterations"": 2000, ""rate"": 0.01, ""tolerance"": 1e-06}"
griewank,Griewank,2,2019,gradient,3,"[-10.0, 10.0]","[8.069644288385486, -2.1383898669951495, 2.479399225955067]","[8.272712256040117, -2.6326588499175467, 2.232058300090119]",0.9876357588019812,2000,2002,"{""max_iterations"": 2000, ""rate"": 0.01, ""tolerance"": 1e-06}"
griewank,Griewank,3,2020,gradient,3,"[-10.0, 10.0]","[9.725536577231978, 7.467838916413093, 0.1949104994316304]","[9.420067902029114, 4.438700134608629, 0.0006971269731513362]",0.027125481874705315,2000,2002,"{""max_iterations"": 2000, ""rate"": 0.01, ""tolerance"": 1e-06}"
griewank,Griewank,4,2021,gradient,3,"[-10.0, 10.0]","[2.1195655761480943, 4.667387223869962, -7.2210568654320255]","[7.236476463122211e-08, 4.438508593958616, -5.439856970240735]",0.012328280157967608,2000,2002,"{""max_iterations"": 2000, ""rate"": 0.01, ""tolerance"": 1e-06}"
griewank,Griewank,5,2022,gradient,3,"[-10.0, 10.0]","[-9.812827723844705, -0.01884378296024103, -7.732326201303296]","[-9.420067898702449, -1.744678609726056e-06, -5.436704092333567]",0.02958862220379499,2000,2002,"{""max_iterations"": 2000, ""rate"": 0.01, ""tolerance"": 1e-06}"
griewank,Griewank,6,2023,gradient,3,"[-10.0, 10.0]","[-3.5602339201606448, 7.808449035789614, 1.7610451090094763]","[-3.1400286382647526, 8.872503915028794, 5.393721077811478]",0.02984233434329009,2000,2002,"{""max_iterations"": 2000, ""rate"": 0.01, ""tolerance"": 1e-06}"
griewank,Griewank,7,2024,gradient,3,"[-10.0, 10.0]","[1.7602903779079586, 3.982174953631649, -6.23696079922988]","[6.424684758267287e-09, 4.438407182296027, -5.434716334373974]",0.01232134901709736,2000,2002,"{""max_iterations"": 2000, ""rate"": 0.01, ""tolerance"": 1e-06}"
griewank,Griewank,8,2025,gradient,3,"[-10.0, 10.0]","[-7.290236726440764, 7.7570340546075585, 8.652112797730048]","[-6.2800449245526515, 8.876710179921686, 10.861346824058325]",0.059153059165583666,2000,2002,"{""max_iterations"": 2000, ""rate"": 0.01, ""tolerance"": 1e-06}"
griewank,Griewank,9,2026,gradient,3,"[-10.0, 10.0]","[-5.613087301461541, -1.7397652624266549, 9.532709563206023]","[-6.280045051973505, -0.00014216453562212523, 10.863773162925646]",0.039430380612724414,2000,2002,"{""max_iterations"": 2000, ""rate"": 0.01, ""tolerance"": 1e-06}"
griewank,Griewank,10,2066,gradient,3,"[-10.0, 10.0]","[-6.8765392884067555, -2.0778587660606895, 6.357328559144424]","[-6.2800452585064575, -4.438244232647996, 5.435644109729919]",0.022186629107314726,2000,2002,"{""max_iterations"": 2000, ""rate"": 0.01, ""tolerance"": 1e-06}"
griewank,Griewank,11,2067,gradient,3,"[-10.0, 10.0]","[-6.174639862093041, -9.967316272968018, 9.897671466537691]","[-6.280045041051941, -8.876946242177098, 10.865102216240047]",0.05914895127606645,2000,2002,"{""max_iterations"": 2000, ""rate"": 0.01, ""tolerance"": 1e-06}"
griewank,Griewank,12,2068,gradient,3,"[-10.0, 10.0]","[5.728184628627314, 6.235133291767426, -6.635738030198151]","[6.280045247336902, 4.438573959302271, -5.4355703937512345]",0.022186565219957655,2000,2002,"{""max_iterations"": 2000, ""rate"": 0.01, ""tolerance"": 1e-06}"
griewank,Griewank,13,2069,gradient,3,"[-10.0, 10.0]","[5.086183510780414, -3.069068587880417, 8.849560246129922]","[3.140024450567879, -4.4364521988121455, 10.843815291861144]",0.037047354196494964,2000,2002,"{""max_iterations"": 2000, ""rate"": 0.01, ""tolerance"": 1e-06}"
griewank,Griewank,14,2070,gradient,3,"[-10.0, 10.0]","[-2.845286242103871, 5.946299313653121, 1.9815449056068992]","[-3.140022618476287, 4.438596771417668, 0.0039150163017124704]",0.00739860451262031,2000,2002,"{""max_iterations"": 2000, ""rate"": 0.01, ""tolerance"": 1e-06}"
griewank,Griewank,15,2071,gradient,3,"[-10.0, 10.0]","[4.48575210830321, -9.337361886186503, -8.937287819676563]","[6.2800448394768935, -8.876982815216374, -10.86082127916104]",0.05915400285663808,2000,2002,"{""max_iterations"": 2000, ""rate"": 0.01, ""tolerance"": 1e-06}"
griewank,Griewank,16,2072,gradient,3,"[-10.0, 10.0]","[1.734892143473708, -6.41414195119178, -6.2601731732497505]","[4.11601916140005e-07, -4.439356077795109, -5.43915066120535]",0.012327012081651878,2000,2002,"{""max_iterations"": 2000, ""rate"": 0.01, ""tolerance"": 1e-06}"
griewank,Griewank,17,2073,gradient,3,"[-10.0, 10.0]","[0.300594469359158, 0.5582926806547235, -7.994394724358003]","[8.542574729483903e-09, 9.383511287866595e-05, -10.861197896806738]",0.029569153812639803,2000,2002,"{""max_iterations"": 2000, ""rate"": 0.01, ""tolerance"": 1e-06}"
griewank,Griewank,18,2074,gradient,3,"[-10.0, 10.0]","[5.990837304138541, -0.8182924820333959, 4.557358286008583]","[6.279709302193347, -4.412817954550976, 5.344905849703397]",0.023651970598092542,2000,2002,"{""max_iterations"": 2000, ""rate"": 0.01, ""tolerance"": 1e-06}"
griewank,Griewank,19,2075,gradient,3,"[-10.0, 10.0]","[3.153015291822019, -5.284325856125371, 5.4273310759842985]","[3.1400225883545554, -8.876478565615592, 5.433138509056538]",0.029576817732653637,2000,2002,"{""max_iterations"": 2000, ""rate"": 0.01, ""tolerance"": 1e-06}"
griewank,Griewank,20,2067,gradient,3,"[-10.0, 10.0]","[-6.174639862093041, -9.967316272968018, 9.897671466537691]","[-6.280045041051941, -8.876946242177098, 10.865102216240047]",0.05914895127606645,2000,2002,"{""max_iterations"": 2000, ""rate"": 0.01, ""tolerance"": 1e-06}"
griewank,Griewank,21,2068,gradient,3,"[-10.0, 10.0]","[5.728184628627314, 6.235133291767426, -6.635738030198151]","[6.280045247336902, 4.438573959302271, -5.4355703937512345]",0.022186565219957655,2000,2002,"{""max_iterations"": 2000, ""rate"": 0.01, ""tolerance"": 1e-06}"
griewank,Griewank,22,2069,gradient,3,"[-10.0, 10.0]","[5.086183510780414, -3.069068587880417, 8.849560246129922]","[3.140024450567879, -4.4364521988121455, 10.843815291861144]",0.037047354196494964,2000,2002,"{""max_iterations"": 2000, ""rate"": 0.01, ""tolerance"": 1e-06}"
griewank,Griewank,23,2070,gradient,3,"[-10.0, 10.0]","[-2.845286242103871, 5.946299313653121, 1.9815449056068992]","[-3.140022618476287, 4.438596771417668, 0.0039150163017124704]",0.00739860451262031,2000,2002,"{""max_iterations"": 2000, ""rate"": 0.01, ""tolerance"": 1e-06}"
griewank,Griewank,24,2071,gradient,3,"[-10.0, 10.0]","[4.48575210830321, -9.337361886186503, -8.937287819676563]","[6.2800448394768935, -8.876982815216374, -10.86082127916104]",0.05915400285663808,2000,2002,"{""max_iterations"": 2000, ""rate"": 0.01, ""tolerance"": 1e-06}"
griewank,Griewank,25,2072,gradient,3,"[-10.0, 10.0]","[1.734892143473708, -6.41414195119178, -6.2601731732497505]","[4.11601916140005e-07, -4.439356077795109, -5.43915066120535]",0.012327012081651878,2000,2002,"{""max_iterations"": 2000, ""rate"": 0.01, ""tolerance"": 1e-06}"
griewank,Griewank,26,2073,gradient,3,"[-10.0, 10.0]","[0.300594469359158, 0.5582926806547235, -7.994394724358003]","[8.542574729483903e-09, 9.383511287866595e-05, -10.861197896806738]",0.029569153812639803,2000,2002,"{""max_iterations"": 2000, ""rate"": 0.01, ""tolerance"": 1e-06}"
griewank,Griewank,27,2074,gradient,3,"[-10.0, 10.0]","[5.990837304138541, -0.8182924820333959, 4.557358286008583]","[6.279709302193347, -4.412817954550976, 5.344905849703397]",0.023651970598092542,2000,2002,"{""max_iterations"": 2000, ""rate"": 0.01, ""tolerance"": 1e-06}"
griewank,Griewank,28,2075,gradient,3,"[-10.0, 10.0]","[3.153015291822019, -5.284325856125371, 5.4273310759842985]","[3.1400225883545554, -8.876478565615592, 5.433138509056538]",0.029576817732653637,2000,2002,"{""max_iterations"": 2000, ""rate"": 0.01, ""tolerance"": 1e-06}"
griewank,Griewank,29,2076,gradient,3,"[-10.0, 10.0]","[-7.860602114323867, 6.911236614313964, -4.594307213616446]","[-9.42006754454119, 8.876456620010343, -5.429502939111699]",0.049308505025044136,2000,2002,"{""max_iterations"": 2000, ""rate"": 0.01, ""tolerance"": 1e-06}"
griewank,Griewank,30,2068,gradient,3,"[-10.0, 10.0]","[5.728184628627314, 6.235133291767426, -6.635738030198151]","[6.280045247336902, 4.438573959302271, -5.4355703937512345]",0.022186565219957655,2000,2002,"{""max_iterations"": 2000, ""rate"": 0.01, ""tolerance"": 1e-06}"
griewank,Griewank,31,2069,gradient,3,"[-10.0, 10.0]","[5.086183510780414, -3.069068587880417, 8.849560246129922]","[3.140024450567879, -4.4364521988121455, 10.843815291861144]",0.037047354196494964,2000,2002,"{""max_iterations"": 2000, ""rate"": 0.01, ""tolerance"": 1e-06}"
griewank,Griewank,32,2070,gradient,3,"[-10.0, 10.0]","[-2.845286242103871, 5.946299313653121, 1.9815449056068992]","[-3.140022618476287, 4.438596771417668, 0.0039150163017124704]",0.00739860451262031,2000,2002,"{""max_iterations"": 2000, ""rate"": 0.01, ""tolerance"": 1e-06}"
griewank,Griewank,33,2071,gradient,3,"[-10.0, 10.0]","[4.48575210830321, -9.337361886186503, -8.937287819676563]","[6.2800448394768935, -8.876982815216374, -10.86082127916104]",0.05915400285663808,2000,2002,"{""max_iterations"": 2000, ""rate"": 0.01, ""tolerance"": 1e-06}"
griewank,Griewank,34,2072,gradient,3,"[-10.0, 10.0]","[1.734892143473708, -6.41414195119178, -6.2601731732497505]","[4.11601916140005e-07, -4.439356077795109, -5.43915066120535]",0.012327012081651878,2000,2002,"{""max_iterations"": 2000, ""rate"": 0.01, ""tolerance"": 1e-06}"
griewank,Griewank,35,2073,gradient,3,"[-10.0, 10.0]","[0.300594469359158, 0.5582926806547235, -7.994394724358003]","[8.542574729483903e-09, 9.383511287866595e-05, -10.861197896806738]",0.029569153812639803,2000,2002,"{""max_iterations"": 2000, ""rate"": 0.01, ""tolerance"": 1e-06}"
griewank,Griewank,36,2074,gradient,3,"[-10.0, 10.0]","[5.990837304138541, -0.8182924820333959, 4.557358286008583]","[6.279709302193347, -4.412817954550976, 5.344905849703397]",0.023651970598092542,2000,2002,"{""max_iterations"": 2000, ""rate"": 0.01, ""tolerance"": 1e-06}"
griewank,Griewank,37,2075,gradient,3,"[-10.0, 10.0]","[3.153015291822019, -5.284325856125371, 5.4273310759842985]","[3.1400225883545554, -8.876478565615592, 5.433138509056538]",0.029576817732653637,2000,2002,"{""max_iterations"": 2000, ""rate"": 0.01, ""tolerance"": 1e-06}"
griewank,Griewank,38,2076,gradient,3,"[-10.0, 10.0]","[-7.860602114323867, 6.911236614313964, -4.594307213616446]","[-9.42006754454119, 8.876456620010343, -5.429502939111699]",0.049308505025044136,2000,2002,"{""max_iterations"": 2000, ""rate"": 0.01, ""tolerance"": 1e-06}"
griewank,Griewank,39,2077,gradient,3,"[-10.0, 10.0]","[0.23596304939072432, -8.77090387500794, 3.2784957227461238]","[1.233128569013577e-08, -8.876858768453474, 0.0062274656465306725]",0.019725962590724455,2000,2002,"{""max_iterations"": 2000, ""rate"": 0.01, ""tolerance"": 1e-06}"
griewank,Griewank,40,2069,gradient,3,"[-10.0, 10.0]","[5.086183510780414, -3.069068587880417, 8.849560246129922]","[3.140024450567879, -4.4364521988121455, 10.843815291861144]",0.037047354196494964,2000,2002,"{""max_iterations"": 2000, ""rate"": 0.01, ""tolerance"": 1e-06}"
griewank,Griewank,41,2070,gradient,3,"[-10.0, 10.0]","[-2.845286242103871, 5.946299313653121, 1.9815449056068992]","[-3.140022618476287, 4.438596771417668, 0.0039150163017124704]",0.00739860451262031,2000,2002,"{""max_iterations"": 2000, ""rate"": 0.01, ""tolerance"": 1e-06}"
griewank,Griewank,42,2071,gradient,3,"[-10.0, 10.0]","[4.48575210830321, -9.337361886186503, -8.937287819676563]","[6.2800448394768935, -8.876982815216374, -10.86082127916104]",0.05915400285663808,2000,2002,"{""max_iterations"": 2000, ""rate"": 0.01, ""tolerance"": 1e-06}"
griewank,Griewank,43,2072,gradient,3,"[-10.0, 10.0]","[1.734892143473708, -6.41414195119178, -6.2601731732497505]","[4.11601916140005e-07, -4.439356077795109, -5.43915066120535]",0.012327012081651878,2000,2002,"{""max_iterations"": 2000, ""rate"": 0.01, ""tolerance"": 1e-06}"
griewank,Griewank,44,2073,gradient,3,"[-10.0, 10.0]","[0.300594469359158, 0.5582926806547235, -7.994394724358003]","[8.542574729483903e-09, 9.383511287866595e-05, -10.861197896806738]",0.029569153812639803,2000,2002,"{""max_iterations"": 2000, ""rate"": 0.01, ""tolerance"": 1e-06}"
griewank,Griewank,45,2074,gradient,3,"[-10.0, 10.0]","[5.990837304138541, -0.8182924820333959, 4.557358286008583]","[6.279709302193347, -4.412817954550976, 5.344905849703397]",0.023651970598092542,2000,2002,"{""max_iterations"": 2000, ""rate"": 0.01, ""tolerance"": 1e-06}"
griewank,Griewank,46,2075,gradient,3,"[-10.0, 10.0]","[3.153015291822019, -5.284325856125371, 5.4273310759842985]","[3.1400225883545554, -8.876478565615592, 5.433138509056538]",0.029576817732653637,2000,2002,"{""max_iterations"": 2000, ""rate"": 0.01, ""tolerance"": 1e-06}"
griewank,Griewank,47,2076,gradient,3,"[-10.0, 10.0]","[-7.860602114323867, 6.911236614313964, -4.594307213616446]","[-9.42006754454119, 8.876456620010343, -5.429502939111699]",0.049308505025044136,2000,2002,"{""max_iterations"": 2000, ""rate"": 0.01, ""tolerance"": 1e-06}"
griewank,Griewank,48,2077,gradient,3,"[-10.0, 10.0]","[0.23596304939072432, -8.77090387500794, 3.2784957227461238]","[1.233128569013577e-08, -8.876858768453474, 0.0062274656465306725]",0.019725962590724455,2000,2002,"{""max_iterations"": 2000, ""rate"": 0.01, ""tolerance"": 1e-06}"
griewank,Griewank,49,2078,gradient,3,"[-10.0, 10.0]","[0.18915000047188357, 4.29433483895944, -4.360192658619432]","[4.787237950095459e-10, 4.43843686782284, -5.431856265076385]",0.01232131225885258,2000,2002,"{""max_iterations"": 2000, ""rate"": 0.01, ""tolerance"": 1e-06}"
griewank,Griewank,50,2070,gradient,3,"[-10.0, 10.0]","[-2.845286242103871, 5.946299313653121, 1.9815449056068992]","[-3.140022618476287, 4.438596771417668, 0.0039150163017124704]",0.00739860451262031,2000,2002,"{""max_iterations"": 2000, ""rate"": 0.01, ""tolerance"": 1e-06}"
griewank,Griewank,51,2071,gradient,3,"[-10.0, 10.0]","[4.48575210830321, -9.337361886186503, -8.937287819676563]","[6.2800448394768935, -8.876982815216374, -10.86082127916104]",0.05915400285663808,2000,2002,"{""max_iterations"": 2000, ""rate"": 0.01, ""tolerance"": 1e-06}"
griewank,Griewank,52,2072,gradient,3,"[-10.0, 10.0]","[1.734892143473708, -6.41414195119178, -6.2601731732497505]","[4.11601916140005e-07, -4.439356077795109, -5.43915066120535]",0.012327012081651878,2000,2002,"{""max_iterations"": 2000, ""rate"": 0.01, ""tolerance"": 1e-06}"
griewank,Griewank,53,2073,gradient,3,"[-10.0, 10.0]","[0.300594469359158, 0.5582926806547235, -7.994394724358003]","[8.542574729483903e-09, 9.383511287866595e-05, -10.861197896806738]",0.029569153812639803,2000,2002,"{""max_iterations"": 2000, ""rate"": 0.01, ""tolerance"": 1e-06}"
griewank,Griewank,54,2074,gradient,3,"[-10.0, 10.0]","[5.990837304138541, -0.8182924820333959, 4.557358286008583]","[6.279709302193347, -4.412817954550976, 5.344905849703397]",0.023651970598092542,2000,2002,"{""max_iterations"": 2000, ""rate"": 0.01, ""tolerance"": 1e-06}"
griewank,Griewank,55,2075,gradient,3,"[-10.0, 10.0]","[3.153015291822019, -5.284325856125371, 5.4273310759842985]","[3.1400225883545554, -8.876478565615592, 5.433138509056538]",0.029576817732653637,2000,2002,"{""max_iterations"": 2000, ""rate"": 0.01, ""tolerance"": 1e-06}"
griewank,Griewank,56,2076,gradient,3,"[-10.0, 10.0]","[-7.860602114323867, 6.911236614313964, -4.594307213616446]","[-9.42006754454119, 8.876456620010343, -5.429502939111699]",0.049308505025044136,2000,2002,"{""max_iterations"": 2000, ""rate"": 0.01, ""tolerance"": 1e-06}"
griewank,Griewank,57,2077,gradient,3,"[-10.0, 10.0]","[0.23596304939072432, -8.77090387500794, 3.2784957227461238]","[1.233128569013577e-08, -8.876858768453474, 0.0062274656465306725]",0.019725962590724455,2000,2002,"{""max_iterations"": 2000, ""rate"": 0.01, ""tolerance"": 1e-06}"
griewank,Griewank,58,2078,gradient,3,"[-10.0, 10.0]","[0.18915000047188357, 4.29433483895944, -4.360192658619432]","[4.787237950095459e-10, 4.43843686782284, -5.431856265076385]",0.01232131225885258,2000,2002,"{""max_iterations"": 2000, ""rate"": 0.01, ""tolerance"": 1e-06}"
griewank,Griewank,59,2079,gradient,3,"[-10.0, 10.0]","[-3.1042231416280286, 9.352776269807801, 6.552084027582509]","[-3.140022601298068, 8.876913332278331, 5.434719921573519]",0.029577135376504082,2000,2002,"{""max_iterations"": 2000, ""rate"": 0.01, ""tolerance"": 1e-06}"
griewank,Griewank,60,2071,gradient,3,"[-10.0, 10.0]","[4.48575210830321, -9.337361886186503, -8.937287819676563]","[6.2800448394768935, -8.876982815216374, -10.86082127916104]",0.05915400285663808,2000,2002,"{""max_iterations"": 2000, ""rate"": 0.01, ""tolerance"": 1e-06}"
griewank,Griewank,61,2072,gradient,3,"[-10.0, 10.0]","[1.734892143473708, -6.41414195119178, -6.2601731732497505]","[4.11601916140005e-07, -4.439356077795109, -5.43915066120535]",0.012327012081651878,2000,2002,"{""max_iterations"": 2000, ""rate"": 0.01, ""tolerance"": 1e-06}"
griewank,Griewank,62,2073,gradient,3,"[-10.0, 10.0]","[0.300594469359158, 0.5582926806547235, -7.994394724358003]","[8.542574729483903e-09, 9.383511287866595e-05, -10.861197896806738]",0.029569153812639803,2000,2002,"{""max_iterations"": 2000, ""rate"": 0.01, ""tolerance"": 1e-06}"
griewank,Griewank,63,2074,gradient,3,"[-10.0, 10.0]","[5.990837304138541, -0.8182924820333959, 4.557358286008583]","[6.279709302193347, -4.412817954550976, 5.344905849703397]",0.023651970598092542,2000,2002,"{""max_iterations"": 2000, ""rate"": 0.01, ""tolerance"": 1e-06}"
griewank,Griewank,64,2075,gradient,3,"[-10.0, 10.0]","[3.153015291822019, -5.284325856125371, 5.4273310759842985]","[3.1400225883545554, -8.876478565615592, 5.433138509056538]",0.029576817732653637,2000,2002,"{""max_iterations"": 2000, ""rate"": 0.01, ""tolerance"": 1e-06}"
griewank,Griewank,65,2076,gradient,3,"[-10.0, 10.0]","[-7.860602114323867, 6.911236614313964, -4.594307213616446]","[-9.42006754454119, 8.876456620010343, -5.429502939111699]",0.049308505025044136,2000,2002,"{""max_iterations"": 2000, ""rate"": 0.01, ""tolerance"": 1e-06}"
griewank,Griewank,66,2077,gradient,3,"[-10.0, 10.0]","[0.23596304939072432, -8.77090387500794, 3.2784957227461238]","[1.233128569013577e-08, -8.876858768453474, 0.0062274656465306725]",0.019725962590724455,2000,2002,"{""max_iterations"": 2000, ""rate"": 0.01, ""tolerance"": 1e-06}"
griewank,Griewank,67,2078,gradient,3,"[-10.0, 10.0]","[0.18915000047188357, 4.29433483895944, -4.360192658619432]","[4.787237950095459e-10, 4.43843686782284, -5.431856265076385]",0.01232131225885258,2000,2002,"{""max_iterations"": 2000, ""rate"": 0.01, ""tolerance"": 1e-06}"
griewank,Griewank,68,2079,gradient,3,"[-10.0, 10.0]","[-3.1042231416280286, 9.352776269807801, 6.552084027582509]","[-3.140022601298068, 8.876913332278331, 5.434719921573519]",0.029577135376504082,2000,2002,"{""max_iterations"": 2000, ""rate"": 0.01, ""tolerance"": 1e-06}"
griewank,Griewank,69,2080,gradient,3,"[-10.0, 10.0]","[-4.357724407303483, -2.9064324182833445, 5.07766011571049]","[-6.280045166414343, -4.438183686956188, 5.431973655069533]",0.022185948972531455,2000,2002,"{""max_iterations"": 2000, ""rate"": 0.01, ""tolerance"": 1e-06}"
griewank,Griewank,70,2072,gradient,3,"[-10.0, 10.0]","[1.734892143473708, -6.41414195119178, -6.2601731732497505]","[4.11601916140005e-07, -4.439356077795109, -5.43915066120535]",0.012327012081651878,2000,2002,"{""max_iterations"": 2000, ""rate"": 0.01, ""tolerance"": 1e-06}"
griewank,Griewank,71,2073,gradient,3,"[-10.0, 10.0]","[0.300594469359158, 0.5582926806547235, -7.994394724358003]","[8.542574729483903e-09, 9.383511287866595e-05, -10.861197896806738]",0.029569153812639803,2000,2002,"{""max_iterations"": 2000, ""rate"": 0.01, ""tolerance"": 1e-06}"
griewank,Griewank,72,2074,gradient,3,"[-10.0, 10.0]","[5.990837304138541, -0.8182924820333959, 4.557358286008583]","[6.279709302193347, -4.412817954550976, 5.344905849703397]",0.023651970598092542,2000,2002,"{""max_iterations"": 2000, ""rate"": 0.01, ""tolerance"": 1e-06}"
griewank,Griewank,73,2075,gradient,3,"[-10.0, 10.0]","[3.153015291822019, -5.284325856125371, 5.4273310759842985]","[3.1400225883545554, -8.876478565615592, 5.433138509056538]",0.029576817732653637,2000,2002,"{""max_iterations"": 2000, ""rate"": 0.01, ""tolerance"": 1e-06}"
griewank,Griewank,74,2076,gradient,3,"[-10.0, 10.0]","[-7.860602114323867, 6.911236614313964, -4.594307213616446]","[-9.42006754454119, 8.876456620010343, -5.429502939111699]",0.049308505025044136,2000,2002,"{""max_iterations"": 2000, ""rate"": 0.01, ""tolerance"": 1e-06}"
griewank,Griewank,75,2077,gradient,3,"[-10.0, 10.0]","[0.23596304939072432, -8.77090387500794, 3.2784957227461238]","[1.233128569013577e-08, -8.876858768453474, 0.0062274656465306725]",0.019725962590724455,2000,2002,"{""max_iterations"": 2000, ""rate"": 0.01, ""tolerance"": 1e-06}"
griewank,Griewank,76,2078,gradient,3,"[-10.0, 10.0]","[0.18915000047188357, 4.29433483895944, -4.360192658619432]","[4.787237950095459e-10, 4.43843686782284, -5.431856265076385]",0.01232131225885258,2000,2002,"{""max_iterations"": 2000, ""rate"": 0.01, ""tolerance"": 1e-06}"
griewank,Griewank,77,2079,gradient,3,"[-10.0, 10.0]","[-3.1042231416280286, 9.352776269807801, 6.552084027582509]","[-3.140022601298068, 8.876913332278331, 5.434719921573519]",0.029577135376504082,2000,2002,"{""max_iterations"": 2000, ""rate"": 0.01, ""tolerance"": 1e-06}"
griewank,Griewank,78,2080,gradient,3,"[-10.0, 10.0]","[-4.357724407303483, -2.9064324182833445, 5.07766011571049]","[-6.280045166414343, -4.438183686956188, 5.431973655069533]",0.022185948972531455,2000,2002,"{""max_iterations"": 2000, ""rate"": 0.01, ""tolerance"": 1e-06}"
griewank,Griewank,79,2081,gradient,3,"[-10.0, 10.0]","[5.249735229572787, 1.5420334099517774, -4.425953700807687]","[3.140022899587539, 0.0008309796706216736, -5.425930429686195]",0.00986639552273183,2000,2002,"{""max_iterations"": 2000, ""rate"": 0.01, ""tolerance"": 1e-06}"
griewank,Griewank,80,2073,gradient,3,"[-10.0, 10.0]","[0.300594469359158, 0.5582926806547235, -7.994394724358003]","[8.542574729483903e-09, 9.383511287866595e-05, -10.861197896806738]",0.029569153812639803,2000,2002,"{""max_iterations"": 2000, ""rate"": 0.01, ""tolerance"": 1e-06}"
griewank,Griewank,81,2074,gradient,3,"[-10.0, 10.0]","[5.990837304138541, -0.8182924820333959, 4.557358286008583]","[6.279709302193347, -4.412817954550976, 5.344905849703397]",0.023651970598092542,2000,2002,"{""max_iterations"": 2000, ""rate"": 0.01, ""tolerance"": 1e-06}"
griewank,Griewank,82,2075,gradient,3,"[-10.0, 10.0]","[3.153015291822019, -5.284325856125371, 5.4273310759842985]","[3.1400225883545554, -8.876478565615592, 5.433138509056538]",0.029576817732653637,2000,2002,"{""max_iterations"": 2000, ""rate"": 0.01, ""tolerance"": 1e-06}"
griewank,Griewank,83,2076,gradient,3,"[-10.0, 10.0]","[-7.860602114323867, 6.911236614313964, -4.594307213616446]","[-9.42006754454119, 8.876456620010343, -5.429502939111699]",0.049308505025044136,2000,2002,"{""max_iterations"": 2000, ""rate"": 0.01, ""tolerance"": 1e-06}"
griewank,Griewank,84,2077,gradient,3,"[-10.0, 10.0]","[0.23596304939072432, -8.77090387500794, 3.2784957227461238]","[1.233128569013577e-08, -8.876858768453474, 0.0062274656465306725]",0.019725962590724455,2000,2002,"{""max_iterations"": 2000, ""rate"": 0.01, ""tolerance"": 1e-06}"
griewank,Griewank,85,2078,gradient,3,"[-10.0, 10.0]","[0.18915000047188357, 4.29433483895944, -4.360192658619432]","[4.787237950095459e-10, 4.43843686782284, -5.431856265076385]",0.01232131225885258,2000,2002,"{""max_iterations"": 2000, ""rate"": 0.01, ""tolerance"": 1e-06}"
griewank,Griewank,86,2079,gradient,3,"[-10.0, 10.0]","[-3.1042231416280286, 9.352776269807801, 6.552084027582509]","[-3.140022601298068, 8.876913332278331, 5.434719921573519]",0.029577135376504082,2000,2002,"{""max_iterations"": 2000, ""rate"": 0.01, ""tolerance"": 1e-06}"
griewank,Griewank,87,2080,gradient,3,"[-10.0, 10.0]","[-4.357724407303483, -2.9064324182833445, 5.07766011571049]","[-6.280045166414343, -4.438183686956188, 5.431973655069533]",0.022185948972531455,2000,2002,"{""max_iterations"": 2000, ""rate"": 0.01, ""tolerance"": 1e-06}"
griewank,Griewank,88,2081,gradient,3,"[-10.0, 10.0]","[5.249735229572787, 1.5420334099517774, -4.425953700807687]","[3.140022899587539, 0.0008309796706216736, -5.425930429686195]",0.00986639552273183,2000,2002,"{""max_iterations"": 2000, ""rate"": 0.01, ""tolerance"": 1e-06}"
griewank,Griewank,89,2082,gradient,3,"[-10.0, 10.0]","[1.9380036944111936, 5.134604977470353, -6.78033054857263]","[1.842850177995186e-08, 4.438539259620049, -5.436573094525005]",0.012322836405353144,2000,2002,"{""max_iterations"": 2000, ""rate"": 0.01, ""tolerance"": 1e-06}"
griewank,Griewank,90,2074,gradient,3,"[-10.0, 10.0]","[5.990837304138541, -0.8182924820333959, 4.557358286008583]","[6.279709302193347, -4.412817954550976, 5.344905849703397]",0.023651970598092542,2000,2002,"{""max_iterations"": 2000, ""rate"": 0.01, ""tolerance"": 1e-06}"
griewank,Griewank,91,2075,gradient,3,"[-10.0, 10.0]","[3.153015291822019, -5.284325856125371, 5.4273310759842985]","[3.1400225883545554, -8.876478565615592, 5.433138509056538]",0.029576817732653637,2000,2002,"{""max_iterations"": 2000, ""rate"": 0.01, ""tolerance"": 1e-06}"
griewank,Griewank,92,2076,gradient,3,"[-10.0, 10.0]","[-7.860602114323867, 6.911236614313964, -4.594307213616446]","[-9.42006754454119, 8.876456620010343, -5.429502939111699]",0.049308505025044136,2000,2002,"{""max_iterations"": 2000, ""rate"": 0.01, ""tolerance"": 1e-06}"
griewank,Griewank,93,2077,gradient,3,"[-10.0, 10.0]","[0.23596304939072432, -8.77090387500794, 3.2784957227461238]","[1.233128569013577e-08, -8.876858768453474, 0.0062274656465306725]",0.019725962590724455,2000,2002,"{""max_iterations"": 2000, ""rate"": 0.01, ""tolerance"": 1e-06}"
griewank,Griewank,94,2078,gradient,3,"[-10.0, 10.0]","[0.18915000047188357, 4.29433483895944, -4.360192658619432]","[4.787237950095459e-10, 4.43843686782284, -5.431856265076385]",0.01232131225885258,2000,2002,"{""max_iterations"": 2000, ""rate"": 0.01, ""tolerance"": 1e-06}"
griewank,Griewank,95,2079,gradient,3,"[-10.0, 10.0]","[-3.1042231416280286, 9.352776269807801, 6.552084027582509]","[-3.140022601298068, 8.876913332278331, 5.434719921573519]",0.029577135376504082,2000,2002,"{""max_iterations"": 2000, ""rate"": 0.01, ""tolerance"": 1e-06}"
griewank,Griewank,96,2080,gradient,3,"[-10.0, 10.0]","[-4.357724407303483, -2.9064324182833445, 5.07766011571049]","[-6.280045166414343, -4.438183686956188, 5.431973655069533]",0.022185948972531455,2000,2002,"{""max_iterations"": 2000, ""rate"": 0.01, ""tolerance"": 1e-06}"
griewank,Griewank,97,2081,gradient,3,"[-10.0, 10.0]","[5.249735229572787, 1.5420334099517774, -4.425953700807687]","[3.140022899587539, 0.0008309796706216736, -5.425930429686195]",0.00986639552273183,2000,2002,"{""max_iterations"": 2000, ""rate"": 0.01, ""tolerance"": 1e-06}"
griewank,Griewank,98,2082,gradient,3,"[-10.0, 10.0]","[1.9380036944111936, 5.134604977470353, -6.78033054857263]","[1.842850177995186e-08, 4.438539259620049, -5.436573094525005]",0.012322836405353144,2000,2002,"{""max_iterations"": 2000, ""rate"": 0.01, ""tolerance"": 1e-06}"
griewank,Griewank,99,2083,gradient,3,"[-10.0, 10.0]","[1.8371700091963188, -4.958921163565715, 9.806350520479324]","[3.1400225358614477, -4.438479963198279, 10.86478849498216]",0.0369609932463687,2000,2002,"{""max_iterations"": 2000, ""rate"": 0.01, ""tolerance"": 1e-06}"
griewank,Griewank,100,2114,gradient,3,"[-10.0, 10.0]","[7.097407537446692, -0.6114055967301457, -0.5202567537944507]","[6.280045280478662, -3.100674474784033e-05, -0.000718499118124652]",0.009864758470398471,2000,2002,"{""max_iterations"": 2000, ""rate"": 0.01, ""tolerance"": 1e-06}"
griewank,Griewank,101,2115,gradient,3,"[-10.0, 10.0]","[-0.7267525499733942, 6.0857623123706865, -7.254970640813858]","[-1.2468302088104491e-08, 4.438624876871591, -5.437295330364333]",0.012323731023958562,2000,2002,"{""max_iterations"": 2000, ""rate"": 0.01, ""tolerance"": 1e-06}"
griewank,Griewank,102,2116,gradient,3,"[-10.0, 10.0]","[-3.488250143114273, -3.2178148328573686, 2.375014707513108]","[-3.140022622122285, -4.4382848667781944, 0.004745901953557118]",0.0073998062445844726,2000,2002,"{""max_iterations"": 2000, ""rate"": 0.01, ""tolerance"": 1e-06}"
griewank,Griewank,103,2117,gradient,3,"[-10.0, 10.0]","[-5.2631141678797455, -7.469348504671789, 2.4179936586515627]","[-6.2800450282552855, -8.876514091320951, 0.007846372827058992]",0.029594472395402915,2000,2002,"{""max_iterations"": 2000, ""rate"": 0.01, ""tolerance"": 1e-06}"
griewank,Griewank,104,2118,gradient,3,"[-10.0, 10.0]","[3.831195286083389, 4.77782581018111, 6.6406138270619195]","[6.280045214294496, 4.438530286242314, 5.437787259912804]",0.022189101772197795,2000,2002,"{""max_iterations"": 2000, ""rate"": 0.01, ""tolerance"": 1e-06}"
griewank,Griewank,105,2119,gradient,3,"[-10.0, 10.0]","[5.729251432723689, 8.038588736617854, -5.585300029113109]","[3.1400226408211935, 8.876645333919132, -5.433894366385305]",0.029576858180721755,2000,2002,"{""max_iterations"": 2000, ""rate"": 0.01, ""tolerance"": 1e-06}"
griewank,Griewank,106,2120,gradient,3,"[-10.0, 10.0]","[3.020810028246032, -6.185484121778925, -4.087354080375514]","[3.1400225280368383, -8.876540134441354, -5.428254121969773]",0.02958096659344467,2000,2002,"{""max_iterations"": 2000, ""rate"": 0.01, ""tolerance"": 1e-06}"
griewank,Griewank,107,2121,gradient,3,"[-10.0, 10.0]","[-4.910354045045066, 9.616613165667122, 6.428713732794446]","[-3.1400226128288113, 8.876956919184027, 5.4352386137073205]",0.02957743615385877,2000,2002,"{""max_iterations"": 2000, ""rate"": 0.01, ""tolerance"": 1e-06}"
griewank,Griewank,108,2122,gradient,3,"[-10.0, 10.0]","[9.50274992653046, 4.501967646730423, 1.091524585912465]","[9.420067881828238, 4.438447561072528, 0.00140831392306742]",0.027125715446401744,2000,2002,"{""max_iterations"": 2000, ""rate"": 0.01, ""tolerance"": 1e-06}"
griewank,Griewank,109,2123,gradient,3,"[-10.0, 10.0]","[-4.70543272915158, 7.05172763245524, -1.61403052551276]","[-6.280044835182831, 8.876211360561337, -0.008713254442568513]",0.029596948153428504,2000,2002,"{""max_iterations"": 2000, ""rate"": 0.01, ""tolerance"": 1e-06}"
griewank,Griewank,110,2115,gradient,3,"[-10.0, 10.0]","[-0.7267525499733942, 6.0857623123706865, -7.254970640813858]","[-1.2468302088104491e-08, 4.438624876871591, -5.437295330364333]",0.012323731023958562,2000,2002,"{""max_iterations"": 2000, ""rate"": 0.01, ""tolerance"": 1e-06}"
griewank,Griewank,111,2116,gradient,3,"[-10.0, 10.0]","[-3.488250143114273, -3.2178148328573686, 2.375014707513108]","[-3.140022622122285, -4.4382848667781944, 0.004745901953557118]",0.0073998062445844726,2000,2002,"{""max_iterations"": 2000, ""rate"": 0.01, ""tolerance"": 1e-06}"
griewank,Griewank,112,2117,gradient,3,"[-10.0, 10.0]","[-5.2631141678797455, -7.469348504671789, 2.4179936586515627]","[-6.2800450282552855, -8.876514091320951, 0.007846372827058992]",0.029594472395402915,2000,2002,"{""max_iterations"": 2000, ""rate"": 0.01, ""tolerance"": 1e-06}"
griewank,Griewank,113,2118,gradient,3,"[-10.0, 10.0]","[3.831195286083389, 4.77782581018111, 6.6406138270619195]","[6.280045214294496, 4.438530286242314, 5.437787259912804]",0.022189101772197795,2000,2002,"{""max_iterations"": 2000, ""rate"": 0.01, ""tolerance"": 1e-06}"
griewank,Griewank,114,2119,gradient,3,"[-10.0, 10.0]","[5.729251432723689, 8.038588736617854, -5.585300029113109]","[3.1400226408211935, 8.876645333919132, -5.433894366385305]",0.029576858180721755,2000,2002,"{""max_iterations"": 2000, ""rate"": 0.01, ""tolerance"": 1e-06}"
griewank,Griewank,115,2120,gradient,3,"[-10.0, 10.0]","[3.020810028246032, -6.185484121778925, -4.087354080375514]","[3.1400225280368383, -8.876540134441354, -5.428254121969773]",0.02958096659344467,2000,2002,"{""max_iterations"": 2000, ""rate"": 0.01, ""tolerance"": 1e-06}"
griewank,Griewank,116,2121,gradient,3,"[-10.0, 10.0]","[-4.910354045045066, 9.616613165667122, 6.428713732794446]","[-3.1400226128288113, 8.876956919184027, 5.4352386137073205]",0.02957743615385877,2000,2002,"{""max_iterations"": 2000, ""rate"": 0.01, ""tolerance"": 1e-06}"
griewank,Griewank,117,2122,gradient,3,"[-10.0, 10.0]","[9.50274992653046, 4.501967646730423, 1.091524585912465]","[9.420067881828238, 4.438447561072528, 0.00140831392306742]",0.027125715446401744,2000,2002,"{""max_iterations"": 2000, ""rate"": 0.01, ""tolerance"": 1e-06}"
griewank,Griewank,118,2123,gradient,3,"[-10.0, 10.0]","[-4.70543272915158, 7.05172763245524, -1.61403052551276]","[-6.280044835182831, 8.876211360561337, -0.008713254442568513]",0.029596948153428504,2000,2002,"{""max_iterations"": 2000, ""rate"": 0.01, ""tolerance"": 1e-06}"
griewank,Griewank,119,2124,gradient,3,"[-10.0, 10.0]","[8.486350086427358, -7.110478176274353, -9.614558045691554]","[9.420066694856285, -4.439420428737659, -10.857086429136835]",0.05670486588867285,2000,2002,"{""max_iterations"": 2000, ""rate"": 0.01, ""tolerance"": 1e-06}"
griewank,Griewank,120,2116,gradient,3,"[-10.0, 10.0]","[-3.488250143114273, -3.2178148328573686, 2.375014707513108]","[-3.140022622122285, -4.4382848667781944, 0.004745901953557118]",0.0073998062445844726,2000,2002,"{""max_iterations"": 2000, ""rate"": 0.01, ""tolerance"": 1e-06}"
griewank,Griewank,121,2117,gradient,3,"[-10.0, 10.0]","[-5.2631141678797455, -7.469348504671789, 2.4179936586515627]","[-6.2800450282552855, -8.876514091320951, 0.007846372827058992]",0.029594472395402915,2000,2002,"{""max_iterations"": 2000, ""rate"": 0.01, ""tolerance"": 1e-06}"
griewank,Griewank,122,2118,gradient,3,"[-10.0, 10.0]","[3.831195286083389, 4.77782581018111, 6.6406138270619195]","[6.280045214294496, 4.438530286242314, 5.437787259912804]",0.022189101772197795,2000,2002,"{""max_iterations"": 2000, ""rate"": 0.01, ""tolerance"": 1e-06}"
griewank,Griewank,123,2119,gradient,3,"[-10.0, 10.0]","[5.729251432723689, 8.038588736617854, -5.585300029113109]","[3.1400226408211935, 8.876645333919132, -5.433894366385305]",0.029576858180721755,2000,2002,"{""max_iterations"": 2000, ""rate"": 0.01, ""tolerance"": 1e-06}"
griewank,Griewank,124,2120,gradient,3,"[-10.0, 10.0]","[3.020810028246032, -6.185484121778925, -4.087354080375514]","[3.1400225280368383, -8.876540134441354, -5.428254121969773]",0.02958096659344467,2000,2002,"{""max_iterations"": 2000, ""rate"": 0.01, ""tolerance"": 1e-06}"
griewank,Griewank,125,2121,gradient,3,"[-10.0, 10.0]","[-4.910354045045066, 9.616613165667122, 6.428713732794446]","[-3.1400226128288113, 8.876956919184027, 5.4352386137073205]",0.02957743615385877,2000,2002,"{""max_iterations"": 2000, ""rate"": 0.01, ""tolerance"": 1e-06}"
griewank,Griewank,126,2122,gradient,3,"[-10.0, 10.0]","[9.50274992653046, 4.501967646730423, 1.091524585912465]","[9.420067881828238, 4.438447561072528, 0.00140831392306742]",0.027125715446401744,2000,2002,"{""max_iterations"": 2000, ""rate"": 0.01, ""tolerance"": 1e-06}"
griewank,Griewank,127,2123,gradient,3,"[-10.0, 10.0]","[-4.70543272915158, 7.05172763245524, -1.61403052551276]","[-6.280044835182831, 8.876211360561337, -0.008713254442568513]",0.029596948153428504,2000,2002,"{""max_iterations"": 2000, ""rate"": 0.01, ""tolerance"": 1e-06}"
griewank,Griewank,128,2124,gradient,3,"[-10.0, 10.0]","[8.486350086427358, -7.110478176274353, -9.614558045691554]","[9.420066694856285, -4.439420428737659, -10.857086429136835]",0.05670486588867285,2000,2002,"{""max_iterations"": 2000, ""rate"": 0.01, ""tolerance"": 1e-06}"
griewank,Griewank,129,2125,gradient,3,"[-10.0, 10.0]","[-5.463644906209715, 1.702085683369079, -9.712917177693125]","[-6.28004506496659, 0.00013268942364636185, -10.864168890940231]",0.039430046396843554,2000,2002,"{""max_iterations"": 2000, ""rate"": 0.01, ""tolerance"": 1e-06}"
griewank,Griewank,130,2117,gradient,3,"[-10.0, 10.0]","[-5.2631141678797455, -7.469348504671789, 2.4179936586515627]","[-6.2800450282552855, -8.876514091320951, 0.007846372827058992]",0.029594472395402915,2000,2002,"{""max_iterations"": 2000, ""rate"": 0.01, ""tolerance"": 1e-06}"
griewank,Griewank,131,2118,gradient,3,"[-10.0, 10.0]","[3.831195286083389, 4.77782581018111, 6.6406138270619195]","[6.280045214294496, 4.438530286242314, 5.437787259912804]",0.022189101772197795,2000,2002,"{""max_iterations"": 2000, ""rate"": 0.01, ""tolerance"": 1e-06}"
griewank,Griewank,132,2119,gradient,3,"[-10.0, 10.0]","[5.729251432723689, 8.038588736617854, -5.585300029113109]","[3.1400226408211935, 8.876645333919132, -5.433894366385305]",0.029576858180721755,2000,2002,"{""max_iterations"": 2000, ""rate"": 0.01, ""tolerance"": 1e-06}"
griewank,Griewank,133,2120,gradient,3,"[-10.0, 10.0]","[3.020810028246032, -6.185484121778925, -4.087354080375514]","[3.1400225280368383, -8.876540134441354, -5.428254121969773]",0.02958096659344467,2000,2002,"{""max_iterations"": 2000, ""rate"": 0.01, ""tolerance"": 1e-06}"
griewank,Griewank,134,2121,gradient,3,"[-10.0, 10.0]","[-4.910354045045066, 9.616613165667122, 6.428713732794446]","[-3.1400226128288113, 8.876956919184027, 5.4352386137073205]",0.02957743615385877,2000,2002,"{""max_iterations"": 2000, ""rate"": 0.01, ""tolerance"": 1e-06}"
griewank,Griewank,135,2122,gradient,3,"[-10.0, 10.0]","[9.50274992653046, 4.501967646730423, 1.091524585912465]","[9.420067881828238, 4.438447561072528, 0.00140831392306742]",0.027125715446401744,2000,2002,"{""max_iterations"": 2000, ""rate"": 0.01, ""tolerance"": 1e-06}"
griewank,Griewank,136,2123,gradient,3,"[-10.0, 10.0]","[-4.70543272915158, 7.05172763245524, -1.61403052551276]","[-6.280044835182831, 8.876211360561337, -0.008713254442568513]",0.029596948153428504,2000,2002,"{""max_iterations"": 2000, ""rate"": 0.01, ""tolerance"": 1e-06}"
griewank,Griewank,137,2124,gradient,3,"[-10.0, 10.0]","[8.486350086427358, -7.110478176274353, -9.614558045691554]","[9.420066694856285, -4.439420428737659, -10.857086429136835]",0.05670486588867285,2000,2002,"{""max_iterations"": 2000, ""rate"": 0.01, ""tolerance"": 1e-06}"
griewank,Griewank,138,2125,gradient,3,"[-10.0, 10.0]","[-5.463644906209715, 1.702085683369079, -9.712917177693125]","[-6.28004506496659, 0.00013268942364636185, -10.864168890940231]",0.039430046396843554,2000,2002,"{""max_iterations"": 2000, ""rate"": 0.01, ""tolerance"": 1e-06}"
griewank,Griewank,139,2126,gradient,3,"[-10.0, 10.0]","[8.194301372295886, -8.732281720376635, 8.563560073526965]","[6.280045820341439, -8.876609982562183, 10.844564984099776]",0.059228916031124346,2000,2002,"{""max_iterations"": 2000, ""rate"": 0.01, ""tolerance"": 1e-06}"
griewank,Griewank,140,2118,gradient,3,"[-10.0, 10.0]","[3.831195286083389, 4.77782581018111, 6.6406138270619195]","[6.280045214294496, 4.438530286242314, 5.437787259912804]",0.022189101772197795,2000,2002,"{""max_iterations"": 2000, ""rate"": 0.01, ""tolerance"": 1e-06}"
griewank,Griewank,141,2119,gradient,3,"[-10.0, 10.0]","[5.729251432723689, 8.038588736617854, -5.585300029113109]","[3.1400226408211935, 8.876645333919132, -5.433894366385305]",0.029576858180721755,2000,2002,"{""max_iterations"": 2000, ""rate"": 0.01, ""tolerance"": 1e-06}"
griewank,Griewank,142,2120,gradient,3,"[-10.0, 10.0]","[3.020810028246032, -6.185484121778925, -4.087354080375514]","[3.1400225280368383, -8.876540134441354, -5.428254121969773]",0.02958096659344467,2000,2002,"{""max_iterations"": 2000, ""rate"": 0.01, ""tolerance"": 1e-06}"
griewank,Griewank,143,2121,gradient,3,"[-10.0, 10.0]","[-4.910354045045066, 9.616613165667122, 6.428713732794446]","[-3.1400226128288113, 8.876956919184027, 5.4352386137073205]",0.02957743615385877,2000,2002,"{""max_iterations"": 2000, ""rate"": 0.01, ""tolerance"": 1e-06}"
griewank,Griewank,144,2122,gradient,3,"[-10.0, 10.0]","[9.50274992653046, 4.501967646730423, 1.091524585912465]","[9.420067881828238, 4.438447561072528, 0.00140831392306742]",0.027125715446401744,2000,2002,"{""max_iterations"": 2000, ""rate"": 0.01, ""tolerance"": 1e-06}"
griewank,Griewank,145,2123,gradient,3,"[-10.0, 10.0]","[-4.70543272915158, 7.05172763245524, -1.61403052551276]","[-6.280044835182831, 8.876211360561337, -0.008713254442568513]",0.029596948153428504,2000,2002,"{""max_iterations"": 2000, ""rate"": 0.01, ""tolerance"": 1e-06}"
griewank,Griewank,146,2124,gradient,3,"[-10.0, 10.0]","[8.486350086427358, -7.110478176274353, -9.614558045691554]","[9.420066694856285, -4.439420428737659, -10.857086429136835]",0.05670486588867285,2000,2002,"{""max_iterations"": 2000, ""rate"": 0.01, ""tolerance"": 1e-06}"
griewank,Griewank,147,2125,gradient,3,"[-10.0, 10.0]","[-5.463644906209715, 1.702085683369079, -9.712917177693125]","[-6.28004506496659, 0.00013268942364636185, -10.864168890940231]",0.039430046396843554,2000,2002,"{""max_iterations"": 2000, ""rate"": 0.01, ""tolerance"": 1e-06}"
griewank,Griewank,148,2126,gradient,3,"[-10.0, 10.0]","[8.194301372295886, -8.732281720376635, 8.563560073526965]","[6.280045820341439, -8.876609982562183, 10.844564984099776]",0.059228916031124346,2000,2002,"{""max_iterations"": 2000, ""rate"": 0.01, ""tolerance"": 1e-06}"
griewank,Griewank,149,2127,gradient,3,"[-10.0, 10.0]","[-2.881247570691756, -6.258288882616068, 5.599316447299325]","[-3.1400225889659588, -8.876714332303928, 5.433656777429415]",0.029576809121333425,2000,2002,"{""max_iterations"": 2000, ""rate"": 0.01, ""tolerance"": 1e-06}"
griewank,Griewank,150,2119,gradient,3,"[-10.0, 10.0]","[5.729251432723689, 8.038588736617854, -5.585300029113109]","[3.1400226408211935, 8.876645333919132, -5.433894366385305]",0.029576858180721755,2000,2002,"{""max_iterations"": 2000, ""rate"": 0.01, ""tolerance"": 1e-06}"
griewank,Griewank,151,2120,gradient,3,"[-10.0, 10.0]","[3.020810028246032, -6.185484121778925, -4.087354080375514]","[3.1400225280368383, -8.876540134441354, -5.428254121969773]",0.02958096659344467,2000,2002,"{""max_iterations"": 2000, ""rate"": 0.01, ""tolerance"": 1e-06}"
griewank,Griewank,152,2121,gradient,3,"[-10.0, 10.0]","[-4.910354045045066, 9.616613165667122, 6.428713732794446]","[-3.1400226128288113, 8.876956919184027, 5.4352386137073205]",0.02957743615385877,2000,2002,"{""max_iterations"": 2000, ""rate"": 0.01, ""tolerance"": 1e-06}"
griewank,Griewank,153,2122,gradient,3,"[-10.0, 10.0]","[9.50274992653046, 4.501967646730423, 1.091524585912465]","[9.420067881828238, 4.438447561072528, 0.00140831392306742]",0.027125715446401744,2000,2002,"{""max_iterations"": 2000, ""rate"": 0.01, ""tolerance"": 1e-06}"
griewank,Griewank,154,2123,gradient,3,"[-10.0, 10.0]","[-4.70543272915158, 7.05172763245524, -1.61403052551276]","[-6.280044835182831, 8.876211360561337, -0.008713254442568513]",0.029596948153428504,2000,2002,"{""max_iterations"": 2000, ""rate"": 0.01, ""tolerance"": 1e-06}"
griewank,Griewank,155,2124,gradient,3,"[-10.0, 10.0]","[8.486350086427358, -7.110478176274353, -9.614558045691554]","[9.420066694856285, -4.439420428737659, -10.857086429136835]",0.05670486588867285,2000,2002,"{""max_iterations"": 2000, ""rate"": 0.01, ""tolerance"": 1e-06}"
griewank,Griewank,156,2125,gradient,3,"[-10.0, 10.0]","[-5.463644906209715, 1.702085683369079, -9.712917177693125]","[-6.28004506496659, 0.00013268942364636185, -10.864168890940231]",0.039430046396843554,2000,2002,"{""max_iterations"": 2000, ""rate"": 0.01, ""tolerance"": 1e-06}"
griewank,Griewank,157,2126,gradient,3,"[-10.0, 10.0]","[8.194301372295886, -8.732281720376635, 8.563560073526965]","[6.280045820341439, -8.876609982562183, 10.844564984099776]",0.059228916031124346,2000,2002,"{""max_iterations"": 2000, ""rate"": 0.01, ""tolerance"": 1e-06}"
griewank,Griewank,158,2127,gradient,3,"[-10.0, 10.0]","[-2.881247570691756, -6.258288882616068, 5.599316447299325]","[-3.1400225889659588, -8.876714332303928, 5.433656777429415]",0.029576809121333425,2000,2002,"{""max_iterations"": 2000, ""rate"": 0.01, ""tolerance"": 1e-06}"
griewank,Griewank,159,2128,gradient,3,"[-10.0, 10.0]","[6.624154276840606, 9.391225421525672, 3.1677768241929023]","[6.280045174201268, 8.877002422950337, 0.006406454175713953]",0.029591014968236018,2000,2002,"{""max_iterations"": 2000, ""rate"": 0.01, ""tolerance"": 1e-06}"
griewank,Griewank,160,2120,gradient,3,"[-10.0, 10.0]","[3.020810028246032, -6.185484121778925, -4.087354080375514]","[3.1400225280368383, -8.876540134441354, -5.428254121969773]",0.02958096659344467,2000,2002,"{""max_iterations"": 2000, ""rate"": 0.01, ""tolerance"": 1e-06}"
griewank,Griewank,161,2121,gradient,3,"[-10.0, 10.0]","[-4.910354045045066, 9.616613165667122, 6.428713732794446]","[-3.1400226128288113, 8.876956919184027, 5.4352386137073205]",0.02957743615385877,2000,2002,"{""max_iterations"": 2000, ""rate"": 0.01, ""tolerance"": 1e-06}"
griewank,Griewank,162,2122,gradient,3,"[-10.0, 10.0]","[9.50274992653046, 4.501967646730423, 1.091524585912465]","[9.420067881828238, 4.438447561072528, 0.00140831392306742]",0.027125715446401744,2000,2002,"{""max_iterations"": 2000, ""rate"": 0.01, ""tolerance"": 1e-06}"
griewank,Griewank,163,2123,gradient,3,"[-10.0, 10.0]","[-4.70543272915158, 7.05172763245524, -1.61403052551276]","[-6.280044835182831, 8.876211360561337, -0.008713254442568513]",0.029596948153428504,2000,2002,"{""max_iterations"": 2000, ""rate"": 0.01, ""tolerance"": 1e-06}"
griewank,Griewank,164,2124,gradient,3,"[-10.0, 10.0]","[8.486350086427358, -7.110478176274353, -9.614558045691554]","[9.420066694856285, -4.439420428737659, -10.857086429136835]",0.05670486588867285,2000,2002,"{""max_iterations"": 2000, ""rate"": 0.01, ""tolerance"": 1e-06}"
griewank,Griewank,165,2125,gradient,3,"[-10.0, 10.0]","[-5.463644906209715, 1.702085683369079, -9.712917177693125]","[-6.28004506496659, 0.00013268942364636185, -10.864168890940231]",0.039430046396843554,2000,2002,"{""max_iterations"": 2000, ""rate"": 0.01, ""tolerance"": 1e-06}"
griewank,Griewank,166,2126,gradient,3,"[-10.0, 10.0]","[8.194301372295886, -8.732281720376635, 8.563560073526965]","[6.280045820341439, -8.876609982562183, 10.844564984099776]",0.059228916031124346,2000,2002,"{""max_iterations"": 2000, ""rate"": 0.01, ""tolerance"": 1e-06}"
griewank,Griewank,167,2127,gradient,3,"[-10.0, 10.0]","[-2.881247570691756, -6.258288882616068, 5.599316447299325]","[-3.1400225889659588, -8.876714332303928, 5.433656777429415]",0.029576809121333425,2000,2002,"{""max_iterations"": 2000, ""rate"": 0.01, ""tolerance"": 1e-06}"
griewank,Griewank,168,2128,gradient,3,"[-10.0, 10.0]","[6.624154276840606, 9.391225421525672, 3.1677768241929023]","[6.280045174201268, 8.877002422950337, 0.006406454175713953]",0.029591014968236018,2000,2002,"{""max_iterations"": 2000, ""rate"": 0.01, ""tolerance"": 1e-06}"
griewank,Griewank,169,2129,gradient,3,"[-10.0, 10.0]","[-2.500789467564606, -5.68513156568538, -9.697623550139959]","[-3.140022534958068, -4.438523187394462, -10.864610002723602]",0.03696110154928001,2000,2002,"{""max_iterations"": 2000, ""rate"": 0.01, ""tolerance"": 1e-06}"
griewank,Griewank,170,2121,gradient,3,"[-10.0, 10.0]","[-4.910354045045066, 9.616613165667122, 6.428713732794446]","[-3.1400226128288113, 8.876956919184027, 5.4352386137073205]",0.02957743615385877,2000,2002,"{""max_iterations"": 2000, ""rate"": 0.01, ""tolerance"": 1e-06}"
griewank,Griewank,171,2122,gradient,3,"[-10.0, 10.0]","[9.50274992653046, 4.501967646730423, 1.091524585912465]","[9.420067881828238, 4.438447561072528, 0.00140831392306742]",0.027125715446401744,2000,2002,"{""max_iterations"": 2000, ""rate"": 0.01, ""tolerance"": 1e-06}"
griewank,Griewank,172,2123,gradient,3,"[-10.0, 10.0]","[-4.70543272915158, 7.05172763245524, -1.61403052551276]","[-6.280044835182831, 8.876211360561337, -0.008713254442568513]",0.029596948153428504,2000,2002,"{""max_iterations"": 2000, ""rate"": 0.01, ""tolerance"": 1e-06}"
griewank,Griewank,173,2124,gradient,3,"[-10.0, 10.0]","[8.486350086427358, -7.110478176274353, -9.614558045691554]","[9.420066694856285, -4.439420428737659, -10.857086429136835]",0.05670486588867285,2000,2002,"{""max_iterations"": 2000, ""rate"": 0.01, ""tolerance"": 1e-06}"
griewank,Griewank,174,2125,gradient,3,"[-10.0, 10.0]","[-5.463644906209715, 1.702085683369079, -9.712917177693125]","[-6.28004506496659, 0.00013268942364636185, -10.864168890940231]",0.039430046396843554,2000,2002,"{""max_iterations"": 2000, ""rate"": 0.01, ""tolerance"": 1e-06}"
griewank,Griewank,175,2126,gradient,3,"[-10.0, 10.0]","[8.194301372295886, -8.732281720376635, 8.563560073526965]","[6.280045820341439, -8.876609982562183, 10.844564984099776]",0.059228916031124346,2000,2002,"{""max_iterations"": 2000, ""rate"": 0.01, ""tolerance"": 1e-06}"
griewank,Griewank,176,2127,gradient,3,"[-10.0, 10.0]","[-2.881247570691756, -6.258288882616068, 5.599316447299325]","[-3.1400225889659588, -8.876714332303928, 5.433656777429415]",0.029576809121333425,2000,2002,"{""max_iterations"": 2000, ""rate"": 0.01, ""tolerance"": 1e-06}"
griewank,Griewank,177,2128,gradient,3,"[-10.0, 10.0]","[6.624154276840606, 9.391225421525672, 3.1677768241929023]","[6.280045174201268, 8.877002422950337, 0.006406454175713953]",0.029591014968236018,2000,2002,"{""max_iterations"": 2000, ""rate"": 0.01, ""tolerance"": 1e-06}"
griewank,Griewank,178,2129,gradient,3,"[-10.0, 10.0]","[-2.500789467564606, -5.68513156568538, -9.697623550139959]","[-3.140022534958068, -4.438523187394462, -10.864610002723602]",0.03696110154928001,2000,2002,"{""max_iterations"": 2000, ""rate"": 0.01, ""tolerance"": 1e-06}"
griewank,Griewank,179,2130,gradient,3,"[-10.0, 10.0]","[-2.5849026745282355, 8.80723100946689, -8.670002410915503]","[-3.1400225606028043, 8.876863250481875, -5.44028189532256]",0.029585031824983732,2000,2002,"{""max_iterations"": 2000, ""rate"": 0.01, ""tolerance"": 1e-06}"
griewank,Griewank,180,2122,gradient,3,"[-10.0, 10.0]","[9.50274992653046, 4.501967646730423, 1.091524585912465]","[9.420067881828238, 4.438447561072528, 0.00140831392306742]",0.027125715446401744,2000,2002,"{""max_iterations"": 2000, ""rate"": 0.01, ""tolerance"": 1e-06}"
griewank,Griewank,181,2123,gradient,3,"[-10.0, 10.0]","[-4.70543272915158, 7.05172763245524, -1.61403052551276]","[-6.280044835182831, 8.876211360561337, -0.008713254442568513]",0.029596948153428504,2000,2002,"{""max_iterations"": 2000, ""rate"": 0.01, ""tolerance"": 1e-06}"
griewank,Griewank,182,2124,gradient,3,"[-10.0, 10.0]","[8.486350086427358, -7.110478176274353, -9.614558045691554]","[9.420066694856285, -4.439420428737659, -10.857086429136835]",0.05670486588867285,2000,2002,"{""max_iterations"": 2000, ""rate"": 0.01, ""tolerance"": 1e-06}"
griewank,Griewank,183,2125,gradient,3,"[-10.0, 10.0]","[-5.463644906209715, 1.702085683369079, -9.712917177693125]","[-6.28004506496659, 0.00013268942364636185, -10.864168890940231]",0.039430046396843554,2000,2002,"{""max_iterations"": 2000, ""rate"": 0.01, ""tolerance"": 1e-06}"
griewank,Griewank,184,2126,gradient,3,"[-10.0, 10.0]","[8.194301372295886, -8.732281720376635, 8.563560073526965]","[6.280045820341439, -8.876609982562183, 10.844564984099776]",0.059228916031124346,2000,2002,"{""max_iterations"": 2000, ""rate"": 0.01, ""tolerance"": 1e-06}"
griewank,Griewank,185,2127,gradient,3,"[-10.0, 10.0]","[-2.881247570691756, -6.258288882616068, 5.599316447299325]","[-3.1400225889659588, -8.876714332303928, 5.433656777429415]",0.029576809121333425,2000,2002,"{""max_iterations"": 2000, ""rate"": 0.01, ""tolerance"": 1e-06}"
griewank,Griewank,186,2128,gradient,3,"[-10.0, 10.0]","[6.624154276840606, 9.391225421525672, 3.1677768241929023]","[6.280045174201268, 8.877002422950337, 0.006406454175713953]",0.029591014968236018,2000,2002,"{""max_iterations"": 2000, ""rate"": 0.01, ""tolerance"": 1e-06}"
griewank,Griewank,187,2129,gradient,3,"[-10.0, 10.0]","[-2.500789467564606, -5.68513156568538, -9.697623550139959]","[-3.140022534958068, -4.438523187394462, -10.864610002723602]",0.03696110154928001,2000,2002,"{""max_iterations"": 2000, ""rate"": 0.01, ""tolerance"": 1e-06}"
griewank,Griewank,188,2130,gradient,3,"[-10.0, 10.0]","[-2.5849026745282355, 8.80723100946689, -8.670002410915503]","[-3.1400225606028043, 8.876863250481875, -5.44028189532256]",0.029585031824983732,2000,2002,"{""max_iterations"": 2000, ""rate"": 0.01, ""tolerance"": 1e-06}"
griewank,Griewank,189,2131,gradient,3,"[-10.0, 10.0]","[7.511638594821285, 5.94069290453891, 4.9270762329000775]","[6.28004522315962, 4.438550643111816, 5.432266604936601]",0.022185824477833682,2000,2002,"{""max_iterations"": 2000, ""rate"": 0.01, ""tolerance"": 1e-06}"
griewank,Griewank,190,2123,gradient,3,"[-10.0, 10.0]","[-4.70543272915158, 7.05172763245524, -1.61403052551276]","[-6.280044835182831, 8.876211360561337, -0.008713254442568513]",0.029596948153428504,2000,2002,"{""max_iterations"": 2000, ""rate"": 0.01, ""tolerance"": 1e-06}"
griewank,Griewank,191,2124,gradient,3,"[-10.0, 10.0]","[8.486350086427358, -7.110478176274353, -9.614558045691554]","[9.420066694856285, -4.439420428737659, -10.857086429136835]",0.05670486588867285,2000,2002,"{""max_iterations"": 2000, ""rate"": 0.01, ""tolerance"": 1e-06}"
griewank,Griewank,192,2125,gradient,3,"[-10.0, 10.0]","[-5.463644906209715, 1.702085683369079, -9.712917177693125]","[-6.28004506496659, 0.00013268942364636185, -10.864168890940231]",0.039430046396843554,2000,2002,"{""max_iterations"": 2000, ""rate"": 0.01, ""tolerance"": 1e-06}"
griewank,Griewank,193,2126,gradient,3,"[-10.0, 10.0]","[8.194301372295886, -8.732281720376635, 8.563560073526965]","[6.280045820341439, -8.876609982562183, 10.844564984099776]",0.059228916031124346,2000,2002,"{""max_iterations"": 2000, ""rate"": 0.01, ""tolerance"": 1e-06}"
griewank,Griewank,194,2127,gradient,3,"[-10.0, 10.0]","[-2.881247570691756, -6.258288882616068, 5.599316447299325]","[-3.1400225889659588, -8.876714332303928, 5.433656777429415]",0.029576809121333425,2000,2002,"{""max_iterations"": 2000, ""rate"": 0.01, ""tolerance"": 1e-06}"
griewank,Griewank,195,2128,gradient,3,"[-10.0, 10.0]","[6.624154276840606, 9.391225421525672, 3.1677768241929023]","[6.280045174201268, 8.877002422950337, 0.006406454175713953]",0.029591014968236018,2000,2002,"{""max_iterations"": 2000, ""rate"": 0.01, ""tolerance"": 1e-06}"
griewank,Griewank,196,2129,gradient,3,"[-10.0, 10.0]","[-2.500789467564606, -5.68513156568538, -9.697623550139959]","[-3.140022534958068, -4.438523187394462, -10.864610002723602]",0.03696110154928001,2000,2002,"{""max_iterations"": 2000, ""rate"": 0.01, ""tolerance"": 1e-06}"
griewank,Griewank,197,2130,gradient,3,"[-10.0, 10.0]","[-2.5849026745282355, 8.80723100946689, -8.670002410915503]","[-3.1400225606028043, 8.876863250481875, -5.44028189532256]",0.029585031824983732,2000,2002,"{""max_iterations"": 2000, ""rate"": 0.01, ""tolerance"": 1e-06}"
griewank,Griewank,198,2131,gradient,3,"[-10.0, 10.0]","[7.511638594821285, 5.94069290453891, 4.9270762329000775]","[6.28004522315962, 4.438550643111816, 5.432266604936601]",0.022185824477833682,2000,2002,"{""max_iterations"": 2000, ""rate"": 0.01, ""tolerance"": 1e-06}"
griewank,Griewank,199,2132,gradient,3,"[-10.0, 10.0]","[9.973546593132973, 1.62669038663938, 4.077662917096685]","[9.420067797733436, 0.000121530425996164, 5.4307143323954445]",0.029587703879598082,2000,2002,"{""max_iterations"": 2000, ""rate"": 0.01, ""tolerance"": 1e-06}"
griewank,Griewank,200,2115,gradient,3,"[-10.0, 10.0]","[-0.7267525499733942, 6.0857623123706865, -7.254970640813858]","[-1.2468302088104491e-08, 4.438624876871591, -5.437295330364333]",0.012323731023958562,2000,2002,"{""max_iterations"": 2000, ""rate"": 0.01, ""tolerance"": 1e-06}"
griewank,Griewank,201,2116,gradient,3,"[-10.0, 10.0]","[-3.488250143114273, -3.2178148328573686, 2.375014707513108]","[-3.140022622122285, -4.4382848667781944, 0.004745901953557118]",0.0073998062445844726,2000,2002,"{""max_iterations"": 2000, ""rate"": 0.01, ""tolerance"": 1e-06}"
griewank,Griewank,202,2117,gradient,3,"[-10.0, 10.0]","[-5.2631141678797455, -7.469348504671789, 2.4179936586515627]","[-6.2800450282552855, -8.876514091320951, 0.007846372827058992]",0.029594472395402915,2000,2002,"{""max_iterations"": 2000, ""rate"": 0.01, ""tolerance"": 1e-06}"
griewank,Griewank,203,2118,gradient,3,"[-10.0, 10.0]","[3.831195286083389, 4.77782581018111, 6.6406138270619195]","[6.280045214294496, 4.438530286242314, 5.437787259912804]",0.022189101772197795,2000,2002,"{""max_iterations"": 2000, ""rate"": 0.01, ""tolerance"": 1e-06}"
griewank,Griewank,204,2119,gradient,3,"[-10.0, 10.0]","[5.729251432723689, 8.038588736617854, -5.585300029113109]","[3.1400226408211935, 8.876645333919132, -5.433894366385305]",0.029576858180721755,2000,2002,"{""max_iterations"": 2000, ""rate"": 0.01, ""tolerance"": 1e-06}"
griewank,Griewank,205,2120,gradient,3,"[-10.0, 10.0]","[3.020810028246032, -6.185484121778925, -4.087354080375514]","[3.1400225280368383, -8.876540134441354, -5.428254121969773]",0.02958096659344467,2000,2002,"{""max_iterations"": 2000, ""rate"": 0.01, ""tolerance"": 1e-06}"
griewank,Griewank,206,2121,gradient,3,"[-10.0, 10.0]","[-4.910354045045066, 9.616613165667122, 6.428713732794446]","[-3.1400226128288113, 8.876956919184027, 5.4352386137073205]",0.02957743615385877,2000,2002,"{""max_iterations"": 2000, ""rate"": 0.01, ""tolerance"": 1e-06}"
griewank,Griewank,207,2122,gradient,3,"[-10.0, 10.0]","[9.50274992653046, 4.501967646730423, 1.091524585912465]","[9.420067881828238, 4.438447561072528, 0.00140831392306742]",0.027125715446401744,2000,2002,"{""max_iterations"": 2000, ""rate"": 0.01, ""tolerance"": 1e-06}"
griewank,Griewank,208,2123,gradient,3,"[-10.0, 10.0]","[-4.70543272915158, 7.05172763245524, -1.61403052551276]","[-6.280044835182831, 8.876211360561337, -0.008713254442568513]",0.029596948153428504,2000,2002,"{""max_iterations"": 2000, ""rate"": 0.01, ""tolerance"": 1e-06}"
griewank,Griewank,209,2124,gradient,3,"[-10.0, 10.0]","[8.486350086427358, -7.110478176274353, -9.614558045691554]","[9.420066694856285, -4.439420428737659, -10.857086429136835]",0.05670486588867285,2000,2002,"{""max_iterations"": 2000, ""rate"": 0.01, ""tolerance"": 1e-06}"
griewank,Griewank,210,2116,gradient,3,"[-10.0, 10.0]","[-3.488250143114273, -3.2178148328573686, 2.375014707513108]","[-3.140022622122285, -4.4382848667781944, 0.004745901953557118]",0.0073998062445844726,2000,2002,"{""max_iterations"": 2000, ""rate"": 0.01, ""tolerance"": 1e-06}"
griewank,Griewank,211,2117,gradient,3,"[-10.0, 10.0]","[-5.2631141678797455, -7.469348504671789, 2.4179936586515627]","[-6.2800450282552855, -8.876514091320951, 0.007846372827058992]",0.029594472395402915,2000,2002,"{""max_iterations"": 2000, ""rate"": 0.01, ""tolerance"": 1e-06}"
griewank,Griewank,212,2118,gradient,3,"[-10.0, 10.0]","[3.831195286083389, 4.77782581018111, 6.6406138270619195]","[6.280045214294496, 4.438530286242314, 5.437787259912804]",0.022189101772197795,2000,2002,"{""max_iterations"": 2000, ""rate"": 0.01, ""tolerance"": 1e-06}"
griewank,Griewank,213,2119,gradient,3,"[-10.0, 10.0]","[5.729251432723689, 8.038588736617854, -5.585300029113109]","[3.1400226408211935, 8.876645333919132, -5.433894366385305]",0.029576858180721755,2000,2002,"{""max_iterations"": 2000, ""rate"": 0.01, ""tolerance"": 1e-06}"
griewank,Griewank,214,2120,gradient,3,"[-10.0, 10.0]","[3.020810028246032, -6.185484121778925, -4.087354080375514]","[3.1400225280368383, -8.876540134441354, -5.428254121969773]",0.02958096659344467,2000,2002,"{""max_iterations"": 2000, ""rate"": 0.01, ""tolerance"": 1e-06}"
griewank,Griewank,215,2121,gradient,3,"[-10.0, 10.0]","[-4.910354045045066, 9.616613165667122, 6.428713732794446]","[-3.1400226128288113, 8.876956919184027, 5.4352386137073205]",0.02957743615385877,2000,2002,"{""max_iterations"": 2000, ""rate"": 0.01, ""tolerance"": 1e-06}"
griewank,Griewank,216,2122,gradient,3,"[-10.0, 10.0]","[9.50274992653046, 4.501967646730423, 1.091524585912465]","[9.420067881828238, 4.438447561072528, 0.00140831392306742]",0.027125715446401744,2000,2002,"{""max_iterations"": 2000, ""rate"": 0.01, ""tolerance"": 1e-06}"
griewank,Griewank,217,2123,gradient,3,"[-10.0, 10.0]","[-4.70543272915158, 7.05172763245524, -1.61403052551276]","[-6.280044835182831, 8.876211360561337, -0.008713254442568513]",0.029596948153428504,2000,2002,"{""max_iterations"": 2000, ""rate"": 0.01, ""tolerance"": 1e-06}"
griewank,Griewank,218,2124,gradient,3,"[-10.0, 10.0]","[8.486350086427358, -7.110478176274353, -9.614558045691554]","[9.420066694856285, -4.439420428737659, -10.857086429136835]",0.05670486588867285,2000,2002,"{""max_iterations"": 2000, ""rate"": 0.01, ""tolerance"": 1e-06}"
griewank,Griewank,219,2125,gradient,3,"[-10.0, 10.0]","[-5.463644906209715, 1.702085683369079, -9.712917177693125]","[-6.28004506496659, 0.00013268942364636185, -10.864168890940231]",0.039430046396843554,2000,2002,"{""max_iterations"": 2000, ""rate"": 0.01, ""tolerance"": 1e-06}"
griewank,Griewank,220,2117,gradient,3,"[-10.0, 10.0]","[-5.2631141678797455, -7.469348504671789, 2.4179936586515627]","[-6.2800450282552855, -8.876514091320951, 0.007846372827058992]",0.029594472395402915,2000,2002,"{""max_iterations"": 2000, ""rate"": 0.01, ""tolerance"": 1e-06}"
griewank,Griewank,221,2118,gradient,3,"[-10.0, 10.0]","[3.831195286083389, 4.77782581018111, 6.6406138270619195]","[6.280045214294496, 4.438530286242314, 5.437787259912804]",0.022189101772197795,2000,2002,"{""max_iterations"": 2000, ""rate"": 0.01, ""tolerance"": 1e-06}"
griewank,Griewank,222,2119,gradient,3,"[-10.0, 10.0]","[5.729251432723689, 8.038588736617854, -5.585300029113109]","[3.1400226408211935, 8.876645333919132, -5.433894366385305]",0.029576858180721755,2000,2002,"{""max_iterations"": 2000, ""rate"": 0.01, ""tolerance"": 1e-06}"
griewank,Griewank,223,2120,gradient,3,"[-10.0, 10.0]","[3.020810028246032, -6.185484121778925, -4.087354080375514]","[3.1400225280368383, -8.876540134441354, -5.428254121969773]",0.02958096659344467,2000,2002,"{""max_iterations"": 2000, ""rate"": 0.01, ""tolerance"": 1e-06}"
griewank,Griewank,224,2121,gradient,3,"[-10.0, 10.0]","[-4.910354045045066, 9.616613165667122, 6.428713732794446]","[-3.1400226128288113, 8.876956919184027, 5.4352386137073205]",0.02957743615385877,2000,2002,"{""max_iterations"": 2000, ""rate"": 0.01, ""tolerance"": 1e-06}"
griewank,Griewank,225,2122,gradient,3,"[-10.0, 10.0]","[9.50274992653046, 4.501967646730423, 1.091524585912465]","[9.420067881828238, 4.438447561072528, 0.00140831392306742]",0.027125715446401744,2000,2002,"{""max_iterations"": 2000, ""rate"": 0.01, ""tolerance"": 1e-06}"
griewank,Griewank,226,2123,gradient,3,"[-10.0, 10.0]","[-4.70543272915158, 7.05172763245524, -1.61403052551276]","[-6.280044835182831, 8.876211360561337, -0.008713254442568513]",0.029596948153428504,2000,2002,"{""max_iterations"": 2000, ""rate"": 0.01, ""tolerance"": 1e-06}"
griewank,Griewank,227,2124,gradient,3,"[-10.0, 10.0]","[8.486350086427358, -7.110478176274353, -9.614558045691554]","[9.420066694856285, -4.439420428737659, -10.857086429136835]",0.05670486588867285,2000,2002,"{""max_iterations"": 2000, ""rate"": 0.01, ""tolerance"": 1e-06}"
griewank,Griewank,228,2125,gradient,3,"[-10.0, 10.0]","[-5.463644906209715, 1.702085683369079, -9.712917177693125]","[-6.28004506496659, 0.00013268942364636185, -10.864168890940231]",0.039430046396843554,2000,2002,"{""max_iterations"": 2000, ""rate"": 0.01, ""tolerance"": 1e-06}"
griewank,Griewank,229,2126,gradient,3,"[-10.0, 10.0]","[8.194301372295886, -8.732281720376635, 8.563560073526965]","[6.280045820341439, -8.876609982562183, 10.844564984099776]",0.059228916031124346,2000,2002,"{""max_iterations"": 2000, ""rate"": 0.01, ""tolerance"": 1e-06}"
griewank,Griewank,230,2118,gradient,3,"[-10.0, 10.0]","[3.831195286083389, 4.77782581018111, 6.6406138270619195]","[6.280045214294496, 4.438530286242314, 5.437787259912804]",0.022189101772197795,2000,2002,"{""max_iterations"": 2000, ""rate"": 0.01, ""tolerance"": 1e-06}"
griewank,Griewank,231,2119,gradient,3,"[-10.0, 10.0]","[5.729251432723689, 8.038588736617854, -5.585300029113109]","[3.1400226408211935, 8.876645333919132, -5.433894366385305]",0.029576858180721755,2000,2002,"{""max_iterations"": 2000, ""rate"": 0.01, ""tolerance"": 1e-06}"
griewank,Griewank,232,2120,gradient,3,"[-10.0, 10.0]","[3.020810028246032, -6.185484121778925, -4.087354080375514]","[3.1400225280368383, -8.876540134441354, -5.428254121969773]",0.02958096659344467,2000,2002,"{""max_iterations"": 2000, ""rate"": 0.01, ""tolerance"": 1e-06}"
griewank,Griewank,233,2121,gradient,3,"[-10.0, 10.0]","[-4.910354045045066, 9.616613165667122, 6.428713732794446]","[-3.1400226128288113, 8.876956919184027, 5.4352386137073205]",0.02957743615385877,2000,2002,"{""max_iterations"": 2000, ""rate"": 0.01, ""tolerance"": 1e-06}"
griewank,Griewank,234,2122,gradient,3,"[-10.0, 10.0]","[9.50274992653046, 4.501967646730423, 1.091524585912465]","[9.420067881828238, 4.438447561072528, 0.00140831392306742]",0.027125715446401744,2000,2002,"{""max_iterations"": 2000, ""rate"": 0.01, ""tolerance"": 1e-06}"
griewank,Griewank,235,2123,gradient,3,"[-10.0, 10.0]","[-4.70543272915158, 7.05172763245524, -1.61403052551276]","[-6.280044835182831, 8.876211360561337, -0.008713254442568513]",0.029596948153428504,2000,2002,"{""max_iterations"": 2000, ""rate"": 0.01, ""tolerance"": 1e-06}"
griewank,Griewank,236,2124,gradient,3,"[-10.0, 10.0]","[8.486350086427358, -7.110478176274353, -9.614558045691554]","[9.420066694856285, -4.439420428737659, -10.857086429136835]",0.05670486588867285,2000,2002,"{""max_iterations"": 2000, ""rate"": 0.01, ""tolerance"": 1e-06}"
griewank,Griewank,237,2125,gradient,3,"[-10.0, 10.0]","[-5.463644906209715, 1.702085683369079, -9.712917177693125]","[-6.28004506496659, 0.00013268942364636185, -10.864168890940231]",0.039430046396843554,2000,2002,"{""max_iterations"": 2000, ""rate"": 0.01, ""tolerance"": 1e-06}"
griewank,Griewank,238,2126,gradient,3,"[-10.0, 10.0]","[8.194301372295886, -8.732281720376635, 8.563560073526965]","[6.280045820341439, -8.876609982562183, 10.844564984099776]",0.059228916031124346,2000,2002,"{""max_iterations"": 2000, ""rate"": 0.01, ""tolerance"": 1e-06}"
griewank,Griewank,239,2127,gradient,3,"[-10.0, 10.0]","[-2.881247570691756, -6.258288882616068, 5.599316447299325]","[-3.1400225889659588, -8.876714332303928, 5.433656777429415]",0.029576809121333425,2000,2002,"{""max_iterations"": 2000, ""rate"": 0.01, ""tolerance"": 1e-06}"
griewank,Griewank,240,2119,gradient,3,"[-10.0, 10.0]","[5.729251432723689, 8.038588736617854, -5.585300029113109]","[3.1400226408211935, 8.876645333919132, -5.433894366385305]",0.029576858180721755,2000,2002,"{""max_iterations"": 2000, ""rate"": 0.01, ""tolerance"": 1e-06}"
griewank,Griewank,241,2120,gradient,3,"[-10.0, 10.0]","[3.020810028246032, -6.185484121778925, -4.087354080375514]","[3.1400225280368383, -8.876540134441354, -5.428254121969773]",0.02958096659344467,2000,2002,"{""max_iterations"": 2000, ""rate"": 0.01, ""tolerance"": 1e-06}"
griewank,Griewank,242,2121,gradient,3,"[-10.0, 10.0]","[-4.910354045045066, 9.616613165667122, 6.428713732794446]","[-3.1400226128288113, 8.876956919184027, 5.4352386137073205]",0.02957743615385877,2000,2002,"{""max_iterations"": 2000, ""rate"": 0.01, ""tolerance"": 1e-06}"
griewank,Griewank,243,2122,gradient,3,"[-10.0, 10.0]","[9.50274992653046, 4.501967646730423, 1.091524585912465]","[9.420067881828238, 4.438447561072528, 0.00140831392306742]",0.027125715446401744,2000,2002,"{""max_iterations"": 2000, ""rate"": 0.01, ""tolerance"": 1e-06}"
griewank,Griewank,244,2123,gradient,3,"[-10.0, 10.0]","[-4.70543272915158, 7.05172763245524, -1.61403052551276]","[-6.280044835182831, 8.876211360561337, -0.008713254442568513]",0.029596948153428504,2000,2002,"{""max_iterations"": 2000, ""rate"": 0.01, ""tolerance"": 1e-06}"
griewank,Griewank,245,2124,gradient,3,"[-10.0, 10.0]","[8.486350086427358, -7.110478176274353, -9.614558045691554]","[9.420066694856285, -4.439420428737659, -10.857086429136835]",0.05670486588867285,2000,2002,"{""max_iterations"": 2000, ""rate"": 0.01, ""tolerance"": 1e-06}"
griewank,Griewank,246,2125,gradient,3,"[-10.0, 10.0]","[-5.463644906209715, 1.702085683369079, -9.712917177693125]","[-6.28004506496659, 0.00013268942364636185, -10.864168890940231]",0.039430046396843554,2000,2002,"{""max_iterations"": 2000, ""rate"": 0.01, ""tolerance"": 1e-06}"
griewank,Griewank,247,2126,gradient,3,"[-10.0, 10.0]","[8.194301372295886, -8.732281720376635, 8.563560073526965]","[6.280045820341439, -8.876609982562183, 10.844564984099776]",0.059228916031124346,2000,2002,"{""max_iterations"": 2000, ""rate"": 0.01, ""tolerance"": 1e-06}"
griewank,Griewank,248,2127,gradient,3,"[-10.0, 10.0]","[-2.881247570691756, -6.258288882616068, 5.599316447299325]","[-3.1400225889659588, -8.876714332303928, 5.433656777429415]",0.029576809121333425,2000,2002,"{""max_iterations"": 2000, ""rate"": 0.01, ""tolerance"": 1e-06}"
griewank,Griewank,249,2128,gradient,3,"[-10.0, 10.0]","[6.624154276840606, 9.391225421525672, 3.1677768241929023]","[6.280045174201268, 8.877002422950337, 0.006406454175713953]",0.029591014968236018,2000,2002,"{""max_iterations"": 2000, ""rate"": 0.01, ""tolerance"": 1e-06}"
griewank,Griewank,250,2120,gradient,3,"[-10.0, 10.0]","[3.020810028246032, -6.185484121778925, -4.087354080375514]","[3.1400225280368383, -8.876540134441354, -5.428254121969773]",0.02958096659344467,2000,2002,"{""max_iterations"": 2000, ""rate"": 0.01, ""tolerance"": 1e-06}"
griewank,Griewank,251,2121,gradient,3,"[-10.0, 10.0]","[-4.910354045045066, 9.616613165667122, 6.428713732794446]","[-3.1400226128288113, 8.876956919184027, 5.4352386137073205]",0.02957743615385877,2000,2002,"{""max_iterations"": 2000, ""rate"": 0.01, ""tolerance"": 1e-06}"
griewank,Griewank,252,2122,gradient,3,"[-10.0, 10.0]","[9.50274992653046, 4.501967646730423, 1.091524585912465]","[9.420067881828238, 4.438447561072528, 0.00140831392306742]",0.027125715446401744,2000,2002,"{""max_iterations"": 2000, ""rate"": 0.01, ""tolerance"": 1e-06}"
griewank,Griewank,253,2123,gradient,3,"[-10.0, 10.0]","[-4.70543272915158, 7.05172763245524, -1.61403052551276]","[-6.280044835182831, 8.876211360561337, -0.008713254442568513]",0.029596948153428504,2000,2002,"{""max_iterations"": 2000, ""rate"": 0.01, ""tolerance"": 1e-06}"
griewank,Griewank,254,2124,gradient,3,"[-10.0, 10.0]","[8.486350086427358, -7.110478176274353, -9.614558045691554]","[9.420066694856285, -4.439420428737659, -10.857086429136835]",0.05670486588867285,2000,2002,"{""max_iterations"": 2000, ""rate"": 0.01, ""tolerance"": 1e-06}"
griewank,Griewank,255,2125,gradient,3,"[-10.0, 10.0]","[-5.463644906209715, 1.702085683369079, -9.712917177693125]","[-6.28004506496659, 0.00013268942364636185, -10.864168890940231]",0.039430046396843554,2000,2002,"{""max_iterations"": 2000, ""rate"": 0.01, ""tolerance"": 1e-06}"
griewank,Griewank,256,2126,gradient,3,"[-10.0, 10.0]","[8.194301372295886, -8.732281720376635, 8.563560073526965]","[6.280045820341439, -8.876609982562183, 10.844564984099776]",0.059228916031124346,2000,2002,"{""max_iterations"": 2000, ""rate"": 0.01, ""tolerance"": 1e-06}"
griewank,Griewank,257,2127,gradient,3,"[-10.0, 10.0]","[-2.881247570691756, -6.258288882616068, 5.599316447299325]","[-3.1400225889659588, -8.876714332303928, 5.433656777429415]",0.029576809121333425,2000,2002,"{""max_iterations"": 2000, ""rate"": 0.01, ""tolerance"": 1e-06}"
griewank,Griewank,258,2128,gradient,3,"[-10.0, 10.0]","[6.624154276840606, 9.391225421525672, 3.1677768241929023]","[6.280045174201268, 8.877002422950337, 0.006406454175713953]",0.029591014968236018,2000,2002,"{""max_iterations"": 2000, ""rate"": 0.01, ""tolerance"": 1e-06}"
griewank,Griewank,259,2129,gradient,3,"[-10.0, 10.0]","[-2.500789467564606, -5.68513156568538, -9.697623550139959]","[-3.140022534958068, -4.438523187394462, -10.864610002723602]",0.03696110154928001,2000,2002,"{""max_iterations"": 2000, ""rate"": 0.01, ""tolerance"": 1e-06}"
griewank,Griewank,260,2121,gradient,3,"[-10.0, 10.0]","[-4.910354045045066, 9.616613165667122, 6.428713732794446]","[-3.1400226128288113, 8.876956919184027, 5.4352386137073205]",0.02957743615385877,2000,2002,"{""max_iterations"": 2000, ""rate"": 0.01, ""tolerance"": 1e-06}"
griewank,Griewank,261,2122,gradient,3,"[-10.0, 10.0]","[9.50274992653046, 4.501967646730423, 1.091524585912465]","[9.420067881828238, 4.438447561072528, 0.00140831392306742]",0.027125715446401744,2000,2002,"{""max_iterations"": 2000, ""rate"": 0.01, ""tolerance"": 1e-06}"
griewank,Griewank,262,2123,gradient,3,"[-10.0, 10.0]","[-4.70543272915158, 7.05172763245524, -1.61403052551276]","[-6.280044835182831, 8.876211360561337, -0.008713254442568513]",0.029596948153428504,2000,2002,"{""max_iterations"": 2000, ""rate"": 0.01, ""tolerance"": 1e-06}"
griewank,Griewank,263,2124,gradient,3,"[-10.0, 10.0]","[8.486350086427358, -7.110478176274353, -9.614558045691554]","[9.420066694856285, -4.439420428737659, -10.857086429136835]",0.05670486588867285,2000,2002,"{""max_iterations"": 2000, ""rate"": 0.01, ""tolerance"": 1e-06}"
griewank,Griewank,264,2125,gradient,3,"[-10.0, 10.0]","[-5.463644906209715, 1.702085683369079, -9.712917177693125]","[-6.28004506496659, 0.00013268942364636185, -10.864168890940231]",0.039430046396843554,2000,2002,"{""max_iterations"": 2000, ""rate"": 0.01, ""tolerance"": 1e-06}"
griewank,Griewank,265,2126,gradient,3,"[-10.0, 10.0]","[8.194301372295886, -8.732281720376635, 8.563560073526965]","[6.280045820341439, -8.876609982562183, 10.844564984099776]",0.059228916031124346,2000,2002,"{""max_iterations"": 2000, ""rate"": 0.01, ""tolerance"": 1e-06}"
griewank,Griewank,266,2127,gradient,3,"[-10.0, 10.0]","[-2.881247570691756, -6.258288882616068, 5.599316447299325]","[-3.1400225889659588, -8.876714332303928, 5.433656777429415]",0.029576809121333425,2000,2002,"{""max_iterations"": 2000, ""rate"": 0.01, ""tolerance"": 1e-06}"
griewank,Griewank,267,2128,gradient,3,"[-10.0, 10.0]","[6.624154276840606, 9.391225421525672, 3.1677768241929023]","[6.280045174201268, 8.877002422950337, 0.006406454175713953]",0.029591014968236018,2000,2002,"{""max_iterations"": 2000, ""rate"": 0.01, ""tolerance"": 1e-06}"
griewank,Griewank,268,2129,gradient,3,"[-10.0, 10.0]","[-2.500789467564606, -5.68513156568538, -9.697623550139959]","[-3.140022534958068, -4.438523187394462, -10.864610002723602]",0.03696110154928001,2000,2002,"{""max_iterations"": 2000, ""rate"": 0.01, ""tolerance"": 1e-06}"
griewank,Griewank,269,2130,gradient,3,"[-10.0, 10.0]","[-2.5849026745282355, 8.80723100946689, -8.670002410915503]","[-3.1400225606028043, 8.876863250481875, -5.44028189532256]",0.029585031824983732,2000,2002,"{""max_iterations"": 2000, ""rate"": 0.01, ""tolerance"": 1e-06}"
griewank,Griewank,270,2122,gradient,3,"[-10.0, 10.0]","[9.50274992653046, 4.501967646730423, 1.091524585912465]","[9.420067881828238, 4.438447561072528, 0.00140831392306742]",0.027125715446401744,2000,2002,"{""max_iterations"": 2000, ""rate"": 0.01, ""tolerance"": 1e-06}"
griewank,Griewank,271,2123,gradient,3,"[-10.0, 10.0]","[-4.70543272915158, 7.05172763245524, -1.61403052551276]","[-6.280044835182831, 8.876211360561337, -0.008713254442568513]",0.029596948153428504,2000,2002,"{""max_iterations"": 2000, ""rate"": 0.01, ""tolerance"": 1e-06}"
griewank,Griewank,272,2124,gradient,3,"[-10.0, 10.0]","[8.486350086427358, -7.110478176274353, -9.614558045691554]","[9.420066694856285, -4.439420428737659, -10.857086429136835]",0.05670486588867285,2000,2002,"{""max_iterations"": 2000, ""rate"": 0.01, ""tolerance"": 1e-06}"
griewank,Griewank,273,2125,gradient,3,"[-10.0, 10.0]","[-5.463644906209715, 1.702085683369079, -9.712917177693125]","[-6.28004506496659, 0.00013268942364636185, -10.864168890940231]",0.039430046396843554,2000,2002,"{""max_iterations"": 2000, ""rate"": 0.01, ""tolerance"": 1e-06}"
griewank,Griewank,274,2126,gradient,3,"[-10.0, 10.0]","[8.194301372295886, -8.732281720376635, 8.563560073526965]","[6.280045820341439, -8.876609982562183, 10.844564984099776]",0.059228916031124346,2000,2002,"{""max_iterations"": 2000, ""rate"": 0.01, ""tolerance"": 1e-06}"
griewank,Griewank,275,2127,gradient,3,"[-10.0, 10.0]","[-2.881247570691756, -6.258288882616068, 5.599316447299325]","[-3.1400225889659588, -8.876714332303928, 5.433656777429415]",0.029576809121333425,2000,2002,"{""max_iterations"": 2000, ""rate"": 0.01, ""tolerance"": 1e-06}"
griewank,Griewank,276,2128,gradient,3,"[-10.0, 10.0]","[6.624154276840606, 9.391225421525672, 3.1677768241929023]","[6.280045174201268, 8.877002422950337, 0.006406454175713953]",0.029591014968236018,2000,2002,"{""max_iterations"": 2000, ""rate"": 0.01, ""tolerance"": 1e-06}"
griewank,Griewank,277,2129,gradient,3,"[-10.0, 10.0]","[-2.500789467564606, -5.68513156568538, -9.697623550139959]","[-3.140022534958068, -4.438523187394462, -10.864610002723602]",0.03696110154928001,2000,2002,"{""max_iterations"": 2000, ""rate"": 0.01, ""tolerance"": 1e-06}"
griewank,Griewank,278,2130,gradient,3,"[-10.0, 10.0]","[-2.5849026745282355, 8.80723100946689, -8.670002410915503]","[-3.1400225606028043, 8.876863250481875, -5.44028189532256]",0.029585031824983732,2000,2002,"{""max_iterations"": 2000, ""rate"": 0.01, ""tolerance"": 1e-06}"
griewank,Griewank,279,2131,gradient,3,"[-10.0, 10.0]","[7.511638594821285, 5.94069290453891, 4.9270762329000775]","[6.28004522315962, 4.438550643111816, 5.432266604936601]",0.022185824477833682,2000,2002,"{""max_iterations"": 2000, ""rate"": 0.01, ""tolerance"": 1e-06}"
griewank,Griewank,280,2123,gradient,3,"[-10.0, 10.0]","[-4.70543272915158, 7.05172763245524, -1.61403052551276]","[-6.280044835182831, 8.876211360561337, -0.008713254442568513]",0.029596948153428504,2000,2002,"{""max_iterations"": 2000, ""rate"": 0.01, ""tolerance"": 1e-06}"
griewank,Griewank,281,2124,gradient,3,"[-10.0, 10.0]","[8.486350086427358, -7.110478176274353, -9.614558045691554]","[9.420066694856285, -4.439420428737659, -10.857086429136835]",0.05670486588867285,2000,2002,"{""max_iterations"": 2000, ""rate"": 0.01, ""tolerance"": 1e-06}"
griewank,Griewank,282,2125,gradient,3,"[-10.0, 10.0]","[-5.463644906209715, 1.702085683369079, -9.712917177693125]","[-6.28004506496659, 0.00013268942364636185, -10.864168890940231]",0.039430046396843554,2000,2002,"{""max_iterations"": 2000, ""rate"": 0.01, ""tolerance"": 1e-06}"
griewank,Griewank,283,2126,gradient,3,"[-10.0, 10.0]","[8.194301372295886, -8.732281720376635, 8.563560073526965]","[6.280045820341439, -8.876609982562183, 10.844564984099776]",0.059228916031124346,2000,2002,"{""max_iterations"": 2000, ""rate"": 0.01, ""tolerance"": 1e-06}"
griewank,Griewank,284,2127,gradient,3,"[-10.0, 10.0]","[-2.881247570691756, -6.258288882616068, 5.599316447299325]","[-3.1400225889659588, -8.876714332303928, 5.433656777429415]",0.029576809121333425,2000,2002,"{""max_iterations"": 2000, ""rate"": 0.01, ""tolerance"": 1e-06}"
griewank,Griewank,285,2128,gradient,3,"[-10.0, 10.0]","[6.624154276840606, 9.391225421525672, 3.1677768241929023]","[6.280045174201268, 8.877002422950337, 0.006406454175713953]",0.029591014968236018,2000,2002,"{""max_iterations"": 2000, ""rate"": 0.01, ""tolerance"": 1e-06}"
griewank,Griewank,286,2129,gradient,3,"[-10.0, 10.0]","[-2.500789467564606, -5.68513156568538, -9.697623550139959]","[-3.140022534958068, -4.438523187394462, -10.864610002723602]",0.03696110154928001,2000,2002,"{""max_iterations"": 2000, ""rate"": 0.01, ""tolerance"": 1e-06}"
griewank,Griewank,287,2130,gradient,3,"[-10.0, 10.0]","[-2.5849026745282355, 8.80723100946689, -8.670002410915503]","[-3.1400225606028043, 8.876863250481875, -5.44028189532256]",0.029585031824983732,2000,2002,"{""max_iterations"": 2000, ""rate"": 0.01, ""tolerance"": 1e-06}"
griewank,Griewank,288,2131,gradient,3,"[-10.0, 10.0]","[7.511638594821285, 5.94069290453891, 4.9270762329000775]","[6.28004522315962, 4.438550643111816, 5.432266604936601]",0.022185824477833682,2000,2002,"{""max_iterations"": 2000, ""rate"": 0.01, ""tolerance"": 1e-06}"
griewank,Griewank,289,2132,gradient,3,"[-10.0, 10.0]","[9.973546593132973, 1.62669038663938, 4.077662917096685]","[9.420067797733436, 0.000121530425996164, 5.4307143323954445]",0.029587703879598082,2000,2002,"{""max_iterations"": 2000, ""rate"": 0.01, ""tolerance"": 1e-06}"
griewank,Griewank,290,2124,gradient,3,"[-10.0, 10.0]","[8.486350086427358, -7.110478176274353, -9.614558045691554]","[9.420066694856285, -4.439420428737659, -10.857086429136835]",0.05670486588867285,2000,2002,"{""max_iterations"": 2000, ""rate"": 0.01, ""tolerance"": 1e-06}"
griewank,Griewank,291,2125,gradient,3,"[-10.0, 10.0]","[-5.463644906209715, 1.702085683369079, -9.712917177693125]","[-6.28004506496659, 0.00013268942364636185, -10.864168890940231]",0.039430046396843554,2000,2002,"{""max_iterations"": 2000, ""rate"": 0.01, ""tolerance"": 1e-06}"
griewank,Griewank,292,2126,gradient,3,"[-10.0, 10.0]","[8.194301372295886, -8.732281720376635, 8.563560073526965]","[6.280045820341439, -8.876609982562183, 10.844564984099776]",0.059228916031124346,2000,2002,"{""max_iterations"": 2000, ""rate"": 0.01, ""tolerance"": 1e-06}"
griewank,Griewank,293,2127,gradient,3,"[-10.0, 10.0]","[-2.881247570691756, -6.258288882616068, 5.599316447299325]","[-3.1400225889659588, -8.876714332303928, 5.433656777429415]",0.029576809121333425,2000,2002,"{""max_iterations"": 2000, ""rate"": 0.01, ""tolerance"": 1e-06}"
griewank,Griewank,294,2128,gradient,3,"[-10.0, 10.0]","[6.624154276840606, 9.391225421525672, 3.1677768241929023]","[6.280045174201268, 8.877002422950337, 0.006406454175713953]",0.029591014968236018,2000,2002,"{""max_iterations"": 2000, ""rate"": 0.01, ""tolerance"": 1e-06}"
griewank,Griewank,295,2129,gradient,3,"[-10.0, 10.0]","[-2.500789467564606, -5.68513156568538, -9.697623550139959]","[-3.140022534958068, -4.438523187394462, -10.864610002723602]",0.03696110154928001,2000,2002,"{""max_iterations"": 2000, ""rate"": 0.01, ""tolerance"": 1e-06}"
griewank,Griewank,296,2130,gradient,3,"[-10.0, 10.0]","[-2.5849026745282355, 8.80723100946689, -8.670002410915503]","[-3.1400225606028043, 8.876863250481875, -5.44028189532256]",0.029585031824983732,2000,2002,"{""max_iterations"": 2000, ""rate"": 0.01, ""tolerance"": 1e-06}"
griewank,Griewank,297,2131,gradient,3,"[-10.0, 10.0]","[7.511638594821285, 5.94069290453891, 4.9270762329000775]","[6.28004522315962, 4.438550643111816, 5.432266604936601]",0.022185824477833682,2000,2002,"{""max_iterations"": 2000, ""rate"": 0.01, ""tolerance"": 1e-06}"
griewank,Griewank,298,2132,gradient,3,"[-10.0, 10.0]","[9.973546593132973, 1.62669038663938, 4.077662917096685]","[9.420067797733436, 0.000121530425996164, 5.4307143323954445]",0.029587703879598082,2000,2002,"{""max_iterations"": 2000, ""rate"": 0.01, ""tolerance"": 1e-06}"
griewank,Griewank,299,2133,gradient,3,"[-10.0, 10.0]","[-8.465207166584118, 0.9016999239653174, -5.014077954199918]","[-9.420067841737701, 4.859556669368228e-05, -5.432624542428814]",0.029586694099243638,2000,2002,"{""max_iterations"": 2000, ""rate"": 0.01, ""tolerance"": 1e-06}"
griewank,Griewank,300,2116,gradient,3,"[-10.0, 10.0]","[-3.488250143114273, -3.2178148328573686, 2.375014707513108]","[-3.140022622122285, -4.4382848667781944, 0.004745901953557118]",0.0073998062445844726,2000,2002,"{""max_iterations"": 2000, ""rate"": 0.01, ""tolerance"": 1e-06}"
griewank,Griewank,301,2117,gradient,3,"[-10.0, 10.0]","[-5.2631141678797455, -7.469348504671789, 2.4179936586515627]","[-6.2800450282552855, -8.876514091320951, 0.007846372827058992]",0.029594472395402915,2000,2002,"{""max_iterations"": 2000, ""rate"": 0.01, ""tolerance"": 1e-06}"
griewank,Griewank,302,2118,gradient,3,"[-10.0, 10.0]","[3.831195286083389, 4.77782581018111, 6.6406138270619195]","[6.280045214294496, 4.438530286242314, 5.437787259912804]",0.022189101772197795,2000,2002,"{""max_iterations"": 2000, ""rate"": 0.01, ""tolerance"": 1e-06}"
griewank,Griewank,303,2119,gradient,3,"[-10.0, 10.0]","[5.729251432723689, 8.038588736617854, -5.585300029113109]","[3.1400226408211935, 8.876645333919132, -5.433894366385305]",0.029576858180721755,2000,2002,"{""max_iterations"": 2000, ""rate"": 0.01, ""tolerance"": 1e-06}"
griewank,Griewank,304,2120,gradient,3,"[-10.0, 10.0]","[3.020810028246032, -6.185484121778925, -4.087354080375514]","[3.1400225280368383, -8.876540134441354, -5.428254121969773]",0.02958096659344467,2000,2002,"{""max_iterations"": 2000, ""rate"": 0.01, ""tolerance"": 1e-06}"
griewank,Griewank,305,2121,gradient,3,"[-10.0, 10.0]","[-4.910354045045066, 9.616613165667122, 6.428713732794446]","[-3.1400226128288113, 8.876956919184027, 5.4352386137073205]",0.02957743615385877,2000,2002,"{""max_iterations"": 2000, ""rate"": 0.01, ""tolerance"": 1e-06}"
griewank,Griewank,306,2122,gradient,3,"[-10.0, 10.0]","[9.50274992653046, 4.501967646730423, 1.091524585912465]","[9.420067881828238, 4.438447561072528, 0.00140831392306742]",0.027125715446401744,2000,2002,"{""max_iterations"": 2000, ""rate"": 0.01, ""tolerance"": 1e-06}"
griewank,Griewank,307,2123,gradient,3,"[-10.0, 10.0]","[-4.70543272915158, 7.05172763245524, -1.61403052551276]","[-6.280044835182831, 8.876211360561337, -0.008713254442568513]",0.029596948153428504,2000,2002,"{""max_iterations"": 2000, ""rate"": 0.01, ""tolerance"": 1e-06}"
griewank,Griewank,308,2124,gradient,3,"[-10.0, 10.0]","[8.486350086427358, -7.110478176274353, -9.614558045691554]","[9.420066694856285, -4.439420428737659, -10.857086429136835]",0.05670486588867285,2000,2002,"{""max_iterations"": 2000, ""rate"": 0.01, ""tolerance"": 1e-06}"
griewank,Griewank,309,2125,gradient,3,"[-10.0, 10.0]","[-5.463644906209715, 1.702085683369079, -9.712917177693125]","[-6.28004506496659, 0.00013268942364636185, -10.864168890940231]",0.039430046396843554,2000,2002,"{""max_iterations"": 2000, ""rate"": 0.01, ""tolerance"": 1e-06}"
griewank,Griewank,310,2117,gradient,3,"[-10.0, 10.0]","[-5.2631141678797455, -7.469348504671789, 2.4179936586515627]","[-6.2800450282552855, -8.876514091320951, 0.007846372827058992]",0.029594472395402915,2000,2002,"{""max_iterations"": 2000, ""rate"": 0.01, ""tolerance"": 1e-06}"
griewank,Griewank,311,2118,gradient,3,"[-10.0, 10.0]","[3.831195286083389, 4.77782581018111, 6.6406138270619195]","[6.280045214294496, 4.438530286242314, 5.437787259912804]",0.022189101772197795,2000,2002,"{""max_iterations"": 2000, ""rate"": 0.01, ""tolerance"": 1e-06}"
griewank,Griewank,312,2119,gradient,3,"[-10.0, 10.0]","[5.729251432723689, 8.038588736617854, -5.585300029113109]","[3.1400226408211935, 8.876645333919132, -5.433894366385305]",0.029576858180721755,2000,2002,"{""max_iterations"": 2000, ""rate"": 0.01, ""tolerance"": 1e-06}"
griewank,Griewank,313,2120,gradient,3,"[-10.0, 10.0]","[3.020810028246032, -6.185484121778925, -4.087354080375514]","[3.1400225280368383, -8.876540134441354, -5.428254121969773]",0.02958096659344467,2000,2002,"{""max_iterations"": 2000, ""rate"": 0.01, ""tolerance"": 1e-06}"
griewank,Griewank,314,2121,gradient,3,"[-10.0, 10.0]","[-4.910354045045066, 9.616613165667122, 6.428713732794446]","[-3.1400226128288113, 8.876956919184027, 5.4352386137073205]",0.02957743615385877,2000,2002,"{""max_iterations"": 2000, ""rate"": 0.01, ""tolerance"": 1e-06}"
griewank,Griewank,315,2122,gradient,3,"[-10.0, 10.0]","[9.50274992653046, 4.501967646730423, 1.091524585912465]","[9.420067881828238, 4.438447561072528, 0.00140831392306742]",0.027125715446401744,2000,2002,"{""max_iterations"": 2000, ""rate"": 0.01, ""tolerance"": 1e-06}"
griewank,Griewank,316,2123,gradient,3,"[-10.0, 10.0]","[-4.70543272915158, 7.05172763245524, -1.61403052551276]","[-6.280044835182831, 8.876211360561337, -0.008713254442568513]",0.029596948153428504,2000,2002,"{""max_iterations"": 2000, ""rate"": 0.01, ""tolerance"": 1e-06}"
griewank,Griewank,317,2124,gradient,3,"[-10.0, 10.0]","[8.486350086427358, -7.110478176274353, -9.614558045691554]","[9.420066694856285, -4.439420428737659, -10.857086429136835]",0.05670486588867285,2000,2002,"{""max_iterations"": 2000, ""rate"": 0.01, ""tolerance"": 1e-06}"
griewank,Griewank,318,2125,gradient,3,"[-10.0, 10.0]","[-5.463644906209715, 1.702085683369079, -9.712917177693125]","[-6.28004506496659, 0.00013268942364636185, -10.864168890940231]",0.039430046396843554,2000,2002,"{""max_iterations"": 2000, ""rate"": 0.01, ""tolerance"": 1e-06}"
griewank,Griewank,319,2126,gradient,3,"[-10.0, 10.0]","[8.194301372295886, -8.732281720376635, 8.563560073526965]","[6.280045820341439, -8.876609982562183, 10.844564984099776]",0.059228916031124346,2000,2002,"{""max_iterations"": 2000, ""rate"": 0.01, ""tolerance"": 1e-06}"
griewank,Griewank,320,2118,gradient,3,"[-10.0, 10.0]","[3.831195286083389, 4.77782581018111, 6.6406138270619195]","[6.280045214294496, 4.438530286242314, 5.437787259912804]",0.022189101772197795,2000,2002,"{""max_iterations"": 2000, ""rate"": 0.01, ""tolerance"": 1e-06}"
griewank,Griewank,321,2119,gradient,3,"[-10.0, 10.0]","[5.729251432723689, 8.038588736617854, -5.585300029113109]","[3.1400226408211935, 8.876645333919132, -5.433894366385305]",0.029576858180721755,2000,2002,"{""max_iterations"": 2000, ""rate"": 0.01, ""tolerance"": 1e-06}"
griewank,Griewank,322,2120,gradient,3,"[-10.0, 10.0]","[3.020810028246032, -6.185484121778925, -4.087354080375514]","[3.1400225280368383, -8.876540134441354, -5.428254121969773]",0.02958096659344467,2000,2002,"{""max_iterations"": 2000, ""rate"": 0.01, ""tolerance"": 1e-06}"
griewank,Griewank,323,2121,gradient,3,"[-10.0, 10.0]","[-4.910354045045066, 9.616613165667122, 6.428713732794446]","[-3.1400226128288113, 8.876956919184027, 5.4352386137073205]",0.02957743615385877,2000,2002,"{""max_iterations"": 2000, ""rate"": 0.01, ""tolerance"": 1e-06}"
griewank,Griewank,324,2122,gradient,3,"[-10.0, 10.0]","[9.50274992653046, 4.501967646730423, 1.091524585912465]","[9.420067881828238, 4.438447561072528, 0.00140831392306742]",0.027125715446401744,2000,2002,"{""max_iterations"": 2000, ""rate"": 0.01, ""tolerance"": 1e-06}"
griewank,Griewank,325,2123,gradient,3,"[-10.0, 10.0]","[-4.70543272915158, 7.05172763245524, -1.61403052551276]","[-6.280044835182831, 8.876211360561337, -0.008713254442568513]",0.029596948153428504,2000,2002,"{""max_iterations"": 2000, ""rate"": 0.01, ""tolerance"": 1e-06}"
griewank,Griewank,326,2124,gradient,3,"[-10.0, 10.0]","[8.486350086427358, -7.110478176274353, -9.614558045691554]","[9.420066694856285, -4.439420428737659, -10.857086429136835]",0.05670486588867285,2000,2002,"{""max_iterations"": 2000, ""rate"": 0.01, ""tolerance"": 1e-06}"
griewank,Griewank,327,2125,gradient,3,"[-10.0, 10.0]","[-5.463644906209715, 1.702085683369079, -9.712917177693125]","[-6.28004506496659, 0.00013268942364636185, -10.864168890940231]",0.039430046396843554,2000,2002,"{""max_iterations"": 2000, ""rate"": 0.01, ""tolerance"": 1e-06}"
griewank,Griewank,328,2126,gradient,3,"[-10.0, 10.0]","[8.194301372295886, -8.732281720376635, 8.563560073526965]","[6.280045820341439, -8.876609982562183, 10.844564984099776]",0.059228916031124346,2000,2002,"{""max_iterations"": 2000, ""rate"": 0.01, ""tolerance"": 1e-06}"
griewank,Griewank,329,2127,gradient,3,"[-10.0, 10.0]","[-2.881247570691756, -6.258288882616068, 5.599316447299325]","[-3.1400225889659588, -8.876714332303928, 5.433656777429415]",0.029576809121333425,2000,2002,"{""max_iterations"": 2000, ""rate"": 0.01, ""tolerance"": 1e-06}"
griewank,Griewank,330,2119,gradient,3,"[-10.0, 10.0]","[5.729251432723689, 8.038588736617854, -5.585300029113109]","[3.1400226408211935, 8.876645333919132, -5.433894366385305]",0.029576858180721755,2000,2002,"{""max_iterations"": 2000, ""rate"": 0.01, ""tolerance"": 1e-06}"
griewank,Griewank,331,2120,gradient,3,"[-10.0, 10.0]","[3.020810028246032, -6.185484121778925, -4.087354080375514]","[3.1400225280368383, -8.876540134441354, -5.428254121969773]",0.02958096659344467,2000,2002,"{""max_iterations"": 2000, ""rate"": 0.01, ""tolerance"": 1e-06}"
griewank,Griewank,332,2121,gradient,3,"[-10.0, 10.0]","[-4.910354045045066, 9.616613165667122, 6.428713732794446]","[-3.1400226128288113, 8.876956919184027, 5.4352386137073205]",0.02957743615385877,2000,2002,"{""max_iterations"": 2000, ""rate"": 0.01, ""tolerance"": 1e-06}"
griewank,Griewank,333,2122,gradient,3,"[-10.0, 10.0]","[9.50274992653046, 4.501967646730423, 1.091524585912465]","[9.420067881828238, 4.438447561072528, 0.00140831392306742]",0.027125715446401744,2000,2002,"{""max_iterations"": 2000, ""rate"": 0.01, ""tolerance"": 1e-06}"
griewank,Griewank,334,2123,gradient,3,"[-10.0, 10.0]","[-4.70543272915158, 7.05172763245524, -1.61403052551276]","[-6.280044835182831, 8.876211360561337, -0.008713254442568513]",0.029596948153428504,2000,2002,"{""max_iterations"": 2000, ""rate"": 0.01, ""tolerance"": 1e-06}"
griewank,Griewank,335,2124,gradient,3,"[-10.0, 10.0]","[8.486350086427358, -7.110478176274353, -9.614558045691554]","[9.420066694856285, -4.439420428737659, -10.857086429136835]",0.05670486588867285,2000,2002,"{""max_iterations"": 2000, ""rate"": 0.01, ""tolerance"": 1e-06}"
griewank,Griewank,336,2125,gradient,3,"[-10.0, 10.0]","[-5.463644906209715, 1.702085683369079, -9.712917177693125]","[-6.28004506496659, 0.00013268942364636185, -10.864168890940231]",0.039430046396843554,2000,2002,"{""max_iterations"": 2000, ""rate"": 0.01, ""tolerance"": 1e-06}"
griewank,Griewank,337,2126,gradient,3,"[-10.0, 10.0]","[8.194301372295886, -8.732281720376635, 8.563560073526965]","[6.280045820341439, -8.876609982562183, 10.844564984099776]",0.059228916031124346,2000,2002,"{""max_iterations"": 2000, ""rate"": 0.01, ""tolerance"": 1e-06}"
griewank,Griewank,338,2127,gradient,3,"[-10.0, 10.0]","[-2.881247570691756, -6.258288882616068, 5.599316447299325]","[-3.1400225889659588, -8.876714332303928, 5.433656777429415]",0.029576809121333425,2000,2002,"{""max_iterations"": 2000, ""rate"": 0.01, ""tolerance"": 1e-06}"
griewank,Griewank,339,2128,gradient,3,"[-10.0, 10.0]","[6.624154276840606, 9.391225421525672, 3.1677768241929023]","[6.280045174201268, 8.877002422950337, 0.006406454175713953]",0.029591014968236018,2000,2002,"{""max_iterations"": 2000, ""rate"": 0.01, ""tolerance"": 1e-06}"
griewank,Griewank,340,2120,gradient,3,"[-10.0, 10.0]","[3.020810028246032, -6.185484121778925, -4.087354080375514]","[3.1400225280368383, -8.876540134441354, -5.428254121969773]",0.02958096659344467,2000,2002,"{""max_iterations"": 2000, ""rate"": 0.01, ""tolerance"": 1e-06}"
griewank,Griewank,341,2121,gradient,3,"[-10.0, 10.0]","[-4.910354045045066, 9.616613165667122, 6.428713732794446]","[-3.1400226128288113, 8.876956919184027, 5.4352386137073205]",0.02957743615385877,2000,2002,"{""max_iterations"": 2000, ""rate"": 0.01, ""tolerance"": 1e-06}"
griewank,Griewank,342,2122,gradient,3,"[-10.0, 10.0]","[9.50274992653046, 4.501967646730423, 1.091524585912465]","[9.420067881828238, 4.438447561072528, 0.00140831392306742]",0.027125715446401744,2000,2002,"{""max_iterations"": 2000, ""rate"": 0.01, ""tolerance"": 1e-06}"
griewank,Griewank,343,2123,gradient,3,"[-10.0, 10.0]","[-4.70543272915158, 7.05172763245524, -1.61403052551276]","[-6.280044835182831, 8.876211360561337, -0.008713254442568513]",0.029596948153428504,2000,2002,"{""max_iterations"": 2000, ""rate"": 0.01, ""tolerance"": 1e-06}"
griewank,Griewank,344,2124,gradient,3,"[-10.0, 10.0]","[8.486350086427358, -7.110478176274353, -9.614558045691554]","[9.420066694856285, -4.439420428737659, -10.857086429136835]",0.05670486588867285,2000,2002,"{""max_iterations"": 2000, ""rate"": 0.01, ""tolerance"": 1e-06}"
griewank,Griewank,345,2125,gradient,3,"[-10.0, 10.0]","[-5.463644906209715, 1.702085683369079, -9.712917177693125]","[-6.28004506496659, 0.00013268942364636185, -10.864168890940231]",0.039430046396843554,2000,2002,"{""max_iterations"": 2000, ""rate"": 0.01, ""tolerance"": 1e-06}"
griewank,Griewank,346,2126,gradient,3,"[-10.0, 10.0]","[8.194301372295886, -8.732281720376635, 8.563560073526965]","[6.280045820341439, -8.876609982562183, 10.844564984099776]",0.059228916031124346,2000,2002,"{""max_iterations"": 2000, ""rate"": 0.01, ""tolerance"": 1e-06}"
griewank,Griewank,347,2127,gradient,3,"[-10.0, 10.0]","[-2.881247570691756, -6.258288882616068, 5.599316447299325]","[-3.1400225889659588, -8.876714332303928, 5.433656777429415]",0.029576809121333425,2000,2002,"{""max_iterations"": 2000, ""rate"": 0.01, ""tolerance"": 1e-06}"
griewank,Griewank,348,2128,gradient,3,"[-10.0, 10.0]","[6.624154276840606, 9.391225421525672, 3.1677768241929023]","[6.280045174201268, 8.877002422950337, 0.006406454175713953]",0.029591014968236018,2000,2002,"{""max_iterations"": 2000, ""rate"": 0.01, ""tolerance"": 1e-06}"
griewank,Griewank,349,2129,gradient,3,"[-10.0, 10.0]","[-2.500789467564606, -5.68513156568538, -9.697623550139959]","[-3.140022534958068, -4.438523187394462, -10.864610002723602]",0.03696110154928001,2000,2002,"{""max_iterations"": 2000, ""rate"": 0.01, ""tolerance"": 1e-06}"
griewank,Griewank,350,2121,gradient,3,"[-10.0, 10.0]","[-4.910354045045066, 9.616613165667122, 6.428713732794446]","[-3.1400226128288113, 8.876956919184027, 5.4352386137073205]",0.02957743615385877,2000,2002,"{""max_iterations"": 2000, ""rate"": 0.01, ""tolerance"": 1e-06}"
griewank,Griewank,351,2122,gradient,3,"[-10.0, 10.0]","[9.50274992653046, 4.501967646730423, 1.091524585912465]","[9.420067881828238, 4.438447561072528, 0.00140831392306742]",0.027125715446401744,2000,2002,"{""max_iterations"": 2000, ""rate"": 0.01, ""tolerance"": 1e-06}"
griewank,Griewank,352,2123,gradient,3,"[-10.0, 10.0]","[-4.70543272915158, 7.05172763245524, -1.61403052551276]","[-6.280044835182831, 8.876211360561337, -0.008713254442568513]",0.029596948153428504,2000,2002,"{""max_iterations"": 2000, ""rate"": 0.01, ""tolerance"": 1e-06}"
griewank,Griewank,353,2124,gradient,3,"[-10.0, 10.0]","[8.486350086427358, -7.110478176274353, -9.614558045691554]","[9.420066694856285, -4.439420428737659, -10.857086429136835]",0.05670486588867285,2000,2002,"{""max_iterations"": 2000, ""rate"": 0.01, ""tolerance"": 1e-06}"
griewank,Griewank,354,2125,gradient,3,"[-10.0, 10.0]","[-5.463644906209715, 1.702085683369079, -9.712917177693125]","[-6.28004506496659, 0.00013268942364636185, -10.864168890940231]",0.039430046396843554,2000,2002,"{""max_iterations"": 2000, ""rate"": 0.01, ""tolerance"": 1e-06}"
griewank,Griewank,355,2126,gradient,3,"[-10.0, 10.0]","[8.194301372295886, -8.732281720376635, 8.563560073526965]","[6.280045820341439, -8.876609982562183, 10.844564984099776]",0.059228916031124346,2000,2002,"{""max_iterations"": 2000, ""rate"": 0.01, ""tolerance"": 1e-06}"
griewank,Griewank,356,2127,gradient,3,"[-10.0, 10.0]","[-2.881247570691756, -6.258288882616068, 5.599316447299325]","[-3.1400225889659588, -8.876714332303928, 5.433656777429415]",0.029576809121333425,2000,2002,"{""max_iterations"": 2000, ""rate"": 0.01, ""tolerance"": 1e-06}"
griewank,Griewank,357,2128,gradient,3,"[-10.0, 10.0]","[6.624154276840606, 9.391225421525672, 3.1677768241929023]","[6.280045174201268, 8.877002422950337, 0.006406454175713953]",0.029591014968236018,2000,2002,"{""max_iterations"": 2000, ""rate"": 0.01, ""tolerance"": 1e-06}"
griewank,Griewank,358,2129,gradient,3,"[-10.0, 10.0]","[-2.500789467564606, -5.68513156568538, -9.697623550139959]","[-3.140022534958068, -4.438523187394462, -10.864610002723602]",0.03696110154928001,2000,2002,"{""max_iterations"": 2000, ""rate"": 0.01, ""tolerance"": 1e-06}"
griewank,Griewank,359,2130,gradient,3,"[-10.0, 10.0]","[-2.5849026745282355, 8.80723100946689, -8.670002410915503]","[-3.1400225606028043, 8.876863250481875, -5.44028189532256]",0.029585031824983732,2000,2002,"{""max_iterations"": 2000, ""rate"": 0.01, ""tolerance"": 1e-06}"
griewank,Griewank,360,2122,gradient,3,"[-10.0, 10.0]","[9.50274992653046, 4.501967646730423, 1.091524585912465]","[9.420067881828238, 4.438447561072528, 0.00140831392306742]",0.027125715446401744,2000,2002,"{""max_iterations"": 2000, ""rate"": 0.01, ""tolerance"": 1e-06}"
griewank,Griewank,361,2123,gradient,3,"[-10.0, 10.0]","[-4.70543272915158, 7.05172763245524, -1.61403052551276]","[-6.280044835182831, 8.876211360561337, -0.008713254442568513]",0.029596948153428504,2000,2002,"{""max_iterations"": 2000, ""rate"": 0.01, ""tolerance"": 1e-06}"
griewank,Griewank,362,2124,gradient,3,"[-10.0, 10.0]","[8.486350086427358, -7.110478176274353, -9.614558045691554]","[9.420066694856285, -4.439420428737659, -10.857086429136835]",0.05670486588867285,2000,2002,"{""max_iterations"": 2000, ""rate"": 0.01, ""tolerance"": 1e-06}"
griewank,Griewank,363,2125,gradient,3,"[-10.0, 10.0]","[-5.463644906209715, 1.702085683369079, -9.712917177693125]","[-6.28004506496659, 0.00013268942364636185, -10.864168890940231]",0.039430046396843554,2000,2002,"{""max_iterations"": 2000, ""rate"": 0.01, ""tolerance"": 1e-06}"
griewank,Griewank,364,2126,gradient,3,"[-10.0, 10.0]","[8.194301372295886, -8.732281720376635, 8.563560073526965]","[6.280045820341439, -8.876609982562183, 10.844564984099776]",0.059228916031124346,2000,2002,"{""max_iterations"": 2000, ""rate"": 0.01, ""tolerance"": 1e-06}"
griewank,Griewank,365,2127,gradient,3,"[-10.0, 10.0]","[-2.881247570691756, -6.258288882616068, 5.599316447299325]","[-3.1400225889659588, -8.876714332303928, 5.433656777429415]",0.029576809121333425,2000,2002,"{""max_iterations"": 2000, ""rate"": 0.01, ""tolerance"": 1e-06}"
griewank,Griewank,366,2128,gradient,3,"[-10.0, 10.0]","[6.624154276840606, 9.391225421525672, 3.1677768241929023]","[6.280045174201268, 8.877002422950337, 0.006406454175713953]",0.029591014968236018,2000,2002,"{""max_iterations"": 2000, ""rate"": 0.01, ""tolerance"": 1e-06}"
griewank,Griewank,367,2129,gradient,3,"[-10.0, 10.0]","[-2.500789467564606, -5.68513156568538, -9.697623550139959]","[-3.140022534958068, -4.438523187394462, -10.864610002723602]",0.03696110154928001,2000,2002,"{""max_iterations"": 2000, ""rate"": 0.01, ""tolerance"": 1e-06}"
griewank,Griewank,368,2130,gradient,3,"[-10.0, 10.0]","[-2.5849026745282355, 8.80723100946689, -8.670002410915503]","[-3.1400225606028043, 8.876863250481875, -5.44028189532256]",0.029585031824983732,2000,2002,"{""max_iterations"": 2000, ""rate"": 0.01, ""tolerance"": 1e-06}"
griewank,Griewank,369,2131,gradient,3,"[-10.0, 10.0]","[7.511638594821285, 5.94069290453891, 4.9270762329000775]","[6.28004522315962, 4.438550643111816, 5.432266604936601]",0.022185824477833682,2000,2002,"{""max_iterations"": 2000, ""rate"": 0.01, ""tolerance"": 1e-06}"
griewank,Griewank,370,2123,gradient,3,"[-10.0, 10.0]","[-4.70543272915158, 7.05172763245524, -1.61403052551276]","[-6.280044835182831, 8.876211360561337, -0.008713254442568513]",0.029596948153428504,2000,2002,"{""max_iterations"": 2000, ""rate"": 0.01, ""tolerance"": 1e-06}"
griewank,Griewank,371,2124,gradient,3,"[-10.0, 10.0]","[8.486350086427358, -7.110478176274353, -9.614558045691554]","[9.420066694856285, -4.439420428737659, -10.857086429136835]",0.05670486588867285,2000,2002,"{""max_iterations"": 2000, ""rate"": 0.01, ""tolerance"": 1e-06}"
griewank,Griewank,372,2125,gradient,3,"[-10.0, 10.0]","[-5.463644906209715, 1.702085683369079, -9.712917177693125]","[-6.28004506496659, 0.00013268942364636185, -10.864168890940231]",0.039430046396843554,2000,2002,"{""max_iterations"": 2000, ""rate"": 0.01, ""tolerance"": 1e-06}"
griewank,Griewank,373,2126,gradient,3,"[-10.0, 10.0]","[8.194301372295886, -8.732281720376635, 8.563560073526965]","[6.280045820341439, -8.876609982562183, 10.844564984099776]",0.059228916031124346,2000,2002,"{""max_iterations"": 2000, ""rate"": 0.01, ""tolerance"": 1e-06}"
griewank,Griewank,374,2127,gradient,3,"[-10.0, 10.0]","[-2.881247570691756, -6.258288882616068, 5.599316447299325]","[-3.1400225889659588, -8.876714332303928, 5.433656777429415]",0.029576809121333425,2000,2002,"{""max_iterations"": 2000, ""rate"": 0.01, ""tolerance"": 1e-06}"
griewank,Griewank,375,2128,gradient,3,"[-10.0, 10.0]","[6.624154276840606, 9.391225421525672, 3.1677768241929023]","[6.280045174201268, 8.877002422950337, 0.006406454175713953]",0.029591014968236018,2000,2002,"{""max_iterations"": 2000, ""rate"": 0.01, ""tolerance"": 1e-06}"
griewank,Griewank,376,2129,gradient,3,"[-10.0, 10.0]","[-2.500789467564606, -5.68513156568538, -9.697623550139959]","[-3.140022534958068, -4.438523187394462, -10.864610002723602]",0.03696110154928001,2000,2002,"{""max_iterations"": 2000, ""rate"": 0.01, ""tolerance"": 1e-06}"
griewank,Griewank,377,2130,gradient,3,"[-10.0, 10.0]","[-2.5849026745282355, 8.80723100946689, -8.670002410915503]","[-3.1400225606028043, 8.876863250481875, -5.44028189532256]",0.029585031824983732,2000,2002,"{""max_iterations"": 2000, ""rate"": 0.01, ""tolerance"": 1e-06}"
griewank,Griewank,378,2131,gradient,3,"[-10.0, 10.0]","[7.511638594821285, 5.94069290453891, 4.9270762329000775]","[6.28004522315962, 4.438550643111816, 5.432266604936601]",0.022185824477833682,2000,2002,"{""max_iterations"": 2000, ""rate"": 0.01, ""tolerance"": 1e-06}"
griewank,Griewank,379,2132,gradient,3,"[-10.0, 10.0]","[9.973546593132973, 1.62669038663938, 4.077662917096685]","[9.420067797733436, 0.000121530425996164, 5.4307143323954445]",0.029587703879598082,2000,2002,"{""max_iterations"": 2000, ""rate"": 0.01, ""tolerance"": 1e-06}"
griewank,Griewank,380,2124,gradient,3,"[-10.0, 10.0]","[8.486350086427358, -7.110478176274353, -9.614558045691554]","[9.420066694856285, -4.439420428737659, -10.857086429136835]",0.05670486588867285,2000,2002,"{""max_iterations"": 2000, ""rate"": 0.01, ""tolerance"": 1e-06}"
griewank,Griewank,381,2125,gradient,3,"[-10.0, 10.0]","[-5.463644906209715, 1.702085683369079, -9.712917177693125]","[-6.28004506496659, 0.00013268942364636185, -10.864168890940231]",0.039430046396843554,2000,2002,"{""max_iterations"": 2000, ""rate"": 0.01, ""tolerance"": 1e-06}"
griewank,Griewank,382,2126,gradient,3,"[-10.0, 10.0]","[8.194301372295886, -8.732281720376635, 8.563560073526965]","[6.280045820341439, -8.876609982562183, 10.844564984099776]",0.059228916031124346,2000,2002,"{""max_iterations"": 2000, ""rate"": 0.01, ""tolerance"": 1e-06}"
griewank,Griewank,383,2127,gradient,3,"[-10.0, 10.0]","[-2.881247570691756, -6.258288882616068, 5.599316447299325]","[-3.1400225889659588, -8.876714332303928, 5.433656777429415]",0.029576809121333425,2000,2002,"{""max_iterations"": 2000, ""rate"": 0.01, ""tolerance"": 1e-06}"
griewank,Griewank,384,2128,gradient,3,"[-10.0, 10.0]","[6.624154276840606, 9.391225421525672, 3.1677768241929023]","[6.280045174201268, 8.877002422950337, 0.006406454175713953]",0.029591014968236018,2000,2002,"{""max_iterations"": 2000, ""rate"": 0.01, ""tolerance"": 1e-06}"
griewank,Griewank,385,2129,gradient,3,"[-10.0, 10.0]","[-2.500789467564606, -5.68513156568538, -9.697623550139959]","[-3.140022534958068, -4.438523187394462, -10.864610002723602]",0.03696110154928001,2000,2002,"{""max_iterations"": 2000, ""rate"": 0.01, ""tolerance"": 1e-06}"
griewank,Griewank,386,2130,gradient,3,"[-10.0, 10.0]","[-2.5849026745282355, 8.80723100946689, -8.670002410915503]","[-3.1400225606028043, 8.876863250481875, -5.44028189532256]",0.029585031824983732,2000,2002,"{""max_iterations"": 2000, ""rate"": 0.01, ""tolerance"": 1e-06}"
griewank,Griewank,387,2131,gradient,3,"[-10.0, 10.0]","[7.511638594821285, 5.94069290453891, 4.9270762329000775]","[6.28004522315962, 4.438550643111816, 5.432266604936601]",0.022185824477833682,2000,2002,"{""max_iterations"": 2000, ""rate"": 0.01, ""tolerance"": 1e-06}"
griewank,Griewank,388,2132,gradient,3,"[-10.0, 10.0]","[9.973546593132973, 1.62669038663938, 4.077662917096685]","[9.420067797733436, 0.000121530425996164, 5.4307143323954445]",0.029587703879598082,2000,2002,"{""max_iterations"": 2000, ""rate"": 0.01, ""tolerance"": 1e-06}"
griewank,Griewank,389,2133,gradient,3,"[-10.0, 10.0]","[-8.465207166584118, 0.9016999239653174, -5.014077954199918]","[-9.420067841737701, 4.859556669368228e-05, -5.432624542428814]",0.029586694099243638,2000,2002,"{""max_iterations"": 2000, ""rate"": 0.01, ""tolerance"": 1e-06}"
griewank,Griewank,390,2125,gradient,3,"[-10.0, 10.0]","[-5.463644906209715, 1.702085683369079, -9.712917177693125]","[-6.28004506496659, 0.00013268942364636185, -10.864168890940231]",0.039430046396843554,2000,2002,"{""max_iterations"": 2000, ""rate"": 0.01, ""tolerance"": 1e-06}"
griewank,Griewank,391,2126,gradient,3,"[-10.0, 10.0]","[8.194301372295886, -8.732281720376635, 8.563560073526965]","[6.280045820341439, -8.876609982562183, 10.844564984099776]",0.059228916031124346,2000,2002,"{""max_iterations"": 2000, ""rate"": 0.01, ""tolerance"": 1e-06}"
griewank,Griewank,392,2127,gradient,3,"[-10.0, 10.0]","[-2.881247570691756, -6.258288882616068, 5.599316447299325]","[-3.1400225889659588, -8.876714332303928, 5.433656777429415]",0.029576809121333425,2000,2002,"{""max_iterations"": 2000, ""rate"": 0.01, ""tolerance"": 1e-06}"
griewank,Griewank,393,2128,gradient,3,"[-10.0, 10.0]","[6.624154276840606, 9.391225421525672, 3.1677768241929023]","[6.280045174201268, 8.877002422950337, 0.006406454175713953]",0.029591014968236018,2000,2002,"{""max_iterations"": 2000, ""rate"": 0.01, ""tolerance"": 1e-06}"
griewank,Griewank,394,2129,gradient,3,"[-10.0, 10.0]","[-2.500789467564606, -5.68513156568538, -9.697623550139959]","[-3.140022534958068, -4.438523187394462, -10.864610002723602]",0.03696110154928001,2000,2002,"{""max_iterations"": 2000, ""rate"": 0.01, ""tolerance"": 1e-06}"
griewank,Griewank,395,2130,gradient,3,"[-10.0, 10.0]","[-2.5849026745282355, 8.80723100946689, -8.670002410915503]","[-3.1400225606028043, 8.876863250481875, -5.44028189532256]",0.029585031824983732,2000,2002,"{""max_iterations"": 2000, ""rate"": 0.01, ""tolerance"": 1e-06}"
griewank,Griewank,396,2131,gradient,3,"[-10.0, 10.0]","[7.511638594821285, 5.94069290453891, 4.9270762329000775]","[6.28004522315962, 4.438550643111816, 5.432266604936601]",0.022185824477833682,2000,2002,"{""max_iterations"": 2000, ""rate"": 0.01, ""tolerance"": 1e-06}"
griewank,Griewank,397,2132,gradient,3,"[-10.0, 10.0]","[9.973546593132973, 1.62669038663938, 4.077662917096685]","[9.420067797733436, 0.000121530425996164, 5.4307143323954445]",0.029587703879598082,2000,2002,"{""max_iterations"": 2000, ""rate"": 0.01, ""tolerance"": 1e-06}"
griewank,Griewank,398,2133,gradient,3,"[-10.0, 10.0]","[-8.465207166584118, 0.9016999239653174, -5.014077954199918]","[-9.420067841737701, 4.859556669368228e-05, -5.432624542428814]",0.029586694099243638,2000,2002,"{""max_iterations"": 2000, ""rate"": 0.01, ""tolerance"": 1e-06}"
griewank,Griewank,399,2134,gradient,3,"[-10.0, 10.0]","[-6.671623798528525, -3.898702462742863, -6.562799279141798]","[-6.280045245724918, -4.438415424221569, -5.43477112458856]",0.022186048235638633,2000,2002,"{""max_iterations"": 2000, ""rate"": 0.01, ""tolerance"": 1e-06}"
griewank,Griewank,400,2117,gradient,3,"[-10.0, 10.0]","[-5.2631141678797455, -7.469348504671789, 2.4179936586515627]","[-6.2800450282552855, -8.876514091320951, 0.007846372827058992]",0.029594472395402915,2000,2002,"{""max_iterations"": 2000, ""rate"": 0.01, ""tolerance"": 1e-06}"
griewank,Griewank,401,2118,gradient,3,"[-10.0, 10.0]","[3.831195286083389, 4.77782581018111, 6.6406138270619195]","[6.280045214294496, 4.438530286242314, 5.437787259912804]",0.022189101772197795,2000,2002,"{""max_iterations"": 2000, ""rate"": 0.01, ""tolerance"": 1e-06}"
griewank,Griewank,402,2119,gradient,3,"[-10.0, 10.0]","[5.729251432723689, 8.038588736617854, -5.585300029113109]","[3.1400226408211935, 8.876645333919132, -5.433894366385305]",0.029576858180721755,2000,2002,"{""max_iterations"": 2000, ""rate"": 0.01, ""tolerance"": 1e-06}"
griewank,Griewank,403,2120,gradient,3,"[-10.0, 10.0]","[3.020810028246032, -6.185484121778925, -4.087354080375514]","[3.1400225280368383, -8.876540134441354, -5.428254121969773]",0.02958096659344467,2000,2002,"{""max_iterations"": 2000, ""rate"": 0.01, ""tolerance"": 1e-06}"
griewank,Griewank,404,2121,gradient,3,"[-10.0, 10.0]","[-4.910354045045066, 9.616613165667122, 6.428713732794446]","[-3.1400226128288113, 8.876956919184027, 5.4352386137073205]",0.02957743615385877,2000,2002,"{""max_iterations"": 2000, ""rate"": 0.01, ""tolerance"": 1e-06}"
griewank,Griewank,405,2122,gradient,3,"[-10.0, 10.0]","[9.50274992653046, 4.501967646730423, 1.091524585912465]","[9.420067881828238, 4.438447561072528, 0.00140831392306742]",0.027125715446401744,2000,2002,"{""max_iterations"": 2000, ""rate"": 0.01, ""tolerance"": 1e-06}"
griewank,Griewank,406,2123,gradient,3,"[-10.0, 10.0]","[-4.70543272915158, 7.05172763245524, -1.61403052551276]","[-6.280044835182831, 8.876211360561337, -0.008713254442568513]",0.029596948153428504,2000,2002,"{""max_iterations"": 2000, ""rate"": 0.01, ""tolerance"": 1e-06}"
griewank,Griewank,407,2124,gradient,3,"[-10.0, 10.0]","[8.486350086427358, -7.110478176274353, -9.614558045691554]","[9.420066694856285, -4.439420428737659, -10.857086429136835]",0.05670486588867285,2000,2002,"{""max_iterations"": 2000, ""rate"": 0.01, ""tolerance"": 1e-06}"
griewank,Griewank,408,2125,gradient,3,"[-10.0, 10.0]","[-5.463644906209715, 1.702085683369079, -9.712917177693125]","[-6.28004506496659, 0.00013268942364636185, -10.864168890940231]",0.039430046396843554,2000,2002,"{""max_iterations"": 2000, ""rate"": 0.01, ""tolerance"": 1e-06}"
griewank,Griewank,409,2126,gradient,3,"[-10.0, 10.0]","[8.194301372295886, -8.732281720376635, 8.563560073526965]","[6.280045820341439, -8.876609982562183, 10.844564984099776]",0.059228916031124346,2000,2002,"{""max_iterations"": 2000, ""rate"": 0.01, ""tolerance"": 1e-06}"
griewank,Griewank,410,2118,gradient,3,"[-10.0, 10.0]","[3.831195286083389, 4.77782581018111, 6.6406138270619195]","[6.280045214294496, 4.438530286242314, 5.437787259912804]",0.022189101772197795,2000,2002,"{""max_iterations"": 2000, ""rate"": 0.01, ""tolerance"": 1e-06}"
griewank,Griewank,411,2119,gradient,3,"[-10.0, 10.0]","[5.729251432723689, 8.038588736617854, -5.585300029113109]","[3.1400226408211935, 8.876645333919132, -5.433894366385305]",0.029576858180721755,2000,2002,"{""max_iterations"": 2000, ""rate"": 0.01, ""tolerance"": 1e-06}"
griewank,Griewank,412,2120,gradient,3,"[-10.0, 10.0]","[3.020810028246032, -6.185484121778925, -4.087354080375514]","[3.1400225280368383, -8.876540134441354, -5.428254121969773]",0.02958096659344467,2000,2002,"{""max_iterations"": 2000, ""rate"": 0.01, ""tolerance"": 1e-06}"
griewank,Griewank,413,2121,gradient,3,"[-10.0, 10.0]","[-4.910354045045066, 9.616613165667122, 6.428713732794446]","[-3.1400226128288113, 8.876956919184027, 5.4352386137073205]",0.02957743615385877,2000,2002,"{""max_iterations"": 2000, ""rate"": 0.01, ""tolerance"": 1e-06}"
griewank,Griewank,414,2122,gradient,3,"[-10.0, 10.0]","[9.50274992653046, 4.501967646730423, 1.091524585912465]","[9.420067881828238, 4.438447561072528, 0.00140831392306742]",0.027125715446401744,2000,2002,"{""max_iterations"": 2000, ""rate"": 0.01, ""tolerance"": 1e-06}"
griewank,Griewank,415,2123,gradient,3,"[-10.0, 10.0]","[-4.70543272915158, 7.05172763245524, -1.61403052551276]","[-6.280044835182831, 8.876211360561337, -0.008713254442568513]",0.029596948153428504,2000,2002,"{""max_iterations"": 2000, ""rate"": 0.01, ""tolerance"": 1e-06}"
griewank,Griewank,416,2124,gradient,3,"[-10.0, 10.0]","[8.486350086427358, -7.110478176274353, -9.614558045691554]","[9.420066694856285, -4.439420428737659, -10.857086429136835]",0.05670486588867285,2000,2002,"{""max_iterations"": 2000, ""rate"": 0.01, ""tolerance"": 1e-06}"
griewank,Griewank,417,2125,gradient,3,"[-10.0, 10.0]","[-5.463644906209715, 1.702085683369079, -9.712917177693125]","[-6.28004506496659, 0.00013268942364636185, -10.864168890940231]",0.039430046396843554,2000,2002,"{""max_iterations"": 2000, ""rate"": 0.01, ""tolerance"": 1e-06}"
griewank,Griewank,418,2126,gradient,3,"[-10.0, 10.0]","[8.194301372295886, -8.732281720376635, 8.563560073526965]","[6.280045820341439, -8.876609982562183, 10.844564984099776]",0.059228916031124346,2000,2002,"{""max_iterations"": 2000, ""rate"": 0.01, ""tolerance"": 1e-06}"
griewank,Griewank,419,2127,gradient,3,"[-10.0, 10.0]","[-2.881247570691756, -6.258288882616068, 5.599316447299325]","[-3.1400225889659588, -8.876714332303928, 5.433656777429415]",0.029576809121333425,2000,2002,"{""max_iterations"": 2000, ""rate"": 0.01, ""tolerance"": 1e-06}"
griewank,Griewank,420,2119,gradient,3,"[-10.0, 10.0]","[5.729251432723689, 8.038588736617854, -5.585300029113109]","[3.1400226408211935, 8.876645333919132, -5.433894366385305]",0.029576858180721755,2000,2002,"{""max_iterations"": 2000, ""rate"": 0.01, ""tolerance"": 1e-06}"
griewank,Griewank,421,2120,gradient,3,"[-10.0, 10.0]","[3.020810028246032, -6.185484121778925, -4.087354080375514]","[3.1400225280368383, -8.876540134441354, -5.428254121969773]",0.02958096659344467,2000,2002,"{""max_iterations"": 2000, ""rate"": 0.01, ""tolerance"": 1e-06}"
griewank,Griewank,422,2121,gradient,3,"[-10.0, 10.0]","[-4.910354045045066, 9.616613165667122, 6.428713732794446]","[-3.1400226128288113, 8.876956919184027, 5.4352386137073205]",0.02957743615385877,2000,2002,"{""max_iterations"": 2000, ""rate"": 0.01, ""tolerance"": 1e-06}"
griewank,Griewank,423,2122,gradient,3,"[-10.0, 10.0]","[9.50274992653046, 4.501967646730423, 1.091524585912465]","[9.420067881828238, 4.438447561072528, 0.00140831392306742]",0.027125715446401744,2000,2002,"{""max_iterations"": 2000, ""rate"": 0.01, ""tolerance"": 1e-06}"
griewank,Griewank,424,2123,gradient,3,"[-10.0, 10.0]","[-4.70543272915158, 7.05172763245524, -1.61403052551276]","[-6.280044835182831, 8.876211360561337, -0.008713254442568513]",0.029596948153428504,2000,2002,"{""max_iterations"": 2000, ""rate"": 0.01, ""tolerance"": 1e-06}"
griewank,Griewank,425,2124,gradient,3,"[-10.0, 10.0]","[8.486350086427358, -7.110478176274353, -9.614558045691554]","[9.420066694856285, -4.439420428737659, -10.857086429136835]",0.05670486588867285,2000,2002,"{""max_iterations"": 2000, ""rate"": 0.01, ""tolerance"": 1e-06}"
griewank,Griewank,426,2125,gradient,3,"[-10.0, 10.0]","[-5.463644906209715, 1.702085683369079, -9.712917177693125]","[-6.28004506496659, 0.00013268942364636185, -10.864168890940231]",0.039430046396843554,2000,2002,"{""max_iterations"": 2000, ""rate"": 0.01, ""tolerance"": 1e-06}"
griewank,Griewank,427,2126,gradient,3,"[-10.0, 10.0]","[8.194301372295886, -8.732281720376635, 8.563560073526965]","[6.280045820341439, -8.876609982562183, 10.844564984099776]",0.059228916031124346,2000,2002,"{""max_iterations"": 2000, ""rate"": 0.01, ""tolerance"": 1e-06}"
griewank,Griewank,428,2127,gradient,3,"[-10.0, 10.0]","[-2.881247570691756, -6.258288882616068, 5.599316447299325]","[-3.1400225889659588, -8.876714332303928, 5.433656777429415]",0.029576809121333425,2000,2002,"{""max_iterations"": 2000, ""rate"": 0.01, ""tolerance"": 1e-06}"
griewank,Griewank,429,2128,gradient,3,"[-10.0, 10.0]","[6.624154276840606, 9.391225421525672, 3.1677768241929023]","[6.280045174201268, 8.877002422950337, 0.006406454175713953]",0.029591014968236018,2000,2002,"{""max_iterations"": 2000, ""rate"": 0.01, ""tolerance"": 1e-06}"
griewank,Griewank,430,2120,gradient,3,"[-10.0, 10.0]","[3.020810028246032, -6.185484121778925, -4.087354080375514]","[3.1400225280368383, -8.876540134441354, -5.428254121969773]",0.02958096659344467,2000,2002,"{""max_iterations"": 2000, ""rate"": 0.01, ""tolerance"": 1e-06}"
griewank,Griewank,431,2121,gradient,3,"[-10.0, 10.0]","[-4.910354045045066, 9.616613165667122, 6.428713732794446]","[-3.1400226128288113, 8.876956919184027, 5.4352386137073205]",0.02957743615385877,2000,2002,"{""max_iterations"": 2000, ""rate"": 0.01, ""tolerance"": 1e-06}"
griewank,Griewank,432,2122,gradient,3,"[-10.0, 10.0]","[9.50274992653046, 4.501967646730423, 1.091524585912465]","[9.420067881828238, 4.438447561072528, 0.00140831392306742]",0.027125715446401744,2000,2002,"{""max_iterations"": 2000, ""rate"": 0.01, ""tolerance"": 1e-06}"
griewank,Griewank,433,2123,gradient,3,"[-10.0, 10.0]","[-4.70543272915158, 7.05172763245524, -1.61403052551276]","[-6.280044835182831, 8.876211360561337, -0.008713254442568513]",0.029596948153428504,2000,2002,"{""max_iterations"": 2000, ""rate"": 0.01, ""tolerance"": 1e-06}"
griewank,Griewank,434,2124,gradient,3,"[-10.0, 10.0]","[8.486350086427358, -7.110478176274353, -9.614558045691554]","[9.420066694856285, -4.439420428737659, -10.857086429136835]",0.05670486588867285,2000,2002,"{""max_iterations"": 2000, ""rate"": 0.01, ""tolerance"": 1e-06}"
griewank,Griewank,435,2125,gradient,3,"[-10.0, 10.0]","[-5.463644906209715, 1.702085683369079, -9.712917177693125]","[-6.28004506496659, 0.00013268942364636185, -10.864168890940231]",0.039430046396843554,2000,2002,"{""max_iterations"": 2000, ""rate"": 0.01, ""tolerance"": 1e-06}"
griewank,Griewank,436,2126,gradient,3,"[-10.0, 10.0]","[8.194301372295886, -8.732281720376635, 8.563560073526965]","[6.280045820341439, -8.876609982562183, 10.844564984099776]",0.059228916031124346,2000,2002,"{""max_iterations"": 2000, ""rate"": 0.01, ""tolerance"": 1e-06}"
griewank,Griewank,437,2127,gradient,3,"[-10.0, 10.0]","[-2.881247570691756, -6.258288882616068, 5.599316447299325]","[-3.1400225889659588, -8.876714332303928, 5.433656777429415]",0.029576809121333425,2000,2002,"{""max_iterations"": 2000, ""rate"": 0.01, ""tolerance"": 1e-06}"
griewank,Griewank,438,2128,gradient,3,"[-10.0, 10.0]","[6.624154276840606, 9.391225421525672, 3.1677768241929023]","[6.280045174201268, 8.877002422950337, 0.006406454175713953]",0.029591014968236018,2000,2002,"{""max_iterations"": 2000, ""rate"": 0.01, ""tolerance"": 1e-06}"
griewank,Griewank,439,2129,gradient,3,"[-10.0, 10.0]","[-2.500789467564606, -5.68513156568538, -9.697623550139959]","[-3.140022534958068, -4.438523187394462, -10.864610002723602]",0.03696110154928001,2000,2002,"{""max_iterations"": 2000, ""rate"": 0.01, ""tolerance"": 1e-06}"
griewank,Griewank,440,2121,gradient,3,"[-10.0, 10.0]","[-4.910354045045066, 9.616613165667122, 6.428713732794446]","[-3.1400226128288113, 8.876956919184027, 5.4352386137073205]",0.02957743615385877,2000,2002,"{""max_iterations"": 2000, ""rate"": 0.01, ""tolerance"": 1e-06}"
griewank,Griewank,441,2122,gradient,3,"[-10.0, 10.0]","[9.50274992653046, 4.501967646730423, 1.091524585912465]","[9.420067881828238, 4.438447561072528, 0.00140831392306742]",0.027125715446401744,2000,2002,"{""max_iterations"": 2000, ""rate"": 0.01, ""tolerance"": 1e-06}"
griewank,Griewank,442,2123,gradient,3,"[-10.0, 10.0]","[-4.70543272915158, 7.05172763245524, -1.61403052551276]","[-6.280044835182831, 8.876211360561337, -0.008713254442568513]",0.029596948153428504,2000,2002,"{""max_iterations"": 2000, ""rate"": 0.01, ""tolerance"": 1e-06}"
griewank,Griewank,443,2124,gradient,3,"[-10.0, 10.0]","[8.486350086427358, -7.110478176274353, -9.614558045691554]","[9.420066694856285, -4.439420428737659, -10.857086429136835]",0.05670486588867285,2000,2002,"{""max_iterations"": 2000, ""rate"": 0.01, ""tolerance"": 1e-06}"
griewank,Griewank,444,2125,gradient,3,"[-10.0, 10.0]","[-5.463644906209715, 1.702085683369079, -9.712917177693125]","[-6.28004506496659, 0.00013268942364636185, -10.864168890940231]",0.039430046396843554,2000,2002,"{""max_iterations"": 2000, ""rate"": 0.01, ""tolerance"": 1e-06}"
griewank,Griewank,445,2126,gradient,3,"[-10.0, 10.0]","[8.194301372295886, -8.732281720376635, 8.563560073526965]","[6.280045820341439, -8.876609982562183, 10.844564984099776]",0.059228916031124346,2000,2002,"{""max_iterations"": 2000, ""rate"": 0.01, ""tolerance"": 1e-06}"
griewank,Griewank,446,2127,gradient,3,"[-10.0, 10.0]","[-2.881247570691756, -6.258288882616068, 5.599316447299325]","[-3.1400225889659588, -8.876714332303928, 5.433656777429415]",0.029576809121333425,2000,2002,"{""max_iterations"": 2000, ""rate"": 0.01, ""tolerance"": 1e-06}"
griewank,Griewank,447,2128,gradient,3,"[-10.0, 10.0]","[6.624154276840606, 9.391225421525672, 3.1677768241929023]","[6.280045174201268, 8.877002422950337, 0.006406454175713953]",0.029591014968236018,2000,2002,"{""max_iterations"": 2000, ""rate"": 0.01, ""tolerance"": 1e-06}"
griewank,Griewank,448,2129,gradient,3,"[-10.0, 10.0]","[-2.500789467564606, -5.68513156568538, -9.697623550139959]","[-3.140022534958068, -4.438523187394462, -10.864610002723602]",0.03696110154928001,2000,2002,"{""max_iterations"": 2000, ""rate"": 0.01, ""tolerance"": 1e-06}"
griewank,Griewank,449,2130,gradient,3,"[-10.0, 10.0]","[-2.5849026745282355, 8.80723100946689, -8.670002410915503]","[-3.1400225606028043, 8.876863250481875, -5.44028189532256]",0.029585031824983732,2000,2002,"{""max_iterations"": 2000, ""rate"": 0.01, ""tolerance"": 1e-06}"
griewank,Griewank,450,2122,gradient,3,"[-10.0, 10.0]","[9.50274992653046, 4.501967646730423, 1.091524585912465]","[9.420067881828238, 4.438447561072528, 0.00140831392306742]",0.027125715446401744,2000,2002,"{""max_iterations"": 2000, ""rate"": 0.01, ""tolerance"": 1e-06}"
griewank,Griewank,451,2123,gradient,3,"[-10.0, 10.0]","[-4.70543272915158, 7.05172763245524, -1.61403052551276]","[-6.280044835182831, 8.876211360561337, -0.008713254442568513]",0.029596948153428504,2000,2002,"{""max_iterations"": 2000, ""rate"": 0.01, ""tolerance"": 1e-06}"
griewank,Griewank,452,2124,gradient,3,"[-10.0, 10.0]","[8.486350086427358, -7.110478176274353, -9.614558045691554]","[9.420066694856285, -4.439420428737659, -10.857086429136835]",0.05670486588867285,2000,2002,"{""max_iterations"": 2000, ""rate"": 0.01, ""tolerance"": 1e-06}"
griewank,Griewank,453,2125,gradient,3,"[-10.0, 10.0]","[-5.463644906209715, 1.702085683369079, -9.712917177693125]","[-6.28004506496659, 0.00013268942364636185, -10.864168890940231]",0.039430046396843554,2000,2002,"{""max_iterations"": 2000, ""rate"": 0.01, ""tolerance"": 1e-06}"
griewank,Griewank,454,2126,gradient,3,"[-10.0, 10.0]","[8.194301372295886, -8.732281720376635, 8.563560073526965]","[6.280045820341439, -8.876609982562183, 10.844564984099776]",0.059228916031124346,2000,2002,"{""max_iterations"": 2000, ""rate"": 0.01, ""tolerance"": 1e-06}"
griewank,Griewank,455,2127,gradient,3,"[-10.0, 10.0]","[-2.881247570691756, -6.258288882616068, 5.599316447299325]","[-3.1400225889659588, -8.876714332303928, 5.433656777429415]",0.029576809121333425,2000,2002,"{""max_iterations"": 2000, ""rate"": 0.01, ""tolerance"": 1e-06}"
griewank,Griewank,456,2128,gradient,3,"[-10.0, 10.0]","[6.624154276840606, 9.391225421525672, 3.1677768241929023]","[6.280045174201268, 8.877002422950337, 0.006406454175713953]",0.029591014968236018,2000,2002,"{""max_iterations"": 2000, ""rate"": 0.01, ""tolerance"": 1e-06}"
griewank,Griewank,457,2129,gradient,3,"[-10.0, 10.0]","[-2.500789467564606, -5.68513156568538, -9.697623550139959]","[-3.140022534958068, -4.438523187394462, -10.864610002723602]",0.03696110154928001,2000,2002,"{""max_iterations"": 2000, ""rate"": 0.01, ""tolerance"": 1e-06}"
griewank,Griewank,458,2130,gradient,3,"[-10.0, 10.0]","[-2.5849026745282355, 8.80723100946689, -8.670002410915503]","[-3.1400225606028043, 8.876863250481875, -5.44028189532256]",0.029585031824983732,2000,2002,"{""max_iterations"": 2000, ""rate"": 0.01, ""tolerance"": 1e-06}"
griewank,Griewank,459,2131,gradient,3,"[-10.0, 10.0]","[7.511638594821285, 5.94069290453891, 4.9270762329000775]","[6.28004522315962, 4.438550643111816, 5.432266604936601]",0.022185824477833682,2000,2002,"{""max_iterations"": 2000, ""rate"": 0.01, ""tolerance"": 1e-06}"
griewank,Griewank,460,2123,gradient,3,"[-10.0, 10.0]","[-4.70543272915158, 7.05172763245524, -1.61403052551276]","[-6.280044835182831, 8.876211360561337, -0.008713254442568513]",0.029596948153428504,2000,2002,"{""max_iterations"": 2000, ""rate"": 0.01, ""tolerance"": 1e-06}"
griewank,Griewank,461,2124,gradient,3,"[-10.0, 10.0]","[8.486350086427358, -7.110478176274353, -9.614558045691554]","[9.420066694856285, -4.439420428737659, -10.857086429136835]",0.05670486588867285,2000,2002,"{""max_iterations"": 2000, ""rate"": 0.01, ""tolerance"": 1e-06}"
griewank,Griewank,462,2125,gradient,3,"[-10.0, 10.0]","[-5.463644906209715, 1.702085683369079, -9.712917177693125]","[-6.28004506496659, 0.00013268942364636185, -10.864168890940231]",0.039430046396843554,2000,2002,"{""max_iterations"": 2000, ""rate"": 0.01, ""tolerance"": 1e-06}"
griewank,Griewank,463,2126,gradient,3,"[-10.0, 10.0]","[8.194301372295886, -8.732281720376635, 8.563560073526965]","[6.280045820341439, -8.876609982562183, 10.844564984099776]",0.059228916031124346,2000,2002,"{""max_iterations"": 2000, ""rate"": 0.01, ""tolerance"": 1e-06}"
griewank,Griewank,464,2127,gradient,3,"[-10.0, 10.0]","[-2.881247570691756, -6.258288882616068, 5.599316447299325]","[-3.1400225889659588, -8.876714332303928, 5.433656777429415]",0.029576809121333425,2000,2002,"{""max_iterations"": 2000, ""rate"": 0.01, ""tolerance"": 1e-06}"
griewank,Griewank,465,2128,gradient,3,"[-10.0, 10.0]","[6.624154276840606, 9.391225421525672, 3.1677768241929023]","[6.280045174201268, 8.877002422950337, 0.006406454175713953]",0.029591014968236018,2000,2002,"{""max_iterations"": 2000, ""rate"": 0.01, ""tolerance"": 1e-06}"
griewank,Griewank,466,2129,gradient,3,"[-10.0, 10.0]","[-2.500789467564606, -5.68513156568538, -9.697623550139959]","[-3.140022534958068, -4.438523187394462, -10.864610002723602]",0.03696110154928001,2000,2002,"{""max_iterations"": 2000, ""rate"": 0.01, ""tolerance"": 1e-06}"
griewank,Griewank,467,2130,gradient,3,"[-10.0, 10.0]","[-2.5849026745282355, 8.80723100946689, -8.670002410915503]","[-3.1400225606028043, 8.876863250481875, -5.44028189532256]",0.029585031824983732,2000,2002,"{""max_iterations"": 2000, ""rate"": 0.01, ""tolerance"": 1e-06}"
griewank,Griewank,468,2131,gradient,3,"[-10.0, 10.0]","[7.511638594821285, 5.94069290453891, 4.9270762329000775]","[6.28004522315962, 4.438550643111816, 5.432266604936601]",0.022185824477833682,2000,2002,"{""max_iterations"": 2000, ""rate"": 0.01, ""tolerance"": 1e-06}"
griewank,Griewank,469,2132,gradient,3,"[-10.0, 10.0]","[9.973546593132973, 1.62669038663938, 4.077662917096685]","[9.420067797733436, 0.000121530425996164, 5.4307143323954445]",0.029587703879598082,2000,2002,"{""max_iterations"": 2000, ""rate"": 0.01, ""tolerance"": 1e-06}"
griewank,Griewank,470,2124,gradient,3,"[-10.0, 10.0]","[8.486350086427358, -7.110478176274353, -9.614558045691554]","[9.420066694856285, -4.439420428737659, -10.857086429136835]",0.05670486588867285,2000,2002,"{""max_iterations"": 2000, ""rate"": 0.01, ""tolerance"": 1e-06}"
griewank,Griewank,471,2125,gradient,3,"[-10.0, 10.0]","[-5.463644906209715, 1.702085683369079, -9.712917177693125]","[-6.28004506496659, 0.00013268942364636185, -10.864168890940231]",0.039430046396843554,2000,2002,"{""max_iterations"": 2000, ""rate"": 0.01, ""tolerance"": 1e-06}"
griewank,Griewank,472,2126,gradient,3,"[-10.0, 10.0]","[8.194301372295886, -8.732281720376635, 8.563560073526965]","[6.280045820341439, -8.876609982562183, 10.844564984099776]",0.059228916031124346,2000,2002,"{""max_iterations"": 2000, ""rate"": 0.01, ""tolerance"": 1e-06}"
griewank,Griewank,473,2127,gradient,3,"[-10.0, 10.0]","[-2.881247570691756, -6.258288882616068, 5.599316447299325]","[-3.1400225889659588, -8.876714332303928, 5.433656777429415]",0.029576809121333425,2000,2002,"{""max_iterations"": 2000, ""rate"": 0.01, ""tolerance"": 1e-06}"
griewank,Griewank,474,2128,gradient,3,"[-10.0, 10.0]","[6.624154276840606, 9.391225421525672, 3.1677768241929023]","[6.280045174201268, 8.877002422950337, 0.006406454175713953]",0.029591014968236018,2000,2002,"{""max_iterations"": 2000, ""rate"": 0.01, ""tolerance"": 1e-06}"
griewank,Griewank,475,2129,gradient,3,"[-10.0, 10.0]","[-2.500789467564606, -5.68513156568538, -9.697623550139959]","[-3.140022534958068, -4.438523187394462, -10.864610002723602]",0.03696110154928001,2000,2002,"{""max_iterations"": 2000, ""rate"": 0.01, ""tolerance"": 1e-06}"
griewank,Griewank,476,2130,gradient,3,"[-10.0, 10.0]","[-2.5849026745282355, 8.80723100946689, -8.670002410915503]","[-3.1400225606028043, 8.876863250481875, -5.44028189532256]",0.029585031824983732,2000,2002,"{""max_iterations"": 2000, ""rate"": 0.01, ""tolerance"": 1e-06}"
griewank,Griewank,477,2131,gradient,3,"[-10.0, 10.0]","[7.511638594821285, 5.94069290453891, 4.9270762329000775]","[6.28004522315962, 4.438550643111816, 5.432266604936601]",0.022185824477833682,2000,2002,"{""max_iterations"": 2000, ""rate"": 0.01, ""tolerance"": 1e-06}"
griewank,Griewank,478,2132,gradient,3,"[-10.0, 10.0]","[9.973546593132973, 1.62669038663938, 4.077662917096685]","[9.420067797733436, 0.000121530425996164, 5.4307143323954445]",0.029587703879598082,2000,2002,"{""max_iterations"": 2000, ""rate"": 0.01, ""tolerance"": 1e-06}"
griewank,Griewank,479,2133,gradient,3,"[-10.0, 10.0]","[-8.465207166584118, 0.9016999239653174, -5.014077954199918]","[-9.420067841737701, 4.859556669368228e-05, -5.432624542428814]",0.029586694099243638,2000,2002,"{""max_iterations"": 2000, ""rate"": 0.01, ""tolerance"": 1e-06}"
griewank,Griewank,480,2125,gradient,3,"[-10.0, 10.0]","[-5.463644906209715, 1.702085683369079, -9.712917177693125]","[-6.28004506496659, 0.00013268942364636185, -10.864168890940231]",0.039430046396843554,2000,2002,"{""max_iterations"": 2000, ""rate"": 0.01, ""tolerance"": 1e-06}"
griewank,Griewank,481,2126,gradient,3,"[-10.0, 10.0]","[8.194301372295886, -8.732281720376635, 8.563560073526965]","[6.280045820341439, -8.876609982562183, 10.844564984099776]",0.059228916031124346,2000,2002,"{""max_iterations"": 2000, ""rate"": 0.01, ""tolerance"": 1e-06}"
griewank,Griewank,482,2127,gradient,3,"[-10.0, 10.0]","[-2.881247570691756, -6.258288882616068, 5.599316447299325]","[-3.1400225889659588, -8.876714332303928, 5.433656777429415]",0.029576809121333425,2000,2002,"{""max_iterations"": 2000, ""rate"": 0.01, ""tolerance"": 1e-06}"
griewank,Griewank,483,2128,gradient,3,"[-10.0, 10.0]","[6.624154276840606, 9.391225421525672, 3.1677768241929023]","[6.280045174201268, 8.877002422950337, 0.006406454175713953]",0.029591014968236018,2000,2002,"{""max_iterations"": 2000, ""rate"": 0.01, ""tolerance"": 1e-06}"
griewank,Griewank,484,2129,gradient,3,"[-10.0, 10.0]","[-2.500789467564606, -5.68513156568538, -9.697623550139959]","[-3.140022534958068, -4.438523187394462, -10.864610002723602]",0.03696110154928001,2000,2002,"{""max_iterations"": 2000, ""rate"": 0.01, ""tolerance"": 1e-06}"
griewank,Griewank,485,2130,gradient,3,"[-10.0, 10.0]","[-2.5849026745282355, 8.80723100946689, -8.670002410915503]","[-3.1400225606028043, 8.876863250481875, -5.44028189532256]",0.029585031824983732,2000,2002,"{""max_iterations"": 2000, ""rate"": 0.01, ""tolerance"": 1e-06}"
griewank,Griewank,486,2131,gradient,3,"[-10.0, 10.0]","[7.511638594821285, 5.94069290453891, 4.9270762329000775]","[6.28004522315962, 4.438550643111816, 5.432266604936601]",0.022185824477833682,2000,2002,"{""max_iterations"": 2000, ""rate"": 0.01, ""tolerance"": 1e-06}"
griewank,Griewank,487,2132,gradient,3,"[-10.0, 10.0]","[9.973546593132973, 1.62669038663938, 4.077662917096685]","[9.420067797733436, 0.000121530425996164, 5.4307143323954445]",0.029587703879598082,2000,2002,"{""max_iterations"": 2000, ""rate"": 0.01, ""tolerance"": 1e-06}"
griewank,Griewank,488,2133,gradient,3,"[-10.0, 10.0]","[-8.465207166584118, 0.9016999239653174, -5.014077954199918]","[-9.420067841737701, 4.859556669368228e-05, -5.432624542428814]",0.029586694099243638,2000,2002,"{""max_iterations"": 2000, ""rate"": 0.01, ""tolerance"": 1e-06}"
griewank,Griewank,489,2134,gradient,3,"[-10.0, 10.0]","[-6.671623798528525, -3.898702462742863, -6.562799279141798]","[-6.280045245724918, -4.438415424221569, -5.43477112458856]",0.022186048235638633,2000,2002,"{""max_iterations"": 2000, ""rate"": 0.01, ""tolerance"": 1e-06}"
griewank,Griewank,490,2126,gradient,3,"[-10.0, 10.0]","[8.194301372295886, -8.732281720376635, 8.563560073526965]","[6.280045820341439, -8.876609982562183, 10.844564984099776]",0.059228916031124346,2000,2002,"{""max_iterations"": 2000, ""rate"": 0.01, ""tolerance"": 1e-06}"
griewank,Griewank,491,2127,gradient,3,"[-10.0, 10.0]","[-2.881247570691756, -6.258288882616068, 5.599316447299325]","[-3.1400225889659588, -8.876714332303928, 5.433656777429415]",0.029576809121333425,2000,2002,"{""max_iterations"": 2000, ""rate"": 0.01, ""tolerance"": 1e-06}"
griewank,Griewank,492,2128,gradient,3,"[-10.0, 10.0]","[6.624154276840606, 9.391225421525672, 3.1677768241929023]","[6.280045174201268, 8.877002422950337, 0.006406454175713953]",0.029591014968236018,2000,2002,"{""max_iterations"": 2000, ""rate"": 0.01, ""tolerance"": 1e-06}"
griewank,Griewank,493,2129,gradient,3,"[-10.0, 10.0]","[-2.500789467564606, -5.68513156568538, -9.697623550139959]","[-3.140022534958068, -4.438523187394462, -10.864610002723602]",0.03696110154928001,2000,2002,"{""max_iterations"": 2000, ""rate"": 0.01, ""tolerance"": 1e-06}"
griewank,Griewank,494,2130,gradient,3,"[-10.0, 10.0]","[-2.5849026745282355, 8.80723100946689, -8.670002410915503]","[-3.1400225606028043, 8.876863250481875, -5.44028189532256]",0.029585031824983732,2000,2002,"{""max_iterations"": 2000, ""rate"": 0.01, ""tolerance"": 1e-06}"
griewank,Griewank,495,2131,gradient,3,"[-10.0, 10.0]","[7.511638594821285, 5.94069290453891, 4.9270762329000775]","[6.28004522315962, 4.438550643111816, 5.432266604936601]",0.022185824477833682,2000,2002,"{""max_iterations"": 2000, ""rate"": 0.01, ""tolerance"": 1e-06}"
griewank,Griewank,496,2132,gradient,3,"[-10.0, 10.0]","[9.973546593132973, 1.62669038663938, 4.077662917096685]","[9.420067797733436, 0.000121530425996164, 5.4307143323954445]",0.029587703879598082,2000,2002,"{""max_iterations"": 2000, ""rate"": 0.01, ""tolerance"": 1e-06}"
griewank,Griewank,497,2133,gradient,3,"[-10.0, 10.0]","[-8.465207166584118, 0.9016999239653174, -5.014077954199918]","[-9.420067841737701, 4.859556669368228e-05, -5.432624542428814]",0.029586694099243638,2000,2002,"{""max_iterations"": 2000, ""rate"": 0.01, ""tolerance"": 1e-06}"
griewank,Griewank,498,2134,gradient,3,"[-10.0, 10.0]","[-6.671623798528525, -3.898702462742863, -6.562799279141798]","[-6.280045245724918, -4.438415424221569, -5.43477112458856]",0.022186048235638633,2000,2002,"{""max_iterations"": 2000, ""rate"": 0.01, ""tolerance"": 1e-06}"
griewank,Griewank,499,2135,gradient,3,"[-10.0, 10.0]","[7.3934816322601336, 5.127100426969903, -0.17159359895137527]","[9.42006787905562, 4.438508596345961, -0.00036314032723127655]",0.027125407436628834,2000,2002,"{""max_iterations"": 2000, ""rate"": 0.01, ""tolerance"": 1e-06}"
griewank,Griewank,500,2118,gradient,3,"[-10.0, 10.0]","[3.831195286083389, 4.77782581018111, 6.6406138270619195]","[6.280045214294496, 4.438530286242314, 5.437787259912804]",0.022189101772197795,2000,2002,"{""max_iterations"": 2000, ""rate"": 0.01, ""tolerance"": 1e-06}"
