funcion,nombre_funcion,corrida,semilla,metodo,dimension,limites,posicion_inicial,posicion_final,valor_final,iteraciones,evaluaciones,parametros
schwefel,Schwefel,1,2010,gradient,2,"[-500.0, 500.0]","[-457.54802183959896, -94.96334648457815]","[-543.2428214531722, -121.91296369767736]",190.41923596633944,10000,10002,"{""max_iterations"": 10000, ""rate"": 0.001, ""tolerance"": 1e-06}"
schwefel,Schwefel,2,2011,gradient,2,"[-500.0, 500.0]","[427.3012957136265, 39.062513694498875]","[421.475540468999, 62.54977279733434]",356.55965605780483,10000,10002,"{""max_iterations"": 10000, ""rate"": 0.001, ""tolerance"": 1e-06}"
schwefel,Schwefel,3,2012,gradient,2,"[-500.0, 500.0]","[-428.69187956056567, -122.09018313176745]","[-494.6919580393901, -124.62045661985236]",592.455800963841,10000,10002,"{""max_iterations"": 10000, ""rate"": 0.001, ""tolerance"": 1e-06}"
schwefel,Schwefel,4,2013,gradient,2,"[-500.0, 500.0]","[175.44823982672403, 456.3481553648046]","[201.29597982959126, 423.93207030293246]",219.05456899853664,10000,10002,"{""max_iterations"": 10000, ""rate"": 0.001, ""tolerance"": 1e-06}"
schwefel,Schwefel,5,2014,gradient,2,"[-500.0, 500.0]","[-314.4188033033838, -198.3411416133548]","[-303.47041104402484, -156.19838674880324]",526.8533636480054,10000,10002,"{""max_iterations"": 10000, ""rate"": 0.001, ""tolerance"": 1e-06}"
schwefel,Schwefel,6,2015,gradient,2,"[-500.0, 500.0]","[237.59522759590857, 17.57154817475964]","[206.68850735164852, 5.679236854042439]",633.2705100492163,10000,10002,"{""max_iterations"": 10000, ""rate"": 0.001, ""tolerance"": 1e-06}"
schwefel,Schwefel,7,2016,gradient,2,"[-500.0, 500.0]","[396.7053564943452, 230.23921435629643]","[418.93705192180914, 205.97396970504002]",218.2551421125395,10000,10002,"{""max_iterations"": 10000, ""rate"": 0.001, ""tolerance"": 1e-06}"
schwefel,Schwefel,8,2017,gradient,2,"[-500.0, 500.0]","[-479.0397745938826, 267.07016468248776]","[-549.979154450734, 211.44649066140872]",96.9079762982825,10000,10002,"{""max_iterations"": 10000, ""rate"": 0.001, ""tolerance"": 1e-06}"
schwefel,Schwefel,9,2018,gradient,2,"[-500.0, 500.0]","[382.3493117539459, -395.67226213952233]","[417.53720246819245, -319.3840143839096]",155.53228783511872,10000,10002,"{""max_iterations"": 10000, ""rate"": 0.001, ""tolerance"": 1e-06}"
schwefel,Schwefel,10,2058,gradient,2,"[-500.0, 500.0]","[468.50444776144, 229.27681149870182]","[425.1409693749733, 205.88642550399726]",219.88565720507052,10000,10002,"{""max_iterations"": 10000, ""rate"": 0.001, ""tolerance"": 1e-06}"
schwefel,Schwefel,11,2059,gradient,2,"[-500.0, 500.0]","[286.32262145249786, -3.6141730849895453]","[222.02558093843126, 4.375480122684568]",673.7528630747946,10000,10002,"{""max_iterations"": 10000, ""rate"": 0.001, ""tolerance"": 1e-06}"
schwefel,Schwefel,12,2060,gradient,2,"[-500.0, 500.0]","[-319.78415835622457, 342.6213412920371]","[-303.90644063976583, 410.71178717452375]",131.83252622333794,10000,10002,"{""max_iterations"": 10000, ""rate"": 0.001, ""tolerance"": 1e-06}"
schwefel,Schwefel,13,2061,gradient,2,"[-500.0, 500.0]","[256.5818602125951, 212.15165127304704]","[209.1894597987903, 204.46480040355095]",438.01939771840017,10000,10002,"{""max_iterations"": 10000, ""rate"": 0.001, ""tolerance"": 1e-06}"
schwefel,Schwefel,14,2062,gradient,2,"[-500.0, 500.0]","[-259.61551647320334, 232.24351563601658]","[-298.4243492152525, 206.1602429537484]",338.4026081015992,10000,10002,"{""max_iterations"": 10000, ""rate"": 0.001, ""tolerance"": 1e-06}"
schwefel,Schwefel,15,2063,gradient,2,"[-500.0, 500.0]","[-449.1179615010572, 147.09194922918743]","[-538.2085099007486, 195.6301278944665]",141.33511612593838,10000,10002,"{""max_iterations"": 10000, ""rate"": 0.001, ""tolerance"": 1e-06}"
schwefel,Schwefel,16,2064,gradient,2,"[-500.0, 500.0]","[404.7436579347577, 333.346971134084]","[419.6393056059707, 407.17134674217976]",23.88600101273778,10000,10002,"{""max_iterations"": 10000, ""rate"": 0.001, ""tolerance"": 1e-06}"
schwefel,Schwefel,17,2065,gradient,2,"[-500.0, 500.0]","[262.45801374860275, -159.6739934189344]","[210.32806044409807, -127.92478494593175]",519.8948053202497,10000,10002,"{""max_iterations"": 10000, ""rate"": 0.001, ""tolerance"": 1e-06}"
schwefel,Schwefel,18,2066,gradient,2,"[-500.0, 500.0]","[-343.8269644203378, -103.8929383030345]","[-306.12004484689294, -123.03197233349438]",416.59902847437223,10000,10002,"{""max_iterations"": 10000, ""rate"": 0.001, ""tolerance"": 1e-06}"
schwefel,Schwefel,19,2067,gradient,2,"[-500.0, 500.0]","[-308.731993104652, -498.36581364840094]","[-303.0168845056795, -553.236664538735]",-15.320704437402583,10000,10002,"{""max_iterations"": 10000, ""rate"": 0.001, ""tolerance"": 1e-06}"
schwefel,Schwefel,20,2059,gradient,2,"[-500.0, 500.0]","[286.32262145249786, -3.6141730849895453]","[222.02558093843126, 4.375480122684568]",673.7528630747946,10000,10002,"{""max_iterations"": 10000, ""rate"": 0.001, ""tolerance"": 1e-06}"
schwefel,Schwefel,21,2060,gradient,2,"[-500.0, 500.0]","[-319.78415835622457, 342.6213412920371]","[-303.90644063976583, 410.71178717452375]",131.83252622333794,10000,10002,"{""max_iterations"": 10000, ""rate"": 0.001, ""tolerance"": 1e-06}"
schwefel,Schwefel,22,2061,gradient,2,"[-500.0, 500.0]","[256.5818602125951, 212.15165127304704]","[209.1894597987903, 204.46480040355095]",438.01939771840017,10000,10002,"{""max_iterations"": 10000, ""rate"": 0.001, ""tolerance"": 1e-06}"
schwefel,Schwefel,23,2062,gradient,2,"[-500.0, 500.0]","[-259.61551647320334, 232.24351563601658]","[-298.4243492152525, 206.1602429537484]",338.4026081015992,10000,10002,"{""max_iterations"": 10000, ""rate"": 0.001, ""tolerance"": 1e-06}"
schwefel,Schwefel,24,2063,gradient,2,"[-500.0, 500.0]","[-449.1179615010572, 147.09194922918743]","[-538.2085099007486, 195.6301278944665]",141.33511612593838,10000,10002,"{""max_iterations"": 10000, ""rate"": 0.001, ""tolerance"": 1e-06}"
schwefel,Schwefel,25,2064,gradient,2,"[-500.0, 500.0]","[404.7436579347577, 333.346971134084]","[419.6393056059707, 407.17134674217976]",23.88600101273778,10000,10002,"{""max_iterations"": 10000, ""rate"": 0.001, ""tolerance"": 1e-06}"
schwefel,Schwefel,26,2065,gradient,2,"[-500.0, 500.0]","[262.45801374860275, -159.6739934189344]","[210.32806044409807, -127.92478494593175]",519.8948053202497,10000,10002,"{""max_iterations"": 10000, ""rate"": 0.001, ""tolerance"": 1e-06}"
schwefel,Schwefel,27,2066,gradient,2,"[-500.0, 500.0]","[-343.8269644203378, -103.8929383030345]","[-306.12004484689294, -123.03197233349438]",416.59902847437223,10000,10002,"{""max_iterations"": 10000, ""rate"": 0.001, ""tolerance"": 1e-06}"
schwefel,Schwefel,28,2067,gradient,2,"[-500.0, 500.0]","[-308.731993104652, -498.36581364840094]","[-303.0168845056795, -553.236664538735]",-15.320704437402583,10000,10002,"{""max_iterations"": 10000, ""rate"": 0.001, ""tolerance"": 1e-06}"
schwefel,Schwefel,29,2068,gradient,2,"[-500.0, 500.0]","[286.4092314313658, 311.7566645883712]","[222.12444893939406, 378.1142930171243]",465.8608848231447,10000,10002,"{""max_iterations"": 10000, ""rate"": 0.001, ""tolerance"": 1e-06}"
schwefel,Schwefel,30,2060,gradient,2,"[-500.0, 500.0]","[-319.78415835622457, 342.6213412920371]","[-303.90644063976583, 410.71178717452375]",131.83252622333794,10000,10002,"{""max_iterations"": 10000, ""rate"": 0.001, ""tolerance"": 1e-06}"
schwefel,Schwefel,31,2061,gradient,2,"[-500.0, 500.0]","[256.5818602125951, 212.15165127304704]","[209.1894597987903, 204.46480040355095]",438.01939771840017,10000,10002,"{""max_iterations"": 10000, ""rate"": 0.001, ""tolerance"": 1e-06}"
schwefel,Schwefel,32,2062,gradient,2,"[-500.0, 500.0]","[-259.61551647320334, 232.24351563601658]","[-298.4243492152525, 206.1602429537484]",338.4026081015992,10000,10002,"{""max_iterations"": 10000, ""rate"": 0.001, ""tolerance"": 1e-06}"
schwefel,Schwefel,33,2063,gradient,2,"[-500.0, 500.0]","[-449.1179615010572, 147.09194922918743]","[-538.2085099007486, 195.6301278944665]",141.33511612593838,10000,10002,"{""max_iterations"": 10000, ""rate"": 0.001, ""tolerance"": 1e-06}"
schwefel,Schwefel,34,2064,gradient,2,"[-500.0, 500.0]","[404.7436579347577, 333.346971134084]","[419.6393056059707, 407.17134674217976]",23.88600101273778,10000,10002,"{""max_iterations"": 10000, ""rate"": 0.001, ""tolerance"": 1e-06}"
schwefel,Schwefel,35,2065,gradient,2,"[-500.0, 500.0]","[262.45801374860275, -159.6739934189344]","[210.32806044409807, -127.92478494593175]",519.8948053202497,10000,10002,"{""max_iterations"": 10000, ""rate"": 0.001, ""tolerance"": 1e-06}"
schwefel,Schwefel,36,2066,gradient,2,"[-500.0, 500.0]","[-343.8269644203378, -103.8929383030345]","[-306.12004484689294, -123.03197233349438]",416.59902847437223,10000,10002,"{""max_iterations"": 10000, ""rate"": 0.001, ""tolerance"": 1e-06}"
schwefel,Schwefel,37,2067,gradient,2,"[-500.0, 500.0]","[-308.731993104652, -498.36581364840094]","[-303.0168845056795, -553.236664538735]",-15.320704437402583,10000,10002,"{""max_iterations"": 10000, ""rate"": 0.001, ""tolerance"": 1e-06}"
schwefel,Schwefel,38,2068,gradient,2,"[-500.0, 500.0]","[286.4092314313658, 311.7566645883712]","[222.12444893939406, 378.1142930171243]",465.8608848231447,10000,10002,"{""max_iterations"": 10000, ""rate"": 0.001, ""tolerance"": 1e-06}"
schwefel,Schwefel,39,2069,gradient,2,"[-500.0, 500.0]","[254.30917553902066, -153.45342939402087]","[208.81207625570633, -127.21494364349084]",517.1687431291007,10000,10002,"{""max_iterations"": 10000, ""rate"": 0.001, ""tolerance"": 1e-06}"
schwefel,Schwefel,40,2061,gradient,2,"[-500.0, 500.0]","[256.5818602125951, 212.15165127304704]","[209.1894597987903, 204.46480040355095]",438.01939771840017,10000,10002,"{""max_iterations"": 10000, ""rate"": 0.001, ""tolerance"": 1e-06}"
schwefel,Schwefel,41,2062,gradient,2,"[-500.0, 500.0]","[-259.61551647320334, 232.24351563601658]","[-298.4243492152525, 206.1602429537484]",338.4026081015992,10000,10002,"{""max_iterations"": 10000, ""rate"": 0.001, ""tolerance"": 1e-06}"
schwefel,Schwefel,42,2063,gradient,2,"[-500.0, 500.0]","[-449.1179615010572, 147.09194922918743]","[-538.2085099007486, 195.6301278944665]",141.33511612593838,10000,10002,"{""max_iterations"": 10000, ""rate"": 0.001, ""tolerance"": 1e-06}"
schwefel,Schwefel,43,2064,gradient,2,"[-500.0, 500.0]","[404.7436579347577, 333.346971134084]","[419.6393056059707, 407.17134674217976]",23.88600101273778,10000,10002,"{""max_iterations"": 10000, ""rate"": 0.001, ""tolerance"": 1e-06}"
schwefel,Schwefel,44,2065,gradient,2,"[-500.0, 500.0]","[262.45801374860275, -159.6739934189344]","[210.32806044409807, -127.92478494593175]",519.8948053202497,10000,10002,"{""max_iterations"": 10000, ""rate"": 0.001, ""tolerance"": 1e-06}"
schwefel,Schwefel,45,2066,gradient,2,"[-500.0, 500.0]","[-343.8269644203378, -103.8929383030345]","[-306.12004484689294, -123.03197233349438]",416.59902847437223,10000,10002,"{""max_iterations"": 10000, ""rate"": 0.001, ""tolerance"": 1e-06}"
schwefel,Schwefel,46,2067,gradient,2,"[-500.0, 500.0]","[-308.731993104652, -498.36581364840094]","[-303.0168845056795, -553.236664538735]",-15.320704437402583,10000,10002,"{""max_iterations"": 10000, ""rate"": 0.001, ""tolerance"": 1e-06}"
schwefel,Schwefel,47,2068,gradient,2,"[-500.0, 500.0]","[286.4092314313658, 311.7566645883712]","[222.12444893939406, 378.1142930171243]",465.8608848231447,10000,10002,"{""max_iterations"": 10000, ""rate"": 0.001, ""tolerance"": 1e-06}"
schwefel,Schwefel,48,2069,gradient,2,"[-500.0, 500.0]","[254.30917553902066, -153.45342939402087]","[208.81207625570633, -127.21494364349084]",517.1687431291007,10000,10002,"{""max_iterations"": 10000, ""rate"": 0.001, ""tolerance"": 1e-06}"
schwefel,Schwefel,49,2070,gradient,2,"[-500.0, 500.0]","[-142.26431210519354, 297.31496568265607]","[-126.18139990141833, 252.07972370919117]",757.7384300101669,10000,10002,"{""max_iterations"": 10000, ""rate"": 0.001, ""tolerance"": 1e-06}"
schwefel,Schwefel,50,2062,gradient,2,"[-500.0, 500.0]","[-259.61551647320334, 232.24351563601658]","[-298.4243492152525, 206.1602429537484]",338.4026081015992,10000,10002,"{""max_iterations"": 10000, ""rate"": 0.001, ""tolerance"": 1e-06}"
schwefel,Schwefel,51,2063,gradient,2,"[-500.0, 500.0]","[-449.1179615010572, 147.09194922918743]","[-538.2085099007486, 195.6301278944665]",141.33511612593838,10000,10002,"{""max_iterations"": 10000, ""rate"": 0.001, ""tolerance"": 1e-06}"
schwefel,Schwefel,52,2064,gradient,2,"[-500.0, 500.0]","[404.7436579347577, 333.346971134084]","[419.6393056059707, 407.17134674217976]",23.88600101273778,10000,10002,"{""max_iterations"": 10000, ""rate"": 0.001, ""tolerance"": 1e-06}"
schwefel,Schwefel,53,2065,gradient,2,"[-500.0, 500.0]","[262.45801374860275, -159.6739934189344]","[210.32806044409807, -127.92478494593175]",519.8948053202497,10000,10002,"{""max_iterations"": 10000, ""rate"": 0.001, ""tolerance"": 1e-06}"
schwefel,Schwefel,54,2066,gradient,2,"[-500.0, 500.0]","[-343.8269644203378, -103.8929383030345]","[-306.12004484689294, -123.03197233349438]",416.59902847437223,10000,10002,"{""max_iterations"": 10000, ""rate"": 0.001, ""tolerance"": 1e-06}"
schwefel,Schwefel,55,2067,gradient,2,"[-500.0, 500.0]","[-308.731993104652, -498.36581364840094]","[-303.0168845056795, -553.236664538735]",-15.320704437402583,10000,10002,"{""max_iterations"": 10000, ""rate"": 0.001, ""tolerance"": 1e-06}"
schwefel,Schwefel,56,2068,gradient,2,"[-500.0, 500.0]","[286.4092314313658, 311.7566645883712]","[222.12444893939406, 378.1142930171243]",465.8608848231447,10000,10002,"{""max_iterations"": 10000, ""rate"": 0.001, ""tolerance"": 1e-06}"
schwefel,Schwefel,57,2069,gradient,2,"[-500.0, 500.0]","[254.30917553902066, -153.45342939402087]","[208.81207625570633, -127.21494364349084]",517.1687431291007,10000,10002,"{""max_iterations"": 10000, ""rate"": 0.001, ""tolerance"": 1e-06}"
schwefel,Schwefel,58,2070,gradient,2,"[-500.0, 500.0]","[-142.26431210519354, 297.31496568265607]","[-126.18139990141833, 252.07972370919117]",757.7384300101669,10000,10002,"{""max_iterations"": 10000, ""rate"": 0.001, ""tolerance"": 1e-06}"
schwefel,Schwefel,59,2071,gradient,2,"[-500.0, 500.0]","[224.28760541516044, -466.8680943093252]","[205.44939551588445, -546.8383085418925]",98.20467297077278,10000,10002,"{""max_iterations"": 10000, ""rate"": 0.001, ""tolerance"": 1e-06}"
schwefel,Schwefel,60,2063,gradient,2,"[-500.0, 500.0]","[-449.1179615010572, 147.09194922918743]","[-538.2085099007486, 195.6301278944665]",141.33511612593838,10000,10002,"{""max_iterations"": 10000, ""rate"": 0.001, ""tolerance"": 1e-06}"
schwefel,Schwefel,61,2064,gradient,2,"[-500.0, 500.0]","[404.7436579347577, 333.346971134084]","[419.6393056059707, 407.17134674217976]",23.88600101273778,10000,10002,"{""max_iterations"": 10000, ""rate"": 0.001, ""tolerance"": 1e-06}"
schwefel,Schwefel,62,2065,gradient,2,"[-500.0, 500.0]","[262.45801374860275, -159.6739934189344]","[210.32806044409807, -127.92478494593175]",519.8948053202497,10000,10002,"{""max_iterations"": 10000, ""rate"": 0.001, ""tolerance"": 1e-06}"
schwefel,Schwefel,63,2066,gradient,2,"[-500.0, 500.0]","[-343.8269644203378, -103.8929383030345]","[-306.12004484689294, -123.03197233349438]",416.59902847437223,10000,10002,"{""max_iterations"": 10000, ""rate"": 0.001, ""tolerance"": 1e-06}"
schwefel,Schwefel,64,2067,gradient,2,"[-500.0, 500.0]","[-308.731993104652, -498.36581364840094]","[-303.0168845056795, -553.236664538735]",-15.320704437402583,10000,10002,"{""max_iterations"": 10000, ""rate"": 0.001, ""tolerance"": 1e-06}"
schwefel,Schwefel,65,2068,gradient,2,"[-500.0, 500.0]","[286.4092314313658, 311.7566645883712]","[222.12444893939406, 378.1142930171243]",465.8608848231447,10000,10002,"{""max_iterations"": 10000, ""rate"": 0.001, ""tolerance"": 1e-06}"
schwefel,Schwefel,66,2069,gradient,2,"[-500.0, 500.0]","[254.30917553902066, -153.45342939402087]","[208.81207625570633, -127.21494364349084]",517.1687431291007,10000,10002,"{""max_iterations"": 10000, ""rate"": 0.001, ""tolerance"": 1e-06}"
schwefel,Schwefel,67,2070,gradient,2,"[-500.0, 500.0]","[-142.26431210519354, 297.31496568265607]","[-126.18139990141833, 252.07972370919117]",757.7384300101669,10000,10002,"{""max_iterations"": 10000, ""rate"": 0.001, ""tolerance"": 1e-06}"
schwefel,Schwefel,68,2071,gradient,2,"[-500.0, 500.0]","[224.28760541516044, -466.8680943093252]","[205.44939551588445, -546.8383085418925]",98.20467297077278,10000,10002,"{""max_iterations"": 10000, ""rate"": 0.001, ""tolerance"": 1e-06}"
schwefel,Schwefel,69,2072,gradient,2,"[-500.0, 500.0]","[86.74460717368538, -320.70709755958904]","[67.18368470509017, -303.98264267364334]",474.4108918888663,10000,10002,"{""max_iterations"": 10000, ""rate"": 0.001, ""tolerance"": 1e-06}"
schwefel,Schwefel,70,2064,gradient,2,"[-500.0, 500.0]","[404.7436579347577, 333.346971134084]","[419.6393056059707, 407.17134674217976]",23.88600101273778,10000,10002,"{""max_iterations"": 10000, ""rate"": 0.001, ""tolerance"": 1e-06}"
schwefel,Schwefel,71,2065,gradient,2,"[-500.0, 500.0]","[262.45801374860275, -159.6739934189344]","[210.32806044409807, -127.92478494593175]",519.8948053202497,10000,10002,"{""max_iterations"": 10000, ""rate"": 0.001, ""tolerance"": 1e-06}"
schwefel,Schwefel,72,2066,gradient,2,"[-500.0, 500.0]","[-343.8269644203378, -103.8929383030345]","[-306.12004484689294, -123.03197233349438]",416.59902847437223,10000,10002,"{""max_iterations"": 10000, ""rate"": 0.001, ""tolerance"": 1e-06}"
schwefel,Schwefel,73,2067,gradient,2,"[-500.0, 500.0]","[-308.731993104652, -498.36581364840094]","[-303.0168845056795, -553.236664538735]",-15.320704437402583,10000,10002,"{""max_iterations"": 10000, ""rate"": 0.001, ""tolerance"": 1e-06}"
schwefel,Schwefel,74,2068,gradient,2,"[-500.0, 500.0]","[286.4092314313658, 311.7566645883712]","[222.12444893939406, 378.1142930171243]",465.8608848231447,10000,10002,"{""max_iterations"": 10000, ""rate"": 0.001, ""tolerance"": 1e-06}"
schwefel,Schwefel,75,2069,gradient,2,"[-500.0, 500.0]","[254.30917553902066, -153.45342939402087]","[208.81207625570633, -127.21494364349084]",517.1687431291007,10000,10002,"{""max_iterations"": 10000, ""rate"": 0.001, ""tolerance"": 1e-06}"
schwefel,Schwefel,76,2070,gradient,2,"[-500.0, 500.0]","[-142.26431210519354, 297.31496568265607]","[-126.18139990141833, 252.07972370919117]",757.7384300101669,10000,10002,"{""max_iterations"": 10000, ""rate"": 0.001, ""tolerance"": 1e-06}"
schwefel,Schwefel,77,2071,gradient,2,"[-500.0, 500.0]","[224.28760541516044, -466.8680943093252]","[205.44939551588445, -546.8383085418925]",98.20467297077278,10000,10002,"{""max_iterations"": 10000, ""rate"": 0.001, ""tolerance"": 1e-06}"
schwefel,Schwefel,78,2072,gradient,2,"[-500.0, 500.0]","[86.74460717368538, -320.70709755958904]","[67.18368470509017, -303.98264267364334]",474.4108918888663,10000,10002,"{""max_iterations"": 10000, ""rate"": 0.001, ""tolerance"": 1e-06}"
schwefel,Schwefel,79,2073,gradient,2,"[-500.0, 500.0]","[15.029723467957979, 27.914634032736217]","[5.504831960947718, 49.81538579072763]",799.184647576233,10000,10002,"{""max_iterations"": 10000, ""rate"": 0.001, ""tolerance"": 1e-06}"
schwefel,Schwefel,80,2065,gradient,2,"[-500.0, 500.0]","[262.45801374860275, -159.6739934189344]","[210.32806044409807, -127.92478494593175]",519.8948053202497,10000,10002,"{""max_iterations"": 10000, ""rate"": 0.001, ""tolerance"": 1e-06}"
schwefel,Schwefel,81,2066,gradient,2,"[-500.0, 500.0]","[-343.8269644203378, -103.8929383030345]","[-306.12004484689294, -123.03197233349438]",416.59902847437223,10000,10002,"{""max_iterations"": 10000, ""rate"": 0.001, ""tolerance"": 1e-06}"
schwefel,Schwefel,82,2067,gradient,2,"[-500.0, 500.0]","[-308.731993104652, -498.36581364840094]","[-303.0168845056795, -553.236664538735]",-15.320704437402583,10000,10002,"{""max_iterations"": 10000, ""rate"": 0.001, ""tolerance"": 1e-06}"
schwefel,Schwefel,83,2068,gradient,2,"[-500.0, 500.0]","[286.4092314313658, 311.7566645883712]","[222.12444893939406, 378.1142930171243]",465.8608848231447,10000,10002,"{""max_iterations"": 10000, ""rate"": 0.001, ""tolerance"": 1e-06}"
schwefel,Schwefel,84,2069,gradient,2,"[-500.0, 500.0]","[254.30917553902066, -153.45342939402087]","[208.81207625570633, -127.21494364349084]",517.1687431291007,10000,10002,"{""max_iterations"": 10000, ""rate"": 0.001, ""tolerance"": 1e-06}"
schwefel,Schwefel,85,2070,gradient,2,"[-500.0, 500.0]","[-142.26431210519354, 297.31496568265607]","[-126.18139990141833, 252.07972370919117]",757.7384300101669,10000,10002,"{""max_iterations"": 10000, ""rate"": 0.001, ""tolerance"": 1e-06}"
schwefel,Schwefel,86,2071,gradient,2,"[-500.0, 500.0]","[224.28760541516044, -466.8680943093252]","[205.44939551588445, -546.8383085418925]",98.20467297077278,10000,10002,"{""max_iterations"": 10000, ""rate"": 0.001, ""tolerance"": 1e-06}"
schwefel,Schwefel,87,2072,gradient,2,"[-500.0, 500.0]","[86.74460717368538, -320.70709755958904]","[67.18368470509017, -303.98264267364334]",474.4108918888663,10000,10002,"{""max_iterations"": 10000, ""rate"": 0.001, ""tolerance"": 1e-06}"
schwefel,Schwefel,88,2073,gradient,2,"[-500.0, 500.0]","[15.029723467957979, 27.914634032736217]","[5.504831960947718, 49.81538579072763]",799.184647576233,10000,10002,"{""max_iterations"": 10000, ""rate"": 0.001, ""tolerance"": 1e-06}"
schwefel,Schwefel,89,2074,gradient,2,"[-500.0, 500.0]","[299.541865206927, -40.9146241016698]","[268.993505252124, -26.83438974366309]",985.8724890275221,10000,10002,"{""max_iterations"": 10000, ""rate"": 0.001, ""tolerance"": 1e-06}"
schwefel,Schwefel,90,2066,gradient,2,"[-500.0, 500.0]","[-343.8269644203378, -103.8929383030345]","[-306.12004484689294, -123.03197233349438]",416.59902847437223,10000,10002,"{""max_iterations"": 10000, ""rate"": 0.001, ""tolerance"": 1e-06}"
schwefel,Schwefel,91,2067,gradient,2,"[-500.0, 500.0]","[-308.731993104652, -498.36581364840094]","[-303.0168845056795, -553.236664538735]",-15.320704437402583,10000,10002,"{""max_iterations"": 10000, ""rate"": 0.001, ""tolerance"": 1e-06}"
schwefel,Schwefel,92,2068,gradient,2,"[-500.0, 500.0]","[286.4092314313658, 311.7566645883712]","[222.12444893939406, 378.1142930171243]",465.8608848231447,10000,10002,"{""max_iterations"": 10000, ""rate"": 0.001, ""tolerance"": 1e-06}"
schwefel,Schwefel,93,2069,gradient,2,"[-500.0, 500.0]","[254.30917553902066, -153.45342939402087]","[208.81207625570633, -127.21494364349084]",517.1687431291007,10000,10002,"{""max_iterations"": 10000, ""rate"": 0.001, ""tolerance"": 1e-06}"
schwefel,Schwefel,94,2070,gradient,2,"[-500.0, 500.0]","[-142.26431210519354, 297.31496568265607]","[-126.18139990141833, 252.07972370919117]",757.7384300101669,10000,10002,"{""max_iterations"": 10000, ""rate"": 0.001, ""tolerance"": 1e-06}"
schwefel,Schwefel,95,2071,gradient,2,"[-500.0, 500.0]","[224.28760541516044, -466.8680943093252]","[205.44939551588445, -546.8383085418925]",98.20467297077278,10000,10002,"{""max_iterations"": 10000, ""rate"": 0.001, ""tolerance"": 1e-06}"
schwefel,Schwefel,96,2072,gradient,2,"[-500.0, 500.0]","[86.74460717368538, -320.70709755958904]","[67.18368470509017, -303.98264267364334]",474.4108918888663,10000,10002,"{""max_iterations"": 10000, ""rate"": 0.001, ""tolerance"": 1e-06}"
schwefel,Schwefel,97,2073,gradient,2,"[-500.0, 500.0]","[15.029723467957979, 27.914634032736217]","[5.504831960947718, 49.81538579072763]",799.184647576233,10000,10002,"{""max_iterations"": 10000, ""rate"": 0.001, ""tolerance"": 1e-06}"
schwefel,Schwefel,98,2074,gradient,2,"[-500.0, 500.0]","[299.541865206927, -40.9146241016698]","[268.993505252124, -26.83438974366309]",985.8724890275221,10000,10002,"{""max_iterations"": 10000, ""rate"": 0.001, ""tolerance"": 1e-06}"
schwefel,Schwefel,99,2075,gradient,2,"[-500.0, 500.0]","[157.65076459110094, -264.2162928062686]","[198.65571391735747, -299.00155467838033]",340.5139767782516,10000,10002,"{""max_iterations"": 10000, ""rate"": 0.001, ""tolerance"": 1e-06}"
schwefel,Schwefel,100,2106,gradient,2,"[-500.0, 500.0]","[31.31801640193794, 297.03064558904225]","[58.44920062657561, 250.39019151424066]",809.7060470976843,10000,10002,"{""max_iterations"": 10000, ""rate"": 0.001, ""tolerance"": 1e-06}"
schwefel,Schwefel,101,2107,gradient,2,"[-500.0, 500.0]","[75.24163932070246, 394.8804504368295]","[66.234975660148, 418.7710774466838]",356.01931991465494,10000,10002,"{""max_iterations"": 10000, ""rate"": 0.001, ""tolerance"": 1e-06}"
schwefel,Schwefel,102,2108,gradient,2,"[-500.0, 500.0]","[470.16983984871445, 375.14376582388945]","[425.32136604051215, 416.7241230269508]",4.659991797961084,10000,10002,"{""max_iterations"": 10000, ""rate"": 0.001, ""tolerance"": 1e-06}"
schwefel,Schwefel,103,2109,gradient,2,"[-500.0, 500.0]","[112.84048394639433, 431.57775584766443]","[73.7056951165001, 421.81891297410664]",364.21057468649167,10000,10002,"{""max_iterations"": 10000, ""rate"": 0.001, ""tolerance"": 1e-06}"
schwefel,Schwefel,104,2110,gradient,2,"[-500.0, 500.0]","[56.51722982309104, 193.7875353778395]","[64.87151262748719, 203.01344787368592]",572.6297648899548,10000,10002,"{""max_iterations"": 10000, ""rate"": 0.001, ""tolerance"": 1e-06}"
schwefel,Schwefel,105,2111,gradient,2,"[-500.0, 500.0]","[-295.67441914433533, -490.55977268659655]","[-301.97641911976154, -552.0890522114125]",-13.450544892734342,10000,10002,"{""max_iterations"": 10000, ""rate"": 0.001, ""tolerance"": 1e-06}"
schwefel,Schwefel,106,2112,gradient,2,"[-500.0, 500.0]","[-412.2072819643746, -351.1147067017497]","[-348.14237304770984, -306.9504302874493]",473.818440509554,10000,10002,"{""max_iterations"": 10000, ""rate"": 0.001, ""tolerance"": 1e-06}"
schwefel,Schwefel,107,2113,gradient,2,"[-500.0, 500.0]","[-48.6523636687204, -421.59520672222436]","[-27.71563555134429, -428.789571756341]",1225.6343359268035,10000,10002,"{""max_iterations"": 10000, ""rate"": 0.001, ""tolerance"": 1e-06}"
schwefel,Schwefel,108,2114,gradient,2,"[-500.0, 500.0]","[354.87037687233465, -30.570279836507268]","[413.6700103815688, -26.142689654412848]",401.59510306391934,10000,10002,"{""max_iterations"": 10000, ""rate"": 0.001, ""tolerance"": 1e-06}"
schwefel,Schwefel,109,2115,gradient,2,"[-500.0, 500.0]","[-36.33762749866975, 304.28811561853433]","[-26.494703691885338, 324.34005809948155]",1055.4794717914276,10000,10002,"{""max_iterations"": 10000, ""rate"": 0.001, ""tolerance"": 1e-06}"
schwefel,Schwefel,110,2107,gradient,2,"[-500.0, 500.0]","[75.24163932070246, 394.8804504368295]","[66.234975660148, 418.7710774466838]",356.01931991465494,10000,10002,"{""max_iterations"": 10000, ""rate"": 0.001, ""tolerance"": 1e-06}"
schwefel,Schwefel,111,2108,gradient,2,"[-500.0, 500.0]","[470.16983984871445, 375.14376582388945]","[425.32136604051215, 416.7241230269508]",4.659991797961084,10000,10002,"{""max_iterations"": 10000, ""rate"": 0.001, ""tolerance"": 1e-06}"
schwefel,Schwefel,112,2109,gradient,2,"[-500.0, 500.0]","[112.84048394639433, 431.57775584766443]","[73.7056951165001, 421.81891297410664]",364.21057468649167,10000,10002,"{""max_iterations"": 10000, ""rate"": 0.001, ""tolerance"": 1e-06}"
schwefel,Schwefel,113,2110,gradient,2,"[-500.0, 500.0]","[56.51722982309104, 193.7875353778395]","[64.87151262748719, 203.01344787368592]",572.6297648899548,10000,10002,"{""max_iterations"": 10000, ""rate"": 0.001, ""tolerance"": 1e-06}"
schwefel,Schwefel,114,2111,gradient,2,"[-500.0, 500.0]","[-295.67441914433533, -490.55977268659655]","[-301.97641911976154, -552.0890522114125]",-13.450544892734342,10000,10002,"{""max_iterations"": 10000, ""rate"": 0.001, ""tolerance"": 1e-06}"
schwefel,Schwefel,115,2112,gradient,2,"[-500.0, 500.0]","[-412.2072819643746, -351.1147067017497]","[-348.14237304770984, -306.9504302874493]",473.818440509554,10000,10002,"{""max_iterations"": 10000, ""rate"": 0.001, ""tolerance"": 1e-06}"
schwefel,Schwefel,116,2113,gradient,2,"[-500.0, 500.0]","[-48.6523636687204, -421.59520672222436]","[-27.71563555134429, -428.789571756341]",1225.6343359268035,10000,10002,"{""max_iterations"": 10000, ""rate"": 0.001, ""tolerance"": 1e-06}"
schwefel,Schwefel,117,2114,gradient,2,"[-500.0, 500.0]","[354.87037687233465, -30.570279836507268]","[413.6700103815688, -26.142689654412848]",401.59510306391934,10000,10002,"{""max_iterations"": 10000, ""rate"": 0.001, ""tolerance"": 1e-06}"
schwefel,Schwefel,118,2115,gradient,2,"[-500.0, 500.0]","[-36.33762749866975, 304.28811561853433]","[-26.494703691885338, 324.34005809948155]",1055.4794717914276,10000,10002,"{""max_iterations"": 10000, ""rate"": 0.001, ""tolerance"": 1e-06}"
schwefel,Schwefel,119,2116,gradient,2,"[-500.0, 500.0]","[-174.41250715571368, -160.89074164286842]","[-130.48906122969353, -128.08084492889571]",597.7159159691919,10000,10002,"{""max_iterations"": 10000, ""rate"": 0.001, ""tolerance"": 1e-06}"
schwefel,Schwefel,120,2108,gradient,2,"[-500.0, 500.0]","[470.16983984871445, 375.14376582388945]","[425.32136604051215, 416.7241230269508]",4.659991797961084,10000,10002,"{""max_iterations"": 10000, ""rate"": 0.001, ""tolerance"": 1e-06}"
schwefel,Schwefel,121,2109,gradient,2,"[-500.0, 500.0]","[112.84048394639433, 431.57775584766443]","[73.7056951165001, 421.81891297410664]",364.21057468649167,10000,10002,"{""max_iterations"": 10000, ""rate"": 0.001, ""tolerance"": 1e-06}"
schwefel,Schwefel,122,2110,gradient,2,"[-500.0, 500.0]","[56.51722982309104, 193.7875353778395]","[64.87151262748719, 203.01344787368592]",572.6297648899548,10000,10002,"{""max_iterations"": 10000, ""rate"": 0.001, ""tolerance"": 1e-06}"
schwefel,Schwefel,123,2111,gradient,2,"[-500.0, 500.0]","[-295.67441914433533, -490.55977268659655]","[-301.97641911976154, -552.0890522114125]",-13.450544892734342,10000,10002,"{""max_iterations"": 10000, ""rate"": 0.001, ""tolerance"": 1e-06}"
schwefel,Schwefel,124,2112,gradient,2,"[-500.0, 500.0]","[-412.2072819643746, -351.1147067017497]","[-348.14237304770984, -306.9504302874493]",473.818440509554,10000,10002,"{""max_iterations"": 10000, ""rate"": 0.001, ""tolerance"": 1e-06}"
schwefel,Schwefel,125,2113,gradient,2,"[-500.0, 500.0]","[-48.6523636687204, -421.59520672222436]","[-27.71563555134429, -428.789571756341]",1225.6343359268035,10000,10002,"{""max_iterations"": 10000, ""rate"": 0.001, ""tolerance"": 1e-06}"
schwefel,Schwefel,126,2114,gradient,2,"[-500.0, 500.0]","[354.87037687233465, -30.570279836507268]","[413.6700103815688, -26.142689654412848]",401.59510306391934,10000,10002,"{""max_iterations"": 10000, ""rate"": 0.001, ""tolerance"": 1e-06}"
schwefel,Schwefel,127,2115,gradient,2,"[-500.0, 500.0]","[-36.33762749866975, 304.28811561853433]","[-26.494703691885338, 324.34005809948155]",1055.4794717914276,10000,10002,"{""max_iterations"": 10000, ""rate"": 0.001, ""tolerance"": 1e-06}"
schwefel,Schwefel,128,2116,gradient,2,"[-500.0, 500.0]","[-174.41250715571368, -160.89074164286842]","[-130.48906122969353, -128.08084492889571]",597.7159159691919,10000,10002,"{""max_iterations"": 10000, ""rate"": 0.001, ""tolerance"": 1e-06}"
schwefel,Schwefel,129,2117,gradient,2,"[-500.0, 500.0]","[-263.1557083939873, -373.46742523358944]","[-298.8738217024709, -310.60651803161875]",246.82914685707,10000,10002,"{""max_iterations"": 10000, ""rate"": 0.001, ""tolerance"": 1e-06}"
schwefel,Schwefel,130,2109,gradient,2,"[-500.0, 500.0]","[112.84048394639433, 431.57775584766443]","[73.7056951165001, 421.81891297410664]",364.21057468649167,10000,10002,"{""max_iterations"": 10000, ""rate"": 0.001, ""tolerance"": 1e-06}"
schwefel,Schwefel,131,2110,gradient,2,"[-500.0, 500.0]","[56.51722982309104, 193.7875353778395]","[64.87151262748719, 203.01344787368592]",572.6297648899548,10000,10002,"{""max_iterations"": 10000, ""rate"": 0.001, ""tolerance"": 1e-06}"
schwefel,Schwefel,132,2111,gradient,2,"[-500.0, 500.0]","[-295.67441914433533, -490.55977268659655]","[-301.97641911976154, -552.0890522114125]",-13.450544892734342,10000,10002,"{""max_iterations"": 10000, ""rate"": 0.001, ""tolerance"": 1e-06}"
schwefel,Schwefel,133,2112,gradient,2,"[-500.0, 500.0]","[-412.2072819643746, -351.1147067017497]","[-348.14237304770984, -306.9504302874493]",473.818440509554,10000,10002,"{""max_iterations"": 10000, ""rate"": 0.001, ""tolerance"": 1e-06}"
schwefel,Schwefel,134,2113,gradient,2,"[-500.0, 500.0]","[-48.6523636687204, -421.59520672222436]","[-27.71563555134429, -428.789571756341]",1225.6343359268035,10000,10002,"{""max_iterations"": 10000, ""rate"": 0.001, ""tolerance"": 1e-06}"
schwefel,Schwefel,135,2114,gradient,2,"[-500.0, 500.0]","[354.87037687233465, -30.570279836507268]","[413.6700103815688, -26.142689654412848]",401.59510306391934,10000,10002,"{""max_iterations"": 10000, ""rate"": 0.001, ""tolerance"": 1e-06}"
schwefel,Schwefel,136,2115,gradient,2,"[-500.0, 500.0]","[-36.33762749866975, 304.28811561853433]","[-26.494703691885338, 324.34005809948155]",1055.4794717914276,10000,10002,"{""max_iterations"": 10000, ""rate"": 0.001, ""tolerance"": 1e-06}"
schwefel,Schwefel,137,2116,gradient,2,"[-500.0, 500.0]","[-174.41250715571368, -160.89074164286842]","[-130.48906122969353, -128.08084492889571]",597.7159159691919,10000,10002,"{""max_iterations"": 10000, ""rate"": 0.001, ""tolerance"": 1e-06}"
schwefel,Schwefel,138,2117,gradient,2,"[-500.0, 500.0]","[-263.1557083939873, -373.46742523358944]","[-298.8738217024709, -310.60651803161875]",246.82914685707,10000,10002,"{""max_iterations"": 10000, ""rate"": 0.001, ""tolerance"": 1e-06}"
schwefel,Schwefel,139,2118,gradient,2,"[-500.0, 500.0]","[191.55976430416945, 238.89129050905547]","[202.82772764834087, 206.82441167885756]",435.55955976465805,10000,10002,"{""max_iterations"": 10000, ""rate"": 0.001, ""tolerance"": 1e-06}"
schwefel,Schwefel,140,2110,gradient,2,"[-500.0, 500.0]","[56.51722982309104, 193.7875353778395]","[64.87151262748719, 203.01344787368592]",572.6297648899548,10000,10002,"{""max_iterations"": 10000, ""rate"": 0.001, ""tolerance"": 1e-06}"
schwefel,Schwefel,141,2111,gradient,2,"[-500.0, 500.0]","[-295.67441914433533, -490.55977268659655]","[-301.97641911976154, -552.0890522114125]",-13.450544892734342,10000,10002,"{""max_iterations"": 10000, ""rate"": 0.001, ""tolerance"": 1e-06}"
schwefel,Schwefel,142,2112,gradient,2,"[-500.0, 500.0]","[-412.2072819643746, -351.1147067017497]","[-348.14237304770984, -306.9504302874493]",473.818440509554,10000,10002,"{""max_iterations"": 10000, ""rate"": 0.001, ""tolerance"": 1e-06}"
schwefel,Schwefel,143,2113,gradient,2,"[-500.0, 500.0]","[-48.6523636687204, -421.59520672222436]","[-27.71563555134429, -428.789571756341]",1225.6343359268035,10000,10002,"{""max_iterations"": 10000, ""rate"": 0.001, ""tolerance"": 1e-06}"
schwefel,Schwefel,144,2114,gradient,2,"[-500.0, 500.0]","[354.87037687233465, -30.570279836507268]","[413.6700103815688, -26.142689654412848]",401.59510306391934,10000,10002,"{""max_iterations"": 10000, ""rate"": 0.001, ""tolerance"": 1e-06}"
schwefel,Schwefel,145,2115,gradient,2,"[-500.0, 500.0]","[-36.33762749866975, 304.28811561853433]","[-26.494703691885338, 324.34005809948155]",1055.4794717914276,10000,10002,"{""max_iterations"": 10000, ""rate"": 0.001, ""tolerance"": 1e-06}"
schwefel,Schwefel,146,2116,gradient,2,"[-500.0, 500.0]","[-174.41250715571368, -160.89074164286842]","[-130.48906122969353, -128.08084492889571]",597.7159159691919,10000,10002,"{""max_iterations"": 10000, ""rate"": 0.001, ""tolerance"": 1e-06}"
schwefel,Schwefel,147,2117,gradient,2,"[-500.0, 500.0]","[-263.1557083939873, -373.46742523358944]","[-298.8738217024709, -310.60651803161875]",246.82914685707,10000,10002,"{""max_iterations"": 10000, ""rate"": 0.001, ""tolerance"": 1e-06}"
schwefel,Schwefel,148,2118,gradient,2,"[-500.0, 500.0]","[191.55976430416945, 238.89129050905547]","[202.82772764834087, 206.82441167885756]",435.55955976465805,10000,10002,"{""max_iterations"": 10000, ""rate"": 0.001, ""tolerance"": 1e-06}"
schwefel,Schwefel,149,2119,gradient,2,"[-500.0, 500.0]","[286.4625716361845, 401.92943683089277]","[222.18581649908526, 419.3981658350449]",259.58834754877853,10000,10002,"{""max_iterations"": 10000, ""rate"": 0.001, ""tolerance"": 1e-06}"
schwefel,Schwefel,150,2111,gradient,2,"[-500.0, 500.0]","[-295.67441914433533, -490.55977268659655]","[-301.97641911976154, -552.0890522114125]",-13.450544892734342,10000,10002,"{""max_iterations"": 10000, ""rate"": 0.001, ""tolerance"": 1e-06}"
schwefel,Schwefel,151,2112,gradient,2,"[-500.0, 500.0]","[-412.2072819643746, -351.1147067017497]","[-348.14237304770984, -306.9504302874493]",473.818440509554,10000,10002,"{""max_iterations"": 10000, ""rate"": 0.001, ""tolerance"": 1e-06}"
schwefel,Schwefel,152,2113,gradient,2,"[-500.0, 500.0]","[-48.6523636687204, -421.59520672222436]","[-27.71563555134429, -428.789571756341]",1225.6343359268035,10000,10002,"{""max_iterations"": 10000, ""rate"": 0.001, ""tolerance"": 1e-06}"
schwefel,Schwefel,153,2114,gradient,2,"[-500.0, 500.0]","[354.87037687233465, -30.570279836507268]","[413.6700103815688, -26.142689654412848]",401.59510306391934,10000,10002,"{""max_iterations"": 10000, ""rate"": 0.001, ""tolerance"": 1e-06}"
schwefel,Schwefel,154,2115,gradient,2,"[-500.0, 500.0]","[-36.33762749866975, 304.28811561853433]","[-26.494703691885338, 324.34005809948155]",1055.4794717914276,10000,10002,"{""max_iterations"": 10000, ""rate"": 0.001, ""tolerance"": 1e-06}"
schwefel,Schwefel,155,2116,gradient,2,"[-500.0, 500.0]","[-174.41250715571368, -160.89074164286842]","[-130.48906122969353, -128.08084492889571]",597.7159159691919,10000,10002,"{""max_iterations"": 10000, ""rate"": 0.001, ""tolerance"": 1e-06}"
schwefel,Schwefel,156,2117,gradient,2,"[-500.0, 500.0]","[-263.1557083939873, -373.46742523358944]","[-298.8738217024709, -310.60651803161875]",246.82914685707,10000,10002,"{""max_iterations"": 10000, ""rate"": 0.001, ""tolerance"": 1e-06}"
schwefel,Schwefel,157,2118,gradient,2,"[-500.0, 500.0]","[191.55976430416945, 238.89129050905547]","[202.82772764834087, 206.82441167885756]",435.55955976465805,10000,10002,"{""max_iterations"": 10000, ""rate"": 0.001, ""tolerance"": 1e-06}"
schwefel,Schwefel,158,2119,gradient,2,"[-500.0, 500.0]","[286.4625716361845, 401.92943683089277]","[222.18581649908526, 419.3981658350449]",259.58834754877853,10000,10002,"{""max_iterations"": 10000, ""rate"": 0.001, ""tolerance"": 1e-06}"
schwefel,Schwefel,159,2120,gradient,2,"[-500.0, 500.0]","[151.04050141230164, -309.2742060889463]","[197.00533179252, -303.0599072985993]",341.4622723733217,10000,10002,"{""max_iterations"": 10000, ""rate"": 0.001, ""tolerance"": 1e-06}"
schwefel,Schwefel,160,2112,gradient,2,"[-500.0, 500.0]","[-412.2072819643746, -351.1147067017497]","[-348.14237304770984, -306.9504302874493]",473.818440509554,10000,10002,"{""max_iterations"": 10000, ""rate"": 0.001, ""tolerance"": 1e-06}"
schwefel,Schwefel,161,2113,gradient,2,"[-500.0, 500.0]","[-48.6523636687204, -421.59520672222436]","[-27.71563555134429, -428.789571756341]",1225.6343359268035,10000,10002,"{""max_iterations"": 10000, ""rate"": 0.001, ""tolerance"": 1e-06}"
schwefel,Schwefel,162,2114,gradient,2,"[-500.0, 500.0]","[354.87037687233465, -30.570279836507268]","[413.6700103815688, -26.142689654412848]",401.59510306391934,10000,10002,"{""max_iterations"": 10000, ""rate"": 0.001, ""tolerance"": 1e-06}"
schwefel,Schwefel,163,2115,gradient,2,"[-500.0, 500.0]","[-36.33762749866975, 304.28811561853433]","[-26.494703691885338, 324.34005809948155]",1055.4794717914276,10000,10002,"{""max_iterations"": 10000, ""rate"": 0.001, ""tolerance"": 1e-06}"
schwefel,Schwefel,164,2116,gradient,2,"[-500.0, 500.0]","[-174.41250715571368, -160.89074164286842]","[-130.48906122969353, -128.08084492889571]",597.7159159691919,10000,10002,"{""max_iterations"": 10000, ""rate"": 0.001, ""tolerance"": 1e-06}"
schwefel,Schwefel,165,2117,gradient,2,"[-500.0, 500.0]","[-263.1557083939873, -373.46742523358944]","[-298.8738217024709, -310.60651803161875]",246.82914685707,10000,10002,"{""max_iterations"": 10000, ""rate"": 0.001, ""tolerance"": 1e-06}"
schwefel,Schwefel,166,2118,gradient,2,"[-500.0, 500.0]","[191.55976430416945, 238.89129050905547]","[202.82772764834087, 206.82441167885756]",435.55955976465805,10000,10002,"{""max_iterations"": 10000, ""rate"": 0.001, ""tolerance"": 1e-06}"
schwefel,Schwefel,167,2119,gradient,2,"[-500.0, 500.0]","[286.4625716361845, 401.92943683089277]","[222.18581649908526, 419.3981658350449]",259.58834754877853,10000,10002,"{""max_iterations"": 10000, ""rate"": 0.001, ""tolerance"": 1e-06}"
schwefel,Schwefel,168,2120,gradient,2,"[-500.0, 500.0]","[151.04050141230164, -309.2742060889463]","[197.00533179252, -303.0599072985993]",341.4622723733217,10000,10002,"{""max_iterations"": 10000, ""rate"": 0.001, ""tolerance"": 1e-06}"
schwefel,Schwefel,169,2121,gradient,2,"[-500.0, 500.0]","[-245.51770225225334, 480.830658283356]","[-296.1137710732937, 426.59317050420776]",127.60506784952304,10000,10002,"{""max_iterations"": 10000, ""rate"": 0.001, ""tolerance"": 1e-06}"
schwefel,Schwefel,170,2113,gradient,2,"[-500.0, 500.0]","[-48.6523636687204, -421.59520672222436]","[-27.71563555134429, -428.789571756341]",1225.6343359268035,10000,10002,"{""max_iterations"": 10000, ""rate"": 0.001, ""tolerance"": 1e-06}"
schwefel,Schwefel,171,2114,gradient,2,"[-500.0, 500.0]","[354.87037687233465, -30.570279836507268]","[413.6700103815688, -26.142689654412848]",401.59510306391934,10000,10002,"{""max_iterations"": 10000, ""rate"": 0.001, ""tolerance"": 1e-06}"
schwefel,Schwefel,172,2115,gradient,2,"[-500.0, 500.0]","[-36.33762749866975, 304.28811561853433]","[-26.494703691885338, 324.34005809948155]",1055.4794717914276,10000,10002,"{""max_iterations"": 10000, ""rate"": 0.001, ""tolerance"": 1e-06}"
schwefel,Schwefel,173,2116,gradient,2,"[-500.0, 500.0]","[-174.41250715571368, -160.89074164286842]","[-130.48906122969353, -128.08084492889571]",597.7159159691919,10000,10002,"{""max_iterations"": 10000, ""rate"": 0.001, ""tolerance"": 1e-06}"
schwefel,Schwefel,174,2117,gradient,2,"[-500.0, 500.0]","[-263.1557083939873, -373.46742523358944]","[-298.8738217024709, -310.60651803161875]",246.82914685707,10000,10002,"{""max_iterations"": 10000, ""rate"": 0.001, ""tolerance"": 1e-06}"
schwefel,Schwefel,175,2118,gradient,2,"[-500.0, 500.0]","[191.55976430416945, 238.89129050905547]","[202.82772764834087, 206.82441167885756]",435.55955976465805,10000,10002,"{""max_iterations"": 10000, ""rate"": 0.001, ""tolerance"": 1e-06}"
schwefel,Schwefel,176,2119,gradient,2,"[-500.0, 500.0]","[286.4625716361845, 401.92943683089277]","[222.18581649908526, 419.3981658350449]",259.58834754877853,10000,10002,"{""max_iterations"": 10000, ""rate"": 0.001, ""tolerance"": 1e-06}"
schwefel,Schwefel,177,2120,gradient,2,"[-500.0, 500.0]","[151.04050141230164, -309.2742060889463]","[197.00533179252, -303.0599072985993]",341.4622723733217,10000,10002,"{""max_iterations"": 10000, ""rate"": 0.001, ""tolerance"": 1e-06}"
schwefel,Schwefel,178,2121,gradient,2,"[-500.0, 500.0]","[-245.51770225225334, 480.830658283356]","[-296.1137710732937, 426.59317050420776]",127.60506784952304,10000,10002,"{""max_iterations"": 10000, ""rate"": 0.001, ""tolerance"": 1e-06}"
schwefel,Schwefel,179,2122,gradient,2,"[-500.0, 500.0]","[475.137496326523, 225.09838233652113]","[425.88652158036007, 205.5186990636436]",220.5640462000888,10000,10002,"{""max_iterations"": 10000, ""rate"": 0.001, ""tolerance"": 1e-06}"
schwefel,Schwefel,180,2114,gradient,2,"[-500.0, 500.0]","[354.87037687233465, -30.570279836507268]","[413.6700103815688, -26.142689654412848]",401.59510306391934,10000,10002,"{""max_iterations"": 10000, ""rate"": 0.001, ""tolerance"": 1e-06}"
schwefel,Schwefel,181,2115,gradient,2,"[-500.0, 500.0]","[-36.33762749866975, 304.28811561853433]","[-26.494703691885338, 324.34005809948155]",1055.4794717914276,10000,10002,"{""max_iterations"": 10000, ""rate"": 0.001, ""tolerance"": 1e-06}"
schwefel,Schwefel,182,2116,gradient,2,"[-500.0, 500.0]","[-174.41250715571368, -160.89074164286842]","[-130.48906122969353, -128.08084492889571]",597.7159159691919,10000,10002,"{""max_iterations"": 10000, ""rate"": 0.001, ""tolerance"": 1e-06}"
schwefel,Schwefel,183,2117,gradient,2,"[-500.0, 500.0]","[-263.1557083939873, -373.46742523358944]","[-298.8738217024709, -310.60651803161875]",246.82914685707,10000,10002,"{""max_iterations"": 10000, ""rate"": 0.001, ""tolerance"": 1e-06}"
schwefel,Schwefel,184,2118,gradient,2,"[-500.0, 500.0]","[191.55976430416945, 238.89129050905547]","[202.82772764834087, 206.82441167885756]",435.55955976465805,10000,10002,"{""max_iterations"": 10000, ""rate"": 0.001, ""tolerance"": 1e-06}"
schwefel,Schwefel,185,2119,gradient,2,"[-500.0, 500.0]","[286.4625716361845, 401.92943683089277]","[222.18581649908526, 419.3981658350449]",259.58834754877853,10000,10002,"{""max_iterations"": 10000, ""rate"": 0.001, ""tolerance"": 1e-06}"
schwefel,Schwefel,186,2120,gradient,2,"[-500.0, 500.0]","[151.04050141230164, -309.2742060889463]","[197.00533179252, -303.0599072985993]",341.4622723733217,10000,10002,"{""max_iterations"": 10000, ""rate"": 0.001, ""tolerance"": 1e-06}"
schwefel,Schwefel,187,2121,gradient,2,"[-500.0, 500.0]","[-245.51770225225334, 480.830658283356]","[-296.1137710732937, 426.59317050420776]",127.60506784952304,10000,10002,"{""max_iterations"": 10000, ""rate"": 0.001, ""tolerance"": 1e-06}"
schwefel,Schwefel,188,2122,gradient,2,"[-500.0, 500.0]","[475.137496326523, 225.09838233652113]","[425.88652158036007, 205.5186990636436]",220.5640462000888,10000,10002,"{""max_iterations"": 10000, ""rate"": 0.001, ""tolerance"": 1e-06}"
schwefel,Schwefel,189,2123,gradient,2,"[-500.0, 500.0]","[-235.271636457579, 352.586381622762]","[-293.4430853924833, 413.21075377803083]",136.32167518299912,10000,10002,"{""max_iterations"": 10000, ""rate"": 0.001, ""tolerance"": 1e-06}"
schwefel,Schwefel,190,2115,gradient,2,"[-500.0, 500.0]","[-36.33762749866975, 304.28811561853433]","[-26.494703691885338, 324.34005809948155]",1055.4794717914276,10000,10002,"{""max_iterations"": 10000, ""rate"": 0.001, ""tolerance"": 1e-06}"
schwefel,Schwefel,191,2116,gradient,2,"[-500.0, 500.0]","[-174.41250715571368, -160.89074164286842]","[-130.48906122969353, -128.08084492889571]",597.7159159691919,10000,10002,"{""max_iterations"": 10000, ""rate"": 0.001, ""tolerance"": 1e-06}"
schwefel,Schwefel,192,2117,gradient,2,"[-500.0, 500.0]","[-263.1557083939873, -373.46742523358944]","[-298.8738217024709, -310.60651803161875]",246.82914685707,10000,10002,"{""max_iterations"": 10000, ""rate"": 0.001, ""tolerance"": 1e-06}"
schwefel,Schwefel,193,2118,gradient,2,"[-500.0, 500.0]","[191.55976430416945, 238.89129050905547]","[202.82772764834087, 206.82441167885756]",435.55955976465805,10000,10002,"{""max_iterations"": 10000, ""rate"": 0.001, ""tolerance"": 1e-06}"
schwefel,Schwefel,194,2119,gradient,2,"[-500.0, 500.0]","[286.4625716361845, 401.92943683089277]","[222.18581649908526, 419.3981658350449]",259.58834754877853,10000,10002,"{""max_iterations"": 10000, ""rate"": 0.001, ""tolerance"": 1e-06}"
schwefel,Schwefel,195,2120,gradient,2,"[-500.0, 500.0]","[151.04050141230164, -309.2742060889463]","[197.00533179252, -303.0599072985993]",341.4622723733217,10000,10002,"{""max_iterations"": 10000, ""rate"": 0.001, ""tolerance"": 1e-06}"
schwefel,Schwefel,196,2121,gradient,2,"[-500.0, 500.0]","[-245.51770225225334, 480.830658283356]","[-296.1137710732937, 426.59317050420776]",127.60506784952304,10000,10002,"{""max_iterations"": 10000, ""rate"": 0.001, ""tolerance"": 1e-06}"
schwefel,Schwefel,197,2122,gradient,2,"[-500.0, 500.0]","[475.137496326523, 225.09838233652113]","[425.88652158036007, 205.5186990636436]",220.5640462000888,10000,10002,"{""max_iterations"": 10000, ""rate"": 0.001, ""tolerance"": 1e-06}"
schwefel,Schwefel,198,2123,gradient,2,"[-500.0, 500.0]","[-235.271636457579, 352.586381622762]","[-293.4430853924833, 413.21075377803083]",136.32167518299912,10000,10002,"{""max_iterations"": 10000, ""rate"": 0.001, ""tolerance"": 1e-06}"
schwefel,Schwefel,199,2124,gradient,2,"[-500.0, 500.0]","[424.3175043213679, -355.52390881371764]","[421.2367867204573, -307.51382074552845]",121.60230739483518,10000,10002,"{""max_iterations"": 10000, ""rate"": 0.001, ""tolerance"": 1e-06}"
schwefel,Schwefel,200,2107,gradient,2,"[-500.0, 500.0]","[75.24163932070246, 394.8804504368295]","[66.234975660148, 418.7710774466838]",356.01931991465494,10000,10002,"{""max_iterations"": 10000, ""rate"": 0.001, ""tolerance"": 1e-06}"
schwefel,Schwefel,201,2108,gradient,2,"[-500.0, 500.0]","[470.16983984871445, 375.14376582388945]","[425.32136604051215, 416.7241230269508]",4.659991797961084,10000,10002,"{""max_iterations"": 10000, ""rate"": 0.001, ""tolerance"": 1e-06}"
schwefel,Schwefel,202,2109,gradient,2,"[-500.0, 500.0]","[112.84048394639433, 431.57775584766443]","[73.7056951165001, 421.81891297410664]",364.21057468649167,10000,10002,"{""max_iterations"": 10000, ""rate"": 0.001, ""tolerance"": 1e-06}"
schwefel,Schwefel,203,2110,gradient,2,"[-500.0, 500.0]","[56.51722982309104, 193.7875353778395]","[64.87151262748719, 203.01344787368592]",572.6297648899548,10000,10002,"{""max_iterations"": 10000, ""rate"": 0.001, ""tolerance"": 1e-06}"
schwefel,Schwefel,204,2111,gradient,2,"[-500.0, 500.0]","[-295.67441914433533, -490.55977268659655]","[-301.97641911976154, -552.0890522114125]",-13.450544892734342,10000,10002,"{""max_iterations"": 10000, ""rate"": 0.001, ""tolerance"": 1e-06}"
schwefel,Schwefel,205,2112,gradient,2,"[-500.0, 500.0]","[-412.2072819643746, -351.1147067017497]","[-348.14237304770984, -306.9504302874493]",473.818440509554,10000,10002,"{""max_iterations"": 10000, ""rate"": 0.001, ""tolerance"": 1e-06}"
schwefel,Schwefel,206,2113,gradient,2,"[-500.0, 500.0]","[-48.6523636687204, -421.59520672222436]","[-27.71563555134429, -428.789571756341]",1225.6343359268035,10000,10002,"{""max_iterations"": 10000, ""rate"": 0.001, ""tolerance"": 1e-06}"
schwefel,Schwefel,207,2114,gradient,2,"[-500.0, 500.0]","[354.87037687233465, -30.570279836507268]","[413.6700103815688, -26.142689654412848]",401.59510306391934,10000,10002,"{""max_iterations"": 10000, ""rate"": 0.001, ""tolerance"": 1e-06}"
schwefel,Schwefel,208,2115,gradient,2,"[-500.0, 500.0]","[-36.33762749866975, 304.28811561853433]","[-26.494703691885338, 324.34005809948155]",1055.4794717914276,10000,10002,"{""max_iterations"": 10000, ""rate"": 0.001, ""tolerance"": 1e-06}"
schwefel,Schwefel,209,2116,gradient,2,"[-500.0, 500.0]","[-174.41250715571368, -160.89074164286842]","[-130.48906122969353, -128.08084492889571]",597.7159159691919,10000,10002,"{""max_iterations"": 10000, ""rate"": 0.001, ""tolerance"": 1e-06}"
schwefel,Schwefel,210,2108,gradient,2,"[-500.0, 500.0]","[470.16983984871445, 375.14376582388945]","[425.32136604051215, 416.7241230269508]",4.659991797961084,10000,10002,"{""max_iterations"": 10000, ""rate"": 0.001, ""tolerance"": 1e-06}"
schwefel,Schwefel,211,2109,gradient,2,"[-500.0, 500.0]","[112.84048394639433, 431.57775584766443]","[73.7056951165001, 421.81891297410664]",364.21057468649167,10000,10002,"{""max_iterations"": 10000, ""rate"": 0.001, ""tolerance"": 1e-06}"
schwefel,Schwefel,212,2110,gradient,2,"[-500.0, 500.0]","[56.51722982309104, 193.7875353778395]","[64.87151262748719, 203.01344787368592]",572.6297648899548,10000,10002,"{""max_iterations"": 10000, ""rate"": 0.001, ""tolerance"": 1e-06}"
schwefel,Schwefel,213,2111,gradient,2,"[-500.0, 500.0]","[-295.67441914433533, -490.55977268659655]","[-301.97641911976154, -552.0890522114125]",-13.450544892734342,10000,10002,"{""max_iterations"": 10000, ""rate"": 0.001, ""tolerance"": 1e-06}"
schwefel,Schwefel,214,2112,gradient,2,"[-500.0, 500.0]","[-412.2072819643746, -351.1147067017497]","[-348.14237304770984, -306.9504302874493]",473.818440509554,10000,10002,"{""max_iterations"": 10000, ""rate"": 0.001, ""tolerance"": 1e-06}"
schwefel,Schwefel,215,2113,gradient,2,"[-500.0, 500.0]","[-48.6523636687204, -421.59520672222436]","[-27.71563555134429, -428.789571756341]",1225.6343359268035,10000,10002,"{""max_iterations"": 10000, ""rate"": 0.001, ""tolerance"": 1e-06}"
schwefel,Schwefel,216,2114,gradient,2,"[-500.0, 500.0]","[354.87037687233465, -30.570279836507268]","[413.6700103815688, -26.142689654412848]",401.59510306391934,10000,10002,"{""max_iterations"": 10000, ""rate"": 0.001, ""tolerance"": 1e-06}"
schwefel,Schwefel,217,2115,gradient,2,"[-500.0, 500.0]","[-36.33762749866975, 304.28811561853433]","[-26.494703691885338, 324.34005809948155]",1055.4794717914276,10000,10002,"{""max_iterations"": 10000, ""rate"": 0.001, ""tolerance"": 1e-06}"
schwefel,Schwefel,218,2116,gradient,2,"[-500.0, 500.0]","[-174.41250715571368, -160.89074164286842]","[-130.48906122969353, -128.08084492889571]",597.7159159691919,10000,10002,"{""max_iterations"": 10000, ""rate"": 0.001, ""tolerance"": 1e-06}"
schwefel,Schwefel,219,2117,gradient,2,"[-500.0, 500.0]","[-263.1557083939873, -373.46742523358944]","[-298.8738217024709, -310.60651803161875]",246.82914685707,10000,10002,"{""max_iterations"": 10000, ""rate"": 0.001, ""tolerance"": 1e-06}"
schwefel,Schwefel,220,2109,gradient,2,"[-500.0, 500.0]","[112.84048394639433, 431.57775584766443]","[73.7056951165001, 421.81891297410664]",364.21057468649167,10000,10002,"{""max_iterations"": 10000, ""rate"": 0.001, ""tolerance"": 1e-06}"
schwefel,Schwefel,221,2110,gradient,2,"[-500.0, 500.0]","[56.51722982309104, 193.7875353778395]","[64.87151262748719, 203.01344787368592]",572.6297648899548,10000,10002,"{""max_iterations"": 10000, ""rate"": 0.001, ""tolerance"": 1e-06}"
schwefel,Schwefel,222,2111,gradient,2,"[-500.0, 500.0]","[-295.67441914433533, -490.55977268659655]","[-301.97641911976154, -552.0890522114125]",-13.450544892734342,10000,10002,"{""max_iterations"": 10000, ""rate"": 0.001, ""tolerance"": 1e-06}"
schwefel,Schwefel,223,2112,gradient,2,"[-500.0, 500.0]","[-412.2072819643746, -351.1147067017497]","[-348.14237304770984, -306.9504302874493]",473.818440509554,10000,10002,"{""max_iterations"": 10000, ""rate"": 0.001, ""tolerance"": 1e-06}"
schwefel,Schwefel,224,2113,gradient,2,"[-500.0, 500.0]","[-48.6523636687204, -421.59520672222436]","[-27.71563555134429, -428.789571756341]",1225.6343359268035,10000,10002,"{""max_iterations"": 10000, ""rate"": 0.001, ""tolerance"": 1e-06}"
schwefel,Schwefel,225,2114,gradient,2,"[-500.0, 500.0]","[354.87037687233465, -30.570279836507268]","[413.6700103815688, -26.142689654412848]",401.59510306391934,10000,10002,"{""max_iterations"": 10000, ""rate"": 0.001, ""tolerance"": 1e-06}"
schwefel,Schwefel,226,2115,gradient,2,"[-500.0, 500.0]","[-36.33762749866975, 304.28811561853433]","[-26.494703691885338, 324.34005809948155]",1055.4794717914276,10000,10002,"{""max_iterations"": 10000, ""rate"": 0.001, ""tolerance"": 1e-06}"
schwefel,Schwefel,227,2116,gradient,2,"[-500.0, 500.0]","[-174.41250715571368, -160.89074164286842]","[-130.48906122969353, -128.08084492889571]",597.7159159691919,10000,10002,"{""max_iterations"": 10000, ""rate"": 0.001, ""tolerance"": 1e-06}"
schwefel,Schwefel,228,2117,gradient,2,"[-500.0, 500.0]","[-263.1557083939873, -373.46742523358944]","[-298.8738217024709, -310.60651803161875]",246.82914685707,10000,10002,"{""max_iterations"": 10000, ""rate"": 0.001, ""tolerance"": 1e-06}"
schwefel,Schwefel,229,2118,gradient,2,"[-500.0, 500.0]","[191.55976430416945, 238.89129050905547]","[202.82772764834087, 206.82441167885756]",435.55955976465805,10000,10002,"{""max_iterations"": 10000, ""rate"": 0.001, ""tolerance"": 1e-06}"
schwefel,Schwefel,230,2110,gradient,2,"[-500.0, 500.0]","[56.51722982309104, 193.7875353778395]","[64.87151262748719, 203.01344787368592]",572.6297648899548,10000,10002,"{""max_iterations"": 10000, ""rate"": 0.001, ""tolerance"": 1e-06}"
schwefel,Schwefel,231,2111,gradient,2,"[-500.0, 500.0]","[-295.67441914433533, -490.55977268659655]","[-301.97641911976154, -552.0890522114125]",-13.450544892734342,10000,10002,"{""max_iterations"": 10000, ""rate"": 0.001, ""tolerance"": 1e-06}"
schwefel,Schwefel,232,2112,gradient,2,"[-500.0, 500.0]","[-412.2072819643746, -351.1147067017497]","[-348.14237304770984, -306.9504302874493]",473.818440509554,10000,10002,"{""max_iterations"": 10000, ""rate"": 0.001, ""tolerance"": 1e-06}"
schwefel,Schwefel,233,2113,gradient,2,"[-500.0, 500.0]","[-48.6523636687204, -421.59520672222436]","[-27.71563555134429, -428.789571756341]",1225.6343359268035,10000,10002,"{""max_iterations"": 10000, ""rate"": 0.001, ""tolerance"": 1e-06}"
schwefel,Schwefel,234,2114,gradient,2,"[-500.0, 500.0]","[354.87037687233465, -30.570279836507268]","[413.6700103815688, -26.142689654412848]",401.59510306391934,10000,10002,"{""max_iterations"": 10000, ""rate"": 0.001, ""tolerance"": 1e-06}"
schwefel,Schwefel,235,2115,gradient,2,"[-500.0, 500.0]","[-36.33762749866975, 304.28811561853433]","[-26.494703691885338, 324.34005809948155]",1055.4794717914276,10000,10002,"{""max_iterations"": 10000, ""rate"": 0.001, ""tolerance"": 1e-06}"
schwefel,Schwefel,236,2116,gradient,2,"[-500.0, 500.0]","[-174.41250715571368, -160.89074164286842]","[-130.48906122969353, -128.08084492889571]",597.7159159691919,10000,10002,"{""max_iterations"": 10000, ""rate"": 0.001, ""tolerance"": 1e-06}"
schwefel,Schwefel,237,2117,gradient,2,"[-500.0, 500.0]","[-263.1557083939873, -373.46742523358944]","[-298.8738217024709, -310.60651803161875]",246.82914685707,10000,10002,"{""max_iterations"": 10000, ""rate"": 0.001, ""tolerance"": 1e-06}"
schwefel,Schwefel,238,2118,gradient,2,"[-500.0, 500.0]","[191.55976430416945, 238.89129050905547]","[202.82772764834087, 206.82441167885756]",435.55955976465805,10000,10002,"{""max_iterations"": 10000, ""rate"": 0.001, ""tolerance"": 1e-06}"
schwefel,Schwefel,239,2119,gradient,2,"[-500.0, 500.0]","[286.4625716361845, 401.92943683089277]","[222.18581649908526, 419.3981658350449]",259.58834754877853,10000,10002,"{""max_iterations"": 10000, ""rate"": 0.001, ""tolerance"": 1e-06}"
schwefel,Schwefel,240,2111,gradient,2,"[-500.0, 500.0]","[-295.67441914433533, -490.55977268659655]","[-301.97641911976154, -552.0890522114125]",-13.450544892734342,10000,10002,"{""max_iterations"": 10000, ""rate"": 0.001, ""tolerance"": 1e-06}"
schwefel,Schwefel,241,2112,gradient,2,"[-500.0, 500.0]","[-412.2072819643746, -351.1147067017497]","[-348.14237304770984, -306.9504302874493]",473.818440509554,10000,10002,"{""max_iterations"": 10000, ""rate"": 0.001, ""tolerance"": 1e-06}"
schwefel,Schwefel,242,2113,gradient,2,"[-500.0, 500.0]","[-48.6523636687204, -421.59520672222436]","[-27.71563555134429, -428.789571756341]",1225.6343359268035,10000,10002,"{""max_iterations"": 10000, ""rate"": 0.001, ""tolerance"": 1e-06}"
schwefel,Schwefel,243,2114,gradient,2,"[-500.0, 500.0]","[354.87037687233465, -30.570279836507268]","[413.6700103815688, -26.142689654412848]",401.59510306391934,10000,10002,"{""max_iterations"": 10000, ""rate"": 0.001, ""tolerance"": 1e-06}"
schwefel,Schwefel,244,2115,gradient,2,"[-500.0, 500.0]","[-36.33762749866975, 304.28811561853433]","[-26.494703691885338, 324.34005809948155]",1055.4794717914276,10000,10002,"{""max_iterations"": 10000, ""rate"": 0.001, ""tolerance"": 1e-06}"
schwefel,Schwefel,245,2116,gradient,2,"[-500.0, 500.0]","[-174.41250715571368, -160.89074164286842]","[-130.48906122969353, -128.08084492889571]",597.7159159691919,10000,10002,"{""max_iterations"": 10000, ""rate"": 0.001, ""tolerance"": 1e-06}"
schwefel,Schwefel,246,2117,gradient,2,"[-500.0, 500.0]","[-263.1557083939873, -373.46742523358944]","[-298.8738217024709, -310.60651803161875]",246.82914685707,10000,10002,"{""max_iterations"": 10000, ""rate"": 0.001, ""tolerance"": 1e-06}"
schwefel,Schwefel,247,2118,gradient,2,"[-500.0, 500.0]","[191.55976430416945, 238.89129050905547]","[202.82772764834087, 206.82441167885756]",435.55955976465805,10000,10002,"{""max_iterations"": 10000, ""rate"": 0.001, ""tolerance"": 1e-06}"
schwefel,Schwefel,248,2119,gradient,2,"[-500.0, 500.0]","[286.4625716361845, 401.92943683089277]","[222.18581649908526, 419.3981658350449]",259.58834754877853,10000,10002,"{""max_iterations"": 10000, ""rate"": 0.001, ""tolerance"": 1e-06}"
schwefel,Schwefel,249,2120,gradient,2,"[-500.0, 500.0]","[151.04050141230164, -309.2742060889463]","[197.00533179252, -303.0599072985993]",341.4622723733217,10000,10002,"{""max_iterations"": 10000, ""rate"": 0.001, ""tolerance"": 1e-06}"
schwefel,Schwefel,250,2112,gradient,2,"[-500.0, 500.0]","[-412.2072819643746, -351.1147067017497]","[-348.14237304770984, -306.9504302874493]",473.818440509554,10000,10002,"{""max_iterations"": 10000, ""rate"": 0.001, ""tolerance"": 1e-06}"
schwefel,Schwefel,251,2113,gradient,2,"[-500.0, 500.0]","[-48.6523636687204, -421.59520672222436]","[-27.71563555134429, -428.789571756341]",1225.6343359268035,10000,10002,"{""max_iterations"": 10000, ""rate"": 0.001, ""tolerance"": 1e-06}"
schwefel,Schwefel,252,2114,gradient,2,"[-500.0, 500.0]","[354.87037687233465, -30.570279836507268]","[413.6700103815688, -26.142689654412848]",401.59510306391934,10000,10002,"{""max_iterations"": 10000, ""rate"": 0.001, ""tolerance"": 1e-06}"
schwefel,Schwefel,253,2115,gradient,2,"[-500.0, 500.0]","[-36.33762749866975, 304.28811561853433]","[-26.494703691885338, 324.34005809948155]",1055.4794717914276,10000,10002,"{""max_iterations"": 10000, ""rate"": 0.001, ""tolerance"": 1e-06}"
schwefel,Schwefel,254,2116,gradient,2,"[-500.0, 500.0]","[-174.41250715571368, -160.89074164286842]","[-130.48906122969353, -128.08084492889571]",597.7159159691919,10000,10002,"{""max_iterations"": 10000, ""rate"": 0.001, ""tolerance"": 1e-06}"
schwefel,Schwefel,255,2117,gradient,2,"[-500.0, 500.0]","[-263.1557083939873, -373.46742523358944]","[-298.8738217024709, -310.60651803161875]",246.82914685707,10000,10002,"{""max_iterations"": 10000, ""rate"": 0.001, ""tolerance"": 1e-06}"
schwefel,Schwefel,256,2118,gradient,2,"[-500.0, 500.0]","[191.55976430416945, 238.89129050905547]","[202.82772764834087, 206.82441167885756]",435.55955976465805,10000,10002,"{""max_iterations"": 10000, ""rate"": 0.001, ""tolerance"": 1e-06}"
schwefel,Schwefel,257,2119,gradient,2,"[-500.0, 500.0]","[286.4625716361845, 401.92943683089277]","[222.18581649908526, 419.3981658350449]",259.58834754877853,10000,10002,"{""max_iterations"": 10000, ""rate"": 0.001, ""tolerance"": 1e-06}"
schwefel,Schwefel,258,2120,gradient,2,"[-500.0, 500.0]","[151.04050141230164, -309.2742060889463]","[197.00533179252, -303.0599072985993]",341.4622723733217,10000,10002,"{""max_iterations"": 10000, ""rate"": 0.001, ""tolerance"": 1e-06}"
schwefel,Schwefel,259,2121,gradient,2,"[-500.0, 500.0]","[-245.51770225225334, 480.830658283356]","[-296.1137710732937, 426.59317050420776]",127.60506784952304,10000,10002,"{""max_iterations"": 10000, ""rate"": 0.001, ""tolerance"": 1e-06}"
schwefel,Schwefel,260,2113,gradient,2,"[-500.0, 500.0]","[-48.6523636687204, -421.59520672222436]","[-27.71563555134429, -428.789571756341]",1225.6343359268035,10000,10002,"{""max_iterations"": 10000, ""rate"": 0.001, ""tolerance"": 1e-06}"
schwefel,Schwefel,261,2114,gradient,2,"[-500.0, 500.0]","[354.87037687233465, -30.570279836507268]","[413.6700103815688, -26.142689654412848]",401.59510306391934,10000,10002,"{""max_iterations"": 10000, ""rate"": 0.001, ""tolerance"": 1e-06}"
schwefel,Schwefel,262,2115,gradient,2,"[-500.0, 500.0]","[-36.33762749866975, 304.28811561853433]","[-26.494703691885338, 324.34005809948155]",1055.4794717914276,10000,10002,"{""max_iterations"": 10000, ""rate"": 0.001, ""tolerance"": 1e-06}"
schwefel,Schwefel,263,2116,gradient,2,"[-500.0, 500.0]","[-174.41250715571368, -160.89074164286842]","[-130.48906122969353, -128.08084492889571]",597.7159159691919,10000,10002,"{""max_iterations"": 10000, ""rate"": 0.001, ""tolerance"": 1e-06}"
schwefel,Schwefel,264,2117,gradient,2,"[-500.0, 500.0]","[-263.1557083939873, -373.46742523358944]","[-298.8738217024709, -310.60651803161875]",246.82914685707,10000,10002,"{""max_iterations"": 10000, ""rate"": 0.001, ""tolerance"": 1e-06}"
schwefel,Schwefel,265,2118,gradient,2,"[-500.0, 500.0]","[191.55976430416945, 238.89129050905547]","[202.82772764834087, 206.82441167885756]",435.55955976465805,10000,10002,"{""max_iterations"": 10000, ""rate"": 0.001, ""tolerance"": 1e-06}"
schwefel,Schwefel,266,2119,gradient,2,"[-500.0, 500.0]","[286.4625716361845, 401.92943683089277]","[222.18581649908526, 419.3981658350449]",259.58834754877853,10000,10002,"{""max_iterations"": 10000, ""rate"": 0.001, ""tolerance"": 1e-06}"
schwefel,Schwefel,267,2120,gradient,2,"[-500.0, 500.0]","[151.04050141230164, -309.2742060889463]","[197.00533179252, -303.0599072985993]",341.4622723733217,10000,10002,"{""max_iterations"": 10000, ""rate"": 0.001, ""tolerance"": 1e-06}"
schwefel,Schwefel,268,2121,gradient,2,"[-500.0, 500.0]","[-245.51770225225334, 480.830658283356]","[-296.1137710732937, 426.59317050420776]",127.60506784952304,10000,10002,"{""max_iterations"": 10000, ""rate"": 0.001, ""tolerance"": 1e-06}"
schwefel,Schwefel,269,2122,gradient,2,"[-500.0, 500.0]","[475.137496326523, 225.09838233652113]","[425.88652158036007, 205.5186990636436]",220.5640462000888,10000,10002,"{""max_iterations"": 10000, ""rate"": 0.001, ""tolerance"": 1e-06}"
schwefel,Schwefel,270,2114,gradient,2,"[-500.0, 500.0]","[354.87037687233465, -30.570279836507268]","[413.6700103815688, -26.142689654412848]",401.59510306391934,10000,10002,"{""max_iterations"": 10000, ""rate"": 0.001, ""tolerance"": 1e-06}"
schwefel,Schwefel,271,2115,gradient,2,"[-500.0, 500.0]","[-36.33762749866975, 304.28811561853433]","[-26.494703691885338, 324.34005809948155]",1055.4794717914276,10000,10002,"{""max_iterations"": 10000, ""rate"": 0.001, ""tolerance"": 1e-06}"
schwefel,Schwefel,272,2116,gradient,2,"[-500.0, 500.0]","[-174.41250715571368, -160.89074164286842]","[-130.48906122969353, -128.08084492889571]",597.7159159691919,10000,10002,"{""max_iterations"": 10000, ""rate"": 0.001, ""tolerance"": 1e-06}"
schwefel,Schwefel,273,2117,gradient,2,"[-500.0, 500.0]","[-263.1557083939873, -373.46742523358944]","[-298.8738217024709, -310.60651803161875]",246.82914685707,10000,10002,"{""max_iterations"": 10000, ""rate"": 0.001, ""tolerance"": 1e-06}"
schwefel,Schwefel,274,2118,gradient,2,"[-500.0, 500.0]","[191.55976430416945, 238.89129050905547]","[202.82772764834087, 206.82441167885756]",435.55955976465805,10000,10002,"{""max_iterations"": 10000, ""rate"": 0.001, ""tolerance"": 1e-06}"
schwefel,Schwefel,275,2119,gradient,2,"[-500.0, 500.0]","[286.4625716361845, 401.92943683089277]","[222.18581649908526, 419.3981658350449]",259.58834754877853,10000,10002,"{""max_iterations"": 10000, ""rate"": 0.001, ""tolerance"": 1e-06}"
schwefel,Schwefel,276,2120,gradient,2,"[-500.0, 500.0]","[151.04050141230164, -309.2742060889463]","[197.00533179252, -303.0599072985993]",341.4622723733217,10000,10002,"{""max_iterations"": 10000, ""rate"": 0.001, ""tolerance"": 1e-06}"
schwefel,Schwefel,277,2121,gradient,2,"[-500.0, 500.0]","[-245.51770225225334, 480.830658283356]","[-296.1137710732937, 426.59317050420776]",127.60506784952304,10000,10002,"{""max_iterations"": 10000, ""rate"": 0.001, ""tolerance"": 1e-06}"
schwefel,Schwefel,278,2122,gradient,2,"[-500.0, 500.0]","[475.137496326523, 225.09838233652113]","[425.88652158036007, 205.5186990636436]",220.5640462000888,10000,10002,"{""max_iterations"": 10000, ""rate"": 0.001, ""tolerance"": 1e-06}"
schwefel,Schwefel,279,2123,gradient,2,"[-500.0, 500.0]","[-235.271636457579, 352.586381622762]","[-293.4430853924833, 413.21075377803083]",136.32167518299912,10000,10002,"{""max_iterations"": 10000, ""rate"": 0.001, ""tolerance"": 1e-06}"
schwefel,Schwefel,280,2115,gradient,2,"[-500.0, 500.0]","[-36.33762749866975, 304.28811561853433]","[-26.494703691885338, 324.34005809948155]",1055.4794717914276,10000,10002,"{""max_iterations"": 10000, ""rate"": 0.001, ""tolerance"": 1e-06}"
schwefel,Schwefel,281,2116,gradient,2,"[-500.0, 500.0]","[-174.41250715571368, -160.89074164286842]","[-130.48906122969353, -128.08084492889571]",597.7159159691919,10000,10002,"{""max_iterations"": 10000, ""rate"": 0.001, ""tolerance"": 1e-06}"
schwefel,Schwefel,282,2117,gradient,2,"[-500.0, 500.0]","[-263.1557083939873, -373.46742523358944]","[-298.8738217024709, -310.60651803161875]",246.82914685707,10000,10002,"{""max_iterations"": 10000, ""rate"": 0.001, ""tolerance"": 1e-06}"
schwefel,Schwefel,283,2118,gradient,2,"[-500.0, 500.0]","[191.55976430416945, 238.89129050905547]","[202.82772764834087, 206.82441167885756]",435.55955976465805,10000,10002,"{""max_iterations"": 10000, ""rate"": 0.001, ""tolerance"": 1e-06}"
schwefel,Schwefel,284,2119,gradient,2,"[-500.0, 500.0]","[286.4625716361845, 401.92943683089277]","[222.18581649908526, 419.3981658350449]",259.58834754877853,10000,10002,"{""max_iterations"": 10000, ""rate"": 0.001, ""tolerance"": 1e-06}"
schwefel,Schwefel,285,2120,gradient,2,"[-500.0, 500.0]","[151.04050141230164, -309.2742060889463]","[197.00533179252, -303.0599072985993]",341.4622723733217,10000,10002,"{""max_iterations"": 10000, ""rate"": 0.001, ""tolerance"": 1e-06}"
schwefel,Schwefel,286,2121,gradient,2,"[-500.0, 500.0]","[-245.51770225225334, 480.830658283356]","[-296.1137710732937, 426.59317050420776]",127.60506784952304,10000,10002,"{""max_iterations"": 10000, ""rate"": 0.001, ""tolerance"": 1e-06}"
schwefel,Schwefel,287,2122,gradient,2,"[-500.0, 500.0]","[475.137496326523, 225.09838233652113]","[425.88652158036007, 205.5186990636436]",220.5640462000888,10000,10002,"{""max_iterations"": 10000, ""rate"": 0.001, ""tolerance"": 1e-06}"
schwefel,Schwefel,288,2123,gradient,2,"[-500.0, 500.0]","[-235.271636457579, 352.586381622762]","[-293.4430853924833, 413.21075377803083]",136.32167518299912,10000,10002,"{""max_iterations"": 10000, ""rate"": 0.001, ""tolerance"": 1e-06}"
schwefel,Schwefel,289,2124,gradient,2,"[-500.0, 500.0]","[424.3175043213679, -355.52390881371764]","[421.2367867204573, -307.51382074552845]",121.60230739483518,10000,10002,"{""max_iterations"": 10000, ""rate"": 0.001, ""tolerance"": 1e-06}"
schwefel,Schwefel,290,2116,gradient,2,"[-500.0, 500.0]","[-174.41250715571368, -160.89074164286842]","[-130.48906122969353, -128.08084492889571]",597.7159159691919,10000,10002,"{""max_iterations"": 10000, ""rate"": 0.001, ""tolerance"": 1e-06}"
schwefel,Schwefel,291,2117,gradient,2,"[-500.0, 500.0]","[-263.1557083939873, -373.46742523358944]","[-298.8738217024709, -310.60651803161875]",246.82914685707,10000,10002,"{""max_iterations"": 10000, ""rate"": 0.001, ""tolerance"": 1e-06}"
schwefel,Schwefel,292,2118,gradient,2,"[-500.0, 500.0]","[191.55976430416945, 238.89129050905547]","[202.82772764834087, 206.82441167885756]",435.55955976465805,10000,10002,"{""max_iterations"": 10000, ""rate"": 0.001, ""tolerance"": 1e-06}"
schwefel,Schwefel,293,2119,gradient,2,"[-500.0, 500.0]","[286.4625716361845, 401.92943683089277]","[222.18581649908526, 419.3981658350449]",259.58834754877853,10000,10002,"{""max_iterations"": 10000, ""rate"": 0.001, ""tolerance"": 1e-06}"
schwefel,Schwefel,294,2120,gradient,2,"[-500.0, 500.0]","[151.04050141230164, -309.2742060889463]","[197.00533179252, -303.0599072985993]",341.4622723733217,10000,10002,"{""max_iterations"": 10000, ""rate"": 0.001, ""tolerance"": 1e-06}"
schwefel,Schwefel,295,2121,gradient,2,"[-500.0, 500.0]","[-245.51770225225334, 480.830658283356]","[-296.1137710732937, 426.59317050420776]",127.60506784952304,10000,10002,"{""max_iterations"": 10000, ""rate"": 0.001, ""tolerance"": 1e-06}"
schwefel,Schwefel,296,2122,gradient,2,"[-500.0, 500.0]","[475.137496326523, 225.09838233652113]","[425.88652158036007, 205.5186990636436]",220.5640462000888,10000,10002,"{""max_iterations"": 10000, ""rate"": 0.001, ""tolerance"": 1e-06}"
schwefel,Schwefel,297,2123,gradient,2,"[-500.0, 500.0]","[-235.271636457579, 352.586381622762]","[-293.4430853924833, 413.21075377803083]",136.32167518299912,10000,10002,"{""max_iterations"": 10000, ""rate"": 0.001, ""tolerance"": 1e-06}"
schwefel,Schwefel,298,2124,gradient,2,"[-500.0, 500.0]","[424.3175043213679, -355.52390881371764]","[421.2367867204573, -307.51382074552845]",121.60230739483518,10000,10002,"{""max_iterations"": 10000, ""rate"": 0.001, ""tolerance"": 1e-06}"
schwefel,Schwefel,299,2125,gradient,2,"[-500.0, 500.0]","[-273.18224531048577, 85.104284168454]","[-299.9811092941991, 67.03009800228477]",474.89602049747657,10000,10002,"{""max_iterations"": 10000, ""rate"": 0.001, ""tolerance"": 1e-06}"
schwefel,Schwefel,300,2108,gradient,2,"[-500.0, 500.0]","[470.16983984871445, 375.14376582388945]","[425.32136604051215, 416.7241230269508]",4.659991797961084,10000,10002,"{""max_iterations"": 10000, ""rate"": 0.001, ""tolerance"": 1e-06}"
schwefel,Schwefel,301,2109,gradient,2,"[-500.0, 500.0]","[112.84048394639433, 431.57775584766443]","[73.7056951165001, 421.81891297410664]",364.21057468649167,10000,10002,"{""max_iterations"": 10000, ""rate"": 0.001, ""tolerance"": 1e-06}"
schwefel,Schwefel,302,2110,gradient,2,"[-500.0, 500.0]","[56.51722982309104, 193.7875353778395]","[64.87151262748719, 203.01344787368592]",572.6297648899548,10000,10002,"{""max_iterations"": 10000, ""rate"": 0.001, ""tolerance"": 1e-06}"
schwefel,Schwefel,303,2111,gradient,2,"[-500.0, 500.0]","[-295.67441914433533, -490.55977268659655]","[-301.97641911976154, -552.0890522114125]",-13.450544892734342,10000,10002,"{""max_iterations"": 10000, ""rate"": 0.001, ""tolerance"": 1e-06}"
schwefel,Schwefel,304,2112,gradient,2,"[-500.0, 500.0]","[-412.2072819643746, -351.1147067017497]","[-348.14237304770984, -306.9504302874493]",473.818440509554,10000,10002,"{""max_iterations"": 10000, ""rate"": 0.001, ""tolerance"": 1e-06}"
schwefel,Schwefel,305,2113,gradient,2,"[-500.0, 500.0]","[-48.6523636687204, -421.59520672222436]","[-27.71563555134429, -428.789571756341]",1225.6343359268035,10000,10002,"{""max_iterations"": 10000, ""rate"": 0.001, ""tolerance"": 1e-06}"
schwefel,Schwefel,306,2114,gradient,2,"[-500.0, 500.0]","[354.87037687233465, -30.570279836507268]","[413.6700103815688, -26.142689654412848]",401.59510306391934,10000,10002,"{""max_iterations"": 10000, ""rate"": 0.001, ""tolerance"": 1e-06}"
schwefel,Schwefel,307,2115,gradient,2,"[-500.0, 500.0]","[-36.33762749866975, 304.28811561853433]","[-26.494703691885338, 324.34005809948155]",1055.4794717914276,10000,10002,"{""max_iterations"": 10000, ""rate"": 0.001, ""tolerance"": 1e-06}"
schwefel,Schwefel,308,2116,gradient,2,"[-500.0, 500.0]","[-174.41250715571368, -160.89074164286842]","[-130.48906122969353, -128.08084492889571]",597.7159159691919,10000,10002,"{""max_iterations"": 10000, ""rate"": 0.001, ""tolerance"": 1e-06}"
schwefel,Schwefel,309,2117,gradient,2,"[-500.0, 500.0]","[-263.1557083939873, -373.46742523358944]","[-298.8738217024709, -310.60651803161875]",246.82914685707,10000,10002,"{""max_iterations"": 10000, ""rate"": 0.001, ""tolerance"": 1e-06}"
schwefel,Schwefel,310,2109,gradient,2,"[-500.0, 500.0]","[112.84048394639433, 431.57775584766443]","[73.7056951165001, 421.81891297410664]",364.21057468649167,10000,10002,"{""max_iterations"": 10000, ""rate"": 0.001, ""tolerance"": 1e-06}"
schwefel,Schwefel,311,2110,gradient,2,"[-500.0, 500.0]","[56.51722982309104, 193.7875353778395]","[64.87151262748719, 203.01344787368592]",572.6297648899548,10000,10002,"{""max_iterations"": 10000, ""rate"": 0.001, ""tolerance"": 1e-06}"
schwefel,Schwefel,312,2111,gradient,2,"[-500.0, 500.0]","[-295.67441914433533, -490.55977268659655]","[-301.97641911976154, -552.0890522114125]",-13.450544892734342,10000,10002,"{""max_iterations"": 10000, ""rate"": 0.001, ""tolerance"": 1e-06}"
schwefel,Schwefel,313,2112,gradient,2,"[-500.0, 500.0]","[-412.2072819643746, -351.1147067017497]","[-348.14237304770984, -306.9504302874493]",473.818440509554,10000,10002,"{""max_iterations"": 10000, ""rate"": 0.001, ""tolerance"": 1e-06}"
schwefel,Schwefel,314,2113,gradient,2,"[-500.0, 500.0]","[-48.6523636687204, -421.59520672222436]","[-27.71563555134429, -428.789571756341]",1225.6343359268035,10000,10002,"{""max_iterations"": 10000, ""rate"": 0.001, ""tolerance"": 1e-06}"
schwefel,Schwefel,315,2114,gradient,2,"[-500.0, 500.0]","[354.87037687233465, -30.570279836507268]","[413.6700103815688, -26.142689654412848]",401.59510306391934,10000,10002,"{""max_iterations"": 10000, ""rate"": 0.001, ""tolerance"": 1e-06}"
schwefel,Schwefel,316,2115,gradient,2,"[-500.0, 500.0]","[-36.33762749866975, 304.28811561853433]","[-26.494703691885338, 324.34005809948155]",1055.4794717914276,10000,10002,"{""max_iterations"": 10000, ""rate"": 0.001, ""tolerance"": 1e-06}"
schwefel,Schwefel,317,2116,gradient,2,"[-500.0, 500.0]","[-174.41250715571368, -160.89074164286842]","[-130.48906122969353, -128.08084492889571]",597.7159159691919,10000,10002,"{""max_iterations"": 10000, ""rate"": 0.001, ""tolerance"": 1e-06}"
schwefel,Schwefel,318,2117,gradient,2,"[-500.0, 500.0]","[-263.1557083939873, -373.46742523358944]","[-298.8738217024709, -310.60651803161875]",246.82914685707,10000,10002,"{""max_iterations"": 10000, ""rate"": 0.001, ""tolerance"": 1e-06}"
schwefel,Schwefel,319,2118,gradient,2,"[-500.0, 500.0]","[191.55976430416945, 238.89129050905547]","[202.82772764834087, 206.82441167885756]",435.55955976465805,10000,10002,"{""max_iterations"": 10000, ""rate"": 0.001, ""tolerance"": 1e-06}"
schwefel,Schwefel,320,2110,gradient,2,"[-500.0, 500.0]","[56.51722982309104, 193.7875353778395]","[64.87151262748719, 203.01344787368592]",572.6297648899548,10000,10002,"{""max_iterations"": 10000, ""rate"": 0.001, ""tolerance"": 1e-06}"
schwefel,Schwefel,321,2111,gradient,2,"[-500.0, 500.0]","[-295.67441914433533, -490.55977268659655]","[-301.97641911976154, -552.0890522114125]",-13.450544892734342,10000,10002,"{""max_iterations"": 10000, ""rate"": 0.001, ""tolerance"": 1e-06}"
schwefel,Schwefel,322,2112,gradient,2,"[-500.0, 500.0]","[-412.2072819643746, -351.1147067017497]","[-348.14237304770984, -306.9504302874493]",473.818440509554,10000,10002,"{""max_iterations"": 10000, ""rate"": 0.001, ""tolerance"": 1e-06}"
schwefel,Schwefel,323,2113,gradient,2,"[-500.0, 500.0]","[-48.6523636687204, -421.59520672222436]","[-27.71563555134429, -428.789571756341]",1225.6343359268035,10000,10002,"{""max_iterations"": 10000, ""rate"": 0.001, ""tolerance"": 1e-06}"
schwefel,Schwefel,324,2114,gradient,2,"[-500.0, 500.0]","[354.87037687233465, -30.570279836507268]","[413.6700103815688, -26.142689654412848]",401.59510306391934,10000,10002,"{""max_iterations"": 10000, ""rate"": 0.001, ""tolerance"": 1e-06}"
schwefel,Schwefel,325,2115,gradient,2,"[-500.0, 500.0]","[-36.33762749866975, 304.28811561853433]","[-26.494703691885338, 324.34005809948155]",1055.4794717914276,10000,10002,"{""max_iterations"": 10000, ""rate"": 0.001, ""tolerance"": 1e-06}"
schwefel,Schwefel,326,2116,gradient,2,"[-500.0, 500.0]","[-174.41250715571368, -160.89074164286842]","[-130.48906122969353, -128.08084492889571]",597.7159159691919,10000,10002,"{""max_iterations"": 10000, ""rate"": 0.001, ""tolerance"": 1e-06}"
schwefel,Schwefel,327,2117,gradient,2,"[-500.0, 500.0]","[-263.1557083939873, -373.46742523358944]","[-298.8738217024709, -310.60651803161875]",246.82914685707,10000,10002,"{""max_iterations"": 10000, ""rate"": 0.001, ""tolerance"": 1e-06}"
schwefel,Schwefel,328,2118,gradient,2,"[-500.0, 500.0]","[191.55976430416945, 238.89129050905547]","[202.82772764834087, 206.82441167885756]",435.55955976465805,10000,10002,"{""max_iterations"": 10000, ""rate"": 0.001, ""tolerance"": 1e-06}"
schwefel,Schwefel,329,2119,gradient,2,"[-500.0, 500.0]","[286.4625716361845, 401.92943683089277]","[222.18581649908526, 419.3981658350449]",259.58834754877853,10000,10002,"{""max_iterations"": 10000, ""rate"": 0.001, ""tolerance"": 1e-06}"
schwefel,Schwefel,330,2111,gradient,2,"[-500.0, 500.0]","[-295.67441914433533, -490.55977268659655]","[-301.97641911976154, -552.0890522114125]",-13.450544892734342,10000,10002,"{""max_iterations"": 10000, ""rate"": 0.001, ""tolerance"": 1e-06}"
schwefel,Schwefel,331,2112,gradient,2,"[-500.0, 500.0]","[-412.2072819643746, -351.1147067017497]","[-348.14237304770984, -306.9504302874493]",473.818440509554,10000,10002,"{""max_iterations"": 10000, ""rate"": 0.001, ""tolerance"": 1e-06}"
schwefel,Schwefel,332,2113,gradient,2,"[-500.0, 500.0]","[-48.6523636687204, -421.59520672222436]","[-27.71563555134429, -428.789571756341]",1225.6343359268035,10000,10002,"{""max_iterations"": 10000, ""rate"": 0.001, ""tolerance"": 1e-06}"
schwefel,Schwefel,333,2114,gradient,2,"[-500.0, 500.0]","[354.87037687233465, -30.570279836507268]","[413.6700103815688, -26.142689654412848]",401.59510306391934,10000,10002,"{""max_iterations"": 10000, ""rate"": 0.001, ""tolerance"": 1e-06}"
schwefel,Schwefel,334,2115,gradient,2,"[-500.0, 500.0]","[-36.33762749866975, 304.28811561853433]","[-26.494703691885338, 324.34005809948155]",1055.4794717914276,10000,10002,"{""max_iterations"": 10000, ""rate"": 0.001, ""tolerance"": 1e-06}"
schwefel,Schwefel,335,2116,gradient,2,"[-500.0, 500.0]","[-174.41250715571368, -160.89074164286842]","[-130.48906122969353, -128.08084492889571]",597.7159159691919,10000,10002,"{""max_iterations"": 10000, ""rate"": 0.001, ""tolerance"": 1e-06}"
schwefel,Schwefel,336,2117,gradient,2,"[-500.0, 500.0]","[-263.1557083939873, -373.46742523358944]","[-298.8738217024709, -310.60651803161875]",246.82914685707,10000,10002,"{""max_iterations"": 10000, ""rate"": 0.001, ""tolerance"": 1e-06}"
schwefel,Schwefel,337,2118,gradient,2,"[-500.0, 500.0]","[191.55976430416945, 238.89129050905547]","[202.82772764834087, 206.82441167885756]",435.55955976465805,10000,10002,"{""max_iterations"": 10000, ""rate"": 0.001, ""tolerance"": 1e-06}"
schwefel,Schwefel,338,2119,gradient,2,"[-500.0, 500.0]","[286.4625716361845, 401.92943683089277]","[222.18581649908526, 419.3981658350449]",259.58834754877853,10000,10002,"{""max_iterations"": 10000, ""rate"": 0.001, ""tolerance"": 1e-06}"
schwefel,Schwefel,339,2120,gradient,2,"[-500.0, 500.0]","[151.04050141230164, -309.2742060889463]","[197.00533179252, -303.0599072985993]",341.4622723733217,10000,10002,"{""max_iterations"": 10000, ""rate"": 0.001, ""tolerance"": 1e-06}"
schwefel,Schwefel,340,2112,gradient,2,"[-500.0, 500.0]","[-412.2072819643746, -351.1147067017497]","[-348.14237304770984, -306.9504302874493]",473.818440509554,10000,10002,"{""max_iterations"": 10000, ""rate"": 0.001, ""tolerance"": 1e-06}"
schwefel,Schwefel,341,2113,gradient,2,"[-500.0, 500.0]","[-48.6523636687204, -421.59520672222436]","[-27.71563555134429, -428.789571756341]",1225.6343359268035,10000,10002,"{""max_iterations"": 10000, ""rate"": 0.001, ""tolerance"": 1e-06}"
schwefel,Schwefel,342,2114,gradient,2,"[-500.0, 500.0]","[354.87037687233465, -30.570279836507268]","[413.6700103815688, -26.142689654412848]",401.59510306391934,10000,10002,"{""max_iterations"": 10000, ""rate"": 0.001, ""tolerance"": 1e-06}"
schwefel,Schwefel,343,2115,gradient,2,"[-500.0, 500.0]","[-36.33762749866975, 304.28811561853433]","[-26.494703691885338, 324.34005809948155]",1055.4794717914276,10000,10002,"{""max_iterations"": 10000, ""rate"": 0.001, ""tolerance"": 1e-06}"
schwefel,Schwefel,344,2116,gradient,2,"[-500.0, 500.0]","[-174.41250715571368, -160.89074164286842]","[-130.48906122969353, -128.08084492889571]",597.7159159691919,10000,10002,"{""max_iterations"": 10000, ""rate"": 0.001, ""tolerance"": 1e-06}"
schwefel,Schwefel,345,2117,gradient,2,"[-500.0, 500.0]","[-263.1557083939873, -373.46742523358944]","[-298.8738217024709, -310.60651803161875]",246.82914685707,10000,10002,"{""max_iterations"": 10000, ""rate"": 0.001, ""tolerance"": 1e-06}"
schwefel,Schwefel,346,2118,gradient,2,"[-500.0, 500.0]","[191.55976430416945, 238.89129050905547]","[202.82772764834087, 206.82441167885756]",435.55955976465805,10000,10002,"{""max_iterations"": 10000, ""rate"": 0.001, ""tolerance"": 1e-06}"
schwefel,Schwefel,347,2119,gradient,2,"[-500.0, 500.0]","[286.4625716361845, 401.92943683089277]","[222.18581649908526, 419.3981658350449]",259.58834754877853,10000,10002,"{""max_iterations"": 10000, ""rate"": 0.001, ""tolerance"": 1e-06}"
schwefel,Schwefel,348,2120,gradient,2,"[-500.0, 500.0]","[151.04050141230164, -309.2742060889463]","[197.00533179252, -303.0599072985993]",341.4622723733217,10000,10002,"{""max_iterations"": 10000, ""rate"": 0.001, ""tolerance"": 1e-06}"
schwefel,Schwefel,349,2121,gradient,2,"[-500.0, 500.0]","[-245.51770225225334, 480.830658283356]","[-296.1137710732937, 426.59317050420776]",127.60506784952304,10000,10002,"{""max_iterations"": 10000, ""rate"": 0.001, ""tolerance"": 1e-06}"
schwefel,Schwefel,350,2113,gradient,2,"[-500.0, 500.0]","[-48.6523636687204, -421.59520672222436]","[-27.71563555134429, -428.789571756341]",1225.6343359268035,10000,10002,"{""max_iterations"": 10000, ""rate"": 0.001, ""tolerance"": 1e-06}"
schwefel,Schwefel,351,2114,gradient,2,"[-500.0, 500.0]","[354.87037687233465, -30.570279836507268]","[413.6700103815688, -26.142689654412848]",401.59510306391934,10000,10002,"{""max_iterations"": 10000, ""rate"": 0.001, ""tolerance"": 1e-06}"
schwefel,Schwefel,352,2115,gradient,2,"[-500.0, 500.0]","[-36.33762749866975, 304.28811561853433]","[-26.494703691885338, 324.34005809948155]",1055.4794717914276,10000,10002,"{""max_iterations"": 10000, ""rate"": 0.001, ""tolerance"": 1e-06}"
schwefel,Schwefel,353,2116,gradient,2,"[-500.0, 500.0]","[-174.41250715571368, -160.89074164286842]","[-130.48906122969353, -128.08084492889571]",597.7159159691919,10000,10002,"{""max_iterations"": 10000, ""rate"": 0.001, ""tolerance"": 1e-06}"
schwefel,Schwefel,354,2117,gradient,2,"[-500.0, 500.0]","[-263.1557083939873, -373.46742523358944]","[-298.8738217024709, -310.60651803161875]",246.82914685707,10000,10002,"{""max_iterations"": 10000, ""rate"": 0.001, ""tolerance"": 1e-06}"
schwefel,Schwefel,355,2118,gradient,2,"[-500.0, 500.0]","[191.55976430416945, 238.89129050905547]","[202.82772764834087, 206.82441167885756]",435.55955976465805,10000,10002,"{""max_iterations"": 10000, ""rate"": 0.001, ""tolerance"": 1e-06}"
schwefel,Schwefel,356,2119,gradient,2,"[-500.0, 500.0]","[286.4625716361845, 401.92943683089277]","[222.18581649908526, 419.3981658350449]",259.58834754877853,10000,10002,"{""max_iterations"": 10000, ""rate"": 0.001, ""tolerance"": 1e-06}"
schwefel,Schwefel,357,2120,gradient,2,"[-500.0, 500.0]","[151.04050141230164, -309.2742060889463]","[197.00533179252, -303.0599072985993]",341.4622723733217,10000,10002,"{""max_iterations"": 10000, ""rate"": 0.001, ""tolerance"": 1e-06}"
schwefel,Schwefel,358,2121,gradient,2,"[-500.0, 500.0]","[-245.51770225225334, 480.830658283356]","[-296.1137710732937, 426.59317050420776]",127.60506784952304,10000,10002,"{""max_iterations"": 10000, ""rate"": 0.001, ""tolerance"": 1e-06}"
schwefel,Schwefel,359,2122,gradient,2,"[-500.0, 500.0]","[475.137496326523, 225.09838233652113]","[425.88652158036007, 205.5186990636436]",220.5640462000888,10000,10002,"{""max_iterations"": 10000, ""rate"": 0.001, ""tolerance"": 1e-06}"
schwefel,Schwefel,360,2114,gradient,2,"[-500.0, 500.0]","[354.87037687233465, -30.570279836507268]","[413.6700103815688, -26.142689654412848]",401.59510306391934,10000,10002,"{""max_iterations"": 10000, ""rate"": 0.001, ""tolerance"": 1e-06}"
schwefel,Schwefel,361,2115,gradient,2,"[-500.0, 500.0]","[-36.33762749866975, 304.28811561853433]","[-26.494703691885338, 324.34005809948155]",1055.4794717914276,10000,10002,"{""max_iterations"": 10000, ""rate"": 0.001, ""tolerance"": 1e-06}"
schwefel,Schwefel,362,2116,gradient,2,"[-500.0, 500.0]","[-174.41250715571368, -160.89074164286842]","[-130.48906122969353, -128.08084492889571]",597.7159159691919,10000,10002,"{""max_iterations"": 10000, ""rate"": 0.001, ""tolerance"": 1e-06}"
schwefel,Schwefel,363,2117,gradient,2,"[-500.0, 500.0]","[-263.1557083939873, -373.46742523358944]","[-298.8738217024709, -310.60651803161875]",246.82914685707,10000,10002,"{""max_iterations"": 10000, ""rate"": 0.001, ""tolerance"": 1e-06}"
schwefel,Schwefel,364,2118,gradient,2,"[-500.0, 500.0]","[191.55976430416945, 238.89129050905547]","[202.82772764834087, 206.82441167885756]",435.55955976465805,10000,10002,"{""max_iterations"": 10000, ""rate"": 0.001, ""tolerance"": 1e-06}"
schwefel,Schwefel,365,2119,gradient,2,"[-500.0, 500.0]","[286.4625716361845, 401.92943683089277]","[222.18581649908526, 419.3981658350449]",259.58834754877853,10000,10002,"{""max_iterations"": 10000, ""rate"": 0.001, ""tolerance"": 1e-06}"
schwefel,Schwefel,366,2120,gradient,2,"[-500.0, 500.0]","[151.04050141230164, -309.2742060889463]","[197.00533179252, -303.0599072985993]",341.4622723733217,10000,10002,"{""max_iterations"": 10000, ""rate"": 0.001, ""tolerance"": 1e-06}"
schwefel,Schwefel,367,2121,gradient,2,"[-500.0, 500.0]","[-245.51770225225334, 480.830658283356]","[-296.1137710732937, 426.59317050420776]",127.60506784952304,10000,10002,"{""max_iterations"": 10000, ""rate"": 0.001, ""tolerance"": 1e-06}"
schwefel,Schwefel,368,2122,gradient,2,"[-500.0, 500.0]","[475.137496326523, 225.09838233652113]","[425.88652158036007, 205.5186990636436]",220.5640462000888,10000,10002,"{""max_iterations"": 10000, ""rate"": 0.001, ""tolerance"": 1e-06}"
schwefel,Schwefel,369,2123,gradient,2,"[-500.0, 500.0]","[-235.271636457579, 352.586381622762]","[-293.4430853924833, 413.21075377803083]",136.32167518299912,10000,10002,"{""max_iterations"": 10000, ""rate"": 0.001, ""tolerance"": 1e-06}"
schwefel,Schwefel,370,2115,gradient,2,"[-500.0, 500.0]","[-36.33762749866975, 304.28811561853433]","[-26.494703691885338, 324.34005809948155]",1055.4794717914276,10000,10002,"{""max_iterations"": 10000, ""rate"": 0.001, ""tolerance"": 1e-06}"
schwefel,Schwefel,371,2116,gradient,2,"[-500.0, 500.0]","[-174.41250715571368, -160.89074164286842]","[-130.48906122969353, -128.08084492889571]",597.7159159691919,10000,10002,"{""max_iterations"": 10000, ""rate"": 0.001, ""tolerance"": 1e-06}"
schwefel,Schwefel,372,2117,gradient,2,"[-500.0, 500.0]","[-263.1557083939873, -373.46742523358944]","[-298.8738217024709, -310.60651803161875]",246.82914685707,10000,10002,"{""max_iterations"": 10000, ""rate"": 0.001, ""tolerance"": 1e-06}"
schwefel,Schwefel,373,2118,gradient,2,"[-500.0, 500.0]","[191.55976430416945, 238.89129050905547]","[202.82772764834087, 206.82441167885756]",435.55955976465805,10000,10002,"{""max_iterations"": 10000, ""rate"": 0.001, ""tolerance"": 1e-06}"
schwefel,Schwefel,374,2119,gradient,2,"[-500.0, 500.0]","[286.4625716361845, 401.92943683089277]","[222.18581649908526, 419.3981658350449]",259.58834754877853,10000,10002,"{""max_iterations"": 10000, ""rate"": 0.001, ""tolerance"": 1e-06}"
schwefel,Schwefel,375,2120,gradient,2,"[-500.0, 500.0]","[151.04050141230164, -309.2742060889463]","[197.00533179252, -303.0599072985993]",341.4622723733217,10000,10002,"{""max_iterations"": 10000, ""rate"": 0.001, ""tolerance"": 1e-06}"
schwefel,Schwefel,376,2121,gradient,2,"[-500.0, 500.0]","[-245.51770225225334, 480.830658283356]","[-296.1137710732937, 426.59317050420776]",127.60506784952304,10000,10002,"{""max_iterations"": 10000, ""rate"": 0.001, ""tolerance"": 1e-06}"
schwefel,Schwefel,377,2122,gradient,2,"[-500.0, 500.0]","[475.137496326523, 225.09838233652113]","[425.88652158036007, 205.5186990636436]",220.5640462000888,10000,10002,"{""max_iterations"": 10000, ""rate"": 0.001, ""tolerance"": 1e-06}"
schwefel,Schwefel,378,2123,gradient,2,"[-500.0, 500.0]","[-235.271636457579, 352.586381622762]","[-293.4430853924833, 413.21075377803083]",136.32167518299912,10000,10002,"{""max_iterations"": 10000, ""rate"": 0.001, ""tolerance"": 1e-06}"
schwefel,Schwefel,379,2124,gradient,2,"[-500.0, 500.0]","[424.3175043213679, -355.52390881371764]","[421.2367867204573, -307.51382074552845]",121.60230739483518,10000,10002,"{""max_iterations"": 10000, ""rate"": 0.001, ""tolerance"": 1e-06}"
schwefel,Schwefel,380,2116,gradient,2,"[-500.0, 500.0]","[-174.41250715571368, -160.89074164286842]","[-130.48906122969353, -128.08084492889571]",597.7159159691919,10000,10002,"{""max_iterations"": 10000, ""rate"": 0.001, ""tolerance"": 1e-06}"
schwefel,Schwefel,381,2117,gradient,2,"[-500.0, 500.0]","[-263.1557083939873, -373.46742523358944]","[-298.8738217024709, -310.60651803161875]",246.82914685707,10000,10002,"{""max_iterations"": 10000, ""rate"": 0.001, ""tolerance"": 1e-06}"
schwefel,Schwefel,382,2118,gradient,2,"[-500.0, 500.0]","[191.55976430416945, 238.89129050905547]","[202.82772764834087, 206.82441167885756]",435.55955976465805,10000,10002,"{""max_iterations"": 10000, ""rate"": 0.001, ""tolerance"": 1e-06}"
schwefel,Schwefel,383,2119,gradient,2,"[-500.0, 500.0]","[286.4625716361845, 401.92943683089277]","[222.18581649908526, 419.3981658350449]",259.58834754877853,10000,10002,"{""max_iterations"": 10000, ""rate"": 0.001, ""tolerance"": 1e-06}"
schwefel,Schwefel,384,2120,gradient,2,"[-500.0, 500.0]","[151.04050141230164, -309.2742060889463]","[197.00533179252, -303.0599072985993]",341.4622723733217,10000,10002,"{""max_iterations"": 10000, ""rate"": 0.001, ""tolerance"": 1e-06}"
schwefel,Schwefel,385,2121,gradient,2,"[-500.0, 500.0]","[-245.51770225225334, 480.830658283356]","[-296.1137710732937, 426.59317050420776]",127.60506784952304,10000,10002,"{""max_iterations"": 10000, ""rate"": 0.001, ""tolerance"": 1e-06}"
schwefel,Schwefel,386,2122,gradient,2,"[-500.0, 500.0]","[475.137496326523, 225.09838233652113]","[425.88652158036007, 205.5186990636436]",220.5640462000888,10000,10002,"{""max_iterations"": 10000, ""rate"": 0.001, ""tolerance"": 1e-06}"
schwefel,Schwefel,387,2123,gradient,2,"[-500.0, 500.0]","[-235.271636457579, 352.586381622762]","[-293.4430853924833, 413.21075377803083]",136.32167518299912,10000,10002,"{""max_iterations"": 10000, ""rate"": 0.001, ""tolerance"": 1e-06}"
schwefel,Schwefel,388,2124,gradient,2,"[-500.0, 500.0]","[424.3175043213679, -355.52390881371764]","[421.2367867204573, -307.51382074552845]",121.60230739483518,10000,10002,"{""max_iterations"": 10000, ""rate"": 0.001, ""tolerance"": 1e-06}"
schwefel,Schwefel,389,2125,gradient,2,"[-500.0, 500.0]","[-273.18224531048577, 85.104284168454]","[-299.9811092941991, 67.03009800228477]",474.89602049747657,10000,10002,"{""max_iterations"": 10000, ""rate"": 0.001, ""tolerance"": 1e-06}"
schwefel,Schwefel,390,2117,gradient,2,"[-500.0, 500.0]","[-263.1557083939873, -373.46742523358944]","[-298.8738217024709, -310.60651803161875]",246.82914685707,10000,10002,"{""max_iterations"": 10000, ""rate"": 0.001, ""tolerance"": 1e-06}"
schwefel,Schwefel,391,2118,gradient,2,"[-500.0, 500.0]","[191.55976430416945, 238.89129050905547]","[202.82772764834087, 206.82441167885756]",435.55955976465805,10000,10002,"{""max_iterations"": 10000, ""rate"": 0.001, ""tolerance"": 1e-06}"
schwefel,Schwefel,392,2119,gradient,2,"[-500.0, 500.0]","[286.4625716361845, 401.92943683089277]","[222.18581649908526, 419.3981658350449]",259.58834754877853,10000,10002,"{""max_iterations"": 10000, ""rate"": 0.001, ""tolerance"": 1e-06}"
schwefel,Schwefel,393,2120,gradient,2,"[-500.0, 500.0]","[151.04050141230164, -309.2742060889463]","[197.00533179252, -303.0599072985993]",341.4622723733217,10000,10002,"{""max_iterations"": 10000, ""rate"": 0.001, ""tolerance"": 1e-06}"
schwefel,Schwefel,394,2121,gradient,2,"[-500.0, 500.0]","[-245.51770225225334, 480.830658283356]","[-296.1137710732937, 426.59317050420776]",127.60506784952304,10000,10002,"{""max_iterations"": 10000, ""rate"": 0.001, ""tolerance"": 1e-06}"
schwefel,Schwefel,395,2122,gradient,2,"[-500.0, 500.0]","[475.137496326523, 225.09838233652113]","[425.88652158036007, 205.5186990636436]",220.5640462000888,10000,10002,"{""max_iterations"": 10000, ""rate"": 0.001, ""tolerance"": 1e-06}"
schwefel,Schwefel,396,2123,gradient,2,"[-500.0, 500.0]","[-235.271636457579, 352.586381622762]","[-293.4430853924833, 413.21075377803083]",136.32167518299912,10000,10002,"{""max_iterations"": 10000, ""rate"": 0.001, ""tolerance"": 1e-06}"
schwefel,Schwefel,397,2124,gradient,2,"[-500.0, 500.0]","[424.3175043213679, -355.52390881371764]","[421.2367867204573, -307.51382074552845]",121.60230739483518,10000,10002,"{""max_iterations"": 10000, ""rate"": 0.001, ""tolerance"": 1e-06}"
schwefel,Schwefel,398,2125,gradient,2,"[-500.0, 500.0]","[-273.18224531048577, 85.104284168454]","[-299.9811092941991, 67.03009800228477]",474.89602049747657,10000,10002,"{""max_iterations"": 10000, ""rate"": 0.001, ""tolerance"": 1e-06}"
schwefel,Schwefel,399,2126,gradient,2,"[-500.0, 500.0]","[409.7150686147942, -436.6140860188318]","[420.05559861935785, -522.4224266622668]",21.33479113904923,10000,10002,"{""max_iterations"": 10000, ""rate"": 0.001, ""tolerance"": 1e-06}"
schwefel,Schwefel,400,2109,gradient,2,"[-500.0, 500.0]","[112.84048394639433, 431.57775584766443]","[73.7056951165001, 421.81891297410664]",364.21057468649167,10000,10002,"{""max_iterations"": 10000, ""rate"": 0.001, ""tolerance"": 1e-06}"
schwefel,Schwefel,401,2110,gradient,2,"[-500.0, 500.0]","[56.51722982309104, 193.7875353778395]","[64.87151262748719, 203.01344787368592]",572.6297648899548,10000,10002,"{""max_iterations"": 10000, ""rate"": 0.001, ""tolerance"": 1e-06}"
schwefel,Schwefel,402,2111,gradient,2,"[-500.0, 500.0]","[-295.67441914433533, -490.55977268659655]","[-301.97641911976154, -552.0890522114125]",-13.450544892734342,10000,10002,"{""max_iterations"": 10000, ""rate"": 0.001, ""tolerance"": 1e-06}"
schwefel,Schwefel,403,2112,gradient,2,"[-500.0, 500.0]","[-412.2072819643746, -351.1147067017497]","[-348.14237304770984, -306.9504302874493]",473.818440509554,10000,10002,"{""max_iterations"": 10000, ""rate"": 0.001, ""tolerance"": 1e-06}"
schwefel,Schwefel,404,2113,gradient,2,"[-500.0, 500.0]","[-48.6523636687204, -421.59520672222436]","[-27.71563555134429, -428.789571756341]",1225.6343359268035,10000,10002,"{""max_iterations"": 10000, ""rate"": 0.001, ""tolerance"": 1e-06}"
schwefel,Schwefel,405,2114,gradient,2,"[-500.0, 500.0]","[354.87037687233465, -30.570279836507268]","[413.6700103815688, -26.142689654412848]",401.59510306391934,10000,10002,"{""max_iterations"": 10000, ""rate"": 0.001, ""tolerance"": 1e-06}"
schwefel,Schwefel,406,2115,gradient,2,"[-500.0, 500.0]","[-36.33762749866975, 304.28811561853433]","[-26.494703691885338, 324.34005809948155]",1055.4794717914276,10000,10002,"{""max_iterations"": 10000, ""rate"": 0.001, ""tolerance"": 1e-06}"
schwefel,Schwefel,407,2116,gradient,2,"[-500.0, 500.0]","[-174.41250715571368, -160.89074164286842]","[-130.48906122969353, -128.08084492889571]",597.7159159691919,10000,10002,"{""max_iterations"": 10000, ""rate"": 0.001, ""tolerance"": 1e-06}"
schwefel,Schwefel,408,2117,gradient,2,"[-500.0, 500.0]","[-263.1557083939873, -373.46742523358944]","[-298.8738217024709, -310.60651803161875]",246.82914685707,10000,10002,"{""max_iterations"": 10000, ""rate"": 0.001, ""tolerance"": 1e-06}"
schwefel,Schwefel,409,2118,gradient,2,"[-500.0, 500.0]","[191.55976430416945, 238.89129050905547]","[202.82772764834087, 206.82441167885756]",435.55955976465805,10000,10002,"{""max_iterations"": 10000, ""rate"": 0.001, ""tolerance"": 1e-06}"
schwefel,Schwefel,410,2110,gradient,2,"[-500.0, 500.0]","[56.51722982309104, 193.7875353778395]","[64.87151262748719, 203.01344787368592]",572.6297648899548,10000,10002,"{""max_iterations"": 10000, ""rate"": 0.001, ""tolerance"": 1e-06}"
schwefel,Schwefel,411,2111,gradient,2,"[-500.0, 500.0]","[-295.67441914433533, -490.55977268659655]","[-301.97641911976154, -552.0890522114125]",-13.450544892734342,10000,10002,"{""max_iterations"": 10000, ""rate"": 0.001, ""tolerance"": 1e-06}"
schwefel,Schwefel,412,2112,gradient,2,"[-500.0, 500.0]","[-412.2072819643746, -351.1147067017497]","[-348.14237304770984, -306.9504302874493]",473.818440509554,10000,10002,"{""max_iterations"": 10000, ""rate"": 0.001, ""tolerance"": 1e-06}"
schwefel,Schwefel,413,2113,gradient,2,"[-500.0, 500.0]","[-48.6523636687204, -421.59520672222436]","[-27.71563555134429, -428.789571756341]",1225.6343359268035,10000,10002,"{""max_iterations"": 10000, ""rate"": 0.001, ""tolerance"": 1e-06}"
schwefel,Schwefel,414,2114,gradient,2,"[-500.0, 500.0]","[354.87037687233465, -30.570279836507268]","[413.6700103815688, -26.142689654412848]",401.59510306391934,10000,10002,"{""max_iterations"": 10000, ""rate"": 0.001, ""tolerance"": 1e-06}"
schwefel,Schwefel,415,2115,gradient,2,"[-500.0, 500.0]","[-36.33762749866975, 304.28811561853433]","[-26.494703691885338, 324.34005809948155]",1055.4794717914276,10000,10002,"{""max_iterations"": 10000, ""rate"": 0.001, ""tolerance"": 1e-06}"
schwefel,Schwefel,416,2116,gradient,2,"[-500.0, 500.0]","[-174.41250715571368, -160.89074164286842]","[-130.48906122969353, -128.08084492889571]",597.7159159691919,10000,10002,"{""max_iterations"": 10000, ""rate"": 0.001, ""tolerance"": 1e-06}"
schwefel,Schwefel,417,2117,gradient,2,"[-500.0, 500.0]","[-263.1557083939873, -373.46742523358944]","[-298.8738217024709, -310.60651803161875]",246.82914685707,10000,10002,"{""max_iterations"": 10000, ""rate"": 0.001, ""tolerance"": 1e-06}"
schwefel,Schwefel,418,2118,gradient,2,"[-500.0, 500.0]","[191.55976430416945, 238.89129050905547]","[202.82772764834087, 206.82441167885756]",435.55955976465805,10000,10002,"{""max_iterations"": 10000, ""rate"": 0.001, ""tolerance"": 1e-06}"
schwefel,Schwefel,419,2119,gradient,2,"[-500.0, 500.0]","[286.4625716361845, 401.92943683089277]","[222.18581649908526, 419.3981658350449]",259.58834754877853,10000,10002,"{""max_iterations"": 10000, ""rate"": 0.001, ""tolerance"": 1e-06}"
schwefel,Schwefel,420,2111,gradient,2,"[-500.0, 500.0]","[-295.67441914433533, -490.55977268659655]","[-301.97641911976154, -552.0890522114125]",-13.450544892734342,10000,10002,"{""max_iterations"": 10000, ""rate"": 0.001, ""tolerance"": 1e-06}"
schwefel,Schwefel,421,2112,gradient,2,"[-500.0, 500.0]","[-412.2072819643746, -351.1147067017497]","[-348.14237304770984, -306.9504302874493]",473.818440509554,10000,10002,"{""max_iterations"": 10000, ""rate"": 0.001, ""tolerance"": 1e-06}"
schwefel,Schwefel,422,2113,gradient,2,"[-500.0, 500.0]","[-48.6523636687204, -421.59520672222436]","[-27.71563555134429, -428.789571756341]",1225.6343359268035,10000,10002,"{""max_iterations"": 10000, ""rate"": 0.001, ""tolerance"": 1e-06}"
schwefel,Schwefel,423,2114,gradient,2,"[-500.0, 500.0]","[354.87037687233465, -30.570279836507268]","[413.6700103815688, -26.142689654412848]",401.59510306391934,10000,10002,"{""max_iterations"": 10000, ""rate"": 0.001, ""tolerance"": 1e-06}"
schwefel,Schwefel,424,2115,gradient,2,"[-500.0, 500.0]","[-36.33762749866975, 304.28811561853433]","[-26.494703691885338, 324.34005809948155]",1055.4794717914276,10000,10002,"{""max_iterations"": 10000, ""rate"": 0.001, ""tolerance"": 1e-06}"
schwefel,Schwefel,425,2116,gradient,2,"[-500.0, 500.0]","[-174.41250715571368, -160.89074164286842]","[-130.48906122969353, -128.08084492889571]",597.7159159691919,10000,10002,"{""max_iterations"": 10000, ""rate"": 0.001, ""tolerance"": 1e-06}"
schwefel,Schwefel,426,2117,gradient,2,"[-500.0, 500.0]","[-263.1557083939873, -373.46742523358944]","[-298.8738217024709, -310.60651803161875]",246.82914685707,10000,10002,"{""max_iterations"": 10000, ""rate"": 0.001, ""tolerance"": 1e-06}"
schwefel,Schwefel,427,2118,gradient,2,"[-500.0, 500.0]","[191.55976430416945, 238.89129050905547]","[202.82772764834087, 206.82441167885756]",435.55955976465805,10000,10002,"{""max_iterations"": 10000, ""rate"": 0.001, ""tolerance"": 1e-06}"
schwefel,Schwefel,428,2119,gradient,2,"[-500.0, 500.0]","[286.4625716361845, 401.92943683089277]","[222.18581649908526, 419.3981658350449]",259.58834754877853,10000,10002,"{""max_iterations"": 10000, ""rate"": 0.001, ""tolerance"": 1e-06}"
schwefel,Schwefel,429,2120,gradient,2,"[-500.0, 500.0]","[151.04050141230164, -309.2742060889463]","[197.00533179252, -303.0599072985993]",341.4622723733217,10000,10002,"{""max_iterations"": 10000, ""rate"": 0.001, ""tolerance"": 1e-06}"
schwefel,Schwefel,430,2112,gradient,2,"[-500.0, 500.0]","[-412.2072819643746, -351.1147067017497]","[-348.14237304770984, -306.9504302874493]",473.818440509554,10000,10002,"{""max_iterations"": 10000, ""rate"": 0.001, ""tolerance"": 1e-06}"
schwefel,Schwefel,431,2113,gradient,2,"[-500.0, 500.0]","[-48.6523636687204, -421.59520672222436]","[-27.71563555134429, -428.789571756341]",1225.6343359268035,10000,10002,"{""max_iterations"": 10000, ""rate"": 0.001, ""tolerance"": 1e-06}"
schwefel,Schwefel,432,2114,gradient,2,"[-500.0, 500.0]","[354.87037687233465, -30.570279836507268]","[413.6700103815688, -26.142689654412848]",401.59510306391934,10000,10002,"{""max_iterations"": 10000, ""rate"": 0.001, ""tolerance"": 1e-06}"
schwefel,Schwefel,433,2115,gradient,2,"[-500.0, 500.0]","[-36.33762749866975, 304.28811561853433]","[-26.494703691885338, 324.34005809948155]",1055.4794717914276,10000,10002,"{""max_iterations"": 10000, ""rate"": 0.001, ""tolerance"": 1e-06}"
schwefel,Schwefel,434,2116,gradient,2,"[-500.0, 500.0]","[-174.41250715571368, -160.89074164286842]","[-130.48906122969353, -128.08084492889571]",597.7159159691919,10000,10002,"{""max_iterations"": 10000, ""rate"": 0.001, ""tolerance"": 1e-06}"
schwefel,Schwefel,435,2117,gradient,2,"[-500.0, 500.0]","[-263.1557083939873, -373.46742523358944]","[-298.8738217024709, -310.60651803161875]",246.82914685707,10000,10002,"{""max_iterations"": 10000, ""rate"": 0.001, ""tolerance"": 1e-06}"
schwefel,Schwefel,436,2118,gradient,2,"[-500.0, 500.0]","[191.55976430416945, 238.89129050905547]","[202.82772764834087, 206.82441167885756]",435.55955976465805,10000,10002,"{""max_iterations"": 10000, ""rate"": 0.001, ""tolerance"": 1e-06}"
schwefel,Schwefel,437,2119,gradient,2,"[-500.0, 500.0]","[286.4625716361845, 401.92943683089277]","[222.18581649908526, 419.3981658350449]",259.58834754877853,10000,10002,"{""max_iterations"": 10000, ""rate"": 0.001, ""tolerance"": 1e-06}"
schwefel,Schwefel,438,2120,gradient,2,"[-500.0, 500.0]","[151.04050141230164, -309.2742060889463]","[197.00533179252, -303.0599072985993]",341.4622723733217,10000,10002,"{""max_iterations"": 10000, ""rate"": 0.001, ""tolerance"": 1e-06}"
schwefel,Schwefel,439,2121,gradient,2,"[-500.0, 500.0]","[-245.51770225225334, 480.830658283356]","[-296.1137710732937, 426.59317050420776]",127.60506784952304,10000,10002,"{""max_iterations"": 10000, ""rate"": 0.001, ""tolerance"": 1e-06}"
schwefel,Schwefel,440,2113,gradient,2,"[-500.0, 500.0]","[-48.6523636687204, -421.59520672222436]","[-27.71563555134429, -428.789571756341]",1225.6343359268035,10000,10002,"{""max_iterations"": 10000, ""rate"": 0.001, ""tolerance"": 1e-06}"
schwefel,Schwefel,441,2114,gradient,2,"[-500.0, 500.0]","[354.87037687233465, -30.570279836507268]","[413.6700103815688, -26.142689654412848]",401.59510306391934,10000,10002,"{""max_iterations"": 10000, ""rate"": 0.001, ""tolerance"": 1e-06}"
schwefel,Schwefel,442,2115,gradient,2,"[-500.0, 500.0]","[-36.33762749866975, 304.28811561853433]","[-26.494703691885338, 324.34005809948155]",1055.4794717914276,10000,10002,"{""max_iterations"": 10000, ""rate"": 0.001, ""tolerance"": 1e-06}"
schwefel,Schwefel,443,2116,gradient,2,"[-500.0, 500.0]","[-174.41250715571368, -160.89074164286842]","[-130.48906122969353, -128.08084492889571]",597.7159159691919,10000,10002,"{""max_iterations"": 10000, ""rate"": 0.001, ""tolerance"": 1e-06}"
schwefel,Schwefel,444,2117,gradient,2,"[-500.0, 500.0]","[-263.1557083939873, -373.46742523358944]","[-298.8738217024709, -310.60651803161875]",246.82914685707,10000,10002,"{""max_iterations"": 10000, ""rate"": 0.001, ""tolerance"": 1e-06}"
schwefel,Schwefel,445,2118,gradient,2,"[-500.0, 500.0]","[191.55976430416945, 238.89129050905547]","[202.82772764834087, 206.82441167885756]",435.55955976465805,10000,10002,"{""max_iterations"": 10000, ""rate"": 0.001, ""tolerance"": 1e-06}"
schwefel,Schwefel,446,2119,gradient,2,"[-500.0, 500.0]","[286.4625716361845, 401.92943683089277]","[222.18581649908526, 419.3981658350449]",259.58834754877853,10000,10002,"{""max_iterations"": 10000, ""rate"": 0.001, ""tolerance"": 1e-06}"
schwefel,Schwefel,447,2120,gradient,2,"[-500.0, 500.0]","[151.04050141230164, -309.2742060889463]","[197.00533179252, -303.0599072985993]",341.4622723733217,10000,10002,"{""max_iterations"": 10000, ""rate"": 0.001, ""tolerance"": 1e-06}"
schwefel,Schwefel,448,2121,gradient,2,"[-500.0, 500.0]","[-245.51770225225334, 480.830658283356]","[-296.1137710732937, 426.59317050420776]",127.60506784952304,10000,10002,"{""max_iterations"": 10000, ""rate"": 0.001, ""tolerance"": 1e-06}"
schwefel,Schwefel,449,2122,gradient,2,"[-500.0, 500.0]","[475.137496326523, 225.09838233652113]","[425.88652158036007, 205.5186990636436]",220.5640462000888,10000,10002,"{""max_iterations"": 10000, ""rate"": 0.001, ""tolerance"": 1e-06}"
schwefel,Schwefel,450,2114,gradient,2,"[-500.0, 500.0]","[354.87037687233465, -30.570279836507268]","[413.6700103815688, -26.142689654412848]",401.59510306391934,10000,10002,"{""max_iterations"": 10000, ""rate"": 0.001, ""tolerance"": 1e-06}"
schwefel,Schwefel,451,2115,gradient,2,"[-500.0, 500.0]","[-36.33762749866975, 304.28811561853433]","[-26.494703691885338, 324.34005809948155]",1055.4794717914276,10000,10002,"{""max_iterations"": 10000, ""rate"": 0.001, ""tolerance"": 1e-06}"
schwefel,Schwefel,452,2116,gradient,2,"[-500.0, 500.0]","[-174.41250715571368, -160.89074164286842]","[-130.48906122969353, -128.08084492889571]",597.7159159691919,10000,10002,"{""max_iterations"": 10000, ""rate"": 0.001, ""tolerance"": 1e-06}"
schwefel,Schwefel,453,2117,gradient,2,"[-500.0, 500.0]","[-263.1557083939873, -373.46742523358944]","[-298.8738217024709, -310.60651803161875]",246.82914685707,10000,10002,"{""max_iterations"": 10000, ""rate"": 0.001, ""tolerance"": 1e-06}"
schwefel,Schwefel,454,2118,gradient,2,"[-500.0, 500.0]","[191.55976430416945, 238.89129050905547]","[202.82772764834087, 206.82441167885756]",435.55955976465805,10000,10002,"{""max_iterations"": 10000, ""rate"": 0.001, ""tolerance"": 1e-06}"
schwefel,Schwefel,455,2119,gradient,2,"[-500.0, 500.0]","[286.4625716361845, 401.92943683089277]","[222.18581649908526, 419.3981658350449]",259.58834754877853,10000,10002,"{""max_iterations"": 10000, ""rate"": 0.001, ""tolerance"": 1e-06}"
schwefel,Schwefel,456,2120,gradient,2,"[-500.0, 500.0]","[151.04050141230164, -309.2742060889463]","[197.00533179252, -303.0599072985993]",341.4622723733217,10000,10002,"{""max_iterations"": 10000, ""rate"": 0.001, ""tolerance"": 1e-06}"
schwefel,Schwefel,457,2121,gradient,2,"[-500.0, 500.0]","[-245.51770225225334, 480.830658283356]","[-296.1137710732937, 426.59317050420776]",127.60506784952304,10000,10002,"{""max_iterations"": 10000, ""rate"": 0.001, ""tolerance"": 1e-06}"
schwefel,Schwefel,458,2122,gradient,2,"[-500.0, 500.0]","[475.137496326523, 225.09838233652113]","[425.88652158036007, 205.5186990636436]",220.5640462000888,10000,10002,"{""max_iterations"": 10000, ""rate"": 0.001, ""tolerance"": 1e-06}"
schwefel,Schwefel,459,2123,gradient,2,"[-500.0, 500.0]","[-235.271636457579, 352.586381622762]","[-293.4430853924833, 413.21075377803083]",136.32167518299912,10000,10002,"{""max_iterations"": 10000, ""rate"": 0.001, ""tolerance"": 1e-06}"
schwefel,Schwefel,460,2115,gradient,2,"[-500.0, 500.0]","[-36.33762749866975, 304.28811561853433]","[-26.494703691885338, 324.34005809948155]",1055.4794717914276,10000,10002,"{""max_iterations"": 10000, ""rate"": 0.001, ""tolerance"": 1e-06}"
schwefel,Schwefel,461,2116,gradient,2,"[-500.0, 500.0]","[-174.41250715571368, -160.89074164286842]","[-130.48906122969353, -128.08084492889571]",597.7159159691919,10000,10002,"{""max_iterations"": 10000, ""rate"": 0.001, ""tolerance"": 1e-06}"
schwefel,Schwefel,462,2117,gradient,2,"[-500.0, 500.0]","[-263.1557083939873, -373.46742523358944]","[-298.8738217024709, -310.60651803161875]",246.82914685707,10000,10002,"{""max_iterations"": 10000, ""rate"": 0.001, ""tolerance"": 1e-06}"
schwefel,Schwefel,463,2118,gradient,2,"[-500.0, 500.0]","[191.55976430416945, 238.89129050905547]","[202.82772764834087, 206.82441167885756]",435.55955976465805,10000,10002,"{""max_iterations"": 10000, ""rate"": 0.001, ""tolerance"": 1e-06}"
schwefel,Schwefel,464,2119,gradient,2,"[-500.0, 500.0]","[286.4625716361845, 401.92943683089277]","[222.18581649908526, 419.3981658350449]",259.58834754877853,10000,10002,"{""max_iterations"": 10000, ""rate"": 0.001, ""tolerance"": 1e-06}"
schwefel,Schwefel,465,2120,gradient,2,"[-500.0, 500.0]","[151.04050141230164, -309.2742060889463]","[197.00533179252, -303.0599072985993]",341.4622723733217,10000,10002,"{""max_iterations"": 10000, ""rate"": 0.001, ""tolerance"": 1e-06}"
schwefel,Schwefel,466,2121,gradient,2,"[-500.0, 500.0]","[-245.51770225225334, 480.830658283356]","[-296.1137710732937, 426.59317050420776]",127.60506784952304,10000,10002,"{""max_iterations"": 10000, ""rate"": 0.001, ""tolerance"": 1e-06}"
schwefel,Schwefel,467,2122,gradient,2,"[-500.0, 500.0]","[475.137496326523, 225.09838233652113]","[425.88652158036007, 205.5186990636436]",220.5640462000888,10000,10002,"{""max_iterations"": 10000, ""rate"": 0.001, ""tolerance"": 1e-06}"
schwefel,Schwefel,468,2123,gradient,2,"[-500.0, 500.0]","[-235.271636457579, 352.586381622762]","[-293.4430853924833, 413.21075377803083]",136.32167518299912,10000,10002,"{""max_iterations"": 10000, ""rate"": 0.001, ""tolerance"": 1e-06}"
schwefel,Schwefel,469,2124,gradient,2,"[-500.0, 500.0]","[424.3175043213679, -355.52390881371764]","[421.2367867204573, -307.51382074552845]",121.60230739483518,10000,10002,"{""max_iterations"": 10000, ""rate"": 0.001, ""tolerance"": 1e-06}"
schwefel,Schwefel,470,2116,gradient,2,"[-500.0, 500.0]","[-174.41250715571368, -160.89074164286842]","[-130.48906122969353, -128.08084492889571]",597.7159159691919,10000,10002,"{""max_iterations"": 10000, ""rate"": 0.001, ""tolerance"": 1e-06}"
schwefel,Schwefel,471,2117,gradient,2,"[-500.0, 500.0]","[-263.1557083939873, -373.46742523358944]","[-298.8738217024709, -310.60651803161875]",246.82914685707,10000,10002,"{""max_iterations"": 10000, ""rate"": 0.001, ""tolerance"": 1e-06}"
schwefel,Schwefel,472,2118,gradient,2,"[-500.0, 500.0]","[191.55976430416945, 238.89129050905547]","[202.82772764834087, 206.82441167885756]",435.55955976465805,10000,10002,"{""max_iterations"": 10000, ""rate"": 0.001, ""tolerance"": 1e-06}"
schwefel,Schwefel,473,2119,gradient,2,"[-500.0, 500.0]","[286.4625716361845, 401.92943683089277]","[222.18581649908526, 419.3981658350449]",259.58834754877853,10000,10002,"{""max_iterations"": 10000, ""rate"": 0.001, ""tolerance"": 1e-06}"
schwefel,Schwefel,474,2120,gradient,2,"[-500.0, 500.0]","[151.04050141230164, -309.2742060889463]","[197.00533179252, -303.0599072985993]",341.4622723733217,10000,10002,"{""max_iterations"": 10000, ""rate"": 0.001, ""tolerance"": 1e-06}"
schwefel,Schwefel,475,2121,gradient,2,"[-500.0, 500.0]","[-245.51770225225334, 480.830658283356]","[-296.1137710732937, 426.59317050420776]",127.60506784952304,10000,10002,"{""max_iterations"": 10000, ""rate"": 0.001, ""tolerance"": 1e-06}"
schwefel,Schwefel,476,2122,gradient,2,"[-500.0, 500.0]","[475.137496326523, 225.09838233652113]","[425.88652158036007, 205.5186990636436]",220.5640462000888,10000,10002,"{""max_iterations"": 10000, ""rate"": 0.001, ""tolerance"": 1e-06}"
schwefel,Schwefel,477,2123,gradient,2,"[-500.0, 500.0]","[-235.271636457579, 352.586381622762]","[-293.4430853924833, 413.21075377803083]",136.32167518299912,10000,10002,"{""max_iterations"": 10000, ""rate"": 0.001, ""tolerance"": 1e-06}"
schwefel,Schwefel,478,2124,gradient,2,"[-500.0, 500.0]","[424.3175043213679, -355.52390881371764]","[421.2367867204573, -307.51382074552845]",121.60230739483518,10000,10002,"{""max_iterations"": 10000, ""rate"": 0.001, ""tolerance"": 1e-06}"
schwefel,Schwefel,479,2125,gradient,2,"[-500.0, 500.0]","[-273.18224531048577, 85.104284168454]","[-299.9811092941991, 67.03009800228477]",474.89602049747657,10000,10002,"{""max_iterations"": 10000, ""rate"": 0.001, ""tolerance"": 1e-06}"
schwefel,Schwefel,480,2117,gradient,2,"[-500.0, 500.0]","[-263.1557083939873, -373.46742523358944]","[-298.8738217024709, -310.60651803161875]",246.82914685707,10000,10002,"{""max_iterations"": 10000, ""rate"": 0.001, ""tolerance"": 1e-06}"
schwefel,Schwefel,481,2118,gradient,2,"[-500.0, 500.0]","[191.55976430416945, 238.89129050905547]","[202.82772764834087, 206.82441167885756]",435.55955976465805,10000,10002,"{""max_iterations"": 10000, ""rate"": 0.001, ""tolerance"": 1e-06}"
schwefel,Schwefel,482,2119,gradient,2,"[-500.0, 500.0]","[286.4625716361845, 401.92943683089277]","[222.18581649908526, 419.3981658350449]",259.58834754877853,10000,10002,"{""max_iterations"": 10000, ""rate"": 0.001, ""tolerance"": 1e-06}"
schwefel,Schwefel,483,2120,gradient,2,"[-500.0, 500.0]","[151.04050141230164, -309.2742060889463]","[197.00533179252, -303.0599072985993]",341.4622723733217,10000,10002,"{""max_iterations"": 10000, ""rate"": 0.001, ""tolerance"": 1e-06}"
schwefel,Schwefel,484,2121,gradient,2,"[-500.0, 500.0]","[-245.51770225225334, 480.830658283356]","[-296.1137710732937, 426.59317050420776]",127.60506784952304,10000,10002,"{""max_iterations"": 10000, ""rate"": 0.001, ""tolerance"": 1e-06}"
schwefel,Schwefel,485,2122,gradient,2,"[-500.0, 500.0]","[475.137496326523, 225.09838233652113]","[425.88652158036007, 205.5186990636436]",220.5640462000888,10000,10002,"{""max_iterations"": 10000, ""rate"": 0.001, ""tolerance"": 1e-06}"
schwefel,Schwefel,486,2123,gradient,2,"[-500.0, 500.0]","[-235.271636457579, 352.586381622762]","[-293.4430853924833, 413.21075377803083]",136.32167518299912,10000,10002,"{""max_iterations"": 10000, ""rate"": 0.001, ""tolerance"": 1e-06}"
schwefel,Schwefel,487,2124,gradient,2,"[-500.0, 500.0]","[424.3175043213679, -355.52390881371764]","[421.2367867204573, -307.51382074552845]",121.60230739483518,10000,10002,"{""max_iterations"": 10000, ""rate"": 0.001, ""tolerance"": 1e-06}"
schwefel,Schwefel,488,2125,gradient,2,"[-500.0, 500.0]","[-273.18224531048577, 85.104284168454]","[-299.9811092941991, 67.03009800228477]",474.89602049747657,10000,10002,"{""max_iterations"": 10000, ""rate"": 0.001, ""tolerance"": 1e-06}"
schwefel,Schwefel,489,2126,gradient,2,"[-500.0, 500.0]","[409.7150686147942, -436.6140860188318]","[420.05559861935785, -522.4224266622668]",21.33479113904923,10000,10002,"{""max_iterations"": 10000, ""rate"": 0.001, ""tolerance"": 1e-06}"
schwefel,Schwefel,490,2118,gradient,2,"[-500.0, 500.0]","[191.55976430416945, 238.89129050905547]","[202.82772764834087, 206.82441167885756]",435.55955976465805,10000,10002,"{""max_iterations"": 10000, ""rate"": 0.001, ""tolerance"": 1e-06}"
schwefel,Schwefel,491,2119,gradient,2,"[-500.0, 500.0]","[286.4625716361845, 401.92943683089277]","[222.18581649908526, 419.3981658350449]",259.58834754877853,10000,10002,"{""max_iterations"": 10000, ""rate"": 0.001, ""tolerance"": 1e-06}"
schwefel,Schwefel,492,2120,gradient,2,"[-500.0, 500.0]","[151.04050141230164, -309.2742060889463]","[197.00533179252, -303.0599072985993]",341.4622723733217,10000,10002,"{""max_iterations"": 10000, ""rate"": 0.001, ""tolerance"": 1e-06}"
schwefel,Schwefel,493,2121,gradient,2,"[-500.0, 500.0]","[-245.51770225225334, 480.830658283356]","[-296.1137710732937, 426.59317050420776]",127.60506784952304,10000,10002,"{""max_iterations"": 10000, ""rate"": 0.001, ""tolerance"": 1e-06}"
schwefel,Schwefel,494,2122,gradient,2,"[-500.0, 500.0]","[475.137496326523, 225.09838233652113]","[425.88652158036007, 205.5186990636436]",220.5640462000888,10000,10002,"{""max_iterations"": 10000, ""rate"": 0.001, ""tolerance"": 1e-06}"
schwefel,Schwefel,495,2123,gradient,2,"[-500.0, 500.0]","[-235.271636457579, 352.586381622762]","[-293.4430853924833, 413.21075377803083]",136.32167518299912,10000,10002,"{""max_iterations"": 10000, ""rate"": 0.001, ""tolerance"": 1e-06}"
schwefel,Schwefel,496,2124,gradient,2,"[-500.0, 500.0]","[424.3175043213679, -355.52390881371764]","[421.2367867204573, -307.51382074552845]",121.60230739483518,10000,10002,"{""max_iterations"": 10000, ""rate"": 0.001, ""tolerance"": 1e-06}"
schwefel,Schwefel,497,2125,gradient,2,"[-500.0, 500.0]","[-273.18224531048577, 85.104284168454]","[-299.9811092941991, 67.03009800228477]",474.89602049747657,10000,10002,"{""max_iterations"": 10000, ""rate"": 0.001, ""tolerance"": 1e-06}"
schwefel,Schwefel,498,2126,gradient,2,"[-500.0, 500.0]","[409.7150686147942, -436.6140860188318]","[420.05559861935785, -522.4224266622668]",21.33479113904923,10000,10002,"{""max_iterations"": 10000, ""rate"": 0.001, ""tolerance"": 1e-06}"
schwefel,Schwefel,499,2127,gradient,2,"[-500.0, 500.0]","[-144.06237853458782, -312.9144441308034]","[-126.33328566680336, -303.34981723429445]",414.9233749264083,10000,10002,"{""max_iterations"": 10000, ""rate"": 0.001, ""tolerance"": 1e-06}"
schwefel,Schwefel,500,2110,gradient,2,"[-500.0, 500.0]","[56.51722982309104, 193.7875353778395]","[64.87151262748719, 203.01344787368592]",572.6297648899548,10000,10002,"{""max_iterations"": 10000, ""rate"": 0.001, ""tolerance"": 1e-06}"
