funcion,nombre_funcion,corrida,semilla,metodo,nombre_metodo,dimension,limites,optimo_conocido,mejor_solucion,mejor_valor,distancia_al_optimo,iteraciones,evaluaciones,best_values_history,parametros
six_hump_camel,Six-Hump Camel,1,2139,pso,PSO,2,"[-3.0, 3.0]","[0.089842, -0.712656]","[0.08984198549633368, -0.7126564535698329]",-1.031628453489852,4.5380166335841294e-07,120,4840,"[-0.41489107056820007, -0.41489107056820007, -0.8523654575391516, -0.8848270854292455, -0.9534606702924562, -0.9534606702924562, -0.9534606702924562, -0.9534606702924562, -0.9534606702924562, -1.0047415332922094, -1.0047415332922094, -1.0047415332922094, -1.0174698956192445, -1.0174698956192445, -1.0276531223542558, -1.0311097893296781, -1.0311097893296781, -1.0311097893296781, -1.0311097893296781, -1.0311097893296781, -1.0311097893296781, -1.0311097893296781, -1.031330925136511, -1.031330925136511, -1.0313523358037915, -1.0313523358037915, -1.0313523358037915, -1.031545469746473, -1.031545469746473, -1.031545469746473, -1.031545469746473, -1.031545469746473, -1.0316112587373476, -1.0316112587373476, -1.0316112587373476, -1.0316226330660916, -1.0316233885913901, -1.0316233885913901, -1.0316265355275824, -1.0316265355275824, -1.0316276363349193, -1.0316280720601312, -1.0316280720601312, -1.031628334035335, -1.031628334035335, -1.031628334035335, -1.0316283775729038, -1.0316284231965727, -1.0316284231965727, -1.0316284231965727, -1.0316284306552965, -1.031628442672668, -1.031628442672668, -1.031628442672668, -1.0316284520349663, -1.0316284520349663, -1.0316284520349663, -1.0316284520349663, -1.0316284520349663, -1.0316284520349663, -1.0316284520349663, -1.0316284520349663, -1.0316284520349663, -1.0316284520737358, -1.0316284520737358, -1.0316284520737358, -1.0316284520737358, -1.0316284520737358, -1.0316284520737358, -1.0316284520737358, -1.0316284520737358, -1.0316284528152275, -1.0316284528152275, -1.0316284528416644, -1.0316284528416644, -1.0316284530846713, -1.0316284533262192, -1.031628453406757, -1.031628453419746, -1.031628453419746, -1.031628453419746, -1.031628453419746, -1.031628453419746, -1.031628453419746, -1.031628453419746, -1.031628453419746, -1.0316284534623148, -1.0316284534623148, -1.0316284534841818, -1.0316284534841818, -1.0316284534841818, -1.0316284534841818, -1.0316284534841818, -1.0316284534841818, -1.0316284534841818, -1.0316284534872637, -1.0316284534872637, -1.0316284534872637, -1.0316284534892866, -1.0316284534892866, -1.0316284534894629, -1.0316284534894629, -1.0316284534897089, -1.0316284534897329, -1.0316284534897329, -1.0316284534897329, -1.0316284534897329, -1.0316284534897329, -1.0316284534897329, -1.0316284534897329, -1.0316284534897329, -1.0316284534897329, -1.0316284534897329, -1.0316284534897586, -1.0316284534897586, -1.0316284534898446, -1.0316284534898517, -1.0316284534898517, -1.0316284534898517, -1.0316284534898517, -1.031628453489852]","{""cognitive_weight"": 1.5, ""inertia_weight"": 0.7, ""max_iterations"": 120, ""social_weight"": 1.5, ""swarm_size"": 40}"
six_hump_camel,Six-Hump Camel,2,2140,pso,PSO,2,"[-3.0, 3.0]","[0.089842, -0.712656]","[0.08984203779032235, -0.7126563916965959]",-1.0316284534898736,3.935153513279307e-07,120,4840,"[-0.6731783287202313, -0.6731783287202313, -0.8422646689977131, -0.8422646689977131, -0.8422646689977131, -0.9840663884671901, -1.0081400375069276, -1.0081400375069276, -1.0081400375069276, -1.0081400375069276, -1.0124862251314934, -1.0124862251314934, -1.013650182218287, -1.0293740358254964, -1.0293740358254964, -1.0293740358254964, -1.0293740358254964, -1.0293740358254964, -1.0293740358254964, -1.0293740358254964, -1.0293740358254964, -1.030089650848407, -1.0312162430469678, -1.0313619779346044, -1.0313619779346044, -1.0313619779346044, -1.0315048406886727, -1.0315048406886727, -1.0315672499913948, -1.0315672499913948, -1.0315672499913948, -1.0315672499913948, -1.0316002651452152, -1.0316002651452152, -1.0316002651452152, -1.0316002651452152, -1.0316129174295834, -1.0316244789314937, -1.0316244789314937, -1.0316244789314937, -1.0316244789314937, -1.0316257220747032, -1.0316257220747032, -1.0316257220747032, -1.031628393435823, -1.031628393435823, -1.031628393435823, -1.031628393435823, -1.031628393435823, -1.031628393435823, -1.031628393435823, -1.031628393435823, -1.0316284418603023, -1.0316284418603023, -1.0316284418603023, -1.0316284418603023, -1.0316284418603023, -1.0316284418603023, -1.0316284418603023, -1.0316284418603023, -1.0316284418603023, -1.0316284418603023, -1.0316284418603023, -1.0316284418603023, -1.0316284504544722, -1.0316284509178373, -1.0316284509178373, -1.0316284509178373, -1.0316284509178373, -1.0316284509178373, -1.0316284523785202, -1.0316284523785202, -1.0316284523785202, -1.0316284531221402, -1.0316284531221402, -1.0316284531221402, -1.0316284531221402, -1.0316284531221402, -1.0316284531221402, -1.0316284531221402, -1.0316284531221402, -1.0316284532017597, -1.0316284532017597, -1.0316284532017597, -1.031628453466196, -1.031628453466196, -1.031628453466196, -1.031628453466196, -1.031628453466196, -1.031628453466196, -1.031628453466196, -1.031628453466196, -1.0316284534667435, -1.0316284534667435, -1.0316284534667435, -1.0316284534667435, -1.0316284534667435, -1.0316284534750597, -1.0316284534832028, -1.0316284534832028, -1.0316284534846067, -1.0316284534858853, -1.031628453485984, -1.0316284534879903, -1.0316284534888736, -1.031628453489635, -1.031628453489635, -1.031628453489635, -1.031628453489635, -1.031628453489635, -1.031628453489635, -1.0316284534898665, -1.0316284534898665, -1.0316284534898665, -1.0316284534898665, -1.0316284534898665, -1.0316284534898665, -1.0316284534898665, -1.0316284534898665, -1.0316284534898665, -1.0316284534898736]","{""cognitive_weight"": 1.5, ""inertia_weight"": 0.7, ""max_iterations"": 120, ""social_weight"": 1.5, ""swarm_size"": 40}"
six_hump_camel,Six-Hump Camel,3,2141,pso,PSO,2,"[-3.0, 3.0]","[0.089842, -0.712656]","[0.0898420131371931, -0.7126564250534251]",-1.0316284534898734,4.252563933110587e-07,120,4840,"[-0.889565181456132, -0.889565181456132, -0.889565181456132, -0.9291492587881593, -0.9291492587881593, -0.997926645354772, -0.997926645354772, -0.997926645354772, -0.997926645354772, -0.997926645354772, -0.997926645354772, -1.0288539026806942, -1.0288539026806942, -1.0288871926606509, -1.0288871926606509, -1.0288871926606509, -1.0311749160399541, -1.0314888667867004, -1.031598485172889, -1.031598485172889, -1.031598485172889, -1.031598485172889, -1.031598485172889, -1.031598485172889, -1.031598485172889, -1.031598485172889, -1.031598485172889, -1.031598485172889, -1.031624095270367, -1.031624095270367, -1.031624095270367, -1.031624095270367, -1.031624095270367, -1.031624095270367, -1.031624095270367, -1.031624095270367, -1.031624095270367, -1.031624095270367, -1.031624095270367, -1.031624095270367, -1.0316244513979784, -1.0316244513979784, -1.0316244513979784, -1.0316244513979784, -1.0316257061869984, -1.0316257061869984, -1.0316281641820986, -1.0316281641820986, -1.031628259909418, -1.031628259909418, -1.0316284486020655, -1.0316284486020655, -1.0316284486020655, -1.0316284486020655, -1.0316284486020655, -1.0316284486020655, -1.0316284486020655, -1.0316284486020655, -1.0316284486020655, -1.0316284508664533, -1.0316284508664533, -1.0316284510924538, -1.031628452026911, -1.031628452026911, -1.031628452026911, -1.0316284529818207, -1.0316284529818207, -1.0316284529818207, -1.0316284533154692, -1.031628453361693, -1.031628453361693, -1.031628453361693, -1.031628453466884, -1.031628453466884, -1.031628453466884, -1.0316284534753022, -1.0316284534753022, -1.0316284534753022, -1.0316284534766988, -1.031628453481263, -1.031628453489626, -1.031628453489626, -1.031628453489626, -1.031628453489626, -1.031628453489626, -1.031628453489626, -1.031628453489626, -1.031628453489626, -1.031628453489626, -1.031628453489626, -1.031628453489626, -1.031628453489626, -1.031628453489626, -1.031628453489626, -1.031628453489626, -1.0316284534898557, -1.0316284534898557, -1.0316284534898557, -1.0316284534898557, -1.0316284534898557, -1.0316284534898557, -1.0316284534898557, -1.0316284534898557, -1.0316284534898557, -1.0316284534898557, -1.0316284534898557, -1.0316284534898557, -1.0316284534898557, -1.0316284534898557, -1.0316284534898557, -1.0316284534898557, -1.0316284534898568, -1.0316284534898568, -1.0316284534898734, -1.0316284534898734, -1.0316284534898734, -1.0316284534898734, -1.0316284534898734, -1.0316284534898734, -1.0316284534898734, -1.0316284534898734]","{""cognitive_weight"": 1.5, ""inertia_weight"": 0.7, ""max_iterations"": 120, ""social_weight"": 1.5, ""swarm_size"": 40}"
six_hump_camel,Six-Hump Camel,4,2142,pso,PSO,2,"[-3.0, 3.0]","[0.089842, -0.712656]","[-0.08984199331092975, 0.7126563800052783]",-1.0316284534898719,1.4365937902025308,120,4840,"[-0.25584323290643807, -0.7407983152951187, -0.7407983152951187, -0.9883831296186613, -0.9883831296186613, -0.9883831296186613, -0.9883831296186613, -0.9883831296186613, -0.9883831296186613, -0.9883831296186613, -1.001398203016446, -1.001398203016446, -1.001398203016446, -1.0300485016562302, -1.0300485016562302, -1.0300485016562302, -1.0300485016562302, -1.0309583088087126, -1.0314154950489731, -1.0314154950489731, -1.0314154950489731, -1.0314154950489731, -1.0314702485909566, -1.0314702485909566, -1.0314702485909566, -1.0314702485909566, -1.0314702485909566, -1.0314702485909566, -1.0314702485909566, -1.0315857648672342, -1.0316175250832713, -1.0316175250832713, -1.0316175250832713, -1.0316175250832713, -1.0316175250832713, -1.0316175250832713, -1.0316180155149175, -1.0316180155149175, -1.031621162413291, -1.031621162413291, -1.0316275333025122, -1.0316275333025122, -1.0316275333025122, -1.0316275333025122, -1.0316275333025122, -1.0316275333025122, -1.0316275333025122, -1.0316275333025122, -1.0316275425017558, -1.0316275425017558, -1.0316275425017558, -1.0316283078884259, -1.0316283078884259, -1.0316283078884259, -1.0316283078884259, -1.0316283078884259, -1.0316283078884259, -1.0316283078884259, -1.0316283078884259, -1.0316283078884259, -1.031628392547207, -1.031628392547207, -1.031628392547207, -1.031628392547207, -1.0316284413090073, -1.0316284413090073, -1.0316284413090073, -1.0316284413090073, -1.0316284413090073, -1.0316284413090073, -1.031628451566446, -1.031628451566446, -1.031628451566446, -1.031628451566446, -1.031628451566446, -1.0316284524223835, -1.0316284530314648, -1.0316284530314648, -1.0316284530314648, -1.0316284530314648, -1.0316284534652085, -1.0316284534652085, -1.0316284534652085, -1.0316284534652085, -1.0316284534652085, -1.0316284534652085, -1.0316284534652085, -1.0316284534652085, -1.0316284534652085, -1.0316284534756315, -1.0316284534785136, -1.0316284534785136, -1.0316284534842823, -1.0316284534842823, -1.0316284534876279, -1.0316284534876279, -1.0316284534876279, -1.0316284534876279, -1.0316284534876279, -1.0316284534876279, -1.0316284534876279, -1.0316284534876279, -1.0316284534891549, -1.031628453489402, -1.031628453489402, -1.031628453489402, -1.0316284534896665, -1.0316284534896665, -1.0316284534896665, -1.031628453489835, -1.031628453489835, -1.031628453489835, -1.031628453489835, -1.031628453489835, -1.031628453489835, -1.031628453489835, -1.031628453489835, -1.0316284534898719, -1.0316284534898719, -1.0316284534898719, -1.0316284534898719]","{""cognitive_weight"": 1.5, ""inertia_weight"": 0.7, ""max_iterations"": 120, ""social_weight"": 1.5, ""swarm_size"": 40}"
six_hump_camel,Six-Hump Camel,5,2143,pso,PSO,2,"[-3.0, 3.0]","[0.089842, -0.712656]","[-0.08984162388987181, 0.7126565107703023]",-1.0316284534891498,1.4365938737348631,120,4840,"[-0.40193554745546767, -0.8306526257281398, -0.8306526257281398, -0.8306526257281398, -0.9760026957086565, -0.9760026957086565, -0.9760026957086565, -0.9760026957086565, -0.9760026957086565, -1.0168602829647824, -1.0168602829647824, -1.0168602829647824, -1.0168602829647824, -1.0168602829647824, -1.0168602829647824, -1.0168602829647824, -1.0168602829647824, -1.0168602829647824, -1.0263687126394696, -1.0263687126394696, -1.0263687126394696, -1.0276212289985405, -1.0276212289985405, -1.0276212289985405, -1.0276212289985405, -1.0276212289985405, -1.0276212289985405, -1.0276212289985405, -1.0276212289985405, -1.0276212289985405, -1.0276212289985405, -1.0276212289985405, -1.0276212289985405, -1.0276212289985405, -1.0307978555074775, -1.0307978555074775, -1.0310939056018456, -1.0310939056018456, -1.031602556218673, -1.031602556218673, -1.031602556218673, -1.0316234678338616, -1.0316234678338616, -1.0316234678338616, -1.0316234678338616, -1.0316234678338616, -1.0316234678338616, -1.0316234678338616, -1.0316234678338616, -1.0316234678338616, -1.0316234678338616, -1.0316234678338616, -1.0316234678338616, -1.0316234678338616, -1.0316234678338616, -1.0316234678338616, -1.0316262036079757, -1.0316262036079757, -1.0316262036079757, -1.0316262036079757, -1.0316262036079757, -1.0316262181445912, -1.0316262181445912, -1.0316262181445912, -1.0316278713761782, -1.0316282589533623, -1.0316282589533623, -1.0316282589533623, -1.0316282589533623, -1.0316282589533623, -1.0316282611697734, -1.0316282611697734, -1.031628335043623, -1.0316284449971342, -1.0316284449971342, -1.0316284452813853, -1.0316284452813853, -1.0316284489640464, -1.031628452889203, -1.031628452889203, -1.031628452889203, -1.031628452889203, -1.031628452889203, -1.031628452889203, -1.0316284533542939, -1.0316284533542939, -1.0316284533542939, -1.0316284533542939, -1.0316284534274751, -1.0316284534274751, -1.0316284534274751, -1.0316284534274751, -1.0316284534422342, -1.0316284534422342, -1.0316284534422342, -1.0316284534422342, -1.0316284534445006, -1.0316284534445006, -1.031628453445249, -1.031628453445249, -1.031628453445249, -1.031628453445249, -1.031628453445249, -1.031628453445249, -1.031628453445249, -1.031628453445249, -1.0316284534459075, -1.0316284534468656, -1.0316284534468656, -1.0316284534468656, -1.0316284534468656, -1.0316284534668023, -1.0316284534820062, -1.0316284534865772, -1.0316284534873774, -1.031628453488876, -1.031628453488876, -1.031628453488876, -1.031628453488876, -1.031628453488876, -1.0316284534891498]","{""cognitive_weight"": 1.5, ""inertia_weight"": 0.7, ""max_iterations"": 120, ""social_weight"": 1.5, ""swarm_size"": 40}"
six_hump_camel,Six-Hump Camel,6,2144,pso,PSO,2,"[-3.0, 3.0]","[0.089842, -0.712656]","[-0.0898420233286093, 0.7126564105840695]",-1.0316284534898765,1.436593824295694,120,4840,"[1.5703325722055401, 1.5703325722055401, -0.8857775977786926, -0.8857775977786926, -0.8857775977786926, -0.8857775977786926, -0.8857775977786926, -0.9174824932160957, -1.026801100298478, -1.026801100298478, -1.026801100298478, -1.026801100298478, -1.026801100298478, -1.026801100298478, -1.0279836923310195, -1.0293963498719532, -1.0293963498719532, -1.030566141208373, -1.030566141208373, -1.0314268838485854, -1.0314268838485854, -1.031609725356433, -1.031609725356433, -1.031609725356433, -1.031609725356433, -1.031609725356433, -1.031609725356433, -1.031609725356433, -1.031609725356433, -1.031610377399511, -1.031610377399511, -1.031610377399511, -1.031610377399511, -1.031610377399511, -1.031610377399511, -1.031610377399511, -1.031610377399511, -1.031610377399511, -1.031610377399511, -1.0316283078858013, -1.0316283078858013, -1.0316283078858013, -1.0316283078858013, -1.0316283078858013, -1.0316283078858013, -1.0316283078858013, -1.0316283078858013, -1.0316283078858013, -1.0316283078858013, -1.0316283078858013, -1.0316283078858013, -1.0316283078858013, -1.0316283078858013, -1.0316283078858013, -1.0316283078858013, -1.0316283078858013, -1.0316283362351817, -1.0316283362351817, -1.0316283362351817, -1.0316284085789216, -1.0316284085789216, -1.0316284085789216, -1.0316284085789216, -1.0316284085789216, -1.0316284439637669, -1.0316284439637669, -1.0316284439637669, -1.031628447253131, -1.031628447253131, -1.031628447253131, -1.031628447253131, -1.031628447253131, -1.031628449963332, -1.031628449963332, -1.031628449963332, -1.031628449963332, -1.0316284529434125, -1.0316284529434125, -1.0316284529434125, -1.0316284529434125, -1.0316284529434125, -1.0316284531706743, -1.031628453339411, -1.0316284534496019, -1.0316284534496019, -1.0316284534738345, -1.0316284534738345, -1.0316284534738345, -1.0316284534887223, -1.0316284534887223, -1.0316284534887223, -1.0316284534887223, -1.0316284534887223, -1.0316284534887223, -1.0316284534887223, -1.0316284534887223, -1.0316284534887223, -1.03162845348904, -1.03162845348904, -1.03162845348904, -1.0316284534897648, -1.0316284534897648, -1.0316284534898488, -1.0316284534898488, -1.0316284534898488, -1.0316284534898694, -1.0316284534898694, -1.0316284534898694, -1.0316284534898694, -1.0316284534898754, -1.0316284534898754, -1.0316284534898754, -1.0316284534898754, -1.0316284534898754, -1.0316284534898754, -1.0316284534898754, -1.0316284534898754, -1.0316284534898754, -1.0316284534898754, -1.0316284534898765, -1.0316284534898765]","{""cognitive_weight"": 1.5, ""inertia_weight"": 0.7, ""max_iterations"": 120, ""social_weight"": 1.5, ""swarm_size"": 40}"
six_hump_camel,Six-Hump Camel,7,2145,pso,PSO,2,"[-3.0, 3.0]","[0.089842, -0.712656]","[-0.08984202087883933, 0.7126564053121544]",-1.0316284534898772,1.4365938187587701,120,4840,"[-0.9363603445382707, -0.9363603445382707, -0.9363603445382707, -0.9363603445382707, -0.9363603445382707, -0.9696370485682742, -0.9696370485682742, -0.9696370485682742, -0.9696370485682742, -0.9696370485682742, -0.9696370485682742, -1.0228407568039353, -1.0228407568039353, -1.0228407568039353, -1.0228407568039353, -1.0286201804178248, -1.0286201804178248, -1.030803192614813, -1.030803192614813, -1.030803192614813, -1.030803192614813, -1.030803192614813, -1.0312743000112976, -1.0315894620603558, -1.0315894620603558, -1.0315894620603558, -1.0315894620603558, -1.0315894620603558, -1.0315894620603558, -1.031590629932699, -1.031590629932699, -1.031623587411078, -1.031623587411078, -1.031623587411078, -1.031623587411078, -1.031623587411078, -1.031623587411078, -1.031623587411078, -1.031623587411078, -1.031623587411078, -1.031623587411078, -1.031623587411078, -1.031623587411078, -1.031623587411078, -1.0316244181509149, -1.0316244181509149, -1.0316279303892113, -1.0316279303892113, -1.0316279303892113, -1.0316279303892113, -1.0316282274802513, -1.0316282274802513, -1.0316283915168094, -1.0316283915168094, -1.0316283915168094, -1.0316283915168094, -1.031628407552133, -1.031628407552133, -1.0316284300255034, -1.0316284351232312, -1.0316284351232312, -1.0316284351232312, -1.0316284351232312, -1.0316284351232312, -1.0316284351232312, -1.0316284396803688, -1.0316284396803688, -1.0316284396803688, -1.0316284396803688, -1.0316284514833487, -1.0316284514833487, -1.0316284514833487, -1.0316284514833487, -1.0316284514833487, -1.0316284514833487, -1.0316284514833487, -1.0316284531894317, -1.0316284531894317, -1.0316284531894317, -1.0316284531894317, -1.0316284531894317, -1.0316284533363778, -1.0316284533363778, -1.0316284533363778, -1.0316284534023115, -1.0316284534023115, -1.0316284534638243, -1.0316284534638243, -1.031628453469347, -1.031628453469347, -1.031628453469347, -1.0316284534870277, -1.0316284534870277, -1.031628453489669, -1.031628453489669, -1.031628453489669, -1.031628453489669, -1.031628453489669, -1.031628453489803, -1.031628453489803, -1.031628453489803, -1.031628453489803, -1.031628453489803, -1.031628453489803, -1.031628453489803, -1.031628453489803, -1.031628453489865, -1.031628453489865, -1.031628453489865, -1.031628453489874, -1.031628453489874, -1.0316284534898745, -1.0316284534898745, -1.0316284534898756, -1.0316284534898763, -1.0316284534898763, -1.0316284534898763, -1.0316284534898763, -1.0316284534898768, -1.031628453489877, -1.0316284534898772]","{""cognitive_weight"": 1.5, ""inertia_weight"": 0.7, ""max_iterations"": 120, ""social_weight"": 1.5, ""swarm_size"": 40}"
six_hump_camel,Six-Hump Camel,8,2146,pso,PSO,2,"[-3.0, 3.0]","[0.089842, -0.712656]","[-0.08984200498836649, 0.7126564087026805]",-1.0316284534898768,1.4365938201351474,120,4840,"[-0.6010361311782754, -0.6010361311782754, -0.9857010237903395, -0.9857010237903395, -0.9857010237903395, -0.9857010237903395, -0.9857010237903395, -0.9857010237903395, -0.9857010237903395, -0.9943506415256581, -0.9943506415256581, -0.9943506415256581, -0.9943506415256581, -1.014922183735817, -1.0164466508853776, -1.0164466508853776, -1.0234659391082361, -1.0234659391082361, -1.0234659391082361, -1.0304668496901697, -1.0304668496901697, -1.0307250696988723, -1.0307250696988723, -1.0312005978028749, -1.0312005978028749, -1.0312005978028749, -1.0312005978028749, -1.0314103064066522, -1.0314103064066522, -1.0315775986152318, -1.0316276413024037, -1.0316276413024037, -1.0316276413024037, -1.0316276413024037, -1.0316276413024037, -1.0316276413024037, -1.0316276413024037, -1.0316276413024037, -1.0316276413024037, -1.0316276413024037, -1.0316276413024037, -1.0316276413024037, -1.0316276413024037, -1.0316276413024037, -1.031627856321526, -1.0316282702262334, -1.0316282702262334, -1.0316282702262334, -1.0316282702262334, -1.0316282702262334, -1.031628300999443, -1.031628300999443, -1.031628300999443, -1.0316283982844292, -1.0316283982844292, -1.0316283982844292, -1.0316283982844292, -1.0316283982844292, -1.0316284189482778, -1.0316284331744252, -1.0316284331744252, -1.0316284331744252, -1.0316284331744252, -1.0316284331744252, -1.0316284438400278, -1.0316284470948387, -1.0316284470948387, -1.0316284470948387, -1.0316284477179125, -1.0316284477179125, -1.0316284477179125, -1.0316284501420485, -1.0316284501420485, -1.0316284509601155, -1.0316284509601155, -1.0316284518529932, -1.0316284518529932, -1.0316284520326597, -1.031628452618158, -1.031628452618158, -1.031628452618158, -1.031628452618158, -1.031628452936861, -1.0316284534720324, -1.031628453485816, -1.031628453485816, -1.031628453485816, -1.031628453485816, -1.0316284534883378, -1.0316284534883378, -1.0316284534883378, -1.0316284534883378, -1.0316284534883378, -1.0316284534883378, -1.0316284534883378, -1.0316284534883378, -1.0316284534883378, -1.0316284534898532, -1.0316284534898532, -1.0316284534898532, -1.0316284534898532, -1.0316284534898563, -1.031628453489858, -1.031628453489858, -1.031628453489858, -1.031628453489858, -1.0316284534898696, -1.0316284534898696, -1.0316284534898696, -1.0316284534898696, -1.0316284534898696, -1.0316284534898696, -1.0316284534898748, -1.0316284534898748, -1.0316284534898754, -1.0316284534898765, -1.0316284534898768, -1.0316284534898768, -1.0316284534898768, -1.0316284534898768, -1.0316284534898768]","{""cognitive_weight"": 1.5, ""inertia_weight"": 0.7, ""max_iterations"": 120, ""social_weight"": 1.5, ""swarm_size"": 40}"
six_hump_camel,Six-Hump Camel,9,2147,pso,PSO,2,"[-3.0, 3.0]","[0.089842, -0.712656]","[0.0898419978570593, -0.7126564144867296]",-1.0316284534898752,4.144922691844306e-07,120,4840,"[-0.4019160698763034, -0.4019160698763034, -0.7321757500336858, -0.8008621371825311, -1.0066731117663328, -1.0066731117663328, -1.0066731117663328, -1.0240044020475698, -1.0240044020475698, -1.0240044020475698, -1.030648709036442, -1.030648709036442, -1.030648709036442, -1.0310377555013754, -1.0310377555013754, -1.0310377555013754, -1.0310377555013754, -1.0310377555013754, -1.031111502628583, -1.031111502628583, -1.0312445485622603, -1.0312445485622603, -1.0312445485622603, -1.0313096617823283, -1.0315963032414426, -1.0315963032414426, -1.0315963032414426, -1.0316129068233488, -1.0316129068233488, -1.0316129068233488, -1.0316129068233488, -1.0316129068233488, -1.0316129068233488, -1.0316129068233488, -1.0316129068233488, -1.0316278197816058, -1.0316278197816058, -1.0316278197816058, -1.0316278197816058, -1.0316278197816058, -1.0316278197816058, -1.0316278197816058, -1.0316278197816058, -1.0316278197816058, -1.0316281290373508, -1.0316281290373508, -1.0316284028239715, -1.0316284028239715, -1.0316284028239715, -1.0316284028239715, -1.0316284028239715, -1.0316284028239715, -1.0316284028239715, -1.0316284028239715, -1.0316284093921986, -1.0316284093921986, -1.0316284093921986, -1.0316284489954428, -1.0316284513980123, -1.0316284513980123, -1.0316284513980123, -1.0316284513980123, -1.0316284513980123, -1.031628452274519, -1.031628452274519, -1.031628452274519, -1.0316284531813225, -1.0316284531813225, -1.0316284531813225, -1.0316284531813225, -1.0316284532321918, -1.0316284532321918, -1.0316284532321918, -1.0316284532321918, -1.0316284532321918, -1.0316284532321918, -1.031628453361459, -1.031628453361459, -1.031628453361459, -1.0316284534719737, -1.0316284534719737, -1.031628453477541, -1.031628453477541, -1.031628453477541, -1.031628453477541, -1.031628453477541, -1.0316284534814961, -1.031628453482916, -1.031628453482916, -1.0316284534862112, -1.0316284534862112, -1.0316284534862112, -1.0316284534880205, -1.0316284534880205, -1.0316284534896112, -1.0316284534896112, -1.0316284534896112, -1.0316284534896112, -1.0316284534896112, -1.031628453489758, -1.031628453489758, -1.031628453489758, -1.0316284534898663, -1.0316284534898663, -1.0316284534898663, -1.0316284534898663, -1.0316284534898663, -1.0316284534898663, -1.0316284534898663, -1.0316284534898663, -1.0316284534898663, -1.0316284534898663, -1.0316284534898739, -1.0316284534898739, -1.0316284534898739, -1.0316284534898739, -1.0316284534898752, -1.0316284534898752, -1.0316284534898752, -1.0316284534898752, -1.0316284534898752]","{""cognitive_weight"": 1.5, ""inertia_weight"": 0.7, ""max_iterations"": 120, ""social_weight"": 1.5, ""swarm_size"": 40}"
six_hump_camel,Six-Hump Camel,10,2187,pso,PSO,2,"[-3.0, 3.0]","[0.089842, -0.712656]","[0.0898414707010581, -0.7126563355801308]",-1.0316284534887297,6.267147629451233e-07,120,4840,"[0.28560509337566176, 0.28560509337566176, -0.5272056460399384, -0.5272056460399384, -0.5272056460399384, -0.9448889780434244, -0.9448889780434244, -0.9741673479613118, -0.9770138147432879, -0.9770138147432879, -0.9770138147432879, -0.9770138147432879, -1.0010751267814275, -1.0010751267814275, -1.012422634655508, -1.012422634655508, -1.012422634655508, -1.0153642683644377, -1.0153642683644377, -1.0153642683644377, -1.0153642683644377, -1.0153642683644377, -1.0153642683644377, -1.0153642683644377, -1.0232181596485126, -1.0275753181372551, -1.0275753181372551, -1.0275753181372551, -1.029246513553663, -1.029246513553663, -1.029246513553663, -1.0306493147793565, -1.0306493147793565, -1.0306493147793565, -1.0306493147793565, -1.0306493147793565, -1.0306493147793565, -1.0306493147793565, -1.0306493147793565, -1.0306493147793565, -1.0306493147793565, -1.0306493147793565, -1.0314518086991886, -1.0314518086991886, -1.0314518086991886, -1.0314518086991886, -1.0315233123340088, -1.0315233123340088, -1.0315233123340088, -1.0315233123340088, -1.03161847427159, -1.03161847427159, -1.03161847427159, -1.03161847427159, -1.03161847427159, -1.03161847427159, -1.03161847427159, -1.03161847427159, -1.03161847427159, -1.03161847427159, -1.031626871966206, -1.031626871966206, -1.031626871966206, -1.031626871966206, -1.031626871966206, -1.031626871966206, -1.031626871966206, -1.031626871966206, -1.031626871966206, -1.031626871966206, -1.031626871966206, -1.0316279687506833, -1.0316279687506833, -1.0316279687506833, -1.0316279687506833, -1.0316279687506833, -1.0316279687506833, -1.0316279687506833, -1.0316280966416336, -1.0316280966416336, -1.0316280966416336, -1.0316280966416336, -1.0316280966416336, -1.0316281043253228, -1.0316284226235417, -1.0316284226235417, -1.0316284488306835, -1.0316284508756772, -1.0316284508756772, -1.0316284508756772, -1.0316284508756772, -1.0316284508756772, -1.0316284527000987, -1.0316284527000987, -1.0316284527000987, -1.0316284527000987, -1.0316284527000987, -1.0316284527000987, -1.0316284527000987, -1.0316284531334419, -1.0316284531334419, -1.0316284531334419, -1.0316284533936428, -1.0316284533936428, -1.0316284533936428, -1.0316284533936428, -1.0316284533936428, -1.0316284534786275, -1.0316284534786275, -1.0316284534786275, -1.0316284534786275, -1.0316284534786275, -1.0316284534822369, -1.0316284534838196, -1.0316284534838196, -1.0316284534838196, -1.031628453484081, -1.031628453484081, -1.0316284534887297, -1.0316284534887297, -1.0316284534887297]","{""cognitive_weight"": 1.5, ""inertia_weight"": 0.7, ""max_iterations"": 120, ""social_weight"": 1.5, ""swarm_size"": 40}"
six_hump_camel,Six-Hump Camel,11,2188,pso,PSO,2,"[-3.0, 3.0]","[0.089842, -0.712656]","[-0.0898420035379228, 0.7126563899099277]",-1.0316284534898756,1.436593801308556,120,4840,"[-0.9296725786351223, -0.9296725786351223, -0.9296725786351223, -0.9296725786351223, -0.9296725786351223, -0.9296725786351223, -1.0272126121017202, -1.0272126121017202, -1.0306064752173034, -1.0306064752173034, -1.0306064752173034, -1.0306064752173034, -1.0306064752173034, -1.0306064752173034, -1.0309943612947436, -1.0309943612947436, -1.0309943612947436, -1.0309943612947436, -1.0309943612947436, -1.0309943612947436, -1.0309943612947436, -1.0311597297615158, -1.0311597297615158, -1.0311597297615158, -1.0315287392598351, -1.0315287392598351, -1.0315607543834657, -1.0315607543834657, -1.0315607543834657, -1.0315607543834657, -1.031591297903394, -1.031591297903394, -1.0316046968363914, -1.0316131892086031, -1.0316131892086031, -1.0316131892086031, -1.0316186020590032, -1.0316186020590032, -1.031621262972696, -1.031621262972696, -1.031621262972696, -1.0316219983989128, -1.0316219983989128, -1.0316254641348548, -1.0316279395809131, -1.0316279395809131, -1.0316282077946983, -1.0316282077946983, -1.0316282077946983, -1.0316282077946983, -1.0316282077946983, -1.0316282077946983, -1.0316282077946983, -1.0316284236020805, -1.0316284236020805, -1.0316284236020805, -1.0316284236020805, -1.0316284236020805, -1.0316284236020805, -1.0316284236020805, -1.0316284236020805, -1.0316284236020805, -1.031628436942335, -1.031628436942335, -1.0316284500691624, -1.0316284500691624, -1.0316284531234066, -1.0316284531234066, -1.0316284531234066, -1.0316284531234066, -1.0316284531234066, -1.0316284534003641, -1.0316284534003641, -1.0316284534003641, -1.0316284534003641, -1.0316284534003641, -1.0316284534003641, -1.031628453402257, -1.031628453402257, -1.031628453402257, -1.0316284534735172, -1.0316284534735172, -1.0316284534735172, -1.0316284534735172, -1.0316284534789404, -1.0316284534789404, -1.0316284534821272, -1.0316284534821272, -1.0316284534821272, -1.0316284534830604, -1.0316284534846691, -1.0316284534846691, -1.0316284534846691, -1.0316284534846691, -1.0316284534870672, -1.0316284534870672, -1.0316284534873577, -1.0316284534873577, -1.0316284534873577, -1.0316284534873577, -1.0316284534873577, -1.0316284534884415, -1.0316284534884415, -1.0316284534889624, -1.0316284534889624, -1.0316284534889624, -1.0316284534889624, -1.0316284534892528, -1.0316284534892528, -1.031628453489791, -1.031628453489791, -1.031628453489791, -1.031628453489791, -1.0316284534898594, -1.0316284534898594, -1.0316284534898708, -1.0316284534898756, -1.0316284534898756, -1.0316284534898756, -1.0316284534898756, -1.0316284534898756]","{""cognitive_weight"": 1.5, ""inertia_weight"": 0.7, ""max_iterations"": 120, ""social_weight"": 1.5, ""swarm_size"": 40}"
six_hump_camel,Six-Hump Camel,12,2189,pso,PSO,2,"[-3.0, 3.0]","[0.089842, -0.712656]","[0.08984205224171513, -0.7126563967029006]",-1.0316284534898708,4.0012796475013185e-07,120,4840,"[-0.8683643721700214, -0.998794411312899, -0.998794411312899, -0.998794411312899, -0.998794411312899, -0.998794411312899, -0.998794411312899, -0.998794411312899, -0.998794411312899, -1.0158511479486065, -1.0158511479486065, -1.0158511479486065, -1.0206213851595025, -1.0206213851595025, -1.0206213851595025, -1.0206213851595025, -1.0251778501911577, -1.0251778501911577, -1.0251778501911577, -1.0259687555043837, -1.029973842953462, -1.029973842953462, -1.029973842953462, -1.0306108928265505, -1.03102569127408, -1.03102569127408, -1.0314189016055302, -1.0315491753142925, -1.0315907494173544, -1.0315907494173544, -1.0315907494173544, -1.0315907494173544, -1.0316019221859918, -1.0316255433881623, -1.0316255433881623, -1.0316255433881623, -1.0316255433881623, -1.0316255433881623, -1.0316278914887258, -1.0316278914887258, -1.0316278914887258, -1.0316282541640456, -1.0316282541640456, -1.0316282541640456, -1.0316282541640456, -1.0316282541640456, -1.0316282541640456, -1.0316282541640456, -1.0316282541640456, -1.0316283628398355, -1.0316283628398355, -1.0316284392844537, -1.0316284392844537, -1.0316284392844537, -1.0316284392844537, -1.0316284392844537, -1.0316284392844537, -1.0316284392844537, -1.0316284392844537, -1.0316284392844537, -1.0316284392844537, -1.0316284392844537, -1.0316284392844537, -1.031628445243863, -1.031628445243863, -1.031628450438316, -1.031628450438316, -1.031628450438316, -1.031628450438316, -1.031628451058162, -1.031628451058162, -1.0316284523130945, -1.0316284523130945, -1.0316284523130945, -1.0316284533502997, -1.0316284533502997, -1.0316284533502997, -1.0316284533502997, -1.0316284533502997, -1.0316284533502997, -1.0316284534048141, -1.0316284534048141, -1.0316284534155977, -1.0316284534155977, -1.0316284534155977, -1.0316284534155977, -1.0316284534155977, -1.0316284534155977, -1.0316284534642755, -1.0316284534642755, -1.0316284534642755, -1.0316284534642755, -1.0316284534642755, -1.0316284534642755, -1.0316284534642755, -1.0316284534741345, -1.0316284534741345, -1.0316284534741345, -1.0316284534741345, -1.0316284534741345, -1.0316284534741345, -1.0316284534856615, -1.0316284534856615, -1.0316284534889202, -1.0316284534889202, -1.0316284534889202, -1.0316284534893523, -1.0316284534893523, -1.0316284534898017, -1.0316284534898017, -1.0316284534898017, -1.0316284534898017, -1.0316284534898017, -1.0316284534898381, -1.0316284534898381, -1.0316284534898381, -1.0316284534898381, -1.0316284534898381, -1.0316284534898381, -1.0316284534898708, -1.0316284534898708]","{""cognitive_weight"": 1.5, ""inertia_weight"": 0.7, ""max_iterations"": 120, ""social_weight"": 1.5, ""swarm_size"": 40}"
six_hump_camel,Six-Hump Camel,13,2190,pso,PSO,2,"[-3.0, 3.0]","[0.089842, -0.712656]","[0.08984199952875344, -0.712656421004913]",-1.0316284534898736,4.210051767845303e-07,120,4840,"[-0.803281962316037, -0.803281962316037, -0.803281962316037, -1.0129037486623724, -1.0129037486623724, -1.025385234054784, -1.025385234054784, -1.025385234054784, -1.025385234054784, -1.025385234054784, -1.025385234054784, -1.025385234054784, -1.025385234054784, -1.025385234054784, -1.025385234054784, -1.025385234054784, -1.025385234054784, -1.0261663247272605, -1.0296927004388974, -1.0296927004388974, -1.0296927004388974, -1.0296927004388974, -1.031032514100123, -1.031032514100123, -1.0315773709238265, -1.0315773709238265, -1.0315773709238265, -1.0315773709238265, -1.0315773709238265, -1.0315773709238265, -1.0315773709238265, -1.0315773709238265, -1.0315773709238265, -1.0315951598877697, -1.0315951598877697, -1.0316238302327232, -1.0316267368999943, -1.0316267368999943, -1.0316269671418052, -1.0316269671418052, -1.0316271024571642, -1.0316271024571642, -1.0316274294738879, -1.0316274294738879, -1.0316274294738879, -1.0316274294738879, -1.0316276676709, -1.0316278784458635, -1.0316278784458635, -1.0316278784458635, -1.031628326822326, -1.031628326822326, -1.031628326822326, -1.031628326822326, -1.031628440474356, -1.031628442432497, -1.031628442432497, -1.031628442432497, -1.031628442432497, -1.0316284504232727, -1.0316284504232727, -1.0316284504232727, -1.0316284504232727, -1.0316284504232727, -1.0316284504232727, -1.0316284504232727, -1.0316284504232727, -1.0316284504232727, -1.0316284504232727, -1.0316284504232727, -1.0316284504232727, -1.0316284504232727, -1.0316284504232727, -1.0316284504232727, -1.0316284515819494, -1.0316284524550352, -1.031628452906416, -1.0316284531440898, -1.0316284533920348, -1.0316284533920348, -1.0316284533920348, -1.0316284534889542, -1.0316284534889542, -1.0316284534889542, -1.0316284534889542, -1.0316284534889542, -1.0316284534889542, -1.0316284534889542, -1.0316284534889542, -1.0316284534897144, -1.0316284534897144, -1.0316284534897144, -1.0316284534897144, -1.0316284534897144, -1.0316284534897144, -1.0316284534897144, -1.0316284534897144, -1.0316284534897144, -1.0316284534897144, -1.0316284534897144, -1.0316284534897144, -1.0316284534897144, -1.0316284534897144, -1.0316284534897144, -1.0316284534897144, -1.0316284534897144, -1.0316284534897144, -1.0316284534897144, -1.0316284534897213, -1.0316284534897213, -1.0316284534897213, -1.031628453489748, -1.031628453489748, -1.031628453489748, -1.031628453489748, -1.031628453489803, -1.031628453489803, -1.031628453489803, -1.031628453489803, -1.031628453489803, -1.0316284534898736]","{""cognitive_weight"": 1.5, ""inertia_weight"": 0.7, ""max_iterations"": 120, ""social_weight"": 1.5, ""swarm_size"": 40}"
six_hump_camel,Six-Hump Camel,14,2191,pso,PSO,2,"[-3.0, 3.0]","[0.089842, -0.712656]","[0.08984201069503156, -0.7126563791545097]",-1.0316284534898728,3.7930532028041586e-07,120,4840,"[-0.7174369668377473, -0.902091591843655, -0.902091591843655, -0.902091591843655, -0.902091591843655, -0.9064518679538486, -0.9064518679538486, -0.9064518679538486, -1.0077626000086093, -1.0077626000086093, -1.0077626000086093, -1.0077626000086093, -1.0077626000086093, -1.018936095397824, -1.018936095397824, -1.018936095397824, -1.018936095397824, -1.0237772476914277, -1.0237772476914277, -1.0315179965797356, -1.0315179965797356, -1.0315179965797356, -1.0315179965797356, -1.0315179965797356, -1.0315179965797356, -1.0315179965797356, -1.0315179965797356, -1.0315179965797356, -1.0315179965797356, -1.0315395030153616, -1.0315395030153616, -1.0315646084955696, -1.0315847968563177, -1.0315847968563177, -1.0315847968563177, -1.0315923148451966, -1.0315923148451966, -1.0315923148451966, -1.0315923148451966, -1.0315923148451966, -1.031621006055592, -1.031621006055592, -1.031621006055592, -1.0316210153201497, -1.0316222246368547, -1.0316231158946219, -1.0316233766810567, -1.0316233766810567, -1.0316233766810567, -1.0316276269105114, -1.0316276269105114, -1.0316276269105114, -1.0316276269105114, -1.0316276269105114, -1.0316276269105114, -1.0316284523336046, -1.0316284523336046, -1.0316284523336046, -1.0316284523336046, -1.0316284523336046, -1.0316284523336046, -1.0316284523336046, -1.0316284523336046, -1.0316284523336046, -1.0316284523336046, -1.0316284523336046, -1.0316284523336046, -1.0316284523336046, -1.0316284523336046, -1.0316284523336046, -1.0316284523336046, -1.0316284523336046, -1.0316284523336046, -1.0316284528111546, -1.0316284528111546, -1.0316284528111546, -1.0316284528111546, -1.0316284528111546, -1.0316284528111546, -1.031628453417092, -1.031628453417092, -1.031628453417092, -1.0316284534183806, -1.0316284534183806, -1.0316284534183806, -1.0316284534183806, -1.0316284534183806, -1.0316284534521507, -1.0316284534521507, -1.0316284534586646, -1.0316284534586646, -1.0316284534586646, -1.0316284534586646, -1.0316284534586646, -1.0316284534886795, -1.0316284534886795, -1.0316284534886795, -1.0316284534886795, -1.0316284534887317, -1.0316284534887317, -1.0316284534887317, -1.0316284534887317, -1.0316284534887317, -1.0316284534887317, -1.0316284534887317, -1.0316284534897997, -1.0316284534897997, -1.0316284534897997, -1.0316284534897997, -1.0316284534897997, -1.0316284534898452, -1.0316284534898452, -1.0316284534898452, -1.0316284534898574, -1.0316284534898574, -1.0316284534898574, -1.0316284534898574, -1.0316284534898574, -1.0316284534898628, -1.0316284534898628, -1.0316284534898728]","{""cognitive_weight"": 1.5, ""inertia_weight"": 0.7, ""max_iterations"": 120, ""social_weight"": 1.5, ""swarm_size"": 40}"
six_hump_camel,Six-Hump Camel,15,2192,pso,PSO,2,"[-3.0, 3.0]","[0.089842, -0.712656]","[-0.08984202156743291, 0.7126564060334734]",-1.031628453489877,1.4365938195605517,120,4840,"[-0.6124467818203623, -0.6124467818203623, -0.6124467818203623, -0.9995480561697155, -0.9995480561697155, -1.0089848272132507, -1.0089848272132507, -1.0089848272132507, -1.0121293612337423, -1.0121293612337423, -1.0121293612337423, -1.0121293612337423, -1.0201104806556593, -1.0257308320222, -1.0257308320222, -1.0314871877102303, -1.0314871877102303, -1.0314871877102303, -1.0314871877102303, -1.0314871877102303, -1.0314871877102303, -1.0316068678541557, -1.0316068678541557, -1.0316068678541557, -1.0316068678541557, -1.0316168659281637, -1.0316168659281637, -1.0316168659281637, -1.0316168659281637, -1.0316168659281637, -1.0316168659281637, -1.031620305788823, -1.031620305788823, -1.031620305788823, -1.031620305788823, -1.031620305788823, -1.0316248057996125, -1.0316248057996125, -1.0316248057996125, -1.031627825428712, -1.031627825428712, -1.031628177689655, -1.031628177689655, -1.031628177689655, -1.031628333414792, -1.031628333414792, -1.031628333414792, -1.031628333414792, -1.0316284367463884, -1.0316284367463884, -1.0316284367463884, -1.0316284367463884, -1.031628452700521, -1.031628452700521, -1.031628452700521, -1.031628452700521, -1.031628452700521, -1.031628452700521, -1.031628452700521, -1.031628452700521, -1.031628452700521, -1.031628452700521, -1.031628452700521, -1.031628452700521, -1.031628452700521, -1.031628452700521, -1.031628452700521, -1.031628452700521, -1.031628452700521, -1.031628452700521, -1.0316284530242272, -1.0316284530242272, -1.0316284530242272, -1.0316284531982218, -1.0316284531982218, -1.0316284531982218, -1.0316284532212514, -1.0316284534256304, -1.0316284534256304, -1.0316284534554152, -1.0316284534554152, -1.0316284534554152, -1.0316284534554152, -1.0316284534554152, -1.0316284534554152, -1.0316284534557743, -1.0316284534689923, -1.031628453472743, -1.031628453472743, -1.031628453478856, -1.031628453478856, -1.0316284534891997, -1.0316284534891997, -1.0316284534891997, -1.0316284534891997, -1.0316284534891997, -1.0316284534891997, -1.0316284534895337, -1.0316284534895337, -1.0316284534898477, -1.0316284534898477, -1.0316284534898477, -1.0316284534898477, -1.0316284534898477, -1.0316284534898477, -1.0316284534898477, -1.0316284534898477, -1.0316284534898477, -1.0316284534898477, -1.0316284534898477, -1.0316284534898703, -1.0316284534898703, -1.0316284534898703, -1.0316284534898703, -1.0316284534898703, -1.0316284534898703, -1.0316284534898703, -1.0316284534898703, -1.0316284534898703, -1.031628453489877, -1.031628453489877]","{""cognitive_weight"": 1.5, ""inertia_weight"": 0.7, ""max_iterations"": 120, ""social_weight"": 1.5, ""swarm_size"": 40}"
six_hump_camel,Six-Hump Camel,16,2193,pso,PSO,2,"[-3.0, 3.0]","[0.089842, -0.712656]","[0.0898420143008066, -0.7126565078654624]",-1.0316284534897875,5.080667682809003e-07,120,4840,"[0.08995038224930252, 0.08995038224930252, -0.6579998868186452, -0.7879933684240663, -0.948512815156638, -0.948512815156638, -0.948512815156638, -0.9962825278216881, -1.024477788991165, -1.024477788991165, -1.0249694859412635, -1.0249694859412635, -1.0249694859412635, -1.0249694859412635, -1.0249694859412635, -1.0249694859412635, -1.0249694859412635, -1.0287459439844358, -1.0287459439844358, -1.0304990616804366, -1.0304990616804366, -1.0304990616804366, -1.0304990616804366, -1.0304990616804366, -1.030628031698818, -1.030628031698818, -1.030628031698818, -1.0309731585988973, -1.0309731585988973, -1.0309731585988973, -1.0309731585988973, -1.0310137907752925, -1.0315976708438097, -1.0315976708438097, -1.0315988065819952, -1.0315988065819952, -1.0315997518417808, -1.031614262984743, -1.031614262984743, -1.031614262984743, -1.031614262984743, -1.0316252531128485, -1.0316252531128485, -1.0316252531128485, -1.0316252531128485, -1.0316252531128485, -1.0316252531128485, -1.0316252531128485, -1.0316282495264626, -1.0316282495264626, -1.0316282495264626, -1.0316282495264626, -1.0316282495264626, -1.0316282495264626, -1.0316282495264626, -1.0316282495264626, -1.0316282495264626, -1.0316282495264626, -1.0316282495264626, -1.0316282802497196, -1.0316282802497196, -1.0316284511385754, -1.0316284511385754, -1.0316284511385754, -1.0316284511385754, -1.0316284511385754, -1.0316284511385754, -1.0316284511385754, -1.031628452638666, -1.031628452638666, -1.031628452638666, -1.031628452638666, -1.031628452638666, -1.031628452638666, -1.031628452638666, -1.031628452638666, -1.031628452638666, -1.031628452638666, -1.0316284531199855, -1.0316284531199855, -1.0316284531199855, -1.0316284531199855, -1.0316284531199855, -1.0316284532623912, -1.0316284534482092, -1.0316284534482092, -1.0316284534482092, -1.0316284534482092, -1.0316284534482092, -1.0316284534482092, -1.0316284534482092, -1.0316284534482092, -1.0316284534482092, -1.0316284534482092, -1.0316284534482092, -1.0316284534616018, -1.0316284534830389, -1.0316284534830389, -1.0316284534830389, -1.0316284534830389, -1.031628453484515, -1.0316284534857367, -1.0316284534857367, -1.0316284534857367, -1.0316284534884321, -1.0316284534884321, -1.0316284534890912, -1.0316284534890912, -1.0316284534890912, -1.0316284534890912, -1.0316284534890912, -1.031628453489484, -1.031628453489484, -1.031628453489484, -1.031628453489484, -1.031628453489484, -1.0316284534897875, -1.0316284534897875, -1.0316284534897875, -1.0316284534897875, -1.0316284534897875]","{""cognitive_weight"": 1.5, ""inertia_weight"": 0.7, ""max_iterations"": 120, ""social_weight"": 1.5, ""swarm_size"": 40}"
six_hump_camel,Six-Hump Camel,17,2194,pso,PSO,2,"[-3.0, 3.0]","[0.089842, -0.712656]","[-0.08984200686192564, 0.712656455247888]",-1.0316284534898545,1.4365938665491786,120,4840,"[-0.7961344218907813, -0.7961344218907813, -0.7961344218907813, -0.7961344218907813, -0.9125821158192068, -0.9489066745536111, -0.9489066745536111, -1.0056513222317176, -1.0056513222317176, -1.0056513222317176, -1.0056513222317176, -1.0210913483390525, -1.0210913483390525, -1.0289949263981328, -1.0289949263981328, -1.0289949263981328, -1.0289949263981328, -1.0289949263981328, -1.0304338373170159, -1.0304338373170159, -1.0304338373170159, -1.0304338373170159, -1.0310451355601138, -1.0310451355601138, -1.0315949724910456, -1.0315949724910456, -1.0315949724910456, -1.0315949724910456, -1.0315949724910456, -1.0315949724910456, -1.0315949724910456, -1.0315949724910456, -1.0316038158334715, -1.0316038158334715, -1.0316038158334715, -1.0316038158334715, -1.0316067027489142, -1.0316067027489142, -1.0316244663866359, -1.0316268445406584, -1.0316268445406584, -1.0316268445406584, -1.0316268613317552, -1.0316268613317552, -1.03162755000463, -1.03162755000463, -1.031628004209895, -1.031628004209895, -1.031628004209895, -1.031628004209895, -1.031628004209895, -1.031628337906258, -1.031628337906258, -1.031628337906258, -1.0316284475941935, -1.0316284475941935, -1.0316284511618599, -1.0316284511618599, -1.0316284527531963, -1.0316284527531963, -1.0316284527531963, -1.0316284527531963, -1.0316284527531963, -1.0316284527531963, -1.0316284527531963, -1.0316284527531963, -1.0316284527531963, -1.0316284527531963, -1.0316284527531963, -1.031628453273389, -1.031628453273389, -1.031628453273389, -1.031628453273389, -1.031628453273389, -1.031628453273389, -1.031628453273389, -1.031628453273389, -1.0316284534603355, -1.0316284534603355, -1.0316284534603355, -1.0316284534603355, -1.0316284534603355, -1.0316284534603355, -1.0316284534818825, -1.0316284534818825, -1.0316284534877538, -1.0316284534877538, -1.0316284534877538, -1.0316284534877538, -1.0316284534877538, -1.0316284534877538, -1.0316284534877538, -1.031628453487908, -1.0316284534880933, -1.0316284534880933, -1.0316284534880933, -1.0316284534881193, -1.0316284534881193, -1.0316284534881193, -1.0316284534881193, -1.0316284534881193, -1.031628453488156, -1.031628453488156, -1.0316284534881746, -1.0316284534881996, -1.0316284534882147, -1.031628453488224, -1.03162845348823, -1.0316284534882338, -1.0316284534882365, -1.031628453488238, -1.0316284534882394, -1.03162845348824, -1.0316284534882407, -1.0316284534887938, -1.0316284534898421, -1.0316284534898421, -1.0316284534898517, -1.0316284534898517, -1.0316284534898545, -1.0316284534898545]","{""cognitive_weight"": 1.5, ""inertia_weight"": 0.7, ""max_iterations"": 120, ""social_weight"": 1.5, ""swarm_size"": 40}"
six_hump_camel,Six-Hump Camel,18,2195,pso,PSO,2,"[-3.0, 3.0]","[0.089842, -0.712656]","[-0.08984200422285149, 0.7126564404182685]",-1.0316284534898652,1.4365938515059284,120,4840,"[0.08107410320354969, 0.06342616111601677, -0.39024417843588366, -0.8205991037365443, -0.8205991037365443, -0.9622711580835865, -0.9622711580835865, -0.9622711580835865, -0.9622711580835865, -0.9622711580835865, -0.9680950207178218, -1.0082192943087163, -1.0082192943087163, -1.0082192943087163, -1.0158497499735442, -1.0214810541423505, -1.0214810541423505, -1.024522504141536, -1.024522504141536, -1.0311173269074143, -1.0311173269074143, -1.0311173269074143, -1.0311173269074143, -1.0311173269074143, -1.0311173269074143, -1.0311173269074143, -1.0311173269074143, -1.0313591497261563, -1.0313591497261563, -1.0315208145099242, -1.0315208145099242, -1.0315208145099242, -1.0315412407436082, -1.0315509785966968, -1.0315509785966968, -1.031627541794328, -1.031627541794328, -1.031627541794328, -1.031627541794328, -1.031627541794328, -1.031627541794328, -1.031627541794328, -1.031627541794328, -1.031628410608885, -1.031628410608885, -1.031628410608885, -1.031628410608885, -1.031628410608885, -1.031628410608885, -1.031628410608885, -1.031628410608885, -1.031628410608885, -1.031628448329772, -1.031628448329772, -1.031628448329772, -1.031628448329772, -1.031628448329772, -1.031628448329772, -1.031628448329772, -1.031628448329772, -1.031628448329772, -1.031628448329772, -1.031628448329772, -1.031628448329772, -1.031628448329772, -1.031628448329772, -1.031628452733138, -1.0316284534513873, -1.0316284534513873, -1.0316284534513873, -1.0316284534513873, -1.0316284534513873, -1.0316284534513873, -1.0316284534513873, -1.0316284534513873, -1.0316284534513873, -1.0316284534513873, -1.0316284534513873, -1.0316284534665443, -1.0316284534665443, -1.0316284534665443, -1.0316284534665443, -1.0316284534665443, -1.0316284534665443, -1.0316284534665443, -1.0316284534665443, -1.0316284534665443, -1.0316284534846367, -1.0316284534846367, -1.0316284534846367, -1.0316284534872395, -1.0316284534872395, -1.0316284534897608, -1.0316284534897608, -1.0316284534897608, -1.0316284534897608, -1.0316284534897608, -1.0316284534897608, -1.0316284534897608, -1.0316284534897608, -1.0316284534897608, -1.0316284534897608, -1.0316284534897608, -1.0316284534897608, -1.0316284534897608, -1.0316284534897608, -1.0316284534897608, -1.0316284534898479, -1.0316284534898479, -1.0316284534898479, -1.0316284534898479, -1.0316284534898479, -1.0316284534898479, -1.0316284534898479, -1.0316284534898479, -1.0316284534898652, -1.0316284534898652, -1.0316284534898652, -1.0316284534898652, -1.0316284534898652, -1.0316284534898652]","{""cognitive_weight"": 1.5, ""inertia_weight"": 0.7, ""max_iterations"": 120, ""social_weight"": 1.5, ""swarm_size"": 40}"
six_hump_camel,Six-Hump Camel,19,2196,pso,PSO,2,"[-3.0, 3.0]","[0.089842, -0.712656]","[-0.08984198296881872, 0.7126564349160034]",-1.0316284534898645,1.4365938433884942,120,4840,"[0.8699414762277742, 0.19674121504145858, -0.18468573438525895, -0.3594675989618349, -0.6637463737138334, -0.6637463737138334, -0.8137356430151255, -1.0059804720999177, -1.0059804720999177, -1.0059804720999177, -1.0059804720999177, -1.0059804720999177, -1.0244030459557691, -1.0244030459557691, -1.0244030459557691, -1.0244030459557691, -1.0244030459557691, -1.0251219785199963, -1.0258763414872873, -1.0291090621960661, -1.029668126923616, -1.029668126923616, -1.029668126923616, -1.029668126923616, -1.0310642439225757, -1.0310642439225757, -1.0310642439225757, -1.0310642439225757, -1.0310642439225757, -1.031358099208342, -1.0315794755847705, -1.0316280573361407, -1.0316280573361407, -1.0316280573361407, -1.0316280573361407, -1.0316280573361407, -1.0316280573361407, -1.0316284187945626, -1.0316284187945626, -1.0316284187945626, -1.0316284187945626, -1.0316284187945626, -1.0316284477875768, -1.0316284477875768, -1.0316284477875768, -1.0316284477875768, -1.0316284477875768, -1.0316284477875768, -1.0316284477875768, -1.0316284477875768, -1.0316284477875768, -1.0316284477875768, -1.0316284477875768, -1.0316284477875768, -1.0316284477875768, -1.0316284477875768, -1.0316284477875768, -1.0316284477875768, -1.0316284477875768, -1.0316284477875768, -1.0316284477875768, -1.0316284477875768, -1.0316284477875768, -1.0316284477875768, -1.0316284477875768, -1.0316284477875768, -1.0316284479588602, -1.031628449566446, -1.0316284526837933, -1.0316284526837933, -1.0316284526837933, -1.0316284528699917, -1.0316284528699917, -1.0316284529321702, -1.0316284529321702, -1.0316284529321702, -1.0316284529321702, -1.0316284529321702, -1.0316284532686095, -1.0316284532686095, -1.0316284532686095, -1.0316284532686095, -1.0316284532686095, -1.031628453332761, -1.031628453332761, -1.0316284534117162, -1.0316284534210562, -1.0316284534210562, -1.031628453428938, -1.031628453428938, -1.0316284534628137, -1.0316284534628137, -1.0316284534628137, -1.0316284534628137, -1.0316284534835765, -1.0316284534835765, -1.0316284534885238, -1.0316284534885238, -1.0316284534885238, -1.0316284534885238, -1.0316284534885238, -1.0316284534889313, -1.0316284534889313, -1.0316284534889313, -1.031628453489694, -1.031628453489694, -1.031628453489694, -1.031628453489694, -1.0316284534898412, -1.0316284534898412, -1.0316284534898412, -1.0316284534898412, -1.0316284534898412, -1.0316284534898412, -1.0316284534898412, -1.0316284534898645, -1.0316284534898645, -1.0316284534898645, -1.0316284534898645, -1.0316284534898645, -1.0316284534898645]","{""cognitive_weight"": 1.5, ""inertia_weight"": 0.7, ""max_iterations"": 120, ""social_weight"": 1.5, ""swarm_size"": 40}"
six_hump_camel,Six-Hump Camel,20,2188,pso,PSO,2,"[-3.0, 3.0]","[0.089842, -0.712656]","[-0.0898420035379228, 0.7126563899099277]",-1.0316284534898756,1.436593801308556,120,4840,"[-0.9296725786351223, -0.9296725786351223, -0.9296725786351223, -0.9296725786351223, -0.9296725786351223, -0.9296725786351223, -1.0272126121017202, -1.0272126121017202, -1.0306064752173034, -1.0306064752173034, -1.0306064752173034, -1.0306064752173034, -1.0306064752173034, -1.0306064752173034, -1.0309943612947436, -1.0309943612947436, -1.0309943612947436, -1.0309943612947436, -1.0309943612947436, -1.0309943612947436, -1.0309943612947436, -1.0311597297615158, -1.0311597297615158, -1.0311597297615158, -1.0315287392598351, -1.0315287392598351, -1.0315607543834657, -1.0315607543834657, -1.0315607543834657, -1.0315607543834657, -1.031591297903394, -1.031591297903394, -1.0316046968363914, -1.0316131892086031, -1.0316131892086031, -1.0316131892086031, -1.0316186020590032, -1.0316186020590032, -1.031621262972696, -1.031621262972696, -1.031621262972696, -1.0316219983989128, -1.0316219983989128, -1.0316254641348548, -1.0316279395809131, -1.0316279395809131, -1.0316282077946983, -1.0316282077946983, -1.0316282077946983, -1.0316282077946983, -1.0316282077946983, -1.0316282077946983, -1.0316282077946983, -1.0316284236020805, -1.0316284236020805, -1.0316284236020805, -1.0316284236020805, -1.0316284236020805, -1.0316284236020805, -1.0316284236020805, -1.0316284236020805, -1.0316284236020805, -1.031628436942335, -1.031628436942335, -1.0316284500691624, -1.0316284500691624, -1.0316284531234066, -1.0316284531234066, -1.0316284531234066, -1.0316284531234066, -1.0316284531234066, -1.0316284534003641, -1.0316284534003641, -1.0316284534003641, -1.0316284534003641, -1.0316284534003641, -1.0316284534003641, -1.031628453402257, -1.031628453402257, -1.031628453402257, -1.0316284534735172, -1.0316284534735172, -1.0316284534735172, -1.0316284534735172, -1.0316284534789404, -1.0316284534789404, -1.0316284534821272, -1.0316284534821272, -1.0316284534821272, -1.0316284534830604, -1.0316284534846691, -1.0316284534846691, -1.0316284534846691, -1.0316284534846691, -1.0316284534870672, -1.0316284534870672, -1.0316284534873577, -1.0316284534873577, -1.0316284534873577, -1.0316284534873577, -1.0316284534873577, -1.0316284534884415, -1.0316284534884415, -1.0316284534889624, -1.0316284534889624, -1.0316284534889624, -1.0316284534889624, -1.0316284534892528, -1.0316284534892528, -1.031628453489791, -1.031628453489791, -1.031628453489791, -1.031628453489791, -1.0316284534898594, -1.0316284534898594, -1.0316284534898708, -1.0316284534898756, -1.0316284534898756, -1.0316284534898756, -1.0316284534898756, -1.0316284534898756]","{""cognitive_weight"": 1.5, ""inertia_weight"": 0.7, ""max_iterations"": 120, ""social_weight"": 1.5, ""swarm_size"": 40}"
six_hump_camel,Six-Hump Camel,21,2189,pso,PSO,2,"[-3.0, 3.0]","[0.089842, -0.712656]","[0.08984205224171513, -0.7126563967029006]",-1.0316284534898708,4.0012796475013185e-07,120,4840,"[-0.8683643721700214, -0.998794411312899, -0.998794411312899, -0.998794411312899, -0.998794411312899, -0.998794411312899, -0.998794411312899, -0.998794411312899, -0.998794411312899, -1.0158511479486065, -1.0158511479486065, -1.0158511479486065, -1.0206213851595025, -1.0206213851595025, -1.0206213851595025, -1.0206213851595025, -1.0251778501911577, -1.0251778501911577, -1.0251778501911577, -1.0259687555043837, -1.029973842953462, -1.029973842953462, -1.029973842953462, -1.0306108928265505, -1.03102569127408, -1.03102569127408, -1.0314189016055302, -1.0315491753142925, -1.0315907494173544, -1.0315907494173544, -1.0315907494173544, -1.0315907494173544, -1.0316019221859918, -1.0316255433881623, -1.0316255433881623, -1.0316255433881623, -1.0316255433881623, -1.0316255433881623, -1.0316278914887258, -1.0316278914887258, -1.0316278914887258, -1.0316282541640456, -1.0316282541640456, -1.0316282541640456, -1.0316282541640456, -1.0316282541640456, -1.0316282541640456, -1.0316282541640456, -1.0316282541640456, -1.0316283628398355, -1.0316283628398355, -1.0316284392844537, -1.0316284392844537, -1.0316284392844537, -1.0316284392844537, -1.0316284392844537, -1.0316284392844537, -1.0316284392844537, -1.0316284392844537, -1.0316284392844537, -1.0316284392844537, -1.0316284392844537, -1.0316284392844537, -1.031628445243863, -1.031628445243863, -1.031628450438316, -1.031628450438316, -1.031628450438316, -1.031628450438316, -1.031628451058162, -1.031628451058162, -1.0316284523130945, -1.0316284523130945, -1.0316284523130945, -1.0316284533502997, -1.0316284533502997, -1.0316284533502997, -1.0316284533502997, -1.0316284533502997, -1.0316284533502997, -1.0316284534048141, -1.0316284534048141, -1.0316284534155977, -1.0316284534155977, -1.0316284534155977, -1.0316284534155977, -1.0316284534155977, -1.0316284534155977, -1.0316284534642755, -1.0316284534642755, -1.0316284534642755, -1.0316284534642755, -1.0316284534642755, -1.0316284534642755, -1.0316284534642755, -1.0316284534741345, -1.0316284534741345, -1.0316284534741345, -1.0316284534741345, -1.0316284534741345, -1.0316284534741345, -1.0316284534856615, -1.0316284534856615, -1.0316284534889202, -1.0316284534889202, -1.0316284534889202, -1.0316284534893523, -1.0316284534893523, -1.0316284534898017, -1.0316284534898017, -1.0316284534898017, -1.0316284534898017, -1.0316284534898017, -1.0316284534898381, -1.0316284534898381, -1.0316284534898381, -1.0316284534898381, -1.0316284534898381, -1.0316284534898381, -1.0316284534898708, -1.0316284534898708]","{""cognitive_weight"": 1.5, ""inertia_weight"": 0.7, ""max_iterations"": 120, ""social_weight"": 1.5, ""swarm_size"": 40}"
six_hump_camel,Six-Hump Camel,22,2190,pso,PSO,2,"[-3.0, 3.0]","[0.089842, -0.712656]","[0.08984199952875344, -0.712656421004913]",-1.0316284534898736,4.210051767845303e-07,120,4840,"[-0.803281962316037, -0.803281962316037, -0.803281962316037, -1.0129037486623724, -1.0129037486623724, -1.025385234054784, -1.025385234054784, -1.025385234054784, -1.025385234054784, -1.025385234054784, -1.025385234054784, -1.025385234054784, -1.025385234054784, -1.025385234054784, -1.025385234054784, -1.025385234054784, -1.025385234054784, -1.0261663247272605, -1.0296927004388974, -1.0296927004388974, -1.0296927004388974, -1.0296927004388974, -1.031032514100123, -1.031032514100123, -1.0315773709238265, -1.0315773709238265, -1.0315773709238265, -1.0315773709238265, -1.0315773709238265, -1.0315773709238265, -1.0315773709238265, -1.0315773709238265, -1.0315773709238265, -1.0315951598877697, -1.0315951598877697, -1.0316238302327232, -1.0316267368999943, -1.0316267368999943, -1.0316269671418052, -1.0316269671418052, -1.0316271024571642, -1.0316271024571642, -1.0316274294738879, -1.0316274294738879, -1.0316274294738879, -1.0316274294738879, -1.0316276676709, -1.0316278784458635, -1.0316278784458635, -1.0316278784458635, -1.031628326822326, -1.031628326822326, -1.031628326822326, -1.031628326822326, -1.031628440474356, -1.031628442432497, -1.031628442432497, -1.031628442432497, -1.031628442432497, -1.0316284504232727, -1.0316284504232727, -1.0316284504232727, -1.0316284504232727, -1.0316284504232727, -1.0316284504232727, -1.0316284504232727, -1.0316284504232727, -1.0316284504232727, -1.0316284504232727, -1.0316284504232727, -1.0316284504232727, -1.0316284504232727, -1.0316284504232727, -1.0316284504232727, -1.0316284515819494, -1.0316284524550352, -1.031628452906416, -1.0316284531440898, -1.0316284533920348, -1.0316284533920348, -1.0316284533920348, -1.0316284534889542, -1.0316284534889542, -1.0316284534889542, -1.0316284534889542, -1.0316284534889542, -1.0316284534889542, -1.0316284534889542, -1.0316284534889542, -1.0316284534897144, -1.0316284534897144, -1.0316284534897144, -1.0316284534897144, -1.0316284534897144, -1.0316284534897144, -1.0316284534897144, -1.0316284534897144, -1.0316284534897144, -1.0316284534897144, -1.0316284534897144, -1.0316284534897144, -1.0316284534897144, -1.0316284534897144, -1.0316284534897144, -1.0316284534897144, -1.0316284534897144, -1.0316284534897144, -1.0316284534897144, -1.0316284534897213, -1.0316284534897213, -1.0316284534897213, -1.031628453489748, -1.031628453489748, -1.031628453489748, -1.031628453489748, -1.031628453489803, -1.031628453489803, -1.031628453489803, -1.031628453489803, -1.031628453489803, -1.0316284534898736]","{""cognitive_weight"": 1.5, ""inertia_weight"": 0.7, ""max_iterations"": 120, ""social_weight"": 1.5, ""swarm_size"": 40}"
six_hump_camel,Six-Hump Camel,23,2191,pso,PSO,2,"[-3.0, 3.0]","[0.089842, -0.712656]","[0.08984201069503156, -0.7126563791545097]",-1.0316284534898728,3.7930532028041586e-07,120,4840,"[-0.7174369668377473, -0.902091591843655, -0.902091591843655, -0.902091591843655, -0.902091591843655, -0.9064518679538486, -0.9064518679538486, -0.9064518679538486, -1.0077626000086093, -1.0077626000086093, -1.0077626000086093, -1.0077626000086093, -1.0077626000086093, -1.018936095397824, -1.018936095397824, -1.018936095397824, -1.018936095397824, -1.0237772476914277, -1.0237772476914277, -1.0315179965797356, -1.0315179965797356, -1.0315179965797356, -1.0315179965797356, -1.0315179965797356, -1.0315179965797356, -1.0315179965797356, -1.0315179965797356, -1.0315179965797356, -1.0315179965797356, -1.0315395030153616, -1.0315395030153616, -1.0315646084955696, -1.0315847968563177, -1.0315847968563177, -1.0315847968563177, -1.0315923148451966, -1.0315923148451966, -1.0315923148451966, -1.0315923148451966, -1.0315923148451966, -1.031621006055592, -1.031621006055592, -1.031621006055592, -1.0316210153201497, -1.0316222246368547, -1.0316231158946219, -1.0316233766810567, -1.0316233766810567, -1.0316233766810567, -1.0316276269105114, -1.0316276269105114, -1.0316276269105114, -1.0316276269105114, -1.0316276269105114, -1.0316276269105114, -1.0316284523336046, -1.0316284523336046, -1.0316284523336046, -1.0316284523336046, -1.0316284523336046, -1.0316284523336046, -1.0316284523336046, -1.0316284523336046, -1.0316284523336046, -1.0316284523336046, -1.0316284523336046, -1.0316284523336046, -1.0316284523336046, -1.0316284523336046, -1.0316284523336046, -1.0316284523336046, -1.0316284523336046, -1.0316284523336046, -1.0316284528111546, -1.0316284528111546, -1.0316284528111546, -1.0316284528111546, -1.0316284528111546, -1.0316284528111546, -1.031628453417092, -1.031628453417092, -1.031628453417092, -1.0316284534183806, -1.0316284534183806, -1.0316284534183806, -1.0316284534183806, -1.0316284534183806, -1.0316284534521507, -1.0316284534521507, -1.0316284534586646, -1.0316284534586646, -1.0316284534586646, -1.0316284534586646, -1.0316284534586646, -1.0316284534886795, -1.0316284534886795, -1.0316284534886795, -1.0316284534886795, -1.0316284534887317, -1.0316284534887317, -1.0316284534887317, -1.0316284534887317, -1.0316284534887317, -1.0316284534887317, -1.0316284534887317, -1.0316284534897997, -1.0316284534897997, -1.0316284534897997, -1.0316284534897997, -1.0316284534897997, -1.0316284534898452, -1.0316284534898452, -1.0316284534898452, -1.0316284534898574, -1.0316284534898574, -1.0316284534898574, -1.0316284534898574, -1.0316284534898574, -1.0316284534898628, -1.0316284534898628, -1.0316284534898728]","{""cognitive_weight"": 1.5, ""inertia_weight"": 0.7, ""max_iterations"": 120, ""social_weight"": 1.5, ""swarm_size"": 40}"
six_hump_camel,Six-Hump Camel,24,2192,pso,PSO,2,"[-3.0, 3.0]","[0.089842, -0.712656]","[-0.08984202156743291, 0.7126564060334734]",-1.031628453489877,1.4365938195605517,120,4840,"[-0.6124467818203623, -0.6124467818203623, -0.6124467818203623, -0.9995480561697155, -0.9995480561697155, -1.0089848272132507, -1.0089848272132507, -1.0089848272132507, -1.0121293612337423, -1.0121293612337423, -1.0121293612337423, -1.0121293612337423, -1.0201104806556593, -1.0257308320222, -1.0257308320222, -1.0314871877102303, -1.0314871877102303, -1.0314871877102303, -1.0314871877102303, -1.0314871877102303, -1.0314871877102303, -1.0316068678541557, -1.0316068678541557, -1.0316068678541557, -1.0316068678541557, -1.0316168659281637, -1.0316168659281637, -1.0316168659281637, -1.0316168659281637, -1.0316168659281637, -1.0316168659281637, -1.031620305788823, -1.031620305788823, -1.031620305788823, -1.031620305788823, -1.031620305788823, -1.0316248057996125, -1.0316248057996125, -1.0316248057996125, -1.031627825428712, -1.031627825428712, -1.031628177689655, -1.031628177689655, -1.031628177689655, -1.031628333414792, -1.031628333414792, -1.031628333414792, -1.031628333414792, -1.0316284367463884, -1.0316284367463884, -1.0316284367463884, -1.0316284367463884, -1.031628452700521, -1.031628452700521, -1.031628452700521, -1.031628452700521, -1.031628452700521, -1.031628452700521, -1.031628452700521, -1.031628452700521, -1.031628452700521, -1.031628452700521, -1.031628452700521, -1.031628452700521, -1.031628452700521, -1.031628452700521, -1.031628452700521, -1.031628452700521, -1.031628452700521, -1.031628452700521, -1.0316284530242272, -1.0316284530242272, -1.0316284530242272, -1.0316284531982218, -1.0316284531982218, -1.0316284531982218, -1.0316284532212514, -1.0316284534256304, -1.0316284534256304, -1.0316284534554152, -1.0316284534554152, -1.0316284534554152, -1.0316284534554152, -1.0316284534554152, -1.0316284534554152, -1.0316284534557743, -1.0316284534689923, -1.031628453472743, -1.031628453472743, -1.031628453478856, -1.031628453478856, -1.0316284534891997, -1.0316284534891997, -1.0316284534891997, -1.0316284534891997, -1.0316284534891997, -1.0316284534891997, -1.0316284534895337, -1.0316284534895337, -1.0316284534898477, -1.0316284534898477, -1.0316284534898477, -1.0316284534898477, -1.0316284534898477, -1.0316284534898477, -1.0316284534898477, -1.0316284534898477, -1.0316284534898477, -1.0316284534898477, -1.0316284534898477, -1.0316284534898703, -1.0316284534898703, -1.0316284534898703, -1.0316284534898703, -1.0316284534898703, -1.0316284534898703, -1.0316284534898703, -1.0316284534898703, -1.0316284534898703, -1.031628453489877, -1.031628453489877]","{""cognitive_weight"": 1.5, ""inertia_weight"": 0.7, ""max_iterations"": 120, ""social_weight"": 1.5, ""swarm_size"": 40}"
six_hump_camel,Six-Hump Camel,25,2193,pso,PSO,2,"[-3.0, 3.0]","[0.089842, -0.712656]","[0.0898420143008066, -0.7126565078654624]",-1.0316284534897875,5.080667682809003e-07,120,4840,"[0.08995038224930252, 0.08995038224930252, -0.6579998868186452, -0.7879933684240663, -0.948512815156638, -0.948512815156638, -0.948512815156638, -0.9962825278216881, -1.024477788991165, -1.024477788991165, -1.0249694859412635, -1.0249694859412635, -1.0249694859412635, -1.0249694859412635, -1.0249694859412635, -1.0249694859412635, -1.0249694859412635, -1.0287459439844358, -1.0287459439844358, -1.0304990616804366, -1.0304990616804366, -1.0304990616804366, -1.0304990616804366, -1.0304990616804366, -1.030628031698818, -1.030628031698818, -1.030628031698818, -1.0309731585988973, -1.0309731585988973, -1.0309731585988973, -1.0309731585988973, -1.0310137907752925, -1.0315976708438097, -1.0315976708438097, -1.0315988065819952, -1.0315988065819952, -1.0315997518417808, -1.031614262984743, -1.031614262984743, -1.031614262984743, -1.031614262984743, -1.0316252531128485, -1.0316252531128485, -1.0316252531128485, -1.0316252531128485, -1.0316252531128485, -1.0316252531128485, -1.0316252531128485, -1.0316282495264626, -1.0316282495264626, -1.0316282495264626, -1.0316282495264626, -1.0316282495264626, -1.0316282495264626, -1.0316282495264626, -1.0316282495264626, -1.0316282495264626, -1.0316282495264626, -1.0316282495264626, -1.0316282802497196, -1.0316282802497196, -1.0316284511385754, -1.0316284511385754, -1.0316284511385754, -1.0316284511385754, -1.0316284511385754, -1.0316284511385754, -1.0316284511385754, -1.031628452638666, -1.031628452638666, -1.031628452638666, -1.031628452638666, -1.031628452638666, -1.031628452638666, -1.031628452638666, -1.031628452638666, -1.031628452638666, -1.031628452638666, -1.0316284531199855, -1.0316284531199855, -1.0316284531199855, -1.0316284531199855, -1.0316284531199855, -1.0316284532623912, -1.0316284534482092, -1.0316284534482092, -1.0316284534482092, -1.0316284534482092, -1.0316284534482092, -1.0316284534482092, -1.0316284534482092, -1.0316284534482092, -1.0316284534482092, -1.0316284534482092, -1.0316284534482092, -1.0316284534616018, -1.0316284534830389, -1.0316284534830389, -1.0316284534830389, -1.0316284534830389, -1.031628453484515, -1.0316284534857367, -1.0316284534857367, -1.0316284534857367, -1.0316284534884321, -1.0316284534884321, -1.0316284534890912, -1.0316284534890912, -1.0316284534890912, -1.0316284534890912, -1.0316284534890912, -1.031628453489484, -1.031628453489484, -1.031628453489484, -1.031628453489484, -1.031628453489484, -1.0316284534897875, -1.0316284534897875, -1.0316284534897875, -1.0316284534897875, -1.0316284534897875]","{""cognitive_weight"": 1.5, ""inertia_weight"": 0.7, ""max_iterations"": 120, ""social_weight"": 1.5, ""swarm_size"": 40}"
six_hump_camel,Six-Hump Camel,26,2194,pso,PSO,2,"[-3.0, 3.0]","[0.089842, -0.712656]","[-0.08984200686192564, 0.712656455247888]",-1.0316284534898545,1.4365938665491786,120,4840,"[-0.7961344218907813, -0.7961344218907813, -0.7961344218907813, -0.7961344218907813, -0.9125821158192068, -0.9489066745536111, -0.9489066745536111, -1.0056513222317176, -1.0056513222317176, -1.0056513222317176, -1.0056513222317176, -1.0210913483390525, -1.0210913483390525, -1.0289949263981328, -1.0289949263981328, -1.0289949263981328, -1.0289949263981328, -1.0289949263981328, -1.0304338373170159, -1.0304338373170159, -1.0304338373170159, -1.0304338373170159, -1.0310451355601138, -1.0310451355601138, -1.0315949724910456, -1.0315949724910456, -1.0315949724910456, -1.0315949724910456, -1.0315949724910456, -1.0315949724910456, -1.0315949724910456, -1.0315949724910456, -1.0316038158334715, -1.0316038158334715, -1.0316038158334715, -1.0316038158334715, -1.0316067027489142, -1.0316067027489142, -1.0316244663866359, -1.0316268445406584, -1.0316268445406584, -1.0316268445406584, -1.0316268613317552, -1.0316268613317552, -1.03162755000463, -1.03162755000463, -1.031628004209895, -1.031628004209895, -1.031628004209895, -1.031628004209895, -1.031628004209895, -1.031628337906258, -1.031628337906258, -1.031628337906258, -1.0316284475941935, -1.0316284475941935, -1.0316284511618599, -1.0316284511618599, -1.0316284527531963, -1.0316284527531963, -1.0316284527531963, -1.0316284527531963, -1.0316284527531963, -1.0316284527531963, -1.0316284527531963, -1.0316284527531963, -1.0316284527531963, -1.0316284527531963, -1.0316284527531963, -1.031628453273389, -1.031628453273389, -1.031628453273389, -1.031628453273389, -1.031628453273389, -1.031628453273389, -1.031628453273389, -1.031628453273389, -1.0316284534603355, -1.0316284534603355, -1.0316284534603355, -1.0316284534603355, -1.0316284534603355, -1.0316284534603355, -1.0316284534818825, -1.0316284534818825, -1.0316284534877538, -1.0316284534877538, -1.0316284534877538, -1.0316284534877538, -1.0316284534877538, -1.0316284534877538, -1.0316284534877538, -1.031628453487908, -1.0316284534880933, -1.0316284534880933, -1.0316284534880933, -1.0316284534881193, -1.0316284534881193, -1.0316284534881193, -1.0316284534881193, -1.0316284534881193, -1.031628453488156, -1.031628453488156, -1.0316284534881746, -1.0316284534881996, -1.0316284534882147, -1.031628453488224, -1.03162845348823, -1.0316284534882338, -1.0316284534882365, -1.031628453488238, -1.0316284534882394, -1.03162845348824, -1.0316284534882407, -1.0316284534887938, -1.0316284534898421, -1.0316284534898421, -1.0316284534898517, -1.0316284534898517, -1.0316284534898545, -1.0316284534898545]","{""cognitive_weight"": 1.5, ""inertia_weight"": 0.7, ""max_iterations"": 120, ""social_weight"": 1.5, ""swarm_size"": 40}"
six_hump_camel,Six-Hump Camel,27,2195,pso,PSO,2,"[-3.0, 3.0]","[0.089842, -0.712656]","[-0.08984200422285149, 0.7126564404182685]",-1.0316284534898652,1.4365938515059284,120,4840,"[0.08107410320354969, 0.06342616111601677, -0.39024417843588366, -0.8205991037365443, -0.8205991037365443, -0.9622711580835865, -0.9622711580835865, -0.9622711580835865, -0.9622711580835865, -0.9622711580835865, -0.9680950207178218, -1.0082192943087163, -1.0082192943087163, -1.0082192943087163, -1.0158497499735442, -1.0214810541423505, -1.0214810541423505, -1.024522504141536, -1.024522504141536, -1.0311173269074143, -1.0311173269074143, -1.0311173269074143, -1.0311173269074143, -1.0311173269074143, -1.0311173269074143, -1.0311173269074143, -1.0311173269074143, -1.0313591497261563, -1.0313591497261563, -1.0315208145099242, -1.0315208145099242, -1.0315208145099242, -1.0315412407436082, -1.0315509785966968, -1.0315509785966968, -1.031627541794328, -1.031627541794328, -1.031627541794328, -1.031627541794328, -1.031627541794328, -1.031627541794328, -1.031627541794328, -1.031627541794328, -1.031628410608885, -1.031628410608885, -1.031628410608885, -1.031628410608885, -1.031628410608885, -1.031628410608885, -1.031628410608885, -1.031628410608885, -1.031628410608885, -1.031628448329772, -1.031628448329772, -1.031628448329772, -1.031628448329772, -1.031628448329772, -1.031628448329772, -1.031628448329772, -1.031628448329772, -1.031628448329772, -1.031628448329772, -1.031628448329772, -1.031628448329772, -1.031628448329772, -1.031628448329772, -1.031628452733138, -1.0316284534513873, -1.0316284534513873, -1.0316284534513873, -1.0316284534513873, -1.0316284534513873, -1.0316284534513873, -1.0316284534513873, -1.0316284534513873, -1.0316284534513873, -1.0316284534513873, -1.0316284534513873, -1.0316284534665443, -1.0316284534665443, -1.0316284534665443, -1.0316284534665443, -1.0316284534665443, -1.0316284534665443, -1.0316284534665443, -1.0316284534665443, -1.0316284534665443, -1.0316284534846367, -1.0316284534846367, -1.0316284534846367, -1.0316284534872395, -1.0316284534872395, -1.0316284534897608, -1.0316284534897608, -1.0316284534897608, -1.0316284534897608, -1.0316284534897608, -1.0316284534897608, -1.0316284534897608, -1.0316284534897608, -1.0316284534897608, -1.0316284534897608, -1.0316284534897608, -1.0316284534897608, -1.0316284534897608, -1.0316284534897608, -1.0316284534897608, -1.0316284534898479, -1.0316284534898479, -1.0316284534898479, -1.0316284534898479, -1.0316284534898479, -1.0316284534898479, -1.0316284534898479, -1.0316284534898479, -1.0316284534898652, -1.0316284534898652, -1.0316284534898652, -1.0316284534898652, -1.0316284534898652, -1.0316284534898652]","{""cognitive_weight"": 1.5, ""inertia_weight"": 0.7, ""max_iterations"": 120, ""social_weight"": 1.5, ""swarm_size"": 40}"
six_hump_camel,Six-Hump Camel,28,2196,pso,PSO,2,"[-3.0, 3.0]","[0.089842, -0.712656]","[-0.08984198296881872, 0.7126564349160034]",-1.0316284534898645,1.4365938433884942,120,4840,"[0.8699414762277742, 0.19674121504145858, -0.18468573438525895, -0.3594675989618349, -0.6637463737138334, -0.6637463737138334, -0.8137356430151255, -1.0059804720999177, -1.0059804720999177, -1.0059804720999177, -1.0059804720999177, -1.0059804720999177, -1.0244030459557691, -1.0244030459557691, -1.0244030459557691, -1.0244030459557691, -1.0244030459557691, -1.0251219785199963, -1.0258763414872873, -1.0291090621960661, -1.029668126923616, -1.029668126923616, -1.029668126923616, -1.029668126923616, -1.0310642439225757, -1.0310642439225757, -1.0310642439225757, -1.0310642439225757, -1.0310642439225757, -1.031358099208342, -1.0315794755847705, -1.0316280573361407, -1.0316280573361407, -1.0316280573361407, -1.0316280573361407, -1.0316280573361407, -1.0316280573361407, -1.0316284187945626, -1.0316284187945626, -1.0316284187945626, -1.0316284187945626, -1.0316284187945626, -1.0316284477875768, -1.0316284477875768, -1.0316284477875768, -1.0316284477875768, -1.0316284477875768, -1.0316284477875768, -1.0316284477875768, -1.0316284477875768, -1.0316284477875768, -1.0316284477875768, -1.0316284477875768, -1.0316284477875768, -1.0316284477875768, -1.0316284477875768, -1.0316284477875768, -1.0316284477875768, -1.0316284477875768, -1.0316284477875768, -1.0316284477875768, -1.0316284477875768, -1.0316284477875768, -1.0316284477875768, -1.0316284477875768, -1.0316284477875768, -1.0316284479588602, -1.031628449566446, -1.0316284526837933, -1.0316284526837933, -1.0316284526837933, -1.0316284528699917, -1.0316284528699917, -1.0316284529321702, -1.0316284529321702, -1.0316284529321702, -1.0316284529321702, -1.0316284529321702, -1.0316284532686095, -1.0316284532686095, -1.0316284532686095, -1.0316284532686095, -1.0316284532686095, -1.031628453332761, -1.031628453332761, -1.0316284534117162, -1.0316284534210562, -1.0316284534210562, -1.031628453428938, -1.031628453428938, -1.0316284534628137, -1.0316284534628137, -1.0316284534628137, -1.0316284534628137, -1.0316284534835765, -1.0316284534835765, -1.0316284534885238, -1.0316284534885238, -1.0316284534885238, -1.0316284534885238, -1.0316284534885238, -1.0316284534889313, -1.0316284534889313, -1.0316284534889313, -1.031628453489694, -1.031628453489694, -1.031628453489694, -1.031628453489694, -1.0316284534898412, -1.0316284534898412, -1.0316284534898412, -1.0316284534898412, -1.0316284534898412, -1.0316284534898412, -1.0316284534898412, -1.0316284534898645, -1.0316284534898645, -1.0316284534898645, -1.0316284534898645, -1.0316284534898645, -1.0316284534898645]","{""cognitive_weight"": 1.5, ""inertia_weight"": 0.7, ""max_iterations"": 120, ""social_weight"": 1.5, ""swarm_size"": 40}"
six_hump_camel,Six-Hump Camel,29,2197,pso,PSO,2,"[-3.0, 3.0]","[0.089842, -0.712656]","[0.0898419881058361, -0.7126564300699596]",-1.0316284534898683,4.3023440276660017e-07,120,4840,"[-1.023497877222305, -1.023497877222305, -1.023497877222305, -1.023497877222305, -1.023497877222305, -1.023497877222305, -1.023497877222305, -1.0284839962502208, -1.0284839962502208, -1.0284839962502208, -1.0284839962502208, -1.0284839962502208, -1.0314202964364292, -1.0314202964364292, -1.0314202964364292, -1.0314202964364292, -1.0314202964364292, -1.0314202964364292, -1.0314202964364292, -1.0314202964364292, -1.0316282619033124, -1.0316282619033124, -1.0316282619033124, -1.0316282619033124, -1.0316282619033124, -1.0316282619033124, -1.0316282619033124, -1.0316282619033124, -1.0316282619033124, -1.0316282619033124, -1.0316282619033124, -1.0316282619033124, -1.0316282619033124, -1.0316282619033124, -1.0316282619033124, -1.0316282619033124, -1.0316282619033124, -1.0316282619033124, -1.0316282619033124, -1.0316282619033124, -1.0316284207108304, -1.0316284207108304, -1.0316284207108304, -1.0316284207108304, -1.0316284207108304, -1.0316284207108304, -1.0316284207108304, -1.0316284207108304, -1.0316284207108304, -1.0316284207108304, -1.0316284207108304, -1.0316284207108304, -1.0316284207108304, -1.0316284207108304, -1.0316284453743585, -1.0316284453743585, -1.0316284453743585, -1.0316284475102644, -1.0316284475102644, -1.0316284475102644, -1.0316284475102644, -1.0316284475102644, -1.031628452236105, -1.031628452236105, -1.0316284526288602, -1.0316284526288602, -1.0316284526288602, -1.0316284526288602, -1.0316284526288602, -1.0316284526288602, -1.0316284526288602, -1.0316284526288602, -1.0316284527185493, -1.0316284527185493, -1.0316284527185493, -1.0316284527185493, -1.031628453425384, -1.031628453425384, -1.031628453425384, -1.031628453425384, -1.031628453425384, -1.031628453425384, -1.0316284534518565, -1.0316284534853475, -1.0316284534853475, -1.0316284534853475, -1.0316284534853475, -1.0316284534853475, -1.0316284534853475, -1.0316284534853475, -1.0316284534853475, -1.0316284534853475, -1.0316284534853475, -1.0316284534871774, -1.0316284534871774, -1.0316284534871774, -1.0316284534871774, -1.0316284534877673, -1.0316284534877673, -1.0316284534877673, -1.0316284534877673, -1.0316284534888565, -1.031628453489072, -1.0316284534891191, -1.0316284534892661, -1.0316284534892661, -1.0316284534898235, -1.0316284534898235, -1.0316284534898235, -1.0316284534898235, -1.0316284534898235, -1.0316284534898235, -1.0316284534898235, -1.0316284534898235, -1.031628453489841, -1.031628453489841, -1.031628453489841, -1.031628453489841, -1.031628453489841, -1.031628453489841, -1.0316284534898683]","{""cognitive_weight"": 1.5, ""inertia_weight"": 0.7, ""max_iterations"": 120, ""social_weight"": 1.5, ""swarm_size"": 40}"
six_hump_camel,Six-Hump Camel,30,2189,pso,PSO,2,"[-3.0, 3.0]","[0.089842, -0.712656]","[0.08984205224171513, -0.7126563967029006]",-1.0316284534898708,4.0012796475013185e-07,120,4840,"[-0.8683643721700214, -0.998794411312899, -0.998794411312899, -0.998794411312899, -0.998794411312899, -0.998794411312899, -0.998794411312899, -0.998794411312899, -0.998794411312899, -1.0158511479486065, -1.0158511479486065, -1.0158511479486065, -1.0206213851595025, -1.0206213851595025, -1.0206213851595025, -1.0206213851595025, -1.0251778501911577, -1.0251778501911577, -1.0251778501911577, -1.0259687555043837, -1.029973842953462, -1.029973842953462, -1.029973842953462, -1.0306108928265505, -1.03102569127408, -1.03102569127408, -1.0314189016055302, -1.0315491753142925, -1.0315907494173544, -1.0315907494173544, -1.0315907494173544, -1.0315907494173544, -1.0316019221859918, -1.0316255433881623, -1.0316255433881623, -1.0316255433881623, -1.0316255433881623, -1.0316255433881623, -1.0316278914887258, -1.0316278914887258, -1.0316278914887258, -1.0316282541640456, -1.0316282541640456, -1.0316282541640456, -1.0316282541640456, -1.0316282541640456, -1.0316282541640456, -1.0316282541640456, -1.0316282541640456, -1.0316283628398355, -1.0316283628398355, -1.0316284392844537, -1.0316284392844537, -1.0316284392844537, -1.0316284392844537, -1.0316284392844537, -1.0316284392844537, -1.0316284392844537, -1.0316284392844537, -1.0316284392844537, -1.0316284392844537, -1.0316284392844537, -1.0316284392844537, -1.031628445243863, -1.031628445243863, -1.031628450438316, -1.031628450438316, -1.031628450438316, -1.031628450438316, -1.031628451058162, -1.031628451058162, -1.0316284523130945, -1.0316284523130945, -1.0316284523130945, -1.0316284533502997, -1.0316284533502997, -1.0316284533502997, -1.0316284533502997, -1.0316284533502997, -1.0316284533502997, -1.0316284534048141, -1.0316284534048141, -1.0316284534155977, -1.0316284534155977, -1.0316284534155977, -1.0316284534155977, -1.0316284534155977, -1.0316284534155977, -1.0316284534642755, -1.0316284534642755, -1.0316284534642755, -1.0316284534642755, -1.0316284534642755, -1.0316284534642755, -1.0316284534642755, -1.0316284534741345, -1.0316284534741345, -1.0316284534741345, -1.0316284534741345, -1.0316284534741345, -1.0316284534741345, -1.0316284534856615, -1.0316284534856615, -1.0316284534889202, -1.0316284534889202, -1.0316284534889202, -1.0316284534893523, -1.0316284534893523, -1.0316284534898017, -1.0316284534898017, -1.0316284534898017, -1.0316284534898017, -1.0316284534898017, -1.0316284534898381, -1.0316284534898381, -1.0316284534898381, -1.0316284534898381, -1.0316284534898381, -1.0316284534898381, -1.0316284534898708, -1.0316284534898708]","{""cognitive_weight"": 1.5, ""inertia_weight"": 0.7, ""max_iterations"": 120, ""social_weight"": 1.5, ""swarm_size"": 40}"
six_hump_camel,Six-Hump Camel,31,2190,pso,PSO,2,"[-3.0, 3.0]","[0.089842, -0.712656]","[0.08984199952875344, -0.712656421004913]",-1.0316284534898736,4.210051767845303e-07,120,4840,"[-0.803281962316037, -0.803281962316037, -0.803281962316037, -1.0129037486623724, -1.0129037486623724, -1.025385234054784, -1.025385234054784, -1.025385234054784, -1.025385234054784, -1.025385234054784, -1.025385234054784, -1.025385234054784, -1.025385234054784, -1.025385234054784, -1.025385234054784, -1.025385234054784, -1.025385234054784, -1.0261663247272605, -1.0296927004388974, -1.0296927004388974, -1.0296927004388974, -1.0296927004388974, -1.031032514100123, -1.031032514100123, -1.0315773709238265, -1.0315773709238265, -1.0315773709238265, -1.0315773709238265, -1.0315773709238265, -1.0315773709238265, -1.0315773709238265, -1.0315773709238265, -1.0315773709238265, -1.0315951598877697, -1.0315951598877697, -1.0316238302327232, -1.0316267368999943, -1.0316267368999943, -1.0316269671418052, -1.0316269671418052, -1.0316271024571642, -1.0316271024571642, -1.0316274294738879, -1.0316274294738879, -1.0316274294738879, -1.0316274294738879, -1.0316276676709, -1.0316278784458635, -1.0316278784458635, -1.0316278784458635, -1.031628326822326, -1.031628326822326, -1.031628326822326, -1.031628326822326, -1.031628440474356, -1.031628442432497, -1.031628442432497, -1.031628442432497, -1.031628442432497, -1.0316284504232727, -1.0316284504232727, -1.0316284504232727, -1.0316284504232727, -1.0316284504232727, -1.0316284504232727, -1.0316284504232727, -1.0316284504232727, -1.0316284504232727, -1.0316284504232727, -1.0316284504232727, -1.0316284504232727, -1.0316284504232727, -1.0316284504232727, -1.0316284504232727, -1.0316284515819494, -1.0316284524550352, -1.031628452906416, -1.0316284531440898, -1.0316284533920348, -1.0316284533920348, -1.0316284533920348, -1.0316284534889542, -1.0316284534889542, -1.0316284534889542, -1.0316284534889542, -1.0316284534889542, -1.0316284534889542, -1.0316284534889542, -1.0316284534889542, -1.0316284534897144, -1.0316284534897144, -1.0316284534897144, -1.0316284534897144, -1.0316284534897144, -1.0316284534897144, -1.0316284534897144, -1.0316284534897144, -1.0316284534897144, -1.0316284534897144, -1.0316284534897144, -1.0316284534897144, -1.0316284534897144, -1.0316284534897144, -1.0316284534897144, -1.0316284534897144, -1.0316284534897144, -1.0316284534897144, -1.0316284534897144, -1.0316284534897213, -1.0316284534897213, -1.0316284534897213, -1.031628453489748, -1.031628453489748, -1.031628453489748, -1.031628453489748, -1.031628453489803, -1.031628453489803, -1.031628453489803, -1.031628453489803, -1.031628453489803, -1.0316284534898736]","{""cognitive_weight"": 1.5, ""inertia_weight"": 0.7, ""max_iterations"": 120, ""social_weight"": 1.5, ""swarm_size"": 40}"
six_hump_camel,Six-Hump Camel,32,2191,pso,PSO,2,"[-3.0, 3.0]","[0.089842, -0.712656]","[0.08984201069503156, -0.7126563791545097]",-1.0316284534898728,3.7930532028041586e-07,120,4840,"[-0.7174369668377473, -0.902091591843655, -0.902091591843655, -0.902091591843655, -0.902091591843655, -0.9064518679538486, -0.9064518679538486, -0.9064518679538486, -1.0077626000086093, -1.0077626000086093, -1.0077626000086093, -1.0077626000086093, -1.0077626000086093, -1.018936095397824, -1.018936095397824, -1.018936095397824, -1.018936095397824, -1.0237772476914277, -1.0237772476914277, -1.0315179965797356, -1.0315179965797356, -1.0315179965797356, -1.0315179965797356, -1.0315179965797356, -1.0315179965797356, -1.0315179965797356, -1.0315179965797356, -1.0315179965797356, -1.0315179965797356, -1.0315395030153616, -1.0315395030153616, -1.0315646084955696, -1.0315847968563177, -1.0315847968563177, -1.0315847968563177, -1.0315923148451966, -1.0315923148451966, -1.0315923148451966, -1.0315923148451966, -1.0315923148451966, -1.031621006055592, -1.031621006055592, -1.031621006055592, -1.0316210153201497, -1.0316222246368547, -1.0316231158946219, -1.0316233766810567, -1.0316233766810567, -1.0316233766810567, -1.0316276269105114, -1.0316276269105114, -1.0316276269105114, -1.0316276269105114, -1.0316276269105114, -1.0316276269105114, -1.0316284523336046, -1.0316284523336046, -1.0316284523336046, -1.0316284523336046, -1.0316284523336046, -1.0316284523336046, -1.0316284523336046, -1.0316284523336046, -1.0316284523336046, -1.0316284523336046, -1.0316284523336046, -1.0316284523336046, -1.0316284523336046, -1.0316284523336046, -1.0316284523336046, -1.0316284523336046, -1.0316284523336046, -1.0316284523336046, -1.0316284528111546, -1.0316284528111546, -1.0316284528111546, -1.0316284528111546, -1.0316284528111546, -1.0316284528111546, -1.031628453417092, -1.031628453417092, -1.031628453417092, -1.0316284534183806, -1.0316284534183806, -1.0316284534183806, -1.0316284534183806, -1.0316284534183806, -1.0316284534521507, -1.0316284534521507, -1.0316284534586646, -1.0316284534586646, -1.0316284534586646, -1.0316284534586646, -1.0316284534586646, -1.0316284534886795, -1.0316284534886795, -1.0316284534886795, -1.0316284534886795, -1.0316284534887317, -1.0316284534887317, -1.0316284534887317, -1.0316284534887317, -1.0316284534887317, -1.0316284534887317, -1.0316284534887317, -1.0316284534897997, -1.0316284534897997, -1.0316284534897997, -1.0316284534897997, -1.0316284534897997, -1.0316284534898452, -1.0316284534898452, -1.0316284534898452, -1.0316284534898574, -1.0316284534898574, -1.0316284534898574, -1.0316284534898574, -1.0316284534898574, -1.0316284534898628, -1.0316284534898628, -1.0316284534898728]","{""cognitive_weight"": 1.5, ""inertia_weight"": 0.7, ""max_iterations"": 120, ""social_weight"": 1.5, ""swarm_size"": 40}"
six_hump_camel,Six-Hump Camel,33,2192,pso,PSO,2,"[-3.0, 3.0]","[0.089842, -0.712656]","[-0.08984202156743291, 0.7126564060334734]",-1.031628453489877,1.4365938195605517,120,4840,"[-0.6124467818203623, -0.6124467818203623, -0.6124467818203623, -0.9995480561697155, -0.9995480561697155, -1.0089848272132507, -1.0089848272132507, -1.0089848272132507, -1.0121293612337423, -1.0121293612337423, -1.0121293612337423, -1.0121293612337423, -1.0201104806556593, -1.0257308320222, -1.0257308320222, -1.0314871877102303, -1.0314871877102303, -1.0314871877102303, -1.0314871877102303, -1.0314871877102303, -1.0314871877102303, -1.0316068678541557, -1.0316068678541557, -1.0316068678541557, -1.0316068678541557, -1.0316168659281637, -1.0316168659281637, -1.0316168659281637, -1.0316168659281637, -1.0316168659281637, -1.0316168659281637, -1.031620305788823, -1.031620305788823, -1.031620305788823, -1.031620305788823, -1.031620305788823, -1.0316248057996125, -1.0316248057996125, -1.0316248057996125, -1.031627825428712, -1.031627825428712, -1.031628177689655, -1.031628177689655, -1.031628177689655, -1.031628333414792, -1.031628333414792, -1.031628333414792, -1.031628333414792, -1.0316284367463884, -1.0316284367463884, -1.0316284367463884, -1.0316284367463884, -1.031628452700521, -1.031628452700521, -1.031628452700521, -1.031628452700521, -1.031628452700521, -1.031628452700521, -1.031628452700521, -1.031628452700521, -1.031628452700521, -1.031628452700521, -1.031628452700521, -1.031628452700521, -1.031628452700521, -1.031628452700521, -1.031628452700521, -1.031628452700521, -1.031628452700521, -1.031628452700521, -1.0316284530242272, -1.0316284530242272, -1.0316284530242272, -1.0316284531982218, -1.0316284531982218, -1.0316284531982218, -1.0316284532212514, -1.0316284534256304, -1.0316284534256304, -1.0316284534554152, -1.0316284534554152, -1.0316284534554152, -1.0316284534554152, -1.0316284534554152, -1.0316284534554152, -1.0316284534557743, -1.0316284534689923, -1.031628453472743, -1.031628453472743, -1.031628453478856, -1.031628453478856, -1.0316284534891997, -1.0316284534891997, -1.0316284534891997, -1.0316284534891997, -1.0316284534891997, -1.0316284534891997, -1.0316284534895337, -1.0316284534895337, -1.0316284534898477, -1.0316284534898477, -1.0316284534898477, -1.0316284534898477, -1.0316284534898477, -1.0316284534898477, -1.0316284534898477, -1.0316284534898477, -1.0316284534898477, -1.0316284534898477, -1.0316284534898477, -1.0316284534898703, -1.0316284534898703, -1.0316284534898703, -1.0316284534898703, -1.0316284534898703, -1.0316284534898703, -1.0316284534898703, -1.0316284534898703, -1.0316284534898703, -1.031628453489877, -1.031628453489877]","{""cognitive_weight"": 1.5, ""inertia_weight"": 0.7, ""max_iterations"": 120, ""social_weight"": 1.5, ""swarm_size"": 40}"
six_hump_camel,Six-Hump Camel,34,2193,pso,PSO,2,"[-3.0, 3.0]","[0.089842, -0.712656]","[0.0898420143008066, -0.7126565078654624]",-1.0316284534897875,5.080667682809003e-07,120,4840,"[0.08995038224930252, 0.08995038224930252, -0.6579998868186452, -0.7879933684240663, -0.948512815156638, -0.948512815156638, -0.948512815156638, -0.9962825278216881, -1.024477788991165, -1.024477788991165, -1.0249694859412635, -1.0249694859412635, -1.0249694859412635, -1.0249694859412635, -1.0249694859412635, -1.0249694859412635, -1.0249694859412635, -1.0287459439844358, -1.0287459439844358, -1.0304990616804366, -1.0304990616804366, -1.0304990616804366, -1.0304990616804366, -1.0304990616804366, -1.030628031698818, -1.030628031698818, -1.030628031698818, -1.0309731585988973, -1.0309731585988973, -1.0309731585988973, -1.0309731585988973, -1.0310137907752925, -1.0315976708438097, -1.0315976708438097, -1.0315988065819952, -1.0315988065819952, -1.0315997518417808, -1.031614262984743, -1.031614262984743, -1.031614262984743, -1.031614262984743, -1.0316252531128485, -1.0316252531128485, -1.0316252531128485, -1.0316252531128485, -1.0316252531128485, -1.0316252531128485, -1.0316252531128485, -1.0316282495264626, -1.0316282495264626, -1.0316282495264626, -1.0316282495264626, -1.0316282495264626, -1.0316282495264626, -1.0316282495264626, -1.0316282495264626, -1.0316282495264626, -1.0316282495264626, -1.0316282495264626, -1.0316282802497196, -1.0316282802497196, -1.0316284511385754, -1.0316284511385754, -1.0316284511385754, -1.0316284511385754, -1.0316284511385754, -1.0316284511385754, -1.0316284511385754, -1.031628452638666, -1.031628452638666, -1.031628452638666, -1.031628452638666, -1.031628452638666, -1.031628452638666, -1.031628452638666, -1.031628452638666, -1.031628452638666, -1.031628452638666, -1.0316284531199855, -1.0316284531199855, -1.0316284531199855, -1.0316284531199855, -1.0316284531199855, -1.0316284532623912, -1.0316284534482092, -1.0316284534482092, -1.0316284534482092, -1.0316284534482092, -1.0316284534482092, -1.0316284534482092, -1.0316284534482092, -1.0316284534482092, -1.0316284534482092, -1.0316284534482092, -1.0316284534482092, -1.0316284534616018, -1.0316284534830389, -1.0316284534830389, -1.0316284534830389, -1.0316284534830389, -1.031628453484515, -1.0316284534857367, -1.0316284534857367, -1.0316284534857367, -1.0316284534884321, -1.0316284534884321, -1.0316284534890912, -1.0316284534890912, -1.0316284534890912, -1.0316284534890912, -1.0316284534890912, -1.031628453489484, -1.031628453489484, -1.031628453489484, -1.031628453489484, -1.031628453489484, -1.0316284534897875, -1.0316284534897875, -1.0316284534897875, -1.0316284534897875, -1.0316284534897875]","{""cognitive_weight"": 1.5, ""inertia_weight"": 0.7, ""max_iterations"": 120, ""social_weight"": 1.5, ""swarm_size"": 40}"
six_hump_camel,Six-Hump Camel,35,2194,pso,PSO,2,"[-3.0, 3.0]","[0.089842, -0.712656]","[-0.08984200686192564, 0.712656455247888]",-1.0316284534898545,1.4365938665491786,120,4840,"[-0.7961344218907813, -0.7961344218907813, -0.7961344218907813, -0.7961344218907813, -0.9125821158192068, -0.9489066745536111, -0.9489066745536111, -1.0056513222317176, -1.0056513222317176, -1.0056513222317176, -1.0056513222317176, -1.0210913483390525, -1.0210913483390525, -1.0289949263981328, -1.0289949263981328, -1.0289949263981328, -1.0289949263981328, -1.0289949263981328, -1.0304338373170159, -1.0304338373170159, -1.0304338373170159, -1.0304338373170159, -1.0310451355601138, -1.0310451355601138, -1.0315949724910456, -1.0315949724910456, -1.0315949724910456, -1.0315949724910456, -1.0315949724910456, -1.0315949724910456, -1.0315949724910456, -1.0315949724910456, -1.0316038158334715, -1.0316038158334715, -1.0316038158334715, -1.0316038158334715, -1.0316067027489142, -1.0316067027489142, -1.0316244663866359, -1.0316268445406584, -1.0316268445406584, -1.0316268445406584, -1.0316268613317552, -1.0316268613317552, -1.03162755000463, -1.03162755000463, -1.031628004209895, -1.031628004209895, -1.031628004209895, -1.031628004209895, -1.031628004209895, -1.031628337906258, -1.031628337906258, -1.031628337906258, -1.0316284475941935, -1.0316284475941935, -1.0316284511618599, -1.0316284511618599, -1.0316284527531963, -1.0316284527531963, -1.0316284527531963, -1.0316284527531963, -1.0316284527531963, -1.0316284527531963, -1.0316284527531963, -1.0316284527531963, -1.0316284527531963, -1.0316284527531963, -1.0316284527531963, -1.031628453273389, -1.031628453273389, -1.031628453273389, -1.031628453273389, -1.031628453273389, -1.031628453273389, -1.031628453273389, -1.031628453273389, -1.0316284534603355, -1.0316284534603355, -1.0316284534603355, -1.0316284534603355, -1.0316284534603355, -1.0316284534603355, -1.0316284534818825, -1.0316284534818825, -1.0316284534877538, -1.0316284534877538, -1.0316284534877538, -1.0316284534877538, -1.0316284534877538, -1.0316284534877538, -1.0316284534877538, -1.031628453487908, -1.0316284534880933, -1.0316284534880933, -1.0316284534880933, -1.0316284534881193, -1.0316284534881193, -1.0316284534881193, -1.0316284534881193, -1.0316284534881193, -1.031628453488156, -1.031628453488156, -1.0316284534881746, -1.0316284534881996, -1.0316284534882147, -1.031628453488224, -1.03162845348823, -1.0316284534882338, -1.0316284534882365, -1.031628453488238, -1.0316284534882394, -1.03162845348824, -1.0316284534882407, -1.0316284534887938, -1.0316284534898421, -1.0316284534898421, -1.0316284534898517, -1.0316284534898517, -1.0316284534898545, -1.0316284534898545]","{""cognitive_weight"": 1.5, ""inertia_weight"": 0.7, ""max_iterations"": 120, ""social_weight"": 1.5, ""swarm_size"": 40}"
six_hump_camel,Six-Hump Camel,36,2195,pso,PSO,2,"[-3.0, 3.0]","[0.089842, -0.712656]","[-0.08984200422285149, 0.7126564404182685]",-1.0316284534898652,1.4365938515059284,120,4840,"[0.08107410320354969, 0.06342616111601677, -0.39024417843588366, -0.8205991037365443, -0.8205991037365443, -0.9622711580835865, -0.9622711580835865, -0.9622711580835865, -0.9622711580835865, -0.9622711580835865, -0.9680950207178218, -1.0082192943087163, -1.0082192943087163, -1.0082192943087163, -1.0158497499735442, -1.0214810541423505, -1.0214810541423505, -1.024522504141536, -1.024522504141536, -1.0311173269074143, -1.0311173269074143, -1.0311173269074143, -1.0311173269074143, -1.0311173269074143, -1.0311173269074143, -1.0311173269074143, -1.0311173269074143, -1.0313591497261563, -1.0313591497261563, -1.0315208145099242, -1.0315208145099242, -1.0315208145099242, -1.0315412407436082, -1.0315509785966968, -1.0315509785966968, -1.031627541794328, -1.031627541794328, -1.031627541794328, -1.031627541794328, -1.031627541794328, -1.031627541794328, -1.031627541794328, -1.031627541794328, -1.031628410608885, -1.031628410608885, -1.031628410608885, -1.031628410608885, -1.031628410608885, -1.031628410608885, -1.031628410608885, -1.031628410608885, -1.031628410608885, -1.031628448329772, -1.031628448329772, -1.031628448329772, -1.031628448329772, -1.031628448329772, -1.031628448329772, -1.031628448329772, -1.031628448329772, -1.031628448329772, -1.031628448329772, -1.031628448329772, -1.031628448329772, -1.031628448329772, -1.031628448329772, -1.031628452733138, -1.0316284534513873, -1.0316284534513873, -1.0316284534513873, -1.0316284534513873, -1.0316284534513873, -1.0316284534513873, -1.0316284534513873, -1.0316284534513873, -1.0316284534513873, -1.0316284534513873, -1.0316284534513873, -1.0316284534665443, -1.0316284534665443, -1.0316284534665443, -1.0316284534665443, -1.0316284534665443, -1.0316284534665443, -1.0316284534665443, -1.0316284534665443, -1.0316284534665443, -1.0316284534846367, -1.0316284534846367, -1.0316284534846367, -1.0316284534872395, -1.0316284534872395, -1.0316284534897608, -1.0316284534897608, -1.0316284534897608, -1.0316284534897608, -1.0316284534897608, -1.0316284534897608, -1.0316284534897608, -1.0316284534897608, -1.0316284534897608, -1.0316284534897608, -1.0316284534897608, -1.0316284534897608, -1.0316284534897608, -1.0316284534897608, -1.0316284534897608, -1.0316284534898479, -1.0316284534898479, -1.0316284534898479, -1.0316284534898479, -1.0316284534898479, -1.0316284534898479, -1.0316284534898479, -1.0316284534898479, -1.0316284534898652, -1.0316284534898652, -1.0316284534898652, -1.0316284534898652, -1.0316284534898652, -1.0316284534898652]","{""cognitive_weight"": 1.5, ""inertia_weight"": 0.7, ""max_iterations"": 120, ""social_weight"": 1.5, ""swarm_size"": 40}"
six_hump_camel,Six-Hump Camel,37,2196,pso,PSO,2,"[-3.0, 3.0]","[0.089842, -0.712656]","[-0.08984198296881872, 0.7126564349160034]",-1.0316284534898645,1.4365938433884942,120,4840,"[0.8699414762277742, 0.19674121504145858, -0.18468573438525895, -0.3594675989618349, -0.6637463737138334, -0.6637463737138334, -0.8137356430151255, -1.0059804720999177, -1.0059804720999177, -1.0059804720999177, -1.0059804720999177, -1.0059804720999177, -1.0244030459557691, -1.0244030459557691, -1.0244030459557691, -1.0244030459557691, -1.0244030459557691, -1.0251219785199963, -1.0258763414872873, -1.0291090621960661, -1.029668126923616, -1.029668126923616, -1.029668126923616, -1.029668126923616, -1.0310642439225757, -1.0310642439225757, -1.0310642439225757, -1.0310642439225757, -1.0310642439225757, -1.031358099208342, -1.0315794755847705, -1.0316280573361407, -1.0316280573361407, -1.0316280573361407, -1.0316280573361407, -1.0316280573361407, -1.0316280573361407, -1.0316284187945626, -1.0316284187945626, -1.0316284187945626, -1.0316284187945626, -1.0316284187945626, -1.0316284477875768, -1.0316284477875768, -1.0316284477875768, -1.0316284477875768, -1.0316284477875768, -1.0316284477875768, -1.0316284477875768, -1.0316284477875768, -1.0316284477875768, -1.0316284477875768, -1.0316284477875768, -1.0316284477875768, -1.0316284477875768, -1.0316284477875768, -1.0316284477875768, -1.0316284477875768, -1.0316284477875768, -1.0316284477875768, -1.0316284477875768, -1.0316284477875768, -1.0316284477875768, -1.0316284477875768, -1.0316284477875768, -1.0316284477875768, -1.0316284479588602, -1.031628449566446, -1.0316284526837933, -1.0316284526837933, -1.0316284526837933, -1.0316284528699917, -1.0316284528699917, -1.0316284529321702, -1.0316284529321702, -1.0316284529321702, -1.0316284529321702, -1.0316284529321702, -1.0316284532686095, -1.0316284532686095, -1.0316284532686095, -1.0316284532686095, -1.0316284532686095, -1.031628453332761, -1.031628453332761, -1.0316284534117162, -1.0316284534210562, -1.0316284534210562, -1.031628453428938, -1.031628453428938, -1.0316284534628137, -1.0316284534628137, -1.0316284534628137, -1.0316284534628137, -1.0316284534835765, -1.0316284534835765, -1.0316284534885238, -1.0316284534885238, -1.0316284534885238, -1.0316284534885238, -1.0316284534885238, -1.0316284534889313, -1.0316284534889313, -1.0316284534889313, -1.031628453489694, -1.031628453489694, -1.031628453489694, -1.031628453489694, -1.0316284534898412, -1.0316284534898412, -1.0316284534898412, -1.0316284534898412, -1.0316284534898412, -1.0316284534898412, -1.0316284534898412, -1.0316284534898645, -1.0316284534898645, -1.0316284534898645, -1.0316284534898645, -1.0316284534898645, -1.0316284534898645]","{""cognitive_weight"": 1.5, ""inertia_weight"": 0.7, ""max_iterations"": 120, ""social_weight"": 1.5, ""swarm_size"": 40}"
six_hump_camel,Six-Hump Camel,38,2197,pso,PSO,2,"[-3.0, 3.0]","[0.089842, -0.712656]","[0.0898419881058361, -0.7126564300699596]",-1.0316284534898683,4.3023440276660017e-07,120,4840,"[-1.023497877222305, -1.023497877222305, -1.023497877222305, -1.023497877222305, -1.023497877222305, -1.023497877222305, -1.023497877222305, -1.0284839962502208, -1.0284839962502208, -1.0284839962502208, -1.0284839962502208, -1.0284839962502208, -1.0314202964364292, -1.0314202964364292, -1.0314202964364292, -1.0314202964364292, -1.0314202964364292, -1.0314202964364292, -1.0314202964364292, -1.0314202964364292, -1.0316282619033124, -1.0316282619033124, -1.0316282619033124, -1.0316282619033124, -1.0316282619033124, -1.0316282619033124, -1.0316282619033124, -1.0316282619033124, -1.0316282619033124, -1.0316282619033124, -1.0316282619033124, -1.0316282619033124, -1.0316282619033124, -1.0316282619033124, -1.0316282619033124, -1.0316282619033124, -1.0316282619033124, -1.0316282619033124, -1.0316282619033124, -1.0316282619033124, -1.0316284207108304, -1.0316284207108304, -1.0316284207108304, -1.0316284207108304, -1.0316284207108304, -1.0316284207108304, -1.0316284207108304, -1.0316284207108304, -1.0316284207108304, -1.0316284207108304, -1.0316284207108304, -1.0316284207108304, -1.0316284207108304, -1.0316284207108304, -1.0316284453743585, -1.0316284453743585, -1.0316284453743585, -1.0316284475102644, -1.0316284475102644, -1.0316284475102644, -1.0316284475102644, -1.0316284475102644, -1.031628452236105, -1.031628452236105, -1.0316284526288602, -1.0316284526288602, -1.0316284526288602, -1.0316284526288602, -1.0316284526288602, -1.0316284526288602, -1.0316284526288602, -1.0316284526288602, -1.0316284527185493, -1.0316284527185493, -1.0316284527185493, -1.0316284527185493, -1.031628453425384, -1.031628453425384, -1.031628453425384, -1.031628453425384, -1.031628453425384, -1.031628453425384, -1.0316284534518565, -1.0316284534853475, -1.0316284534853475, -1.0316284534853475, -1.0316284534853475, -1.0316284534853475, -1.0316284534853475, -1.0316284534853475, -1.0316284534853475, -1.0316284534853475, -1.0316284534853475, -1.0316284534871774, -1.0316284534871774, -1.0316284534871774, -1.0316284534871774, -1.0316284534877673, -1.0316284534877673, -1.0316284534877673, -1.0316284534877673, -1.0316284534888565, -1.031628453489072, -1.0316284534891191, -1.0316284534892661, -1.0316284534892661, -1.0316284534898235, -1.0316284534898235, -1.0316284534898235, -1.0316284534898235, -1.0316284534898235, -1.0316284534898235, -1.0316284534898235, -1.0316284534898235, -1.031628453489841, -1.031628453489841, -1.031628453489841, -1.031628453489841, -1.031628453489841, -1.031628453489841, -1.0316284534898683]","{""cognitive_weight"": 1.5, ""inertia_weight"": 0.7, ""max_iterations"": 120, ""social_weight"": 1.5, ""swarm_size"": 40}"
six_hump_camel,Six-Hump Camel,39,2198,pso,PSO,2,"[-3.0, 3.0]","[0.089842, -0.712656]","[0.08984201782137682, -0.7126564105990999]",-1.031628453489877,4.1098567170323563e-07,120,4840,"[-0.6924227393727151, -0.6924227393727151, -0.8807136432441172, -0.8807136432441172, -0.8807136432441172, -0.963347551163469, -1.0246990946616663, -1.0246990946616663, -1.0246990946616663, -1.0246990946616663, -1.0246990946616663, -1.0246990946616663, -1.0246990946616663, -1.0246990946616663, -1.0246990946616663, -1.0282900609766852, -1.0282900609766852, -1.0282900609766852, -1.0282900609766852, -1.0314126786726332, -1.0314126786726332, -1.0314126786726332, -1.0314126786726332, -1.0314126786726332, -1.0314126786726332, -1.0314126786726332, -1.0314126786726332, -1.0314126786726332, -1.0314126786726332, -1.0314925449640786, -1.0315521095398954, -1.0315521095398954, -1.0315664842011105, -1.0315664842011105, -1.0315664842011105, -1.0315664842011105, -1.0315664842011105, -1.0315664842011105, -1.0315664842011105, -1.0315664842011105, -1.0315664842011105, -1.0315664842011105, -1.0316184351500963, -1.0316184351500963, -1.0316184351500963, -1.0316258103228109, -1.0316258103228109, -1.0316259631941516, -1.0316259631941516, -1.031627452099152, -1.031627452099152, -1.031627452099152, -1.031627452099152, -1.0316280747136135, -1.0316282429275496, -1.0316284216400005, -1.0316284216400005, -1.0316284216400005, -1.0316284216400005, -1.0316284216400005, -1.0316284216400005, -1.0316284216400005, -1.0316284216400005, -1.0316284364255246, -1.0316284493617198, -1.0316284493617198, -1.0316284493617198, -1.0316284493617198, -1.031628451275792, -1.031628451275792, -1.0316284527831039, -1.0316284527831039, -1.0316284527831039, -1.0316284534313989, -1.0316284534313989, -1.0316284534313989, -1.0316284534313989, -1.0316284534313989, -1.0316284534313989, -1.0316284534313989, -1.0316284534313989, -1.0316284534313989, -1.031628453479235, -1.031628453479235, -1.031628453479235, -1.031628453479235, -1.031628453479235, -1.0316284534833808, -1.0316284534833808, -1.0316284534833808, -1.0316284534833808, -1.0316284534862765, -1.031628453489835, -1.031628453489835, -1.031628453489835, -1.031628453489835, -1.031628453489835, -1.031628453489835, -1.031628453489835, -1.031628453489835, -1.031628453489835, -1.031628453489835, -1.031628453489835, -1.031628453489835, -1.031628453489835, -1.031628453489835, -1.0316284534898357, -1.0316284534898357, -1.03162845348984, -1.03162845348984, -1.0316284534898452, -1.0316284534898503, -1.0316284534898503, -1.0316284534898503, -1.0316284534898503, -1.0316284534898503, -1.0316284534898503, -1.0316284534898503, -1.0316284534898628, -1.0316284534898656, -1.031628453489877]","{""cognitive_weight"": 1.5, ""inertia_weight"": 0.7, ""max_iterations"": 120, ""social_weight"": 1.5, ""swarm_size"": 40}"
six_hump_camel,Six-Hump Camel,40,2190,pso,PSO,2,"[-3.0, 3.0]","[0.089842, -0.712656]","[0.08984199952875344, -0.712656421004913]",-1.0316284534898736,4.210051767845303e-07,120,4840,"[-0.803281962316037, -0.803281962316037, -0.803281962316037, -1.0129037486623724, -1.0129037486623724, -1.025385234054784, -1.025385234054784, -1.025385234054784, -1.025385234054784, -1.025385234054784, -1.025385234054784, -1.025385234054784, -1.025385234054784, -1.025385234054784, -1.025385234054784, -1.025385234054784, -1.025385234054784, -1.0261663247272605, -1.0296927004388974, -1.0296927004388974, -1.0296927004388974, -1.0296927004388974, -1.031032514100123, -1.031032514100123, -1.0315773709238265, -1.0315773709238265, -1.0315773709238265, -1.0315773709238265, -1.0315773709238265, -1.0315773709238265, -1.0315773709238265, -1.0315773709238265, -1.0315773709238265, -1.0315951598877697, -1.0315951598877697, -1.0316238302327232, -1.0316267368999943, -1.0316267368999943, -1.0316269671418052, -1.0316269671418052, -1.0316271024571642, -1.0316271024571642, -1.0316274294738879, -1.0316274294738879, -1.0316274294738879, -1.0316274294738879, -1.0316276676709, -1.0316278784458635, -1.0316278784458635, -1.0316278784458635, -1.031628326822326, -1.031628326822326, -1.031628326822326, -1.031628326822326, -1.031628440474356, -1.031628442432497, -1.031628442432497, -1.031628442432497, -1.031628442432497, -1.0316284504232727, -1.0316284504232727, -1.0316284504232727, -1.0316284504232727, -1.0316284504232727, -1.0316284504232727, -1.0316284504232727, -1.0316284504232727, -1.0316284504232727, -1.0316284504232727, -1.0316284504232727, -1.0316284504232727, -1.0316284504232727, -1.0316284504232727, -1.0316284504232727, -1.0316284515819494, -1.0316284524550352, -1.031628452906416, -1.0316284531440898, -1.0316284533920348, -1.0316284533920348, -1.0316284533920348, -1.0316284534889542, -1.0316284534889542, -1.0316284534889542, -1.0316284534889542, -1.0316284534889542, -1.0316284534889542, -1.0316284534889542, -1.0316284534889542, -1.0316284534897144, -1.0316284534897144, -1.0316284534897144, -1.0316284534897144, -1.0316284534897144, -1.0316284534897144, -1.0316284534897144, -1.0316284534897144, -1.0316284534897144, -1.0316284534897144, -1.0316284534897144, -1.0316284534897144, -1.0316284534897144, -1.0316284534897144, -1.0316284534897144, -1.0316284534897144, -1.0316284534897144, -1.0316284534897144, -1.0316284534897144, -1.0316284534897213, -1.0316284534897213, -1.0316284534897213, -1.031628453489748, -1.031628453489748, -1.031628453489748, -1.031628453489748, -1.031628453489803, -1.031628453489803, -1.031628453489803, -1.031628453489803, -1.031628453489803, -1.0316284534898736]","{""cognitive_weight"": 1.5, ""inertia_weight"": 0.7, ""max_iterations"": 120, ""social_weight"": 1.5, ""swarm_size"": 40}"
six_hump_camel,Six-Hump Camel,41,2191,pso,PSO,2,"[-3.0, 3.0]","[0.089842, -0.712656]","[0.08984201069503156, -0.7126563791545097]",-1.0316284534898728,3.7930532028041586e-07,120,4840,"[-0.7174369668377473, -0.902091591843655, -0.902091591843655, -0.902091591843655, -0.902091591843655, -0.9064518679538486, -0.9064518679538486, -0.9064518679538486, -1.0077626000086093, -1.0077626000086093, -1.0077626000086093, -1.0077626000086093, -1.0077626000086093, -1.018936095397824, -1.018936095397824, -1.018936095397824, -1.018936095397824, -1.0237772476914277, -1.0237772476914277, -1.0315179965797356, -1.0315179965797356, -1.0315179965797356, -1.0315179965797356, -1.0315179965797356, -1.0315179965797356, -1.0315179965797356, -1.0315179965797356, -1.0315179965797356, -1.0315179965797356, -1.0315395030153616, -1.0315395030153616, -1.0315646084955696, -1.0315847968563177, -1.0315847968563177, -1.0315847968563177, -1.0315923148451966, -1.0315923148451966, -1.0315923148451966, -1.0315923148451966, -1.0315923148451966, -1.031621006055592, -1.031621006055592, -1.031621006055592, -1.0316210153201497, -1.0316222246368547, -1.0316231158946219, -1.0316233766810567, -1.0316233766810567, -1.0316233766810567, -1.0316276269105114, -1.0316276269105114, -1.0316276269105114, -1.0316276269105114, -1.0316276269105114, -1.0316276269105114, -1.0316284523336046, -1.0316284523336046, -1.0316284523336046, -1.0316284523336046, -1.0316284523336046, -1.0316284523336046, -1.0316284523336046, -1.0316284523336046, -1.0316284523336046, -1.0316284523336046, -1.0316284523336046, -1.0316284523336046, -1.0316284523336046, -1.0316284523336046, -1.0316284523336046, -1.0316284523336046, -1.0316284523336046, -1.0316284523336046, -1.0316284528111546, -1.0316284528111546, -1.0316284528111546, -1.0316284528111546, -1.0316284528111546, -1.0316284528111546, -1.031628453417092, -1.031628453417092, -1.031628453417092, -1.0316284534183806, -1.0316284534183806, -1.0316284534183806, -1.0316284534183806, -1.0316284534183806, -1.0316284534521507, -1.0316284534521507, -1.0316284534586646, -1.0316284534586646, -1.0316284534586646, -1.0316284534586646, -1.0316284534586646, -1.0316284534886795, -1.0316284534886795, -1.0316284534886795, -1.0316284534886795, -1.0316284534887317, -1.0316284534887317, -1.0316284534887317, -1.0316284534887317, -1.0316284534887317, -1.0316284534887317, -1.0316284534887317, -1.0316284534897997, -1.0316284534897997, -1.0316284534897997, -1.0316284534897997, -1.0316284534897997, -1.0316284534898452, -1.0316284534898452, -1.0316284534898452, -1.0316284534898574, -1.0316284534898574, -1.0316284534898574, -1.0316284534898574, -1.0316284534898574, -1.0316284534898628, -1.0316284534898628, -1.0316284534898728]","{""cognitive_weight"": 1.5, ""inertia_weight"": 0.7, ""max_iterations"": 120, ""social_weight"": 1.5, ""swarm_size"": 40}"
six_hump_camel,Six-Hump Camel,42,2192,pso,PSO,2,"[-3.0, 3.0]","[0.089842, -0.712656]","[-0.08984202156743291, 0.7126564060334734]",-1.031628453489877,1.4365938195605517,120,4840,"[-0.6124467818203623, -0.6124467818203623, -0.6124467818203623, -0.9995480561697155, -0.9995480561697155, -1.0089848272132507, -1.0089848272132507, -1.0089848272132507, -1.0121293612337423, -1.0121293612337423, -1.0121293612337423, -1.0121293612337423, -1.0201104806556593, -1.0257308320222, -1.0257308320222, -1.0314871877102303, -1.0314871877102303, -1.0314871877102303, -1.0314871877102303, -1.0314871877102303, -1.0314871877102303, -1.0316068678541557, -1.0316068678541557, -1.0316068678541557, -1.0316068678541557, -1.0316168659281637, -1.0316168659281637, -1.0316168659281637, -1.0316168659281637, -1.0316168659281637, -1.0316168659281637, -1.031620305788823, -1.031620305788823, -1.031620305788823, -1.031620305788823, -1.031620305788823, -1.0316248057996125, -1.0316248057996125, -1.0316248057996125, -1.031627825428712, -1.031627825428712, -1.031628177689655, -1.031628177689655, -1.031628177689655, -1.031628333414792, -1.031628333414792, -1.031628333414792, -1.031628333414792, -1.0316284367463884, -1.0316284367463884, -1.0316284367463884, -1.0316284367463884, -1.031628452700521, -1.031628452700521, -1.031628452700521, -1.031628452700521, -1.031628452700521, -1.031628452700521, -1.031628452700521, -1.031628452700521, -1.031628452700521, -1.031628452700521, -1.031628452700521, -1.031628452700521, -1.031628452700521, -1.031628452700521, -1.031628452700521, -1.031628452700521, -1.031628452700521, -1.031628452700521, -1.0316284530242272, -1.0316284530242272, -1.0316284530242272, -1.0316284531982218, -1.0316284531982218, -1.0316284531982218, -1.0316284532212514, -1.0316284534256304, -1.0316284534256304, -1.0316284534554152, -1.0316284534554152, -1.0316284534554152, -1.0316284534554152, -1.0316284534554152, -1.0316284534554152, -1.0316284534557743, -1.0316284534689923, -1.031628453472743, -1.031628453472743, -1.031628453478856, -1.031628453478856, -1.0316284534891997, -1.0316284534891997, -1.0316284534891997, -1.0316284534891997, -1.0316284534891997, -1.0316284534891997, -1.0316284534895337, -1.0316284534895337, -1.0316284534898477, -1.0316284534898477, -1.0316284534898477, -1.0316284534898477, -1.0316284534898477, -1.0316284534898477, -1.0316284534898477, -1.0316284534898477, -1.0316284534898477, -1.0316284534898477, -1.0316284534898477, -1.0316284534898703, -1.0316284534898703, -1.0316284534898703, -1.0316284534898703, -1.0316284534898703, -1.0316284534898703, -1.0316284534898703, -1.0316284534898703, -1.0316284534898703, -1.031628453489877, -1.031628453489877]","{""cognitive_weight"": 1.5, ""inertia_weight"": 0.7, ""max_iterations"": 120, ""social_weight"": 1.5, ""swarm_size"": 40}"
six_hump_camel,Six-Hump Camel,43,2193,pso,PSO,2,"[-3.0, 3.0]","[0.089842, -0.712656]","[0.0898420143008066, -0.7126565078654624]",-1.0316284534897875,5.080667682809003e-07,120,4840,"[0.08995038224930252, 0.08995038224930252, -0.6579998868186452, -0.7879933684240663, -0.948512815156638, -0.948512815156638, -0.948512815156638, -0.9962825278216881, -1.024477788991165, -1.024477788991165, -1.0249694859412635, -1.0249694859412635, -1.0249694859412635, -1.0249694859412635, -1.0249694859412635, -1.0249694859412635, -1.0249694859412635, -1.0287459439844358, -1.0287459439844358, -1.0304990616804366, -1.0304990616804366, -1.0304990616804366, -1.0304990616804366, -1.0304990616804366, -1.030628031698818, -1.030628031698818, -1.030628031698818, -1.0309731585988973, -1.0309731585988973, -1.0309731585988973, -1.0309731585988973, -1.0310137907752925, -1.0315976708438097, -1.0315976708438097, -1.0315988065819952, -1.0315988065819952, -1.0315997518417808, -1.031614262984743, -1.031614262984743, -1.031614262984743, -1.031614262984743, -1.0316252531128485, -1.0316252531128485, -1.0316252531128485, -1.0316252531128485, -1.0316252531128485, -1.0316252531128485, -1.0316252531128485, -1.0316282495264626, -1.0316282495264626, -1.0316282495264626, -1.0316282495264626, -1.0316282495264626, -1.0316282495264626, -1.0316282495264626, -1.0316282495264626, -1.0316282495264626, -1.0316282495264626, -1.0316282495264626, -1.0316282802497196, -1.0316282802497196, -1.0316284511385754, -1.0316284511385754, -1.0316284511385754, -1.0316284511385754, -1.0316284511385754, -1.0316284511385754, -1.0316284511385754, -1.031628452638666, -1.031628452638666, -1.031628452638666, -1.031628452638666, -1.031628452638666, -1.031628452638666, -1.031628452638666, -1.031628452638666, -1.031628452638666, -1.031628452638666, -1.0316284531199855, -1.0316284531199855, -1.0316284531199855, -1.0316284531199855, -1.0316284531199855, -1.0316284532623912, -1.0316284534482092, -1.0316284534482092, -1.0316284534482092, -1.0316284534482092, -1.0316284534482092, -1.0316284534482092, -1.0316284534482092, -1.0316284534482092, -1.0316284534482092, -1.0316284534482092, -1.0316284534482092, -1.0316284534616018, -1.0316284534830389, -1.0316284534830389, -1.0316284534830389, -1.0316284534830389, -1.031628453484515, -1.0316284534857367, -1.0316284534857367, -1.0316284534857367, -1.0316284534884321, -1.0316284534884321, -1.0316284534890912, -1.0316284534890912, -1.0316284534890912, -1.0316284534890912, -1.0316284534890912, -1.031628453489484, -1.031628453489484, -1.031628453489484, -1.031628453489484, -1.031628453489484, -1.0316284534897875, -1.0316284534897875, -1.0316284534897875, -1.0316284534897875, -1.0316284534897875]","{""cognitive_weight"": 1.5, ""inertia_weight"": 0.7, ""max_iterations"": 120, ""social_weight"": 1.5, ""swarm_size"": 40}"
six_hump_camel,Six-Hump Camel,44,2194,pso,PSO,2,"[-3.0, 3.0]","[0.089842, -0.712656]","[-0.08984200686192564, 0.712656455247888]",-1.0316284534898545,1.4365938665491786,120,4840,"[-0.7961344218907813, -0.7961344218907813, -0.7961344218907813, -0.7961344218907813, -0.9125821158192068, -0.9489066745536111, -0.9489066745536111, -1.0056513222317176, -1.0056513222317176, -1.0056513222317176, -1.0056513222317176, -1.0210913483390525, -1.0210913483390525, -1.0289949263981328, -1.0289949263981328, -1.0289949263981328, -1.0289949263981328, -1.0289949263981328, -1.0304338373170159, -1.0304338373170159, -1.0304338373170159, -1.0304338373170159, -1.0310451355601138, -1.0310451355601138, -1.0315949724910456, -1.0315949724910456, -1.0315949724910456, -1.0315949724910456, -1.0315949724910456, -1.0315949724910456, -1.0315949724910456, -1.0315949724910456, -1.0316038158334715, -1.0316038158334715, -1.0316038158334715, -1.0316038158334715, -1.0316067027489142, -1.0316067027489142, -1.0316244663866359, -1.0316268445406584, -1.0316268445406584, -1.0316268445406584, -1.0316268613317552, -1.0316268613317552, -1.03162755000463, -1.03162755000463, -1.031628004209895, -1.031628004209895, -1.031628004209895, -1.031628004209895, -1.031628004209895, -1.031628337906258, -1.031628337906258, -1.031628337906258, -1.0316284475941935, -1.0316284475941935, -1.0316284511618599, -1.0316284511618599, -1.0316284527531963, -1.0316284527531963, -1.0316284527531963, -1.0316284527531963, -1.0316284527531963, -1.0316284527531963, -1.0316284527531963, -1.0316284527531963, -1.0316284527531963, -1.0316284527531963, -1.0316284527531963, -1.031628453273389, -1.031628453273389, -1.031628453273389, -1.031628453273389, -1.031628453273389, -1.031628453273389, -1.031628453273389, -1.031628453273389, -1.0316284534603355, -1.0316284534603355, -1.0316284534603355, -1.0316284534603355, -1.0316284534603355, -1.0316284534603355, -1.0316284534818825, -1.0316284534818825, -1.0316284534877538, -1.0316284534877538, -1.0316284534877538, -1.0316284534877538, -1.0316284534877538, -1.0316284534877538, -1.0316284534877538, -1.031628453487908, -1.0316284534880933, -1.0316284534880933, -1.0316284534880933, -1.0316284534881193, -1.0316284534881193, -1.0316284534881193, -1.0316284534881193, -1.0316284534881193, -1.031628453488156, -1.031628453488156, -1.0316284534881746, -1.0316284534881996, -1.0316284534882147, -1.031628453488224, -1.03162845348823, -1.0316284534882338, -1.0316284534882365, -1.031628453488238, -1.0316284534882394, -1.03162845348824, -1.0316284534882407, -1.0316284534887938, -1.0316284534898421, -1.0316284534898421, -1.0316284534898517, -1.0316284534898517, -1.0316284534898545, -1.0316284534898545]","{""cognitive_weight"": 1.5, ""inertia_weight"": 0.7, ""max_iterations"": 120, ""social_weight"": 1.5, ""swarm_size"": 40}"
six_hump_camel,Six-Hump Camel,45,2195,pso,PSO,2,"[-3.0, 3.0]","[0.089842, -0.712656]","[-0.08984200422285149, 0.7126564404182685]",-1.0316284534898652,1.4365938515059284,120,4840,"[0.08107410320354969, 0.06342616111601677, -0.39024417843588366, -0.8205991037365443, -0.8205991037365443, -0.9622711580835865, -0.9622711580835865, -0.9622711580835865, -0.9622711580835865, -0.9622711580835865, -0.9680950207178218, -1.0082192943087163, -1.0082192943087163, -1.0082192943087163, -1.0158497499735442, -1.0214810541423505, -1.0214810541423505, -1.024522504141536, -1.024522504141536, -1.0311173269074143, -1.0311173269074143, -1.0311173269074143, -1.0311173269074143, -1.0311173269074143, -1.0311173269074143, -1.0311173269074143, -1.0311173269074143, -1.0313591497261563, -1.0313591497261563, -1.0315208145099242, -1.0315208145099242, -1.0315208145099242, -1.0315412407436082, -1.0315509785966968, -1.0315509785966968, -1.031627541794328, -1.031627541794328, -1.031627541794328, -1.031627541794328, -1.031627541794328, -1.031627541794328, -1.031627541794328, -1.031627541794328, -1.031628410608885, -1.031628410608885, -1.031628410608885, -1.031628410608885, -1.031628410608885, -1.031628410608885, -1.031628410608885, -1.031628410608885, -1.031628410608885, -1.031628448329772, -1.031628448329772, -1.031628448329772, -1.031628448329772, -1.031628448329772, -1.031628448329772, -1.031628448329772, -1.031628448329772, -1.031628448329772, -1.031628448329772, -1.031628448329772, -1.031628448329772, -1.031628448329772, -1.031628448329772, -1.031628452733138, -1.0316284534513873, -1.0316284534513873, -1.0316284534513873, -1.0316284534513873, -1.0316284534513873, -1.0316284534513873, -1.0316284534513873, -1.0316284534513873, -1.0316284534513873, -1.0316284534513873, -1.0316284534513873, -1.0316284534665443, -1.0316284534665443, -1.0316284534665443, -1.0316284534665443, -1.0316284534665443, -1.0316284534665443, -1.0316284534665443, -1.0316284534665443, -1.0316284534665443, -1.0316284534846367, -1.0316284534846367, -1.0316284534846367, -1.0316284534872395, -1.0316284534872395, -1.0316284534897608, -1.0316284534897608, -1.0316284534897608, -1.0316284534897608, -1.0316284534897608, -1.0316284534897608, -1.0316284534897608, -1.0316284534897608, -1.0316284534897608, -1.0316284534897608, -1.0316284534897608, -1.0316284534897608, -1.0316284534897608, -1.0316284534897608, -1.0316284534897608, -1.0316284534898479, -1.0316284534898479, -1.0316284534898479, -1.0316284534898479, -1.0316284534898479, -1.0316284534898479, -1.0316284534898479, -1.0316284534898479, -1.0316284534898652, -1.0316284534898652, -1.0316284534898652, -1.0316284534898652, -1.0316284534898652, -1.0316284534898652]","{""cognitive_weight"": 1.5, ""inertia_weight"": 0.7, ""max_iterations"": 120, ""social_weight"": 1.5, ""swarm_size"": 40}"
six_hump_camel,Six-Hump Camel,46,2196,pso,PSO,2,"[-3.0, 3.0]","[0.089842, -0.712656]","[-0.08984198296881872, 0.7126564349160034]",-1.0316284534898645,1.4365938433884942,120,4840,"[0.8699414762277742, 0.19674121504145858, -0.18468573438525895, -0.3594675989618349, -0.6637463737138334, -0.6637463737138334, -0.8137356430151255, -1.0059804720999177, -1.0059804720999177, -1.0059804720999177, -1.0059804720999177, -1.0059804720999177, -1.0244030459557691, -1.0244030459557691, -1.0244030459557691, -1.0244030459557691, -1.0244030459557691, -1.0251219785199963, -1.0258763414872873, -1.0291090621960661, -1.029668126923616, -1.029668126923616, -1.029668126923616, -1.029668126923616, -1.0310642439225757, -1.0310642439225757, -1.0310642439225757, -1.0310642439225757, -1.0310642439225757, -1.031358099208342, -1.0315794755847705, -1.0316280573361407, -1.0316280573361407, -1.0316280573361407, -1.0316280573361407, -1.0316280573361407, -1.0316280573361407, -1.0316284187945626, -1.0316284187945626, -1.0316284187945626, -1.0316284187945626, -1.0316284187945626, -1.0316284477875768, -1.0316284477875768, -1.0316284477875768, -1.0316284477875768, -1.0316284477875768, -1.0316284477875768, -1.0316284477875768, -1.0316284477875768, -1.0316284477875768, -1.0316284477875768, -1.0316284477875768, -1.0316284477875768, -1.0316284477875768, -1.0316284477875768, -1.0316284477875768, -1.0316284477875768, -1.0316284477875768, -1.0316284477875768, -1.0316284477875768, -1.0316284477875768, -1.0316284477875768, -1.0316284477875768, -1.0316284477875768, -1.0316284477875768, -1.0316284479588602, -1.031628449566446, -1.0316284526837933, -1.0316284526837933, -1.0316284526837933, -1.0316284528699917, -1.0316284528699917, -1.0316284529321702, -1.0316284529321702, -1.0316284529321702, -1.0316284529321702, -1.0316284529321702, -1.0316284532686095, -1.0316284532686095, -1.0316284532686095, -1.0316284532686095, -1.0316284532686095, -1.031628453332761, -1.031628453332761, -1.0316284534117162, -1.0316284534210562, -1.0316284534210562, -1.031628453428938, -1.031628453428938, -1.0316284534628137, -1.0316284534628137, -1.0316284534628137, -1.0316284534628137, -1.0316284534835765, -1.0316284534835765, -1.0316284534885238, -1.0316284534885238, -1.0316284534885238, -1.0316284534885238, -1.0316284534885238, -1.0316284534889313, -1.0316284534889313, -1.0316284534889313, -1.031628453489694, -1.031628453489694, -1.031628453489694, -1.031628453489694, -1.0316284534898412, -1.0316284534898412, -1.0316284534898412, -1.0316284534898412, -1.0316284534898412, -1.0316284534898412, -1.0316284534898412, -1.0316284534898645, -1.0316284534898645, -1.0316284534898645, -1.0316284534898645, -1.0316284534898645, -1.0316284534898645]","{""cognitive_weight"": 1.5, ""inertia_weight"": 0.7, ""max_iterations"": 120, ""social_weight"": 1.5, ""swarm_size"": 40}"
six_hump_camel,Six-Hump Camel,47,2197,pso,PSO,2,"[-3.0, 3.0]","[0.089842, -0.712656]","[0.0898419881058361, -0.7126564300699596]",-1.0316284534898683,4.3023440276660017e-07,120,4840,"[-1.023497877222305, -1.023497877222305, -1.023497877222305, -1.023497877222305, -1.023497877222305, -1.023497877222305, -1.023497877222305, -1.0284839962502208, -1.0284839962502208, -1.0284839962502208, -1.0284839962502208, -1.0284839962502208, -1.0314202964364292, -1.0314202964364292, -1.0314202964364292, -1.0314202964364292, -1.0314202964364292, -1.0314202964364292, -1.0314202964364292, -1.0314202964364292, -1.0316282619033124, -1.0316282619033124, -1.0316282619033124, -1.0316282619033124, -1.0316282619033124, -1.0316282619033124, -1.0316282619033124, -1.0316282619033124, -1.0316282619033124, -1.0316282619033124, -1.0316282619033124, -1.0316282619033124, -1.0316282619033124, -1.0316282619033124, -1.0316282619033124, -1.0316282619033124, -1.0316282619033124, -1.0316282619033124, -1.0316282619033124, -1.0316282619033124, -1.0316284207108304, -1.0316284207108304, -1.0316284207108304, -1.0316284207108304, -1.0316284207108304, -1.0316284207108304, -1.0316284207108304, -1.0316284207108304, -1.0316284207108304, -1.0316284207108304, -1.0316284207108304, -1.0316284207108304, -1.0316284207108304, -1.0316284207108304, -1.0316284453743585, -1.0316284453743585, -1.0316284453743585, -1.0316284475102644, -1.0316284475102644, -1.0316284475102644, -1.0316284475102644, -1.0316284475102644, -1.031628452236105, -1.031628452236105, -1.0316284526288602, -1.0316284526288602, -1.0316284526288602, -1.0316284526288602, -1.0316284526288602, -1.0316284526288602, -1.0316284526288602, -1.0316284526288602, -1.0316284527185493, -1.0316284527185493, -1.0316284527185493, -1.0316284527185493, -1.031628453425384, -1.031628453425384, -1.031628453425384, -1.031628453425384, -1.031628453425384, -1.031628453425384, -1.0316284534518565, -1.0316284534853475, -1.0316284534853475, -1.0316284534853475, -1.0316284534853475, -1.0316284534853475, -1.0316284534853475, -1.0316284534853475, -1.0316284534853475, -1.0316284534853475, -1.0316284534853475, -1.0316284534871774, -1.0316284534871774, -1.0316284534871774, -1.0316284534871774, -1.0316284534877673, -1.0316284534877673, -1.0316284534877673, -1.0316284534877673, -1.0316284534888565, -1.031628453489072, -1.0316284534891191, -1.0316284534892661, -1.0316284534892661, -1.0316284534898235, -1.0316284534898235, -1.0316284534898235, -1.0316284534898235, -1.0316284534898235, -1.0316284534898235, -1.0316284534898235, -1.0316284534898235, -1.031628453489841, -1.031628453489841, -1.031628453489841, -1.031628453489841, -1.031628453489841, -1.031628453489841, -1.0316284534898683]","{""cognitive_weight"": 1.5, ""inertia_weight"": 0.7, ""max_iterations"": 120, ""social_weight"": 1.5, ""swarm_size"": 40}"
six_hump_camel,Six-Hump Camel,48,2198,pso,PSO,2,"[-3.0, 3.0]","[0.089842, -0.712656]","[0.08984201782137682, -0.7126564105990999]",-1.031628453489877,4.1098567170323563e-07,120,4840,"[-0.6924227393727151, -0.6924227393727151, -0.8807136432441172, -0.8807136432441172, -0.8807136432441172, -0.963347551163469, -1.0246990946616663, -1.0246990946616663, -1.0246990946616663, -1.0246990946616663, -1.0246990946616663, -1.0246990946616663, -1.0246990946616663, -1.0246990946616663, -1.0246990946616663, -1.0282900609766852, -1.0282900609766852, -1.0282900609766852, -1.0282900609766852, -1.0314126786726332, -1.0314126786726332, -1.0314126786726332, -1.0314126786726332, -1.0314126786726332, -1.0314126786726332, -1.0314126786726332, -1.0314126786726332, -1.0314126786726332, -1.0314126786726332, -1.0314925449640786, -1.0315521095398954, -1.0315521095398954, -1.0315664842011105, -1.0315664842011105, -1.0315664842011105, -1.0315664842011105, -1.0315664842011105, -1.0315664842011105, -1.0315664842011105, -1.0315664842011105, -1.0315664842011105, -1.0315664842011105, -1.0316184351500963, -1.0316184351500963, -1.0316184351500963, -1.0316258103228109, -1.0316258103228109, -1.0316259631941516, -1.0316259631941516, -1.031627452099152, -1.031627452099152, -1.031627452099152, -1.031627452099152, -1.0316280747136135, -1.0316282429275496, -1.0316284216400005, -1.0316284216400005, -1.0316284216400005, -1.0316284216400005, -1.0316284216400005, -1.0316284216400005, -1.0316284216400005, -1.0316284216400005, -1.0316284364255246, -1.0316284493617198, -1.0316284493617198, -1.0316284493617198, -1.0316284493617198, -1.031628451275792, -1.031628451275792, -1.0316284527831039, -1.0316284527831039, -1.0316284527831039, -1.0316284534313989, -1.0316284534313989, -1.0316284534313989, -1.0316284534313989, -1.0316284534313989, -1.0316284534313989, -1.0316284534313989, -1.0316284534313989, -1.0316284534313989, -1.031628453479235, -1.031628453479235, -1.031628453479235, -1.031628453479235, -1.031628453479235, -1.0316284534833808, -1.0316284534833808, -1.0316284534833808, -1.0316284534833808, -1.0316284534862765, -1.031628453489835, -1.031628453489835, -1.031628453489835, -1.031628453489835, -1.031628453489835, -1.031628453489835, -1.031628453489835, -1.031628453489835, -1.031628453489835, -1.031628453489835, -1.031628453489835, -1.031628453489835, -1.031628453489835, -1.031628453489835, -1.0316284534898357, -1.0316284534898357, -1.03162845348984, -1.03162845348984, -1.0316284534898452, -1.0316284534898503, -1.0316284534898503, -1.0316284534898503, -1.0316284534898503, -1.0316284534898503, -1.0316284534898503, -1.0316284534898503, -1.0316284534898628, -1.0316284534898656, -1.031628453489877]","{""cognitive_weight"": 1.5, ""inertia_weight"": 0.7, ""max_iterations"": 120, ""social_weight"": 1.5, ""swarm_size"": 40}"
six_hump_camel,Six-Hump Camel,49,2199,pso,PSO,2,"[-3.0, 3.0]","[0.089842, -0.712656]","[0.08984207523424387, -0.7126564107066139]",-1.0316284534898623,4.175405539392024e-07,120,4840,"[-0.5726953144848135, -0.5726953144848135, -0.9805942721583033, -0.9805942721583033, -0.9805942721583033, -1.012036965299036, -1.012036965299036, -1.012036965299036, -1.012036965299036, -1.012036965299036, -1.012036965299036, -1.0144118771024755, -1.0200981557326416, -1.0200981557326416, -1.0200981557326416, -1.0296100467914504, -1.0296100467914504, -1.0296100467914504, -1.0296100467914504, -1.0296100467914504, -1.030788193765987, -1.030788193765987, -1.030788193765987, -1.030788193765987, -1.030788193765987, -1.030788193765987, -1.031457829997956, -1.031457829997956, -1.031457829997956, -1.031457829997956, -1.031457829997956, -1.031457829997956, -1.031457829997956, -1.031478863486239, -1.031478863486239, -1.0314971669991162, -1.0316183288678449, -1.0316183288678449, -1.0316183288678449, -1.0316217728327919, -1.0316217728327919, -1.0316221717103091, -1.0316221717103091, -1.0316221717103091, -1.0316221717103091, -1.0316266486704795, -1.0316266486704795, -1.0316266486704795, -1.0316266486704795, -1.0316266486704795, -1.0316266486704795, -1.0316281636720885, -1.0316281636720885, -1.0316283844788896, -1.0316283844788896, -1.0316283844788896, -1.0316283844788896, -1.0316283844788896, -1.0316283844788896, -1.0316283844788896, -1.0316283844788896, -1.0316283844788896, -1.0316283844788896, -1.0316283844788896, -1.0316283844788896, -1.031628420881181, -1.0316284495817762, -1.0316284495817762, -1.0316284519644818, -1.0316284524881714, -1.0316284524881714, -1.0316284524881714, -1.0316284524881714, -1.0316284531928015, -1.0316284531928015, -1.0316284531928015, -1.031628453464664, -1.031628453464664, -1.031628453464664, -1.031628453464664, -1.031628453464664, -1.031628453464664, -1.031628453464664, -1.031628453464664, -1.031628453464664, -1.031628453464664, -1.0316284534860967, -1.0316284534860967, -1.0316284534860967, -1.0316284534892854, -1.0316284534892854, -1.0316284534892854, -1.0316284534892854, -1.0316284534892854, -1.0316284534892854, -1.0316284534892854, -1.0316284534892854, -1.0316284534892854, -1.0316284534898177, -1.0316284534898177, -1.0316284534898177, -1.0316284534898177, -1.0316284534898177, -1.031628453489856, -1.031628453489856, -1.031628453489856, -1.031628453489856, -1.031628453489856, -1.031628453489856, -1.031628453489856, -1.0316284534898623, -1.0316284534898623, -1.0316284534898623, -1.0316284534898623, -1.0316284534898623, -1.0316284534898623, -1.0316284534898623, -1.0316284534898623, -1.0316284534898623, -1.0316284534898623, -1.0316284534898623]","{""cognitive_weight"": 1.5, ""inertia_weight"": 0.7, ""max_iterations"": 120, ""social_weight"": 1.5, ""swarm_size"": 40}"
six_hump_camel,Six-Hump Camel,50,2191,pso,PSO,2,"[-3.0, 3.0]","[0.089842, -0.712656]","[0.08984201069503156, -0.7126563791545097]",-1.0316284534898728,3.7930532028041586e-07,120,4840,"[-0.7174369668377473, -0.902091591843655, -0.902091591843655, -0.902091591843655, -0.902091591843655, -0.9064518679538486, -0.9064518679538486, -0.9064518679538486, -1.0077626000086093, -1.0077626000086093, -1.0077626000086093, -1.0077626000086093, -1.0077626000086093, -1.018936095397824, -1.018936095397824, -1.018936095397824, -1.018936095397824, -1.0237772476914277, -1.0237772476914277, -1.0315179965797356, -1.0315179965797356, -1.0315179965797356, -1.0315179965797356, -1.0315179965797356, -1.0315179965797356, -1.0315179965797356, -1.0315179965797356, -1.0315179965797356, -1.0315179965797356, -1.0315395030153616, -1.0315395030153616, -1.0315646084955696, -1.0315847968563177, -1.0315847968563177, -1.0315847968563177, -1.0315923148451966, -1.0315923148451966, -1.0315923148451966, -1.0315923148451966, -1.0315923148451966, -1.031621006055592, -1.031621006055592, -1.031621006055592, -1.0316210153201497, -1.0316222246368547, -1.0316231158946219, -1.0316233766810567, -1.0316233766810567, -1.0316233766810567, -1.0316276269105114, -1.0316276269105114, -1.0316276269105114, -1.0316276269105114, -1.0316276269105114, -1.0316276269105114, -1.0316284523336046, -1.0316284523336046, -1.0316284523336046, -1.0316284523336046, -1.0316284523336046, -1.0316284523336046, -1.0316284523336046, -1.0316284523336046, -1.0316284523336046, -1.0316284523336046, -1.0316284523336046, -1.0316284523336046, -1.0316284523336046, -1.0316284523336046, -1.0316284523336046, -1.0316284523336046, -1.0316284523336046, -1.0316284523336046, -1.0316284528111546, -1.0316284528111546, -1.0316284528111546, -1.0316284528111546, -1.0316284528111546, -1.0316284528111546, -1.031628453417092, -1.031628453417092, -1.031628453417092, -1.0316284534183806, -1.0316284534183806, -1.0316284534183806, -1.0316284534183806, -1.0316284534183806, -1.0316284534521507, -1.0316284534521507, -1.0316284534586646, -1.0316284534586646, -1.0316284534586646, -1.0316284534586646, -1.0316284534586646, -1.0316284534886795, -1.0316284534886795, -1.0316284534886795, -1.0316284534886795, -1.0316284534887317, -1.0316284534887317, -1.0316284534887317, -1.0316284534887317, -1.0316284534887317, -1.0316284534887317, -1.0316284534887317, -1.0316284534897997, -1.0316284534897997, -1.0316284534897997, -1.0316284534897997, -1.0316284534897997, -1.0316284534898452, -1.0316284534898452, -1.0316284534898452, -1.0316284534898574, -1.0316284534898574, -1.0316284534898574, -1.0316284534898574, -1.0316284534898574, -1.0316284534898628, -1.0316284534898628, -1.0316284534898728]","{""cognitive_weight"": 1.5, ""inertia_weight"": 0.7, ""max_iterations"": 120, ""social_weight"": 1.5, ""swarm_size"": 40}"
six_hump_camel,Six-Hump Camel,51,2192,pso,PSO,2,"[-3.0, 3.0]","[0.089842, -0.712656]","[-0.08984202156743291, 0.7126564060334734]",-1.031628453489877,1.4365938195605517,120,4840,"[-0.6124467818203623, -0.6124467818203623, -0.6124467818203623, -0.9995480561697155, -0.9995480561697155, -1.0089848272132507, -1.0089848272132507, -1.0089848272132507, -1.0121293612337423, -1.0121293612337423, -1.0121293612337423, -1.0121293612337423, -1.0201104806556593, -1.0257308320222, -1.0257308320222, -1.0314871877102303, -1.0314871877102303, -1.0314871877102303, -1.0314871877102303, -1.0314871877102303, -1.0314871877102303, -1.0316068678541557, -1.0316068678541557, -1.0316068678541557, -1.0316068678541557, -1.0316168659281637, -1.0316168659281637, -1.0316168659281637, -1.0316168659281637, -1.0316168659281637, -1.0316168659281637, -1.031620305788823, -1.031620305788823, -1.031620305788823, -1.031620305788823, -1.031620305788823, -1.0316248057996125, -1.0316248057996125, -1.0316248057996125, -1.031627825428712, -1.031627825428712, -1.031628177689655, -1.031628177689655, -1.031628177689655, -1.031628333414792, -1.031628333414792, -1.031628333414792, -1.031628333414792, -1.0316284367463884, -1.0316284367463884, -1.0316284367463884, -1.0316284367463884, -1.031628452700521, -1.031628452700521, -1.031628452700521, -1.031628452700521, -1.031628452700521, -1.031628452700521, -1.031628452700521, -1.031628452700521, -1.031628452700521, -1.031628452700521, -1.031628452700521, -1.031628452700521, -1.031628452700521, -1.031628452700521, -1.031628452700521, -1.031628452700521, -1.031628452700521, -1.031628452700521, -1.0316284530242272, -1.0316284530242272, -1.0316284530242272, -1.0316284531982218, -1.0316284531982218, -1.0316284531982218, -1.0316284532212514, -1.0316284534256304, -1.0316284534256304, -1.0316284534554152, -1.0316284534554152, -1.0316284534554152, -1.0316284534554152, -1.0316284534554152, -1.0316284534554152, -1.0316284534557743, -1.0316284534689923, -1.031628453472743, -1.031628453472743, -1.031628453478856, -1.031628453478856, -1.0316284534891997, -1.0316284534891997, -1.0316284534891997, -1.0316284534891997, -1.0316284534891997, -1.0316284534891997, -1.0316284534895337, -1.0316284534895337, -1.0316284534898477, -1.0316284534898477, -1.0316284534898477, -1.0316284534898477, -1.0316284534898477, -1.0316284534898477, -1.0316284534898477, -1.0316284534898477, -1.0316284534898477, -1.0316284534898477, -1.0316284534898477, -1.0316284534898703, -1.0316284534898703, -1.0316284534898703, -1.0316284534898703, -1.0316284534898703, -1.0316284534898703, -1.0316284534898703, -1.0316284534898703, -1.0316284534898703, -1.031628453489877, -1.031628453489877]","{""cognitive_weight"": 1.5, ""inertia_weight"": 0.7, ""max_iterations"": 120, ""social_weight"": 1.5, ""swarm_size"": 40}"
six_hump_camel,Six-Hump Camel,52,2193,pso,PSO,2,"[-3.0, 3.0]","[0.089842, -0.712656]","[0.0898420143008066, -0.7126565078654624]",-1.0316284534897875,5.080667682809003e-07,120,4840,"[0.08995038224930252, 0.08995038224930252, -0.6579998868186452, -0.7879933684240663, -0.948512815156638, -0.948512815156638, -0.948512815156638, -0.9962825278216881, -1.024477788991165, -1.024477788991165, -1.0249694859412635, -1.0249694859412635, -1.0249694859412635, -1.0249694859412635, -1.0249694859412635, -1.0249694859412635, -1.0249694859412635, -1.0287459439844358, -1.0287459439844358, -1.0304990616804366, -1.0304990616804366, -1.0304990616804366, -1.0304990616804366, -1.0304990616804366, -1.030628031698818, -1.030628031698818, -1.030628031698818, -1.0309731585988973, -1.0309731585988973, -1.0309731585988973, -1.0309731585988973, -1.0310137907752925, -1.0315976708438097, -1.0315976708438097, -1.0315988065819952, -1.0315988065819952, -1.0315997518417808, -1.031614262984743, -1.031614262984743, -1.031614262984743, -1.031614262984743, -1.0316252531128485, -1.0316252531128485, -1.0316252531128485, -1.0316252531128485, -1.0316252531128485, -1.0316252531128485, -1.0316252531128485, -1.0316282495264626, -1.0316282495264626, -1.0316282495264626, -1.0316282495264626, -1.0316282495264626, -1.0316282495264626, -1.0316282495264626, -1.0316282495264626, -1.0316282495264626, -1.0316282495264626, -1.0316282495264626, -1.0316282802497196, -1.0316282802497196, -1.0316284511385754, -1.0316284511385754, -1.0316284511385754, -1.0316284511385754, -1.0316284511385754, -1.0316284511385754, -1.0316284511385754, -1.031628452638666, -1.031628452638666, -1.031628452638666, -1.031628452638666, -1.031628452638666, -1.031628452638666, -1.031628452638666, -1.031628452638666, -1.031628452638666, -1.031628452638666, -1.0316284531199855, -1.0316284531199855, -1.0316284531199855, -1.0316284531199855, -1.0316284531199855, -1.0316284532623912, -1.0316284534482092, -1.0316284534482092, -1.0316284534482092, -1.0316284534482092, -1.0316284534482092, -1.0316284534482092, -1.0316284534482092, -1.0316284534482092, -1.0316284534482092, -1.0316284534482092, -1.0316284534482092, -1.0316284534616018, -1.0316284534830389, -1.0316284534830389, -1.0316284534830389, -1.0316284534830389, -1.031628453484515, -1.0316284534857367, -1.0316284534857367, -1.0316284534857367, -1.0316284534884321, -1.0316284534884321, -1.0316284534890912, -1.0316284534890912, -1.0316284534890912, -1.0316284534890912, -1.0316284534890912, -1.031628453489484, -1.031628453489484, -1.031628453489484, -1.031628453489484, -1.031628453489484, -1.0316284534897875, -1.0316284534897875, -1.0316284534897875, -1.0316284534897875, -1.0316284534897875]","{""cognitive_weight"": 1.5, ""inertia_weight"": 0.7, ""max_iterations"": 120, ""social_weight"": 1.5, ""swarm_size"": 40}"
six_hump_camel,Six-Hump Camel,53,2194,pso,PSO,2,"[-3.0, 3.0]","[0.089842, -0.712656]","[-0.08984200686192564, 0.712656455247888]",-1.0316284534898545,1.4365938665491786,120,4840,"[-0.7961344218907813, -0.7961344218907813, -0.7961344218907813, -0.7961344218907813, -0.9125821158192068, -0.9489066745536111, -0.9489066745536111, -1.0056513222317176, -1.0056513222317176, -1.0056513222317176, -1.0056513222317176, -1.0210913483390525, -1.0210913483390525, -1.0289949263981328, -1.0289949263981328, -1.0289949263981328, -1.0289949263981328, -1.0289949263981328, -1.0304338373170159, -1.0304338373170159, -1.0304338373170159, -1.0304338373170159, -1.0310451355601138, -1.0310451355601138, -1.0315949724910456, -1.0315949724910456, -1.0315949724910456, -1.0315949724910456, -1.0315949724910456, -1.0315949724910456, -1.0315949724910456, -1.0315949724910456, -1.0316038158334715, -1.0316038158334715, -1.0316038158334715, -1.0316038158334715, -1.0316067027489142, -1.0316067027489142, -1.0316244663866359, -1.0316268445406584, -1.0316268445406584, -1.0316268445406584, -1.0316268613317552, -1.0316268613317552, -1.03162755000463, -1.03162755000463, -1.031628004209895, -1.031628004209895, -1.031628004209895, -1.031628004209895, -1.031628004209895, -1.031628337906258, -1.031628337906258, -1.031628337906258, -1.0316284475941935, -1.0316284475941935, -1.0316284511618599, -1.0316284511618599, -1.0316284527531963, -1.0316284527531963, -1.0316284527531963, -1.0316284527531963, -1.0316284527531963, -1.0316284527531963, -1.0316284527531963, -1.0316284527531963, -1.0316284527531963, -1.0316284527531963, -1.0316284527531963, -1.031628453273389, -1.031628453273389, -1.031628453273389, -1.031628453273389, -1.031628453273389, -1.031628453273389, -1.031628453273389, -1.031628453273389, -1.0316284534603355, -1.0316284534603355, -1.0316284534603355, -1.0316284534603355, -1.0316284534603355, -1.0316284534603355, -1.0316284534818825, -1.0316284534818825, -1.0316284534877538, -1.0316284534877538, -1.0316284534877538, -1.0316284534877538, -1.0316284534877538, -1.0316284534877538, -1.0316284534877538, -1.031628453487908, -1.0316284534880933, -1.0316284534880933, -1.0316284534880933, -1.0316284534881193, -1.0316284534881193, -1.0316284534881193, -1.0316284534881193, -1.0316284534881193, -1.031628453488156, -1.031628453488156, -1.0316284534881746, -1.0316284534881996, -1.0316284534882147, -1.031628453488224, -1.03162845348823, -1.0316284534882338, -1.0316284534882365, -1.031628453488238, -1.0316284534882394, -1.03162845348824, -1.0316284534882407, -1.0316284534887938, -1.0316284534898421, -1.0316284534898421, -1.0316284534898517, -1.0316284534898517, -1.0316284534898545, -1.0316284534898545]","{""cognitive_weight"": 1.5, ""inertia_weight"": 0.7, ""max_iterations"": 120, ""social_weight"": 1.5, ""swarm_size"": 40}"
six_hump_camel,Six-Hump Camel,54,2195,pso,PSO,2,"[-3.0, 3.0]","[0.089842, -0.712656]","[-0.08984200422285149, 0.7126564404182685]",-1.0316284534898652,1.4365938515059284,120,4840,"[0.08107410320354969, 0.06342616111601677, -0.39024417843588366, -0.8205991037365443, -0.8205991037365443, -0.9622711580835865, -0.9622711580835865, -0.9622711580835865, -0.9622711580835865, -0.9622711580835865, -0.9680950207178218, -1.0082192943087163, -1.0082192943087163, -1.0082192943087163, -1.0158497499735442, -1.0214810541423505, -1.0214810541423505, -1.024522504141536, -1.024522504141536, -1.0311173269074143, -1.0311173269074143, -1.0311173269074143, -1.0311173269074143, -1.0311173269074143, -1.0311173269074143, -1.0311173269074143, -1.0311173269074143, -1.0313591497261563, -1.0313591497261563, -1.0315208145099242, -1.0315208145099242, -1.0315208145099242, -1.0315412407436082, -1.0315509785966968, -1.0315509785966968, -1.031627541794328, -1.031627541794328, -1.031627541794328, -1.031627541794328, -1.031627541794328, -1.031627541794328, -1.031627541794328, -1.031627541794328, -1.031628410608885, -1.031628410608885, -1.031628410608885, -1.031628410608885, -1.031628410608885, -1.031628410608885, -1.031628410608885, -1.031628410608885, -1.031628410608885, -1.031628448329772, -1.031628448329772, -1.031628448329772, -1.031628448329772, -1.031628448329772, -1.031628448329772, -1.031628448329772, -1.031628448329772, -1.031628448329772, -1.031628448329772, -1.031628448329772, -1.031628448329772, -1.031628448329772, -1.031628448329772, -1.031628452733138, -1.0316284534513873, -1.0316284534513873, -1.0316284534513873, -1.0316284534513873, -1.0316284534513873, -1.0316284534513873, -1.0316284534513873, -1.0316284534513873, -1.0316284534513873, -1.0316284534513873, -1.0316284534513873, -1.0316284534665443, -1.0316284534665443, -1.0316284534665443, -1.0316284534665443, -1.0316284534665443, -1.0316284534665443, -1.0316284534665443, -1.0316284534665443, -1.0316284534665443, -1.0316284534846367, -1.0316284534846367, -1.0316284534846367, -1.0316284534872395, -1.0316284534872395, -1.0316284534897608, -1.0316284534897608, -1.0316284534897608, -1.0316284534897608, -1.0316284534897608, -1.0316284534897608, -1.0316284534897608, -1.0316284534897608, -1.0316284534897608, -1.0316284534897608, -1.0316284534897608, -1.0316284534897608, -1.0316284534897608, -1.0316284534897608, -1.0316284534897608, -1.0316284534898479, -1.0316284534898479, -1.0316284534898479, -1.0316284534898479, -1.0316284534898479, -1.0316284534898479, -1.0316284534898479, -1.0316284534898479, -1.0316284534898652, -1.0316284534898652, -1.0316284534898652, -1.0316284534898652, -1.0316284534898652, -1.0316284534898652]","{""cognitive_weight"": 1.5, ""inertia_weight"": 0.7, ""max_iterations"": 120, ""social_weight"": 1.5, ""swarm_size"": 40}"
six_hump_camel,Six-Hump Camel,55,2196,pso,PSO,2,"[-3.0, 3.0]","[0.089842, -0.712656]","[-0.08984198296881872, 0.7126564349160034]",-1.0316284534898645,1.4365938433884942,120,4840,"[0.8699414762277742, 0.19674121504145858, -0.18468573438525895, -0.3594675989618349, -0.6637463737138334, -0.6637463737138334, -0.8137356430151255, -1.0059804720999177, -1.0059804720999177, -1.0059804720999177, -1.0059804720999177, -1.0059804720999177, -1.0244030459557691, -1.0244030459557691, -1.0244030459557691, -1.0244030459557691, -1.0244030459557691, -1.0251219785199963, -1.0258763414872873, -1.0291090621960661, -1.029668126923616, -1.029668126923616, -1.029668126923616, -1.029668126923616, -1.0310642439225757, -1.0310642439225757, -1.0310642439225757, -1.0310642439225757, -1.0310642439225757, -1.031358099208342, -1.0315794755847705, -1.0316280573361407, -1.0316280573361407, -1.0316280573361407, -1.0316280573361407, -1.0316280573361407, -1.0316280573361407, -1.0316284187945626, -1.0316284187945626, -1.0316284187945626, -1.0316284187945626, -1.0316284187945626, -1.0316284477875768, -1.0316284477875768, -1.0316284477875768, -1.0316284477875768, -1.0316284477875768, -1.0316284477875768, -1.0316284477875768, -1.0316284477875768, -1.0316284477875768, -1.0316284477875768, -1.0316284477875768, -1.0316284477875768, -1.0316284477875768, -1.0316284477875768, -1.0316284477875768, -1.0316284477875768, -1.0316284477875768, -1.0316284477875768, -1.0316284477875768, -1.0316284477875768, -1.0316284477875768, -1.0316284477875768, -1.0316284477875768, -1.0316284477875768, -1.0316284479588602, -1.031628449566446, -1.0316284526837933, -1.0316284526837933, -1.0316284526837933, -1.0316284528699917, -1.0316284528699917, -1.0316284529321702, -1.0316284529321702, -1.0316284529321702, -1.0316284529321702, -1.0316284529321702, -1.0316284532686095, -1.0316284532686095, -1.0316284532686095, -1.0316284532686095, -1.0316284532686095, -1.031628453332761, -1.031628453332761, -1.0316284534117162, -1.0316284534210562, -1.0316284534210562, -1.031628453428938, -1.031628453428938, -1.0316284534628137, -1.0316284534628137, -1.0316284534628137, -1.0316284534628137, -1.0316284534835765, -1.0316284534835765, -1.0316284534885238, -1.0316284534885238, -1.0316284534885238, -1.0316284534885238, -1.0316284534885238, -1.0316284534889313, -1.0316284534889313, -1.0316284534889313, -1.031628453489694, -1.031628453489694, -1.031628453489694, -1.031628453489694, -1.0316284534898412, -1.0316284534898412, -1.0316284534898412, -1.0316284534898412, -1.0316284534898412, -1.0316284534898412, -1.0316284534898412, -1.0316284534898645, -1.0316284534898645, -1.0316284534898645, -1.0316284534898645, -1.0316284534898645, -1.0316284534898645]","{""cognitive_weight"": 1.5, ""inertia_weight"": 0.7, ""max_iterations"": 120, ""social_weight"": 1.5, ""swarm_size"": 40}"
six_hump_camel,Six-Hump Camel,56,2197,pso,PSO,2,"[-3.0, 3.0]","[0.089842, -0.712656]","[0.0898419881058361, -0.7126564300699596]",-1.0316284534898683,4.3023440276660017e-07,120,4840,"[-1.023497877222305, -1.023497877222305, -1.023497877222305, -1.023497877222305, -1.023497877222305, -1.023497877222305, -1.023497877222305, -1.0284839962502208, -1.0284839962502208, -1.0284839962502208, -1.0284839962502208, -1.0284839962502208, -1.0314202964364292, -1.0314202964364292, -1.0314202964364292, -1.0314202964364292, -1.0314202964364292, -1.0314202964364292, -1.0314202964364292, -1.0314202964364292, -1.0316282619033124, -1.0316282619033124, -1.0316282619033124, -1.0316282619033124, -1.0316282619033124, -1.0316282619033124, -1.0316282619033124, -1.0316282619033124, -1.0316282619033124, -1.0316282619033124, -1.0316282619033124, -1.0316282619033124, -1.0316282619033124, -1.0316282619033124, -1.0316282619033124, -1.0316282619033124, -1.0316282619033124, -1.0316282619033124, -1.0316282619033124, -1.0316282619033124, -1.0316284207108304, -1.0316284207108304, -1.0316284207108304, -1.0316284207108304, -1.0316284207108304, -1.0316284207108304, -1.0316284207108304, -1.0316284207108304, -1.0316284207108304, -1.0316284207108304, -1.0316284207108304, -1.0316284207108304, -1.0316284207108304, -1.0316284207108304, -1.0316284453743585, -1.0316284453743585, -1.0316284453743585, -1.0316284475102644, -1.0316284475102644, -1.0316284475102644, -1.0316284475102644, -1.0316284475102644, -1.031628452236105, -1.031628452236105, -1.0316284526288602, -1.0316284526288602, -1.0316284526288602, -1.0316284526288602, -1.0316284526288602, -1.0316284526288602, -1.0316284526288602, -1.0316284526288602, -1.0316284527185493, -1.0316284527185493, -1.0316284527185493, -1.0316284527185493, -1.031628453425384, -1.031628453425384, -1.031628453425384, -1.031628453425384, -1.031628453425384, -1.031628453425384, -1.0316284534518565, -1.0316284534853475, -1.0316284534853475, -1.0316284534853475, -1.0316284534853475, -1.0316284534853475, -1.0316284534853475, -1.0316284534853475, -1.0316284534853475, -1.0316284534853475, -1.0316284534853475, -1.0316284534871774, -1.0316284534871774, -1.0316284534871774, -1.0316284534871774, -1.0316284534877673, -1.0316284534877673, -1.0316284534877673, -1.0316284534877673, -1.0316284534888565, -1.031628453489072, -1.0316284534891191, -1.0316284534892661, -1.0316284534892661, -1.0316284534898235, -1.0316284534898235, -1.0316284534898235, -1.0316284534898235, -1.0316284534898235, -1.0316284534898235, -1.0316284534898235, -1.0316284534898235, -1.031628453489841, -1.031628453489841, -1.031628453489841, -1.031628453489841, -1.031628453489841, -1.031628453489841, -1.0316284534898683]","{""cognitive_weight"": 1.5, ""inertia_weight"": 0.7, ""max_iterations"": 120, ""social_weight"": 1.5, ""swarm_size"": 40}"
six_hump_camel,Six-Hump Camel,57,2198,pso,PSO,2,"[-3.0, 3.0]","[0.089842, -0.712656]","[0.08984201782137682, -0.7126564105990999]",-1.031628453489877,4.1098567170323563e-07,120,4840,"[-0.6924227393727151, -0.6924227393727151, -0.8807136432441172, -0.8807136432441172, -0.8807136432441172, -0.963347551163469, -1.0246990946616663, -1.0246990946616663, -1.0246990946616663, -1.0246990946616663, -1.0246990946616663, -1.0246990946616663, -1.0246990946616663, -1.0246990946616663, -1.0246990946616663, -1.0282900609766852, -1.0282900609766852, -1.0282900609766852, -1.0282900609766852, -1.0314126786726332, -1.0314126786726332, -1.0314126786726332, -1.0314126786726332, -1.0314126786726332, -1.0314126786726332, -1.0314126786726332, -1.0314126786726332, -1.0314126786726332, -1.0314126786726332, -1.0314925449640786, -1.0315521095398954, -1.0315521095398954, -1.0315664842011105, -1.0315664842011105, -1.0315664842011105, -1.0315664842011105, -1.0315664842011105, -1.0315664842011105, -1.0315664842011105, -1.0315664842011105, -1.0315664842011105, -1.0315664842011105, -1.0316184351500963, -1.0316184351500963, -1.0316184351500963, -1.0316258103228109, -1.0316258103228109, -1.0316259631941516, -1.0316259631941516, -1.031627452099152, -1.031627452099152, -1.031627452099152, -1.031627452099152, -1.0316280747136135, -1.0316282429275496, -1.0316284216400005, -1.0316284216400005, -1.0316284216400005, -1.0316284216400005, -1.0316284216400005, -1.0316284216400005, -1.0316284216400005, -1.0316284216400005, -1.0316284364255246, -1.0316284493617198, -1.0316284493617198, -1.0316284493617198, -1.0316284493617198, -1.031628451275792, -1.031628451275792, -1.0316284527831039, -1.0316284527831039, -1.0316284527831039, -1.0316284534313989, -1.0316284534313989, -1.0316284534313989, -1.0316284534313989, -1.0316284534313989, -1.0316284534313989, -1.0316284534313989, -1.0316284534313989, -1.0316284534313989, -1.031628453479235, -1.031628453479235, -1.031628453479235, -1.031628453479235, -1.031628453479235, -1.0316284534833808, -1.0316284534833808, -1.0316284534833808, -1.0316284534833808, -1.0316284534862765, -1.031628453489835, -1.031628453489835, -1.031628453489835, -1.031628453489835, -1.031628453489835, -1.031628453489835, -1.031628453489835, -1.031628453489835, -1.031628453489835, -1.031628453489835, -1.031628453489835, -1.031628453489835, -1.031628453489835, -1.031628453489835, -1.0316284534898357, -1.0316284534898357, -1.03162845348984, -1.03162845348984, -1.0316284534898452, -1.0316284534898503, -1.0316284534898503, -1.0316284534898503, -1.0316284534898503, -1.0316284534898503, -1.0316284534898503, -1.0316284534898503, -1.0316284534898628, -1.0316284534898656, -1.031628453489877]","{""cognitive_weight"": 1.5, ""inertia_weight"": 0.7, ""max_iterations"": 120, ""social_weight"": 1.5, ""swarm_size"": 40}"
six_hump_camel,Six-Hump Camel,58,2199,pso,PSO,2,"[-3.0, 3.0]","[0.089842, -0.712656]","[0.08984207523424387, -0.7126564107066139]",-1.0316284534898623,4.175405539392024e-07,120,4840,"[-0.5726953144848135, -0.5726953144848135, -0.9805942721583033, -0.9805942721583033, -0.9805942721583033, -1.012036965299036, -1.012036965299036, -1.012036965299036, -1.012036965299036, -1.012036965299036, -1.012036965299036, -1.0144118771024755, -1.0200981557326416, -1.0200981557326416, -1.0200981557326416, -1.0296100467914504, -1.0296100467914504, -1.0296100467914504, -1.0296100467914504, -1.0296100467914504, -1.030788193765987, -1.030788193765987, -1.030788193765987, -1.030788193765987, -1.030788193765987, -1.030788193765987, -1.031457829997956, -1.031457829997956, -1.031457829997956, -1.031457829997956, -1.031457829997956, -1.031457829997956, -1.031457829997956, -1.031478863486239, -1.031478863486239, -1.0314971669991162, -1.0316183288678449, -1.0316183288678449, -1.0316183288678449, -1.0316217728327919, -1.0316217728327919, -1.0316221717103091, -1.0316221717103091, -1.0316221717103091, -1.0316221717103091, -1.0316266486704795, -1.0316266486704795, -1.0316266486704795, -1.0316266486704795, -1.0316266486704795, -1.0316266486704795, -1.0316281636720885, -1.0316281636720885, -1.0316283844788896, -1.0316283844788896, -1.0316283844788896, -1.0316283844788896, -1.0316283844788896, -1.0316283844788896, -1.0316283844788896, -1.0316283844788896, -1.0316283844788896, -1.0316283844788896, -1.0316283844788896, -1.0316283844788896, -1.031628420881181, -1.0316284495817762, -1.0316284495817762, -1.0316284519644818, -1.0316284524881714, -1.0316284524881714, -1.0316284524881714, -1.0316284524881714, -1.0316284531928015, -1.0316284531928015, -1.0316284531928015, -1.031628453464664, -1.031628453464664, -1.031628453464664, -1.031628453464664, -1.031628453464664, -1.031628453464664, -1.031628453464664, -1.031628453464664, -1.031628453464664, -1.031628453464664, -1.0316284534860967, -1.0316284534860967, -1.0316284534860967, -1.0316284534892854, -1.0316284534892854, -1.0316284534892854, -1.0316284534892854, -1.0316284534892854, -1.0316284534892854, -1.0316284534892854, -1.0316284534892854, -1.0316284534892854, -1.0316284534898177, -1.0316284534898177, -1.0316284534898177, -1.0316284534898177, -1.0316284534898177, -1.031628453489856, -1.031628453489856, -1.031628453489856, -1.031628453489856, -1.031628453489856, -1.031628453489856, -1.031628453489856, -1.0316284534898623, -1.0316284534898623, -1.0316284534898623, -1.0316284534898623, -1.0316284534898623, -1.0316284534898623, -1.0316284534898623, -1.0316284534898623, -1.0316284534898623, -1.0316284534898623, -1.0316284534898623]","{""cognitive_weight"": 1.5, ""inertia_weight"": 0.7, ""max_iterations"": 120, ""social_weight"": 1.5, ""swarm_size"": 40}"
six_hump_camel,Six-Hump Camel,59,2200,pso,PSO,2,"[-3.0, 3.0]","[0.089842, -0.712656]","[-0.08984210849513678, 0.712656409405914]",-1.0316284534898421,1.436593833779118,120,4840,"[-0.6056689364147814, -0.6056689364147814, -1.0013973282921806, -1.0013973282921806, -1.0013973282921806, -1.0013973282921806, -1.0013973282921806, -1.0013973282921806, -1.0013973282921806, -1.0013973282921806, -1.0013973282921806, -1.0013973282921806, -1.0013973282921806, -1.0252980414681878, -1.0252980414681878, -1.0252980414681878, -1.0252980414681878, -1.0284606524178193, -1.0284606524178193, -1.029438182217967, -1.029438182217967, -1.0304567089922525, -1.0304567089922525, -1.0304567089922525, -1.0304567089922525, -1.0304567089922525, -1.0310099884799726, -1.0310099884799726, -1.0313641804981815, -1.0313641804981815, -1.0313641804981815, -1.0314098133499299, -1.0314098133499299, -1.031557133908439, -1.031557133908439, -1.0316043280050913, -1.031605029478524, -1.0316228054818237, -1.0316228054818237, -1.0316228054818237, -1.0316228054818237, -1.031624281583395, -1.03162544747501, -1.03162544747501, -1.03162544747501, -1.0316266315528835, -1.0316266315528835, -1.0316266315528835, -1.0316266315528835, -1.03162784954777, -1.0316279011424905, -1.0316279011424905, -1.0316279011424905, -1.0316279011424905, -1.0316279011424905, -1.0316279517399454, -1.0316284271851617, -1.0316284271851617, -1.0316284271851617, -1.0316284271851617, -1.0316284271851617, -1.0316284271851617, -1.0316284422490816, -1.0316284441213663, -1.0316284441213663, -1.0316284467550412, -1.031628447237148, -1.031628447237148, -1.031628447237148, -1.031628447237148, -1.031628447237148, -1.0316284484121516, -1.0316284484121516, -1.0316284521829087, -1.0316284527527566, -1.0316284527527566, -1.0316284529054722, -1.0316284529054722, -1.031628452906707, -1.0316284529936592, -1.0316284529936592, -1.0316284529936592, -1.0316284529936592, -1.0316284530108, -1.0316284532792268, -1.0316284532792268, -1.031628453456101, -1.031628453456101, -1.0316284534633722, -1.031628453466049, -1.031628453466049, -1.031628453466049, -1.031628453466049, -1.031628453466049, -1.031628453466049, -1.031628453484849, -1.031628453484849, -1.031628453484849, -1.031628453484849, -1.031628453484849, -1.031628453484849, -1.031628453484849, -1.0316284534878124, -1.0316284534878124, -1.0316284534896465, -1.0316284534896465, -1.0316284534896465, -1.0316284534896465, -1.031628453489725, -1.031628453489725, -1.0316284534897708, -1.0316284534897708, -1.0316284534897708, -1.0316284534897708, -1.0316284534897708, -1.031628453489817, -1.031628453489817, -1.031628453489817, -1.031628453489817, -1.031628453489817, -1.0316284534898421]","{""cognitive_weight"": 1.5, ""inertia_weight"": 0.7, ""max_iterations"": 120, ""social_weight"": 1.5, ""swarm_size"": 40}"
six_hump_camel,Six-Hump Camel,60,2192,pso,PSO,2,"[-3.0, 3.0]","[0.089842, -0.712656]","[-0.08984202156743291, 0.7126564060334734]",-1.031628453489877,1.4365938195605517,120,4840,"[-0.6124467818203623, -0.6124467818203623, -0.6124467818203623, -0.9995480561697155, -0.9995480561697155, -1.0089848272132507, -1.0089848272132507, -1.0089848272132507, -1.0121293612337423, -1.0121293612337423, -1.0121293612337423, -1.0121293612337423, -1.0201104806556593, -1.0257308320222, -1.0257308320222, -1.0314871877102303, -1.0314871877102303, -1.0314871877102303, -1.0314871877102303, -1.0314871877102303, -1.0314871877102303, -1.0316068678541557, -1.0316068678541557, -1.0316068678541557, -1.0316068678541557, -1.0316168659281637, -1.0316168659281637, -1.0316168659281637, -1.0316168659281637, -1.0316168659281637, -1.0316168659281637, -1.031620305788823, -1.031620305788823, -1.031620305788823, -1.031620305788823, -1.031620305788823, -1.0316248057996125, -1.0316248057996125, -1.0316248057996125, -1.031627825428712, -1.031627825428712, -1.031628177689655, -1.031628177689655, -1.031628177689655, -1.031628333414792, -1.031628333414792, -1.031628333414792, -1.031628333414792, -1.0316284367463884, -1.0316284367463884, -1.0316284367463884, -1.0316284367463884, -1.031628452700521, -1.031628452700521, -1.031628452700521, -1.031628452700521, -1.031628452700521, -1.031628452700521, -1.031628452700521, -1.031628452700521, -1.031628452700521, -1.031628452700521, -1.031628452700521, -1.031628452700521, -1.031628452700521, -1.031628452700521, -1.031628452700521, -1.031628452700521, -1.031628452700521, -1.031628452700521, -1.0316284530242272, -1.0316284530242272, -1.0316284530242272, -1.0316284531982218, -1.0316284531982218, -1.0316284531982218, -1.0316284532212514, -1.0316284534256304, -1.0316284534256304, -1.0316284534554152, -1.0316284534554152, -1.0316284534554152, -1.0316284534554152, -1.0316284534554152, -1.0316284534554152, -1.0316284534557743, -1.0316284534689923, -1.031628453472743, -1.031628453472743, -1.031628453478856, -1.031628453478856, -1.0316284534891997, -1.0316284534891997, -1.0316284534891997, -1.0316284534891997, -1.0316284534891997, -1.0316284534891997, -1.0316284534895337, -1.0316284534895337, -1.0316284534898477, -1.0316284534898477, -1.0316284534898477, -1.0316284534898477, -1.0316284534898477, -1.0316284534898477, -1.0316284534898477, -1.0316284534898477, -1.0316284534898477, -1.0316284534898477, -1.0316284534898477, -1.0316284534898703, -1.0316284534898703, -1.0316284534898703, -1.0316284534898703, -1.0316284534898703, -1.0316284534898703, -1.0316284534898703, -1.0316284534898703, -1.0316284534898703, -1.031628453489877, -1.031628453489877]","{""cognitive_weight"": 1.5, ""inertia_weight"": 0.7, ""max_iterations"": 120, ""social_weight"": 1.5, ""swarm_size"": 40}"
six_hump_camel,Six-Hump Camel,61,2193,pso,PSO,2,"[-3.0, 3.0]","[0.089842, -0.712656]","[0.0898420143008066, -0.7126565078654624]",-1.0316284534897875,5.080667682809003e-07,120,4840,"[0.08995038224930252, 0.08995038224930252, -0.6579998868186452, -0.7879933684240663, -0.948512815156638, -0.948512815156638, -0.948512815156638, -0.9962825278216881, -1.024477788991165, -1.024477788991165, -1.0249694859412635, -1.0249694859412635, -1.0249694859412635, -1.0249694859412635, -1.0249694859412635, -1.0249694859412635, -1.0249694859412635, -1.0287459439844358, -1.0287459439844358, -1.0304990616804366, -1.0304990616804366, -1.0304990616804366, -1.0304990616804366, -1.0304990616804366, -1.030628031698818, -1.030628031698818, -1.030628031698818, -1.0309731585988973, -1.0309731585988973, -1.0309731585988973, -1.0309731585988973, -1.0310137907752925, -1.0315976708438097, -1.0315976708438097, -1.0315988065819952, -1.0315988065819952, -1.0315997518417808, -1.031614262984743, -1.031614262984743, -1.031614262984743, -1.031614262984743, -1.0316252531128485, -1.0316252531128485, -1.0316252531128485, -1.0316252531128485, -1.0316252531128485, -1.0316252531128485, -1.0316252531128485, -1.0316282495264626, -1.0316282495264626, -1.0316282495264626, -1.0316282495264626, -1.0316282495264626, -1.0316282495264626, -1.0316282495264626, -1.0316282495264626, -1.0316282495264626, -1.0316282495264626, -1.0316282495264626, -1.0316282802497196, -1.0316282802497196, -1.0316284511385754, -1.0316284511385754, -1.0316284511385754, -1.0316284511385754, -1.0316284511385754, -1.0316284511385754, -1.0316284511385754, -1.031628452638666, -1.031628452638666, -1.031628452638666, -1.031628452638666, -1.031628452638666, -1.031628452638666, -1.031628452638666, -1.031628452638666, -1.031628452638666, -1.031628452638666, -1.0316284531199855, -1.0316284531199855, -1.0316284531199855, -1.0316284531199855, -1.0316284531199855, -1.0316284532623912, -1.0316284534482092, -1.0316284534482092, -1.0316284534482092, -1.0316284534482092, -1.0316284534482092, -1.0316284534482092, -1.0316284534482092, -1.0316284534482092, -1.0316284534482092, -1.0316284534482092, -1.0316284534482092, -1.0316284534616018, -1.0316284534830389, -1.0316284534830389, -1.0316284534830389, -1.0316284534830389, -1.031628453484515, -1.0316284534857367, -1.0316284534857367, -1.0316284534857367, -1.0316284534884321, -1.0316284534884321, -1.0316284534890912, -1.0316284534890912, -1.0316284534890912, -1.0316284534890912, -1.0316284534890912, -1.031628453489484, -1.031628453489484, -1.031628453489484, -1.031628453489484, -1.031628453489484, -1.0316284534897875, -1.0316284534897875, -1.0316284534897875, -1.0316284534897875, -1.0316284534897875]","{""cognitive_weight"": 1.5, ""inertia_weight"": 0.7, ""max_iterations"": 120, ""social_weight"": 1.5, ""swarm_size"": 40}"
six_hump_camel,Six-Hump Camel,62,2194,pso,PSO,2,"[-3.0, 3.0]","[0.089842, -0.712656]","[-0.08984200686192564, 0.712656455247888]",-1.0316284534898545,1.4365938665491786,120,4840,"[-0.7961344218907813, -0.7961344218907813, -0.7961344218907813, -0.7961344218907813, -0.9125821158192068, -0.9489066745536111, -0.9489066745536111, -1.0056513222317176, -1.0056513222317176, -1.0056513222317176, -1.0056513222317176, -1.0210913483390525, -1.0210913483390525, -1.0289949263981328, -1.0289949263981328, -1.0289949263981328, -1.0289949263981328, -1.0289949263981328, -1.0304338373170159, -1.0304338373170159, -1.0304338373170159, -1.0304338373170159, -1.0310451355601138, -1.0310451355601138, -1.0315949724910456, -1.0315949724910456, -1.0315949724910456, -1.0315949724910456, -1.0315949724910456, -1.0315949724910456, -1.0315949724910456, -1.0315949724910456, -1.0316038158334715, -1.0316038158334715, -1.0316038158334715, -1.0316038158334715, -1.0316067027489142, -1.0316067027489142, -1.0316244663866359, -1.0316268445406584, -1.0316268445406584, -1.0316268445406584, -1.0316268613317552, -1.0316268613317552, -1.03162755000463, -1.03162755000463, -1.031628004209895, -1.031628004209895, -1.031628004209895, -1.031628004209895, -1.031628004209895, -1.031628337906258, -1.031628337906258, -1.031628337906258, -1.0316284475941935, -1.0316284475941935, -1.0316284511618599, -1.0316284511618599, -1.0316284527531963, -1.0316284527531963, -1.0316284527531963, -1.0316284527531963, -1.0316284527531963, -1.0316284527531963, -1.0316284527531963, -1.0316284527531963, -1.0316284527531963, -1.0316284527531963, -1.0316284527531963, -1.031628453273389, -1.031628453273389, -1.031628453273389, -1.031628453273389, -1.031628453273389, -1.031628453273389, -1.031628453273389, -1.031628453273389, -1.0316284534603355, -1.0316284534603355, -1.0316284534603355, -1.0316284534603355, -1.0316284534603355, -1.0316284534603355, -1.0316284534818825, -1.0316284534818825, -1.0316284534877538, -1.0316284534877538, -1.0316284534877538, -1.0316284534877538, -1.0316284534877538, -1.0316284534877538, -1.0316284534877538, -1.031628453487908, -1.0316284534880933, -1.0316284534880933, -1.0316284534880933, -1.0316284534881193, -1.0316284534881193, -1.0316284534881193, -1.0316284534881193, -1.0316284534881193, -1.031628453488156, -1.031628453488156, -1.0316284534881746, -1.0316284534881996, -1.0316284534882147, -1.031628453488224, -1.03162845348823, -1.0316284534882338, -1.0316284534882365, -1.031628453488238, -1.0316284534882394, -1.03162845348824, -1.0316284534882407, -1.0316284534887938, -1.0316284534898421, -1.0316284534898421, -1.0316284534898517, -1.0316284534898517, -1.0316284534898545, -1.0316284534898545]","{""cognitive_weight"": 1.5, ""inertia_weight"": 0.7, ""max_iterations"": 120, ""social_weight"": 1.5, ""swarm_size"": 40}"
six_hump_camel,Six-Hump Camel,63,2195,pso,PSO,2,"[-3.0, 3.0]","[0.089842, -0.712656]","[-0.08984200422285149, 0.7126564404182685]",-1.0316284534898652,1.4365938515059284,120,4840,"[0.08107410320354969, 0.06342616111601677, -0.39024417843588366, -0.8205991037365443, -0.8205991037365443, -0.9622711580835865, -0.9622711580835865, -0.9622711580835865, -0.9622711580835865, -0.9622711580835865, -0.9680950207178218, -1.0082192943087163, -1.0082192943087163, -1.0082192943087163, -1.0158497499735442, -1.0214810541423505, -1.0214810541423505, -1.024522504141536, -1.024522504141536, -1.0311173269074143, -1.0311173269074143, -1.0311173269074143, -1.0311173269074143, -1.0311173269074143, -1.0311173269074143, -1.0311173269074143, -1.0311173269074143, -1.0313591497261563, -1.0313591497261563, -1.0315208145099242, -1.0315208145099242, -1.0315208145099242, -1.0315412407436082, -1.0315509785966968, -1.0315509785966968, -1.031627541794328, -1.031627541794328, -1.031627541794328, -1.031627541794328, -1.031627541794328, -1.031627541794328, -1.031627541794328, -1.031627541794328, -1.031628410608885, -1.031628410608885, -1.031628410608885, -1.031628410608885, -1.031628410608885, -1.031628410608885, -1.031628410608885, -1.031628410608885, -1.031628410608885, -1.031628448329772, -1.031628448329772, -1.031628448329772, -1.031628448329772, -1.031628448329772, -1.031628448329772, -1.031628448329772, -1.031628448329772, -1.031628448329772, -1.031628448329772, -1.031628448329772, -1.031628448329772, -1.031628448329772, -1.031628448329772, -1.031628452733138, -1.0316284534513873, -1.0316284534513873, -1.0316284534513873, -1.0316284534513873, -1.0316284534513873, -1.0316284534513873, -1.0316284534513873, -1.0316284534513873, -1.0316284534513873, -1.0316284534513873, -1.0316284534513873, -1.0316284534665443, -1.0316284534665443, -1.0316284534665443, -1.0316284534665443, -1.0316284534665443, -1.0316284534665443, -1.0316284534665443, -1.0316284534665443, -1.0316284534665443, -1.0316284534846367, -1.0316284534846367, -1.0316284534846367, -1.0316284534872395, -1.0316284534872395, -1.0316284534897608, -1.0316284534897608, -1.0316284534897608, -1.0316284534897608, -1.0316284534897608, -1.0316284534897608, -1.0316284534897608, -1.0316284534897608, -1.0316284534897608, -1.0316284534897608, -1.0316284534897608, -1.0316284534897608, -1.0316284534897608, -1.0316284534897608, -1.0316284534897608, -1.0316284534898479, -1.0316284534898479, -1.0316284534898479, -1.0316284534898479, -1.0316284534898479, -1.0316284534898479, -1.0316284534898479, -1.0316284534898479, -1.0316284534898652, -1.0316284534898652, -1.0316284534898652, -1.0316284534898652, -1.0316284534898652, -1.0316284534898652]","{""cognitive_weight"": 1.5, ""inertia_weight"": 0.7, ""max_iterations"": 120, ""social_weight"": 1.5, ""swarm_size"": 40}"
six_hump_camel,Six-Hump Camel,64,2196,pso,PSO,2,"[-3.0, 3.0]","[0.089842, -0.712656]","[-0.08984198296881872, 0.7126564349160034]",-1.0316284534898645,1.4365938433884942,120,4840,"[0.8699414762277742, 0.19674121504145858, -0.18468573438525895, -0.3594675989618349, -0.6637463737138334, -0.6637463737138334, -0.8137356430151255, -1.0059804720999177, -1.0059804720999177, -1.0059804720999177, -1.0059804720999177, -1.0059804720999177, -1.0244030459557691, -1.0244030459557691, -1.0244030459557691, -1.0244030459557691, -1.0244030459557691, -1.0251219785199963, -1.0258763414872873, -1.0291090621960661, -1.029668126923616, -1.029668126923616, -1.029668126923616, -1.029668126923616, -1.0310642439225757, -1.0310642439225757, -1.0310642439225757, -1.0310642439225757, -1.0310642439225757, -1.031358099208342, -1.0315794755847705, -1.0316280573361407, -1.0316280573361407, -1.0316280573361407, -1.0316280573361407, -1.0316280573361407, -1.0316280573361407, -1.0316284187945626, -1.0316284187945626, -1.0316284187945626, -1.0316284187945626, -1.0316284187945626, -1.0316284477875768, -1.0316284477875768, -1.0316284477875768, -1.0316284477875768, -1.0316284477875768, -1.0316284477875768, -1.0316284477875768, -1.0316284477875768, -1.0316284477875768, -1.0316284477875768, -1.0316284477875768, -1.0316284477875768, -1.0316284477875768, -1.0316284477875768, -1.0316284477875768, -1.0316284477875768, -1.0316284477875768, -1.0316284477875768, -1.0316284477875768, -1.0316284477875768, -1.0316284477875768, -1.0316284477875768, -1.0316284477875768, -1.0316284477875768, -1.0316284479588602, -1.031628449566446, -1.0316284526837933, -1.0316284526837933, -1.0316284526837933, -1.0316284528699917, -1.0316284528699917, -1.0316284529321702, -1.0316284529321702, -1.0316284529321702, -1.0316284529321702, -1.0316284529321702, -1.0316284532686095, -1.0316284532686095, -1.0316284532686095, -1.0316284532686095, -1.0316284532686095, -1.031628453332761, -1.031628453332761, -1.0316284534117162, -1.0316284534210562, -1.0316284534210562, -1.031628453428938, -1.031628453428938, -1.0316284534628137, -1.0316284534628137, -1.0316284534628137, -1.0316284534628137, -1.0316284534835765, -1.0316284534835765, -1.0316284534885238, -1.0316284534885238, -1.0316284534885238, -1.0316284534885238, -1.0316284534885238, -1.0316284534889313, -1.0316284534889313, -1.0316284534889313, -1.031628453489694, -1.031628453489694, -1.031628453489694, -1.031628453489694, -1.0316284534898412, -1.0316284534898412, -1.0316284534898412, -1.0316284534898412, -1.0316284534898412, -1.0316284534898412, -1.0316284534898412, -1.0316284534898645, -1.0316284534898645, -1.0316284534898645, -1.0316284534898645, -1.0316284534898645, -1.0316284534898645]","{""cognitive_weight"": 1.5, ""inertia_weight"": 0.7, ""max_iterations"": 120, ""social_weight"": 1.5, ""swarm_size"": 40}"
six_hump_camel,Six-Hump Camel,65,2197,pso,PSO,2,"[-3.0, 3.0]","[0.089842, -0.712656]","[0.0898419881058361, -0.7126564300699596]",-1.0316284534898683,4.3023440276660017e-07,120,4840,"[-1.023497877222305, -1.023497877222305, -1.023497877222305, -1.023497877222305, -1.023497877222305, -1.023497877222305, -1.023497877222305, -1.0284839962502208, -1.0284839962502208, -1.0284839962502208, -1.0284839962502208, -1.0284839962502208, -1.0314202964364292, -1.0314202964364292, -1.0314202964364292, -1.0314202964364292, -1.0314202964364292, -1.0314202964364292, -1.0314202964364292, -1.0314202964364292, -1.0316282619033124, -1.0316282619033124, -1.0316282619033124, -1.0316282619033124, -1.0316282619033124, -1.0316282619033124, -1.0316282619033124, -1.0316282619033124, -1.0316282619033124, -1.0316282619033124, -1.0316282619033124, -1.0316282619033124, -1.0316282619033124, -1.0316282619033124, -1.0316282619033124, -1.0316282619033124, -1.0316282619033124, -1.0316282619033124, -1.0316282619033124, -1.0316282619033124, -1.0316284207108304, -1.0316284207108304, -1.0316284207108304, -1.0316284207108304, -1.0316284207108304, -1.0316284207108304, -1.0316284207108304, -1.0316284207108304, -1.0316284207108304, -1.0316284207108304, -1.0316284207108304, -1.0316284207108304, -1.0316284207108304, -1.0316284207108304, -1.0316284453743585, -1.0316284453743585, -1.0316284453743585, -1.0316284475102644, -1.0316284475102644, -1.0316284475102644, -1.0316284475102644, -1.0316284475102644, -1.031628452236105, -1.031628452236105, -1.0316284526288602, -1.0316284526288602, -1.0316284526288602, -1.0316284526288602, -1.0316284526288602, -1.0316284526288602, -1.0316284526288602, -1.0316284526288602, -1.0316284527185493, -1.0316284527185493, -1.0316284527185493, -1.0316284527185493, -1.031628453425384, -1.031628453425384, -1.031628453425384, -1.031628453425384, -1.031628453425384, -1.031628453425384, -1.0316284534518565, -1.0316284534853475, -1.0316284534853475, -1.0316284534853475, -1.0316284534853475, -1.0316284534853475, -1.0316284534853475, -1.0316284534853475, -1.0316284534853475, -1.0316284534853475, -1.0316284534853475, -1.0316284534871774, -1.0316284534871774, -1.0316284534871774, -1.0316284534871774, -1.0316284534877673, -1.0316284534877673, -1.0316284534877673, -1.0316284534877673, -1.0316284534888565, -1.031628453489072, -1.0316284534891191, -1.0316284534892661, -1.0316284534892661, -1.0316284534898235, -1.0316284534898235, -1.0316284534898235, -1.0316284534898235, -1.0316284534898235, -1.0316284534898235, -1.0316284534898235, -1.0316284534898235, -1.031628453489841, -1.031628453489841, -1.031628453489841, -1.031628453489841, -1.031628453489841, -1.031628453489841, -1.0316284534898683]","{""cognitive_weight"": 1.5, ""inertia_weight"": 0.7, ""max_iterations"": 120, ""social_weight"": 1.5, ""swarm_size"": 40}"
six_hump_camel,Six-Hump Camel,66,2198,pso,PSO,2,"[-3.0, 3.0]","[0.089842, -0.712656]","[0.08984201782137682, -0.7126564105990999]",-1.031628453489877,4.1098567170323563e-07,120,4840,"[-0.6924227393727151, -0.6924227393727151, -0.8807136432441172, -0.8807136432441172, -0.8807136432441172, -0.963347551163469, -1.0246990946616663, -1.0246990946616663, -1.0246990946616663, -1.0246990946616663, -1.0246990946616663, -1.0246990946616663, -1.0246990946616663, -1.0246990946616663, -1.0246990946616663, -1.0282900609766852, -1.0282900609766852, -1.0282900609766852, -1.0282900609766852, -1.0314126786726332, -1.0314126786726332, -1.0314126786726332, -1.0314126786726332, -1.0314126786726332, -1.0314126786726332, -1.0314126786726332, -1.0314126786726332, -1.0314126786726332, -1.0314126786726332, -1.0314925449640786, -1.0315521095398954, -1.0315521095398954, -1.0315664842011105, -1.0315664842011105, -1.0315664842011105, -1.0315664842011105, -1.0315664842011105, -1.0315664842011105, -1.0315664842011105, -1.0315664842011105, -1.0315664842011105, -1.0315664842011105, -1.0316184351500963, -1.0316184351500963, -1.0316184351500963, -1.0316258103228109, -1.0316258103228109, -1.0316259631941516, -1.0316259631941516, -1.031627452099152, -1.031627452099152, -1.031627452099152, -1.031627452099152, -1.0316280747136135, -1.0316282429275496, -1.0316284216400005, -1.0316284216400005, -1.0316284216400005, -1.0316284216400005, -1.0316284216400005, -1.0316284216400005, -1.0316284216400005, -1.0316284216400005, -1.0316284364255246, -1.0316284493617198, -1.0316284493617198, -1.0316284493617198, -1.0316284493617198, -1.031628451275792, -1.031628451275792, -1.0316284527831039, -1.0316284527831039, -1.0316284527831039, -1.0316284534313989, -1.0316284534313989, -1.0316284534313989, -1.0316284534313989, -1.0316284534313989, -1.0316284534313989, -1.0316284534313989, -1.0316284534313989, -1.0316284534313989, -1.031628453479235, -1.031628453479235, -1.031628453479235, -1.031628453479235, -1.031628453479235, -1.0316284534833808, -1.0316284534833808, -1.0316284534833808, -1.0316284534833808, -1.0316284534862765, -1.031628453489835, -1.031628453489835, -1.031628453489835, -1.031628453489835, -1.031628453489835, -1.031628453489835, -1.031628453489835, -1.031628453489835, -1.031628453489835, -1.031628453489835, -1.031628453489835, -1.031628453489835, -1.031628453489835, -1.031628453489835, -1.0316284534898357, -1.0316284534898357, -1.03162845348984, -1.03162845348984, -1.0316284534898452, -1.0316284534898503, -1.0316284534898503, -1.0316284534898503, -1.0316284534898503, -1.0316284534898503, -1.0316284534898503, -1.0316284534898503, -1.0316284534898628, -1.0316284534898656, -1.031628453489877]","{""cognitive_weight"": 1.5, ""inertia_weight"": 0.7, ""max_iterations"": 120, ""social_weight"": 1.5, ""swarm_size"": 40}"
six_hump_camel,Six-Hump Camel,67,2199,pso,PSO,2,"[-3.0, 3.0]","[0.089842, -0.712656]","[0.08984207523424387, -0.7126564107066139]",-1.0316284534898623,4.175405539392024e-07,120,4840,"[-0.5726953144848135, -0.5726953144848135, -0.9805942721583033, -0.9805942721583033, -0.9805942721583033, -1.012036965299036, -1.012036965299036, -1.012036965299036, -1.012036965299036, -1.012036965299036, -1.012036965299036, -1.0144118771024755, -1.0200981557326416, -1.0200981557326416, -1.0200981557326416, -1.0296100467914504, -1.0296100467914504, -1.0296100467914504, -1.0296100467914504, -1.0296100467914504, -1.030788193765987, -1.030788193765987, -1.030788193765987, -1.030788193765987, -1.030788193765987, -1.030788193765987, -1.031457829997956, -1.031457829997956, -1.031457829997956, -1.031457829997956, -1.031457829997956, -1.031457829997956, -1.031457829997956, -1.031478863486239, -1.031478863486239, -1.0314971669991162, -1.0316183288678449, -1.0316183288678449, -1.0316183288678449, -1.0316217728327919, -1.0316217728327919, -1.0316221717103091, -1.0316221717103091, -1.0316221717103091, -1.0316221717103091, -1.0316266486704795, -1.0316266486704795, -1.0316266486704795, -1.0316266486704795, -1.0316266486704795, -1.0316266486704795, -1.0316281636720885, -1.0316281636720885, -1.0316283844788896, -1.0316283844788896, -1.0316283844788896, -1.0316283844788896, -1.0316283844788896, -1.0316283844788896, -1.0316283844788896, -1.0316283844788896, -1.0316283844788896, -1.0316283844788896, -1.0316283844788896, -1.0316283844788896, -1.031628420881181, -1.0316284495817762, -1.0316284495817762, -1.0316284519644818, -1.0316284524881714, -1.0316284524881714, -1.0316284524881714, -1.0316284524881714, -1.0316284531928015, -1.0316284531928015, -1.0316284531928015, -1.031628453464664, -1.031628453464664, -1.031628453464664, -1.031628453464664, -1.031628453464664, -1.031628453464664, -1.031628453464664, -1.031628453464664, -1.031628453464664, -1.031628453464664, -1.0316284534860967, -1.0316284534860967, -1.0316284534860967, -1.0316284534892854, -1.0316284534892854, -1.0316284534892854, -1.0316284534892854, -1.0316284534892854, -1.0316284534892854, -1.0316284534892854, -1.0316284534892854, -1.0316284534892854, -1.0316284534898177, -1.0316284534898177, -1.0316284534898177, -1.0316284534898177, -1.0316284534898177, -1.031628453489856, -1.031628453489856, -1.031628453489856, -1.031628453489856, -1.031628453489856, -1.031628453489856, -1.031628453489856, -1.0316284534898623, -1.0316284534898623, -1.0316284534898623, -1.0316284534898623, -1.0316284534898623, -1.0316284534898623, -1.0316284534898623, -1.0316284534898623, -1.0316284534898623, -1.0316284534898623, -1.0316284534898623]","{""cognitive_weight"": 1.5, ""inertia_weight"": 0.7, ""max_iterations"": 120, ""social_weight"": 1.5, ""swarm_size"": 40}"
six_hump_camel,Six-Hump Camel,68,2200,pso,PSO,2,"[-3.0, 3.0]","[0.089842, -0.712656]","[-0.08984210849513678, 0.712656409405914]",-1.0316284534898421,1.436593833779118,120,4840,"[-0.6056689364147814, -0.6056689364147814, -1.0013973282921806, -1.0013973282921806, -1.0013973282921806, -1.0013973282921806, -1.0013973282921806, -1.0013973282921806, -1.0013973282921806, -1.0013973282921806, -1.0013973282921806, -1.0013973282921806, -1.0013973282921806, -1.0252980414681878, -1.0252980414681878, -1.0252980414681878, -1.0252980414681878, -1.0284606524178193, -1.0284606524178193, -1.029438182217967, -1.029438182217967, -1.0304567089922525, -1.0304567089922525, -1.0304567089922525, -1.0304567089922525, -1.0304567089922525, -1.0310099884799726, -1.0310099884799726, -1.0313641804981815, -1.0313641804981815, -1.0313641804981815, -1.0314098133499299, -1.0314098133499299, -1.031557133908439, -1.031557133908439, -1.0316043280050913, -1.031605029478524, -1.0316228054818237, -1.0316228054818237, -1.0316228054818237, -1.0316228054818237, -1.031624281583395, -1.03162544747501, -1.03162544747501, -1.03162544747501, -1.0316266315528835, -1.0316266315528835, -1.0316266315528835, -1.0316266315528835, -1.03162784954777, -1.0316279011424905, -1.0316279011424905, -1.0316279011424905, -1.0316279011424905, -1.0316279011424905, -1.0316279517399454, -1.0316284271851617, -1.0316284271851617, -1.0316284271851617, -1.0316284271851617, -1.0316284271851617, -1.0316284271851617, -1.0316284422490816, -1.0316284441213663, -1.0316284441213663, -1.0316284467550412, -1.031628447237148, -1.031628447237148, -1.031628447237148, -1.031628447237148, -1.031628447237148, -1.0316284484121516, -1.0316284484121516, -1.0316284521829087, -1.0316284527527566, -1.0316284527527566, -1.0316284529054722, -1.0316284529054722, -1.031628452906707, -1.0316284529936592, -1.0316284529936592, -1.0316284529936592, -1.0316284529936592, -1.0316284530108, -1.0316284532792268, -1.0316284532792268, -1.031628453456101, -1.031628453456101, -1.0316284534633722, -1.031628453466049, -1.031628453466049, -1.031628453466049, -1.031628453466049, -1.031628453466049, -1.031628453466049, -1.031628453484849, -1.031628453484849, -1.031628453484849, -1.031628453484849, -1.031628453484849, -1.031628453484849, -1.031628453484849, -1.0316284534878124, -1.0316284534878124, -1.0316284534896465, -1.0316284534896465, -1.0316284534896465, -1.0316284534896465, -1.031628453489725, -1.031628453489725, -1.0316284534897708, -1.0316284534897708, -1.0316284534897708, -1.0316284534897708, -1.0316284534897708, -1.031628453489817, -1.031628453489817, -1.031628453489817, -1.031628453489817, -1.031628453489817, -1.0316284534898421]","{""cognitive_weight"": 1.5, ""inertia_weight"": 0.7, ""max_iterations"": 120, ""social_weight"": 1.5, ""swarm_size"": 40}"
six_hump_camel,Six-Hump Camel,69,2201,pso,PSO,2,"[-3.0, 3.0]","[0.089842, -0.712656]","[0.0898420270788101, -0.712656403294164]",-1.0316284534898765,4.0420223245854396e-07,120,4840,"[-0.5145263498092224, -0.9693461771839854, -0.9693461771839854, -0.9693461771839854, -0.9693461771839854, -0.9693461771839854, -0.995737618263512, -0.995737618263512, -0.995737618263512, -0.995737618263512, -1.0246147409157251, -1.0246147409157251, -1.0246147409157251, -1.0246147409157251, -1.0246147409157251, -1.0266810263629784, -1.0273619067799302, -1.0273619067799302, -1.030086524786709, -1.030086524786709, -1.0303202368318585, -1.0304593206655681, -1.031029316365815, -1.031029316365815, -1.0310540859660144, -1.0315277983484936, -1.0315277983484936, -1.031582540851642, -1.031582540851642, -1.031586118502922, -1.0316282052206707, -1.0316282052206707, -1.0316282052206707, -1.0316282052206707, -1.0316282052206707, -1.0316282052206707, -1.0316282052206707, -1.0316283648824747, -1.0316283648824747, -1.0316283699295705, -1.0316283699295705, -1.0316283699295705, -1.0316283699295705, -1.0316283699295705, -1.0316283699295705, -1.0316283699295705, -1.0316283699295705, -1.0316283699295705, -1.0316283699295705, -1.031628375710196, -1.0316283799319688, -1.0316283799319688, -1.0316283799319688, -1.031628384532946, -1.0316283865750844, -1.0316283865750844, -1.0316283865750844, -1.0316283865750844, -1.0316284405013216, -1.031628442552565, -1.031628442552565, -1.0316284429003753, -1.0316284529457151, -1.0316284529457151, -1.0316284529457151, -1.0316284529457151, -1.0316284529457151, -1.0316284530596596, -1.0316284530596596, -1.0316284530596596, -1.0316284530596596, -1.0316284533278972, -1.0316284533278972, -1.0316284533278972, -1.0316284534545703, -1.0316284534545703, -1.0316284534620797, -1.0316284534620797, -1.0316284534620797, -1.0316284534687787, -1.0316284534687787, -1.0316284534688742, -1.0316284534688742, -1.0316284534688742, -1.0316284534688742, -1.0316284534688742, -1.0316284534688742, -1.0316284534688742, -1.0316284534697813, -1.0316284534697813, -1.0316284534697813, -1.0316284534698128, -1.0316284534698128, -1.0316284534698128, -1.0316284534821414, -1.0316284534845848, -1.0316284534845848, -1.031628453485956, -1.031628453488678, -1.031628453488678, -1.031628453488678, -1.0316284534895297, -1.0316284534895297, -1.0316284534895297, -1.0316284534895297, -1.0316284534895297, -1.0316284534897877, -1.0316284534897877, -1.0316284534897877, -1.0316284534897908, -1.0316284534897908, -1.031628453489857, -1.0316284534898577, -1.0316284534898676, -1.0316284534898676, -1.0316284534898676, -1.0316284534898765, -1.0316284534898765, -1.0316284534898765, -1.0316284534898765, -1.0316284534898765]","{""cognitive_weight"": 1.5, ""inertia_weight"": 0.7, ""max_iterations"": 120, ""social_weight"": 1.5, ""swarm_size"": 40}"
six_hump_camel,Six-Hump Camel,70,2193,pso,PSO,2,"[-3.0, 3.0]","[0.089842, -0.712656]","[0.0898420143008066, -0.7126565078654624]",-1.0316284534897875,5.080667682809003e-07,120,4840,"[0.08995038224930252, 0.08995038224930252, -0.6579998868186452, -0.7879933684240663, -0.948512815156638, -0.948512815156638, -0.948512815156638, -0.9962825278216881, -1.024477788991165, -1.024477788991165, -1.0249694859412635, -1.0249694859412635, -1.0249694859412635, -1.0249694859412635, -1.0249694859412635, -1.0249694859412635, -1.0249694859412635, -1.0287459439844358, -1.0287459439844358, -1.0304990616804366, -1.0304990616804366, -1.0304990616804366, -1.0304990616804366, -1.0304990616804366, -1.030628031698818, -1.030628031698818, -1.030628031698818, -1.0309731585988973, -1.0309731585988973, -1.0309731585988973, -1.0309731585988973, -1.0310137907752925, -1.0315976708438097, -1.0315976708438097, -1.0315988065819952, -1.0315988065819952, -1.0315997518417808, -1.031614262984743, -1.031614262984743, -1.031614262984743, -1.031614262984743, -1.0316252531128485, -1.0316252531128485, -1.0316252531128485, -1.0316252531128485, -1.0316252531128485, -1.0316252531128485, -1.0316252531128485, -1.0316282495264626, -1.0316282495264626, -1.0316282495264626, -1.0316282495264626, -1.0316282495264626, -1.0316282495264626, -1.0316282495264626, -1.0316282495264626, -1.0316282495264626, -1.0316282495264626, -1.0316282495264626, -1.0316282802497196, -1.0316282802497196, -1.0316284511385754, -1.0316284511385754, -1.0316284511385754, -1.0316284511385754, -1.0316284511385754, -1.0316284511385754, -1.0316284511385754, -1.031628452638666, -1.031628452638666, -1.031628452638666, -1.031628452638666, -1.031628452638666, -1.031628452638666, -1.031628452638666, -1.031628452638666, -1.031628452638666, -1.031628452638666, -1.0316284531199855, -1.0316284531199855, -1.0316284531199855, -1.0316284531199855, -1.0316284531199855, -1.0316284532623912, -1.0316284534482092, -1.0316284534482092, -1.0316284534482092, -1.0316284534482092, -1.0316284534482092, -1.0316284534482092, -1.0316284534482092, -1.0316284534482092, -1.0316284534482092, -1.0316284534482092, -1.0316284534482092, -1.0316284534616018, -1.0316284534830389, -1.0316284534830389, -1.0316284534830389, -1.0316284534830389, -1.031628453484515, -1.0316284534857367, -1.0316284534857367, -1.0316284534857367, -1.0316284534884321, -1.0316284534884321, -1.0316284534890912, -1.0316284534890912, -1.0316284534890912, -1.0316284534890912, -1.0316284534890912, -1.031628453489484, -1.031628453489484, -1.031628453489484, -1.031628453489484, -1.031628453489484, -1.0316284534897875, -1.0316284534897875, -1.0316284534897875, -1.0316284534897875, -1.0316284534897875]","{""cognitive_weight"": 1.5, ""inertia_weight"": 0.7, ""max_iterations"": 120, ""social_weight"": 1.5, ""swarm_size"": 40}"
six_hump_camel,Six-Hump Camel,71,2194,pso,PSO,2,"[-3.0, 3.0]","[0.089842, -0.712656]","[-0.08984200686192564, 0.712656455247888]",-1.0316284534898545,1.4365938665491786,120,4840,"[-0.7961344218907813, -0.7961344218907813, -0.7961344218907813, -0.7961344218907813, -0.9125821158192068, -0.9489066745536111, -0.9489066745536111, -1.0056513222317176, -1.0056513222317176, -1.0056513222317176, -1.0056513222317176, -1.0210913483390525, -1.0210913483390525, -1.0289949263981328, -1.0289949263981328, -1.0289949263981328, -1.0289949263981328, -1.0289949263981328, -1.0304338373170159, -1.0304338373170159, -1.0304338373170159, -1.0304338373170159, -1.0310451355601138, -1.0310451355601138, -1.0315949724910456, -1.0315949724910456, -1.0315949724910456, -1.0315949724910456, -1.0315949724910456, -1.0315949724910456, -1.0315949724910456, -1.0315949724910456, -1.0316038158334715, -1.0316038158334715, -1.0316038158334715, -1.0316038158334715, -1.0316067027489142, -1.0316067027489142, -1.0316244663866359, -1.0316268445406584, -1.0316268445406584, -1.0316268445406584, -1.0316268613317552, -1.0316268613317552, -1.03162755000463, -1.03162755000463, -1.031628004209895, -1.031628004209895, -1.031628004209895, -1.031628004209895, -1.031628004209895, -1.031628337906258, -1.031628337906258, -1.031628337906258, -1.0316284475941935, -1.0316284475941935, -1.0316284511618599, -1.0316284511618599, -1.0316284527531963, -1.0316284527531963, -1.0316284527531963, -1.0316284527531963, -1.0316284527531963, -1.0316284527531963, -1.0316284527531963, -1.0316284527531963, -1.0316284527531963, -1.0316284527531963, -1.0316284527531963, -1.031628453273389, -1.031628453273389, -1.031628453273389, -1.031628453273389, -1.031628453273389, -1.031628453273389, -1.031628453273389, -1.031628453273389, -1.0316284534603355, -1.0316284534603355, -1.0316284534603355, -1.0316284534603355, -1.0316284534603355, -1.0316284534603355, -1.0316284534818825, -1.0316284534818825, -1.0316284534877538, -1.0316284534877538, -1.0316284534877538, -1.0316284534877538, -1.0316284534877538, -1.0316284534877538, -1.0316284534877538, -1.031628453487908, -1.0316284534880933, -1.0316284534880933, -1.0316284534880933, -1.0316284534881193, -1.0316284534881193, -1.0316284534881193, -1.0316284534881193, -1.0316284534881193, -1.031628453488156, -1.031628453488156, -1.0316284534881746, -1.0316284534881996, -1.0316284534882147, -1.031628453488224, -1.03162845348823, -1.0316284534882338, -1.0316284534882365, -1.031628453488238, -1.0316284534882394, -1.03162845348824, -1.0316284534882407, -1.0316284534887938, -1.0316284534898421, -1.0316284534898421, -1.0316284534898517, -1.0316284534898517, -1.0316284534898545, -1.0316284534898545]","{""cognitive_weight"": 1.5, ""inertia_weight"": 0.7, ""max_iterations"": 120, ""social_weight"": 1.5, ""swarm_size"": 40}"
six_hump_camel,Six-Hump Camel,72,2195,pso,PSO,2,"[-3.0, 3.0]","[0.089842, -0.712656]","[-0.08984200422285149, 0.7126564404182685]",-1.0316284534898652,1.4365938515059284,120,4840,"[0.08107410320354969, 0.06342616111601677, -0.39024417843588366, -0.8205991037365443, -0.8205991037365443, -0.9622711580835865, -0.9622711580835865, -0.9622711580835865, -0.9622711580835865, -0.9622711580835865, -0.9680950207178218, -1.0082192943087163, -1.0082192943087163, -1.0082192943087163, -1.0158497499735442, -1.0214810541423505, -1.0214810541423505, -1.024522504141536, -1.024522504141536, -1.0311173269074143, -1.0311173269074143, -1.0311173269074143, -1.0311173269074143, -1.0311173269074143, -1.0311173269074143, -1.0311173269074143, -1.0311173269074143, -1.0313591497261563, -1.0313591497261563, -1.0315208145099242, -1.0315208145099242, -1.0315208145099242, -1.0315412407436082, -1.0315509785966968, -1.0315509785966968, -1.031627541794328, -1.031627541794328, -1.031627541794328, -1.031627541794328, -1.031627541794328, -1.031627541794328, -1.031627541794328, -1.031627541794328, -1.031628410608885, -1.031628410608885, -1.031628410608885, -1.031628410608885, -1.031628410608885, -1.031628410608885, -1.031628410608885, -1.031628410608885, -1.031628410608885, -1.031628448329772, -1.031628448329772, -1.031628448329772, -1.031628448329772, -1.031628448329772, -1.031628448329772, -1.031628448329772, -1.031628448329772, -1.031628448329772, -1.031628448329772, -1.031628448329772, -1.031628448329772, -1.031628448329772, -1.031628448329772, -1.031628452733138, -1.0316284534513873, -1.0316284534513873, -1.0316284534513873, -1.0316284534513873, -1.0316284534513873, -1.0316284534513873, -1.0316284534513873, -1.0316284534513873, -1.0316284534513873, -1.0316284534513873, -1.0316284534513873, -1.0316284534665443, -1.0316284534665443, -1.0316284534665443, -1.0316284534665443, -1.0316284534665443, -1.0316284534665443, -1.0316284534665443, -1.0316284534665443, -1.0316284534665443, -1.0316284534846367, -1.0316284534846367, -1.0316284534846367, -1.0316284534872395, -1.0316284534872395, -1.0316284534897608, -1.0316284534897608, -1.0316284534897608, -1.0316284534897608, -1.0316284534897608, -1.0316284534897608, -1.0316284534897608, -1.0316284534897608, -1.0316284534897608, -1.0316284534897608, -1.0316284534897608, -1.0316284534897608, -1.0316284534897608, -1.0316284534897608, -1.0316284534897608, -1.0316284534898479, -1.0316284534898479, -1.0316284534898479, -1.0316284534898479, -1.0316284534898479, -1.0316284534898479, -1.0316284534898479, -1.0316284534898479, -1.0316284534898652, -1.0316284534898652, -1.0316284534898652, -1.0316284534898652, -1.0316284534898652, -1.0316284534898652]","{""cognitive_weight"": 1.5, ""inertia_weight"": 0.7, ""max_iterations"": 120, ""social_weight"": 1.5, ""swarm_size"": 40}"
six_hump_camel,Six-Hump Camel,73,2196,pso,PSO,2,"[-3.0, 3.0]","[0.089842, -0.712656]","[-0.08984198296881872, 0.7126564349160034]",-1.0316284534898645,1.4365938433884942,120,4840,"[0.8699414762277742, 0.19674121504145858, -0.18468573438525895, -0.3594675989618349, -0.6637463737138334, -0.6637463737138334, -0.8137356430151255, -1.0059804720999177, -1.0059804720999177, -1.0059804720999177, -1.0059804720999177, -1.0059804720999177, -1.0244030459557691, -1.0244030459557691, -1.0244030459557691, -1.0244030459557691, -1.0244030459557691, -1.0251219785199963, -1.0258763414872873, -1.0291090621960661, -1.029668126923616, -1.029668126923616, -1.029668126923616, -1.029668126923616, -1.0310642439225757, -1.0310642439225757, -1.0310642439225757, -1.0310642439225757, -1.0310642439225757, -1.031358099208342, -1.0315794755847705, -1.0316280573361407, -1.0316280573361407, -1.0316280573361407, -1.0316280573361407, -1.0316280573361407, -1.0316280573361407, -1.0316284187945626, -1.0316284187945626, -1.0316284187945626, -1.0316284187945626, -1.0316284187945626, -1.0316284477875768, -1.0316284477875768, -1.0316284477875768, -1.0316284477875768, -1.0316284477875768, -1.0316284477875768, -1.0316284477875768, -1.0316284477875768, -1.0316284477875768, -1.0316284477875768, -1.0316284477875768, -1.0316284477875768, -1.0316284477875768, -1.0316284477875768, -1.0316284477875768, -1.0316284477875768, -1.0316284477875768, -1.0316284477875768, -1.0316284477875768, -1.0316284477875768, -1.0316284477875768, -1.0316284477875768, -1.0316284477875768, -1.0316284477875768, -1.0316284479588602, -1.031628449566446, -1.0316284526837933, -1.0316284526837933, -1.0316284526837933, -1.0316284528699917, -1.0316284528699917, -1.0316284529321702, -1.0316284529321702, -1.0316284529321702, -1.0316284529321702, -1.0316284529321702, -1.0316284532686095, -1.0316284532686095, -1.0316284532686095, -1.0316284532686095, -1.0316284532686095, -1.031628453332761, -1.031628453332761, -1.0316284534117162, -1.0316284534210562, -1.0316284534210562, -1.031628453428938, -1.031628453428938, -1.0316284534628137, -1.0316284534628137, -1.0316284534628137, -1.0316284534628137, -1.0316284534835765, -1.0316284534835765, -1.0316284534885238, -1.0316284534885238, -1.0316284534885238, -1.0316284534885238, -1.0316284534885238, -1.0316284534889313, -1.0316284534889313, -1.0316284534889313, -1.031628453489694, -1.031628453489694, -1.031628453489694, -1.031628453489694, -1.0316284534898412, -1.0316284534898412, -1.0316284534898412, -1.0316284534898412, -1.0316284534898412, -1.0316284534898412, -1.0316284534898412, -1.0316284534898645, -1.0316284534898645, -1.0316284534898645, -1.0316284534898645, -1.0316284534898645, -1.0316284534898645]","{""cognitive_weight"": 1.5, ""inertia_weight"": 0.7, ""max_iterations"": 120, ""social_weight"": 1.5, ""swarm_size"": 40}"
six_hump_camel,Six-Hump Camel,74,2197,pso,PSO,2,"[-3.0, 3.0]","[0.089842, -0.712656]","[0.0898419881058361, -0.7126564300699596]",-1.0316284534898683,4.3023440276660017e-07,120,4840,"[-1.023497877222305, -1.023497877222305, -1.023497877222305, -1.023497877222305, -1.023497877222305, -1.023497877222305, -1.023497877222305, -1.0284839962502208, -1.0284839962502208, -1.0284839962502208, -1.0284839962502208, -1.0284839962502208, -1.0314202964364292, -1.0314202964364292, -1.0314202964364292, -1.0314202964364292, -1.0314202964364292, -1.0314202964364292, -1.0314202964364292, -1.0314202964364292, -1.0316282619033124, -1.0316282619033124, -1.0316282619033124, -1.0316282619033124, -1.0316282619033124, -1.0316282619033124, -1.0316282619033124, -1.0316282619033124, -1.0316282619033124, -1.0316282619033124, -1.0316282619033124, -1.0316282619033124, -1.0316282619033124, -1.0316282619033124, -1.0316282619033124, -1.0316282619033124, -1.0316282619033124, -1.0316282619033124, -1.0316282619033124, -1.0316282619033124, -1.0316284207108304, -1.0316284207108304, -1.0316284207108304, -1.0316284207108304, -1.0316284207108304, -1.0316284207108304, -1.0316284207108304, -1.0316284207108304, -1.0316284207108304, -1.0316284207108304, -1.0316284207108304, -1.0316284207108304, -1.0316284207108304, -1.0316284207108304, -1.0316284453743585, -1.0316284453743585, -1.0316284453743585, -1.0316284475102644, -1.0316284475102644, -1.0316284475102644, -1.0316284475102644, -1.0316284475102644, -1.031628452236105, -1.031628452236105, -1.0316284526288602, -1.0316284526288602, -1.0316284526288602, -1.0316284526288602, -1.0316284526288602, -1.0316284526288602, -1.0316284526288602, -1.0316284526288602, -1.0316284527185493, -1.0316284527185493, -1.0316284527185493, -1.0316284527185493, -1.031628453425384, -1.031628453425384, -1.031628453425384, -1.031628453425384, -1.031628453425384, -1.031628453425384, -1.0316284534518565, -1.0316284534853475, -1.0316284534853475, -1.0316284534853475, -1.0316284534853475, -1.0316284534853475, -1.0316284534853475, -1.0316284534853475, -1.0316284534853475, -1.0316284534853475, -1.0316284534853475, -1.0316284534871774, -1.0316284534871774, -1.0316284534871774, -1.0316284534871774, -1.0316284534877673, -1.0316284534877673, -1.0316284534877673, -1.0316284534877673, -1.0316284534888565, -1.031628453489072, -1.0316284534891191, -1.0316284534892661, -1.0316284534892661, -1.0316284534898235, -1.0316284534898235, -1.0316284534898235, -1.0316284534898235, -1.0316284534898235, -1.0316284534898235, -1.0316284534898235, -1.0316284534898235, -1.031628453489841, -1.031628453489841, -1.031628453489841, -1.031628453489841, -1.031628453489841, -1.031628453489841, -1.0316284534898683]","{""cognitive_weight"": 1.5, ""inertia_weight"": 0.7, ""max_iterations"": 120, ""social_weight"": 1.5, ""swarm_size"": 40}"
six_hump_camel,Six-Hump Camel,75,2198,pso,PSO,2,"[-3.0, 3.0]","[0.089842, -0.712656]","[0.08984201782137682, -0.7126564105990999]",-1.031628453489877,4.1098567170323563e-07,120,4840,"[-0.6924227393727151, -0.6924227393727151, -0.8807136432441172, -0.8807136432441172, -0.8807136432441172, -0.963347551163469, -1.0246990946616663, -1.0246990946616663, -1.0246990946616663, -1.0246990946616663, -1.0246990946616663, -1.0246990946616663, -1.0246990946616663, -1.0246990946616663, -1.0246990946616663, -1.0282900609766852, -1.0282900609766852, -1.0282900609766852, -1.0282900609766852, -1.0314126786726332, -1.0314126786726332, -1.0314126786726332, -1.0314126786726332, -1.0314126786726332, -1.0314126786726332, -1.0314126786726332, -1.0314126786726332, -1.0314126786726332, -1.0314126786726332, -1.0314925449640786, -1.0315521095398954, -1.0315521095398954, -1.0315664842011105, -1.0315664842011105, -1.0315664842011105, -1.0315664842011105, -1.0315664842011105, -1.0315664842011105, -1.0315664842011105, -1.0315664842011105, -1.0315664842011105, -1.0315664842011105, -1.0316184351500963, -1.0316184351500963, -1.0316184351500963, -1.0316258103228109, -1.0316258103228109, -1.0316259631941516, -1.0316259631941516, -1.031627452099152, -1.031627452099152, -1.031627452099152, -1.031627452099152, -1.0316280747136135, -1.0316282429275496, -1.0316284216400005, -1.0316284216400005, -1.0316284216400005, -1.0316284216400005, -1.0316284216400005, -1.0316284216400005, -1.0316284216400005, -1.0316284216400005, -1.0316284364255246, -1.0316284493617198, -1.0316284493617198, -1.0316284493617198, -1.0316284493617198, -1.031628451275792, -1.031628451275792, -1.0316284527831039, -1.0316284527831039, -1.0316284527831039, -1.0316284534313989, -1.0316284534313989, -1.0316284534313989, -1.0316284534313989, -1.0316284534313989, -1.0316284534313989, -1.0316284534313989, -1.0316284534313989, -1.0316284534313989, -1.031628453479235, -1.031628453479235, -1.031628453479235, -1.031628453479235, -1.031628453479235, -1.0316284534833808, -1.0316284534833808, -1.0316284534833808, -1.0316284534833808, -1.0316284534862765, -1.031628453489835, -1.031628453489835, -1.031628453489835, -1.031628453489835, -1.031628453489835, -1.031628453489835, -1.031628453489835, -1.031628453489835, -1.031628453489835, -1.031628453489835, -1.031628453489835, -1.031628453489835, -1.031628453489835, -1.031628453489835, -1.0316284534898357, -1.0316284534898357, -1.03162845348984, -1.03162845348984, -1.0316284534898452, -1.0316284534898503, -1.0316284534898503, -1.0316284534898503, -1.0316284534898503, -1.0316284534898503, -1.0316284534898503, -1.0316284534898503, -1.0316284534898628, -1.0316284534898656, -1.031628453489877]","{""cognitive_weight"": 1.5, ""inertia_weight"": 0.7, ""max_iterations"": 120, ""social_weight"": 1.5, ""swarm_size"": 40}"
six_hump_camel,Six-Hump Camel,76,2199,pso,PSO,2,"[-3.0, 3.0]","[0.089842, -0.712656]","[0.08984207523424387, -0.7126564107066139]",-1.0316284534898623,4.175405539392024e-07,120,4840,"[-0.5726953144848135, -0.5726953144848135, -0.9805942721583033, -0.9805942721583033, -0.9805942721583033, -1.012036965299036, -1.012036965299036, -1.012036965299036, -1.012036965299036, -1.012036965299036, -1.012036965299036, -1.0144118771024755, -1.0200981557326416, -1.0200981557326416, -1.0200981557326416, -1.0296100467914504, -1.0296100467914504, -1.0296100467914504, -1.0296100467914504, -1.0296100467914504, -1.030788193765987, -1.030788193765987, -1.030788193765987, -1.030788193765987, -1.030788193765987, -1.030788193765987, -1.031457829997956, -1.031457829997956, -1.031457829997956, -1.031457829997956, -1.031457829997956, -1.031457829997956, -1.031457829997956, -1.031478863486239, -1.031478863486239, -1.0314971669991162, -1.0316183288678449, -1.0316183288678449, -1.0316183288678449, -1.0316217728327919, -1.0316217728327919, -1.0316221717103091, -1.0316221717103091, -1.0316221717103091, -1.0316221717103091, -1.0316266486704795, -1.0316266486704795, -1.0316266486704795, -1.0316266486704795, -1.0316266486704795, -1.0316266486704795, -1.0316281636720885, -1.0316281636720885, -1.0316283844788896, -1.0316283844788896, -1.0316283844788896, -1.0316283844788896, -1.0316283844788896, -1.0316283844788896, -1.0316283844788896, -1.0316283844788896, -1.0316283844788896, -1.0316283844788896, -1.0316283844788896, -1.0316283844788896, -1.031628420881181, -1.0316284495817762, -1.0316284495817762, -1.0316284519644818, -1.0316284524881714, -1.0316284524881714, -1.0316284524881714, -1.0316284524881714, -1.0316284531928015, -1.0316284531928015, -1.0316284531928015, -1.031628453464664, -1.031628453464664, -1.031628453464664, -1.031628453464664, -1.031628453464664, -1.031628453464664, -1.031628453464664, -1.031628453464664, -1.031628453464664, -1.031628453464664, -1.0316284534860967, -1.0316284534860967, -1.0316284534860967, -1.0316284534892854, -1.0316284534892854, -1.0316284534892854, -1.0316284534892854, -1.0316284534892854, -1.0316284534892854, -1.0316284534892854, -1.0316284534892854, -1.0316284534892854, -1.0316284534898177, -1.0316284534898177, -1.0316284534898177, -1.0316284534898177, -1.0316284534898177, -1.031628453489856, -1.031628453489856, -1.031628453489856, -1.031628453489856, -1.031628453489856, -1.031628453489856, -1.031628453489856, -1.0316284534898623, -1.0316284534898623, -1.0316284534898623, -1.0316284534898623, -1.0316284534898623, -1.0316284534898623, -1.0316284534898623, -1.0316284534898623, -1.0316284534898623, -1.0316284534898623, -1.0316284534898623]","{""cognitive_weight"": 1.5, ""inertia_weight"": 0.7, ""max_iterations"": 120, ""social_weight"": 1.5, ""swarm_size"": 40}"
six_hump_camel,Six-Hump Camel,77,2200,pso,PSO,2,"[-3.0, 3.0]","[0.089842, -0.712656]","[-0.08984210849513678, 0.712656409405914]",-1.0316284534898421,1.436593833779118,120,4840,"[-0.6056689364147814, -0.6056689364147814, -1.0013973282921806, -1.0013973282921806, -1.0013973282921806, -1.0013973282921806, -1.0013973282921806, -1.0013973282921806, -1.0013973282921806, -1.0013973282921806, -1.0013973282921806, -1.0013973282921806, -1.0013973282921806, -1.0252980414681878, -1.0252980414681878, -1.0252980414681878, -1.0252980414681878, -1.0284606524178193, -1.0284606524178193, -1.029438182217967, -1.029438182217967, -1.0304567089922525, -1.0304567089922525, -1.0304567089922525, -1.0304567089922525, -1.0304567089922525, -1.0310099884799726, -1.0310099884799726, -1.0313641804981815, -1.0313641804981815, -1.0313641804981815, -1.0314098133499299, -1.0314098133499299, -1.031557133908439, -1.031557133908439, -1.0316043280050913, -1.031605029478524, -1.0316228054818237, -1.0316228054818237, -1.0316228054818237, -1.0316228054818237, -1.031624281583395, -1.03162544747501, -1.03162544747501, -1.03162544747501, -1.0316266315528835, -1.0316266315528835, -1.0316266315528835, -1.0316266315528835, -1.03162784954777, -1.0316279011424905, -1.0316279011424905, -1.0316279011424905, -1.0316279011424905, -1.0316279011424905, -1.0316279517399454, -1.0316284271851617, -1.0316284271851617, -1.0316284271851617, -1.0316284271851617, -1.0316284271851617, -1.0316284271851617, -1.0316284422490816, -1.0316284441213663, -1.0316284441213663, -1.0316284467550412, -1.031628447237148, -1.031628447237148, -1.031628447237148, -1.031628447237148, -1.031628447237148, -1.0316284484121516, -1.0316284484121516, -1.0316284521829087, -1.0316284527527566, -1.0316284527527566, -1.0316284529054722, -1.0316284529054722, -1.031628452906707, -1.0316284529936592, -1.0316284529936592, -1.0316284529936592, -1.0316284529936592, -1.0316284530108, -1.0316284532792268, -1.0316284532792268, -1.031628453456101, -1.031628453456101, -1.0316284534633722, -1.031628453466049, -1.031628453466049, -1.031628453466049, -1.031628453466049, -1.031628453466049, -1.031628453466049, -1.031628453484849, -1.031628453484849, -1.031628453484849, -1.031628453484849, -1.031628453484849, -1.031628453484849, -1.031628453484849, -1.0316284534878124, -1.0316284534878124, -1.0316284534896465, -1.0316284534896465, -1.0316284534896465, -1.0316284534896465, -1.031628453489725, -1.031628453489725, -1.0316284534897708, -1.0316284534897708, -1.0316284534897708, -1.0316284534897708, -1.0316284534897708, -1.031628453489817, -1.031628453489817, -1.031628453489817, -1.031628453489817, -1.031628453489817, -1.0316284534898421]","{""cognitive_weight"": 1.5, ""inertia_weight"": 0.7, ""max_iterations"": 120, ""social_weight"": 1.5, ""swarm_size"": 40}"
six_hump_camel,Six-Hump Camel,78,2201,pso,PSO,2,"[-3.0, 3.0]","[0.089842, -0.712656]","[0.0898420270788101, -0.712656403294164]",-1.0316284534898765,4.0420223245854396e-07,120,4840,"[-0.5145263498092224, -0.9693461771839854, -0.9693461771839854, -0.9693461771839854, -0.9693461771839854, -0.9693461771839854, -0.995737618263512, -0.995737618263512, -0.995737618263512, -0.995737618263512, -1.0246147409157251, -1.0246147409157251, -1.0246147409157251, -1.0246147409157251, -1.0246147409157251, -1.0266810263629784, -1.0273619067799302, -1.0273619067799302, -1.030086524786709, -1.030086524786709, -1.0303202368318585, -1.0304593206655681, -1.031029316365815, -1.031029316365815, -1.0310540859660144, -1.0315277983484936, -1.0315277983484936, -1.031582540851642, -1.031582540851642, -1.031586118502922, -1.0316282052206707, -1.0316282052206707, -1.0316282052206707, -1.0316282052206707, -1.0316282052206707, -1.0316282052206707, -1.0316282052206707, -1.0316283648824747, -1.0316283648824747, -1.0316283699295705, -1.0316283699295705, -1.0316283699295705, -1.0316283699295705, -1.0316283699295705, -1.0316283699295705, -1.0316283699295705, -1.0316283699295705, -1.0316283699295705, -1.0316283699295705, -1.031628375710196, -1.0316283799319688, -1.0316283799319688, -1.0316283799319688, -1.031628384532946, -1.0316283865750844, -1.0316283865750844, -1.0316283865750844, -1.0316283865750844, -1.0316284405013216, -1.031628442552565, -1.031628442552565, -1.0316284429003753, -1.0316284529457151, -1.0316284529457151, -1.0316284529457151, -1.0316284529457151, -1.0316284529457151, -1.0316284530596596, -1.0316284530596596, -1.0316284530596596, -1.0316284530596596, -1.0316284533278972, -1.0316284533278972, -1.0316284533278972, -1.0316284534545703, -1.0316284534545703, -1.0316284534620797, -1.0316284534620797, -1.0316284534620797, -1.0316284534687787, -1.0316284534687787, -1.0316284534688742, -1.0316284534688742, -1.0316284534688742, -1.0316284534688742, -1.0316284534688742, -1.0316284534688742, -1.0316284534688742, -1.0316284534697813, -1.0316284534697813, -1.0316284534697813, -1.0316284534698128, -1.0316284534698128, -1.0316284534698128, -1.0316284534821414, -1.0316284534845848, -1.0316284534845848, -1.031628453485956, -1.031628453488678, -1.031628453488678, -1.031628453488678, -1.0316284534895297, -1.0316284534895297, -1.0316284534895297, -1.0316284534895297, -1.0316284534895297, -1.0316284534897877, -1.0316284534897877, -1.0316284534897877, -1.0316284534897908, -1.0316284534897908, -1.031628453489857, -1.0316284534898577, -1.0316284534898676, -1.0316284534898676, -1.0316284534898676, -1.0316284534898765, -1.0316284534898765, -1.0316284534898765, -1.0316284534898765, -1.0316284534898765]","{""cognitive_weight"": 1.5, ""inertia_weight"": 0.7, ""max_iterations"": 120, ""social_weight"": 1.5, ""swarm_size"": 40}"
six_hump_camel,Six-Hump Camel,79,2202,pso,PSO,2,"[-3.0, 3.0]","[0.089842, -0.712656]","[0.08984201507621808, -0.7126563983415984]",-1.0316284534898772,3.986267946771731e-07,120,4840,"[0.019278356494198887, -0.9623078354283472, -1.0234955950209546, -1.0234955950209546, -1.0234955950209546, -1.0234955950209546, -1.0234955950209546, -1.0241810995936538, -1.0241810995936538, -1.0241810995936538, -1.0241810995936538, -1.0241810995936538, -1.0241810995936538, -1.0241810995936538, -1.0241810995936538, -1.0241810995936538, -1.0258365948089625, -1.0258365948089625, -1.031067979822638, -1.031067979822638, -1.031067979822638, -1.031067979822638, -1.031067979822638, -1.031067979822638, -1.031067979822638, -1.031067979822638, -1.0312637099449318, -1.0315556301287612, -1.0315556301287612, -1.0315556301287612, -1.0315556301287612, -1.031585129294816, -1.031585129294816, -1.0315942169807037, -1.0315942169807037, -1.0315942169807037, -1.0315942169807037, -1.031607268200439, -1.031607268200439, -1.031607268200439, -1.031607268200439, -1.03160848791183, -1.0316088182307468, -1.0316088182307468, -1.0316127674586726, -1.0316252644264559, -1.0316252644264559, -1.0316258958903155, -1.0316265182988489, -1.0316265182988489, -1.0316265182988489, -1.031628334893388, -1.031628334893388, -1.031628334893388, -1.031628334893388, -1.031628334893388, -1.031628334893388, -1.031628334893388, -1.031628418134368, -1.031628450683879, -1.031628450683879, -1.031628450683879, -1.031628450683879, -1.031628450683879, -1.031628450683879, -1.031628450683879, -1.031628450683879, -1.0316284519795234, -1.0316284519795234, -1.0316284519795234, -1.0316284519795234, -1.0316284519795234, -1.0316284525782762, -1.0316284525782762, -1.0316284534857352, -1.0316284534857352, -1.0316284534857352, -1.0316284534857352, -1.0316284534857352, -1.0316284534857352, -1.0316284534857352, -1.0316284534857352, -1.0316284534857352, -1.0316284534857352, -1.0316284534857352, -1.0316284534879916, -1.0316284534879916, -1.0316284534879916, -1.0316284534879916, -1.0316284534879916, -1.0316284534884383, -1.0316284534884383, -1.0316284534896558, -1.0316284534896558, -1.0316284534896558, -1.0316284534896558, -1.0316284534896558, -1.0316284534896558, -1.0316284534896558, -1.0316284534896558, -1.0316284534896558, -1.0316284534896558, -1.0316284534896558, -1.0316284534896558, -1.0316284534896558, -1.0316284534896558, -1.0316284534897986, -1.0316284534897986, -1.0316284534898468, -1.0316284534898468, -1.0316284534898468, -1.0316284534898468, -1.0316284534898468, -1.0316284534898468, -1.0316284534898468, -1.0316284534898468, -1.0316284534898523, -1.0316284534898772, -1.0316284534898772, -1.0316284534898772, -1.0316284534898772]","{""cognitive_weight"": 1.5, ""inertia_weight"": 0.7, ""max_iterations"": 120, ""social_weight"": 1.5, ""swarm_size"": 40}"
six_hump_camel,Six-Hump Camel,80,2194,pso,PSO,2,"[-3.0, 3.0]","[0.089842, -0.712656]","[-0.08984200686192564, 0.712656455247888]",-1.0316284534898545,1.4365938665491786,120,4840,"[-0.7961344218907813, -0.7961344218907813, -0.7961344218907813, -0.7961344218907813, -0.9125821158192068, -0.9489066745536111, -0.9489066745536111, -1.0056513222317176, -1.0056513222317176, -1.0056513222317176, -1.0056513222317176, -1.0210913483390525, -1.0210913483390525, -1.0289949263981328, -1.0289949263981328, -1.0289949263981328, -1.0289949263981328, -1.0289949263981328, -1.0304338373170159, -1.0304338373170159, -1.0304338373170159, -1.0304338373170159, -1.0310451355601138, -1.0310451355601138, -1.0315949724910456, -1.0315949724910456, -1.0315949724910456, -1.0315949724910456, -1.0315949724910456, -1.0315949724910456, -1.0315949724910456, -1.0315949724910456, -1.0316038158334715, -1.0316038158334715, -1.0316038158334715, -1.0316038158334715, -1.0316067027489142, -1.0316067027489142, -1.0316244663866359, -1.0316268445406584, -1.0316268445406584, -1.0316268445406584, -1.0316268613317552, -1.0316268613317552, -1.03162755000463, -1.03162755000463, -1.031628004209895, -1.031628004209895, -1.031628004209895, -1.031628004209895, -1.031628004209895, -1.031628337906258, -1.031628337906258, -1.031628337906258, -1.0316284475941935, -1.0316284475941935, -1.0316284511618599, -1.0316284511618599, -1.0316284527531963, -1.0316284527531963, -1.0316284527531963, -1.0316284527531963, -1.0316284527531963, -1.0316284527531963, -1.0316284527531963, -1.0316284527531963, -1.0316284527531963, -1.0316284527531963, -1.0316284527531963, -1.031628453273389, -1.031628453273389, -1.031628453273389, -1.031628453273389, -1.031628453273389, -1.031628453273389, -1.031628453273389, -1.031628453273389, -1.0316284534603355, -1.0316284534603355, -1.0316284534603355, -1.0316284534603355, -1.0316284534603355, -1.0316284534603355, -1.0316284534818825, -1.0316284534818825, -1.0316284534877538, -1.0316284534877538, -1.0316284534877538, -1.0316284534877538, -1.0316284534877538, -1.0316284534877538, -1.0316284534877538, -1.031628453487908, -1.0316284534880933, -1.0316284534880933, -1.0316284534880933, -1.0316284534881193, -1.0316284534881193, -1.0316284534881193, -1.0316284534881193, -1.0316284534881193, -1.031628453488156, -1.031628453488156, -1.0316284534881746, -1.0316284534881996, -1.0316284534882147, -1.031628453488224, -1.03162845348823, -1.0316284534882338, -1.0316284534882365, -1.031628453488238, -1.0316284534882394, -1.03162845348824, -1.0316284534882407, -1.0316284534887938, -1.0316284534898421, -1.0316284534898421, -1.0316284534898517, -1.0316284534898517, -1.0316284534898545, -1.0316284534898545]","{""cognitive_weight"": 1.5, ""inertia_weight"": 0.7, ""max_iterations"": 120, ""social_weight"": 1.5, ""swarm_size"": 40}"
six_hump_camel,Six-Hump Camel,81,2195,pso,PSO,2,"[-3.0, 3.0]","[0.089842, -0.712656]","[-0.08984200422285149, 0.7126564404182685]",-1.0316284534898652,1.4365938515059284,120,4840,"[0.08107410320354969, 0.06342616111601677, -0.39024417843588366, -0.8205991037365443, -0.8205991037365443, -0.9622711580835865, -0.9622711580835865, -0.9622711580835865, -0.9622711580835865, -0.9622711580835865, -0.9680950207178218, -1.0082192943087163, -1.0082192943087163, -1.0082192943087163, -1.0158497499735442, -1.0214810541423505, -1.0214810541423505, -1.024522504141536, -1.024522504141536, -1.0311173269074143, -1.0311173269074143, -1.0311173269074143, -1.0311173269074143, -1.0311173269074143, -1.0311173269074143, -1.0311173269074143, -1.0311173269074143, -1.0313591497261563, -1.0313591497261563, -1.0315208145099242, -1.0315208145099242, -1.0315208145099242, -1.0315412407436082, -1.0315509785966968, -1.0315509785966968, -1.031627541794328, -1.031627541794328, -1.031627541794328, -1.031627541794328, -1.031627541794328, -1.031627541794328, -1.031627541794328, -1.031627541794328, -1.031628410608885, -1.031628410608885, -1.031628410608885, -1.031628410608885, -1.031628410608885, -1.031628410608885, -1.031628410608885, -1.031628410608885, -1.031628410608885, -1.031628448329772, -1.031628448329772, -1.031628448329772, -1.031628448329772, -1.031628448329772, -1.031628448329772, -1.031628448329772, -1.031628448329772, -1.031628448329772, -1.031628448329772, -1.031628448329772, -1.031628448329772, -1.031628448329772, -1.031628448329772, -1.031628452733138, -1.0316284534513873, -1.0316284534513873, -1.0316284534513873, -1.0316284534513873, -1.0316284534513873, -1.0316284534513873, -1.0316284534513873, -1.0316284534513873, -1.0316284534513873, -1.0316284534513873, -1.0316284534513873, -1.0316284534665443, -1.0316284534665443, -1.0316284534665443, -1.0316284534665443, -1.0316284534665443, -1.0316284534665443, -1.0316284534665443, -1.0316284534665443, -1.0316284534665443, -1.0316284534846367, -1.0316284534846367, -1.0316284534846367, -1.0316284534872395, -1.0316284534872395, -1.0316284534897608, -1.0316284534897608, -1.0316284534897608, -1.0316284534897608, -1.0316284534897608, -1.0316284534897608, -1.0316284534897608, -1.0316284534897608, -1.0316284534897608, -1.0316284534897608, -1.0316284534897608, -1.0316284534897608, -1.0316284534897608, -1.0316284534897608, -1.0316284534897608, -1.0316284534898479, -1.0316284534898479, -1.0316284534898479, -1.0316284534898479, -1.0316284534898479, -1.0316284534898479, -1.0316284534898479, -1.0316284534898479, -1.0316284534898652, -1.0316284534898652, -1.0316284534898652, -1.0316284534898652, -1.0316284534898652, -1.0316284534898652]","{""cognitive_weight"": 1.5, ""inertia_weight"": 0.7, ""max_iterations"": 120, ""social_weight"": 1.5, ""swarm_size"": 40}"
six_hump_camel,Six-Hump Camel,82,2196,pso,PSO,2,"[-3.0, 3.0]","[0.089842, -0.712656]","[-0.08984198296881872, 0.7126564349160034]",-1.0316284534898645,1.4365938433884942,120,4840,"[0.8699414762277742, 0.19674121504145858, -0.18468573438525895, -0.3594675989618349, -0.6637463737138334, -0.6637463737138334, -0.8137356430151255, -1.0059804720999177, -1.0059804720999177, -1.0059804720999177, -1.0059804720999177, -1.0059804720999177, -1.0244030459557691, -1.0244030459557691, -1.0244030459557691, -1.0244030459557691, -1.0244030459557691, -1.0251219785199963, -1.0258763414872873, -1.0291090621960661, -1.029668126923616, -1.029668126923616, -1.029668126923616, -1.029668126923616, -1.0310642439225757, -1.0310642439225757, -1.0310642439225757, -1.0310642439225757, -1.0310642439225757, -1.031358099208342, -1.0315794755847705, -1.0316280573361407, -1.0316280573361407, -1.0316280573361407, -1.0316280573361407, -1.0316280573361407, -1.0316280573361407, -1.0316284187945626, -1.0316284187945626, -1.0316284187945626, -1.0316284187945626, -1.0316284187945626, -1.0316284477875768, -1.0316284477875768, -1.0316284477875768, -1.0316284477875768, -1.0316284477875768, -1.0316284477875768, -1.0316284477875768, -1.0316284477875768, -1.0316284477875768, -1.0316284477875768, -1.0316284477875768, -1.0316284477875768, -1.0316284477875768, -1.0316284477875768, -1.0316284477875768, -1.0316284477875768, -1.0316284477875768, -1.0316284477875768, -1.0316284477875768, -1.0316284477875768, -1.0316284477875768, -1.0316284477875768, -1.0316284477875768, -1.0316284477875768, -1.0316284479588602, -1.031628449566446, -1.0316284526837933, -1.0316284526837933, -1.0316284526837933, -1.0316284528699917, -1.0316284528699917, -1.0316284529321702, -1.0316284529321702, -1.0316284529321702, -1.0316284529321702, -1.0316284529321702, -1.0316284532686095, -1.0316284532686095, -1.0316284532686095, -1.0316284532686095, -1.0316284532686095, -1.031628453332761, -1.031628453332761, -1.0316284534117162, -1.0316284534210562, -1.0316284534210562, -1.031628453428938, -1.031628453428938, -1.0316284534628137, -1.0316284534628137, -1.0316284534628137, -1.0316284534628137, -1.0316284534835765, -1.0316284534835765, -1.0316284534885238, -1.0316284534885238, -1.0316284534885238, -1.0316284534885238, -1.0316284534885238, -1.0316284534889313, -1.0316284534889313, -1.0316284534889313, -1.031628453489694, -1.031628453489694, -1.031628453489694, -1.031628453489694, -1.0316284534898412, -1.0316284534898412, -1.0316284534898412, -1.0316284534898412, -1.0316284534898412, -1.0316284534898412, -1.0316284534898412, -1.0316284534898645, -1.0316284534898645, -1.0316284534898645, -1.0316284534898645, -1.0316284534898645, -1.0316284534898645]","{""cognitive_weight"": 1.5, ""inertia_weight"": 0.7, ""max_iterations"": 120, ""social_weight"": 1.5, ""swarm_size"": 40}"
six_hump_camel,Six-Hump Camel,83,2197,pso,PSO,2,"[-3.0, 3.0]","[0.089842, -0.712656]","[0.0898419881058361, -0.7126564300699596]",-1.0316284534898683,4.3023440276660017e-07,120,4840,"[-1.023497877222305, -1.023497877222305, -1.023497877222305, -1.023497877222305, -1.023497877222305, -1.023497877222305, -1.023497877222305, -1.0284839962502208, -1.0284839962502208, -1.0284839962502208, -1.0284839962502208, -1.0284839962502208, -1.0314202964364292, -1.0314202964364292, -1.0314202964364292, -1.0314202964364292, -1.0314202964364292, -1.0314202964364292, -1.0314202964364292, -1.0314202964364292, -1.0316282619033124, -1.0316282619033124, -1.0316282619033124, -1.0316282619033124, -1.0316282619033124, -1.0316282619033124, -1.0316282619033124, -1.0316282619033124, -1.0316282619033124, -1.0316282619033124, -1.0316282619033124, -1.0316282619033124, -1.0316282619033124, -1.0316282619033124, -1.0316282619033124, -1.0316282619033124, -1.0316282619033124, -1.0316282619033124, -1.0316282619033124, -1.0316282619033124, -1.0316284207108304, -1.0316284207108304, -1.0316284207108304, -1.0316284207108304, -1.0316284207108304, -1.0316284207108304, -1.0316284207108304, -1.0316284207108304, -1.0316284207108304, -1.0316284207108304, -1.0316284207108304, -1.0316284207108304, -1.0316284207108304, -1.0316284207108304, -1.0316284453743585, -1.0316284453743585, -1.0316284453743585, -1.0316284475102644, -1.0316284475102644, -1.0316284475102644, -1.0316284475102644, -1.0316284475102644, -1.031628452236105, -1.031628452236105, -1.0316284526288602, -1.0316284526288602, -1.0316284526288602, -1.0316284526288602, -1.0316284526288602, -1.0316284526288602, -1.0316284526288602, -1.0316284526288602, -1.0316284527185493, -1.0316284527185493, -1.0316284527185493, -1.0316284527185493, -1.031628453425384, -1.031628453425384, -1.031628453425384, -1.031628453425384, -1.031628453425384, -1.031628453425384, -1.0316284534518565, -1.0316284534853475, -1.0316284534853475, -1.0316284534853475, -1.0316284534853475, -1.0316284534853475, -1.0316284534853475, -1.0316284534853475, -1.0316284534853475, -1.0316284534853475, -1.0316284534853475, -1.0316284534871774, -1.0316284534871774, -1.0316284534871774, -1.0316284534871774, -1.0316284534877673, -1.0316284534877673, -1.0316284534877673, -1.0316284534877673, -1.0316284534888565, -1.031628453489072, -1.0316284534891191, -1.0316284534892661, -1.0316284534892661, -1.0316284534898235, -1.0316284534898235, -1.0316284534898235, -1.0316284534898235, -1.0316284534898235, -1.0316284534898235, -1.0316284534898235, -1.0316284534898235, -1.031628453489841, -1.031628453489841, -1.031628453489841, -1.031628453489841, -1.031628453489841, -1.031628453489841, -1.0316284534898683]","{""cognitive_weight"": 1.5, ""inertia_weight"": 0.7, ""max_iterations"": 120, ""social_weight"": 1.5, ""swarm_size"": 40}"
six_hump_camel,Six-Hump Camel,84,2198,pso,PSO,2,"[-3.0, 3.0]","[0.089842, -0.712656]","[0.08984201782137682, -0.7126564105990999]",-1.031628453489877,4.1098567170323563e-07,120,4840,"[-0.6924227393727151, -0.6924227393727151, -0.8807136432441172, -0.8807136432441172, -0.8807136432441172, -0.963347551163469, -1.0246990946616663, -1.0246990946616663, -1.0246990946616663, -1.0246990946616663, -1.0246990946616663, -1.0246990946616663, -1.0246990946616663, -1.0246990946616663, -1.0246990946616663, -1.0282900609766852, -1.0282900609766852, -1.0282900609766852, -1.0282900609766852, -1.0314126786726332, -1.0314126786726332, -1.0314126786726332, -1.0314126786726332, -1.0314126786726332, -1.0314126786726332, -1.0314126786726332, -1.0314126786726332, -1.0314126786726332, -1.0314126786726332, -1.0314925449640786, -1.0315521095398954, -1.0315521095398954, -1.0315664842011105, -1.0315664842011105, -1.0315664842011105, -1.0315664842011105, -1.0315664842011105, -1.0315664842011105, -1.0315664842011105, -1.0315664842011105, -1.0315664842011105, -1.0315664842011105, -1.0316184351500963, -1.0316184351500963, -1.0316184351500963, -1.0316258103228109, -1.0316258103228109, -1.0316259631941516, -1.0316259631941516, -1.031627452099152, -1.031627452099152, -1.031627452099152, -1.031627452099152, -1.0316280747136135, -1.0316282429275496, -1.0316284216400005, -1.0316284216400005, -1.0316284216400005, -1.0316284216400005, -1.0316284216400005, -1.0316284216400005, -1.0316284216400005, -1.0316284216400005, -1.0316284364255246, -1.0316284493617198, -1.0316284493617198, -1.0316284493617198, -1.0316284493617198, -1.031628451275792, -1.031628451275792, -1.0316284527831039, -1.0316284527831039, -1.0316284527831039, -1.0316284534313989, -1.0316284534313989, -1.0316284534313989, -1.0316284534313989, -1.0316284534313989, -1.0316284534313989, -1.0316284534313989, -1.0316284534313989, -1.0316284534313989, -1.031628453479235, -1.031628453479235, -1.031628453479235, -1.031628453479235, -1.031628453479235, -1.0316284534833808, -1.0316284534833808, -1.0316284534833808, -1.0316284534833808, -1.0316284534862765, -1.031628453489835, -1.031628453489835, -1.031628453489835, -1.031628453489835, -1.031628453489835, -1.031628453489835, -1.031628453489835, -1.031628453489835, -1.031628453489835, -1.031628453489835, -1.031628453489835, -1.031628453489835, -1.031628453489835, -1.031628453489835, -1.0316284534898357, -1.0316284534898357, -1.03162845348984, -1.03162845348984, -1.0316284534898452, -1.0316284534898503, -1.0316284534898503, -1.0316284534898503, -1.0316284534898503, -1.0316284534898503, -1.0316284534898503, -1.0316284534898503, -1.0316284534898628, -1.0316284534898656, -1.031628453489877]","{""cognitive_weight"": 1.5, ""inertia_weight"": 0.7, ""max_iterations"": 120, ""social_weight"": 1.5, ""swarm_size"": 40}"
six_hump_camel,Six-Hump Camel,85,2199,pso,PSO,2,"[-3.0, 3.0]","[0.089842, -0.712656]","[0.08984207523424387, -0.7126564107066139]",-1.0316284534898623,4.175405539392024e-07,120,4840,"[-0.5726953144848135, -0.5726953144848135, -0.9805942721583033, -0.9805942721583033, -0.9805942721583033, -1.012036965299036, -1.012036965299036, -1.012036965299036, -1.012036965299036, -1.012036965299036, -1.012036965299036, -1.0144118771024755, -1.0200981557326416, -1.0200981557326416, -1.0200981557326416, -1.0296100467914504, -1.0296100467914504, -1.0296100467914504, -1.0296100467914504, -1.0296100467914504, -1.030788193765987, -1.030788193765987, -1.030788193765987, -1.030788193765987, -1.030788193765987, -1.030788193765987, -1.031457829997956, -1.031457829997956, -1.031457829997956, -1.031457829997956, -1.031457829997956, -1.031457829997956, -1.031457829997956, -1.031478863486239, -1.031478863486239, -1.0314971669991162, -1.0316183288678449, -1.0316183288678449, -1.0316183288678449, -1.0316217728327919, -1.0316217728327919, -1.0316221717103091, -1.0316221717103091, -1.0316221717103091, -1.0316221717103091, -1.0316266486704795, -1.0316266486704795, -1.0316266486704795, -1.0316266486704795, -1.0316266486704795, -1.0316266486704795, -1.0316281636720885, -1.0316281636720885, -1.0316283844788896, -1.0316283844788896, -1.0316283844788896, -1.0316283844788896, -1.0316283844788896, -1.0316283844788896, -1.0316283844788896, -1.0316283844788896, -1.0316283844788896, -1.0316283844788896, -1.0316283844788896, -1.0316283844788896, -1.031628420881181, -1.0316284495817762, -1.0316284495817762, -1.0316284519644818, -1.0316284524881714, -1.0316284524881714, -1.0316284524881714, -1.0316284524881714, -1.0316284531928015, -1.0316284531928015, -1.0316284531928015, -1.031628453464664, -1.031628453464664, -1.031628453464664, -1.031628453464664, -1.031628453464664, -1.031628453464664, -1.031628453464664, -1.031628453464664, -1.031628453464664, -1.031628453464664, -1.0316284534860967, -1.0316284534860967, -1.0316284534860967, -1.0316284534892854, -1.0316284534892854, -1.0316284534892854, -1.0316284534892854, -1.0316284534892854, -1.0316284534892854, -1.0316284534892854, -1.0316284534892854, -1.0316284534892854, -1.0316284534898177, -1.0316284534898177, -1.0316284534898177, -1.0316284534898177, -1.0316284534898177, -1.031628453489856, -1.031628453489856, -1.031628453489856, -1.031628453489856, -1.031628453489856, -1.031628453489856, -1.031628453489856, -1.0316284534898623, -1.0316284534898623, -1.0316284534898623, -1.0316284534898623, -1.0316284534898623, -1.0316284534898623, -1.0316284534898623, -1.0316284534898623, -1.0316284534898623, -1.0316284534898623, -1.0316284534898623]","{""cognitive_weight"": 1.5, ""inertia_weight"": 0.7, ""max_iterations"": 120, ""social_weight"": 1.5, ""swarm_size"": 40}"
six_hump_camel,Six-Hump Camel,86,2200,pso,PSO,2,"[-3.0, 3.0]","[0.089842, -0.712656]","[-0.08984210849513678, 0.712656409405914]",-1.0316284534898421,1.436593833779118,120,4840,"[-0.6056689364147814, -0.6056689364147814, -1.0013973282921806, -1.0013973282921806, -1.0013973282921806, -1.0013973282921806, -1.0013973282921806, -1.0013973282921806, -1.0013973282921806, -1.0013973282921806, -1.0013973282921806, -1.0013973282921806, -1.0013973282921806, -1.0252980414681878, -1.0252980414681878, -1.0252980414681878, -1.0252980414681878, -1.0284606524178193, -1.0284606524178193, -1.029438182217967, -1.029438182217967, -1.0304567089922525, -1.0304567089922525, -1.0304567089922525, -1.0304567089922525, -1.0304567089922525, -1.0310099884799726, -1.0310099884799726, -1.0313641804981815, -1.0313641804981815, -1.0313641804981815, -1.0314098133499299, -1.0314098133499299, -1.031557133908439, -1.031557133908439, -1.0316043280050913, -1.031605029478524, -1.0316228054818237, -1.0316228054818237, -1.0316228054818237, -1.0316228054818237, -1.031624281583395, -1.03162544747501, -1.03162544747501, -1.03162544747501, -1.0316266315528835, -1.0316266315528835, -1.0316266315528835, -1.0316266315528835, -1.03162784954777, -1.0316279011424905, -1.0316279011424905, -1.0316279011424905, -1.0316279011424905, -1.0316279011424905, -1.0316279517399454, -1.0316284271851617, -1.0316284271851617, -1.0316284271851617, -1.0316284271851617, -1.0316284271851617, -1.0316284271851617, -1.0316284422490816, -1.0316284441213663, -1.0316284441213663, -1.0316284467550412, -1.031628447237148, -1.031628447237148, -1.031628447237148, -1.031628447237148, -1.031628447237148, -1.0316284484121516, -1.0316284484121516, -1.0316284521829087, -1.0316284527527566, -1.0316284527527566, -1.0316284529054722, -1.0316284529054722, -1.031628452906707, -1.0316284529936592, -1.0316284529936592, -1.0316284529936592, -1.0316284529936592, -1.0316284530108, -1.0316284532792268, -1.0316284532792268, -1.031628453456101, -1.031628453456101, -1.0316284534633722, -1.031628453466049, -1.031628453466049, -1.031628453466049, -1.031628453466049, -1.031628453466049, -1.031628453466049, -1.031628453484849, -1.031628453484849, -1.031628453484849, -1.031628453484849, -1.031628453484849, -1.031628453484849, -1.031628453484849, -1.0316284534878124, -1.0316284534878124, -1.0316284534896465, -1.0316284534896465, -1.0316284534896465, -1.0316284534896465, -1.031628453489725, -1.031628453489725, -1.0316284534897708, -1.0316284534897708, -1.0316284534897708, -1.0316284534897708, -1.0316284534897708, -1.031628453489817, -1.031628453489817, -1.031628453489817, -1.031628453489817, -1.031628453489817, -1.0316284534898421]","{""cognitive_weight"": 1.5, ""inertia_weight"": 0.7, ""max_iterations"": 120, ""social_weight"": 1.5, ""swarm_size"": 40}"
six_hump_camel,Six-Hump Camel,87,2201,pso,PSO,2,"[-3.0, 3.0]","[0.089842, -0.712656]","[0.0898420270788101, -0.712656403294164]",-1.0316284534898765,4.0420223245854396e-07,120,4840,"[-0.5145263498092224, -0.9693461771839854, -0.9693461771839854, -0.9693461771839854, -0.9693461771839854, -0.9693461771839854, -0.995737618263512, -0.995737618263512, -0.995737618263512, -0.995737618263512, -1.0246147409157251, -1.0246147409157251, -1.0246147409157251, -1.0246147409157251, -1.0246147409157251, -1.0266810263629784, -1.0273619067799302, -1.0273619067799302, -1.030086524786709, -1.030086524786709, -1.0303202368318585, -1.0304593206655681, -1.031029316365815, -1.031029316365815, -1.0310540859660144, -1.0315277983484936, -1.0315277983484936, -1.031582540851642, -1.031582540851642, -1.031586118502922, -1.0316282052206707, -1.0316282052206707, -1.0316282052206707, -1.0316282052206707, -1.0316282052206707, -1.0316282052206707, -1.0316282052206707, -1.0316283648824747, -1.0316283648824747, -1.0316283699295705, -1.0316283699295705, -1.0316283699295705, -1.0316283699295705, -1.0316283699295705, -1.0316283699295705, -1.0316283699295705, -1.0316283699295705, -1.0316283699295705, -1.0316283699295705, -1.031628375710196, -1.0316283799319688, -1.0316283799319688, -1.0316283799319688, -1.031628384532946, -1.0316283865750844, -1.0316283865750844, -1.0316283865750844, -1.0316283865750844, -1.0316284405013216, -1.031628442552565, -1.031628442552565, -1.0316284429003753, -1.0316284529457151, -1.0316284529457151, -1.0316284529457151, -1.0316284529457151, -1.0316284529457151, -1.0316284530596596, -1.0316284530596596, -1.0316284530596596, -1.0316284530596596, -1.0316284533278972, -1.0316284533278972, -1.0316284533278972, -1.0316284534545703, -1.0316284534545703, -1.0316284534620797, -1.0316284534620797, -1.0316284534620797, -1.0316284534687787, -1.0316284534687787, -1.0316284534688742, -1.0316284534688742, -1.0316284534688742, -1.0316284534688742, -1.0316284534688742, -1.0316284534688742, -1.0316284534688742, -1.0316284534697813, -1.0316284534697813, -1.0316284534697813, -1.0316284534698128, -1.0316284534698128, -1.0316284534698128, -1.0316284534821414, -1.0316284534845848, -1.0316284534845848, -1.031628453485956, -1.031628453488678, -1.031628453488678, -1.031628453488678, -1.0316284534895297, -1.0316284534895297, -1.0316284534895297, -1.0316284534895297, -1.0316284534895297, -1.0316284534897877, -1.0316284534897877, -1.0316284534897877, -1.0316284534897908, -1.0316284534897908, -1.031628453489857, -1.0316284534898577, -1.0316284534898676, -1.0316284534898676, -1.0316284534898676, -1.0316284534898765, -1.0316284534898765, -1.0316284534898765, -1.0316284534898765, -1.0316284534898765]","{""cognitive_weight"": 1.5, ""inertia_weight"": 0.7, ""max_iterations"": 120, ""social_weight"": 1.5, ""swarm_size"": 40}"
six_hump_camel,Six-Hump Camel,88,2202,pso,PSO,2,"[-3.0, 3.0]","[0.089842, -0.712656]","[0.08984201507621808, -0.7126563983415984]",-1.0316284534898772,3.986267946771731e-07,120,4840,"[0.019278356494198887, -0.9623078354283472, -1.0234955950209546, -1.0234955950209546, -1.0234955950209546, -1.0234955950209546, -1.0234955950209546, -1.0241810995936538, -1.0241810995936538, -1.0241810995936538, -1.0241810995936538, -1.0241810995936538, -1.0241810995936538, -1.0241810995936538, -1.0241810995936538, -1.0241810995936538, -1.0258365948089625, -1.0258365948089625, -1.031067979822638, -1.031067979822638, -1.031067979822638, -1.031067979822638, -1.031067979822638, -1.031067979822638, -1.031067979822638, -1.031067979822638, -1.0312637099449318, -1.0315556301287612, -1.0315556301287612, -1.0315556301287612, -1.0315556301287612, -1.031585129294816, -1.031585129294816, -1.0315942169807037, -1.0315942169807037, -1.0315942169807037, -1.0315942169807037, -1.031607268200439, -1.031607268200439, -1.031607268200439, -1.031607268200439, -1.03160848791183, -1.0316088182307468, -1.0316088182307468, -1.0316127674586726, -1.0316252644264559, -1.0316252644264559, -1.0316258958903155, -1.0316265182988489, -1.0316265182988489, -1.0316265182988489, -1.031628334893388, -1.031628334893388, -1.031628334893388, -1.031628334893388, -1.031628334893388, -1.031628334893388, -1.031628334893388, -1.031628418134368, -1.031628450683879, -1.031628450683879, -1.031628450683879, -1.031628450683879, -1.031628450683879, -1.031628450683879, -1.031628450683879, -1.031628450683879, -1.0316284519795234, -1.0316284519795234, -1.0316284519795234, -1.0316284519795234, -1.0316284519795234, -1.0316284525782762, -1.0316284525782762, -1.0316284534857352, -1.0316284534857352, -1.0316284534857352, -1.0316284534857352, -1.0316284534857352, -1.0316284534857352, -1.0316284534857352, -1.0316284534857352, -1.0316284534857352, -1.0316284534857352, -1.0316284534857352, -1.0316284534879916, -1.0316284534879916, -1.0316284534879916, -1.0316284534879916, -1.0316284534879916, -1.0316284534884383, -1.0316284534884383, -1.0316284534896558, -1.0316284534896558, -1.0316284534896558, -1.0316284534896558, -1.0316284534896558, -1.0316284534896558, -1.0316284534896558, -1.0316284534896558, -1.0316284534896558, -1.0316284534896558, -1.0316284534896558, -1.0316284534896558, -1.0316284534896558, -1.0316284534896558, -1.0316284534897986, -1.0316284534897986, -1.0316284534898468, -1.0316284534898468, -1.0316284534898468, -1.0316284534898468, -1.0316284534898468, -1.0316284534898468, -1.0316284534898468, -1.0316284534898468, -1.0316284534898523, -1.0316284534898772, -1.0316284534898772, -1.0316284534898772, -1.0316284534898772]","{""cognitive_weight"": 1.5, ""inertia_weight"": 0.7, ""max_iterations"": 120, ""social_weight"": 1.5, ""swarm_size"": 40}"
six_hump_camel,Six-Hump Camel,89,2203,pso,PSO,2,"[-3.0, 3.0]","[0.089842, -0.712656]","[-0.08984201003173198, 0.7126564127565271]",-1.0316284534898765,1.4365938247879657,120,4840,"[-0.4739440361104383, -0.4739440361104383, -0.788450957627758, -0.788450957627758, -0.9379531849305264, -0.9955570445474997, -0.9955570445474997, -0.9955570445474997, -0.9955570445474997, -0.9955570445474997, -0.9955570445474997, -0.998634870311201, -0.998634870311201, -1.0232379187824419, -1.0232379187824419, -1.0232379187824419, -1.0298693992821728, -1.0298693992821728, -1.0298693992821728, -1.0298693992821728, -1.0298693992821728, -1.0298693992821728, -1.0298693992821728, -1.0298693992821728, -1.0298693992821728, -1.0309492014045316, -1.0309492014045316, -1.0312282650480973, -1.0312282650480973, -1.0312282650480973, -1.0315295461564835, -1.0315295461564835, -1.0315295461564835, -1.0315295461564835, -1.0315295461564835, -1.0315295461564835, -1.0315295461564835, -1.03157594395047, -1.03157594395047, -1.03157594395047, -1.03157594395047, -1.03157594395047, -1.031627180013993, -1.031627180013993, -1.0316279807181246, -1.0316279807181246, -1.0316279807181246, -1.0316279807181246, -1.0316279807181246, -1.0316279807181246, -1.0316279807181246, -1.0316279807181246, -1.0316279807181246, -1.0316279807181246, -1.0316279807181246, -1.0316279807181246, -1.0316279807181246, -1.0316279807181246, -1.0316284034765808, -1.0316284034765808, -1.0316284034765808, -1.0316284034765808, -1.0316284034765808, -1.0316284034765808, -1.0316284034765808, -1.0316284034765808, -1.031628423345797, -1.031628423345797, -1.031628423345797, -1.0316284473833515, -1.0316284473833515, -1.0316284473833515, -1.0316284473833515, -1.0316284473833515, -1.0316284473833515, -1.0316284473833515, -1.0316284473833515, -1.0316284473833515, -1.0316284485515446, -1.0316284485515446, -1.0316284534248388, -1.0316284534248388, -1.0316284534248388, -1.0316284534248388, -1.0316284534248388, -1.0316284534248388, -1.0316284534248388, -1.0316284534248388, -1.0316284534248388, -1.0316284534248388, -1.0316284534248388, -1.0316284534248388, -1.0316284534248388, -1.0316284534248388, -1.0316284534248388, -1.0316284534248388, -1.0316284534248388, -1.0316284534248388, -1.0316284534248388, -1.0316284534833446, -1.0316284534833446, -1.0316284534833446, -1.0316284534833446, -1.031628453483929, -1.0316284534891988, -1.0316284534891988, -1.0316284534891988, -1.0316284534891988, -1.0316284534891988, -1.0316284534897044, -1.0316284534897044, -1.0316284534897044, -1.0316284534897044, -1.0316284534897044, -1.0316284534897044, -1.0316284534897044, -1.0316284534898343, -1.0316284534898765, -1.0316284534898765, -1.0316284534898765, -1.0316284534898765]","{""cognitive_weight"": 1.5, ""inertia_weight"": 0.7, ""max_iterations"": 120, ""social_weight"": 1.5, ""swarm_size"": 40}"
six_hump_camel,Six-Hump Camel,90,2195,pso,PSO,2,"[-3.0, 3.0]","[0.089842, -0.712656]","[-0.08984200422285149, 0.7126564404182685]",-1.0316284534898652,1.4365938515059284,120,4840,"[0.08107410320354969, 0.06342616111601677, -0.39024417843588366, -0.8205991037365443, -0.8205991037365443, -0.9622711580835865, -0.9622711580835865, -0.9622711580835865, -0.9622711580835865, -0.9622711580835865, -0.9680950207178218, -1.0082192943087163, -1.0082192943087163, -1.0082192943087163, -1.0158497499735442, -1.0214810541423505, -1.0214810541423505, -1.024522504141536, -1.024522504141536, -1.0311173269074143, -1.0311173269074143, -1.0311173269074143, -1.0311173269074143, -1.0311173269074143, -1.0311173269074143, -1.0311173269074143, -1.0311173269074143, -1.0313591497261563, -1.0313591497261563, -1.0315208145099242, -1.0315208145099242, -1.0315208145099242, -1.0315412407436082, -1.0315509785966968, -1.0315509785966968, -1.031627541794328, -1.031627541794328, -1.031627541794328, -1.031627541794328, -1.031627541794328, -1.031627541794328, -1.031627541794328, -1.031627541794328, -1.031628410608885, -1.031628410608885, -1.031628410608885, -1.031628410608885, -1.031628410608885, -1.031628410608885, -1.031628410608885, -1.031628410608885, -1.031628410608885, -1.031628448329772, -1.031628448329772, -1.031628448329772, -1.031628448329772, -1.031628448329772, -1.031628448329772, -1.031628448329772, -1.031628448329772, -1.031628448329772, -1.031628448329772, -1.031628448329772, -1.031628448329772, -1.031628448329772, -1.031628448329772, -1.031628452733138, -1.0316284534513873, -1.0316284534513873, -1.0316284534513873, -1.0316284534513873, -1.0316284534513873, -1.0316284534513873, -1.0316284534513873, -1.0316284534513873, -1.0316284534513873, -1.0316284534513873, -1.0316284534513873, -1.0316284534665443, -1.0316284534665443, -1.0316284534665443, -1.0316284534665443, -1.0316284534665443, -1.0316284534665443, -1.0316284534665443, -1.0316284534665443, -1.0316284534665443, -1.0316284534846367, -1.0316284534846367, -1.0316284534846367, -1.0316284534872395, -1.0316284534872395, -1.0316284534897608, -1.0316284534897608, -1.0316284534897608, -1.0316284534897608, -1.0316284534897608, -1.0316284534897608, -1.0316284534897608, -1.0316284534897608, -1.0316284534897608, -1.0316284534897608, -1.0316284534897608, -1.0316284534897608, -1.0316284534897608, -1.0316284534897608, -1.0316284534897608, -1.0316284534898479, -1.0316284534898479, -1.0316284534898479, -1.0316284534898479, -1.0316284534898479, -1.0316284534898479, -1.0316284534898479, -1.0316284534898479, -1.0316284534898652, -1.0316284534898652, -1.0316284534898652, -1.0316284534898652, -1.0316284534898652, -1.0316284534898652]","{""cognitive_weight"": 1.5, ""inertia_weight"": 0.7, ""max_iterations"": 120, ""social_weight"": 1.5, ""swarm_size"": 40}"
six_hump_camel,Six-Hump Camel,91,2196,pso,PSO,2,"[-3.0, 3.0]","[0.089842, -0.712656]","[-0.08984198296881872, 0.7126564349160034]",-1.0316284534898645,1.4365938433884942,120,4840,"[0.8699414762277742, 0.19674121504145858, -0.18468573438525895, -0.3594675989618349, -0.6637463737138334, -0.6637463737138334, -0.8137356430151255, -1.0059804720999177, -1.0059804720999177, -1.0059804720999177, -1.0059804720999177, -1.0059804720999177, -1.0244030459557691, -1.0244030459557691, -1.0244030459557691, -1.0244030459557691, -1.0244030459557691, -1.0251219785199963, -1.0258763414872873, -1.0291090621960661, -1.029668126923616, -1.029668126923616, -1.029668126923616, -1.029668126923616, -1.0310642439225757, -1.0310642439225757, -1.0310642439225757, -1.0310642439225757, -1.0310642439225757, -1.031358099208342, -1.0315794755847705, -1.0316280573361407, -1.0316280573361407, -1.0316280573361407, -1.0316280573361407, -1.0316280573361407, -1.0316280573361407, -1.0316284187945626, -1.0316284187945626, -1.0316284187945626, -1.0316284187945626, -1.0316284187945626, -1.0316284477875768, -1.0316284477875768, -1.0316284477875768, -1.0316284477875768, -1.0316284477875768, -1.0316284477875768, -1.0316284477875768, -1.0316284477875768, -1.0316284477875768, -1.0316284477875768, -1.0316284477875768, -1.0316284477875768, -1.0316284477875768, -1.0316284477875768, -1.0316284477875768, -1.0316284477875768, -1.0316284477875768, -1.0316284477875768, -1.0316284477875768, -1.0316284477875768, -1.0316284477875768, -1.0316284477875768, -1.0316284477875768, -1.0316284477875768, -1.0316284479588602, -1.031628449566446, -1.0316284526837933, -1.0316284526837933, -1.0316284526837933, -1.0316284528699917, -1.0316284528699917, -1.0316284529321702, -1.0316284529321702, -1.0316284529321702, -1.0316284529321702, -1.0316284529321702, -1.0316284532686095, -1.0316284532686095, -1.0316284532686095, -1.0316284532686095, -1.0316284532686095, -1.031628453332761, -1.031628453332761, -1.0316284534117162, -1.0316284534210562, -1.0316284534210562, -1.031628453428938, -1.031628453428938, -1.0316284534628137, -1.0316284534628137, -1.0316284534628137, -1.0316284534628137, -1.0316284534835765, -1.0316284534835765, -1.0316284534885238, -1.0316284534885238, -1.0316284534885238, -1.0316284534885238, -1.0316284534885238, -1.0316284534889313, -1.0316284534889313, -1.0316284534889313, -1.031628453489694, -1.031628453489694, -1.031628453489694, -1.031628453489694, -1.0316284534898412, -1.0316284534898412, -1.0316284534898412, -1.0316284534898412, -1.0316284534898412, -1.0316284534898412, -1.0316284534898412, -1.0316284534898645, -1.0316284534898645, -1.0316284534898645, -1.0316284534898645, -1.0316284534898645, -1.0316284534898645]","{""cognitive_weight"": 1.5, ""inertia_weight"": 0.7, ""max_iterations"": 120, ""social_weight"": 1.5, ""swarm_size"": 40}"
six_hump_camel,Six-Hump Camel,92,2197,pso,PSO,2,"[-3.0, 3.0]","[0.089842, -0.712656]","[0.0898419881058361, -0.7126564300699596]",-1.0316284534898683,4.3023440276660017e-07,120,4840,"[-1.023497877222305, -1.023497877222305, -1.023497877222305, -1.023497877222305, -1.023497877222305, -1.023497877222305, -1.023497877222305, -1.0284839962502208, -1.0284839962502208, -1.0284839962502208, -1.0284839962502208, -1.0284839962502208, -1.0314202964364292, -1.0314202964364292, -1.0314202964364292, -1.0314202964364292, -1.0314202964364292, -1.0314202964364292, -1.0314202964364292, -1.0314202964364292, -1.0316282619033124, -1.0316282619033124, -1.0316282619033124, -1.0316282619033124, -1.0316282619033124, -1.0316282619033124, -1.0316282619033124, -1.0316282619033124, -1.0316282619033124, -1.0316282619033124, -1.0316282619033124, -1.0316282619033124, -1.0316282619033124, -1.0316282619033124, -1.0316282619033124, -1.0316282619033124, -1.0316282619033124, -1.0316282619033124, -1.0316282619033124, -1.0316282619033124, -1.0316284207108304, -1.0316284207108304, -1.0316284207108304, -1.0316284207108304, -1.0316284207108304, -1.0316284207108304, -1.0316284207108304, -1.0316284207108304, -1.0316284207108304, -1.0316284207108304, -1.0316284207108304, -1.0316284207108304, -1.0316284207108304, -1.0316284207108304, -1.0316284453743585, -1.0316284453743585, -1.0316284453743585, -1.0316284475102644, -1.0316284475102644, -1.0316284475102644, -1.0316284475102644, -1.0316284475102644, -1.031628452236105, -1.031628452236105, -1.0316284526288602, -1.0316284526288602, -1.0316284526288602, -1.0316284526288602, -1.0316284526288602, -1.0316284526288602, -1.0316284526288602, -1.0316284526288602, -1.0316284527185493, -1.0316284527185493, -1.0316284527185493, -1.0316284527185493, -1.031628453425384, -1.031628453425384, -1.031628453425384, -1.031628453425384, -1.031628453425384, -1.031628453425384, -1.0316284534518565, -1.0316284534853475, -1.0316284534853475, -1.0316284534853475, -1.0316284534853475, -1.0316284534853475, -1.0316284534853475, -1.0316284534853475, -1.0316284534853475, -1.0316284534853475, -1.0316284534853475, -1.0316284534871774, -1.0316284534871774, -1.0316284534871774, -1.0316284534871774, -1.0316284534877673, -1.0316284534877673, -1.0316284534877673, -1.0316284534877673, -1.0316284534888565, -1.031628453489072, -1.0316284534891191, -1.0316284534892661, -1.0316284534892661, -1.0316284534898235, -1.0316284534898235, -1.0316284534898235, -1.0316284534898235, -1.0316284534898235, -1.0316284534898235, -1.0316284534898235, -1.0316284534898235, -1.031628453489841, -1.031628453489841, -1.031628453489841, -1.031628453489841, -1.031628453489841, -1.031628453489841, -1.0316284534898683]","{""cognitive_weight"": 1.5, ""inertia_weight"": 0.7, ""max_iterations"": 120, ""social_weight"": 1.5, ""swarm_size"": 40}"
six_hump_camel,Six-Hump Camel,93,2198,pso,PSO,2,"[-3.0, 3.0]","[0.089842, -0.712656]","[0.08984201782137682, -0.7126564105990999]",-1.031628453489877,4.1098567170323563e-07,120,4840,"[-0.6924227393727151, -0.6924227393727151, -0.8807136432441172, -0.8807136432441172, -0.8807136432441172, -0.963347551163469, -1.0246990946616663, -1.0246990946616663, -1.0246990946616663, -1.0246990946616663, -1.0246990946616663, -1.0246990946616663, -1.0246990946616663, -1.0246990946616663, -1.0246990946616663, -1.0282900609766852, -1.0282900609766852, -1.0282900609766852, -1.0282900609766852, -1.0314126786726332, -1.0314126786726332, -1.0314126786726332, -1.0314126786726332, -1.0314126786726332, -1.0314126786726332, -1.0314126786726332, -1.0314126786726332, -1.0314126786726332, -1.0314126786726332, -1.0314925449640786, -1.0315521095398954, -1.0315521095398954, -1.0315664842011105, -1.0315664842011105, -1.0315664842011105, -1.0315664842011105, -1.0315664842011105, -1.0315664842011105, -1.0315664842011105, -1.0315664842011105, -1.0315664842011105, -1.0315664842011105, -1.0316184351500963, -1.0316184351500963, -1.0316184351500963, -1.0316258103228109, -1.0316258103228109, -1.0316259631941516, -1.0316259631941516, -1.031627452099152, -1.031627452099152, -1.031627452099152, -1.031627452099152, -1.0316280747136135, -1.0316282429275496, -1.0316284216400005, -1.0316284216400005, -1.0316284216400005, -1.0316284216400005, -1.0316284216400005, -1.0316284216400005, -1.0316284216400005, -1.0316284216400005, -1.0316284364255246, -1.0316284493617198, -1.0316284493617198, -1.0316284493617198, -1.0316284493617198, -1.031628451275792, -1.031628451275792, -1.0316284527831039, -1.0316284527831039, -1.0316284527831039, -1.0316284534313989, -1.0316284534313989, -1.0316284534313989, -1.0316284534313989, -1.0316284534313989, -1.0316284534313989, -1.0316284534313989, -1.0316284534313989, -1.0316284534313989, -1.031628453479235, -1.031628453479235, -1.031628453479235, -1.031628453479235, -1.031628453479235, -1.0316284534833808, -1.0316284534833808, -1.0316284534833808, -1.0316284534833808, -1.0316284534862765, -1.031628453489835, -1.031628453489835, -1.031628453489835, -1.031628453489835, -1.031628453489835, -1.031628453489835, -1.031628453489835, -1.031628453489835, -1.031628453489835, -1.031628453489835, -1.031628453489835, -1.031628453489835, -1.031628453489835, -1.031628453489835, -1.0316284534898357, -1.0316284534898357, -1.03162845348984, -1.03162845348984, -1.0316284534898452, -1.0316284534898503, -1.0316284534898503, -1.0316284534898503, -1.0316284534898503, -1.0316284534898503, -1.0316284534898503, -1.0316284534898503, -1.0316284534898628, -1.0316284534898656, -1.031628453489877]","{""cognitive_weight"": 1.5, ""inertia_weight"": 0.7, ""max_iterations"": 120, ""social_weight"": 1.5, ""swarm_size"": 40}"
six_hump_camel,Six-Hump Camel,94,2199,pso,PSO,2,"[-3.0, 3.0]","[0.089842, -0.712656]","[0.08984207523424387, -0.7126564107066139]",-1.0316284534898623,4.175405539392024e-07,120,4840,"[-0.5726953144848135, -0.5726953144848135, -0.9805942721583033, -0.9805942721583033, -0.9805942721583033, -1.012036965299036, -1.012036965299036, -1.012036965299036, -1.012036965299036, -1.012036965299036, -1.012036965299036, -1.0144118771024755, -1.0200981557326416, -1.0200981557326416, -1.0200981557326416, -1.0296100467914504, -1.0296100467914504, -1.0296100467914504, -1.0296100467914504, -1.0296100467914504, -1.030788193765987, -1.030788193765987, -1.030788193765987, -1.030788193765987, -1.030788193765987, -1.030788193765987, -1.031457829997956, -1.031457829997956, -1.031457829997956, -1.031457829997956, -1.031457829997956, -1.031457829997956, -1.031457829997956, -1.031478863486239, -1.031478863486239, -1.0314971669991162, -1.0316183288678449, -1.0316183288678449, -1.0316183288678449, -1.0316217728327919, -1.0316217728327919, -1.0316221717103091, -1.0316221717103091, -1.0316221717103091, -1.0316221717103091, -1.0316266486704795, -1.0316266486704795, -1.0316266486704795, -1.0316266486704795, -1.0316266486704795, -1.0316266486704795, -1.0316281636720885, -1.0316281636720885, -1.0316283844788896, -1.0316283844788896, -1.0316283844788896, -1.0316283844788896, -1.0316283844788896, -1.0316283844788896, -1.0316283844788896, -1.0316283844788896, -1.0316283844788896, -1.0316283844788896, -1.0316283844788896, -1.0316283844788896, -1.031628420881181, -1.0316284495817762, -1.0316284495817762, -1.0316284519644818, -1.0316284524881714, -1.0316284524881714, -1.0316284524881714, -1.0316284524881714, -1.0316284531928015, -1.0316284531928015, -1.0316284531928015, -1.031628453464664, -1.031628453464664, -1.031628453464664, -1.031628453464664, -1.031628453464664, -1.031628453464664, -1.031628453464664, -1.031628453464664, -1.031628453464664, -1.031628453464664, -1.0316284534860967, -1.0316284534860967, -1.0316284534860967, -1.0316284534892854, -1.0316284534892854, -1.0316284534892854, -1.0316284534892854, -1.0316284534892854, -1.0316284534892854, -1.0316284534892854, -1.0316284534892854, -1.0316284534892854, -1.0316284534898177, -1.0316284534898177, -1.0316284534898177, -1.0316284534898177, -1.0316284534898177, -1.031628453489856, -1.031628453489856, -1.031628453489856, -1.031628453489856, -1.031628453489856, -1.031628453489856, -1.031628453489856, -1.0316284534898623, -1.0316284534898623, -1.0316284534898623, -1.0316284534898623, -1.0316284534898623, -1.0316284534898623, -1.0316284534898623, -1.0316284534898623, -1.0316284534898623, -1.0316284534898623, -1.0316284534898623]","{""cognitive_weight"": 1.5, ""inertia_weight"": 0.7, ""max_iterations"": 120, ""social_weight"": 1.5, ""swarm_size"": 40}"
six_hump_camel,Six-Hump Camel,95,2200,pso,PSO,2,"[-3.0, 3.0]","[0.089842, -0.712656]","[-0.08984210849513678, 0.712656409405914]",-1.0316284534898421,1.436593833779118,120,4840,"[-0.6056689364147814, -0.6056689364147814, -1.0013973282921806, -1.0013973282921806, -1.0013973282921806, -1.0013973282921806, -1.0013973282921806, -1.0013973282921806, -1.0013973282921806, -1.0013973282921806, -1.0013973282921806, -1.0013973282921806, -1.0013973282921806, -1.0252980414681878, -1.0252980414681878, -1.0252980414681878, -1.0252980414681878, -1.0284606524178193, -1.0284606524178193, -1.029438182217967, -1.029438182217967, -1.0304567089922525, -1.0304567089922525, -1.0304567089922525, -1.0304567089922525, -1.0304567089922525, -1.0310099884799726, -1.0310099884799726, -1.0313641804981815, -1.0313641804981815, -1.0313641804981815, -1.0314098133499299, -1.0314098133499299, -1.031557133908439, -1.031557133908439, -1.0316043280050913, -1.031605029478524, -1.0316228054818237, -1.0316228054818237, -1.0316228054818237, -1.0316228054818237, -1.031624281583395, -1.03162544747501, -1.03162544747501, -1.03162544747501, -1.0316266315528835, -1.0316266315528835, -1.0316266315528835, -1.0316266315528835, -1.03162784954777, -1.0316279011424905, -1.0316279011424905, -1.0316279011424905, -1.0316279011424905, -1.0316279011424905, -1.0316279517399454, -1.0316284271851617, -1.0316284271851617, -1.0316284271851617, -1.0316284271851617, -1.0316284271851617, -1.0316284271851617, -1.0316284422490816, -1.0316284441213663, -1.0316284441213663, -1.0316284467550412, -1.031628447237148, -1.031628447237148, -1.031628447237148, -1.031628447237148, -1.031628447237148, -1.0316284484121516, -1.0316284484121516, -1.0316284521829087, -1.0316284527527566, -1.0316284527527566, -1.0316284529054722, -1.0316284529054722, -1.031628452906707, -1.0316284529936592, -1.0316284529936592, -1.0316284529936592, -1.0316284529936592, -1.0316284530108, -1.0316284532792268, -1.0316284532792268, -1.031628453456101, -1.031628453456101, -1.0316284534633722, -1.031628453466049, -1.031628453466049, -1.031628453466049, -1.031628453466049, -1.031628453466049, -1.031628453466049, -1.031628453484849, -1.031628453484849, -1.031628453484849, -1.031628453484849, -1.031628453484849, -1.031628453484849, -1.031628453484849, -1.0316284534878124, -1.0316284534878124, -1.0316284534896465, -1.0316284534896465, -1.0316284534896465, -1.0316284534896465, -1.031628453489725, -1.031628453489725, -1.0316284534897708, -1.0316284534897708, -1.0316284534897708, -1.0316284534897708, -1.0316284534897708, -1.031628453489817, -1.031628453489817, -1.031628453489817, -1.031628453489817, -1.031628453489817, -1.0316284534898421]","{""cognitive_weight"": 1.5, ""inertia_weight"": 0.7, ""max_iterations"": 120, ""social_weight"": 1.5, ""swarm_size"": 40}"
six_hump_camel,Six-Hump Camel,96,2201,pso,PSO,2,"[-3.0, 3.0]","[0.089842, -0.712656]","[0.0898420270788101, -0.712656403294164]",-1.0316284534898765,4.0420223245854396e-07,120,4840,"[-0.5145263498092224, -0.9693461771839854, -0.9693461771839854, -0.9693461771839854, -0.9693461771839854, -0.9693461771839854, -0.995737618263512, -0.995737618263512, -0.995737618263512, -0.995737618263512, -1.0246147409157251, -1.0246147409157251, -1.0246147409157251, -1.0246147409157251, -1.0246147409157251, -1.0266810263629784, -1.0273619067799302, -1.0273619067799302, -1.030086524786709, -1.030086524786709, -1.0303202368318585, -1.0304593206655681, -1.031029316365815, -1.031029316365815, -1.0310540859660144, -1.0315277983484936, -1.0315277983484936, -1.031582540851642, -1.031582540851642, -1.031586118502922, -1.0316282052206707, -1.0316282052206707, -1.0316282052206707, -1.0316282052206707, -1.0316282052206707, -1.0316282052206707, -1.0316282052206707, -1.0316283648824747, -1.0316283648824747, -1.0316283699295705, -1.0316283699295705, -1.0316283699295705, -1.0316283699295705, -1.0316283699295705, -1.0316283699295705, -1.0316283699295705, -1.0316283699295705, -1.0316283699295705, -1.0316283699295705, -1.031628375710196, -1.0316283799319688, -1.0316283799319688, -1.0316283799319688, -1.031628384532946, -1.0316283865750844, -1.0316283865750844, -1.0316283865750844, -1.0316283865750844, -1.0316284405013216, -1.031628442552565, -1.031628442552565, -1.0316284429003753, -1.0316284529457151, -1.0316284529457151, -1.0316284529457151, -1.0316284529457151, -1.0316284529457151, -1.0316284530596596, -1.0316284530596596, -1.0316284530596596, -1.0316284530596596, -1.0316284533278972, -1.0316284533278972, -1.0316284533278972, -1.0316284534545703, -1.0316284534545703, -1.0316284534620797, -1.0316284534620797, -1.0316284534620797, -1.0316284534687787, -1.0316284534687787, -1.0316284534688742, -1.0316284534688742, -1.0316284534688742, -1.0316284534688742, -1.0316284534688742, -1.0316284534688742, -1.0316284534688742, -1.0316284534697813, -1.0316284534697813, -1.0316284534697813, -1.0316284534698128, -1.0316284534698128, -1.0316284534698128, -1.0316284534821414, -1.0316284534845848, -1.0316284534845848, -1.031628453485956, -1.031628453488678, -1.031628453488678, -1.031628453488678, -1.0316284534895297, -1.0316284534895297, -1.0316284534895297, -1.0316284534895297, -1.0316284534895297, -1.0316284534897877, -1.0316284534897877, -1.0316284534897877, -1.0316284534897908, -1.0316284534897908, -1.031628453489857, -1.0316284534898577, -1.0316284534898676, -1.0316284534898676, -1.0316284534898676, -1.0316284534898765, -1.0316284534898765, -1.0316284534898765, -1.0316284534898765, -1.0316284534898765]","{""cognitive_weight"": 1.5, ""inertia_weight"": 0.7, ""max_iterations"": 120, ""social_weight"": 1.5, ""swarm_size"": 40}"
six_hump_camel,Six-Hump Camel,97,2202,pso,PSO,2,"[-3.0, 3.0]","[0.089842, -0.712656]","[0.08984201507621808, -0.7126563983415984]",-1.0316284534898772,3.986267946771731e-07,120,4840,"[0.019278356494198887, -0.9623078354283472, -1.0234955950209546, -1.0234955950209546, -1.0234955950209546, -1.0234955950209546, -1.0234955950209546, -1.0241810995936538, -1.0241810995936538, -1.0241810995936538, -1.0241810995936538, -1.0241810995936538, -1.0241810995936538, -1.0241810995936538, -1.0241810995936538, -1.0241810995936538, -1.0258365948089625, -1.0258365948089625, -1.031067979822638, -1.031067979822638, -1.031067979822638, -1.031067979822638, -1.031067979822638, -1.031067979822638, -1.031067979822638, -1.031067979822638, -1.0312637099449318, -1.0315556301287612, -1.0315556301287612, -1.0315556301287612, -1.0315556301287612, -1.031585129294816, -1.031585129294816, -1.0315942169807037, -1.0315942169807037, -1.0315942169807037, -1.0315942169807037, -1.031607268200439, -1.031607268200439, -1.031607268200439, -1.031607268200439, -1.03160848791183, -1.0316088182307468, -1.0316088182307468, -1.0316127674586726, -1.0316252644264559, -1.0316252644264559, -1.0316258958903155, -1.0316265182988489, -1.0316265182988489, -1.0316265182988489, -1.031628334893388, -1.031628334893388, -1.031628334893388, -1.031628334893388, -1.031628334893388, -1.031628334893388, -1.031628334893388, -1.031628418134368, -1.031628450683879, -1.031628450683879, -1.031628450683879, -1.031628450683879, -1.031628450683879, -1.031628450683879, -1.031628450683879, -1.031628450683879, -1.0316284519795234, -1.0316284519795234, -1.0316284519795234, -1.0316284519795234, -1.0316284519795234, -1.0316284525782762, -1.0316284525782762, -1.0316284534857352, -1.0316284534857352, -1.0316284534857352, -1.0316284534857352, -1.0316284534857352, -1.0316284534857352, -1.0316284534857352, -1.0316284534857352, -1.0316284534857352, -1.0316284534857352, -1.0316284534857352, -1.0316284534879916, -1.0316284534879916, -1.0316284534879916, -1.0316284534879916, -1.0316284534879916, -1.0316284534884383, -1.0316284534884383, -1.0316284534896558, -1.0316284534896558, -1.0316284534896558, -1.0316284534896558, -1.0316284534896558, -1.0316284534896558, -1.0316284534896558, -1.0316284534896558, -1.0316284534896558, -1.0316284534896558, -1.0316284534896558, -1.0316284534896558, -1.0316284534896558, -1.0316284534896558, -1.0316284534897986, -1.0316284534897986, -1.0316284534898468, -1.0316284534898468, -1.0316284534898468, -1.0316284534898468, -1.0316284534898468, -1.0316284534898468, -1.0316284534898468, -1.0316284534898468, -1.0316284534898523, -1.0316284534898772, -1.0316284534898772, -1.0316284534898772, -1.0316284534898772]","{""cognitive_weight"": 1.5, ""inertia_weight"": 0.7, ""max_iterations"": 120, ""social_weight"": 1.5, ""swarm_size"": 40}"
six_hump_camel,Six-Hump Camel,98,2203,pso,PSO,2,"[-3.0, 3.0]","[0.089842, -0.712656]","[-0.08984201003173198, 0.7126564127565271]",-1.0316284534898765,1.4365938247879657,120,4840,"[-0.4739440361104383, -0.4739440361104383, -0.788450957627758, -0.788450957627758, -0.9379531849305264, -0.9955570445474997, -0.9955570445474997, -0.9955570445474997, -0.9955570445474997, -0.9955570445474997, -0.9955570445474997, -0.998634870311201, -0.998634870311201, -1.0232379187824419, -1.0232379187824419, -1.0232379187824419, -1.0298693992821728, -1.0298693992821728, -1.0298693992821728, -1.0298693992821728, -1.0298693992821728, -1.0298693992821728, -1.0298693992821728, -1.0298693992821728, -1.0298693992821728, -1.0309492014045316, -1.0309492014045316, -1.0312282650480973, -1.0312282650480973, -1.0312282650480973, -1.0315295461564835, -1.0315295461564835, -1.0315295461564835, -1.0315295461564835, -1.0315295461564835, -1.0315295461564835, -1.0315295461564835, -1.03157594395047, -1.03157594395047, -1.03157594395047, -1.03157594395047, -1.03157594395047, -1.031627180013993, -1.031627180013993, -1.0316279807181246, -1.0316279807181246, -1.0316279807181246, -1.0316279807181246, -1.0316279807181246, -1.0316279807181246, -1.0316279807181246, -1.0316279807181246, -1.0316279807181246, -1.0316279807181246, -1.0316279807181246, -1.0316279807181246, -1.0316279807181246, -1.0316279807181246, -1.0316284034765808, -1.0316284034765808, -1.0316284034765808, -1.0316284034765808, -1.0316284034765808, -1.0316284034765808, -1.0316284034765808, -1.0316284034765808, -1.031628423345797, -1.031628423345797, -1.031628423345797, -1.0316284473833515, -1.0316284473833515, -1.0316284473833515, -1.0316284473833515, -1.0316284473833515, -1.0316284473833515, -1.0316284473833515, -1.0316284473833515, -1.0316284473833515, -1.0316284485515446, -1.0316284485515446, -1.0316284534248388, -1.0316284534248388, -1.0316284534248388, -1.0316284534248388, -1.0316284534248388, -1.0316284534248388, -1.0316284534248388, -1.0316284534248388, -1.0316284534248388, -1.0316284534248388, -1.0316284534248388, -1.0316284534248388, -1.0316284534248388, -1.0316284534248388, -1.0316284534248388, -1.0316284534248388, -1.0316284534248388, -1.0316284534248388, -1.0316284534248388, -1.0316284534833446, -1.0316284534833446, -1.0316284534833446, -1.0316284534833446, -1.031628453483929, -1.0316284534891988, -1.0316284534891988, -1.0316284534891988, -1.0316284534891988, -1.0316284534891988, -1.0316284534897044, -1.0316284534897044, -1.0316284534897044, -1.0316284534897044, -1.0316284534897044, -1.0316284534897044, -1.0316284534897044, -1.0316284534898343, -1.0316284534898765, -1.0316284534898765, -1.0316284534898765, -1.0316284534898765]","{""cognitive_weight"": 1.5, ""inertia_weight"": 0.7, ""max_iterations"": 120, ""social_weight"": 1.5, ""swarm_size"": 40}"
six_hump_camel,Six-Hump Camel,99,2204,pso,PSO,2,"[-3.0, 3.0]","[0.089842, -0.712656]","[0.08984198308565941, -0.7126563517889366]",-1.0316284534898539,3.521953305561165e-07,120,4840,"[-0.46684492706206016, -0.46684492706206016, -0.8268208831115237, -0.8268208831115237, -0.9719373278038215, -1.0209522176145573, -1.0209522176145573, -1.0209522176145573, -1.0209522176145573, -1.0209522176145573, -1.0223670043064275, -1.0223670043064275, -1.0223670043064275, -1.0223670043064275, -1.0223670043064275, -1.0223670043064275, -1.0223670043064275, -1.0223670043064275, -1.0287630208354868, -1.029108477518794, -1.0296779139997108, -1.0296779139997108, -1.0298481085504363, -1.0310411427342443, -1.031424338718588, -1.031424338718588, -1.031424338718588, -1.031424338718588, -1.0316056246971572, -1.0316056246971572, -1.0316056246971572, -1.0316056246971572, -1.031618765035026, -1.031618765035026, -1.031618765035026, -1.031618765035026, -1.031618765035026, -1.031618765035026, -1.031618765035026, -1.031618765035026, -1.031618765035026, -1.031618765035026, -1.031618765035026, -1.031618765035026, -1.031618765035026, -1.0316239977570631, -1.0316265469867936, -1.0316265469867936, -1.0316284101319122, -1.0316284101319122, -1.0316284101319122, -1.0316284101319122, -1.0316284101319122, -1.0316284101319122, -1.0316284101319122, -1.0316284101319122, -1.0316284101319122, -1.0316284101319122, -1.0316284101319122, -1.0316284101319122, -1.0316284101319122, -1.0316284101319122, -1.031628446319568, -1.031628446319568, -1.031628446319568, -1.031628446319568, -1.031628446319568, -1.031628446319568, -1.0316284471461188, -1.0316284527939814, -1.0316284527939814, -1.0316284529227402, -1.0316284529227402, -1.0316284529227402, -1.0316284529227402, -1.0316284529227402, -1.0316284531874222, -1.0316284533521694, -1.0316284533521694, -1.0316284533521694, -1.0316284533521694, -1.0316284534859657, -1.0316284534859657, -1.0316284534859657, -1.0316284534859657, -1.0316284534859657, -1.0316284534859657, -1.0316284534859657, -1.0316284534859657, -1.0316284534859657, -1.0316284534859657, -1.0316284534861466, -1.0316284534861466, -1.0316284534861466, -1.0316284534861466, -1.0316284534883247, -1.0316284534883247, -1.0316284534883247, -1.0316284534883247, -1.0316284534883247, -1.0316284534886593, -1.0316284534897415, -1.0316284534898261, -1.0316284534898261, -1.0316284534898261, -1.0316284534898261, -1.0316284534898261, -1.0316284534898261, -1.0316284534898261, -1.0316284534898261, -1.0316284534898261, -1.0316284534898519, -1.0316284534898519, -1.0316284534898519, -1.0316284534898519, -1.0316284534898519, -1.0316284534898519, -1.0316284534898519, -1.0316284534898519, -1.0316284534898539, -1.0316284534898539]","{""cognitive_weight"": 1.5, ""inertia_weight"": 0.7, ""max_iterations"": 120, ""social_weight"": 1.5, ""swarm_size"": 40}"
six_hump_camel,Six-Hump Camel,100,2235,pso,PSO,2,"[-3.0, 3.0]","[0.089842, -0.712656]","[0.08984200498238026, -0.7126563951193207]",-1.0316284534898765,3.95150732896304e-07,120,4840,"[-0.9111708932690241, -0.9111708932690241, -1.0065054882315643, -1.0065054882315643, -1.0065054882315643, -1.0065054882315643, -1.0065054882315643, -1.0065054882315643, -1.0065054882315643, -1.0065054882315643, -1.0065054882315643, -1.0065054882315643, -1.0065054882315643, -1.010624350294162, -1.02353738633011, -1.02353738633011, -1.02353738633011, -1.02353738633011, -1.0274229320707473, -1.0274229320707473, -1.0274229320707473, -1.0316261937060172, -1.0316261937060172, -1.0316261937060172, -1.0316261937060172, -1.0316261937060172, -1.0316261937060172, -1.0316261937060172, -1.0316261937060172, -1.0316261937060172, -1.0316261937060172, -1.0316261937060172, -1.0316261937060172, -1.0316278500595268, -1.0316278500595268, -1.0316278500595268, -1.0316278500595268, -1.0316278500595268, -1.0316278500595268, -1.0316278500595268, -1.0316278500595268, -1.0316278500595268, -1.0316278500595268, -1.0316278500595268, -1.0316278500595268, -1.0316278500595268, -1.0316278500595268, -1.0316278500595268, -1.0316283513841769, -1.0316283513841769, -1.0316283513841769, -1.0316283867432898, -1.0316283867432898, -1.0316283867432898, -1.0316283867432898, -1.0316283867432898, -1.0316283867432898, -1.0316283867432898, -1.0316283867432898, -1.0316283867432898, -1.0316284014154042, -1.0316284014154042, -1.031628429875028, -1.031628429875028, -1.031628429875028, -1.031628429875028, -1.031628429875028, -1.0316284447193358, -1.0316284447193358, -1.0316284523296977, -1.0316284523296977, -1.0316284523296977, -1.031628452906722, -1.0316284531163198, -1.0316284531163198, -1.0316284534073095, -1.0316284534073095, -1.0316284534073095, -1.0316284534073095, -1.0316284534073095, -1.0316284534073095, -1.031628453445449, -1.031628453445449, -1.0316284534581615, -1.0316284534581615, -1.0316284534581615, -1.031628453480198, -1.0316284534862588, -1.0316284534862588, -1.0316284534862588, -1.0316284534862588, -1.0316284534872169, -1.0316284534872169, -1.0316284534872169, -1.0316284534872169, -1.0316284534873483, -1.0316284534898708, -1.0316284534898708, -1.0316284534898708, -1.0316284534898708, -1.0316284534898708, -1.0316284534898708, -1.0316284534898708, -1.0316284534898708, -1.0316284534898708, -1.0316284534898708, -1.0316284534898708, -1.0316284534898708, -1.0316284534898708, -1.0316284534898765, -1.0316284534898765, -1.0316284534898765, -1.0316284534898765, -1.0316284534898765, -1.0316284534898765, -1.0316284534898765, -1.0316284534898765, -1.0316284534898765, -1.0316284534898765, -1.0316284534898765, -1.0316284534898765]","{""cognitive_weight"": 1.5, ""inertia_weight"": 0.7, ""max_iterations"": 120, ""social_weight"": 1.5, ""swarm_size"": 40}"
