funcion,nombre_funcion,corrida,semilla,metodo,nombre_metodo,dimension,limites,optimo_conocido,mejor_solucion,mejor_valor,distancia_al_optimo,iteraciones,evaluaciones,best_values_history,parametros
schwefel,Schwefel,1,1502,pso,PSO,2,"[-500.0, 500.0]","[420.968746, 420.968746]","[420.9687458623443, 420.96874784543877]",2.5455132799834246e-05,1.8505656739754887e-06,140,7050,"[127.81516511614404, 127.81516511614404, 127.81516511614404, 127.81516511614404, 127.81516511614404, 127.81516511614404, 127.81516511614404, 124.20548491752902, 124.20548491752902, 1.0329112250581147, 1.0329112250581147, 1.0329112250581147, 1.0329112250581147, 1.0329112250581147, 1.0329112250581147, 1.0329112250581147, 1.0329112250581147, 0.03364007910681721, 0.03364007910681721, 0.03364007910681721, 0.03364007910681721, 0.03364007910681721, 0.03364007910681721, 0.03364007910681721, 0.03364007910681721, 0.03364007910681721, 0.03364007910681721, 0.03364007910681721, 0.023126955557017936, 0.023126955557017936, 0.023126955557017936, 0.023126955557017936, 0.022615061205328857, 0.022615061205328857, 0.0027128253614137066, 0.0027128253614137066, 0.0011459981012649223, 0.0011459981012649223, 0.0011459981012649223, 0.0011459981012649223, 0.0011459981012649223, 0.0011459981012649223, 0.0011459981012649223, 0.0011459981012649223, 0.0011459981012649223, 0.0011459981012649223, 0.0003122555367554014, 0.0003122555367554014, 0.0003122555367554014, 0.0003122555367554014, 0.0003122555367554014, 0.0003122555367554014, 0.0003122555367554014, 0.0003122555367554014, 0.0003122555367554014, 0.0003122555367554014, 0.0003122555367554014, 0.0003122555367554014, 0.00029007619593812706, 0.00029007619593812706, 0.00017484267323197855, 0.00017484267323197855, 0.00010027455959971121, 0.00010027455959971121, 0.00010027455959971121, 0.00010027455959971121, 6.53687966405414e-05, 6.53687966405414e-05, 6.53687966405414e-05, 6.53687966405414e-05, 5.10184729591856e-05, 5.10184729591856e-05, 3.358821572874149e-05, 3.358821572874149e-05, 3.358821572874149e-05, 2.6544215529611392e-05, 2.6544215529611392e-05, 2.6544215529611392e-05, 2.6544215529611392e-05, 2.6544215529611392e-05, 2.6278118866684963e-05, 2.6278118866684963e-05, 2.615778339531971e-05, 2.567290846400283e-05, 2.567290846400283e-05, 2.567290846400283e-05, 2.567290846400283e-05, 2.567290846400283e-05, 2.559794415901706e-05, 2.559794415901706e-05, 2.559794415901706e-05, 2.559794415901706e-05, 2.5527834395688842e-05, 2.5517647145534283e-05, 2.5503735514575965e-05, 2.5503735514575965e-05, 2.5468733952038747e-05, 2.5467252953603747e-05, 2.5457454512434197e-05, 2.5457454512434197e-05, 2.5457454512434197e-05, 2.5457454512434197e-05, 2.5457454512434197e-05, 2.5457454512434197e-05, 2.5457454512434197e-05, 2.5457454512434197e-05, 2.5455612785663106e-05, 2.5455612785663106e-05, 2.5455612785663106e-05, 2.5455253535255906e-05, 2.5455253535255906e-05, 2.5455253535255906e-05, 2.5455144168518018e-05, 2.5455144168518018e-05, 2.5455144168518018e-05, 2.5455144168518018e-05, 2.5455144168518018e-05, 2.5455144168518018e-05, 2.5455144168518018e-05, 2.5455144168518018e-05, 2.5455142917962803e-05, 2.5455142917962803e-05, 2.5455142917962803e-05, 2.5455137347307755e-05, 2.5455137347307755e-05, 2.5455137347307755e-05, 2.5455137347307755e-05, 2.5455137347307755e-05, 2.5455135300944676e-05, 2.5455135300944676e-05, 2.5455135300944676e-05, 2.5455135300944676e-05, 2.5455132799834246e-05, 2.5455132799834246e-05, 2.5455132799834246e-05, 2.5455132799834246e-05, 2.5455132799834246e-05, 2.5455132799834246e-05, 2.5455132799834246e-05, 2.5455132799834246e-05, 2.5455132799834246e-05]","{""cognitive_weight"": 1.5, ""inertia_weight"": 0.7, ""max_iterations"": 140, ""social_weight"": 1.5, ""swarm_size"": 50}"
schwefel,Schwefel,2,1503,pso,PSO,2,"[-500.0, 500.0]","[420.968746, 420.968746]","[420.9687458403453, 420.96874654158626]",2.545513257246057e-05,5.646284457978036e-07,140,7050,"[222.0525499934255, 222.0525499934255, 222.0525499934255, 222.0525499934255, 222.0525499934255, 165.37521680772102, 56.47562833751772, 56.47562833751772, 56.47562833751772, 56.47562833751772, 55.55175471602604, 18.631875129066884, 18.631875129066884, 13.00302476635352, 13.00302476635352, 3.46021653287562, 2.66352649556859, 2.66352649556859, 2.66352649556859, 2.66352649556859, 0.04615103695459766, 0.04615103695459766, 0.04615103695459766, 0.04615103695459766, 0.04615103695459766, 0.04615103695459766, 0.04615103695459766, 0.04615103695459766, 0.04615103695459766, 0.04615103695459766, 0.04615103695459766, 0.04615103695459766, 0.04615103695459766, 0.007497782554196419, 0.007497782554196419, 0.007497782554196419, 0.007497782554196419, 0.007497782554196419, 0.0004837917667828151, 0.0004837917667828151, 0.0004837917667828151, 0.0004837917667828151, 0.0004837917667828151, 0.0004837917667828151, 0.000271037336574409, 0.000271037336574409, 0.000271037336574409, 0.000271037336574409, 0.00012751521740028693, 0.00012751521740028693, 6.84333481331123e-05, 6.84333481331123e-05, 6.84333481331123e-05, 6.84333481331123e-05, 6.84333481331123e-05, 6.84333481331123e-05, 4.465065512704314e-05, 3.0084800755503238e-05, 3.0084800755503238e-05, 2.944787001979421e-05, 2.944787001979421e-05, 2.944787001979421e-05, 2.944787001979421e-05, 2.944787001979421e-05, 2.944787001979421e-05, 2.944787001979421e-05, 2.6707201300268935e-05, 2.6707201300268935e-05, 2.6707201300268935e-05, 2.6707201300268935e-05, 2.6707201300268935e-05, 2.637183092701889e-05, 2.5980767532018945e-05, 2.549346481828252e-05, 2.5484603156655794e-05, 2.5484603156655794e-05, 2.5484603156655794e-05, 2.5484603156655794e-05, 2.5484603156655794e-05, 2.5478732027295337e-05, 2.5478732027295337e-05, 2.5478732027295337e-05, 2.5478732027295337e-05, 2.5478732027295337e-05, 2.545645588725165e-05, 2.545645588725165e-05, 2.545645588725165e-05, 2.545645588725165e-05, 2.545645588725165e-05, 2.545645588725165e-05, 2.545645588725165e-05, 2.545645588725165e-05, 2.545645588725165e-05, 2.545645588725165e-05, 2.545645588725165e-05, 2.545645588725165e-05, 2.5455395302742545e-05, 2.5455395302742545e-05, 2.545537017795141e-05, 2.545537017795141e-05, 2.545529525832535e-05, 2.5455149739173066e-05, 2.5455149739173066e-05, 2.5455149739173066e-05, 2.5455149739173066e-05, 2.5455146897002123e-05, 2.5455146897002123e-05, 2.5455146897002123e-05, 2.5455146897002123e-05, 2.5455146897002123e-05, 2.5455146897002123e-05, 2.5455146897002123e-05, 2.5455146897002123e-05, 2.545514007579186e-05, 2.545514007579186e-05, 2.545514007579186e-05, 2.545514007579186e-05, 2.545514007579186e-05, 2.545514007579186e-05, 2.545514007579186e-05, 2.545514007579186e-05, 2.545514007579186e-05, 2.545513461882365e-05, 2.545513461882365e-05, 2.545513461882365e-05, 2.5455132913521084e-05, 2.5455132913521084e-05, 2.5455132913521084e-05, 2.5455132686147408e-05, 2.5455132686147408e-05, 2.5455132686147408e-05, 2.5455132686147408e-05, 2.545513257246057e-05, 2.545513257246057e-05, 2.545513257246057e-05, 2.545513257246057e-05, 2.545513257246057e-05, 2.545513257246057e-05, 2.545513257246057e-05, 2.545513257246057e-05, 2.545513257246057e-05]","{""cognitive_weight"": 1.5, ""inertia_weight"": 0.7, ""max_iterations"": 140, ""social_weight"": 1.5, ""swarm_size"": 50}"
schwefel,Schwefel,3,1504,pso,PSO,2,"[-500.0, 500.0]","[420.968746, 420.968746]","[420.9687463593277, 420.9687461736133]",2.5455132458773733e-05,3.990713906327173e-07,140,7050,"[288.704866674595, 288.704866674595, 166.7776125064595, 166.7776125064595, 33.65181776620602, 33.65181776620602, 5.260218407530147, 5.260218407530147, 0.7299122738755841, 0.7299122738755841, 0.7299122738755841, 0.7299122738755841, 0.7299122738755841, 0.7299122738755841, 0.0035401082129737915, 0.0035401082129737915, 0.0035401082129737915, 0.0035401082129737915, 0.0035401082129737915, 0.0035401082129737915, 0.0035401082129737915, 0.0035401082129737915, 0.0035401082129737915, 0.0035401082129737915, 0.0035401082129737915, 0.0035401082129737915, 0.0035401082129737915, 0.0035401082129737915, 0.0035401082129737915, 0.0035401082129737915, 0.0035401082129737915, 0.0035401082129737915, 0.0034517916949425853, 0.0034517916949425853, 0.0034517916949425853, 0.0034517916949425853, 0.0012242235916346544, 0.0012242235916346544, 0.0012242235916346544, 8.930676472118648e-05, 8.930676472118648e-05, 8.930676472118648e-05, 8.930676472118648e-05, 8.930676472118648e-05, 8.930676472118648e-05, 8.930676472118648e-05, 8.930676472118648e-05, 8.930676472118648e-05, 8.930676472118648e-05, 6.224591038517246e-05, 6.224591038517246e-05, 6.224591038517246e-05, 6.224591038517246e-05, 6.224591038517246e-05, 6.224591038517246e-05, 3.109443571247539e-05, 3.109443571247539e-05, 3.109443571247539e-05, 3.109443571247539e-05, 3.109443571247539e-05, 3.109443571247539e-05, 3.109443571247539e-05, 3.109443571247539e-05, 2.837659656051983e-05, 2.7269418296782533e-05, 2.7198338557354873e-05, 2.7198338557354873e-05, 2.7198338557354873e-05, 2.7198338557354873e-05, 2.5548653184159775e-05, 2.5548653184159775e-05, 2.5488848450549995e-05, 2.5459703351771168e-05, 2.5459703351771168e-05, 2.5459703351771168e-05, 2.5459703351771168e-05, 2.5458059212724038e-05, 2.5455617333136615e-05, 2.5455617333136615e-05, 2.5455617333136615e-05, 2.5455617333136615e-05, 2.5455264449192327e-05, 2.5455264449192327e-05, 2.5455264449192327e-05, 2.5455264449192327e-05, 2.5455135300944676e-05, 2.5455135300944676e-05, 2.5455135300944676e-05, 2.5455135300944676e-05, 2.5455135300944676e-05, 2.5455135300944676e-05, 2.5455135300944676e-05, 2.5455133936702623e-05, 2.5455133936702623e-05, 2.5455133936702623e-05, 2.5455133936702623e-05, 2.5455133936702623e-05, 2.5455133936702623e-05, 2.5455133936702623e-05, 2.5455133936702623e-05, 2.5455133936702623e-05, 2.5455133254581597e-05, 2.5455133254581597e-05, 2.5455133254581597e-05, 2.5455133254581597e-05, 2.5455133254581597e-05, 2.5455133254581597e-05, 2.5455133254581597e-05, 2.545513314089476e-05, 2.545513314089476e-05, 2.545513314089476e-05, 2.545513314089476e-05, 2.545513314089476e-05, 2.545513314089476e-05, 2.545513302720792e-05, 2.545513302720792e-05, 2.545513302720792e-05, 2.545513302720792e-05, 2.545513302720792e-05, 2.545513302720792e-05, 2.5455132458773733e-05, 2.5455132458773733e-05, 2.5455132458773733e-05, 2.5455132458773733e-05, 2.5455132458773733e-05, 2.5455132458773733e-05, 2.5455132458773733e-05, 2.5455132458773733e-05, 2.5455132458773733e-05, 2.5455132458773733e-05, 2.5455132458773733e-05, 2.5455132458773733e-05, 2.5455132458773733e-05, 2.5455132458773733e-05, 2.5455132458773733e-05, 2.5455132458773733e-05, 2.5455132458773733e-05, 2.5455132458773733e-05, 2.5455132458773733e-05, 2.5455132458773733e-05, 2.5455132458773733e-05]","{""cognitive_weight"": 1.5, ""inertia_weight"": 0.7, ""max_iterations"": 140, ""social_weight"": 1.5, ""swarm_size"": 50}"
schwefel,Schwefel,4,1505,pso,PSO,2,"[-500.0, 500.0]","[420.968746, 420.968746]","[420.968747045062, 420.96874660332384]",2.5455132345086895e-05,1.2067121478354633e-06,140,7050,"[16.376778726210887, 16.376778726210887, 16.376778726210887, 16.376778726210887, 16.376778726210887, 16.376778726210887, 6.504227747229606, 6.504227747229606, 6.504227747229606, 6.504227747229606, 6.504227747229606, 4.958319739820695, 4.958319739820695, 0.5999540560540026, 0.5999540560540026, 0.5999540560540026, 0.3248510981989057, 0.3248510981989057, 0.3248510981989057, 0.3248510981989057, 0.3248510981989057, 0.3248510981989057, 0.2988800196558259, 0.10769196338014808, 0.10769196338014808, 0.10769196338014808, 0.10769196338014808, 0.023109157792305268, 0.01729841997962467, 0.01729841997962467, 0.004336652599249646, 0.004336652599249646, 0.004336652599249646, 0.004336652599249646, 0.004336652599249646, 0.004336652599249646, 0.004336652599249646, 0.004336652599249646, 0.004336652599249646, 0.004336652599249646, 0.004336652599249646, 0.0024118094984260097, 0.0024118094984260097, 0.0009651243694861478, 0.0007783416217534977, 0.0007783416217534977, 0.0007783416217534977, 0.00024395396337695274, 0.00024395396337695274, 0.00011661693815767649, 0.00011661693815767649, 0.00011661693815767649, 0.00011661693815767649, 0.00011661693815767649, 0.00011661693815767649, 0.00011661693815767649, 3.125340231235896e-05, 3.125340231235896e-05, 3.125340231235896e-05, 3.125340231235896e-05, 3.125340231235896e-05, 3.125340231235896e-05, 3.125340231235896e-05, 3.125340231235896e-05, 3.125340231235896e-05, 3.125340231235896e-05, 2.8926017421326833e-05, 2.7019280764761788e-05, 2.7019280764761788e-05, 2.654601246376842e-05, 2.654601246376842e-05, 2.5982330726037617e-05, 2.5982330726037617e-05, 2.5982330726037617e-05, 2.5982330726037617e-05, 2.5982330726037617e-05, 2.5584092327335384e-05, 2.5584092327335384e-05, 2.5513337732263608e-05, 2.5513337732263608e-05, 2.5513337732263608e-05, 2.5491552833045716e-05, 2.5491552833045716e-05, 2.5466505007898377e-05, 2.5466505007898377e-05, 2.5455245577177266e-05, 2.5455245577177266e-05, 2.5455245577177266e-05, 2.5455245577177266e-05, 2.5455245577177266e-05, 2.5455245577177266e-05, 2.5455245577177266e-05, 2.5455245577177266e-05, 2.5455245577177266e-05, 2.5455245577177266e-05, 2.5455245577177266e-05, 2.5455245577177266e-05, 2.5455245577177266e-05, 2.5455245577177266e-05, 2.5455245577177266e-05, 2.5455245577177266e-05, 2.5455245577177266e-05, 2.5455245577177266e-05, 2.5455245577177266e-05, 2.5455194304413453e-05, 2.5455162131038378e-05, 2.545515803831222e-05, 2.5455156446696492e-05, 2.5455156446696492e-05, 2.5455156446696492e-05, 2.5455156446696492e-05, 2.5455156446696492e-05, 2.545514951179939e-05, 2.545514951179939e-05, 2.545514951179939e-05, 2.5455138256802456e-05, 2.5455138256802456e-05, 2.5455138256802456e-05, 2.5455135073571e-05, 2.5455135073571e-05, 2.545513257246057e-05, 2.545513257246057e-05, 2.545513257246057e-05, 2.545513257246057e-05, 2.545513257246057e-05, 2.545513257246057e-05, 2.545513257246057e-05, 2.545513257246057e-05, 2.545513257246057e-05, 2.545513257246057e-05, 2.545513257246057e-05, 2.545513257246057e-05, 2.545513257246057e-05, 2.5455132345086895e-05, 2.5455132345086895e-05, 2.5455132345086895e-05, 2.5455132345086895e-05, 2.5455132345086895e-05, 2.5455132345086895e-05, 2.5455132345086895e-05, 2.5455132345086895e-05]","{""cognitive_weight"": 1.5, ""inertia_weight"": 0.7, ""max_iterations"": 140, ""social_weight"": 1.5, ""swarm_size"": 50}"
schwefel,Schwefel,5,1506,pso,PSO,2,"[-500.0, 500.0]","[420.968746, 420.968746]","[420.9687463625961, 420.9687460612298]",2.5455132345086895e-05,3.677295444271176e-07,140,7050,"[258.79992822799113, 221.4454478860937, 44.752283138740836, 44.752283138740836, 7.008365907840698, 7.008365907840698, 7.008365907840698, 7.008365907840698, 7.008365907840698, 7.008365907840698, 7.008365907840698, 0.575905089469984, 0.2837733639147473, 0.15091218282850605, 0.15091218282850605, 0.15091218282850605, 0.15091218282850605, 0.15091218282850605, 0.15091218282850605, 0.15091218282850605, 0.1251592318881194, 0.1251592318881194, 0.1251592318881194, 0.1251592318881194, 0.1251592318881194, 0.1251592318881194, 0.07084252544973424, 0.07084252544973424, 0.037963534734672066, 0.019208411417935167, 0.019208411417935167, 0.019208411417935167, 0.019208411417935167, 0.019208411417935167, 0.019208411417935167, 0.005898612509781742, 0.005569782595785, 0.004541204344718608, 0.004541204344718608, 0.004541204344718608, 0.0013471254198975657, 0.0013471254198975657, 0.0012008086982859822, 0.0009968597311171834, 0.0009968597311171834, 0.0009968597311171834, 0.0001564955446156091, 6.48178203164207e-05, 6.48178203164207e-05, 6.48178203164207e-05, 5.7052934607781935e-05, 5.7052934607781935e-05, 5.7052934607781935e-05, 3.588529034459498e-05, 3.588529034459498e-05, 3.588529034459498e-05, 3.588529034459498e-05, 3.588529034459498e-05, 3.361831602433085e-05, 3.148638006678084e-05, 3.148638006678084e-05, 3.0138497095322236e-05, 3.0138497095322236e-05, 3.0138497095322236e-05, 2.5790913696255302e-05, 2.5790913696255302e-05, 2.5790913696255302e-05, 2.5790913696255302e-05, 2.5790913696255302e-05, 2.5790913696255302e-05, 2.5790913696255302e-05, 2.5790913696255302e-05, 2.5790913696255302e-05, 2.5790913696255302e-05, 2.5790913696255302e-05, 2.5790913696255302e-05, 2.5767985789570957e-05, 2.5704735662657185e-05, 2.5646399308243417e-05, 2.5646399308243417e-05, 2.5517823132759077e-05, 2.5517823132759077e-05, 2.5517823132759077e-05, 2.5461639552304405e-05, 2.5461639552304405e-05, 2.5461639552304405e-05, 2.5461639552304405e-05, 2.5461639552304405e-05, 2.5460136157562374e-05, 2.5459396965743508e-05, 2.5459396965743508e-05, 2.545803818065906e-05, 2.545803818065906e-05, 2.545803818065906e-05, 2.5457594347244594e-05, 2.5457594347244594e-05, 2.5456422235947684e-05, 2.5456422235947684e-05, 2.5456422235947684e-05, 2.5456422235947684e-05, 2.5456422235947684e-05, 2.5456125399614393e-05, 2.5455155764575466e-05, 2.5455155764575466e-05, 2.54551341640763e-05, 2.54551341640763e-05, 2.54551341640763e-05, 2.54551341640763e-05, 2.5455132799834246e-05, 2.5455132799834246e-05, 2.5455132799834246e-05, 2.5455132799834246e-05, 2.5455132799834246e-05, 2.5455132799834246e-05, 2.5455132799834246e-05, 2.5455132799834246e-05, 2.5455132799834246e-05, 2.5455132799834246e-05, 2.5455132799834246e-05, 2.5455132799834246e-05, 2.5455132799834246e-05, 2.5455132799834246e-05, 2.5455132799834246e-05, 2.545513257246057e-05, 2.545513257246057e-05, 2.545513257246057e-05, 2.545513257246057e-05, 2.545513257246057e-05, 2.545513257246057e-05, 2.545513257246057e-05, 2.545513257246057e-05, 2.545513257246057e-05, 2.545513257246057e-05, 2.545513257246057e-05, 2.545513257246057e-05, 2.545513257246057e-05, 2.545513257246057e-05, 2.5455132345086895e-05, 2.5455132345086895e-05, 2.5455132345086895e-05, 2.5455132345086895e-05]","{""cognitive_weight"": 1.5, ""inertia_weight"": 0.7, ""max_iterations"": 140, ""social_weight"": 1.5, ""swarm_size"": 50}"
schwefel,Schwefel,6,1507,pso,PSO,2,"[-500.0, 500.0]","[420.968746, 420.968746]","[420.9687461298615, 420.96874637965885]",2.5455132458773733e-05,4.0125407961956934e-07,140,7050,"[251.19425237000314, 251.19425237000314, 27.07238377315025, 27.07238377315025, 27.07238377315025, 27.07238377315025, 27.07238377315025, 27.07238377315025, 27.07238377315025, 15.556350579126502, 15.556350579126502, 8.007385855965708, 2.114101446870336, 2.114101446870336, 2.114101446870336, 0.13747046294133725, 0.13747046294133725, 0.13747046294133725, 0.13747046294133725, 0.13747046294133725, 0.13747046294133725, 0.13747046294133725, 0.13747046294133725, 0.13747046294133725, 0.09695422541744847, 0.08746075410795129, 0.03341678283777583, 0.03341678283777583, 0.03341678283777583, 0.03341678283777583, 0.007293763294910605, 0.007293763294910605, 0.004741975335491588, 0.00314407909786496, 0.00314407909786496, 0.00314407909786496, 0.0002660746995388763, 0.0002660746995388763, 0.0002552234775521356, 0.0002552234775521356, 0.00011373253971669328, 0.00010190525154030183, 7.204774988167628e-05, 2.6846323294194008e-05, 2.6846323294194008e-05, 2.6846323294194008e-05, 2.6846323294194008e-05, 2.6846323294194008e-05, 2.6438399686412595e-05, 2.6438399686412595e-05, 2.5720158532749338e-05, 2.5475855636614142e-05, 2.5475855636614142e-05, 2.5475855636614142e-05, 2.5475855636614142e-05, 2.54681524438638e-05, 2.54681524438638e-05, 2.54681524438638e-05, 2.54681524438638e-05, 2.54681524438638e-05, 2.54681524438638e-05, 2.54681524438638e-05, 2.54681524438638e-05, 2.546668599734403e-05, 2.5459068865529844e-05, 2.5458466552663594e-05, 2.5458466552663594e-05, 2.5458466552663594e-05, 2.5458466552663594e-05, 2.5458466552663594e-05, 2.5458393793087453e-05, 2.5458393793087453e-05, 2.5458393793087453e-05, 2.5458393793087453e-05, 2.545810502851964e-05, 2.5457912215642864e-05, 2.5457912215642864e-05, 2.5457912215642864e-05, 2.5457912215642864e-05, 2.5457893343627802e-05, 2.5457893343627802e-05, 2.5457893343627802e-05, 2.5457893343627802e-05, 2.545784946050844e-05, 2.5457716901655658e-05, 2.5457627202740696e-05, 2.545756615290884e-05, 2.5457523861405207e-05, 2.545749475757475e-05, 2.545747474869131e-05, 2.5457460651523434e-05, 2.545745087445539e-05, 2.545744382587145e-05, 2.5457439164711104e-05, 2.545743586779281e-05, 2.545743336668238e-05, 2.545558959354821e-05, 2.5455409627284098e-05, 2.5455219656578265e-05, 2.5455219656578265e-05, 2.5455219656578265e-05, 2.5455219656578265e-05, 2.5455138938923483e-05, 2.5455138938923483e-05, 2.545513666518673e-05, 2.545513666518673e-05, 2.5455133936702623e-05, 2.5455133936702623e-05, 2.5455133936702623e-05, 2.5455133936702623e-05, 2.545513314089476e-05, 2.545513314089476e-05, 2.5455132799834246e-05, 2.5455132799834246e-05, 2.5455132799834246e-05, 2.5455132799834246e-05, 2.5455132799834246e-05, 2.5455132799834246e-05, 2.5455132799834246e-05, 2.5455132799834246e-05, 2.5455132799834246e-05, 2.5455132799834246e-05, 2.5455132799834246e-05, 2.545513257246057e-05, 2.545513257246057e-05, 2.545513257246057e-05, 2.545513257246057e-05, 2.545513257246057e-05, 2.545513257246057e-05, 2.545513257246057e-05, 2.545513257246057e-05, 2.545513257246057e-05, 2.545513257246057e-05, 2.545513257246057e-05, 2.545513257246057e-05, 2.545513257246057e-05, 2.5455132458773733e-05, 2.5455132458773733e-05, 2.5455132458773733e-05, 2.5455132458773733e-05, 2.5455132458773733e-05]","{""cognitive_weight"": 1.5, ""inertia_weight"": 0.7, ""max_iterations"": 140, ""social_weight"": 1.5, ""swarm_size"": 50}"
schwefel,Schwefel,7,1508,pso,PSO,2,"[-500.0, 500.0]","[420.968746, 420.968746]","[420.9687472125532, 420.96874665069123]",2.545513257246057e-05,1.376112008534837e-06,140,7050,"[255.28840799404816, 255.28840799404816, 255.28840799404816, 252.11660282845878, 29.182733997070272, 29.182733997070272, 29.182733997070272, 29.182733997070272, 29.182733997070272, 29.182733997070272, 23.277898904249128, 16.303958561779382, 16.303958561779382, 16.303958561779382, 16.303958561779382, 16.303958561779382, 16.303958561779382, 11.966629476406524, 7.0238514981977005, 3.8996656848705697, 3.8996656848705697, 3.8996656848705697, 1.2021844049165793, 1.2021844049165793, 0.04699527921980007, 0.04699527921980007, 0.04699527921980007, 0.04699527921980007, 0.04699527921980007, 0.04699527921980007, 0.01161084797422518, 0.01161084797422518, 0.01137952081273852, 0.01137952081273852, 0.01137952081273852, 0.01137952081273852, 0.01137952081273852, 0.005422805285661525, 0.0024670152923818023, 0.0009434513100359254, 0.0009434513100359254, 0.0009434513100359254, 5.762600426351128e-05, 5.762600426351128e-05, 5.762600426351128e-05, 5.762600426351128e-05, 5.762600426351128e-05, 5.762600426351128e-05, 5.762600426351128e-05, 5.762600426351128e-05, 5.762600426351128e-05, 5.762600426351128e-05, 5.762600426351128e-05, 5.762600426351128e-05, 5.762600426351128e-05, 5.762600426351128e-05, 5.762600426351128e-05, 5.762600426351128e-05, 5.762600426351128e-05, 5.762600426351128e-05, 5.762600426351128e-05, 3.610302769629925e-05, 3.610302769629925e-05, 3.610302769629925e-05, 3.610302769629925e-05, 3.610302769629925e-05, 3.610302769629925e-05, 3.610302769629925e-05, 3.610302769629925e-05, 3.147628206079389e-05, 2.852327179425629e-05, 2.738511443567404e-05, 2.7043589852837613e-05, 2.7027563533010834e-05, 2.7027563533010834e-05, 2.69260067398136e-05, 2.680390343812178e-05, 2.5859986408249824e-05, 2.5859986408249824e-05, 2.555818946348154e-05, 2.555818946348154e-05, 2.555818946348154e-05, 2.5478978955106868e-05, 2.5478978955106868e-05, 2.5462426833655627e-05, 2.5462426833655627e-05, 2.5462426833655627e-05, 2.5457316723986878e-05, 2.5457316723986878e-05, 2.5457316723986878e-05, 2.5457316723986878e-05, 2.5457316723986878e-05, 2.5457316723986878e-05, 2.5457316723986878e-05, 2.5457316723986878e-05, 2.5455206696278765e-05, 2.5455206696278765e-05, 2.5455206696278765e-05, 2.5455206696278765e-05, 2.5455206696278765e-05, 2.5455206696278765e-05, 2.5455206696278765e-05, 2.5455206696278765e-05, 2.5455206696278765e-05, 2.5455206696278765e-05, 2.5455206696278765e-05, 2.5455196237089694e-05, 2.5455196237089694e-05, 2.545515906149376e-05, 2.545515906149376e-05, 2.545515906149376e-05, 2.545515906149376e-05, 2.5455153718212387e-05, 2.5455153718212387e-05, 2.5455153718212387e-05, 2.5455133936702623e-05, 2.5455133936702623e-05, 2.5455133936702623e-05, 2.5455132686147408e-05, 2.5455132686147408e-05, 2.5455132686147408e-05, 2.5455132686147408e-05, 2.545513257246057e-05, 2.545513257246057e-05, 2.545513257246057e-05, 2.545513257246057e-05, 2.545513257246057e-05, 2.545513257246057e-05, 2.545513257246057e-05, 2.545513257246057e-05, 2.545513257246057e-05, 2.545513257246057e-05, 2.545513257246057e-05, 2.545513257246057e-05, 2.545513257246057e-05, 2.545513257246057e-05, 2.545513257246057e-05, 2.545513257246057e-05, 2.545513257246057e-05, 2.545513257246057e-05, 2.545513257246057e-05]","{""cognitive_weight"": 1.5, ""inertia_weight"": 0.7, ""max_iterations"": 140, ""social_weight"": 1.5, ""swarm_size"": 50}"
schwefel,Schwefel,8,1509,pso,PSO,2,"[-500.0, 500.0]","[420.968746, 420.968746]","[420.96874700111545, 420.96874745725523]",2.5455132799834246e-05,1.7680002549170696e-06,140,7050,"[154.8211146396062, 154.8211146396062, 154.8211146396062, 154.8211146396062, 124.57516271881752, 124.57516271881752, 124.57516271881752, 124.57516271881752, 124.57516271881752, 121.17957310368672, 120.8119254036601, 120.8119254036601, 119.45890355898712, 119.45890355898712, 119.45890355898712, 119.45890355898712, 118.79720219769229, 19.313738035322103, 17.33747360180996, 1.9514454531752108, 1.9514454531752108, 1.9514454531752108, 1.9514454531752108, 1.9514454531752108, 1.9514454531752108, 1.9514454531752108, 1.9514454531752108, 1.9514454531752108, 1.9514454531752108, 0.1506267761781146, 0.1506267761781146, 0.10643128296965187, 0.10643128296965187, 0.10643128296965187, 0.10643128296965187, 0.10307837792868213, 0.10307837792868213, 0.02189821053889318, 0.02189821053889318, 0.02189821053889318, 0.02189821053889318, 0.016534279409370356, 0.013186472541519834, 0.005207277545196121, 0.005207277545196121, 0.005207277545196121, 0.005207277545196121, 0.00032350641481571074, 0.00032350641481571074, 0.00016964362191629334, 0.00016964362191629334, 0.00016964362191629334, 0.00016964362191629334, 0.00016964362191629334, 0.00016964362191629334, 0.00016964362191629334, 0.00011302927737233404, 0.00011302927737233404, 0.00011302927737233404, 0.00011302927737233404, 0.00011302927737233404, 0.00011302927737233404, 7.666419332963414e-05, 7.666419332963414e-05, 7.666419332963414e-05, 7.666419332963414e-05, 7.666419332963414e-05, 7.666419332963414e-05, 7.666419332963414e-05, 7.666419332963414e-05, 5.05028330053392e-05, 4.335942844591045e-05, 3.978096447099233e-05, 3.978096447099233e-05, 3.8019609178263636e-05, 3.6254686051506724e-05, 3.6254686051506724e-05, 2.576823362687719e-05, 2.576823362687719e-05, 2.576823362687719e-05, 2.576823362687719e-05, 2.576823362687719e-05, 2.576823362687719e-05, 2.576823362687719e-05, 2.576823362687719e-05, 2.576823362687719e-05, 2.576823362687719e-05, 2.576823362687719e-05, 2.576823362687719e-05, 2.5674970515865425e-05, 2.5674970515865425e-05, 2.5674970515865425e-05, 2.5674970515865425e-05, 2.5674970515865425e-05, 2.5481656280135212e-05, 2.5481656280135212e-05, 2.547104259065236e-05, 2.547104259065236e-05, 2.547104259065236e-05, 2.547104259065236e-05, 2.547104259065236e-05, 2.547104259065236e-05, 2.547104259065236e-05, 2.5462287112532067e-05, 2.5462287112532067e-05, 2.54553665399726e-05, 2.54553665399726e-05, 2.54553665399726e-05, 2.54553665399726e-05, 2.54553665399726e-05, 2.54553665399726e-05, 2.54553665399726e-05, 2.54553665399726e-05, 2.54553665399726e-05, 2.54553665399726e-05, 2.54553665399726e-05, 2.54553665399726e-05, 2.54553665399726e-05, 2.545515553720179e-05, 2.545515553720179e-05, 2.545515553720179e-05, 2.545515553720179e-05, 2.545515553720179e-05, 2.545515553720179e-05, 2.5455140757912886e-05, 2.5455140757912886e-05, 2.5455140757912886e-05, 2.5455140757912886e-05, 2.5455139393670834e-05, 2.5455139393670834e-05, 2.545513552831835e-05, 2.545513552831835e-05, 2.5455134391449974e-05, 2.5455134391449974e-05, 2.5455132799834246e-05, 2.5455132799834246e-05, 2.5455132799834246e-05, 2.5455132799834246e-05, 2.5455132799834246e-05, 2.5455132799834246e-05, 2.5455132799834246e-05]","{""cognitive_weight"": 1.5, ""inertia_weight"": 0.7, ""max_iterations"": 140, ""social_weight"": 1.5, ""swarm_size"": 50}"
schwefel,Schwefel,9,1510,pso,PSO,2,"[-500.0, 500.0]","[420.968746, 420.968746]","[420.96874617833424, 420.9687464262189]",2.5455132458773733e-05,4.6202341968520404e-07,140,7050,"[360.08332150911065, 359.18425141693314, 26.871064517962168, 26.871064517962168, 16.03867121117287, 10.330324863780334, 10.330324863780334, 10.330324863780334, 10.330324863780334, 10.330324863780334, 2.5602715611182703, 0.001486504884724127, 0.001486504884724127, 0.001486504884724127, 0.001486504884724127, 0.001486504884724127, 0.001486504884724127, 0.001486504884724127, 0.001486504884724127, 0.001486504884724127, 0.001486504884724127, 0.001486504884724127, 0.001486504884724127, 0.001486504884724127, 0.001486504884724127, 0.001486504884724127, 0.001486504884724127, 0.001486504884724127, 0.001486504884724127, 0.001486504884724127, 0.001486504884724127, 0.001486504884724127, 0.001486504884724127, 0.0006872128290069668, 0.0006872128290069668, 0.0006872128290069668, 0.0006872128290069668, 0.0006872128290069668, 4.192230085209303e-05, 4.192230085209303e-05, 4.192230085209303e-05, 4.192230085209303e-05, 4.192230085209303e-05, 4.192230085209303e-05, 4.192230085209303e-05, 4.192230085209303e-05, 4.192230085209303e-05, 4.192230085209303e-05, 4.192230085209303e-05, 4.192230085209303e-05, 4.192230085209303e-05, 4.192230085209303e-05, 4.192230085209303e-05, 4.192230085209303e-05, 4.0756059206614736e-05, 4.0756059206614736e-05, 2.6600558271638874e-05, 2.6600558271638874e-05, 2.6600558271638874e-05, 2.6600558271638874e-05, 2.6600558271638874e-05, 2.6600558271638874e-05, 2.6049472126032924e-05, 2.6049472126032924e-05, 2.6049472126032924e-05, 2.6049472126032924e-05, 2.6049472126032924e-05, 2.6049472126032924e-05, 2.6049472126032924e-05, 2.6049472126032924e-05, 2.6049472126032924e-05, 2.6020174573204713e-05, 2.6020174573204713e-05, 2.6020174573204713e-05, 2.6020174573204713e-05, 2.6011849058704684e-05, 2.576978954493825e-05, 2.549651401295705e-05, 2.549651401295705e-05, 2.549651401295705e-05, 2.549651401295705e-05, 2.5458558980062662e-05, 2.5458558980062662e-05, 2.5458558980062662e-05, 2.5458558980062662e-05, 2.5458558980062662e-05, 2.5458558980062662e-05, 2.5458558980062662e-05, 2.5458558980062662e-05, 2.5458558980062662e-05, 2.5458558980062662e-05, 2.5458558980062662e-05, 2.5457409265072783e-05, 2.5457409265072783e-05, 2.5457409265072783e-05, 2.545519737395807e-05, 2.545519737395807e-05, 2.545519737395807e-05, 2.545519737395807e-05, 2.5455173272348475e-05, 2.5455173272348475e-05, 2.5455173272348475e-05, 2.5455173272348475e-05, 2.5455159857301624e-05, 2.5455159857301624e-05, 2.5455159857301624e-05, 2.5455159857301624e-05, 2.5455159857301624e-05, 2.5455159857301624e-05, 2.545515599194914e-05, 2.545515599194914e-05, 2.5455152695030847e-05, 2.5455135983065702e-05, 2.5455135983065702e-05, 2.5455135983065702e-05, 2.5455135983065702e-05, 2.5455135300944676e-05, 2.5455135300944676e-05, 2.5455132799834246e-05, 2.5455132799834246e-05, 2.5455132799834246e-05, 2.5455132799834246e-05, 2.5455132799834246e-05, 2.5455132799834246e-05, 2.5455132799834246e-05, 2.5455132799834246e-05, 2.5455132799834246e-05, 2.5455132799834246e-05, 2.545513257246057e-05, 2.545513257246057e-05, 2.545513257246057e-05, 2.545513257246057e-05, 2.545513257246057e-05, 2.545513257246057e-05, 2.545513257246057e-05, 2.545513257246057e-05, 2.545513257246057e-05, 2.545513257246057e-05, 2.545513257246057e-05, 2.5455132458773733e-05, 2.5455132458773733e-05]","{""cognitive_weight"": 1.5, ""inertia_weight"": 0.7, ""max_iterations"": 140, ""social_weight"": 1.5, ""swarm_size"": 50}"
schwefel,Schwefel,10,1550,pso,PSO,2,"[-500.0, 500.0]","[420.968746, 420.968746]","[420.96874690987914, 420.9687455303243]",2.5455132686147408e-05,1.0239508218528756e-06,140,7050,"[182.83374381316162, 182.83374381316162, 182.83374381316162, 182.83374381316162, 182.83374381316162, 182.83374381316162, 164.0020343144679, 99.69201975060446, 99.69201975060446, 99.69201975060446, 99.69201975060446, 65.9791611358728, 65.9791611358728, 46.31165985208395, 37.96035756862102, 37.96035756862102, 8.20790835051821, 5.486711716975606, 5.486711716975606, 5.486711716975606, 5.486711716975606, 0.6984555345735544, 0.6984555345735544, 0.1703360992812577, 0.1703360992812577, 0.1703360992812577, 0.1703360992812577, 0.1703360992812577, 0.1703360992812577, 0.1703360992812577, 0.1703360992812577, 0.05772899694056832, 0.05772899694056832, 0.045711297473985724, 0.03137351919917819, 0.026576160626177625, 0.026576160626177625, 0.012226933690499209, 0.012226933690499209, 0.012226933690499209, 0.008424788415709372, 0.008424788415709372, 0.0025744898921402637, 0.0025744898921402637, 0.0025744898921402637, 0.000967015571632146, 0.000967015571632146, 0.000967015571632146, 0.000967015571632146, 0.000967015571632146, 0.000967015571632146, 0.0007900985144715378, 0.0007900985144715378, 0.0007900985144715378, 0.0007900985144715378, 0.0007900985144715378, 0.0007900985144715378, 0.0005579093348160313, 0.0005579093348160313, 0.00013567153428084566, 0.00013567153428084566, 0.00013567153428084566, 0.00012927698514886288, 6.804237705182459e-05, 6.804237705182459e-05, 6.804237705182459e-05, 6.804237705182459e-05, 3.542596937222697e-05, 2.7137521101394668e-05, 2.7137521101394668e-05, 2.7137521101394668e-05, 2.7137521101394668e-05, 2.7137521101394668e-05, 2.7137521101394668e-05, 2.6771655484481016e-05, 2.594469651739928e-05, 2.594469651739928e-05, 2.5853452370938612e-05, 2.5707534405228216e-05, 2.5707534405228216e-05, 2.5707534405228216e-05, 2.567034664480161e-05, 2.567034664480161e-05, 2.5657343940110877e-05, 2.5524198804305342e-05, 2.5524198804305342e-05, 2.5506986844447965e-05, 2.5473566211076104e-05, 2.5473566211076104e-05, 2.5473566211076104e-05, 2.5473566211076104e-05, 2.5458303298364626e-05, 2.5458303298364626e-05, 2.5457188257860253e-05, 2.5457188257860253e-05, 2.545600830217154e-05, 2.545600830217154e-05, 2.545600830217154e-05, 2.545600830217154e-05, 2.545600830217154e-05, 2.545600830217154e-05, 2.545600830217154e-05, 2.545600830217154e-05, 2.545600830217154e-05, 2.545600830217154e-05, 2.545600830217154e-05, 2.545600830217154e-05, 2.545600830217154e-05, 2.545600830217154e-05, 2.545600830217154e-05, 2.5455297418375267e-05, 2.5455297418375267e-05, 2.5455297418375267e-05, 2.5455297418375267e-05, 2.5455297418375267e-05, 2.5455297418375267e-05, 2.5455297418375267e-05, 2.5455297418375267e-05, 2.5455243985561538e-05, 2.5455243985561538e-05, 2.5455151217101957e-05, 2.5455151217101957e-05, 2.5455138256802456e-05, 2.5455138256802456e-05, 2.5455138256802456e-05, 2.545513802942878e-05, 2.545513802942878e-05, 2.545513802942878e-05, 2.545513802942878e-05, 2.545513802942878e-05, 2.5455133936702623e-05, 2.5455133936702623e-05, 2.5455133936702623e-05, 2.5455133936702623e-05, 2.5455133936702623e-05, 2.5455133936702623e-05, 2.5455133936702623e-05, 2.5455133936702623e-05, 2.5455133936702623e-05, 2.5455133936702623e-05, 2.5455132686147408e-05]","{""cognitive_weight"": 1.5, ""inertia_weight"": 0.7, ""max_iterations"": 140, ""social_weight"": 1.5, ""swarm_size"": 50}"
schwefel,Schwefel,11,1551,pso,PSO,2,"[-500.0, 500.0]","[420.968746, 420.968746]","[420.96874629961286, 420.9687463884377]",2.5455132458773733e-05,4.905626301799181e-07,140,7050,"[64.9274601473088, 64.9274601473088, 64.9274601473088, 64.9274601473088, 64.9274601473088, 29.05028443334254, 22.540751558764214, 3.680691159499702, 3.680691159499702, 3.680691159499702, 3.680691159499702, 3.680691159499702, 0.9806240197650595, 0.022391872531215995, 0.022391872531215995, 0.022391872531215995, 0.022391872531215995, 0.022391872531215995, 0.012883705693411684, 0.012883705693411684, 0.012883705693411684, 0.012883705693411684, 0.012883705693411684, 0.012883705693411684, 0.012883705693411684, 0.012883705693411684, 0.012883705693411684, 0.012883705693411684, 0.007582998431416854, 0.007582998431416854, 0.007582998431416854, 0.007582998431416854, 0.0018156925507355481, 0.00013732101615460124, 0.00013732101615460124, 0.00013732101615460124, 0.00013732101615460124, 0.00013732101615460124, 9.700791270006448e-05, 5.550841683543695e-05, 5.550841683543695e-05, 5.550841683543695e-05, 5.550841683543695e-05, 5.550841683543695e-05, 5.550841683543695e-05, 5.550841683543695e-05, 3.475314224488102e-05, 3.475314224488102e-05, 3.475314224488102e-05, 3.357303955908719e-05, 3.357303955908719e-05, 3.357303955908719e-05, 2.9070630148453347e-05, 2.9070630148453347e-05, 2.9070630148453347e-05, 2.6847629214898916e-05, 2.6847629214898916e-05, 2.6847629214898916e-05, 2.6847629214898916e-05, 2.6847629214898916e-05, 2.6847629214898916e-05, 2.6847629214898916e-05, 2.6847629214898916e-05, 2.5667483782854106e-05, 2.5667483782854106e-05, 2.5667483782854106e-05, 2.5667483782854106e-05, 2.5641636739237583e-05, 2.5598191996323294e-05, 2.5598191996323294e-05, 2.5500240099063376e-05, 2.5466026499998407e-05, 2.5455821059949812e-05, 2.5455821059949812e-05, 2.5455821059949812e-05, 2.5455821059949812e-05, 2.5455821059949812e-05, 2.5455821059949812e-05, 2.5455821059949812e-05, 2.5455821059949812e-05, 2.5455821059949812e-05, 2.5455821059949812e-05, 2.5455821059949812e-05, 2.5455821059949812e-05, 2.5455821059949812e-05, 2.5455203058299958e-05, 2.5455203058299958e-05, 2.5455203058299958e-05, 2.5455203058299958e-05, 2.5455203058299958e-05, 2.5455153718212387e-05, 2.5455153718212387e-05, 2.5455153718212387e-05, 2.5455153718212387e-05, 2.5455153718212387e-05, 2.5455153718212387e-05, 2.5455153718212387e-05, 2.5455153718212387e-05, 2.5455153718212387e-05, 2.5455153718212387e-05, 2.5455153718212387e-05, 2.5455138484176132e-05, 2.5455138484176132e-05, 2.5455138484176132e-05, 2.5455138484176132e-05, 2.5455138484176132e-05, 2.5455138484176132e-05, 2.5455138484176132e-05, 2.5455138484176132e-05, 2.5455138484176132e-05, 2.5455138370489294e-05, 2.5455138370489294e-05, 2.5455138370489294e-05, 2.5455133936702623e-05, 2.5455132799834246e-05, 2.5455132799834246e-05, 2.5455132799834246e-05, 2.5455132799834246e-05, 2.5455132799834246e-05, 2.5455132799834246e-05, 2.5455132799834246e-05, 2.5455132799834246e-05, 2.5455132799834246e-05, 2.5455132799834246e-05, 2.5455132799834246e-05, 2.5455132686147408e-05, 2.5455132686147408e-05, 2.5455132686147408e-05, 2.545513257246057e-05, 2.545513257246057e-05, 2.545513257246057e-05, 2.545513257246057e-05, 2.545513257246057e-05, 2.5455132458773733e-05, 2.5455132458773733e-05, 2.5455132458773733e-05, 2.5455132458773733e-05, 2.5455132458773733e-05, 2.5455132458773733e-05, 2.5455132458773733e-05, 2.5455132458773733e-05]","{""cognitive_weight"": 1.5, ""inertia_weight"": 0.7, ""max_iterations"": 140, ""social_weight"": 1.5, ""swarm_size"": 50}"
schwefel,Schwefel,12,1552,pso,PSO,2,"[-500.0, 500.0]","[420.968746, 420.968746]","[420.9687454075442, -302.5249357977873]",118.43836006957054,723.4936817977873,140,7050,"[218.14783548116736, 154.52936455006807, 154.52936455006807, 154.52936455006807, 130.498355935674, 130.498355935674, 130.498355935674, 130.498355935674, 123.23356895794882, 123.23356895794882, 119.73217485721602, 119.73217485721602, 119.73217485721602, 118.65919039706205, 118.65919039706205, 118.55790876611036, 118.55790876611036, 118.55790876611036, 118.55790876611036, 118.55790876611036, 118.55790876611036, 118.48183146067299, 118.46893333300488, 118.46893333300488, 118.46893333300488, 118.45713837427036, 118.45713837427036, 118.45713837427036, 118.45713837427036, 118.45071855586457, 118.441571856049, 118.441571856049, 118.441571856049, 118.441571856049, 118.44016545623435, 118.44016545623435, 118.44016545623435, 118.44016545623435, 118.44016545623435, 118.43944036418065, 118.43944036418065, 118.43918347629096, 118.43918347629096, 118.43853251719997, 118.43853251719997, 118.43853251719997, 118.43842421556803, 118.43842421556803, 118.4383704085858, 118.4383704085858, 118.4383704085858, 118.43836020118033, 118.43836020118033, 118.43836020118033, 118.43836020118033, 118.43836020118033, 118.43836020118033, 118.43836020118033, 118.43836020118033, 118.43836020118033, 118.43836020118033, 118.43836020118033, 118.43836020118033, 118.43836020118033, 118.43836020118033, 118.43836020118033, 118.43836020118033, 118.43836020118033, 118.4383601357174, 118.4383601357174, 118.4383601357174, 118.4383601357174, 118.4383601357174, 118.43836008926905, 118.43836008926905, 118.43836008926905, 118.43836008926905, 118.43836008926905, 118.43836007683774, 118.43836007683774, 118.43836007683774, 118.43836007683774, 118.43836007209984, 118.43836007209984, 118.43836007209984, 118.43836007209984, 118.43836007209984, 118.43836007209984, 118.43836007209984, 118.43836007209984, 118.43836007138214, 118.43836007005655, 118.43836007005655, 118.43836007005655, 118.43836007005655, 118.43836007005655, 118.43836007005655, 118.43836006980064, 118.43836006980064, 118.43836006980064, 118.43836006959395, 118.43836006959395, 118.43836006959395, 118.43836006959395, 118.43836006959395, 118.43836006959395, 118.43836006959395, 118.43836006959395, 118.43836006959395, 118.43836006959395, 118.43836006959395, 118.43836006959395, 118.43836006959395, 118.43836006959395, 118.43836006959395, 118.43836006958725, 118.43836006958725, 118.43836006957736, 118.43836006957736, 118.43836006957508, 118.43836006957451, 118.4383600695744, 118.43836006957099, 118.43836006957088, 118.43836006957088, 118.43836006957065, 118.43836006957054, 118.43836006957054, 118.43836006957054, 118.43836006957054, 118.43836006957054, 118.43836006957054, 118.43836006957054, 118.43836006957054, 118.43836006957054, 118.43836006957054, 118.43836006957054, 118.43836006957054, 118.43836006957054, 118.43836006957054, 118.43836006957054]","{""cognitive_weight"": 1.5, ""inertia_weight"": 0.7, ""max_iterations"": 140, ""social_weight"": 1.5, ""swarm_size"": 50}"
schwefel,Schwefel,13,1553,pso,PSO,2,"[-500.0, 500.0]","[420.968746, 420.968746]","[419.98426079209025, 421.3319532080559]",0.13891998182418774,1.049347702421302,140,7050,"[249.62718137564707, 249.62718137564707, 249.62718137564707, 249.62718137564707, 241.57770957796356, 238.39440355479587, 193.2306379008187, 167.1194235591728, 134.59757539628413, 134.59757539628413, 134.59757539628413, 134.59757539628413, 119.4378138076795, 119.4378138076795, 119.4378138076795, 119.13266400832799, 119.13266400832799, 119.13266400832799, 118.76249427375228, 118.45290835777223, 118.45290835777223, 118.45290835777223, 118.45290835777223, 118.45290835777223, 118.45290835777223, 118.45290835777223, 118.45290835777223, 118.45290835777223, 118.45290835777223, 118.45290835777223, 118.45290835777223, 118.45290835777223, 118.45290835777223, 118.45290835777223, 118.45290835777223, 118.45290835777223, 118.45290835777223, 118.45290835777223, 118.45290835777223, 118.4425305379657, 118.4425305379657, 118.4425305379657, 118.4425305379657, 118.43907739745123, 118.43873594627507, 118.43873594627507, 118.43873594627507, 118.43873594627507, 118.43873594627507, 118.43873594627507, 118.43873594627507, 118.43873594627507, 118.43873594627507, 118.43850556236134, 118.4384044230685, 118.4384044230685, 118.43836956221071, 118.43836956221071, 118.43836710147184, 118.43836104977356, 118.43836104977356, 118.43836104977356, 118.43836104977356, 118.43836104977356, 118.43836104977356, 118.43836104977356, 118.43836053034443, 118.43836053034443, 118.43836053034443, 118.43836053034443, 118.4383600848862, 118.4383600848862, 118.4383600848862, 118.4383600848862, 118.4383600848862, 118.4383600848862, 118.4383600848862, 118.4383600848862, 118.4383600848862, 118.4383600848862, 118.4383600848862, 118.4383600848862, 118.4383600848862, 118.4383600848862, 118.4383600848862, 118.43836007523532, 118.43836007523532, 118.43836007523532, 118.43836007523532, 118.43836007523532, 118.4383600712406, 118.4383600712406, 118.4383600712406, 118.4383600712406, 118.4383600712406, 118.4383600712406, 118.4383600712406, 118.43836007039613, 118.43836007039613, 118.43836007039613, 118.43836007030188, 118.43836007030188, 118.43836007030188, 118.43836006981564, 118.43836006981564, 118.43836006981564, 118.4383600696317, 118.4383600696317, 118.4383600696317, 118.4383600696317, 118.4383600696317, 118.43836006960055, 118.43836006960055, 118.43836006960055, 118.43836006958463, 40.541519681682075, 40.541519681682075, 40.541519681682075, 40.541519681682075, 40.541519681682075, 40.541519681682075, 19.036928229037812, 19.036928229037812, 19.036928229037812, 19.036928229037812, 2.571956086128921, 2.571956086128921, 2.571956086128921, 2.571956086128921, 2.571956086128921, 2.2252490514904366, 2.2252490514904366, 2.2252490514904366, 0.5712863318468635, 0.5712863318468635, 0.5712863318468635, 0.5712863318468635, 0.42172365807186907, 0.13891998182418774, 0.13891998182418774, 0.13891998182418774]","{""cognitive_weight"": 1.5, ""inertia_weight"": 0.7, ""max_iterations"": 140, ""social_weight"": 1.5, ""swarm_size"": 50}"
schwefel,Schwefel,14,1554,pso,PSO,2,"[-500.0, 500.0]","[420.968746, 420.968746]","[420.96874639497656, 420.96874585735014]",2.5455132345086895e-05,4.1994697501424766e-07,140,7050,"[255.37065143005464, 255.37065143005464, 212.1972257042455, 119.44841643701147, 33.40397134697503, 31.37550323865605, 31.37550323865605, 18.601092377230202, 18.601092377230202, 13.531754801271859, 4.1360073852501955, 1.4717930212432293, 1.4717930212432293, 1.4717930212432293, 1.4717930212432293, 0.30976367288553774, 0.30976367288553774, 0.1209529352345271, 0.1209529352345271, 0.1209529352345271, 0.1209529352345271, 0.1209529352345271, 0.019860548790120447, 0.019860548790120447, 0.019860548790120447, 0.019860548790120447, 0.019860548790120447, 0.019860548790120447, 0.019860548790120447, 0.019860548790120447, 0.017493839711050896, 0.017493839711050896, 0.017493839711050896, 0.007032338420231099, 0.0010296598209151853, 0.0010296598209151853, 0.0010296598209151853, 0.0010296598209151853, 0.0010296598209151853, 0.0010296598209151853, 0.0010296598209151853, 0.0010296598209151853, 0.0010296598209151853, 0.0010296598209151853, 0.0010296598209151853, 0.0010106270233336545, 0.0010106270233336545, 0.0010106270233336545, 0.0006604040222555341, 3.957547596655786e-05, 3.957547596655786e-05, 3.957547596655786e-05, 3.957547596655786e-05, 3.957547596655786e-05, 3.957547596655786e-05, 3.4790512131621654e-05, 3.4790512131621654e-05, 3.4790512131621654e-05, 3.4790512131621654e-05, 3.4790512131621654e-05, 2.986027561746596e-05, 2.6723101427705842e-05, 2.6723101427705842e-05, 2.6723101427705842e-05, 2.5893809834087733e-05, 2.574474024186202e-05, 2.574474024186202e-05, 2.5675797701296688e-05, 2.561562450864585e-05, 2.561562450864585e-05, 2.561562450864585e-05, 2.5484000389042194e-05, 2.5484000389042194e-05, 2.5484000389042194e-05, 2.5484000389042194e-05, 2.5484000389042194e-05, 2.5484000389042194e-05, 2.5484000389042194e-05, 2.5462998110015178e-05, 2.5462998110015178e-05, 2.5462998110015178e-05, 2.5462998110015178e-05, 2.5462998110015178e-05, 2.5462998110015178e-05, 2.5459438120378763e-05, 2.545521738284151e-05, 2.545521738284151e-05, 2.545521738284151e-05, 2.545521738284151e-05, 2.545521738284151e-05, 2.545521738284151e-05, 2.5455178274569334e-05, 2.5455178274569334e-05, 2.5455178274569334e-05, 2.5455178274569334e-05, 2.5455178274569334e-05, 2.5455178274569334e-05, 2.5455178274569334e-05, 2.5455178274569334e-05, 2.545515849305957e-05, 2.545515849305957e-05, 2.545514462326537e-05, 2.545514462326537e-05, 2.545513802942878e-05, 2.545513802942878e-05, 2.545513802942878e-05, 2.545513802942878e-05, 2.545513802942878e-05, 2.545513802942878e-05, 2.545513802942878e-05, 2.545513802942878e-05, 2.545513802942878e-05, 2.5455134391449974e-05, 2.5455134391449974e-05, 2.5455134391449974e-05, 2.5455134391449974e-05, 2.5455134391449974e-05, 2.5455134391449974e-05, 2.5455134391449974e-05, 2.5455133254581597e-05, 2.5455133254581597e-05, 2.5455133254581597e-05, 2.5455133254581597e-05, 2.545513302720792e-05, 2.5455132799834246e-05, 2.5455132799834246e-05, 2.5455132799834246e-05, 2.5455132686147408e-05, 2.5455132686147408e-05, 2.545513257246057e-05, 2.545513257246057e-05, 2.545513257246057e-05, 2.545513257246057e-05, 2.545513257246057e-05, 2.545513257246057e-05, 2.5455132345086895e-05, 2.5455132345086895e-05, 2.5455132345086895e-05, 2.5455132345086895e-05, 2.5455132345086895e-05, 2.5455132345086895e-05]","{""cognitive_weight"": 1.5, ""inertia_weight"": 0.7, ""max_iterations"": 140, ""social_weight"": 1.5, ""swarm_size"": 50}"
schwefel,Schwefel,15,1555,pso,PSO,2,"[-500.0, 500.0]","[420.968746, 420.968746]","[420.9687466073335, 420.96874636046323]",2.5455132458773733e-05,7.062490476785801e-07,140,7050,"[170.18788982147862, 170.18788982147862, 169.67306448184956, 20.261638007694614, 20.261638007694614, 4.815270021556444, 4.815270021556444, 4.815270021556444, 4.815270021556444, 4.815270021556444, 4.815270021556444, 3.542953688011494, 3.542953688011494, 1.9509900219140945, 1.118580106222339, 1.118580106222339, 1.023669369638469, 0.16976494497362182, 0.16976494497362182, 0.16976494497362182, 0.16976494497362182, 0.006537433618063915, 0.006537433618063915, 0.006537433618063915, 0.006537433618063915, 0.006537433618063915, 0.006537433618063915, 0.0014443138852584525, 0.0014443138852584525, 0.0014443138852584525, 0.0014443138852584525, 0.0014443138852584525, 0.0014443138852584525, 0.0014443138852584525, 0.0012580011818954517, 0.0012580011818954517, 0.0012580011818954517, 0.0012580011818954517, 0.00029070289610899636, 0.00029070289610899636, 0.00020327745176018652, 0.00020327745176018652, 0.00020327745176018652, 0.00011389658038751804, 0.00011389658038751804, 0.00011389658038751804, 0.00011389658038751804, 0.00011389658038751804, 0.00011389658038751804, 5.039781308369129e-05, 5.039781308369129e-05, 3.843188346763782e-05, 3.843188346763782e-05, 3.843188346763782e-05, 3.843188346763782e-05, 3.843188346763782e-05, 3.843188346763782e-05, 3.264018323534401e-05, 3.264018323534401e-05, 3.0054829721848364e-05, 3.0054829721848364e-05, 2.812116451877955e-05, 2.5964065571315587e-05, 2.5964065571315587e-05, 2.5964065571315587e-05, 2.565880231486517e-05, 2.565880231486517e-05, 2.565880231486517e-05, 2.565880231486517e-05, 2.565880231486517e-05, 2.545880010984547e-05, 2.545880010984547e-05, 2.545880010984547e-05, 2.545880010984547e-05, 2.545880010984547e-05, 2.545880010984547e-05, 2.545880010984547e-05, 2.545880010984547e-05, 2.5458735080974293e-05, 2.5458735080974293e-05, 2.5458735080974293e-05, 2.5458735080974293e-05, 2.5458735080974293e-05, 2.5458735080974293e-05, 2.5458735080974293e-05, 2.5458735080974293e-05, 2.5458735080974293e-05, 2.5458735080974293e-05, 2.5456491584918695e-05, 2.5456491584918695e-05, 2.5456153252889635e-05, 2.5456153252889635e-05, 2.5456153252889635e-05, 2.5455212266933813e-05, 2.5455212266933813e-05, 2.5455212266933813e-05, 2.5455212266933813e-05, 2.5455212266933813e-05, 2.5455212266933813e-05, 2.545516758800659e-05, 2.545516758800659e-05, 2.545516758800659e-05, 2.5455151899222983e-05, 2.5455151899222983e-05, 2.5455151899222983e-05, 2.5455151899222983e-05, 2.5455151899222983e-05, 2.545513666518673e-05, 2.545513666518673e-05, 2.545513666518673e-05, 2.545513666518673e-05, 2.545513666518673e-05, 2.5455134846197325e-05, 2.5455133936702623e-05, 2.5455133936702623e-05, 2.5455133936702623e-05, 2.5455133936702623e-05, 2.5455133368268434e-05, 2.5455133254581597e-05, 2.545513302720792e-05, 2.545513302720792e-05, 2.545513302720792e-05, 2.545513257246057e-05, 2.5455132458773733e-05, 2.5455132458773733e-05, 2.5455132458773733e-05, 2.5455132458773733e-05, 2.5455132458773733e-05, 2.5455132458773733e-05, 2.5455132458773733e-05, 2.5455132458773733e-05, 2.5455132458773733e-05, 2.5455132458773733e-05, 2.5455132458773733e-05, 2.5455132458773733e-05, 2.5455132458773733e-05, 2.5455132458773733e-05, 2.5455132458773733e-05, 2.5455132458773733e-05, 2.5455132458773733e-05, 2.5455132458773733e-05]","{""cognitive_weight"": 1.5, ""inertia_weight"": 0.7, ""max_iterations"": 140, ""social_weight"": 1.5, ""swarm_size"": 50}"
schwefel,Schwefel,16,1556,pso,PSO,2,"[-500.0, 500.0]","[420.968746, 420.968746]","[420.9687465458323, 420.968745705758]",2.5455132458773733e-05,6.20089695998476e-07,140,7050,"[72.41874091629302, 72.41874091629302, 72.41874091629302, 72.41874091629302, 72.41874091629302, 33.61102249393048, 33.61102249393048, 8.292777033843322, 7.1410994453657395, 7.1410994453657395, 3.20652333011094, 3.20652333011094, 3.20652333011094, 2.8357866545393335, 2.8357866545393335, 2.306616527142978, 1.2566577730401605, 0.15452126455193138, 0.15452126455193138, 0.15452126455193138, 0.15452126455193138, 0.15452126455193138, 0.006263298483304425, 0.006263298483304425, 0.006263298483304425, 0.006263298483304425, 0.005217350280418032, 0.0011029049114767986, 0.0011029049114767986, 0.0011029049114767986, 0.0011029049114767986, 0.0011029049114767986, 0.0011029049114767986, 0.00019234841829529614, 0.00019234841829529614, 0.00019234841829529614, 5.994470143377839e-05, 5.994470143377839e-05, 5.994470143377839e-05, 5.994470143377839e-05, 5.994470143377839e-05, 5.994470143377839e-05, 5.994470143377839e-05, 5.994470143377839e-05, 5.994470143377839e-05, 5.994470143377839e-05, 5.994470143377839e-05, 5.994470143377839e-05, 5.994470143377839e-05, 5.994470143377839e-05, 2.7132811851515726e-05, 2.7132811851515726e-05, 2.7132811851515726e-05, 2.7132811851515726e-05, 2.7132811851515726e-05, 2.7132811851515726e-05, 2.7132811851515726e-05, 2.5587040681784856e-05, 2.5587040681784856e-05, 2.5587040681784856e-05, 2.5587040681784856e-05, 2.5587040681784856e-05, 2.5587040681784856e-05, 2.5587040681784856e-05, 2.5587040681784856e-05, 2.5570678644726286e-05, 2.5570678644726286e-05, 2.5570678644726286e-05, 2.5489395397926273e-05, 2.5489395397926273e-05, 2.5489395397926273e-05, 2.5489395397926273e-05, 2.5489232257314143e-05, 2.5489232257314143e-05, 2.5486620529591164e-05, 2.5486620529591164e-05, 2.5486620529591164e-05, 2.5486620529591164e-05, 2.5486620529591164e-05, 2.54844651408348e-05, 2.54844651408348e-05, 2.546314613027789e-05, 2.546314613027789e-05, 2.546314613027789e-05, 2.546314613027789e-05, 2.5456678031332558e-05, 2.5456678031332558e-05, 2.5455178388256172e-05, 2.5455178388256172e-05, 2.5455139393670834e-05, 2.5455139393670834e-05, 2.5455139393670834e-05, 2.5455139393670834e-05, 2.5455132799834246e-05, 2.5455132799834246e-05, 2.5455132799834246e-05, 2.5455132799834246e-05, 2.5455132799834246e-05, 2.5455132799834246e-05, 2.5455132799834246e-05, 2.5455132799834246e-05, 2.5455132799834246e-05, 2.5455132799834246e-05, 2.5455132799834246e-05, 2.5455132799834246e-05, 2.545513257246057e-05, 2.545513257246057e-05, 2.545513257246057e-05, 2.545513257246057e-05, 2.545513257246057e-05, 2.545513257246057e-05, 2.545513257246057e-05, 2.545513257246057e-05, 2.545513257246057e-05, 2.545513257246057e-05, 2.545513257246057e-05, 2.545513257246057e-05, 2.545513257246057e-05, 2.545513257246057e-05, 2.545513257246057e-05, 2.545513257246057e-05, 2.545513257246057e-05, 2.545513257246057e-05, 2.545513257246057e-05, 2.545513257246057e-05, 2.5455132458773733e-05, 2.5455132458773733e-05, 2.5455132458773733e-05, 2.5455132458773733e-05, 2.5455132458773733e-05, 2.5455132458773733e-05, 2.5455132458773733e-05, 2.5455132458773733e-05, 2.5455132458773733e-05, 2.5455132458773733e-05, 2.5455132458773733e-05, 2.5455132458773733e-05, 2.5455132458773733e-05, 2.5455132458773733e-05, 2.5455132458773733e-05, 2.5455132458773733e-05]","{""cognitive_weight"": 1.5, ""inertia_weight"": 0.7, ""max_iterations"": 140, ""social_weight"": 1.5, ""swarm_size"": 50}"
schwefel,Schwefel,17,1557,pso,PSO,2,"[-500.0, 500.0]","[420.968746, 420.968746]","[420.9687465783647, 420.9687468620342]",2.5455132458773733e-05,1.0380793126529084e-06,140,7050,"[309.9041333253091, 249.07920713006752, 141.518859601975, 141.518859601975, 141.518859601975, 108.47665870165031, 10.948167790932075, 10.948167790932075, 10.948167790932075, 10.948167790932075, 10.948167790932075, 0.6243833835731039, 0.6243833835731039, 0.6243833835731039, 0.6243833835731039, 0.3075916152049558, 0.2875148172927311, 0.2875148172927311, 0.2875148172927311, 0.22092971705728814, 0.22092971705728814, 0.22092971705728814, 0.1420214430836495, 0.1420214430836495, 0.1420214430836495, 0.05664083015494725, 0.012572805400850484, 0.012572805400850484, 0.012572805400850484, 0.012572805400850484, 0.012572805400850484, 0.0009060441917654316, 0.0009060441917654316, 0.0009060441917654316, 0.0009060441917654316, 0.0009060441917654316, 0.0009060441917654316, 0.0009060441917654316, 0.0005435091084109445, 0.0005435091084109445, 0.00027324454777044593, 0.00027324454777044593, 0.0002649096946925056, 0.0002649096946925056, 0.0002649096946925056, 4.058926151628839e-05, 4.058926151628839e-05, 4.058926151628839e-05, 4.058926151628839e-05, 3.0288514153653523e-05, 3.0288514153653523e-05, 3.0288514153653523e-05, 3.0288514153653523e-05, 3.0288514153653523e-05, 2.9366170792854973e-05, 2.745445419805037e-05, 2.6648789685168595e-05, 2.6648789685168595e-05, 2.6648789685168595e-05, 2.6648789685168595e-05, 2.6648789685168595e-05, 2.6648789685168595e-05, 2.6648789685168595e-05, 2.6648789685168595e-05, 2.5768874479581427e-05, 2.5768874479581427e-05, 2.5768874479581427e-05, 2.5768874479581427e-05, 2.5768874479581427e-05, 2.5768874479581427e-05, 2.5768874479581427e-05, 2.5768874479581427e-05, 2.5768874479581427e-05, 2.5604106440368923e-05, 2.5604106440368923e-05, 2.5604106440368923e-05, 2.5604106440368923e-05, 2.5576492816981045e-05, 2.5455525019424385e-05, 2.5455525019424385e-05, 2.5455525019424385e-05, 2.5455525019424385e-05, 2.5455525019424385e-05, 2.5455525019424385e-05, 2.5455525019424385e-05, 2.5455525019424385e-05, 2.5455525019424385e-05, 2.5455525019424385e-05, 2.5455525019424385e-05, 2.5455525019424385e-05, 2.5455525019424385e-05, 2.5455525019424385e-05, 2.5455525019424385e-05, 2.545544998611149e-05, 2.545544998611149e-05, 2.545544998611149e-05, 2.545544998611149e-05, 2.545544998611149e-05, 2.545536358411482e-05, 2.5455209652136546e-05, 2.545517645557993e-05, 2.545517645557993e-05, 2.545517645557993e-05, 2.545517645557993e-05, 2.545514553276007e-05, 2.545513450513681e-05, 2.545513450513681e-05, 2.545513450513681e-05, 2.545513302720792e-05, 2.545513302720792e-05, 2.5455132686147408e-05, 2.5455132686147408e-05, 2.5455132686147408e-05, 2.545513257246057e-05, 2.545513257246057e-05, 2.545513257246057e-05, 2.545513257246057e-05, 2.545513257246057e-05, 2.545513257246057e-05, 2.545513257246057e-05, 2.545513257246057e-05, 2.545513257246057e-05, 2.545513257246057e-05, 2.545513257246057e-05, 2.545513257246057e-05, 2.545513257246057e-05, 2.545513257246057e-05, 2.5455132458773733e-05, 2.5455132458773733e-05, 2.5455132458773733e-05, 2.5455132458773733e-05, 2.5455132458773733e-05, 2.5455132458773733e-05, 2.5455132458773733e-05, 2.5455132458773733e-05, 2.5455132458773733e-05, 2.5455132458773733e-05, 2.5455132458773733e-05, 2.5455132458773733e-05, 2.5455132458773733e-05, 2.5455132458773733e-05]","{""cognitive_weight"": 1.5, ""inertia_weight"": 0.7, ""max_iterations"": 140, ""social_weight"": 1.5, ""swarm_size"": 50}"
schwefel,Schwefel,18,1558,pso,PSO,2,"[-500.0, 500.0]","[420.968746, 420.968746]","[420.9687466802036, 420.968746142571]",2.5455132458773733e-05,6.94984458010712e-07,140,7050,"[402.9643783266644, 402.9643783266644, 365.00172348167087, 150.33504322892827, 150.33504322892827, 150.33504322892827, 150.33504322892827, 0.7805002955317377, 0.7805002955317377, 0.7805002955317377, 0.7805002955317377, 0.12558616421347324, 0.12558616421347324, 0.12558616421347324, 0.12558616421347324, 0.12558616421347324, 0.12558616421347324, 0.12558616421347324, 0.12558616421347324, 0.11598790439609274, 0.11530916370293198, 0.11530916370293198, 0.008774744455763539, 0.008774744455763539, 0.008774744455763539, 0.008774744455763539, 0.006872274560691949, 0.006872274560691949, 0.001648798272071872, 0.001648798272071872, 0.001648798272071872, 0.001463819529135435, 0.0010472997362285241, 0.00042632018835320196, 0.00028658272981374466, 0.00028658272981374466, 0.00028658272981374466, 0.00028658272981374466, 0.00028658272981374466, 9.12435215241203e-05, 9.12435215241203e-05, 4.289024900572258e-05, 4.289024900572258e-05, 4.289024900572258e-05, 4.289024900572258e-05, 4.289024900572258e-05, 4.289024900572258e-05, 4.157545095040405e-05, 4.157545095040405e-05, 4.157545095040405e-05, 4.1335483047078014e-05, 4.1335483047078014e-05, 4.1335483047078014e-05, 4.1335483047078014e-05, 2.9249147473819903e-05, 2.9249147473819903e-05, 2.821778002726205e-05, 2.821778002726205e-05, 2.821778002726205e-05, 2.821778002726205e-05, 2.821778002726205e-05, 2.821778002726205e-05, 2.7412890403866186e-05, 2.7412890403866186e-05, 2.6272949298800086e-05, 2.6272949298800086e-05, 2.6272949298800086e-05, 2.6024520479950297e-05, 2.546945438552939e-05, 2.546945438552939e-05, 2.546945438552939e-05, 2.546945438552939e-05, 2.546945438552939e-05, 2.546945438552939e-05, 2.5467510454291187e-05, 2.5467510454291187e-05, 2.54582248544466e-05, 2.545608458603965e-05, 2.545608458603965e-05, 2.545608458603965e-05, 2.5455658146711357e-05, 2.5455658146711357e-05, 2.5455658146711357e-05, 2.5455658146711357e-05, 2.5455263539697626e-05, 2.5455263539697626e-05, 2.5455263539697626e-05, 2.5455263539697626e-05, 2.5455263539697626e-05, 2.5455263539697626e-05, 2.5455263539697626e-05, 2.5455263539697626e-05, 2.5455263539697626e-05, 2.5455263539697626e-05, 2.5455263539697626e-05, 2.5455173272348475e-05, 2.5455173272348475e-05, 2.5455173272348475e-05, 2.5455173272348475e-05, 2.5455173272348475e-05, 2.5455173272348475e-05, 2.5455173272348475e-05, 2.5455148943365202e-05, 2.5455148943365202e-05, 2.5455138938923483e-05, 2.5455138938923483e-05, 2.5455138938923483e-05, 2.5455135869378864e-05, 2.5455135869378864e-05, 2.5455134391449974e-05, 2.5455134391449974e-05, 2.5455134391449974e-05, 2.5455134391449974e-05, 2.5455134391449974e-05, 2.5455133254581597e-05, 2.5455133254581597e-05, 2.5455133254581597e-05, 2.5455133254581597e-05, 2.5455132799834246e-05, 2.5455132799834246e-05, 2.5455132799834246e-05, 2.5455132799834246e-05, 2.5455132799834246e-05, 2.545513257246057e-05, 2.545513257246057e-05, 2.545513257246057e-05, 2.545513257246057e-05, 2.545513257246057e-05, 2.545513257246057e-05, 2.545513257246057e-05, 2.5455132458773733e-05, 2.5455132458773733e-05, 2.5455132458773733e-05, 2.5455132458773733e-05, 2.5455132458773733e-05, 2.5455132458773733e-05, 2.5455132458773733e-05, 2.5455132458773733e-05, 2.5455132458773733e-05, 2.5455132458773733e-05, 2.5455132458773733e-05]","{""cognitive_weight"": 1.5, ""inertia_weight"": 0.7, ""max_iterations"": 140, ""social_weight"": 1.5, ""swarm_size"": 50}"
schwefel,Schwefel,19,1559,pso,PSO,2,"[-500.0, 500.0]","[420.968746, 420.968746]","[420.9687454018443, 420.968746411723]",2.5455132458773733e-05,7.261584434944956e-07,140,7050,"[104.87375699264385, 104.87375699264385, 42.24268533297732, 42.24268533297732, 42.24268533297732, 35.64041719992815, 15.316516958787815, 15.316516958787815, 8.16714346568233, 0.9467977540698485, 0.9467977540698485, 0.9467977540698485, 0.9467977540698485, 0.09280608051813033, 0.09280608051813033, 0.09280608051813033, 0.09280608051813033, 0.09280608051813033, 0.09280608051813033, 0.09280608051813033, 0.017080881740639597, 0.017080881740639597, 0.017080881740639597, 0.017080881740639597, 0.017080881740639597, 0.01531563023797844, 0.002582336670229779, 0.002582336670229779, 0.002582336670229779, 0.002582336670229779, 0.002582336670229779, 0.002582336670229779, 0.002582336670229779, 0.002582336670229779, 0.002582336670229779, 0.002582336670229779, 0.0011976140192473395, 0.000938380502475411, 0.000938380502475411, 0.00024427653022485174, 0.00024427653022485174, 0.00024427653022485174, 0.00024427653022485174, 0.00024427653022485174, 0.00024427653022485174, 0.00024427653022485174, 0.00024427653022485174, 0.00024427653022485174, 0.0001866821560270182, 7.894571876931877e-05, 7.894571876931877e-05, 6.68969942125841e-05, 6.68969942125841e-05, 6.68969942125841e-05, 6.68969942125841e-05, 6.68969942125841e-05, 6.211590289240121e-05, 4.750904815864487e-05, 3.0864398013363825e-05, 3.0864398013363825e-05, 2.7713818781194277e-05, 2.7713818781194277e-05, 2.7713818781194277e-05, 2.5834843199845636e-05, 2.5834843199845636e-05, 2.5834843199845636e-05, 2.5834843199845636e-05, 2.5834843199845636e-05, 2.5834843199845636e-05, 2.5834843199845636e-05, 2.5834843199845636e-05, 2.5547738005116116e-05, 2.5547738005116116e-05, 2.5547738005116116e-05, 2.5547738005116116e-05, 2.5547738005116116e-05, 2.5547738005116116e-05, 2.5547738005116116e-05, 2.5479534315309138e-05, 2.54630867857486e-05, 2.54630867857486e-05, 2.54630867857486e-05, 2.54630867857486e-05, 2.54630867857486e-05, 2.54630867857486e-05, 2.545676079535042e-05, 2.545676079535042e-05, 2.5455315949329815e-05, 2.5455315949329815e-05, 2.5455315949329815e-05, 2.5455315949329815e-05, 2.5455315949329815e-05, 2.5455315949329815e-05, 2.5455315949329815e-05, 2.5455315949329815e-05, 2.5455315949329815e-05, 2.545528582231782e-05, 2.545528582231782e-05, 2.545528582231782e-05, 2.545527377151302e-05, 2.545527377151302e-05, 2.5455220566072967e-05, 2.5455220566072967e-05, 2.5455165769017185e-05, 2.5455165769017185e-05, 2.5455165769017185e-05, 2.5455165769017185e-05, 2.5455165769017185e-05, 2.5455147806496825e-05, 2.5455147806496825e-05, 2.545513564200519e-05, 2.545513564200519e-05, 2.545513564200519e-05, 2.545513564200519e-05, 2.545513564200519e-05, 2.545513564200519e-05, 2.545513359564211e-05, 2.545513359564211e-05, 2.545513359564211e-05, 2.545513359564211e-05, 2.5455132799834246e-05, 2.5455132799834246e-05, 2.5455132799834246e-05, 2.5455132686147408e-05, 2.545513257246057e-05, 2.545513257246057e-05, 2.545513257246057e-05, 2.545513257246057e-05, 2.545513257246057e-05, 2.545513257246057e-05, 2.545513257246057e-05, 2.545513257246057e-05, 2.5455132458773733e-05, 2.5455132458773733e-05, 2.5455132458773733e-05, 2.5455132458773733e-05, 2.5455132458773733e-05, 2.5455132458773733e-05, 2.5455132458773733e-05, 2.5455132458773733e-05, 2.5455132458773733e-05]","{""cognitive_weight"": 1.5, ""inertia_weight"": 0.7, ""max_iterations"": 140, ""social_weight"": 1.5, ""swarm_size"": 50}"
schwefel,Schwefel,20,1551,pso,PSO,2,"[-500.0, 500.0]","[420.968746, 420.968746]","[420.96874629961286, 420.9687463884377]",2.5455132458773733e-05,4.905626301799181e-07,140,7050,"[64.9274601473088, 64.9274601473088, 64.9274601473088, 64.9274601473088, 64.9274601473088, 29.05028443334254, 22.540751558764214, 3.680691159499702, 3.680691159499702, 3.680691159499702, 3.680691159499702, 3.680691159499702, 0.9806240197650595, 0.022391872531215995, 0.022391872531215995, 0.022391872531215995, 0.022391872531215995, 0.022391872531215995, 0.012883705693411684, 0.012883705693411684, 0.012883705693411684, 0.012883705693411684, 0.012883705693411684, 0.012883705693411684, 0.012883705693411684, 0.012883705693411684, 0.012883705693411684, 0.012883705693411684, 0.007582998431416854, 0.007582998431416854, 0.007582998431416854, 0.007582998431416854, 0.0018156925507355481, 0.00013732101615460124, 0.00013732101615460124, 0.00013732101615460124, 0.00013732101615460124, 0.00013732101615460124, 9.700791270006448e-05, 5.550841683543695e-05, 5.550841683543695e-05, 5.550841683543695e-05, 5.550841683543695e-05, 5.550841683543695e-05, 5.550841683543695e-05, 5.550841683543695e-05, 3.475314224488102e-05, 3.475314224488102e-05, 3.475314224488102e-05, 3.357303955908719e-05, 3.357303955908719e-05, 3.357303955908719e-05, 2.9070630148453347e-05, 2.9070630148453347e-05, 2.9070630148453347e-05, 2.6847629214898916e-05, 2.6847629214898916e-05, 2.6847629214898916e-05, 2.6847629214898916e-05, 2.6847629214898916e-05, 2.6847629214898916e-05, 2.6847629214898916e-05, 2.6847629214898916e-05, 2.5667483782854106e-05, 2.5667483782854106e-05, 2.5667483782854106e-05, 2.5667483782854106e-05, 2.5641636739237583e-05, 2.5598191996323294e-05, 2.5598191996323294e-05, 2.5500240099063376e-05, 2.5466026499998407e-05, 2.5455821059949812e-05, 2.5455821059949812e-05, 2.5455821059949812e-05, 2.5455821059949812e-05, 2.5455821059949812e-05, 2.5455821059949812e-05, 2.5455821059949812e-05, 2.5455821059949812e-05, 2.5455821059949812e-05, 2.5455821059949812e-05, 2.5455821059949812e-05, 2.5455821059949812e-05, 2.5455821059949812e-05, 2.5455203058299958e-05, 2.5455203058299958e-05, 2.5455203058299958e-05, 2.5455203058299958e-05, 2.5455203058299958e-05, 2.5455153718212387e-05, 2.5455153718212387e-05, 2.5455153718212387e-05, 2.5455153718212387e-05, 2.5455153718212387e-05, 2.5455153718212387e-05, 2.5455153718212387e-05, 2.5455153718212387e-05, 2.5455153718212387e-05, 2.5455153718212387e-05, 2.5455153718212387e-05, 2.5455138484176132e-05, 2.5455138484176132e-05, 2.5455138484176132e-05, 2.5455138484176132e-05, 2.5455138484176132e-05, 2.5455138484176132e-05, 2.5455138484176132e-05, 2.5455138484176132e-05, 2.5455138484176132e-05, 2.5455138370489294e-05, 2.5455138370489294e-05, 2.5455138370489294e-05, 2.5455133936702623e-05, 2.5455132799834246e-05, 2.5455132799834246e-05, 2.5455132799834246e-05, 2.5455132799834246e-05, 2.5455132799834246e-05, 2.5455132799834246e-05, 2.5455132799834246e-05, 2.5455132799834246e-05, 2.5455132799834246e-05, 2.5455132799834246e-05, 2.5455132799834246e-05, 2.5455132686147408e-05, 2.5455132686147408e-05, 2.5455132686147408e-05, 2.545513257246057e-05, 2.545513257246057e-05, 2.545513257246057e-05, 2.545513257246057e-05, 2.545513257246057e-05, 2.5455132458773733e-05, 2.5455132458773733e-05, 2.5455132458773733e-05, 2.5455132458773733e-05, 2.5455132458773733e-05, 2.5455132458773733e-05, 2.5455132458773733e-05, 2.5455132458773733e-05]","{""cognitive_weight"": 1.5, ""inertia_weight"": 0.7, ""max_iterations"": 140, ""social_weight"": 1.5, ""swarm_size"": 50}"
schwefel,Schwefel,21,1552,pso,PSO,2,"[-500.0, 500.0]","[420.968746, 420.968746]","[420.9687454075442, -302.5249357977873]",118.43836006957054,723.4936817977873,140,7050,"[218.14783548116736, 154.52936455006807, 154.52936455006807, 154.52936455006807, 130.498355935674, 130.498355935674, 130.498355935674, 130.498355935674, 123.23356895794882, 123.23356895794882, 119.73217485721602, 119.73217485721602, 119.73217485721602, 118.65919039706205, 118.65919039706205, 118.55790876611036, 118.55790876611036, 118.55790876611036, 118.55790876611036, 118.55790876611036, 118.55790876611036, 118.48183146067299, 118.46893333300488, 118.46893333300488, 118.46893333300488, 118.45713837427036, 118.45713837427036, 118.45713837427036, 118.45713837427036, 118.45071855586457, 118.441571856049, 118.441571856049, 118.441571856049, 118.441571856049, 118.44016545623435, 118.44016545623435, 118.44016545623435, 118.44016545623435, 118.44016545623435, 118.43944036418065, 118.43944036418065, 118.43918347629096, 118.43918347629096, 118.43853251719997, 118.43853251719997, 118.43853251719997, 118.43842421556803, 118.43842421556803, 118.4383704085858, 118.4383704085858, 118.4383704085858, 118.43836020118033, 118.43836020118033, 118.43836020118033, 118.43836020118033, 118.43836020118033, 118.43836020118033, 118.43836020118033, 118.43836020118033, 118.43836020118033, 118.43836020118033, 118.43836020118033, 118.43836020118033, 118.43836020118033, 118.43836020118033, 118.43836020118033, 118.43836020118033, 118.43836020118033, 118.4383601357174, 118.4383601357174, 118.4383601357174, 118.4383601357174, 118.4383601357174, 118.43836008926905, 118.43836008926905, 118.43836008926905, 118.43836008926905, 118.43836008926905, 118.43836007683774, 118.43836007683774, 118.43836007683774, 118.43836007683774, 118.43836007209984, 118.43836007209984, 118.43836007209984, 118.43836007209984, 118.43836007209984, 118.43836007209984, 118.43836007209984, 118.43836007209984, 118.43836007138214, 118.43836007005655, 118.43836007005655, 118.43836007005655, 118.43836007005655, 118.43836007005655, 118.43836007005655, 118.43836006980064, 118.43836006980064, 118.43836006980064, 118.43836006959395, 118.43836006959395, 118.43836006959395, 118.43836006959395, 118.43836006959395, 118.43836006959395, 118.43836006959395, 118.43836006959395, 118.43836006959395, 118.43836006959395, 118.43836006959395, 118.43836006959395, 118.43836006959395, 118.43836006959395, 118.43836006959395, 118.43836006958725, 118.43836006958725, 118.43836006957736, 118.43836006957736, 118.43836006957508, 118.43836006957451, 118.4383600695744, 118.43836006957099, 118.43836006957088, 118.43836006957088, 118.43836006957065, 118.43836006957054, 118.43836006957054, 118.43836006957054, 118.43836006957054, 118.43836006957054, 118.43836006957054, 118.43836006957054, 118.43836006957054, 118.43836006957054, 118.43836006957054, 118.43836006957054, 118.43836006957054, 118.43836006957054, 118.43836006957054, 118.43836006957054]","{""cognitive_weight"": 1.5, ""inertia_weight"": 0.7, ""max_iterations"": 140, ""social_weight"": 1.5, ""swarm_size"": 50}"
schwefel,Schwefel,22,1553,pso,PSO,2,"[-500.0, 500.0]","[420.968746, 420.968746]","[419.98426079209025, 421.3319532080559]",0.13891998182418774,1.049347702421302,140,7050,"[249.62718137564707, 249.62718137564707, 249.62718137564707, 249.62718137564707, 241.57770957796356, 238.39440355479587, 193.2306379008187, 167.1194235591728, 134.59757539628413, 134.59757539628413, 134.59757539628413, 134.59757539628413, 119.4378138076795, 119.4378138076795, 119.4378138076795, 119.13266400832799, 119.13266400832799, 119.13266400832799, 118.76249427375228, 118.45290835777223, 118.45290835777223, 118.45290835777223, 118.45290835777223, 118.45290835777223, 118.45290835777223, 118.45290835777223, 118.45290835777223, 118.45290835777223, 118.45290835777223, 118.45290835777223, 118.45290835777223, 118.45290835777223, 118.45290835777223, 118.45290835777223, 118.45290835777223, 118.45290835777223, 118.45290835777223, 118.45290835777223, 118.45290835777223, 118.4425305379657, 118.4425305379657, 118.4425305379657, 118.4425305379657, 118.43907739745123, 118.43873594627507, 118.43873594627507, 118.43873594627507, 118.43873594627507, 118.43873594627507, 118.43873594627507, 118.43873594627507, 118.43873594627507, 118.43873594627507, 118.43850556236134, 118.4384044230685, 118.4384044230685, 118.43836956221071, 118.43836956221071, 118.43836710147184, 118.43836104977356, 118.43836104977356, 118.43836104977356, 118.43836104977356, 118.43836104977356, 118.43836104977356, 118.43836104977356, 118.43836053034443, 118.43836053034443, 118.43836053034443, 118.43836053034443, 118.4383600848862, 118.4383600848862, 118.4383600848862, 118.4383600848862, 118.4383600848862, 118.4383600848862, 118.4383600848862, 118.4383600848862, 118.4383600848862, 118.4383600848862, 118.4383600848862, 118.4383600848862, 118.4383600848862, 118.4383600848862, 118.4383600848862, 118.43836007523532, 118.43836007523532, 118.43836007523532, 118.43836007523532, 118.43836007523532, 118.4383600712406, 118.4383600712406, 118.4383600712406, 118.4383600712406, 118.4383600712406, 118.4383600712406, 118.4383600712406, 118.43836007039613, 118.43836007039613, 118.43836007039613, 118.43836007030188, 118.43836007030188, 118.43836007030188, 118.43836006981564, 118.43836006981564, 118.43836006981564, 118.4383600696317, 118.4383600696317, 118.4383600696317, 118.4383600696317, 118.4383600696317, 118.43836006960055, 118.43836006960055, 118.43836006960055, 118.43836006958463, 40.541519681682075, 40.541519681682075, 40.541519681682075, 40.541519681682075, 40.541519681682075, 40.541519681682075, 19.036928229037812, 19.036928229037812, 19.036928229037812, 19.036928229037812, 2.571956086128921, 2.571956086128921, 2.571956086128921, 2.571956086128921, 2.571956086128921, 2.2252490514904366, 2.2252490514904366, 2.2252490514904366, 0.5712863318468635, 0.5712863318468635, 0.5712863318468635, 0.5712863318468635, 0.42172365807186907, 0.13891998182418774, 0.13891998182418774, 0.13891998182418774]","{""cognitive_weight"": 1.5, ""inertia_weight"": 0.7, ""max_iterations"": 140, ""social_weight"": 1.5, ""swarm_size"": 50}"
schwefel,Schwefel,23,1554,pso,PSO,2,"[-500.0, 500.0]","[420.968746, 420.968746]","[420.96874639497656, 420.96874585735014]",2.5455132345086895e-05,4.1994697501424766e-07,140,7050,"[255.37065143005464, 255.37065143005464, 212.1972257042455, 119.44841643701147, 33.40397134697503, 31.37550323865605, 31.37550323865605, 18.601092377230202, 18.601092377230202, 13.531754801271859, 4.1360073852501955, 1.4717930212432293, 1.4717930212432293, 1.4717930212432293, 1.4717930212432293, 0.30976367288553774, 0.30976367288553774, 0.1209529352345271, 0.1209529352345271, 0.1209529352345271, 0.1209529352345271, 0.1209529352345271, 0.019860548790120447, 0.019860548790120447, 0.019860548790120447, 0.019860548790120447, 0.019860548790120447, 0.019860548790120447, 0.019860548790120447, 0.019860548790120447, 0.017493839711050896, 0.017493839711050896, 0.017493839711050896, 0.007032338420231099, 0.0010296598209151853, 0.0010296598209151853, 0.0010296598209151853, 0.0010296598209151853, 0.0010296598209151853, 0.0010296598209151853, 0.0010296598209151853, 0.0010296598209151853, 0.0010296598209151853, 0.0010296598209151853, 0.0010296598209151853, 0.0010106270233336545, 0.0010106270233336545, 0.0010106270233336545, 0.0006604040222555341, 3.957547596655786e-05, 3.957547596655786e-05, 3.957547596655786e-05, 3.957547596655786e-05, 3.957547596655786e-05, 3.957547596655786e-05, 3.4790512131621654e-05, 3.4790512131621654e-05, 3.4790512131621654e-05, 3.4790512131621654e-05, 3.4790512131621654e-05, 2.986027561746596e-05, 2.6723101427705842e-05, 2.6723101427705842e-05, 2.6723101427705842e-05, 2.5893809834087733e-05, 2.574474024186202e-05, 2.574474024186202e-05, 2.5675797701296688e-05, 2.561562450864585e-05, 2.561562450864585e-05, 2.561562450864585e-05, 2.5484000389042194e-05, 2.5484000389042194e-05, 2.5484000389042194e-05, 2.5484000389042194e-05, 2.5484000389042194e-05, 2.5484000389042194e-05, 2.5484000389042194e-05, 2.5462998110015178e-05, 2.5462998110015178e-05, 2.5462998110015178e-05, 2.5462998110015178e-05, 2.5462998110015178e-05, 2.5462998110015178e-05, 2.5459438120378763e-05, 2.545521738284151e-05, 2.545521738284151e-05, 2.545521738284151e-05, 2.545521738284151e-05, 2.545521738284151e-05, 2.545521738284151e-05, 2.5455178274569334e-05, 2.5455178274569334e-05, 2.5455178274569334e-05, 2.5455178274569334e-05, 2.5455178274569334e-05, 2.5455178274569334e-05, 2.5455178274569334e-05, 2.5455178274569334e-05, 2.545515849305957e-05, 2.545515849305957e-05, 2.545514462326537e-05, 2.545514462326537e-05, 2.545513802942878e-05, 2.545513802942878e-05, 2.545513802942878e-05, 2.545513802942878e-05, 2.545513802942878e-05, 2.545513802942878e-05, 2.545513802942878e-05, 2.545513802942878e-05, 2.545513802942878e-05, 2.5455134391449974e-05, 2.5455134391449974e-05, 2.5455134391449974e-05, 2.5455134391449974e-05, 2.5455134391449974e-05, 2.5455134391449974e-05, 2.5455134391449974e-05, 2.5455133254581597e-05, 2.5455133254581597e-05, 2.5455133254581597e-05, 2.5455133254581597e-05, 2.545513302720792e-05, 2.5455132799834246e-05, 2.5455132799834246e-05, 2.5455132799834246e-05, 2.5455132686147408e-05, 2.5455132686147408e-05, 2.545513257246057e-05, 2.545513257246057e-05, 2.545513257246057e-05, 2.545513257246057e-05, 2.545513257246057e-05, 2.545513257246057e-05, 2.5455132345086895e-05, 2.5455132345086895e-05, 2.5455132345086895e-05, 2.5455132345086895e-05, 2.5455132345086895e-05, 2.5455132345086895e-05]","{""cognitive_weight"": 1.5, ""inertia_weight"": 0.7, ""max_iterations"": 140, ""social_weight"": 1.5, ""swarm_size"": 50}"
schwefel,Schwefel,24,1555,pso,PSO,2,"[-500.0, 500.0]","[420.968746, 420.968746]","[420.9687466073335, 420.96874636046323]",2.5455132458773733e-05,7.062490476785801e-07,140,7050,"[170.18788982147862, 170.18788982147862, 169.67306448184956, 20.261638007694614, 20.261638007694614, 4.815270021556444, 4.815270021556444, 4.815270021556444, 4.815270021556444, 4.815270021556444, 4.815270021556444, 3.542953688011494, 3.542953688011494, 1.9509900219140945, 1.118580106222339, 1.118580106222339, 1.023669369638469, 0.16976494497362182, 0.16976494497362182, 0.16976494497362182, 0.16976494497362182, 0.006537433618063915, 0.006537433618063915, 0.006537433618063915, 0.006537433618063915, 0.006537433618063915, 0.006537433618063915, 0.0014443138852584525, 0.0014443138852584525, 0.0014443138852584525, 0.0014443138852584525, 0.0014443138852584525, 0.0014443138852584525, 0.0014443138852584525, 0.0012580011818954517, 0.0012580011818954517, 0.0012580011818954517, 0.0012580011818954517, 0.00029070289610899636, 0.00029070289610899636, 0.00020327745176018652, 0.00020327745176018652, 0.00020327745176018652, 0.00011389658038751804, 0.00011389658038751804, 0.00011389658038751804, 0.00011389658038751804, 0.00011389658038751804, 0.00011389658038751804, 5.039781308369129e-05, 5.039781308369129e-05, 3.843188346763782e-05, 3.843188346763782e-05, 3.843188346763782e-05, 3.843188346763782e-05, 3.843188346763782e-05, 3.843188346763782e-05, 3.264018323534401e-05, 3.264018323534401e-05, 3.0054829721848364e-05, 3.0054829721848364e-05, 2.812116451877955e-05, 2.5964065571315587e-05, 2.5964065571315587e-05, 2.5964065571315587e-05, 2.565880231486517e-05, 2.565880231486517e-05, 2.565880231486517e-05, 2.565880231486517e-05, 2.565880231486517e-05, 2.545880010984547e-05, 2.545880010984547e-05, 2.545880010984547e-05, 2.545880010984547e-05, 2.545880010984547e-05, 2.545880010984547e-05, 2.545880010984547e-05, 2.545880010984547e-05, 2.5458735080974293e-05, 2.5458735080974293e-05, 2.5458735080974293e-05, 2.5458735080974293e-05, 2.5458735080974293e-05, 2.5458735080974293e-05, 2.5458735080974293e-05, 2.5458735080974293e-05, 2.5458735080974293e-05, 2.5458735080974293e-05, 2.5456491584918695e-05, 2.5456491584918695e-05, 2.5456153252889635e-05, 2.5456153252889635e-05, 2.5456153252889635e-05, 2.5455212266933813e-05, 2.5455212266933813e-05, 2.5455212266933813e-05, 2.5455212266933813e-05, 2.5455212266933813e-05, 2.5455212266933813e-05, 2.545516758800659e-05, 2.545516758800659e-05, 2.545516758800659e-05, 2.5455151899222983e-05, 2.5455151899222983e-05, 2.5455151899222983e-05, 2.5455151899222983e-05, 2.5455151899222983e-05, 2.545513666518673e-05, 2.545513666518673e-05, 2.545513666518673e-05, 2.545513666518673e-05, 2.545513666518673e-05, 2.5455134846197325e-05, 2.5455133936702623e-05, 2.5455133936702623e-05, 2.5455133936702623e-05, 2.5455133936702623e-05, 2.5455133368268434e-05, 2.5455133254581597e-05, 2.545513302720792e-05, 2.545513302720792e-05, 2.545513302720792e-05, 2.545513257246057e-05, 2.5455132458773733e-05, 2.5455132458773733e-05, 2.5455132458773733e-05, 2.5455132458773733e-05, 2.5455132458773733e-05, 2.5455132458773733e-05, 2.5455132458773733e-05, 2.5455132458773733e-05, 2.5455132458773733e-05, 2.5455132458773733e-05, 2.5455132458773733e-05, 2.5455132458773733e-05, 2.5455132458773733e-05, 2.5455132458773733e-05, 2.5455132458773733e-05, 2.5455132458773733e-05, 2.5455132458773733e-05, 2.5455132458773733e-05]","{""cognitive_weight"": 1.5, ""inertia_weight"": 0.7, ""max_iterations"": 140, ""social_weight"": 1.5, ""swarm_size"": 50}"
schwefel,Schwefel,25,1556,pso,PSO,2,"[-500.0, 500.0]","[420.968746, 420.968746]","[420.9687465458323, 420.968745705758]",2.5455132458773733e-05,6.20089695998476e-07,140,7050,"[72.41874091629302, 72.41874091629302, 72.41874091629302, 72.41874091629302, 72.41874091629302, 33.61102249393048, 33.61102249393048, 8.292777033843322, 7.1410994453657395, 7.1410994453657395, 3.20652333011094, 3.20652333011094, 3.20652333011094, 2.8357866545393335, 2.8357866545393335, 2.306616527142978, 1.2566577730401605, 0.15452126455193138, 0.15452126455193138, 0.15452126455193138, 0.15452126455193138, 0.15452126455193138, 0.006263298483304425, 0.006263298483304425, 0.006263298483304425, 0.006263298483304425, 0.005217350280418032, 0.0011029049114767986, 0.0011029049114767986, 0.0011029049114767986, 0.0011029049114767986, 0.0011029049114767986, 0.0011029049114767986, 0.00019234841829529614, 0.00019234841829529614, 0.00019234841829529614, 5.994470143377839e-05, 5.994470143377839e-05, 5.994470143377839e-05, 5.994470143377839e-05, 5.994470143377839e-05, 5.994470143377839e-05, 5.994470143377839e-05, 5.994470143377839e-05, 5.994470143377839e-05, 5.994470143377839e-05, 5.994470143377839e-05, 5.994470143377839e-05, 5.994470143377839e-05, 5.994470143377839e-05, 2.7132811851515726e-05, 2.7132811851515726e-05, 2.7132811851515726e-05, 2.7132811851515726e-05, 2.7132811851515726e-05, 2.7132811851515726e-05, 2.7132811851515726e-05, 2.5587040681784856e-05, 2.5587040681784856e-05, 2.5587040681784856e-05, 2.5587040681784856e-05, 2.5587040681784856e-05, 2.5587040681784856e-05, 2.5587040681784856e-05, 2.5587040681784856e-05, 2.5570678644726286e-05, 2.5570678644726286e-05, 2.5570678644726286e-05, 2.5489395397926273e-05, 2.5489395397926273e-05, 2.5489395397926273e-05, 2.5489395397926273e-05, 2.5489232257314143e-05, 2.5489232257314143e-05, 2.5486620529591164e-05, 2.5486620529591164e-05, 2.5486620529591164e-05, 2.5486620529591164e-05, 2.5486620529591164e-05, 2.54844651408348e-05, 2.54844651408348e-05, 2.546314613027789e-05, 2.546314613027789e-05, 2.546314613027789e-05, 2.546314613027789e-05, 2.5456678031332558e-05, 2.5456678031332558e-05, 2.5455178388256172e-05, 2.5455178388256172e-05, 2.5455139393670834e-05, 2.5455139393670834e-05, 2.5455139393670834e-05, 2.5455139393670834e-05, 2.5455132799834246e-05, 2.5455132799834246e-05, 2.5455132799834246e-05, 2.5455132799834246e-05, 2.5455132799834246e-05, 2.5455132799834246e-05, 2.5455132799834246e-05, 2.5455132799834246e-05, 2.5455132799834246e-05, 2.5455132799834246e-05, 2.5455132799834246e-05, 2.5455132799834246e-05, 2.545513257246057e-05, 2.545513257246057e-05, 2.545513257246057e-05, 2.545513257246057e-05, 2.545513257246057e-05, 2.545513257246057e-05, 2.545513257246057e-05, 2.545513257246057e-05, 2.545513257246057e-05, 2.545513257246057e-05, 2.545513257246057e-05, 2.545513257246057e-05, 2.545513257246057e-05, 2.545513257246057e-05, 2.545513257246057e-05, 2.545513257246057e-05, 2.545513257246057e-05, 2.545513257246057e-05, 2.545513257246057e-05, 2.545513257246057e-05, 2.5455132458773733e-05, 2.5455132458773733e-05, 2.5455132458773733e-05, 2.5455132458773733e-05, 2.5455132458773733e-05, 2.5455132458773733e-05, 2.5455132458773733e-05, 2.5455132458773733e-05, 2.5455132458773733e-05, 2.5455132458773733e-05, 2.5455132458773733e-05, 2.5455132458773733e-05, 2.5455132458773733e-05, 2.5455132458773733e-05, 2.5455132458773733e-05, 2.5455132458773733e-05]","{""cognitive_weight"": 1.5, ""inertia_weight"": 0.7, ""max_iterations"": 140, ""social_weight"": 1.5, ""swarm_size"": 50}"
schwefel,Schwefel,26,1557,pso,PSO,2,"[-500.0, 500.0]","[420.968746, 420.968746]","[420.9687465783647, 420.9687468620342]",2.5455132458773733e-05,1.0380793126529084e-06,140,7050,"[309.9041333253091, 249.07920713006752, 141.518859601975, 141.518859601975, 141.518859601975, 108.47665870165031, 10.948167790932075, 10.948167790932075, 10.948167790932075, 10.948167790932075, 10.948167790932075, 0.6243833835731039, 0.6243833835731039, 0.6243833835731039, 0.6243833835731039, 0.3075916152049558, 0.2875148172927311, 0.2875148172927311, 0.2875148172927311, 0.22092971705728814, 0.22092971705728814, 0.22092971705728814, 0.1420214430836495, 0.1420214430836495, 0.1420214430836495, 0.05664083015494725, 0.012572805400850484, 0.012572805400850484, 0.012572805400850484, 0.012572805400850484, 0.012572805400850484, 0.0009060441917654316, 0.0009060441917654316, 0.0009060441917654316, 0.0009060441917654316, 0.0009060441917654316, 0.0009060441917654316, 0.0009060441917654316, 0.0005435091084109445, 0.0005435091084109445, 0.00027324454777044593, 0.00027324454777044593, 0.0002649096946925056, 0.0002649096946925056, 0.0002649096946925056, 4.058926151628839e-05, 4.058926151628839e-05, 4.058926151628839e-05, 4.058926151628839e-05, 3.0288514153653523e-05, 3.0288514153653523e-05, 3.0288514153653523e-05, 3.0288514153653523e-05, 3.0288514153653523e-05, 2.9366170792854973e-05, 2.745445419805037e-05, 2.6648789685168595e-05, 2.6648789685168595e-05, 2.6648789685168595e-05, 2.6648789685168595e-05, 2.6648789685168595e-05, 2.6648789685168595e-05, 2.6648789685168595e-05, 2.6648789685168595e-05, 2.5768874479581427e-05, 2.5768874479581427e-05, 2.5768874479581427e-05, 2.5768874479581427e-05, 2.5768874479581427e-05, 2.5768874479581427e-05, 2.5768874479581427e-05, 2.5768874479581427e-05, 2.5768874479581427e-05, 2.5604106440368923e-05, 2.5604106440368923e-05, 2.5604106440368923e-05, 2.5604106440368923e-05, 2.5576492816981045e-05, 2.5455525019424385e-05, 2.5455525019424385e-05, 2.5455525019424385e-05, 2.5455525019424385e-05, 2.5455525019424385e-05, 2.5455525019424385e-05, 2.5455525019424385e-05, 2.5455525019424385e-05, 2.5455525019424385e-05, 2.5455525019424385e-05, 2.5455525019424385e-05, 2.5455525019424385e-05, 2.5455525019424385e-05, 2.5455525019424385e-05, 2.5455525019424385e-05, 2.545544998611149e-05, 2.545544998611149e-05, 2.545544998611149e-05, 2.545544998611149e-05, 2.545544998611149e-05, 2.545536358411482e-05, 2.5455209652136546e-05, 2.545517645557993e-05, 2.545517645557993e-05, 2.545517645557993e-05, 2.545517645557993e-05, 2.545514553276007e-05, 2.545513450513681e-05, 2.545513450513681e-05, 2.545513450513681e-05, 2.545513302720792e-05, 2.545513302720792e-05, 2.5455132686147408e-05, 2.5455132686147408e-05, 2.5455132686147408e-05, 2.545513257246057e-05, 2.545513257246057e-05, 2.545513257246057e-05, 2.545513257246057e-05, 2.545513257246057e-05, 2.545513257246057e-05, 2.545513257246057e-05, 2.545513257246057e-05, 2.545513257246057e-05, 2.545513257246057e-05, 2.545513257246057e-05, 2.545513257246057e-05, 2.545513257246057e-05, 2.545513257246057e-05, 2.5455132458773733e-05, 2.5455132458773733e-05, 2.5455132458773733e-05, 2.5455132458773733e-05, 2.5455132458773733e-05, 2.5455132458773733e-05, 2.5455132458773733e-05, 2.5455132458773733e-05, 2.5455132458773733e-05, 2.5455132458773733e-05, 2.5455132458773733e-05, 2.5455132458773733e-05, 2.5455132458773733e-05, 2.5455132458773733e-05]","{""cognitive_weight"": 1.5, ""inertia_weight"": 0.7, ""max_iterations"": 140, ""social_weight"": 1.5, ""swarm_size"": 50}"
schwefel,Schwefel,27,1558,pso,PSO,2,"[-500.0, 500.0]","[420.968746, 420.968746]","[420.9687466802036, 420.968746142571]",2.5455132458773733e-05,6.94984458010712e-07,140,7050,"[402.9643783266644, 402.9643783266644, 365.00172348167087, 150.33504322892827, 150.33504322892827, 150.33504322892827, 150.33504322892827, 0.7805002955317377, 0.7805002955317377, 0.7805002955317377, 0.7805002955317377, 0.12558616421347324, 0.12558616421347324, 0.12558616421347324, 0.12558616421347324, 0.12558616421347324, 0.12558616421347324, 0.12558616421347324, 0.12558616421347324, 0.11598790439609274, 0.11530916370293198, 0.11530916370293198, 0.008774744455763539, 0.008774744455763539, 0.008774744455763539, 0.008774744455763539, 0.006872274560691949, 0.006872274560691949, 0.001648798272071872, 0.001648798272071872, 0.001648798272071872, 0.001463819529135435, 0.0010472997362285241, 0.00042632018835320196, 0.00028658272981374466, 0.00028658272981374466, 0.00028658272981374466, 0.00028658272981374466, 0.00028658272981374466, 9.12435215241203e-05, 9.12435215241203e-05, 4.289024900572258e-05, 4.289024900572258e-05, 4.289024900572258e-05, 4.289024900572258e-05, 4.289024900572258e-05, 4.289024900572258e-05, 4.157545095040405e-05, 4.157545095040405e-05, 4.157545095040405e-05, 4.1335483047078014e-05, 4.1335483047078014e-05, 4.1335483047078014e-05, 4.1335483047078014e-05, 2.9249147473819903e-05, 2.9249147473819903e-05, 2.821778002726205e-05, 2.821778002726205e-05, 2.821778002726205e-05, 2.821778002726205e-05, 2.821778002726205e-05, 2.821778002726205e-05, 2.7412890403866186e-05, 2.7412890403866186e-05, 2.6272949298800086e-05, 2.6272949298800086e-05, 2.6272949298800086e-05, 2.6024520479950297e-05, 2.546945438552939e-05, 2.546945438552939e-05, 2.546945438552939e-05, 2.546945438552939e-05, 2.546945438552939e-05, 2.546945438552939e-05, 2.5467510454291187e-05, 2.5467510454291187e-05, 2.54582248544466e-05, 2.545608458603965e-05, 2.545608458603965e-05, 2.545608458603965e-05, 2.5455658146711357e-05, 2.5455658146711357e-05, 2.5455658146711357e-05, 2.5455658146711357e-05, 2.5455263539697626e-05, 2.5455263539697626e-05, 2.5455263539697626e-05, 2.5455263539697626e-05, 2.5455263539697626e-05, 2.5455263539697626e-05, 2.5455263539697626e-05, 2.5455263539697626e-05, 2.5455263539697626e-05, 2.5455263539697626e-05, 2.5455263539697626e-05, 2.5455173272348475e-05, 2.5455173272348475e-05, 2.5455173272348475e-05, 2.5455173272348475e-05, 2.5455173272348475e-05, 2.5455173272348475e-05, 2.5455173272348475e-05, 2.5455148943365202e-05, 2.5455148943365202e-05, 2.5455138938923483e-05, 2.5455138938923483e-05, 2.5455138938923483e-05, 2.5455135869378864e-05, 2.5455135869378864e-05, 2.5455134391449974e-05, 2.5455134391449974e-05, 2.5455134391449974e-05, 2.5455134391449974e-05, 2.5455134391449974e-05, 2.5455133254581597e-05, 2.5455133254581597e-05, 2.5455133254581597e-05, 2.5455133254581597e-05, 2.5455132799834246e-05, 2.5455132799834246e-05, 2.5455132799834246e-05, 2.5455132799834246e-05, 2.5455132799834246e-05, 2.545513257246057e-05, 2.545513257246057e-05, 2.545513257246057e-05, 2.545513257246057e-05, 2.545513257246057e-05, 2.545513257246057e-05, 2.545513257246057e-05, 2.5455132458773733e-05, 2.5455132458773733e-05, 2.5455132458773733e-05, 2.5455132458773733e-05, 2.5455132458773733e-05, 2.5455132458773733e-05, 2.5455132458773733e-05, 2.5455132458773733e-05, 2.5455132458773733e-05, 2.5455132458773733e-05, 2.5455132458773733e-05]","{""cognitive_weight"": 1.5, ""inertia_weight"": 0.7, ""max_iterations"": 140, ""social_weight"": 1.5, ""swarm_size"": 50}"
schwefel,Schwefel,28,1559,pso,PSO,2,"[-500.0, 500.0]","[420.968746, 420.968746]","[420.9687454018443, 420.968746411723]",2.5455132458773733e-05,7.261584434944956e-07,140,7050,"[104.87375699264385, 104.87375699264385, 42.24268533297732, 42.24268533297732, 42.24268533297732, 35.64041719992815, 15.316516958787815, 15.316516958787815, 8.16714346568233, 0.9467977540698485, 0.9467977540698485, 0.9467977540698485, 0.9467977540698485, 0.09280608051813033, 0.09280608051813033, 0.09280608051813033, 0.09280608051813033, 0.09280608051813033, 0.09280608051813033, 0.09280608051813033, 0.017080881740639597, 0.017080881740639597, 0.017080881740639597, 0.017080881740639597, 0.017080881740639597, 0.01531563023797844, 0.002582336670229779, 0.002582336670229779, 0.002582336670229779, 0.002582336670229779, 0.002582336670229779, 0.002582336670229779, 0.002582336670229779, 0.002582336670229779, 0.002582336670229779, 0.002582336670229779, 0.0011976140192473395, 0.000938380502475411, 0.000938380502475411, 0.00024427653022485174, 0.00024427653022485174, 0.00024427653022485174, 0.00024427653022485174, 0.00024427653022485174, 0.00024427653022485174, 0.00024427653022485174, 0.00024427653022485174, 0.00024427653022485174, 0.0001866821560270182, 7.894571876931877e-05, 7.894571876931877e-05, 6.68969942125841e-05, 6.68969942125841e-05, 6.68969942125841e-05, 6.68969942125841e-05, 6.68969942125841e-05, 6.211590289240121e-05, 4.750904815864487e-05, 3.0864398013363825e-05, 3.0864398013363825e-05, 2.7713818781194277e-05, 2.7713818781194277e-05, 2.7713818781194277e-05, 2.5834843199845636e-05, 2.5834843199845636e-05, 2.5834843199845636e-05, 2.5834843199845636e-05, 2.5834843199845636e-05, 2.5834843199845636e-05, 2.5834843199845636e-05, 2.5834843199845636e-05, 2.5547738005116116e-05, 2.5547738005116116e-05, 2.5547738005116116e-05, 2.5547738005116116e-05, 2.5547738005116116e-05, 2.5547738005116116e-05, 2.5547738005116116e-05, 2.5479534315309138e-05, 2.54630867857486e-05, 2.54630867857486e-05, 2.54630867857486e-05, 2.54630867857486e-05, 2.54630867857486e-05, 2.54630867857486e-05, 2.545676079535042e-05, 2.545676079535042e-05, 2.5455315949329815e-05, 2.5455315949329815e-05, 2.5455315949329815e-05, 2.5455315949329815e-05, 2.5455315949329815e-05, 2.5455315949329815e-05, 2.5455315949329815e-05, 2.5455315949329815e-05, 2.5455315949329815e-05, 2.545528582231782e-05, 2.545528582231782e-05, 2.545528582231782e-05, 2.545527377151302e-05, 2.545527377151302e-05, 2.5455220566072967e-05, 2.5455220566072967e-05, 2.5455165769017185e-05, 2.5455165769017185e-05, 2.5455165769017185e-05, 2.5455165769017185e-05, 2.5455165769017185e-05, 2.5455147806496825e-05, 2.5455147806496825e-05, 2.545513564200519e-05, 2.545513564200519e-05, 2.545513564200519e-05, 2.545513564200519e-05, 2.545513564200519e-05, 2.545513564200519e-05, 2.545513359564211e-05, 2.545513359564211e-05, 2.545513359564211e-05, 2.545513359564211e-05, 2.5455132799834246e-05, 2.5455132799834246e-05, 2.5455132799834246e-05, 2.5455132686147408e-05, 2.545513257246057e-05, 2.545513257246057e-05, 2.545513257246057e-05, 2.545513257246057e-05, 2.545513257246057e-05, 2.545513257246057e-05, 2.545513257246057e-05, 2.545513257246057e-05, 2.5455132458773733e-05, 2.5455132458773733e-05, 2.5455132458773733e-05, 2.5455132458773733e-05, 2.5455132458773733e-05, 2.5455132458773733e-05, 2.5455132458773733e-05, 2.5455132458773733e-05, 2.5455132458773733e-05]","{""cognitive_weight"": 1.5, ""inertia_weight"": 0.7, ""max_iterations"": 140, ""social_weight"": 1.5, ""swarm_size"": 50}"
schwefel,Schwefel,29,1560,pso,PSO,2,"[-500.0, 500.0]","[420.968746, 420.968746]","[420.9687470207244, 420.9687463728951]",2.5455132458773733e-05,1.0867055692422265e-06,140,7050,"[11.571892683285114, 11.571892683285114, 11.571892683285114, 11.571892683285114, 11.571892683285114, 11.571892683285114, 0.9222772593516311, 0.9222772593516311, 0.9222772593516311, 0.9222772593516311, 0.9222772593516311, 0.9222772593516311, 0.5976152626856219, 0.5976152626856219, 0.5976152626856219, 0.5976152626856219, 0.5976152626856219, 0.5976152626856219, 0.5976152626856219, 0.4545963184307311, 0.4545963184307311, 0.27446264993773184, 0.14124997428405095, 0.09737742034030816, 0.09737742034030816, 0.09737742034030816, 0.09737742034030816, 0.04816471554056534, 0.04816471554056534, 0.04816471554056534, 0.00025250934731957386, 0.00025250934731957386, 0.00025250934731957386, 0.00025250934731957386, 0.00025250934731957386, 0.00025250934731957386, 0.00025250934731957386, 0.00025250934731957386, 0.00025250934731957386, 0.00025250934731957386, 0.00025250934731957386, 0.00025250934731957386, 0.00025250934731957386, 0.00025250934731957386, 0.00025250934731957386, 0.00018128435090147832, 0.00018128435090147832, 0.00018128435090147832, 6.115421115282516e-05, 6.115421115282516e-05, 6.115421115282516e-05, 6.115421115282516e-05, 6.115421115282516e-05, 3.701679474943376e-05, 3.674980644063908e-05, 3.674980644063908e-05, 3.0176611744536785e-05, 2.5637109274612158e-05, 2.5637109274612158e-05, 2.5637109274612158e-05, 2.5637109274612158e-05, 2.5637109274612158e-05, 2.5637109274612158e-05, 2.5637109274612158e-05, 2.5637109274612158e-05, 2.5637109274612158e-05, 2.5494876012999157e-05, 2.5494876012999157e-05, 2.5494876012999157e-05, 2.5494876012999157e-05, 2.5494876012999157e-05, 2.5494876012999157e-05, 2.5494876012999157e-05, 2.5465961243753554e-05, 2.5465961243753554e-05, 2.545539712173195e-05, 2.5455234663240844e-05, 2.5455234663240844e-05, 2.5455234663240844e-05, 2.5455234663240844e-05, 2.5455234663240844e-05, 2.5455234663240844e-05, 2.5455234663240844e-05, 2.5455234663240844e-05, 2.5455234663240844e-05, 2.5455234663240844e-05, 2.545513802942878e-05, 2.545513802942878e-05, 2.545513802942878e-05, 2.545513802942878e-05, 2.545513802942878e-05, 2.545513802942878e-05, 2.545513802942878e-05, 2.545513802942878e-05, 2.5455133481955272e-05, 2.5455133481955272e-05, 2.5455133481955272e-05, 2.5455133481955272e-05, 2.5455133481955272e-05, 2.5455133481955272e-05, 2.5455133481955272e-05, 2.5455133481955272e-05, 2.5455133481955272e-05, 2.5455133481955272e-05, 2.5455133481955272e-05, 2.5455133481955272e-05, 2.5455133481955272e-05, 2.5455133481955272e-05, 2.5455133481955272e-05, 2.5455133481955272e-05, 2.5455133481955272e-05, 2.5455133481955272e-05, 2.5455133481955272e-05, 2.5455133481955272e-05, 2.5455132799834246e-05, 2.5455132799834246e-05, 2.5455132799834246e-05, 2.5455132799834246e-05, 2.5455132799834246e-05, 2.545513257246057e-05, 2.545513257246057e-05, 2.545513257246057e-05, 2.545513257246057e-05, 2.545513257246057e-05, 2.545513257246057e-05, 2.545513257246057e-05, 2.545513257246057e-05, 2.545513257246057e-05, 2.545513257246057e-05, 2.545513257246057e-05, 2.5455132458773733e-05, 2.5455132458773733e-05, 2.5455132458773733e-05, 2.5455132458773733e-05, 2.5455132458773733e-05, 2.5455132458773733e-05, 2.5455132458773733e-05, 2.5455132458773733e-05, 2.5455132458773733e-05, 2.5455132458773733e-05, 2.5455132458773733e-05]","{""cognitive_weight"": 1.5, ""inertia_weight"": 0.7, ""max_iterations"": 140, ""social_weight"": 1.5, ""swarm_size"": 50}"
schwefel,Schwefel,30,1552,pso,PSO,2,"[-500.0, 500.0]","[420.968746, 420.968746]","[420.9687454075442, -302.5249357977873]",118.43836006957054,723.4936817977873,140,7050,"[218.14783548116736, 154.52936455006807, 154.52936455006807, 154.52936455006807, 130.498355935674, 130.498355935674, 130.498355935674, 130.498355935674, 123.23356895794882, 123.23356895794882, 119.73217485721602, 119.73217485721602, 119.73217485721602, 118.65919039706205, 118.65919039706205, 118.55790876611036, 118.55790876611036, 118.55790876611036, 118.55790876611036, 118.55790876611036, 118.55790876611036, 118.48183146067299, 118.46893333300488, 118.46893333300488, 118.46893333300488, 118.45713837427036, 118.45713837427036, 118.45713837427036, 118.45713837427036, 118.45071855586457, 118.441571856049, 118.441571856049, 118.441571856049, 118.441571856049, 118.44016545623435, 118.44016545623435, 118.44016545623435, 118.44016545623435, 118.44016545623435, 118.43944036418065, 118.43944036418065, 118.43918347629096, 118.43918347629096, 118.43853251719997, 118.43853251719997, 118.43853251719997, 118.43842421556803, 118.43842421556803, 118.4383704085858, 118.4383704085858, 118.4383704085858, 118.43836020118033, 118.43836020118033, 118.43836020118033, 118.43836020118033, 118.43836020118033, 118.43836020118033, 118.43836020118033, 118.43836020118033, 118.43836020118033, 118.43836020118033, 118.43836020118033, 118.43836020118033, 118.43836020118033, 118.43836020118033, 118.43836020118033, 118.43836020118033, 118.43836020118033, 118.4383601357174, 118.4383601357174, 118.4383601357174, 118.4383601357174, 118.4383601357174, 118.43836008926905, 118.43836008926905, 118.43836008926905, 118.43836008926905, 118.43836008926905, 118.43836007683774, 118.43836007683774, 118.43836007683774, 118.43836007683774, 118.43836007209984, 118.43836007209984, 118.43836007209984, 118.43836007209984, 118.43836007209984, 118.43836007209984, 118.43836007209984, 118.43836007209984, 118.43836007138214, 118.43836007005655, 118.43836007005655, 118.43836007005655, 118.43836007005655, 118.43836007005655, 118.43836007005655, 118.43836006980064, 118.43836006980064, 118.43836006980064, 118.43836006959395, 118.43836006959395, 118.43836006959395, 118.43836006959395, 118.43836006959395, 118.43836006959395, 118.43836006959395, 118.43836006959395, 118.43836006959395, 118.43836006959395, 118.43836006959395, 118.43836006959395, 118.43836006959395, 118.43836006959395, 118.43836006959395, 118.43836006958725, 118.43836006958725, 118.43836006957736, 118.43836006957736, 118.43836006957508, 118.43836006957451, 118.4383600695744, 118.43836006957099, 118.43836006957088, 118.43836006957088, 118.43836006957065, 118.43836006957054, 118.43836006957054, 118.43836006957054, 118.43836006957054, 118.43836006957054, 118.43836006957054, 118.43836006957054, 118.43836006957054, 118.43836006957054, 118.43836006957054, 118.43836006957054, 118.43836006957054, 118.43836006957054, 118.43836006957054, 118.43836006957054]","{""cognitive_weight"": 1.5, ""inertia_weight"": 0.7, ""max_iterations"": 140, ""social_weight"": 1.5, ""swarm_size"": 50}"
schwefel,Schwefel,31,1553,pso,PSO,2,"[-500.0, 500.0]","[420.968746, 420.968746]","[419.98426079209025, 421.3319532080559]",0.13891998182418774,1.049347702421302,140,7050,"[249.62718137564707, 249.62718137564707, 249.62718137564707, 249.62718137564707, 241.57770957796356, 238.39440355479587, 193.2306379008187, 167.1194235591728, 134.59757539628413, 134.59757539628413, 134.59757539628413, 134.59757539628413, 119.4378138076795, 119.4378138076795, 119.4378138076795, 119.13266400832799, 119.13266400832799, 119.13266400832799, 118.76249427375228, 118.45290835777223, 118.45290835777223, 118.45290835777223, 118.45290835777223, 118.45290835777223, 118.45290835777223, 118.45290835777223, 118.45290835777223, 118.45290835777223, 118.45290835777223, 118.45290835777223, 118.45290835777223, 118.45290835777223, 118.45290835777223, 118.45290835777223, 118.45290835777223, 118.45290835777223, 118.45290835777223, 118.45290835777223, 118.45290835777223, 118.4425305379657, 118.4425305379657, 118.4425305379657, 118.4425305379657, 118.43907739745123, 118.43873594627507, 118.43873594627507, 118.43873594627507, 118.43873594627507, 118.43873594627507, 118.43873594627507, 118.43873594627507, 118.43873594627507, 118.43873594627507, 118.43850556236134, 118.4384044230685, 118.4384044230685, 118.43836956221071, 118.43836956221071, 118.43836710147184, 118.43836104977356, 118.43836104977356, 118.43836104977356, 118.43836104977356, 118.43836104977356, 118.43836104977356, 118.43836104977356, 118.43836053034443, 118.43836053034443, 118.43836053034443, 118.43836053034443, 118.4383600848862, 118.4383600848862, 118.4383600848862, 118.4383600848862, 118.4383600848862, 118.4383600848862, 118.4383600848862, 118.4383600848862, 118.4383600848862, 118.4383600848862, 118.4383600848862, 118.4383600848862, 118.4383600848862, 118.4383600848862, 118.4383600848862, 118.43836007523532, 118.43836007523532, 118.43836007523532, 118.43836007523532, 118.43836007523532, 118.4383600712406, 118.4383600712406, 118.4383600712406, 118.4383600712406, 118.4383600712406, 118.4383600712406, 118.4383600712406, 118.43836007039613, 118.43836007039613, 118.43836007039613, 118.43836007030188, 118.43836007030188, 118.43836007030188, 118.43836006981564, 118.43836006981564, 118.43836006981564, 118.4383600696317, 118.4383600696317, 118.4383600696317, 118.4383600696317, 118.4383600696317, 118.43836006960055, 118.43836006960055, 118.43836006960055, 118.43836006958463, 40.541519681682075, 40.541519681682075, 40.541519681682075, 40.541519681682075, 40.541519681682075, 40.541519681682075, 19.036928229037812, 19.036928229037812, 19.036928229037812, 19.036928229037812, 2.571956086128921, 2.571956086128921, 2.571956086128921, 2.571956086128921, 2.571956086128921, 2.2252490514904366, 2.2252490514904366, 2.2252490514904366, 0.5712863318468635, 0.5712863318468635, 0.5712863318468635, 0.5712863318468635, 0.42172365807186907, 0.13891998182418774, 0.13891998182418774, 0.13891998182418774]","{""cognitive_weight"": 1.5, ""inertia_weight"": 0.7, ""max_iterations"": 140, ""social_weight"": 1.5, ""swarm_size"": 50}"
schwefel,Schwefel,32,1554,pso,PSO,2,"[-500.0, 500.0]","[420.968746, 420.968746]","[420.96874639497656, 420.96874585735014]",2.5455132345086895e-05,4.1994697501424766e-07,140,7050,"[255.37065143005464, 255.37065143005464, 212.1972257042455, 119.44841643701147, 33.40397134697503, 31.37550323865605, 31.37550323865605, 18.601092377230202, 18.601092377230202, 13.531754801271859, 4.1360073852501955, 1.4717930212432293, 1.4717930212432293, 1.4717930212432293, 1.4717930212432293, 0.30976367288553774, 0.30976367288553774, 0.1209529352345271, 0.1209529352345271, 0.1209529352345271, 0.1209529352345271, 0.1209529352345271, 0.019860548790120447, 0.019860548790120447, 0.019860548790120447, 0.019860548790120447, 0.019860548790120447, 0.019860548790120447, 0.019860548790120447, 0.019860548790120447, 0.017493839711050896, 0.017493839711050896, 0.017493839711050896, 0.007032338420231099, 0.0010296598209151853, 0.0010296598209151853, 0.0010296598209151853, 0.0010296598209151853, 0.0010296598209151853, 0.0010296598209151853, 0.0010296598209151853, 0.0010296598209151853, 0.0010296598209151853, 0.0010296598209151853, 0.0010296598209151853, 0.0010106270233336545, 0.0010106270233336545, 0.0010106270233336545, 0.0006604040222555341, 3.957547596655786e-05, 3.957547596655786e-05, 3.957547596655786e-05, 3.957547596655786e-05, 3.957547596655786e-05, 3.957547596655786e-05, 3.4790512131621654e-05, 3.4790512131621654e-05, 3.4790512131621654e-05, 3.4790512131621654e-05, 3.4790512131621654e-05, 2.986027561746596e-05, 2.6723101427705842e-05, 2.6723101427705842e-05, 2.6723101427705842e-05, 2.5893809834087733e-05, 2.574474024186202e-05, 2.574474024186202e-05, 2.5675797701296688e-05, 2.561562450864585e-05, 2.561562450864585e-05, 2.561562450864585e-05, 2.5484000389042194e-05, 2.5484000389042194e-05, 2.5484000389042194e-05, 2.5484000389042194e-05, 2.5484000389042194e-05, 2.5484000389042194e-05, 2.5484000389042194e-05, 2.5462998110015178e-05, 2.5462998110015178e-05, 2.5462998110015178e-05, 2.5462998110015178e-05, 2.5462998110015178e-05, 2.5462998110015178e-05, 2.5459438120378763e-05, 2.545521738284151e-05, 2.545521738284151e-05, 2.545521738284151e-05, 2.545521738284151e-05, 2.545521738284151e-05, 2.545521738284151e-05, 2.5455178274569334e-05, 2.5455178274569334e-05, 2.5455178274569334e-05, 2.5455178274569334e-05, 2.5455178274569334e-05, 2.5455178274569334e-05, 2.5455178274569334e-05, 2.5455178274569334e-05, 2.545515849305957e-05, 2.545515849305957e-05, 2.545514462326537e-05, 2.545514462326537e-05, 2.545513802942878e-05, 2.545513802942878e-05, 2.545513802942878e-05, 2.545513802942878e-05, 2.545513802942878e-05, 2.545513802942878e-05, 2.545513802942878e-05, 2.545513802942878e-05, 2.545513802942878e-05, 2.5455134391449974e-05, 2.5455134391449974e-05, 2.5455134391449974e-05, 2.5455134391449974e-05, 2.5455134391449974e-05, 2.5455134391449974e-05, 2.5455134391449974e-05, 2.5455133254581597e-05, 2.5455133254581597e-05, 2.5455133254581597e-05, 2.5455133254581597e-05, 2.545513302720792e-05, 2.5455132799834246e-05, 2.5455132799834246e-05, 2.5455132799834246e-05, 2.5455132686147408e-05, 2.5455132686147408e-05, 2.545513257246057e-05, 2.545513257246057e-05, 2.545513257246057e-05, 2.545513257246057e-05, 2.545513257246057e-05, 2.545513257246057e-05, 2.5455132345086895e-05, 2.5455132345086895e-05, 2.5455132345086895e-05, 2.5455132345086895e-05, 2.5455132345086895e-05, 2.5455132345086895e-05]","{""cognitive_weight"": 1.5, ""inertia_weight"": 0.7, ""max_iterations"": 140, ""social_weight"": 1.5, ""swarm_size"": 50}"
schwefel,Schwefel,33,1555,pso,PSO,2,"[-500.0, 500.0]","[420.968746, 420.968746]","[420.9687466073335, 420.96874636046323]",2.5455132458773733e-05,7.062490476785801e-07,140,7050,"[170.18788982147862, 170.18788982147862, 169.67306448184956, 20.261638007694614, 20.261638007694614, 4.815270021556444, 4.815270021556444, 4.815270021556444, 4.815270021556444, 4.815270021556444, 4.815270021556444, 3.542953688011494, 3.542953688011494, 1.9509900219140945, 1.118580106222339, 1.118580106222339, 1.023669369638469, 0.16976494497362182, 0.16976494497362182, 0.16976494497362182, 0.16976494497362182, 0.006537433618063915, 0.006537433618063915, 0.006537433618063915, 0.006537433618063915, 0.006537433618063915, 0.006537433618063915, 0.0014443138852584525, 0.0014443138852584525, 0.0014443138852584525, 0.0014443138852584525, 0.0014443138852584525, 0.0014443138852584525, 0.0014443138852584525, 0.0012580011818954517, 0.0012580011818954517, 0.0012580011818954517, 0.0012580011818954517, 0.00029070289610899636, 0.00029070289610899636, 0.00020327745176018652, 0.00020327745176018652, 0.00020327745176018652, 0.00011389658038751804, 0.00011389658038751804, 0.00011389658038751804, 0.00011389658038751804, 0.00011389658038751804, 0.00011389658038751804, 5.039781308369129e-05, 5.039781308369129e-05, 3.843188346763782e-05, 3.843188346763782e-05, 3.843188346763782e-05, 3.843188346763782e-05, 3.843188346763782e-05, 3.843188346763782e-05, 3.264018323534401e-05, 3.264018323534401e-05, 3.0054829721848364e-05, 3.0054829721848364e-05, 2.812116451877955e-05, 2.5964065571315587e-05, 2.5964065571315587e-05, 2.5964065571315587e-05, 2.565880231486517e-05, 2.565880231486517e-05, 2.565880231486517e-05, 2.565880231486517e-05, 2.565880231486517e-05, 2.545880010984547e-05, 2.545880010984547e-05, 2.545880010984547e-05, 2.545880010984547e-05, 2.545880010984547e-05, 2.545880010984547e-05, 2.545880010984547e-05, 2.545880010984547e-05, 2.5458735080974293e-05, 2.5458735080974293e-05, 2.5458735080974293e-05, 2.5458735080974293e-05, 2.5458735080974293e-05, 2.5458735080974293e-05, 2.5458735080974293e-05, 2.5458735080974293e-05, 2.5458735080974293e-05, 2.5458735080974293e-05, 2.5456491584918695e-05, 2.5456491584918695e-05, 2.5456153252889635e-05, 2.5456153252889635e-05, 2.5456153252889635e-05, 2.5455212266933813e-05, 2.5455212266933813e-05, 2.5455212266933813e-05, 2.5455212266933813e-05, 2.5455212266933813e-05, 2.5455212266933813e-05, 2.545516758800659e-05, 2.545516758800659e-05, 2.545516758800659e-05, 2.5455151899222983e-05, 2.5455151899222983e-05, 2.5455151899222983e-05, 2.5455151899222983e-05, 2.5455151899222983e-05, 2.545513666518673e-05, 2.545513666518673e-05, 2.545513666518673e-05, 2.545513666518673e-05, 2.545513666518673e-05, 2.5455134846197325e-05, 2.5455133936702623e-05, 2.5455133936702623e-05, 2.5455133936702623e-05, 2.5455133936702623e-05, 2.5455133368268434e-05, 2.5455133254581597e-05, 2.545513302720792e-05, 2.545513302720792e-05, 2.545513302720792e-05, 2.545513257246057e-05, 2.5455132458773733e-05, 2.5455132458773733e-05, 2.5455132458773733e-05, 2.5455132458773733e-05, 2.5455132458773733e-05, 2.5455132458773733e-05, 2.5455132458773733e-05, 2.5455132458773733e-05, 2.5455132458773733e-05, 2.5455132458773733e-05, 2.5455132458773733e-05, 2.5455132458773733e-05, 2.5455132458773733e-05, 2.5455132458773733e-05, 2.5455132458773733e-05, 2.5455132458773733e-05, 2.5455132458773733e-05, 2.5455132458773733e-05]","{""cognitive_weight"": 1.5, ""inertia_weight"": 0.7, ""max_iterations"": 140, ""social_weight"": 1.5, ""swarm_size"": 50}"
schwefel,Schwefel,34,1556,pso,PSO,2,"[-500.0, 500.0]","[420.968746, 420.968746]","[420.9687465458323, 420.968745705758]",2.5455132458773733e-05,6.20089695998476e-07,140,7050,"[72.41874091629302, 72.41874091629302, 72.41874091629302, 72.41874091629302, 72.41874091629302, 33.61102249393048, 33.61102249393048, 8.292777033843322, 7.1410994453657395, 7.1410994453657395, 3.20652333011094, 3.20652333011094, 3.20652333011094, 2.8357866545393335, 2.8357866545393335, 2.306616527142978, 1.2566577730401605, 0.15452126455193138, 0.15452126455193138, 0.15452126455193138, 0.15452126455193138, 0.15452126455193138, 0.006263298483304425, 0.006263298483304425, 0.006263298483304425, 0.006263298483304425, 0.005217350280418032, 0.0011029049114767986, 0.0011029049114767986, 0.0011029049114767986, 0.0011029049114767986, 0.0011029049114767986, 0.0011029049114767986, 0.00019234841829529614, 0.00019234841829529614, 0.00019234841829529614, 5.994470143377839e-05, 5.994470143377839e-05, 5.994470143377839e-05, 5.994470143377839e-05, 5.994470143377839e-05, 5.994470143377839e-05, 5.994470143377839e-05, 5.994470143377839e-05, 5.994470143377839e-05, 5.994470143377839e-05, 5.994470143377839e-05, 5.994470143377839e-05, 5.994470143377839e-05, 5.994470143377839e-05, 2.7132811851515726e-05, 2.7132811851515726e-05, 2.7132811851515726e-05, 2.7132811851515726e-05, 2.7132811851515726e-05, 2.7132811851515726e-05, 2.7132811851515726e-05, 2.5587040681784856e-05, 2.5587040681784856e-05, 2.5587040681784856e-05, 2.5587040681784856e-05, 2.5587040681784856e-05, 2.5587040681784856e-05, 2.5587040681784856e-05, 2.5587040681784856e-05, 2.5570678644726286e-05, 2.5570678644726286e-05, 2.5570678644726286e-05, 2.5489395397926273e-05, 2.5489395397926273e-05, 2.5489395397926273e-05, 2.5489395397926273e-05, 2.5489232257314143e-05, 2.5489232257314143e-05, 2.5486620529591164e-05, 2.5486620529591164e-05, 2.5486620529591164e-05, 2.5486620529591164e-05, 2.5486620529591164e-05, 2.54844651408348e-05, 2.54844651408348e-05, 2.546314613027789e-05, 2.546314613027789e-05, 2.546314613027789e-05, 2.546314613027789e-05, 2.5456678031332558e-05, 2.5456678031332558e-05, 2.5455178388256172e-05, 2.5455178388256172e-05, 2.5455139393670834e-05, 2.5455139393670834e-05, 2.5455139393670834e-05, 2.5455139393670834e-05, 2.5455132799834246e-05, 2.5455132799834246e-05, 2.5455132799834246e-05, 2.5455132799834246e-05, 2.5455132799834246e-05, 2.5455132799834246e-05, 2.5455132799834246e-05, 2.5455132799834246e-05, 2.5455132799834246e-05, 2.5455132799834246e-05, 2.5455132799834246e-05, 2.5455132799834246e-05, 2.545513257246057e-05, 2.545513257246057e-05, 2.545513257246057e-05, 2.545513257246057e-05, 2.545513257246057e-05, 2.545513257246057e-05, 2.545513257246057e-05, 2.545513257246057e-05, 2.545513257246057e-05, 2.545513257246057e-05, 2.545513257246057e-05, 2.545513257246057e-05, 2.545513257246057e-05, 2.545513257246057e-05, 2.545513257246057e-05, 2.545513257246057e-05, 2.545513257246057e-05, 2.545513257246057e-05, 2.545513257246057e-05, 2.545513257246057e-05, 2.5455132458773733e-05, 2.5455132458773733e-05, 2.5455132458773733e-05, 2.5455132458773733e-05, 2.5455132458773733e-05, 2.5455132458773733e-05, 2.5455132458773733e-05, 2.5455132458773733e-05, 2.5455132458773733e-05, 2.5455132458773733e-05, 2.5455132458773733e-05, 2.5455132458773733e-05, 2.5455132458773733e-05, 2.5455132458773733e-05, 2.5455132458773733e-05, 2.5455132458773733e-05]","{""cognitive_weight"": 1.5, ""inertia_weight"": 0.7, ""max_iterations"": 140, ""social_weight"": 1.5, ""swarm_size"": 50}"
schwefel,Schwefel,35,1557,pso,PSO,2,"[-500.0, 500.0]","[420.968746, 420.968746]","[420.9687465783647, 420.9687468620342]",2.5455132458773733e-05,1.0380793126529084e-06,140,7050,"[309.9041333253091, 249.07920713006752, 141.518859601975, 141.518859601975, 141.518859601975, 108.47665870165031, 10.948167790932075, 10.948167790932075, 10.948167790932075, 10.948167790932075, 10.948167790932075, 0.6243833835731039, 0.6243833835731039, 0.6243833835731039, 0.6243833835731039, 0.3075916152049558, 0.2875148172927311, 0.2875148172927311, 0.2875148172927311, 0.22092971705728814, 0.22092971705728814, 0.22092971705728814, 0.1420214430836495, 0.1420214430836495, 0.1420214430836495, 0.05664083015494725, 0.012572805400850484, 0.012572805400850484, 0.012572805400850484, 0.012572805400850484, 0.012572805400850484, 0.0009060441917654316, 0.0009060441917654316, 0.0009060441917654316, 0.0009060441917654316, 0.0009060441917654316, 0.0009060441917654316, 0.0009060441917654316, 0.0005435091084109445, 0.0005435091084109445, 0.00027324454777044593, 0.00027324454777044593, 0.0002649096946925056, 0.0002649096946925056, 0.0002649096946925056, 4.058926151628839e-05, 4.058926151628839e-05, 4.058926151628839e-05, 4.058926151628839e-05, 3.0288514153653523e-05, 3.0288514153653523e-05, 3.0288514153653523e-05, 3.0288514153653523e-05, 3.0288514153653523e-05, 2.9366170792854973e-05, 2.745445419805037e-05, 2.6648789685168595e-05, 2.6648789685168595e-05, 2.6648789685168595e-05, 2.6648789685168595e-05, 2.6648789685168595e-05, 2.6648789685168595e-05, 2.6648789685168595e-05, 2.6648789685168595e-05, 2.5768874479581427e-05, 2.5768874479581427e-05, 2.5768874479581427e-05, 2.5768874479581427e-05, 2.5768874479581427e-05, 2.5768874479581427e-05, 2.5768874479581427e-05, 2.5768874479581427e-05, 2.5768874479581427e-05, 2.5604106440368923e-05, 2.5604106440368923e-05, 2.5604106440368923e-05, 2.5604106440368923e-05, 2.5576492816981045e-05, 2.5455525019424385e-05, 2.5455525019424385e-05, 2.5455525019424385e-05, 2.5455525019424385e-05, 2.5455525019424385e-05, 2.5455525019424385e-05, 2.5455525019424385e-05, 2.5455525019424385e-05, 2.5455525019424385e-05, 2.5455525019424385e-05, 2.5455525019424385e-05, 2.5455525019424385e-05, 2.5455525019424385e-05, 2.5455525019424385e-05, 2.5455525019424385e-05, 2.545544998611149e-05, 2.545544998611149e-05, 2.545544998611149e-05, 2.545544998611149e-05, 2.545544998611149e-05, 2.545536358411482e-05, 2.5455209652136546e-05, 2.545517645557993e-05, 2.545517645557993e-05, 2.545517645557993e-05, 2.545517645557993e-05, 2.545514553276007e-05, 2.545513450513681e-05, 2.545513450513681e-05, 2.545513450513681e-05, 2.545513302720792e-05, 2.545513302720792e-05, 2.5455132686147408e-05, 2.5455132686147408e-05, 2.5455132686147408e-05, 2.545513257246057e-05, 2.545513257246057e-05, 2.545513257246057e-05, 2.545513257246057e-05, 2.545513257246057e-05, 2.545513257246057e-05, 2.545513257246057e-05, 2.545513257246057e-05, 2.545513257246057e-05, 2.545513257246057e-05, 2.545513257246057e-05, 2.545513257246057e-05, 2.545513257246057e-05, 2.545513257246057e-05, 2.5455132458773733e-05, 2.5455132458773733e-05, 2.5455132458773733e-05, 2.5455132458773733e-05, 2.5455132458773733e-05, 2.5455132458773733e-05, 2.5455132458773733e-05, 2.5455132458773733e-05, 2.5455132458773733e-05, 2.5455132458773733e-05, 2.5455132458773733e-05, 2.5455132458773733e-05, 2.5455132458773733e-05, 2.5455132458773733e-05]","{""cognitive_weight"": 1.5, ""inertia_weight"": 0.7, ""max_iterations"": 140, ""social_weight"": 1.5, ""swarm_size"": 50}"
schwefel,Schwefel,36,1558,pso,PSO,2,"[-500.0, 500.0]","[420.968746, 420.968746]","[420.9687466802036, 420.968746142571]",2.5455132458773733e-05,6.94984458010712e-07,140,7050,"[402.9643783266644, 402.9643783266644, 365.00172348167087, 150.33504322892827, 150.33504322892827, 150.33504322892827, 150.33504322892827, 0.7805002955317377, 0.7805002955317377, 0.7805002955317377, 0.7805002955317377, 0.12558616421347324, 0.12558616421347324, 0.12558616421347324, 0.12558616421347324, 0.12558616421347324, 0.12558616421347324, 0.12558616421347324, 0.12558616421347324, 0.11598790439609274, 0.11530916370293198, 0.11530916370293198, 0.008774744455763539, 0.008774744455763539, 0.008774744455763539, 0.008774744455763539, 0.006872274560691949, 0.006872274560691949, 0.001648798272071872, 0.001648798272071872, 0.001648798272071872, 0.001463819529135435, 0.0010472997362285241, 0.00042632018835320196, 0.00028658272981374466, 0.00028658272981374466, 0.00028658272981374466, 0.00028658272981374466, 0.00028658272981374466, 9.12435215241203e-05, 9.12435215241203e-05, 4.289024900572258e-05, 4.289024900572258e-05, 4.289024900572258e-05, 4.289024900572258e-05, 4.289024900572258e-05, 4.289024900572258e-05, 4.157545095040405e-05, 4.157545095040405e-05, 4.157545095040405e-05, 4.1335483047078014e-05, 4.1335483047078014e-05, 4.1335483047078014e-05, 4.1335483047078014e-05, 2.9249147473819903e-05, 2.9249147473819903e-05, 2.821778002726205e-05, 2.821778002726205e-05, 2.821778002726205e-05, 2.821778002726205e-05, 2.821778002726205e-05, 2.821778002726205e-05, 2.7412890403866186e-05, 2.7412890403866186e-05, 2.6272949298800086e-05, 2.6272949298800086e-05, 2.6272949298800086e-05, 2.6024520479950297e-05, 2.546945438552939e-05, 2.546945438552939e-05, 2.546945438552939e-05, 2.546945438552939e-05, 2.546945438552939e-05, 2.546945438552939e-05, 2.5467510454291187e-05, 2.5467510454291187e-05, 2.54582248544466e-05, 2.545608458603965e-05, 2.545608458603965e-05, 2.545608458603965e-05, 2.5455658146711357e-05, 2.5455658146711357e-05, 2.5455658146711357e-05, 2.5455658146711357e-05, 2.5455263539697626e-05, 2.5455263539697626e-05, 2.5455263539697626e-05, 2.5455263539697626e-05, 2.5455263539697626e-05, 2.5455263539697626e-05, 2.5455263539697626e-05, 2.5455263539697626e-05, 2.5455263539697626e-05, 2.5455263539697626e-05, 2.5455263539697626e-05, 2.5455173272348475e-05, 2.5455173272348475e-05, 2.5455173272348475e-05, 2.5455173272348475e-05, 2.5455173272348475e-05, 2.5455173272348475e-05, 2.5455173272348475e-05, 2.5455148943365202e-05, 2.5455148943365202e-05, 2.5455138938923483e-05, 2.5455138938923483e-05, 2.5455138938923483e-05, 2.5455135869378864e-05, 2.5455135869378864e-05, 2.5455134391449974e-05, 2.5455134391449974e-05, 2.5455134391449974e-05, 2.5455134391449974e-05, 2.5455134391449974e-05, 2.5455133254581597e-05, 2.5455133254581597e-05, 2.5455133254581597e-05, 2.5455133254581597e-05, 2.5455132799834246e-05, 2.5455132799834246e-05, 2.5455132799834246e-05, 2.5455132799834246e-05, 2.5455132799834246e-05, 2.545513257246057e-05, 2.545513257246057e-05, 2.545513257246057e-05, 2.545513257246057e-05, 2.545513257246057e-05, 2.545513257246057e-05, 2.545513257246057e-05, 2.5455132458773733e-05, 2.5455132458773733e-05, 2.5455132458773733e-05, 2.5455132458773733e-05, 2.5455132458773733e-05, 2.5455132458773733e-05, 2.5455132458773733e-05, 2.5455132458773733e-05, 2.5455132458773733e-05, 2.5455132458773733e-05, 2.5455132458773733e-05]","{""cognitive_weight"": 1.5, ""inertia_weight"": 0.7, ""max_iterations"": 140, ""social_weight"": 1.5, ""swarm_size"": 50}"
schwefel,Schwefel,37,1559,pso,PSO,2,"[-500.0, 500.0]","[420.968746, 420.968746]","[420.9687454018443, 420.968746411723]",2.5455132458773733e-05,7.261584434944956e-07,140,7050,"[104.87375699264385, 104.87375699264385, 42.24268533297732, 42.24268533297732, 42.24268533297732, 35.64041719992815, 15.316516958787815, 15.316516958787815, 8.16714346568233, 0.9467977540698485, 0.9467977540698485, 0.9467977540698485, 0.9467977540698485, 0.09280608051813033, 0.09280608051813033, 0.09280608051813033, 0.09280608051813033, 0.09280608051813033, 0.09280608051813033, 0.09280608051813033, 0.017080881740639597, 0.017080881740639597, 0.017080881740639597, 0.017080881740639597, 0.017080881740639597, 0.01531563023797844, 0.002582336670229779, 0.002582336670229779, 0.002582336670229779, 0.002582336670229779, 0.002582336670229779, 0.002582336670229779, 0.002582336670229779, 0.002582336670229779, 0.002582336670229779, 0.002582336670229779, 0.0011976140192473395, 0.000938380502475411, 0.000938380502475411, 0.00024427653022485174, 0.00024427653022485174, 0.00024427653022485174, 0.00024427653022485174, 0.00024427653022485174, 0.00024427653022485174, 0.00024427653022485174, 0.00024427653022485174, 0.00024427653022485174, 0.0001866821560270182, 7.894571876931877e-05, 7.894571876931877e-05, 6.68969942125841e-05, 6.68969942125841e-05, 6.68969942125841e-05, 6.68969942125841e-05, 6.68969942125841e-05, 6.211590289240121e-05, 4.750904815864487e-05, 3.0864398013363825e-05, 3.0864398013363825e-05, 2.7713818781194277e-05, 2.7713818781194277e-05, 2.7713818781194277e-05, 2.5834843199845636e-05, 2.5834843199845636e-05, 2.5834843199845636e-05, 2.5834843199845636e-05, 2.5834843199845636e-05, 2.5834843199845636e-05, 2.5834843199845636e-05, 2.5834843199845636e-05, 2.5547738005116116e-05, 2.5547738005116116e-05, 2.5547738005116116e-05, 2.5547738005116116e-05, 2.5547738005116116e-05, 2.5547738005116116e-05, 2.5547738005116116e-05, 2.5479534315309138e-05, 2.54630867857486e-05, 2.54630867857486e-05, 2.54630867857486e-05, 2.54630867857486e-05, 2.54630867857486e-05, 2.54630867857486e-05, 2.545676079535042e-05, 2.545676079535042e-05, 2.5455315949329815e-05, 2.5455315949329815e-05, 2.5455315949329815e-05, 2.5455315949329815e-05, 2.5455315949329815e-05, 2.5455315949329815e-05, 2.5455315949329815e-05, 2.5455315949329815e-05, 2.5455315949329815e-05, 2.545528582231782e-05, 2.545528582231782e-05, 2.545528582231782e-05, 2.545527377151302e-05, 2.545527377151302e-05, 2.5455220566072967e-05, 2.5455220566072967e-05, 2.5455165769017185e-05, 2.5455165769017185e-05, 2.5455165769017185e-05, 2.5455165769017185e-05, 2.5455165769017185e-05, 2.5455147806496825e-05, 2.5455147806496825e-05, 2.545513564200519e-05, 2.545513564200519e-05, 2.545513564200519e-05, 2.545513564200519e-05, 2.545513564200519e-05, 2.545513564200519e-05, 2.545513359564211e-05, 2.545513359564211e-05, 2.545513359564211e-05, 2.545513359564211e-05, 2.5455132799834246e-05, 2.5455132799834246e-05, 2.5455132799834246e-05, 2.5455132686147408e-05, 2.545513257246057e-05, 2.545513257246057e-05, 2.545513257246057e-05, 2.545513257246057e-05, 2.545513257246057e-05, 2.545513257246057e-05, 2.545513257246057e-05, 2.545513257246057e-05, 2.5455132458773733e-05, 2.5455132458773733e-05, 2.5455132458773733e-05, 2.5455132458773733e-05, 2.5455132458773733e-05, 2.5455132458773733e-05, 2.5455132458773733e-05, 2.5455132458773733e-05, 2.5455132458773733e-05]","{""cognitive_weight"": 1.5, ""inertia_weight"": 0.7, ""max_iterations"": 140, ""social_weight"": 1.5, ""swarm_size"": 50}"
schwefel,Schwefel,38,1560,pso,PSO,2,"[-500.0, 500.0]","[420.968746, 420.968746]","[420.9687470207244, 420.9687463728951]",2.5455132458773733e-05,1.0867055692422265e-06,140,7050,"[11.571892683285114, 11.571892683285114, 11.571892683285114, 11.571892683285114, 11.571892683285114, 11.571892683285114, 0.9222772593516311, 0.9222772593516311, 0.9222772593516311, 0.9222772593516311, 0.9222772593516311, 0.9222772593516311, 0.5976152626856219, 0.5976152626856219, 0.5976152626856219, 0.5976152626856219, 0.5976152626856219, 0.5976152626856219, 0.5976152626856219, 0.4545963184307311, 0.4545963184307311, 0.27446264993773184, 0.14124997428405095, 0.09737742034030816, 0.09737742034030816, 0.09737742034030816, 0.09737742034030816, 0.04816471554056534, 0.04816471554056534, 0.04816471554056534, 0.00025250934731957386, 0.00025250934731957386, 0.00025250934731957386, 0.00025250934731957386, 0.00025250934731957386, 0.00025250934731957386, 0.00025250934731957386, 0.00025250934731957386, 0.00025250934731957386, 0.00025250934731957386, 0.00025250934731957386, 0.00025250934731957386, 0.00025250934731957386, 0.00025250934731957386, 0.00025250934731957386, 0.00018128435090147832, 0.00018128435090147832, 0.00018128435090147832, 6.115421115282516e-05, 6.115421115282516e-05, 6.115421115282516e-05, 6.115421115282516e-05, 6.115421115282516e-05, 3.701679474943376e-05, 3.674980644063908e-05, 3.674980644063908e-05, 3.0176611744536785e-05, 2.5637109274612158e-05, 2.5637109274612158e-05, 2.5637109274612158e-05, 2.5637109274612158e-05, 2.5637109274612158e-05, 2.5637109274612158e-05, 2.5637109274612158e-05, 2.5637109274612158e-05, 2.5637109274612158e-05, 2.5494876012999157e-05, 2.5494876012999157e-05, 2.5494876012999157e-05, 2.5494876012999157e-05, 2.5494876012999157e-05, 2.5494876012999157e-05, 2.5494876012999157e-05, 2.5465961243753554e-05, 2.5465961243753554e-05, 2.545539712173195e-05, 2.5455234663240844e-05, 2.5455234663240844e-05, 2.5455234663240844e-05, 2.5455234663240844e-05, 2.5455234663240844e-05, 2.5455234663240844e-05, 2.5455234663240844e-05, 2.5455234663240844e-05, 2.5455234663240844e-05, 2.5455234663240844e-05, 2.545513802942878e-05, 2.545513802942878e-05, 2.545513802942878e-05, 2.545513802942878e-05, 2.545513802942878e-05, 2.545513802942878e-05, 2.545513802942878e-05, 2.545513802942878e-05, 2.5455133481955272e-05, 2.5455133481955272e-05, 2.5455133481955272e-05, 2.5455133481955272e-05, 2.5455133481955272e-05, 2.5455133481955272e-05, 2.5455133481955272e-05, 2.5455133481955272e-05, 2.5455133481955272e-05, 2.5455133481955272e-05, 2.5455133481955272e-05, 2.5455133481955272e-05, 2.5455133481955272e-05, 2.5455133481955272e-05, 2.5455133481955272e-05, 2.5455133481955272e-05, 2.5455133481955272e-05, 2.5455133481955272e-05, 2.5455133481955272e-05, 2.5455133481955272e-05, 2.5455132799834246e-05, 2.5455132799834246e-05, 2.5455132799834246e-05, 2.5455132799834246e-05, 2.5455132799834246e-05, 2.545513257246057e-05, 2.545513257246057e-05, 2.545513257246057e-05, 2.545513257246057e-05, 2.545513257246057e-05, 2.545513257246057e-05, 2.545513257246057e-05, 2.545513257246057e-05, 2.545513257246057e-05, 2.545513257246057e-05, 2.545513257246057e-05, 2.5455132458773733e-05, 2.5455132458773733e-05, 2.5455132458773733e-05, 2.5455132458773733e-05, 2.5455132458773733e-05, 2.5455132458773733e-05, 2.5455132458773733e-05, 2.5455132458773733e-05, 2.5455132458773733e-05, 2.5455132458773733e-05, 2.5455132458773733e-05]","{""cognitive_weight"": 1.5, ""inertia_weight"": 0.7, ""max_iterations"": 140, ""social_weight"": 1.5, ""swarm_size"": 50}"
schwefel,Schwefel,39,1561,pso,PSO,2,"[-500.0, 500.0]","[420.968746, 420.968746]","[420.9687463156608, 420.96874686373684]",2.5455132458773733e-05,9.19610261366163e-07,140,7050,"[42.29863622350763, 42.29863622350763, 42.29863622350763, 42.29863622350763, 42.29863622350763, 42.29863622350763, 20.05583898073246, 20.05583898073246, 8.11566903173889, 4.239591559441578, 4.239591559441578, 3.4537435417314555, 3.4537435417314555, 1.0240087262014868, 1.0240087262014868, 0.858158605311246, 0.26824313608585726, 0.17779974156758271, 0.17779974156758271, 0.17779974156758271, 0.17779974156758271, 0.052334308546051034, 0.007891652134730975, 0.0007431501323935663, 0.0007431501323935663, 0.00013972160411412915, 0.00013972160411412915, 0.00013972160411412915, 0.00013972160411412915, 0.00013972160411412915, 0.00013972160411412915, 0.00013972160411412915, 0.00013972160411412915, 0.00013972160411412915, 0.00013972160411412915, 0.00013972160411412915, 0.00013972160411412915, 0.00013972160411412915, 0.00013972160411412915, 0.00013972160411412915, 0.00013972160411412915, 0.00013972160411412915, 0.00013972160411412915, 0.00013972160411412915, 0.00013972160411412915, 0.00013972160411412915, 0.00013972160411412915, 0.00013972160411412915, 6.130234874035523e-05, 6.130234874035523e-05, 6.130234874035523e-05, 6.130234874035523e-05, 6.130234874035523e-05, 6.130234874035523e-05, 6.130234874035523e-05, 6.130234874035523e-05, 3.259140692080109e-05, 3.2521323532819224e-05, 2.7311295752951992e-05, 2.6012636453742743e-05, 2.6012636453742743e-05, 2.6012636453742743e-05, 2.6012636453742743e-05, 2.6012636453742743e-05, 2.6012636453742743e-05, 2.553509420977207e-05, 2.553509420977207e-05, 2.553509420977207e-05, 2.553509420977207e-05, 2.5471959816059098e-05, 2.5471959816059098e-05, 2.5471959816059098e-05, 2.5471959816059098e-05, 2.5471959816059098e-05, 2.5471959816059098e-05, 2.5467713044236007e-05, 2.546691302995896e-05, 2.546691302995896e-05, 2.5466620968472853e-05, 2.5455353352299426e-05, 2.5455353352299426e-05, 2.5455353352299426e-05, 2.5455353352299426e-05, 2.5455353352299426e-05, 2.5455353352299426e-05, 2.5455353352299426e-05, 2.545525626374001e-05, 2.545525626374001e-05, 2.545525626374001e-05, 2.545525626374001e-05, 2.545516554164351e-05, 2.545516554164351e-05, 2.545516554164351e-05, 2.545516554164351e-05, 2.5455134277763136e-05, 2.5455134277763136e-05, 2.5455134277763136e-05, 2.5455134277763136e-05, 2.5455134277763136e-05, 2.5455134277763136e-05, 2.54551341640763e-05, 2.54551341640763e-05, 2.54551341640763e-05, 2.5455133254581597e-05, 2.5455133254581597e-05, 2.5455132799834246e-05, 2.5455132799834246e-05, 2.5455132686147408e-05, 2.5455132686147408e-05, 2.5455132686147408e-05, 2.5455132686147408e-05, 2.5455132686147408e-05, 2.545513257246057e-05, 2.545513257246057e-05, 2.545513257246057e-05, 2.545513257246057e-05, 2.545513257246057e-05, 2.545513257246057e-05, 2.545513257246057e-05, 2.545513257246057e-05, 2.545513257246057e-05, 2.545513257246057e-05, 2.545513257246057e-05, 2.545513257246057e-05, 2.545513257246057e-05, 2.545513257246057e-05, 2.545513257246057e-05, 2.545513257246057e-05, 2.545513257246057e-05, 2.545513257246057e-05, 2.545513257246057e-05, 2.545513257246057e-05, 2.545513257246057e-05, 2.545513257246057e-05, 2.545513257246057e-05, 2.545513257246057e-05, 2.545513257246057e-05, 2.5455132458773733e-05, 2.5455132458773733e-05, 2.5455132458773733e-05, 2.5455132458773733e-05]","{""cognitive_weight"": 1.5, ""inertia_weight"": 0.7, ""max_iterations"": 140, ""social_weight"": 1.5, ""swarm_size"": 50}"
schwefel,Schwefel,40,1553,pso,PSO,2,"[-500.0, 500.0]","[420.968746, 420.968746]","[419.98426079209025, 421.3319532080559]",0.13891998182418774,1.049347702421302,140,7050,"[249.62718137564707, 249.62718137564707, 249.62718137564707, 249.62718137564707, 241.57770957796356, 238.39440355479587, 193.2306379008187, 167.1194235591728, 134.59757539628413, 134.59757539628413, 134.59757539628413, 134.59757539628413, 119.4378138076795, 119.4378138076795, 119.4378138076795, 119.13266400832799, 119.13266400832799, 119.13266400832799, 118.76249427375228, 118.45290835777223, 118.45290835777223, 118.45290835777223, 118.45290835777223, 118.45290835777223, 118.45290835777223, 118.45290835777223, 118.45290835777223, 118.45290835777223, 118.45290835777223, 118.45290835777223, 118.45290835777223, 118.45290835777223, 118.45290835777223, 118.45290835777223, 118.45290835777223, 118.45290835777223, 118.45290835777223, 118.45290835777223, 118.45290835777223, 118.4425305379657, 118.4425305379657, 118.4425305379657, 118.4425305379657, 118.43907739745123, 118.43873594627507, 118.43873594627507, 118.43873594627507, 118.43873594627507, 118.43873594627507, 118.43873594627507, 118.43873594627507, 118.43873594627507, 118.43873594627507, 118.43850556236134, 118.4384044230685, 118.4384044230685, 118.43836956221071, 118.43836956221071, 118.43836710147184, 118.43836104977356, 118.43836104977356, 118.43836104977356, 118.43836104977356, 118.43836104977356, 118.43836104977356, 118.43836104977356, 118.43836053034443, 118.43836053034443, 118.43836053034443, 118.43836053034443, 118.4383600848862, 118.4383600848862, 118.4383600848862, 118.4383600848862, 118.4383600848862, 118.4383600848862, 118.4383600848862, 118.4383600848862, 118.4383600848862, 118.4383600848862, 118.4383600848862, 118.4383600848862, 118.4383600848862, 118.4383600848862, 118.4383600848862, 118.43836007523532, 118.43836007523532, 118.43836007523532, 118.43836007523532, 118.43836007523532, 118.4383600712406, 118.4383600712406, 118.4383600712406, 118.4383600712406, 118.4383600712406, 118.4383600712406, 118.4383600712406, 118.43836007039613, 118.43836007039613, 118.43836007039613, 118.43836007030188, 118.43836007030188, 118.43836007030188, 118.43836006981564, 118.43836006981564, 118.43836006981564, 118.4383600696317, 118.4383600696317, 118.4383600696317, 118.4383600696317, 118.4383600696317, 118.43836006960055, 118.43836006960055, 118.43836006960055, 118.43836006958463, 40.541519681682075, 40.541519681682075, 40.541519681682075, 40.541519681682075, 40.541519681682075, 40.541519681682075, 19.036928229037812, 19.036928229037812, 19.036928229037812, 19.036928229037812, 2.571956086128921, 2.571956086128921, 2.571956086128921, 2.571956086128921, 2.571956086128921, 2.2252490514904366, 2.2252490514904366, 2.2252490514904366, 0.5712863318468635, 0.5712863318468635, 0.5712863318468635, 0.5712863318468635, 0.42172365807186907, 0.13891998182418774, 0.13891998182418774, 0.13891998182418774]","{""cognitive_weight"": 1.5, ""inertia_weight"": 0.7, ""max_iterations"": 140, ""social_weight"": 1.5, ""swarm_size"": 50}"
schwefel,Schwefel,41,1554,pso,PSO,2,"[-500.0, 500.0]","[420.968746, 420.968746]","[420.96874639497656, 420.96874585735014]",2.5455132345086895e-05,4.1994697501424766e-07,140,7050,"[255.37065143005464, 255.37065143005464, 212.1972257042455, 119.44841643701147, 33.40397134697503, 31.37550323865605, 31.37550323865605, 18.601092377230202, 18.601092377230202, 13.531754801271859, 4.1360073852501955, 1.4717930212432293, 1.4717930212432293, 1.4717930212432293, 1.4717930212432293, 0.30976367288553774, 0.30976367288553774, 0.1209529352345271, 0.1209529352345271, 0.1209529352345271, 0.1209529352345271, 0.1209529352345271, 0.019860548790120447, 0.019860548790120447, 0.019860548790120447, 0.019860548790120447, 0.019860548790120447, 0.019860548790120447, 0.019860548790120447, 0.019860548790120447, 0.017493839711050896, 0.017493839711050896, 0.017493839711050896, 0.007032338420231099, 0.0010296598209151853, 0.0010296598209151853, 0.0010296598209151853, 0.0010296598209151853, 0.0010296598209151853, 0.0010296598209151853, 0.0010296598209151853, 0.0010296598209151853, 0.0010296598209151853, 0.0010296598209151853, 0.0010296598209151853, 0.0010106270233336545, 0.0010106270233336545, 0.0010106270233336545, 0.0006604040222555341, 3.957547596655786e-05, 3.957547596655786e-05, 3.957547596655786e-05, 3.957547596655786e-05, 3.957547596655786e-05, 3.957547596655786e-05, 3.4790512131621654e-05, 3.4790512131621654e-05, 3.4790512131621654e-05, 3.4790512131621654e-05, 3.4790512131621654e-05, 2.986027561746596e-05, 2.6723101427705842e-05, 2.6723101427705842e-05, 2.6723101427705842e-05, 2.5893809834087733e-05, 2.574474024186202e-05, 2.574474024186202e-05, 2.5675797701296688e-05, 2.561562450864585e-05, 2.561562450864585e-05, 2.561562450864585e-05, 2.5484000389042194e-05, 2.5484000389042194e-05, 2.5484000389042194e-05, 2.5484000389042194e-05, 2.5484000389042194e-05, 2.5484000389042194e-05, 2.5484000389042194e-05, 2.5462998110015178e-05, 2.5462998110015178e-05, 2.5462998110015178e-05, 2.5462998110015178e-05, 2.5462998110015178e-05, 2.5462998110015178e-05, 2.5459438120378763e-05, 2.545521738284151e-05, 2.545521738284151e-05, 2.545521738284151e-05, 2.545521738284151e-05, 2.545521738284151e-05, 2.545521738284151e-05, 2.5455178274569334e-05, 2.5455178274569334e-05, 2.5455178274569334e-05, 2.5455178274569334e-05, 2.5455178274569334e-05, 2.5455178274569334e-05, 2.5455178274569334e-05, 2.5455178274569334e-05, 2.545515849305957e-05, 2.545515849305957e-05, 2.545514462326537e-05, 2.545514462326537e-05, 2.545513802942878e-05, 2.545513802942878e-05, 2.545513802942878e-05, 2.545513802942878e-05, 2.545513802942878e-05, 2.545513802942878e-05, 2.545513802942878e-05, 2.545513802942878e-05, 2.545513802942878e-05, 2.5455134391449974e-05, 2.5455134391449974e-05, 2.5455134391449974e-05, 2.5455134391449974e-05, 2.5455134391449974e-05, 2.5455134391449974e-05, 2.5455134391449974e-05, 2.5455133254581597e-05, 2.5455133254581597e-05, 2.5455133254581597e-05, 2.5455133254581597e-05, 2.545513302720792e-05, 2.5455132799834246e-05, 2.5455132799834246e-05, 2.5455132799834246e-05, 2.5455132686147408e-05, 2.5455132686147408e-05, 2.545513257246057e-05, 2.545513257246057e-05, 2.545513257246057e-05, 2.545513257246057e-05, 2.545513257246057e-05, 2.545513257246057e-05, 2.5455132345086895e-05, 2.5455132345086895e-05, 2.5455132345086895e-05, 2.5455132345086895e-05, 2.5455132345086895e-05, 2.5455132345086895e-05]","{""cognitive_weight"": 1.5, ""inertia_weight"": 0.7, ""max_iterations"": 140, ""social_weight"": 1.5, ""swarm_size"": 50}"
schwefel,Schwefel,42,1555,pso,PSO,2,"[-500.0, 500.0]","[420.968746, 420.968746]","[420.9687466073335, 420.96874636046323]",2.5455132458773733e-05,7.062490476785801e-07,140,7050,"[170.18788982147862, 170.18788982147862, 169.67306448184956, 20.261638007694614, 20.261638007694614, 4.815270021556444, 4.815270021556444, 4.815270021556444, 4.815270021556444, 4.815270021556444, 4.815270021556444, 3.542953688011494, 3.542953688011494, 1.9509900219140945, 1.118580106222339, 1.118580106222339, 1.023669369638469, 0.16976494497362182, 0.16976494497362182, 0.16976494497362182, 0.16976494497362182, 0.006537433618063915, 0.006537433618063915, 0.006537433618063915, 0.006537433618063915, 0.006537433618063915, 0.006537433618063915, 0.0014443138852584525, 0.0014443138852584525, 0.0014443138852584525, 0.0014443138852584525, 0.0014443138852584525, 0.0014443138852584525, 0.0014443138852584525, 0.0012580011818954517, 0.0012580011818954517, 0.0012580011818954517, 0.0012580011818954517, 0.00029070289610899636, 0.00029070289610899636, 0.00020327745176018652, 0.00020327745176018652, 0.00020327745176018652, 0.00011389658038751804, 0.00011389658038751804, 0.00011389658038751804, 0.00011389658038751804, 0.00011389658038751804, 0.00011389658038751804, 5.039781308369129e-05, 5.039781308369129e-05, 3.843188346763782e-05, 3.843188346763782e-05, 3.843188346763782e-05, 3.843188346763782e-05, 3.843188346763782e-05, 3.843188346763782e-05, 3.264018323534401e-05, 3.264018323534401e-05, 3.0054829721848364e-05, 3.0054829721848364e-05, 2.812116451877955e-05, 2.5964065571315587e-05, 2.5964065571315587e-05, 2.5964065571315587e-05, 2.565880231486517e-05, 2.565880231486517e-05, 2.565880231486517e-05, 2.565880231486517e-05, 2.565880231486517e-05, 2.545880010984547e-05, 2.545880010984547e-05, 2.545880010984547e-05, 2.545880010984547e-05, 2.545880010984547e-05, 2.545880010984547e-05, 2.545880010984547e-05, 2.545880010984547e-05, 2.5458735080974293e-05, 2.5458735080974293e-05, 2.5458735080974293e-05, 2.5458735080974293e-05, 2.5458735080974293e-05, 2.5458735080974293e-05, 2.5458735080974293e-05, 2.5458735080974293e-05, 2.5458735080974293e-05, 2.5458735080974293e-05, 2.5456491584918695e-05, 2.5456491584918695e-05, 2.5456153252889635e-05, 2.5456153252889635e-05, 2.5456153252889635e-05, 2.5455212266933813e-05, 2.5455212266933813e-05, 2.5455212266933813e-05, 2.5455212266933813e-05, 2.5455212266933813e-05, 2.5455212266933813e-05, 2.545516758800659e-05, 2.545516758800659e-05, 2.545516758800659e-05, 2.5455151899222983e-05, 2.5455151899222983e-05, 2.5455151899222983e-05, 2.5455151899222983e-05, 2.5455151899222983e-05, 2.545513666518673e-05, 2.545513666518673e-05, 2.545513666518673e-05, 2.545513666518673e-05, 2.545513666518673e-05, 2.5455134846197325e-05, 2.5455133936702623e-05, 2.5455133936702623e-05, 2.5455133936702623e-05, 2.5455133936702623e-05, 2.5455133368268434e-05, 2.5455133254581597e-05, 2.545513302720792e-05, 2.545513302720792e-05, 2.545513302720792e-05, 2.545513257246057e-05, 2.5455132458773733e-05, 2.5455132458773733e-05, 2.5455132458773733e-05, 2.5455132458773733e-05, 2.5455132458773733e-05, 2.5455132458773733e-05, 2.5455132458773733e-05, 2.5455132458773733e-05, 2.5455132458773733e-05, 2.5455132458773733e-05, 2.5455132458773733e-05, 2.5455132458773733e-05, 2.5455132458773733e-05, 2.5455132458773733e-05, 2.5455132458773733e-05, 2.5455132458773733e-05, 2.5455132458773733e-05, 2.5455132458773733e-05]","{""cognitive_weight"": 1.5, ""inertia_weight"": 0.7, ""max_iterations"": 140, ""social_weight"": 1.5, ""swarm_size"": 50}"
schwefel,Schwefel,43,1556,pso,PSO,2,"[-500.0, 500.0]","[420.968746, 420.968746]","[420.9687465458323, 420.968745705758]",2.5455132458773733e-05,6.20089695998476e-07,140,7050,"[72.41874091629302, 72.41874091629302, 72.41874091629302, 72.41874091629302, 72.41874091629302, 33.61102249393048, 33.61102249393048, 8.292777033843322, 7.1410994453657395, 7.1410994453657395, 3.20652333011094, 3.20652333011094, 3.20652333011094, 2.8357866545393335, 2.8357866545393335, 2.306616527142978, 1.2566577730401605, 0.15452126455193138, 0.15452126455193138, 0.15452126455193138, 0.15452126455193138, 0.15452126455193138, 0.006263298483304425, 0.006263298483304425, 0.006263298483304425, 0.006263298483304425, 0.005217350280418032, 0.0011029049114767986, 0.0011029049114767986, 0.0011029049114767986, 0.0011029049114767986, 0.0011029049114767986, 0.0011029049114767986, 0.00019234841829529614, 0.00019234841829529614, 0.00019234841829529614, 5.994470143377839e-05, 5.994470143377839e-05, 5.994470143377839e-05, 5.994470143377839e-05, 5.994470143377839e-05, 5.994470143377839e-05, 5.994470143377839e-05, 5.994470143377839e-05, 5.994470143377839e-05, 5.994470143377839e-05, 5.994470143377839e-05, 5.994470143377839e-05, 5.994470143377839e-05, 5.994470143377839e-05, 2.7132811851515726e-05, 2.7132811851515726e-05, 2.7132811851515726e-05, 2.7132811851515726e-05, 2.7132811851515726e-05, 2.7132811851515726e-05, 2.7132811851515726e-05, 2.5587040681784856e-05, 2.5587040681784856e-05, 2.5587040681784856e-05, 2.5587040681784856e-05, 2.5587040681784856e-05, 2.5587040681784856e-05, 2.5587040681784856e-05, 2.5587040681784856e-05, 2.5570678644726286e-05, 2.5570678644726286e-05, 2.5570678644726286e-05, 2.5489395397926273e-05, 2.5489395397926273e-05, 2.5489395397926273e-05, 2.5489395397926273e-05, 2.5489232257314143e-05, 2.5489232257314143e-05, 2.5486620529591164e-05, 2.5486620529591164e-05, 2.5486620529591164e-05, 2.5486620529591164e-05, 2.5486620529591164e-05, 2.54844651408348e-05, 2.54844651408348e-05, 2.546314613027789e-05, 2.546314613027789e-05, 2.546314613027789e-05, 2.546314613027789e-05, 2.5456678031332558e-05, 2.5456678031332558e-05, 2.5455178388256172e-05, 2.5455178388256172e-05, 2.5455139393670834e-05, 2.5455139393670834e-05, 2.5455139393670834e-05, 2.5455139393670834e-05, 2.5455132799834246e-05, 2.5455132799834246e-05, 2.5455132799834246e-05, 2.5455132799834246e-05, 2.5455132799834246e-05, 2.5455132799834246e-05, 2.5455132799834246e-05, 2.5455132799834246e-05, 2.5455132799834246e-05, 2.5455132799834246e-05, 2.5455132799834246e-05, 2.5455132799834246e-05, 2.545513257246057e-05, 2.545513257246057e-05, 2.545513257246057e-05, 2.545513257246057e-05, 2.545513257246057e-05, 2.545513257246057e-05, 2.545513257246057e-05, 2.545513257246057e-05, 2.545513257246057e-05, 2.545513257246057e-05, 2.545513257246057e-05, 2.545513257246057e-05, 2.545513257246057e-05, 2.545513257246057e-05, 2.545513257246057e-05, 2.545513257246057e-05, 2.545513257246057e-05, 2.545513257246057e-05, 2.545513257246057e-05, 2.545513257246057e-05, 2.5455132458773733e-05, 2.5455132458773733e-05, 2.5455132458773733e-05, 2.5455132458773733e-05, 2.5455132458773733e-05, 2.5455132458773733e-05, 2.5455132458773733e-05, 2.5455132458773733e-05, 2.5455132458773733e-05, 2.5455132458773733e-05, 2.5455132458773733e-05, 2.5455132458773733e-05, 2.5455132458773733e-05, 2.5455132458773733e-05, 2.5455132458773733e-05, 2.5455132458773733e-05]","{""cognitive_weight"": 1.5, ""inertia_weight"": 0.7, ""max_iterations"": 140, ""social_weight"": 1.5, ""swarm_size"": 50}"
schwefel,Schwefel,44,1557,pso,PSO,2,"[-500.0, 500.0]","[420.968746, 420.968746]","[420.9687465783647, 420.9687468620342]",2.5455132458773733e-05,1.0380793126529084e-06,140,7050,"[309.9041333253091, 249.07920713006752, 141.518859601975, 141.518859601975, 141.518859601975, 108.47665870165031, 10.948167790932075, 10.948167790932075, 10.948167790932075, 10.948167790932075, 10.948167790932075, 0.6243833835731039, 0.6243833835731039, 0.6243833835731039, 0.6243833835731039, 0.3075916152049558, 0.2875148172927311, 0.2875148172927311, 0.2875148172927311, 0.22092971705728814, 0.22092971705728814, 0.22092971705728814, 0.1420214430836495, 0.1420214430836495, 0.1420214430836495, 0.05664083015494725, 0.012572805400850484, 0.012572805400850484, 0.012572805400850484, 0.012572805400850484, 0.012572805400850484, 0.0009060441917654316, 0.0009060441917654316, 0.0009060441917654316, 0.0009060441917654316, 0.0009060441917654316, 0.0009060441917654316, 0.0009060441917654316, 0.0005435091084109445, 0.0005435091084109445, 0.00027324454777044593, 0.00027324454777044593, 0.0002649096946925056, 0.0002649096946925056, 0.0002649096946925056, 4.058926151628839e-05, 4.058926151628839e-05, 4.058926151628839e-05, 4.058926151628839e-05, 3.0288514153653523e-05, 3.0288514153653523e-05, 3.0288514153653523e-05, 3.0288514153653523e-05, 3.0288514153653523e-05, 2.9366170792854973e-05, 2.745445419805037e-05, 2.6648789685168595e-05, 2.6648789685168595e-05, 2.6648789685168595e-05, 2.6648789685168595e-05, 2.6648789685168595e-05, 2.6648789685168595e-05, 2.6648789685168595e-05, 2.6648789685168595e-05, 2.5768874479581427e-05, 2.5768874479581427e-05, 2.5768874479581427e-05, 2.5768874479581427e-05, 2.5768874479581427e-05, 2.5768874479581427e-05, 2.5768874479581427e-05, 2.5768874479581427e-05, 2.5768874479581427e-05, 2.5604106440368923e-05, 2.5604106440368923e-05, 2.5604106440368923e-05, 2.5604106440368923e-05, 2.5576492816981045e-05, 2.5455525019424385e-05, 2.5455525019424385e-05, 2.5455525019424385e-05, 2.5455525019424385e-05, 2.5455525019424385e-05, 2.5455525019424385e-05, 2.5455525019424385e-05, 2.5455525019424385e-05, 2.5455525019424385e-05, 2.5455525019424385e-05, 2.5455525019424385e-05, 2.5455525019424385e-05, 2.5455525019424385e-05, 2.5455525019424385e-05, 2.5455525019424385e-05, 2.545544998611149e-05, 2.545544998611149e-05, 2.545544998611149e-05, 2.545544998611149e-05, 2.545544998611149e-05, 2.545536358411482e-05, 2.5455209652136546e-05, 2.545517645557993e-05, 2.545517645557993e-05, 2.545517645557993e-05, 2.545517645557993e-05, 2.545514553276007e-05, 2.545513450513681e-05, 2.545513450513681e-05, 2.545513450513681e-05, 2.545513302720792e-05, 2.545513302720792e-05, 2.5455132686147408e-05, 2.5455132686147408e-05, 2.5455132686147408e-05, 2.545513257246057e-05, 2.545513257246057e-05, 2.545513257246057e-05, 2.545513257246057e-05, 2.545513257246057e-05, 2.545513257246057e-05, 2.545513257246057e-05, 2.545513257246057e-05, 2.545513257246057e-05, 2.545513257246057e-05, 2.545513257246057e-05, 2.545513257246057e-05, 2.545513257246057e-05, 2.545513257246057e-05, 2.5455132458773733e-05, 2.5455132458773733e-05, 2.5455132458773733e-05, 2.5455132458773733e-05, 2.5455132458773733e-05, 2.5455132458773733e-05, 2.5455132458773733e-05, 2.5455132458773733e-05, 2.5455132458773733e-05, 2.5455132458773733e-05, 2.5455132458773733e-05, 2.5455132458773733e-05, 2.5455132458773733e-05, 2.5455132458773733e-05]","{""cognitive_weight"": 1.5, ""inertia_weight"": 0.7, ""max_iterations"": 140, ""social_weight"": 1.5, ""swarm_size"": 50}"
schwefel,Schwefel,45,1558,pso,PSO,2,"[-500.0, 500.0]","[420.968746, 420.968746]","[420.9687466802036, 420.968746142571]",2.5455132458773733e-05,6.94984458010712e-07,140,7050,"[402.9643783266644, 402.9643783266644, 365.00172348167087, 150.33504322892827, 150.33504322892827, 150.33504322892827, 150.33504322892827, 0.7805002955317377, 0.7805002955317377, 0.7805002955317377, 0.7805002955317377, 0.12558616421347324, 0.12558616421347324, 0.12558616421347324, 0.12558616421347324, 0.12558616421347324, 0.12558616421347324, 0.12558616421347324, 0.12558616421347324, 0.11598790439609274, 0.11530916370293198, 0.11530916370293198, 0.008774744455763539, 0.008774744455763539, 0.008774744455763539, 0.008774744455763539, 0.006872274560691949, 0.006872274560691949, 0.001648798272071872, 0.001648798272071872, 0.001648798272071872, 0.001463819529135435, 0.0010472997362285241, 0.00042632018835320196, 0.00028658272981374466, 0.00028658272981374466, 0.00028658272981374466, 0.00028658272981374466, 0.00028658272981374466, 9.12435215241203e-05, 9.12435215241203e-05, 4.289024900572258e-05, 4.289024900572258e-05, 4.289024900572258e-05, 4.289024900572258e-05, 4.289024900572258e-05, 4.289024900572258e-05, 4.157545095040405e-05, 4.157545095040405e-05, 4.157545095040405e-05, 4.1335483047078014e-05, 4.1335483047078014e-05, 4.1335483047078014e-05, 4.1335483047078014e-05, 2.9249147473819903e-05, 2.9249147473819903e-05, 2.821778002726205e-05, 2.821778002726205e-05, 2.821778002726205e-05, 2.821778002726205e-05, 2.821778002726205e-05, 2.821778002726205e-05, 2.7412890403866186e-05, 2.7412890403866186e-05, 2.6272949298800086e-05, 2.6272949298800086e-05, 2.6272949298800086e-05, 2.6024520479950297e-05, 2.546945438552939e-05, 2.546945438552939e-05, 2.546945438552939e-05, 2.546945438552939e-05, 2.546945438552939e-05, 2.546945438552939e-05, 2.5467510454291187e-05, 2.5467510454291187e-05, 2.54582248544466e-05, 2.545608458603965e-05, 2.545608458603965e-05, 2.545608458603965e-05, 2.5455658146711357e-05, 2.5455658146711357e-05, 2.5455658146711357e-05, 2.5455658146711357e-05, 2.5455263539697626e-05, 2.5455263539697626e-05, 2.5455263539697626e-05, 2.5455263539697626e-05, 2.5455263539697626e-05, 2.5455263539697626e-05, 2.5455263539697626e-05, 2.5455263539697626e-05, 2.5455263539697626e-05, 2.5455263539697626e-05, 2.5455263539697626e-05, 2.5455173272348475e-05, 2.5455173272348475e-05, 2.5455173272348475e-05, 2.5455173272348475e-05, 2.5455173272348475e-05, 2.5455173272348475e-05, 2.5455173272348475e-05, 2.5455148943365202e-05, 2.5455148943365202e-05, 2.5455138938923483e-05, 2.5455138938923483e-05, 2.5455138938923483e-05, 2.5455135869378864e-05, 2.5455135869378864e-05, 2.5455134391449974e-05, 2.5455134391449974e-05, 2.5455134391449974e-05, 2.5455134391449974e-05, 2.5455134391449974e-05, 2.5455133254581597e-05, 2.5455133254581597e-05, 2.5455133254581597e-05, 2.5455133254581597e-05, 2.5455132799834246e-05, 2.5455132799834246e-05, 2.5455132799834246e-05, 2.5455132799834246e-05, 2.5455132799834246e-05, 2.545513257246057e-05, 2.545513257246057e-05, 2.545513257246057e-05, 2.545513257246057e-05, 2.545513257246057e-05, 2.545513257246057e-05, 2.545513257246057e-05, 2.5455132458773733e-05, 2.5455132458773733e-05, 2.5455132458773733e-05, 2.5455132458773733e-05, 2.5455132458773733e-05, 2.5455132458773733e-05, 2.5455132458773733e-05, 2.5455132458773733e-05, 2.5455132458773733e-05, 2.5455132458773733e-05, 2.5455132458773733e-05]","{""cognitive_weight"": 1.5, ""inertia_weight"": 0.7, ""max_iterations"": 140, ""social_weight"": 1.5, ""swarm_size"": 50}"
schwefel,Schwefel,46,1559,pso,PSO,2,"[-500.0, 500.0]","[420.968746, 420.968746]","[420.9687454018443, 420.968746411723]",2.5455132458773733e-05,7.261584434944956e-07,140,7050,"[104.87375699264385, 104.87375699264385, 42.24268533297732, 42.24268533297732, 42.24268533297732, 35.64041719992815, 15.316516958787815, 15.316516958787815, 8.16714346568233, 0.9467977540698485, 0.9467977540698485, 0.9467977540698485, 0.9467977540698485, 0.09280608051813033, 0.09280608051813033, 0.09280608051813033, 0.09280608051813033, 0.09280608051813033, 0.09280608051813033, 0.09280608051813033, 0.017080881740639597, 0.017080881740639597, 0.017080881740639597, 0.017080881740639597, 0.017080881740639597, 0.01531563023797844, 0.002582336670229779, 0.002582336670229779, 0.002582336670229779, 0.002582336670229779, 0.002582336670229779, 0.002582336670229779, 0.002582336670229779, 0.002582336670229779, 0.002582336670229779, 0.002582336670229779, 0.0011976140192473395, 0.000938380502475411, 0.000938380502475411, 0.00024427653022485174, 0.00024427653022485174, 0.00024427653022485174, 0.00024427653022485174, 0.00024427653022485174, 0.00024427653022485174, 0.00024427653022485174, 0.00024427653022485174, 0.00024427653022485174, 0.0001866821560270182, 7.894571876931877e-05, 7.894571876931877e-05, 6.68969942125841e-05, 6.68969942125841e-05, 6.68969942125841e-05, 6.68969942125841e-05, 6.68969942125841e-05, 6.211590289240121e-05, 4.750904815864487e-05, 3.0864398013363825e-05, 3.0864398013363825e-05, 2.7713818781194277e-05, 2.7713818781194277e-05, 2.7713818781194277e-05, 2.5834843199845636e-05, 2.5834843199845636e-05, 2.5834843199845636e-05, 2.5834843199845636e-05, 2.5834843199845636e-05, 2.5834843199845636e-05, 2.5834843199845636e-05, 2.5834843199845636e-05, 2.5547738005116116e-05, 2.5547738005116116e-05, 2.5547738005116116e-05, 2.5547738005116116e-05, 2.5547738005116116e-05, 2.5547738005116116e-05, 2.5547738005116116e-05, 2.5479534315309138e-05, 2.54630867857486e-05, 2.54630867857486e-05, 2.54630867857486e-05, 2.54630867857486e-05, 2.54630867857486e-05, 2.54630867857486e-05, 2.545676079535042e-05, 2.545676079535042e-05, 2.5455315949329815e-05, 2.5455315949329815e-05, 2.5455315949329815e-05, 2.5455315949329815e-05, 2.5455315949329815e-05, 2.5455315949329815e-05, 2.5455315949329815e-05, 2.5455315949329815e-05, 2.5455315949329815e-05, 2.545528582231782e-05, 2.545528582231782e-05, 2.545528582231782e-05, 2.545527377151302e-05, 2.545527377151302e-05, 2.5455220566072967e-05, 2.5455220566072967e-05, 2.5455165769017185e-05, 2.5455165769017185e-05, 2.5455165769017185e-05, 2.5455165769017185e-05, 2.5455165769017185e-05, 2.5455147806496825e-05, 2.5455147806496825e-05, 2.545513564200519e-05, 2.545513564200519e-05, 2.545513564200519e-05, 2.545513564200519e-05, 2.545513564200519e-05, 2.545513564200519e-05, 2.545513359564211e-05, 2.545513359564211e-05, 2.545513359564211e-05, 2.545513359564211e-05, 2.5455132799834246e-05, 2.5455132799834246e-05, 2.5455132799834246e-05, 2.5455132686147408e-05, 2.545513257246057e-05, 2.545513257246057e-05, 2.545513257246057e-05, 2.545513257246057e-05, 2.545513257246057e-05, 2.545513257246057e-05, 2.545513257246057e-05, 2.545513257246057e-05, 2.5455132458773733e-05, 2.5455132458773733e-05, 2.5455132458773733e-05, 2.5455132458773733e-05, 2.5455132458773733e-05, 2.5455132458773733e-05, 2.5455132458773733e-05, 2.5455132458773733e-05, 2.5455132458773733e-05]","{""cognitive_weight"": 1.5, ""inertia_weight"": 0.7, ""max_iterations"": 140, ""social_weight"": 1.5, ""swarm_size"": 50}"
schwefel,Schwefel,47,1560,pso,PSO,2,"[-500.0, 500.0]","[420.968746, 420.968746]","[420.9687470207244, 420.9687463728951]",2.5455132458773733e-05,1.0867055692422265e-06,140,7050,"[11.571892683285114, 11.571892683285114, 11.571892683285114, 11.571892683285114, 11.571892683285114, 11.571892683285114, 0.9222772593516311, 0.9222772593516311, 0.9222772593516311, 0.9222772593516311, 0.9222772593516311, 0.9222772593516311, 0.5976152626856219, 0.5976152626856219, 0.5976152626856219, 0.5976152626856219, 0.5976152626856219, 0.5976152626856219, 0.5976152626856219, 0.4545963184307311, 0.4545963184307311, 0.27446264993773184, 0.14124997428405095, 0.09737742034030816, 0.09737742034030816, 0.09737742034030816, 0.09737742034030816, 0.04816471554056534, 0.04816471554056534, 0.04816471554056534, 0.00025250934731957386, 0.00025250934731957386, 0.00025250934731957386, 0.00025250934731957386, 0.00025250934731957386, 0.00025250934731957386, 0.00025250934731957386, 0.00025250934731957386, 0.00025250934731957386, 0.00025250934731957386, 0.00025250934731957386, 0.00025250934731957386, 0.00025250934731957386, 0.00025250934731957386, 0.00025250934731957386, 0.00018128435090147832, 0.00018128435090147832, 0.00018128435090147832, 6.115421115282516e-05, 6.115421115282516e-05, 6.115421115282516e-05, 6.115421115282516e-05, 6.115421115282516e-05, 3.701679474943376e-05, 3.674980644063908e-05, 3.674980644063908e-05, 3.0176611744536785e-05, 2.5637109274612158e-05, 2.5637109274612158e-05, 2.5637109274612158e-05, 2.5637109274612158e-05, 2.5637109274612158e-05, 2.5637109274612158e-05, 2.5637109274612158e-05, 2.5637109274612158e-05, 2.5637109274612158e-05, 2.5494876012999157e-05, 2.5494876012999157e-05, 2.5494876012999157e-05, 2.5494876012999157e-05, 2.5494876012999157e-05, 2.5494876012999157e-05, 2.5494876012999157e-05, 2.5465961243753554e-05, 2.5465961243753554e-05, 2.545539712173195e-05, 2.5455234663240844e-05, 2.5455234663240844e-05, 2.5455234663240844e-05, 2.5455234663240844e-05, 2.5455234663240844e-05, 2.5455234663240844e-05, 2.5455234663240844e-05, 2.5455234663240844e-05, 2.5455234663240844e-05, 2.5455234663240844e-05, 2.545513802942878e-05, 2.545513802942878e-05, 2.545513802942878e-05, 2.545513802942878e-05, 2.545513802942878e-05, 2.545513802942878e-05, 2.545513802942878e-05, 2.545513802942878e-05, 2.5455133481955272e-05, 2.5455133481955272e-05, 2.5455133481955272e-05, 2.5455133481955272e-05, 2.5455133481955272e-05, 2.5455133481955272e-05, 2.5455133481955272e-05, 2.5455133481955272e-05, 2.5455133481955272e-05, 2.5455133481955272e-05, 2.5455133481955272e-05, 2.5455133481955272e-05, 2.5455133481955272e-05, 2.5455133481955272e-05, 2.5455133481955272e-05, 2.5455133481955272e-05, 2.5455133481955272e-05, 2.5455133481955272e-05, 2.5455133481955272e-05, 2.5455133481955272e-05, 2.5455132799834246e-05, 2.5455132799834246e-05, 2.5455132799834246e-05, 2.5455132799834246e-05, 2.5455132799834246e-05, 2.545513257246057e-05, 2.545513257246057e-05, 2.545513257246057e-05, 2.545513257246057e-05, 2.545513257246057e-05, 2.545513257246057e-05, 2.545513257246057e-05, 2.545513257246057e-05, 2.545513257246057e-05, 2.545513257246057e-05, 2.545513257246057e-05, 2.5455132458773733e-05, 2.5455132458773733e-05, 2.5455132458773733e-05, 2.5455132458773733e-05, 2.5455132458773733e-05, 2.5455132458773733e-05, 2.5455132458773733e-05, 2.5455132458773733e-05, 2.5455132458773733e-05, 2.5455132458773733e-05, 2.5455132458773733e-05]","{""cognitive_weight"": 1.5, ""inertia_weight"": 0.7, ""max_iterations"": 140, ""social_weight"": 1.5, ""swarm_size"": 50}"
schwefel,Schwefel,48,1561,pso,PSO,2,"[-500.0, 500.0]","[420.968746, 420.968746]","[420.9687463156608, 420.96874686373684]",2.5455132458773733e-05,9.19610261366163e-07,140,7050,"[42.29863622350763, 42.29863622350763, 42.29863622350763, 42.29863622350763, 42.29863622350763, 42.29863622350763, 20.05583898073246, 20.05583898073246, 8.11566903173889, 4.239591559441578, 4.239591559441578, 3.4537435417314555, 3.4537435417314555, 1.0240087262014868, 1.0240087262014868, 0.858158605311246, 0.26824313608585726, 0.17779974156758271, 0.17779974156758271, 0.17779974156758271, 0.17779974156758271, 0.052334308546051034, 0.007891652134730975, 0.0007431501323935663, 0.0007431501323935663, 0.00013972160411412915, 0.00013972160411412915, 0.00013972160411412915, 0.00013972160411412915, 0.00013972160411412915, 0.00013972160411412915, 0.00013972160411412915, 0.00013972160411412915, 0.00013972160411412915, 0.00013972160411412915, 0.00013972160411412915, 0.00013972160411412915, 0.00013972160411412915, 0.00013972160411412915, 0.00013972160411412915, 0.00013972160411412915, 0.00013972160411412915, 0.00013972160411412915, 0.00013972160411412915, 0.00013972160411412915, 0.00013972160411412915, 0.00013972160411412915, 0.00013972160411412915, 6.130234874035523e-05, 6.130234874035523e-05, 6.130234874035523e-05, 6.130234874035523e-05, 6.130234874035523e-05, 6.130234874035523e-05, 6.130234874035523e-05, 6.130234874035523e-05, 3.259140692080109e-05, 3.2521323532819224e-05, 2.7311295752951992e-05, 2.6012636453742743e-05, 2.6012636453742743e-05, 2.6012636453742743e-05, 2.6012636453742743e-05, 2.6012636453742743e-05, 2.6012636453742743e-05, 2.553509420977207e-05, 2.553509420977207e-05, 2.553509420977207e-05, 2.553509420977207e-05, 2.5471959816059098e-05, 2.5471959816059098e-05, 2.5471959816059098e-05, 2.5471959816059098e-05, 2.5471959816059098e-05, 2.5471959816059098e-05, 2.5467713044236007e-05, 2.546691302995896e-05, 2.546691302995896e-05, 2.5466620968472853e-05, 2.5455353352299426e-05, 2.5455353352299426e-05, 2.5455353352299426e-05, 2.5455353352299426e-05, 2.5455353352299426e-05, 2.5455353352299426e-05, 2.5455353352299426e-05, 2.545525626374001e-05, 2.545525626374001e-05, 2.545525626374001e-05, 2.545525626374001e-05, 2.545516554164351e-05, 2.545516554164351e-05, 2.545516554164351e-05, 2.545516554164351e-05, 2.5455134277763136e-05, 2.5455134277763136e-05, 2.5455134277763136e-05, 2.5455134277763136e-05, 2.5455134277763136e-05, 2.5455134277763136e-05, 2.54551341640763e-05, 2.54551341640763e-05, 2.54551341640763e-05, 2.5455133254581597e-05, 2.5455133254581597e-05, 2.5455132799834246e-05, 2.5455132799834246e-05, 2.5455132686147408e-05, 2.5455132686147408e-05, 2.5455132686147408e-05, 2.5455132686147408e-05, 2.5455132686147408e-05, 2.545513257246057e-05, 2.545513257246057e-05, 2.545513257246057e-05, 2.545513257246057e-05, 2.545513257246057e-05, 2.545513257246057e-05, 2.545513257246057e-05, 2.545513257246057e-05, 2.545513257246057e-05, 2.545513257246057e-05, 2.545513257246057e-05, 2.545513257246057e-05, 2.545513257246057e-05, 2.545513257246057e-05, 2.545513257246057e-05, 2.545513257246057e-05, 2.545513257246057e-05, 2.545513257246057e-05, 2.545513257246057e-05, 2.545513257246057e-05, 2.545513257246057e-05, 2.545513257246057e-05, 2.545513257246057e-05, 2.545513257246057e-05, 2.545513257246057e-05, 2.5455132458773733e-05, 2.5455132458773733e-05, 2.5455132458773733e-05, 2.5455132458773733e-05]","{""cognitive_weight"": 1.5, ""inertia_weight"": 0.7, ""max_iterations"": 140, ""social_weight"": 1.5, ""swarm_size"": 50}"
schwefel,Schwefel,49,1562,pso,PSO,2,"[-500.0, 500.0]","[420.968746, 420.968746]","[420.96874662814673, 420.96874581156845]",2.5455132458773733e-05,6.558008509573825e-07,140,7050,"[292.23203794455253, 244.4613528836221, 244.4613528836221, 27.841541293720184, 6.539222075022508, 6.539222075022508, 5.776029229426058, 5.776029229426058, 2.40916329950187, 2.40916329950187, 2.40916329950187, 1.1144177043483978, 0.08822617694409018, 0.08822617694409018, 0.08822617694409018, 0.08822617694409018, 0.08822617694409018, 0.08822617694409018, 0.08822617694409018, 0.08822617694409018, 0.04257998706043509, 0.04257998706043509, 0.04257998706043509, 0.03019088702433237, 0.024936333030609603, 0.024936333030609603, 0.024936333030609603, 0.024936333030609603, 0.024936333030609603, 0.00528494545585545, 0.00528494545585545, 0.00528494545585545, 0.0020846917191192915, 0.0020846917191192915, 0.0020846917191192915, 0.0017862319565438156, 0.0011990325125452728, 0.0011990325125452728, 0.0011990325125452728, 0.0011990325125452728, 0.00036587944316579524, 0.00036587944316579524, 0.00027492294157127617, 0.00027492294157127617, 0.00027492294157127617, 0.0002614709637782653, 4.294937059512449e-05, 4.294937059512449e-05, 3.130855702693225e-05, 3.130855702693225e-05, 2.85146398937286e-05, 2.85146398937286e-05, 2.85146398937286e-05, 2.85146398937286e-05, 2.85146398937286e-05, 2.85146398937286e-05, 2.85146398937286e-05, 2.85146398937286e-05, 2.85146398937286e-05, 2.85146398937286e-05, 2.619659414904163e-05, 2.619659414904163e-05, 2.619659414904163e-05, 2.608967565720377e-05, 2.6047714527521748e-05, 2.5629991341702407e-05, 2.5629991341702407e-05, 2.557566631367081e-05, 2.557566631367081e-05, 2.552031094182894e-05, 2.552031094182894e-05, 2.552031094182894e-05, 2.552031094182894e-05, 2.5457507149440062e-05, 2.5457507149440062e-05, 2.5457507149440062e-05, 2.5457507149440062e-05, 2.5457507149440062e-05, 2.5457507149440062e-05, 2.5457507149440062e-05, 2.545515860674641e-05, 2.545515860674641e-05, 2.545515860674641e-05, 2.545515860674641e-05, 2.545515860674641e-05, 2.545515860674641e-05, 2.545515860674641e-05, 2.545515860674641e-05, 2.545515860674641e-05, 2.545515860674641e-05, 2.545515860674641e-05, 2.545515860674641e-05, 2.545515860674641e-05, 2.545515860674641e-05, 2.545515860674641e-05, 2.545515860674641e-05, 2.545515860674641e-05, 2.545515860674641e-05, 2.545515860674641e-05, 2.545515860674641e-05, 2.545515860674641e-05, 2.545515860674641e-05, 2.545515860674641e-05, 2.545515508245444e-05, 2.545515508245444e-05, 2.545515508245444e-05, 2.5455147465436312e-05, 2.5455147465436312e-05, 2.5455147465436312e-05, 2.545514462326537e-05, 2.5455138484176132e-05, 2.5455138484176132e-05, 2.5455137915741943e-05, 2.5455132799834246e-05, 2.5455132799834246e-05, 2.5455132799834246e-05, 2.5455132799834246e-05, 2.5455132799834246e-05, 2.5455132799834246e-05, 2.5455132799834246e-05, 2.5455132799834246e-05, 2.5455132799834246e-05, 2.5455132799834246e-05, 2.5455132686147408e-05, 2.5455132686147408e-05, 2.545513257246057e-05, 2.545513257246057e-05, 2.545513257246057e-05, 2.545513257246057e-05, 2.5455132458773733e-05, 2.5455132458773733e-05, 2.5455132458773733e-05, 2.5455132458773733e-05, 2.5455132458773733e-05, 2.5455132458773733e-05, 2.5455132458773733e-05, 2.5455132458773733e-05, 2.5455132458773733e-05, 2.5455132458773733e-05, 2.5455132458773733e-05, 2.5455132458773733e-05]","{""cognitive_weight"": 1.5, ""inertia_weight"": 0.7, ""max_iterations"": 140, ""social_weight"": 1.5, ""swarm_size"": 50}"
schwefel,Schwefel,50,1554,pso,PSO,2,"[-500.0, 500.0]","[420.968746, 420.968746]","[420.96874639497656, 420.96874585735014]",2.5455132345086895e-05,4.1994697501424766e-07,140,7050,"[255.37065143005464, 255.37065143005464, 212.1972257042455, 119.44841643701147, 33.40397134697503, 31.37550323865605, 31.37550323865605, 18.601092377230202, 18.601092377230202, 13.531754801271859, 4.1360073852501955, 1.4717930212432293, 1.4717930212432293, 1.4717930212432293, 1.4717930212432293, 0.30976367288553774, 0.30976367288553774, 0.1209529352345271, 0.1209529352345271, 0.1209529352345271, 0.1209529352345271, 0.1209529352345271, 0.019860548790120447, 0.019860548790120447, 0.019860548790120447, 0.019860548790120447, 0.019860548790120447, 0.019860548790120447, 0.019860548790120447, 0.019860548790120447, 0.017493839711050896, 0.017493839711050896, 0.017493839711050896, 0.007032338420231099, 0.0010296598209151853, 0.0010296598209151853, 0.0010296598209151853, 0.0010296598209151853, 0.0010296598209151853, 0.0010296598209151853, 0.0010296598209151853, 0.0010296598209151853, 0.0010296598209151853, 0.0010296598209151853, 0.0010296598209151853, 0.0010106270233336545, 0.0010106270233336545, 0.0010106270233336545, 0.0006604040222555341, 3.957547596655786e-05, 3.957547596655786e-05, 3.957547596655786e-05, 3.957547596655786e-05, 3.957547596655786e-05, 3.957547596655786e-05, 3.4790512131621654e-05, 3.4790512131621654e-05, 3.4790512131621654e-05, 3.4790512131621654e-05, 3.4790512131621654e-05, 2.986027561746596e-05, 2.6723101427705842e-05, 2.6723101427705842e-05, 2.6723101427705842e-05, 2.5893809834087733e-05, 2.574474024186202e-05, 2.574474024186202e-05, 2.5675797701296688e-05, 2.561562450864585e-05, 2.561562450864585e-05, 2.561562450864585e-05, 2.5484000389042194e-05, 2.5484000389042194e-05, 2.5484000389042194e-05, 2.5484000389042194e-05, 2.5484000389042194e-05, 2.5484000389042194e-05, 2.5484000389042194e-05, 2.5462998110015178e-05, 2.5462998110015178e-05, 2.5462998110015178e-05, 2.5462998110015178e-05, 2.5462998110015178e-05, 2.5462998110015178e-05, 2.5459438120378763e-05, 2.545521738284151e-05, 2.545521738284151e-05, 2.545521738284151e-05, 2.545521738284151e-05, 2.545521738284151e-05, 2.545521738284151e-05, 2.5455178274569334e-05, 2.5455178274569334e-05, 2.5455178274569334e-05, 2.5455178274569334e-05, 2.5455178274569334e-05, 2.5455178274569334e-05, 2.5455178274569334e-05, 2.5455178274569334e-05, 2.545515849305957e-05, 2.545515849305957e-05, 2.545514462326537e-05, 2.545514462326537e-05, 2.545513802942878e-05, 2.545513802942878e-05, 2.545513802942878e-05, 2.545513802942878e-05, 2.545513802942878e-05, 2.545513802942878e-05, 2.545513802942878e-05, 2.545513802942878e-05, 2.545513802942878e-05, 2.5455134391449974e-05, 2.5455134391449974e-05, 2.5455134391449974e-05, 2.5455134391449974e-05, 2.5455134391449974e-05, 2.5455134391449974e-05, 2.5455134391449974e-05, 2.5455133254581597e-05, 2.5455133254581597e-05, 2.5455133254581597e-05, 2.5455133254581597e-05, 2.545513302720792e-05, 2.5455132799834246e-05, 2.5455132799834246e-05, 2.5455132799834246e-05, 2.5455132686147408e-05, 2.5455132686147408e-05, 2.545513257246057e-05, 2.545513257246057e-05, 2.545513257246057e-05, 2.545513257246057e-05, 2.545513257246057e-05, 2.545513257246057e-05, 2.5455132345086895e-05, 2.5455132345086895e-05, 2.5455132345086895e-05, 2.5455132345086895e-05, 2.5455132345086895e-05, 2.5455132345086895e-05]","{""cognitive_weight"": 1.5, ""inertia_weight"": 0.7, ""max_iterations"": 140, ""social_weight"": 1.5, ""swarm_size"": 50}"
schwefel,Schwefel,51,1555,pso,PSO,2,"[-500.0, 500.0]","[420.968746, 420.968746]","[420.9687466073335, 420.96874636046323]",2.5455132458773733e-05,7.062490476785801e-07,140,7050,"[170.18788982147862, 170.18788982147862, 169.67306448184956, 20.261638007694614, 20.261638007694614, 4.815270021556444, 4.815270021556444, 4.815270021556444, 4.815270021556444, 4.815270021556444, 4.815270021556444, 3.542953688011494, 3.542953688011494, 1.9509900219140945, 1.118580106222339, 1.118580106222339, 1.023669369638469, 0.16976494497362182, 0.16976494497362182, 0.16976494497362182, 0.16976494497362182, 0.006537433618063915, 0.006537433618063915, 0.006537433618063915, 0.006537433618063915, 0.006537433618063915, 0.006537433618063915, 0.0014443138852584525, 0.0014443138852584525, 0.0014443138852584525, 0.0014443138852584525, 0.0014443138852584525, 0.0014443138852584525, 0.0014443138852584525, 0.0012580011818954517, 0.0012580011818954517, 0.0012580011818954517, 0.0012580011818954517, 0.00029070289610899636, 0.00029070289610899636, 0.00020327745176018652, 0.00020327745176018652, 0.00020327745176018652, 0.00011389658038751804, 0.00011389658038751804, 0.00011389658038751804, 0.00011389658038751804, 0.00011389658038751804, 0.00011389658038751804, 5.039781308369129e-05, 5.039781308369129e-05, 3.843188346763782e-05, 3.843188346763782e-05, 3.843188346763782e-05, 3.843188346763782e-05, 3.843188346763782e-05, 3.843188346763782e-05, 3.264018323534401e-05, 3.264018323534401e-05, 3.0054829721848364e-05, 3.0054829721848364e-05, 2.812116451877955e-05, 2.5964065571315587e-05, 2.5964065571315587e-05, 2.5964065571315587e-05, 2.565880231486517e-05, 2.565880231486517e-05, 2.565880231486517e-05, 2.565880231486517e-05, 2.565880231486517e-05, 2.545880010984547e-05, 2.545880010984547e-05, 2.545880010984547e-05, 2.545880010984547e-05, 2.545880010984547e-05, 2.545880010984547e-05, 2.545880010984547e-05, 2.545880010984547e-05, 2.5458735080974293e-05, 2.5458735080974293e-05, 2.5458735080974293e-05, 2.5458735080974293e-05, 2.5458735080974293e-05, 2.5458735080974293e-05, 2.5458735080974293e-05, 2.5458735080974293e-05, 2.5458735080974293e-05, 2.5458735080974293e-05, 2.5456491584918695e-05, 2.5456491584918695e-05, 2.5456153252889635e-05, 2.5456153252889635e-05, 2.5456153252889635e-05, 2.5455212266933813e-05, 2.5455212266933813e-05, 2.5455212266933813e-05, 2.5455212266933813e-05, 2.5455212266933813e-05, 2.5455212266933813e-05, 2.545516758800659e-05, 2.545516758800659e-05, 2.545516758800659e-05, 2.5455151899222983e-05, 2.5455151899222983e-05, 2.5455151899222983e-05, 2.5455151899222983e-05, 2.5455151899222983e-05, 2.545513666518673e-05, 2.545513666518673e-05, 2.545513666518673e-05, 2.545513666518673e-05, 2.545513666518673e-05, 2.5455134846197325e-05, 2.5455133936702623e-05, 2.5455133936702623e-05, 2.5455133936702623e-05, 2.5455133936702623e-05, 2.5455133368268434e-05, 2.5455133254581597e-05, 2.545513302720792e-05, 2.545513302720792e-05, 2.545513302720792e-05, 2.545513257246057e-05, 2.5455132458773733e-05, 2.5455132458773733e-05, 2.5455132458773733e-05, 2.5455132458773733e-05, 2.5455132458773733e-05, 2.5455132458773733e-05, 2.5455132458773733e-05, 2.5455132458773733e-05, 2.5455132458773733e-05, 2.5455132458773733e-05, 2.5455132458773733e-05, 2.5455132458773733e-05, 2.5455132458773733e-05, 2.5455132458773733e-05, 2.5455132458773733e-05, 2.5455132458773733e-05, 2.5455132458773733e-05, 2.5455132458773733e-05]","{""cognitive_weight"": 1.5, ""inertia_weight"": 0.7, ""max_iterations"": 140, ""social_weight"": 1.5, ""swarm_size"": 50}"
schwefel,Schwefel,52,1556,pso,PSO,2,"[-500.0, 500.0]","[420.968746, 420.968746]","[420.9687465458323, 420.968745705758]",2.5455132458773733e-05,6.20089695998476e-07,140,7050,"[72.41874091629302, 72.41874091629302, 72.41874091629302, 72.41874091629302, 72.41874091629302, 33.61102249393048, 33.61102249393048, 8.292777033843322, 7.1410994453657395, 7.1410994453657395, 3.20652333011094, 3.20652333011094, 3.20652333011094, 2.8357866545393335, 2.8357866545393335, 2.306616527142978, 1.2566577730401605, 0.15452126455193138, 0.15452126455193138, 0.15452126455193138, 0.15452126455193138, 0.15452126455193138, 0.006263298483304425, 0.006263298483304425, 0.006263298483304425, 0.006263298483304425, 0.005217350280418032, 0.0011029049114767986, 0.0011029049114767986, 0.0011029049114767986, 0.0011029049114767986, 0.0011029049114767986, 0.0011029049114767986, 0.00019234841829529614, 0.00019234841829529614, 0.00019234841829529614, 5.994470143377839e-05, 5.994470143377839e-05, 5.994470143377839e-05, 5.994470143377839e-05, 5.994470143377839e-05, 5.994470143377839e-05, 5.994470143377839e-05, 5.994470143377839e-05, 5.994470143377839e-05, 5.994470143377839e-05, 5.994470143377839e-05, 5.994470143377839e-05, 5.994470143377839e-05, 5.994470143377839e-05, 2.7132811851515726e-05, 2.7132811851515726e-05, 2.7132811851515726e-05, 2.7132811851515726e-05, 2.7132811851515726e-05, 2.7132811851515726e-05, 2.7132811851515726e-05, 2.5587040681784856e-05, 2.5587040681784856e-05, 2.5587040681784856e-05, 2.5587040681784856e-05, 2.5587040681784856e-05, 2.5587040681784856e-05, 2.5587040681784856e-05, 2.5587040681784856e-05, 2.5570678644726286e-05, 2.5570678644726286e-05, 2.5570678644726286e-05, 2.5489395397926273e-05, 2.5489395397926273e-05, 2.5489395397926273e-05, 2.5489395397926273e-05, 2.5489232257314143e-05, 2.5489232257314143e-05, 2.5486620529591164e-05, 2.5486620529591164e-05, 2.5486620529591164e-05, 2.5486620529591164e-05, 2.5486620529591164e-05, 2.54844651408348e-05, 2.54844651408348e-05, 2.546314613027789e-05, 2.546314613027789e-05, 2.546314613027789e-05, 2.546314613027789e-05, 2.5456678031332558e-05, 2.5456678031332558e-05, 2.5455178388256172e-05, 2.5455178388256172e-05, 2.5455139393670834e-05, 2.5455139393670834e-05, 2.5455139393670834e-05, 2.5455139393670834e-05, 2.5455132799834246e-05, 2.5455132799834246e-05, 2.5455132799834246e-05, 2.5455132799834246e-05, 2.5455132799834246e-05, 2.5455132799834246e-05, 2.5455132799834246e-05, 2.5455132799834246e-05, 2.5455132799834246e-05, 2.5455132799834246e-05, 2.5455132799834246e-05, 2.5455132799834246e-05, 2.545513257246057e-05, 2.545513257246057e-05, 2.545513257246057e-05, 2.545513257246057e-05, 2.545513257246057e-05, 2.545513257246057e-05, 2.545513257246057e-05, 2.545513257246057e-05, 2.545513257246057e-05, 2.545513257246057e-05, 2.545513257246057e-05, 2.545513257246057e-05, 2.545513257246057e-05, 2.545513257246057e-05, 2.545513257246057e-05, 2.545513257246057e-05, 2.545513257246057e-05, 2.545513257246057e-05, 2.545513257246057e-05, 2.545513257246057e-05, 2.5455132458773733e-05, 2.5455132458773733e-05, 2.5455132458773733e-05, 2.5455132458773733e-05, 2.5455132458773733e-05, 2.5455132458773733e-05, 2.5455132458773733e-05, 2.5455132458773733e-05, 2.5455132458773733e-05, 2.5455132458773733e-05, 2.5455132458773733e-05, 2.5455132458773733e-05, 2.5455132458773733e-05, 2.5455132458773733e-05, 2.5455132458773733e-05, 2.5455132458773733e-05]","{""cognitive_weight"": 1.5, ""inertia_weight"": 0.7, ""max_iterations"": 140, ""social_weight"": 1.5, ""swarm_size"": 50}"
schwefel,Schwefel,53,1557,pso,PSO,2,"[-500.0, 500.0]","[420.968746, 420.968746]","[420.9687465783647, 420.9687468620342]",2.5455132458773733e-05,1.0380793126529084e-06,140,7050,"[309.9041333253091, 249.07920713006752, 141.518859601975, 141.518859601975, 141.518859601975, 108.47665870165031, 10.948167790932075, 10.948167790932075, 10.948167790932075, 10.948167790932075, 10.948167790932075, 0.6243833835731039, 0.6243833835731039, 0.6243833835731039, 0.6243833835731039, 0.3075916152049558, 0.2875148172927311, 0.2875148172927311, 0.2875148172927311, 0.22092971705728814, 0.22092971705728814, 0.22092971705728814, 0.1420214430836495, 0.1420214430836495, 0.1420214430836495, 0.05664083015494725, 0.012572805400850484, 0.012572805400850484, 0.012572805400850484, 0.012572805400850484, 0.012572805400850484, 0.0009060441917654316, 0.0009060441917654316, 0.0009060441917654316, 0.0009060441917654316, 0.0009060441917654316, 0.0009060441917654316, 0.0009060441917654316, 0.0005435091084109445, 0.0005435091084109445, 0.00027324454777044593, 0.00027324454777044593, 0.0002649096946925056, 0.0002649096946925056, 0.0002649096946925056, 4.058926151628839e-05, 4.058926151628839e-05, 4.058926151628839e-05, 4.058926151628839e-05, 3.0288514153653523e-05, 3.0288514153653523e-05, 3.0288514153653523e-05, 3.0288514153653523e-05, 3.0288514153653523e-05, 2.9366170792854973e-05, 2.745445419805037e-05, 2.6648789685168595e-05, 2.6648789685168595e-05, 2.6648789685168595e-05, 2.6648789685168595e-05, 2.6648789685168595e-05, 2.6648789685168595e-05, 2.6648789685168595e-05, 2.6648789685168595e-05, 2.5768874479581427e-05, 2.5768874479581427e-05, 2.5768874479581427e-05, 2.5768874479581427e-05, 2.5768874479581427e-05, 2.5768874479581427e-05, 2.5768874479581427e-05, 2.5768874479581427e-05, 2.5768874479581427e-05, 2.5604106440368923e-05, 2.5604106440368923e-05, 2.5604106440368923e-05, 2.5604106440368923e-05, 2.5576492816981045e-05, 2.5455525019424385e-05, 2.5455525019424385e-05, 2.5455525019424385e-05, 2.5455525019424385e-05, 2.5455525019424385e-05, 2.5455525019424385e-05, 2.5455525019424385e-05, 2.5455525019424385e-05, 2.5455525019424385e-05, 2.5455525019424385e-05, 2.5455525019424385e-05, 2.5455525019424385e-05, 2.5455525019424385e-05, 2.5455525019424385e-05, 2.5455525019424385e-05, 2.545544998611149e-05, 2.545544998611149e-05, 2.545544998611149e-05, 2.545544998611149e-05, 2.545544998611149e-05, 2.545536358411482e-05, 2.5455209652136546e-05, 2.545517645557993e-05, 2.545517645557993e-05, 2.545517645557993e-05, 2.545517645557993e-05, 2.545514553276007e-05, 2.545513450513681e-05, 2.545513450513681e-05, 2.545513450513681e-05, 2.545513302720792e-05, 2.545513302720792e-05, 2.5455132686147408e-05, 2.5455132686147408e-05, 2.5455132686147408e-05, 2.545513257246057e-05, 2.545513257246057e-05, 2.545513257246057e-05, 2.545513257246057e-05, 2.545513257246057e-05, 2.545513257246057e-05, 2.545513257246057e-05, 2.545513257246057e-05, 2.545513257246057e-05, 2.545513257246057e-05, 2.545513257246057e-05, 2.545513257246057e-05, 2.545513257246057e-05, 2.545513257246057e-05, 2.5455132458773733e-05, 2.5455132458773733e-05, 2.5455132458773733e-05, 2.5455132458773733e-05, 2.5455132458773733e-05, 2.5455132458773733e-05, 2.5455132458773733e-05, 2.5455132458773733e-05, 2.5455132458773733e-05, 2.5455132458773733e-05, 2.5455132458773733e-05, 2.5455132458773733e-05, 2.5455132458773733e-05, 2.5455132458773733e-05]","{""cognitive_weight"": 1.5, ""inertia_weight"": 0.7, ""max_iterations"": 140, ""social_weight"": 1.5, ""swarm_size"": 50}"
schwefel,Schwefel,54,1558,pso,PSO,2,"[-500.0, 500.0]","[420.968746, 420.968746]","[420.9687466802036, 420.968746142571]",2.5455132458773733e-05,6.94984458010712e-07,140,7050,"[402.9643783266644, 402.9643783266644, 365.00172348167087, 150.33504322892827, 150.33504322892827, 150.33504322892827, 150.33504322892827, 0.7805002955317377, 0.7805002955317377, 0.7805002955317377, 0.7805002955317377, 0.12558616421347324, 0.12558616421347324, 0.12558616421347324, 0.12558616421347324, 0.12558616421347324, 0.12558616421347324, 0.12558616421347324, 0.12558616421347324, 0.11598790439609274, 0.11530916370293198, 0.11530916370293198, 0.008774744455763539, 0.008774744455763539, 0.008774744455763539, 0.008774744455763539, 0.006872274560691949, 0.006872274560691949, 0.001648798272071872, 0.001648798272071872, 0.001648798272071872, 0.001463819529135435, 0.0010472997362285241, 0.00042632018835320196, 0.00028658272981374466, 0.00028658272981374466, 0.00028658272981374466, 0.00028658272981374466, 0.00028658272981374466, 9.12435215241203e-05, 9.12435215241203e-05, 4.289024900572258e-05, 4.289024900572258e-05, 4.289024900572258e-05, 4.289024900572258e-05, 4.289024900572258e-05, 4.289024900572258e-05, 4.157545095040405e-05, 4.157545095040405e-05, 4.157545095040405e-05, 4.1335483047078014e-05, 4.1335483047078014e-05, 4.1335483047078014e-05, 4.1335483047078014e-05, 2.9249147473819903e-05, 2.9249147473819903e-05, 2.821778002726205e-05, 2.821778002726205e-05, 2.821778002726205e-05, 2.821778002726205e-05, 2.821778002726205e-05, 2.821778002726205e-05, 2.7412890403866186e-05, 2.7412890403866186e-05, 2.6272949298800086e-05, 2.6272949298800086e-05, 2.6272949298800086e-05, 2.6024520479950297e-05, 2.546945438552939e-05, 2.546945438552939e-05, 2.546945438552939e-05, 2.546945438552939e-05, 2.546945438552939e-05, 2.546945438552939e-05, 2.5467510454291187e-05, 2.5467510454291187e-05, 2.54582248544466e-05, 2.545608458603965e-05, 2.545608458603965e-05, 2.545608458603965e-05, 2.5455658146711357e-05, 2.5455658146711357e-05, 2.5455658146711357e-05, 2.5455658146711357e-05, 2.5455263539697626e-05, 2.5455263539697626e-05, 2.5455263539697626e-05, 2.5455263539697626e-05, 2.5455263539697626e-05, 2.5455263539697626e-05, 2.5455263539697626e-05, 2.5455263539697626e-05, 2.5455263539697626e-05, 2.5455263539697626e-05, 2.5455263539697626e-05, 2.5455173272348475e-05, 2.5455173272348475e-05, 2.5455173272348475e-05, 2.5455173272348475e-05, 2.5455173272348475e-05, 2.5455173272348475e-05, 2.5455173272348475e-05, 2.5455148943365202e-05, 2.5455148943365202e-05, 2.5455138938923483e-05, 2.5455138938923483e-05, 2.5455138938923483e-05, 2.5455135869378864e-05, 2.5455135869378864e-05, 2.5455134391449974e-05, 2.5455134391449974e-05, 2.5455134391449974e-05, 2.5455134391449974e-05, 2.5455134391449974e-05, 2.5455133254581597e-05, 2.5455133254581597e-05, 2.5455133254581597e-05, 2.5455133254581597e-05, 2.5455132799834246e-05, 2.5455132799834246e-05, 2.5455132799834246e-05, 2.5455132799834246e-05, 2.5455132799834246e-05, 2.545513257246057e-05, 2.545513257246057e-05, 2.545513257246057e-05, 2.545513257246057e-05, 2.545513257246057e-05, 2.545513257246057e-05, 2.545513257246057e-05, 2.5455132458773733e-05, 2.5455132458773733e-05, 2.5455132458773733e-05, 2.5455132458773733e-05, 2.5455132458773733e-05, 2.5455132458773733e-05, 2.5455132458773733e-05, 2.5455132458773733e-05, 2.5455132458773733e-05, 2.5455132458773733e-05, 2.5455132458773733e-05]","{""cognitive_weight"": 1.5, ""inertia_weight"": 0.7, ""max_iterations"": 140, ""social_weight"": 1.5, ""swarm_size"": 50}"
schwefel,Schwefel,55,1559,pso,PSO,2,"[-500.0, 500.0]","[420.968746, 420.968746]","[420.9687454018443, 420.968746411723]",2.5455132458773733e-05,7.261584434944956e-07,140,7050,"[104.87375699264385, 104.87375699264385, 42.24268533297732, 42.24268533297732, 42.24268533297732, 35.64041719992815, 15.316516958787815, 15.316516958787815, 8.16714346568233, 0.9467977540698485, 0.9467977540698485, 0.9467977540698485, 0.9467977540698485, 0.09280608051813033, 0.09280608051813033, 0.09280608051813033, 0.09280608051813033, 0.09280608051813033, 0.09280608051813033, 0.09280608051813033, 0.017080881740639597, 0.017080881740639597, 0.017080881740639597, 0.017080881740639597, 0.017080881740639597, 0.01531563023797844, 0.002582336670229779, 0.002582336670229779, 0.002582336670229779, 0.002582336670229779, 0.002582336670229779, 0.002582336670229779, 0.002582336670229779, 0.002582336670229779, 0.002582336670229779, 0.002582336670229779, 0.0011976140192473395, 0.000938380502475411, 0.000938380502475411, 0.00024427653022485174, 0.00024427653022485174, 0.00024427653022485174, 0.00024427653022485174, 0.00024427653022485174, 0.00024427653022485174, 0.00024427653022485174, 0.00024427653022485174, 0.00024427653022485174, 0.0001866821560270182, 7.894571876931877e-05, 7.894571876931877e-05, 6.68969942125841e-05, 6.68969942125841e-05, 6.68969942125841e-05, 6.68969942125841e-05, 6.68969942125841e-05, 6.211590289240121e-05, 4.750904815864487e-05, 3.0864398013363825e-05, 3.0864398013363825e-05, 2.7713818781194277e-05, 2.7713818781194277e-05, 2.7713818781194277e-05, 2.5834843199845636e-05, 2.5834843199845636e-05, 2.5834843199845636e-05, 2.5834843199845636e-05, 2.5834843199845636e-05, 2.5834843199845636e-05, 2.5834843199845636e-05, 2.5834843199845636e-05, 2.5547738005116116e-05, 2.5547738005116116e-05, 2.5547738005116116e-05, 2.5547738005116116e-05, 2.5547738005116116e-05, 2.5547738005116116e-05, 2.5547738005116116e-05, 2.5479534315309138e-05, 2.54630867857486e-05, 2.54630867857486e-05, 2.54630867857486e-05, 2.54630867857486e-05, 2.54630867857486e-05, 2.54630867857486e-05, 2.545676079535042e-05, 2.545676079535042e-05, 2.5455315949329815e-05, 2.5455315949329815e-05, 2.5455315949329815e-05, 2.5455315949329815e-05, 2.5455315949329815e-05, 2.5455315949329815e-05, 2.5455315949329815e-05, 2.5455315949329815e-05, 2.5455315949329815e-05, 2.545528582231782e-05, 2.545528582231782e-05, 2.545528582231782e-05, 2.545527377151302e-05, 2.545527377151302e-05, 2.5455220566072967e-05, 2.5455220566072967e-05, 2.5455165769017185e-05, 2.5455165769017185e-05, 2.5455165769017185e-05, 2.5455165769017185e-05, 2.5455165769017185e-05, 2.5455147806496825e-05, 2.5455147806496825e-05, 2.545513564200519e-05, 2.545513564200519e-05, 2.545513564200519e-05, 2.545513564200519e-05, 2.545513564200519e-05, 2.545513564200519e-05, 2.545513359564211e-05, 2.545513359564211e-05, 2.545513359564211e-05, 2.545513359564211e-05, 2.5455132799834246e-05, 2.5455132799834246e-05, 2.5455132799834246e-05, 2.5455132686147408e-05, 2.545513257246057e-05, 2.545513257246057e-05, 2.545513257246057e-05, 2.545513257246057e-05, 2.545513257246057e-05, 2.545513257246057e-05, 2.545513257246057e-05, 2.545513257246057e-05, 2.5455132458773733e-05, 2.5455132458773733e-05, 2.5455132458773733e-05, 2.5455132458773733e-05, 2.5455132458773733e-05, 2.5455132458773733e-05, 2.5455132458773733e-05, 2.5455132458773733e-05, 2.5455132458773733e-05]","{""cognitive_weight"": 1.5, ""inertia_weight"": 0.7, ""max_iterations"": 140, ""social_weight"": 1.5, ""swarm_size"": 50}"
schwefel,Schwefel,56,1560,pso,PSO,2,"[-500.0, 500.0]","[420.968746, 420.968746]","[420.9687470207244, 420.9687463728951]",2.5455132458773733e-05,1.0867055692422265e-06,140,7050,"[11.571892683285114, 11.571892683285114, 11.571892683285114, 11.571892683285114, 11.571892683285114, 11.571892683285114, 0.9222772593516311, 0.9222772593516311, 0.9222772593516311, 0.9222772593516311, 0.9222772593516311, 0.9222772593516311, 0.5976152626856219, 0.5976152626856219, 0.5976152626856219, 0.5976152626856219, 0.5976152626856219, 0.5976152626856219, 0.5976152626856219, 0.4545963184307311, 0.4545963184307311, 0.27446264993773184, 0.14124997428405095, 0.09737742034030816, 0.09737742034030816, 0.09737742034030816, 0.09737742034030816, 0.04816471554056534, 0.04816471554056534, 0.04816471554056534, 0.00025250934731957386, 0.00025250934731957386, 0.00025250934731957386, 0.00025250934731957386, 0.00025250934731957386, 0.00025250934731957386, 0.00025250934731957386, 0.00025250934731957386, 0.00025250934731957386, 0.00025250934731957386, 0.00025250934731957386, 0.00025250934731957386, 0.00025250934731957386, 0.00025250934731957386, 0.00025250934731957386, 0.00018128435090147832, 0.00018128435090147832, 0.00018128435090147832, 6.115421115282516e-05, 6.115421115282516e-05, 6.115421115282516e-05, 6.115421115282516e-05, 6.115421115282516e-05, 3.701679474943376e-05, 3.674980644063908e-05, 3.674980644063908e-05, 3.0176611744536785e-05, 2.5637109274612158e-05, 2.5637109274612158e-05, 2.5637109274612158e-05, 2.5637109274612158e-05, 2.5637109274612158e-05, 2.5637109274612158e-05, 2.5637109274612158e-05, 2.5637109274612158e-05, 2.5637109274612158e-05, 2.5494876012999157e-05, 2.5494876012999157e-05, 2.5494876012999157e-05, 2.5494876012999157e-05, 2.5494876012999157e-05, 2.5494876012999157e-05, 2.5494876012999157e-05, 2.5465961243753554e-05, 2.5465961243753554e-05, 2.545539712173195e-05, 2.5455234663240844e-05, 2.5455234663240844e-05, 2.5455234663240844e-05, 2.5455234663240844e-05, 2.5455234663240844e-05, 2.5455234663240844e-05, 2.5455234663240844e-05, 2.5455234663240844e-05, 2.5455234663240844e-05, 2.5455234663240844e-05, 2.545513802942878e-05, 2.545513802942878e-05, 2.545513802942878e-05, 2.545513802942878e-05, 2.545513802942878e-05, 2.545513802942878e-05, 2.545513802942878e-05, 2.545513802942878e-05, 2.5455133481955272e-05, 2.5455133481955272e-05, 2.5455133481955272e-05, 2.5455133481955272e-05, 2.5455133481955272e-05, 2.5455133481955272e-05, 2.5455133481955272e-05, 2.5455133481955272e-05, 2.5455133481955272e-05, 2.5455133481955272e-05, 2.5455133481955272e-05, 2.5455133481955272e-05, 2.5455133481955272e-05, 2.5455133481955272e-05, 2.5455133481955272e-05, 2.5455133481955272e-05, 2.5455133481955272e-05, 2.5455133481955272e-05, 2.5455133481955272e-05, 2.5455133481955272e-05, 2.5455132799834246e-05, 2.5455132799834246e-05, 2.5455132799834246e-05, 2.5455132799834246e-05, 2.5455132799834246e-05, 2.545513257246057e-05, 2.545513257246057e-05, 2.545513257246057e-05, 2.545513257246057e-05, 2.545513257246057e-05, 2.545513257246057e-05, 2.545513257246057e-05, 2.545513257246057e-05, 2.545513257246057e-05, 2.545513257246057e-05, 2.545513257246057e-05, 2.5455132458773733e-05, 2.5455132458773733e-05, 2.5455132458773733e-05, 2.5455132458773733e-05, 2.5455132458773733e-05, 2.5455132458773733e-05, 2.5455132458773733e-05, 2.5455132458773733e-05, 2.5455132458773733e-05, 2.5455132458773733e-05, 2.5455132458773733e-05]","{""cognitive_weight"": 1.5, ""inertia_weight"": 0.7, ""max_iterations"": 140, ""social_weight"": 1.5, ""swarm_size"": 50}"
schwefel,Schwefel,57,1561,pso,PSO,2,"[-500.0, 500.0]","[420.968746, 420.968746]","[420.9687463156608, 420.96874686373684]",2.5455132458773733e-05,9.19610261366163e-07,140,7050,"[42.29863622350763, 42.29863622350763, 42.29863622350763, 42.29863622350763, 42.29863622350763, 42.29863622350763, 20.05583898073246, 20.05583898073246, 8.11566903173889, 4.239591559441578, 4.239591559441578, 3.4537435417314555, 3.4537435417314555, 1.0240087262014868, 1.0240087262014868, 0.858158605311246, 0.26824313608585726, 0.17779974156758271, 0.17779974156758271, 0.17779974156758271, 0.17779974156758271, 0.052334308546051034, 0.007891652134730975, 0.0007431501323935663, 0.0007431501323935663, 0.00013972160411412915, 0.00013972160411412915, 0.00013972160411412915, 0.00013972160411412915, 0.00013972160411412915, 0.00013972160411412915, 0.00013972160411412915, 0.00013972160411412915, 0.00013972160411412915, 0.00013972160411412915, 0.00013972160411412915, 0.00013972160411412915, 0.00013972160411412915, 0.00013972160411412915, 0.00013972160411412915, 0.00013972160411412915, 0.00013972160411412915, 0.00013972160411412915, 0.00013972160411412915, 0.00013972160411412915, 0.00013972160411412915, 0.00013972160411412915, 0.00013972160411412915, 6.130234874035523e-05, 6.130234874035523e-05, 6.130234874035523e-05, 6.130234874035523e-05, 6.130234874035523e-05, 6.130234874035523e-05, 6.130234874035523e-05, 6.130234874035523e-05, 3.259140692080109e-05, 3.2521323532819224e-05, 2.7311295752951992e-05, 2.6012636453742743e-05, 2.6012636453742743e-05, 2.6012636453742743e-05, 2.6012636453742743e-05, 2.6012636453742743e-05, 2.6012636453742743e-05, 2.553509420977207e-05, 2.553509420977207e-05, 2.553509420977207e-05, 2.553509420977207e-05, 2.5471959816059098e-05, 2.5471959816059098e-05, 2.5471959816059098e-05, 2.5471959816059098e-05, 2.5471959816059098e-05, 2.5471959816059098e-05, 2.5467713044236007e-05, 2.546691302995896e-05, 2.546691302995896e-05, 2.5466620968472853e-05, 2.5455353352299426e-05, 2.5455353352299426e-05, 2.5455353352299426e-05, 2.5455353352299426e-05, 2.5455353352299426e-05, 2.5455353352299426e-05, 2.5455353352299426e-05, 2.545525626374001e-05, 2.545525626374001e-05, 2.545525626374001e-05, 2.545525626374001e-05, 2.545516554164351e-05, 2.545516554164351e-05, 2.545516554164351e-05, 2.545516554164351e-05, 2.5455134277763136e-05, 2.5455134277763136e-05, 2.5455134277763136e-05, 2.5455134277763136e-05, 2.5455134277763136e-05, 2.5455134277763136e-05, 2.54551341640763e-05, 2.54551341640763e-05, 2.54551341640763e-05, 2.5455133254581597e-05, 2.5455133254581597e-05, 2.5455132799834246e-05, 2.5455132799834246e-05, 2.5455132686147408e-05, 2.5455132686147408e-05, 2.5455132686147408e-05, 2.5455132686147408e-05, 2.5455132686147408e-05, 2.545513257246057e-05, 2.545513257246057e-05, 2.545513257246057e-05, 2.545513257246057e-05, 2.545513257246057e-05, 2.545513257246057e-05, 2.545513257246057e-05, 2.545513257246057e-05, 2.545513257246057e-05, 2.545513257246057e-05, 2.545513257246057e-05, 2.545513257246057e-05, 2.545513257246057e-05, 2.545513257246057e-05, 2.545513257246057e-05, 2.545513257246057e-05, 2.545513257246057e-05, 2.545513257246057e-05, 2.545513257246057e-05, 2.545513257246057e-05, 2.545513257246057e-05, 2.545513257246057e-05, 2.545513257246057e-05, 2.545513257246057e-05, 2.545513257246057e-05, 2.5455132458773733e-05, 2.5455132458773733e-05, 2.5455132458773733e-05, 2.5455132458773733e-05]","{""cognitive_weight"": 1.5, ""inertia_weight"": 0.7, ""max_iterations"": 140, ""social_weight"": 1.5, ""swarm_size"": 50}"
schwefel,Schwefel,58,1562,pso,PSO,2,"[-500.0, 500.0]","[420.968746, 420.968746]","[420.96874662814673, 420.96874581156845]",2.5455132458773733e-05,6.558008509573825e-07,140,7050,"[292.23203794455253, 244.4613528836221, 244.4613528836221, 27.841541293720184, 6.539222075022508, 6.539222075022508, 5.776029229426058, 5.776029229426058, 2.40916329950187, 2.40916329950187, 2.40916329950187, 1.1144177043483978, 0.08822617694409018, 0.08822617694409018, 0.08822617694409018, 0.08822617694409018, 0.08822617694409018, 0.08822617694409018, 0.08822617694409018, 0.08822617694409018, 0.04257998706043509, 0.04257998706043509, 0.04257998706043509, 0.03019088702433237, 0.024936333030609603, 0.024936333030609603, 0.024936333030609603, 0.024936333030609603, 0.024936333030609603, 0.00528494545585545, 0.00528494545585545, 0.00528494545585545, 0.0020846917191192915, 0.0020846917191192915, 0.0020846917191192915, 0.0017862319565438156, 0.0011990325125452728, 0.0011990325125452728, 0.0011990325125452728, 0.0011990325125452728, 0.00036587944316579524, 0.00036587944316579524, 0.00027492294157127617, 0.00027492294157127617, 0.00027492294157127617, 0.0002614709637782653, 4.294937059512449e-05, 4.294937059512449e-05, 3.130855702693225e-05, 3.130855702693225e-05, 2.85146398937286e-05, 2.85146398937286e-05, 2.85146398937286e-05, 2.85146398937286e-05, 2.85146398937286e-05, 2.85146398937286e-05, 2.85146398937286e-05, 2.85146398937286e-05, 2.85146398937286e-05, 2.85146398937286e-05, 2.619659414904163e-05, 2.619659414904163e-05, 2.619659414904163e-05, 2.608967565720377e-05, 2.6047714527521748e-05, 2.5629991341702407e-05, 2.5629991341702407e-05, 2.557566631367081e-05, 2.557566631367081e-05, 2.552031094182894e-05, 2.552031094182894e-05, 2.552031094182894e-05, 2.552031094182894e-05, 2.5457507149440062e-05, 2.5457507149440062e-05, 2.5457507149440062e-05, 2.5457507149440062e-05, 2.5457507149440062e-05, 2.5457507149440062e-05, 2.5457507149440062e-05, 2.545515860674641e-05, 2.545515860674641e-05, 2.545515860674641e-05, 2.545515860674641e-05, 2.545515860674641e-05, 2.545515860674641e-05, 2.545515860674641e-05, 2.545515860674641e-05, 2.545515860674641e-05, 2.545515860674641e-05, 2.545515860674641e-05, 2.545515860674641e-05, 2.545515860674641e-05, 2.545515860674641e-05, 2.545515860674641e-05, 2.545515860674641e-05, 2.545515860674641e-05, 2.545515860674641e-05, 2.545515860674641e-05, 2.545515860674641e-05, 2.545515860674641e-05, 2.545515860674641e-05, 2.545515860674641e-05, 2.545515508245444e-05, 2.545515508245444e-05, 2.545515508245444e-05, 2.5455147465436312e-05, 2.5455147465436312e-05, 2.5455147465436312e-05, 2.545514462326537e-05, 2.5455138484176132e-05, 2.5455138484176132e-05, 2.5455137915741943e-05, 2.5455132799834246e-05, 2.5455132799834246e-05, 2.5455132799834246e-05, 2.5455132799834246e-05, 2.5455132799834246e-05, 2.5455132799834246e-05, 2.5455132799834246e-05, 2.5455132799834246e-05, 2.5455132799834246e-05, 2.5455132799834246e-05, 2.5455132686147408e-05, 2.5455132686147408e-05, 2.545513257246057e-05, 2.545513257246057e-05, 2.545513257246057e-05, 2.545513257246057e-05, 2.5455132458773733e-05, 2.5455132458773733e-05, 2.5455132458773733e-05, 2.5455132458773733e-05, 2.5455132458773733e-05, 2.5455132458773733e-05, 2.5455132458773733e-05, 2.5455132458773733e-05, 2.5455132458773733e-05, 2.5455132458773733e-05, 2.5455132458773733e-05, 2.5455132458773733e-05]","{""cognitive_weight"": 1.5, ""inertia_weight"": 0.7, ""max_iterations"": 140, ""social_weight"": 1.5, ""swarm_size"": 50}"
schwefel,Schwefel,59,1563,pso,PSO,2,"[-500.0, 500.0]","[420.968746, 420.968746]","[420.96874743174243, 420.9687466189262]",2.545513257246057e-05,1.5597935776717926e-06,140,7050,"[333.7395688251658, 333.7395688251658, 154.78996625982347, 154.78996625982347, 154.78996625982347, 154.78996625982347, 71.9069006731429, 31.152611961766297, 16.605536768552497, 7.376413615169213, 7.376413615169213, 7.376413615169213, 7.376413615169213, 4.694636044061099, 4.694636044061099, 1.0432350857165602, 1.0432350857165602, 0.08954920474775463, 0.014977132273315874, 0.014977132273315874, 0.014977132273315874, 0.014977132273315874, 0.014977132273315874, 0.014977132273315874, 0.014977132273315874, 0.014977132273315874, 0.014977132273315874, 0.014977132273315874, 0.014977132273315874, 0.00022622073288403044, 0.00022622073288403044, 0.00022622073288403044, 0.00022622073288403044, 0.00022622073288403044, 0.00022622073288403044, 0.00022622073288403044, 0.00022622073288403044, 0.00022622073288403044, 0.00022622073288403044, 0.00022622073288403044, 0.00022622073288403044, 0.00022622073288403044, 0.00022622073288403044, 0.00010515212773043459, 3.6794646348425886e-05, 3.6794646348425886e-05, 3.6794646348425886e-05, 3.6794646348425886e-05, 3.6794646348425886e-05, 3.6794646348425886e-05, 2.844660434675461e-05, 2.844660434675461e-05, 2.844660434675461e-05, 2.844660434675461e-05, 2.844660434675461e-05, 2.844660434675461e-05, 2.844660434675461e-05, 2.844660434675461e-05, 2.844660434675461e-05, 2.844660434675461e-05, 2.844660434675461e-05, 2.844660434675461e-05, 2.844660434675461e-05, 2.844660434675461e-05, 2.844660434675461e-05, 2.844660434675461e-05, 2.5695261115288304e-05, 2.5695261115288304e-05, 2.5695261115288304e-05, 2.5695261115288304e-05, 2.5695261115288304e-05, 2.5695261115288304e-05, 2.5626979891058e-05, 2.5626979891058e-05, 2.5626962042224477e-05, 2.5479459281996242e-05, 2.5479459281996242e-05, 2.5479459281996242e-05, 2.5479459281996242e-05, 2.5479459281996242e-05, 2.5479459281996242e-05, 2.5467803425271995e-05, 2.5465733074270247e-05, 2.545564507272502e-05, 2.545564507272502e-05, 2.545564507272502e-05, 2.545564507272502e-05, 2.545564507272502e-05, 2.545564507272502e-05, 2.545549079968623e-05, 2.545549079968623e-05, 2.545549079968623e-05, 2.545549079968623e-05, 2.545541008203145e-05, 2.5455269678786863e-05, 2.5455159175180597e-05, 2.5455159175180597e-05, 2.5455146669628448e-05, 2.5455146669628448e-05, 2.5455145305386395e-05, 2.545514053053921e-05, 2.545514053053921e-05, 2.545514007579186e-05, 2.545513700624724e-05, 2.545513552831835e-05, 2.5455134846197325e-05, 2.5455134391449974e-05, 2.5455134391449974e-05, 2.5455133936702623e-05, 2.5455133936702623e-05, 2.5455133709328948e-05, 2.5455133709328948e-05, 2.5455133709328948e-05, 2.5455133481955272e-05, 2.5455133254581597e-05, 2.5455133254581597e-05, 2.5455133254581597e-05, 2.545513257246057e-05, 2.545513257246057e-05, 2.545513257246057e-05, 2.545513257246057e-05, 2.545513257246057e-05, 2.545513257246057e-05, 2.545513257246057e-05, 2.545513257246057e-05, 2.545513257246057e-05, 2.545513257246057e-05, 2.545513257246057e-05, 2.545513257246057e-05, 2.545513257246057e-05, 2.545513257246057e-05, 2.545513257246057e-05, 2.545513257246057e-05, 2.545513257246057e-05, 2.545513257246057e-05, 2.545513257246057e-05, 2.545513257246057e-05, 2.545513257246057e-05, 2.545513257246057e-05, 2.545513257246057e-05, 2.545513257246057e-05]","{""cognitive_weight"": 1.5, ""inertia_weight"": 0.7, ""max_iterations"": 140, ""social_weight"": 1.5, ""swarm_size"": 50}"
schwefel,Schwefel,60,1555,pso,PSO,2,"[-500.0, 500.0]","[420.968746, 420.968746]","[420.9687466073335, 420.96874636046323]",2.5455132458773733e-05,7.062490476785801e-07,140,7050,"[170.18788982147862, 170.18788982147862, 169.67306448184956, 20.261638007694614, 20.261638007694614, 4.815270021556444, 4.815270021556444, 4.815270021556444, 4.815270021556444, 4.815270021556444, 4.815270021556444, 3.542953688011494, 3.542953688011494, 1.9509900219140945, 1.118580106222339, 1.118580106222339, 1.023669369638469, 0.16976494497362182, 0.16976494497362182, 0.16976494497362182, 0.16976494497362182, 0.006537433618063915, 0.006537433618063915, 0.006537433618063915, 0.006537433618063915, 0.006537433618063915, 0.006537433618063915, 0.0014443138852584525, 0.0014443138852584525, 0.0014443138852584525, 0.0014443138852584525, 0.0014443138852584525, 0.0014443138852584525, 0.0014443138852584525, 0.0012580011818954517, 0.0012580011818954517, 0.0012580011818954517, 0.0012580011818954517, 0.00029070289610899636, 0.00029070289610899636, 0.00020327745176018652, 0.00020327745176018652, 0.00020327745176018652, 0.00011389658038751804, 0.00011389658038751804, 0.00011389658038751804, 0.00011389658038751804, 0.00011389658038751804, 0.00011389658038751804, 5.039781308369129e-05, 5.039781308369129e-05, 3.843188346763782e-05, 3.843188346763782e-05, 3.843188346763782e-05, 3.843188346763782e-05, 3.843188346763782e-05, 3.843188346763782e-05, 3.264018323534401e-05, 3.264018323534401e-05, 3.0054829721848364e-05, 3.0054829721848364e-05, 2.812116451877955e-05, 2.5964065571315587e-05, 2.5964065571315587e-05, 2.5964065571315587e-05, 2.565880231486517e-05, 2.565880231486517e-05, 2.565880231486517e-05, 2.565880231486517e-05, 2.565880231486517e-05, 2.545880010984547e-05, 2.545880010984547e-05, 2.545880010984547e-05, 2.545880010984547e-05, 2.545880010984547e-05, 2.545880010984547e-05, 2.545880010984547e-05, 2.545880010984547e-05, 2.5458735080974293e-05, 2.5458735080974293e-05, 2.5458735080974293e-05, 2.5458735080974293e-05, 2.5458735080974293e-05, 2.5458735080974293e-05, 2.5458735080974293e-05, 2.5458735080974293e-05, 2.5458735080974293e-05, 2.5458735080974293e-05, 2.5456491584918695e-05, 2.5456491584918695e-05, 2.5456153252889635e-05, 2.5456153252889635e-05, 2.5456153252889635e-05, 2.5455212266933813e-05, 2.5455212266933813e-05, 2.5455212266933813e-05, 2.5455212266933813e-05, 2.5455212266933813e-05, 2.5455212266933813e-05, 2.545516758800659e-05, 2.545516758800659e-05, 2.545516758800659e-05, 2.5455151899222983e-05, 2.5455151899222983e-05, 2.5455151899222983e-05, 2.5455151899222983e-05, 2.5455151899222983e-05, 2.545513666518673e-05, 2.545513666518673e-05, 2.545513666518673e-05, 2.545513666518673e-05, 2.545513666518673e-05, 2.5455134846197325e-05, 2.5455133936702623e-05, 2.5455133936702623e-05, 2.5455133936702623e-05, 2.5455133936702623e-05, 2.5455133368268434e-05, 2.5455133254581597e-05, 2.545513302720792e-05, 2.545513302720792e-05, 2.545513302720792e-05, 2.545513257246057e-05, 2.5455132458773733e-05, 2.5455132458773733e-05, 2.5455132458773733e-05, 2.5455132458773733e-05, 2.5455132458773733e-05, 2.5455132458773733e-05, 2.5455132458773733e-05, 2.5455132458773733e-05, 2.5455132458773733e-05, 2.5455132458773733e-05, 2.5455132458773733e-05, 2.5455132458773733e-05, 2.5455132458773733e-05, 2.5455132458773733e-05, 2.5455132458773733e-05, 2.5455132458773733e-05, 2.5455132458773733e-05, 2.5455132458773733e-05]","{""cognitive_weight"": 1.5, ""inertia_weight"": 0.7, ""max_iterations"": 140, ""social_weight"": 1.5, ""swarm_size"": 50}"
schwefel,Schwefel,61,1556,pso,PSO,2,"[-500.0, 500.0]","[420.968746, 420.968746]","[420.9687465458323, 420.968745705758]",2.5455132458773733e-05,6.20089695998476e-07,140,7050,"[72.41874091629302, 72.41874091629302, 72.41874091629302, 72.41874091629302, 72.41874091629302, 33.61102249393048, 33.61102249393048, 8.292777033843322, 7.1410994453657395, 7.1410994453657395, 3.20652333011094, 3.20652333011094, 3.20652333011094, 2.8357866545393335, 2.8357866545393335, 2.306616527142978, 1.2566577730401605, 0.15452126455193138, 0.15452126455193138, 0.15452126455193138, 0.15452126455193138, 0.15452126455193138, 0.006263298483304425, 0.006263298483304425, 0.006263298483304425, 0.006263298483304425, 0.005217350280418032, 0.0011029049114767986, 0.0011029049114767986, 0.0011029049114767986, 0.0011029049114767986, 0.0011029049114767986, 0.0011029049114767986, 0.00019234841829529614, 0.00019234841829529614, 0.00019234841829529614, 5.994470143377839e-05, 5.994470143377839e-05, 5.994470143377839e-05, 5.994470143377839e-05, 5.994470143377839e-05, 5.994470143377839e-05, 5.994470143377839e-05, 5.994470143377839e-05, 5.994470143377839e-05, 5.994470143377839e-05, 5.994470143377839e-05, 5.994470143377839e-05, 5.994470143377839e-05, 5.994470143377839e-05, 2.7132811851515726e-05, 2.7132811851515726e-05, 2.7132811851515726e-05, 2.7132811851515726e-05, 2.7132811851515726e-05, 2.7132811851515726e-05, 2.7132811851515726e-05, 2.5587040681784856e-05, 2.5587040681784856e-05, 2.5587040681784856e-05, 2.5587040681784856e-05, 2.5587040681784856e-05, 2.5587040681784856e-05, 2.5587040681784856e-05, 2.5587040681784856e-05, 2.5570678644726286e-05, 2.5570678644726286e-05, 2.5570678644726286e-05, 2.5489395397926273e-05, 2.5489395397926273e-05, 2.5489395397926273e-05, 2.5489395397926273e-05, 2.5489232257314143e-05, 2.5489232257314143e-05, 2.5486620529591164e-05, 2.5486620529591164e-05, 2.5486620529591164e-05, 2.5486620529591164e-05, 2.5486620529591164e-05, 2.54844651408348e-05, 2.54844651408348e-05, 2.546314613027789e-05, 2.546314613027789e-05, 2.546314613027789e-05, 2.546314613027789e-05, 2.5456678031332558e-05, 2.5456678031332558e-05, 2.5455178388256172e-05, 2.5455178388256172e-05, 2.5455139393670834e-05, 2.5455139393670834e-05, 2.5455139393670834e-05, 2.5455139393670834e-05, 2.5455132799834246e-05, 2.5455132799834246e-05, 2.5455132799834246e-05, 2.5455132799834246e-05, 2.5455132799834246e-05, 2.5455132799834246e-05, 2.5455132799834246e-05, 2.5455132799834246e-05, 2.5455132799834246e-05, 2.5455132799834246e-05, 2.5455132799834246e-05, 2.5455132799834246e-05, 2.545513257246057e-05, 2.545513257246057e-05, 2.545513257246057e-05, 2.545513257246057e-05, 2.545513257246057e-05, 2.545513257246057e-05, 2.545513257246057e-05, 2.545513257246057e-05, 2.545513257246057e-05, 2.545513257246057e-05, 2.545513257246057e-05, 2.545513257246057e-05, 2.545513257246057e-05, 2.545513257246057e-05, 2.545513257246057e-05, 2.545513257246057e-05, 2.545513257246057e-05, 2.545513257246057e-05, 2.545513257246057e-05, 2.545513257246057e-05, 2.5455132458773733e-05, 2.5455132458773733e-05, 2.5455132458773733e-05, 2.5455132458773733e-05, 2.5455132458773733e-05, 2.5455132458773733e-05, 2.5455132458773733e-05, 2.5455132458773733e-05, 2.5455132458773733e-05, 2.5455132458773733e-05, 2.5455132458773733e-05, 2.5455132458773733e-05, 2.5455132458773733e-05, 2.5455132458773733e-05, 2.5455132458773733e-05, 2.5455132458773733e-05]","{""cognitive_weight"": 1.5, ""inertia_weight"": 0.7, ""max_iterations"": 140, ""social_weight"": 1.5, ""swarm_size"": 50}"
schwefel,Schwefel,62,1557,pso,PSO,2,"[-500.0, 500.0]","[420.968746, 420.968746]","[420.9687465783647, 420.9687468620342]",2.5455132458773733e-05,1.0380793126529084e-06,140,7050,"[309.9041333253091, 249.07920713006752, 141.518859601975, 141.518859601975, 141.518859601975, 108.47665870165031, 10.948167790932075, 10.948167790932075, 10.948167790932075, 10.948167790932075, 10.948167790932075, 0.6243833835731039, 0.6243833835731039, 0.6243833835731039, 0.6243833835731039, 0.3075916152049558, 0.2875148172927311, 0.2875148172927311, 0.2875148172927311, 0.22092971705728814, 0.22092971705728814, 0.22092971705728814, 0.1420214430836495, 0.1420214430836495, 0.1420214430836495, 0.05664083015494725, 0.012572805400850484, 0.012572805400850484, 0.012572805400850484, 0.012572805400850484, 0.012572805400850484, 0.0009060441917654316, 0.0009060441917654316, 0.0009060441917654316, 0.0009060441917654316, 0.0009060441917654316, 0.0009060441917654316, 0.0009060441917654316, 0.0005435091084109445, 0.0005435091084109445, 0.00027324454777044593, 0.00027324454777044593, 0.0002649096946925056, 0.0002649096946925056, 0.0002649096946925056, 4.058926151628839e-05, 4.058926151628839e-05, 4.058926151628839e-05, 4.058926151628839e-05, 3.0288514153653523e-05, 3.0288514153653523e-05, 3.0288514153653523e-05, 3.0288514153653523e-05, 3.0288514153653523e-05, 2.9366170792854973e-05, 2.745445419805037e-05, 2.6648789685168595e-05, 2.6648789685168595e-05, 2.6648789685168595e-05, 2.6648789685168595e-05, 2.6648789685168595e-05, 2.6648789685168595e-05, 2.6648789685168595e-05, 2.6648789685168595e-05, 2.5768874479581427e-05, 2.5768874479581427e-05, 2.5768874479581427e-05, 2.5768874479581427e-05, 2.5768874479581427e-05, 2.5768874479581427e-05, 2.5768874479581427e-05, 2.5768874479581427e-05, 2.5768874479581427e-05, 2.5604106440368923e-05, 2.5604106440368923e-05, 2.5604106440368923e-05, 2.5604106440368923e-05, 2.5576492816981045e-05, 2.5455525019424385e-05, 2.5455525019424385e-05, 2.5455525019424385e-05, 2.5455525019424385e-05, 2.5455525019424385e-05, 2.5455525019424385e-05, 2.5455525019424385e-05, 2.5455525019424385e-05, 2.5455525019424385e-05, 2.5455525019424385e-05, 2.5455525019424385e-05, 2.5455525019424385e-05, 2.5455525019424385e-05, 2.5455525019424385e-05, 2.5455525019424385e-05, 2.545544998611149e-05, 2.545544998611149e-05, 2.545544998611149e-05, 2.545544998611149e-05, 2.545544998611149e-05, 2.545536358411482e-05, 2.5455209652136546e-05, 2.545517645557993e-05, 2.545517645557993e-05, 2.545517645557993e-05, 2.545517645557993e-05, 2.545514553276007e-05, 2.545513450513681e-05, 2.545513450513681e-05, 2.545513450513681e-05, 2.545513302720792e-05, 2.545513302720792e-05, 2.5455132686147408e-05, 2.5455132686147408e-05, 2.5455132686147408e-05, 2.545513257246057e-05, 2.545513257246057e-05, 2.545513257246057e-05, 2.545513257246057e-05, 2.545513257246057e-05, 2.545513257246057e-05, 2.545513257246057e-05, 2.545513257246057e-05, 2.545513257246057e-05, 2.545513257246057e-05, 2.545513257246057e-05, 2.545513257246057e-05, 2.545513257246057e-05, 2.545513257246057e-05, 2.5455132458773733e-05, 2.5455132458773733e-05, 2.5455132458773733e-05, 2.5455132458773733e-05, 2.5455132458773733e-05, 2.5455132458773733e-05, 2.5455132458773733e-05, 2.5455132458773733e-05, 2.5455132458773733e-05, 2.5455132458773733e-05, 2.5455132458773733e-05, 2.5455132458773733e-05, 2.5455132458773733e-05, 2.5455132458773733e-05]","{""cognitive_weight"": 1.5, ""inertia_weight"": 0.7, ""max_iterations"": 140, ""social_weight"": 1.5, ""swarm_size"": 50}"
schwefel,Schwefel,63,1558,pso,PSO,2,"[-500.0, 500.0]","[420.968746, 420.968746]","[420.9687466802036, 420.968746142571]",2.5455132458773733e-05,6.94984458010712e-07,140,7050,"[402.9643783266644, 402.9643783266644, 365.00172348167087, 150.33504322892827, 150.33504322892827, 150.33504322892827, 150.33504322892827, 0.7805002955317377, 0.7805002955317377, 0.7805002955317377, 0.7805002955317377, 0.12558616421347324, 0.12558616421347324, 0.12558616421347324, 0.12558616421347324, 0.12558616421347324, 0.12558616421347324, 0.12558616421347324, 0.12558616421347324, 0.11598790439609274, 0.11530916370293198, 0.11530916370293198, 0.008774744455763539, 0.008774744455763539, 0.008774744455763539, 0.008774744455763539, 0.006872274560691949, 0.006872274560691949, 0.001648798272071872, 0.001648798272071872, 0.001648798272071872, 0.001463819529135435, 0.0010472997362285241, 0.00042632018835320196, 0.00028658272981374466, 0.00028658272981374466, 0.00028658272981374466, 0.00028658272981374466, 0.00028658272981374466, 9.12435215241203e-05, 9.12435215241203e-05, 4.289024900572258e-05, 4.289024900572258e-05, 4.289024900572258e-05, 4.289024900572258e-05, 4.289024900572258e-05, 4.289024900572258e-05, 4.157545095040405e-05, 4.157545095040405e-05, 4.157545095040405e-05, 4.1335483047078014e-05, 4.1335483047078014e-05, 4.1335483047078014e-05, 4.1335483047078014e-05, 2.9249147473819903e-05, 2.9249147473819903e-05, 2.821778002726205e-05, 2.821778002726205e-05, 2.821778002726205e-05, 2.821778002726205e-05, 2.821778002726205e-05, 2.821778002726205e-05, 2.7412890403866186e-05, 2.7412890403866186e-05, 2.6272949298800086e-05, 2.6272949298800086e-05, 2.6272949298800086e-05, 2.6024520479950297e-05, 2.546945438552939e-05, 2.546945438552939e-05, 2.546945438552939e-05, 2.546945438552939e-05, 2.546945438552939e-05, 2.546945438552939e-05, 2.5467510454291187e-05, 2.5467510454291187e-05, 2.54582248544466e-05, 2.545608458603965e-05, 2.545608458603965e-05, 2.545608458603965e-05, 2.5455658146711357e-05, 2.5455658146711357e-05, 2.5455658146711357e-05, 2.5455658146711357e-05, 2.5455263539697626e-05, 2.5455263539697626e-05, 2.5455263539697626e-05, 2.5455263539697626e-05, 2.5455263539697626e-05, 2.5455263539697626e-05, 2.5455263539697626e-05, 2.5455263539697626e-05, 2.5455263539697626e-05, 2.5455263539697626e-05, 2.5455263539697626e-05, 2.5455173272348475e-05, 2.5455173272348475e-05, 2.5455173272348475e-05, 2.5455173272348475e-05, 2.5455173272348475e-05, 2.5455173272348475e-05, 2.5455173272348475e-05, 2.5455148943365202e-05, 2.5455148943365202e-05, 2.5455138938923483e-05, 2.5455138938923483e-05, 2.5455138938923483e-05, 2.5455135869378864e-05, 2.5455135869378864e-05, 2.5455134391449974e-05, 2.5455134391449974e-05, 2.5455134391449974e-05, 2.5455134391449974e-05, 2.5455134391449974e-05, 2.5455133254581597e-05, 2.5455133254581597e-05, 2.5455133254581597e-05, 2.5455133254581597e-05, 2.5455132799834246e-05, 2.5455132799834246e-05, 2.5455132799834246e-05, 2.5455132799834246e-05, 2.5455132799834246e-05, 2.545513257246057e-05, 2.545513257246057e-05, 2.545513257246057e-05, 2.545513257246057e-05, 2.545513257246057e-05, 2.545513257246057e-05, 2.545513257246057e-05, 2.5455132458773733e-05, 2.5455132458773733e-05, 2.5455132458773733e-05, 2.5455132458773733e-05, 2.5455132458773733e-05, 2.5455132458773733e-05, 2.5455132458773733e-05, 2.5455132458773733e-05, 2.5455132458773733e-05, 2.5455132458773733e-05, 2.5455132458773733e-05]","{""cognitive_weight"": 1.5, ""inertia_weight"": 0.7, ""max_iterations"": 140, ""social_weight"": 1.5, ""swarm_size"": 50}"
schwefel,Schwefel,64,1559,pso,PSO,2,"[-500.0, 500.0]","[420.968746, 420.968746]","[420.9687454018443, 420.968746411723]",2.5455132458773733e-05,7.261584434944956e-07,140,7050,"[104.87375699264385, 104.87375699264385, 42.24268533297732, 42.24268533297732, 42.24268533297732, 35.64041719992815, 15.316516958787815, 15.316516958787815, 8.16714346568233, 0.9467977540698485, 0.9467977540698485, 0.9467977540698485, 0.9467977540698485, 0.09280608051813033, 0.09280608051813033, 0.09280608051813033, 0.09280608051813033, 0.09280608051813033, 0.09280608051813033, 0.09280608051813033, 0.017080881740639597, 0.017080881740639597, 0.017080881740639597, 0.017080881740639597, 0.017080881740639597, 0.01531563023797844, 0.002582336670229779, 0.002582336670229779, 0.002582336670229779, 0.002582336670229779, 0.002582336670229779, 0.002582336670229779, 0.002582336670229779, 0.002582336670229779, 0.002582336670229779, 0.002582336670229779, 0.0011976140192473395, 0.000938380502475411, 0.000938380502475411, 0.00024427653022485174, 0.00024427653022485174, 0.00024427653022485174, 0.00024427653022485174, 0.00024427653022485174, 0.00024427653022485174, 0.00024427653022485174, 0.00024427653022485174, 0.00024427653022485174, 0.0001866821560270182, 7.894571876931877e-05, 7.894571876931877e-05, 6.68969942125841e-05, 6.68969942125841e-05, 6.68969942125841e-05, 6.68969942125841e-05, 6.68969942125841e-05, 6.211590289240121e-05, 4.750904815864487e-05, 3.0864398013363825e-05, 3.0864398013363825e-05, 2.7713818781194277e-05, 2.7713818781194277e-05, 2.7713818781194277e-05, 2.5834843199845636e-05, 2.5834843199845636e-05, 2.5834843199845636e-05, 2.5834843199845636e-05, 2.5834843199845636e-05, 2.5834843199845636e-05, 2.5834843199845636e-05, 2.5834843199845636e-05, 2.5547738005116116e-05, 2.5547738005116116e-05, 2.5547738005116116e-05, 2.5547738005116116e-05, 2.5547738005116116e-05, 2.5547738005116116e-05, 2.5547738005116116e-05, 2.5479534315309138e-05, 2.54630867857486e-05, 2.54630867857486e-05, 2.54630867857486e-05, 2.54630867857486e-05, 2.54630867857486e-05, 2.54630867857486e-05, 2.545676079535042e-05, 2.545676079535042e-05, 2.5455315949329815e-05, 2.5455315949329815e-05, 2.5455315949329815e-05, 2.5455315949329815e-05, 2.5455315949329815e-05, 2.5455315949329815e-05, 2.5455315949329815e-05, 2.5455315949329815e-05, 2.5455315949329815e-05, 2.545528582231782e-05, 2.545528582231782e-05, 2.545528582231782e-05, 2.545527377151302e-05, 2.545527377151302e-05, 2.5455220566072967e-05, 2.5455220566072967e-05, 2.5455165769017185e-05, 2.5455165769017185e-05, 2.5455165769017185e-05, 2.5455165769017185e-05, 2.5455165769017185e-05, 2.5455147806496825e-05, 2.5455147806496825e-05, 2.545513564200519e-05, 2.545513564200519e-05, 2.545513564200519e-05, 2.545513564200519e-05, 2.545513564200519e-05, 2.545513564200519e-05, 2.545513359564211e-05, 2.545513359564211e-05, 2.545513359564211e-05, 2.545513359564211e-05, 2.5455132799834246e-05, 2.5455132799834246e-05, 2.5455132799834246e-05, 2.5455132686147408e-05, 2.545513257246057e-05, 2.545513257246057e-05, 2.545513257246057e-05, 2.545513257246057e-05, 2.545513257246057e-05, 2.545513257246057e-05, 2.545513257246057e-05, 2.545513257246057e-05, 2.5455132458773733e-05, 2.5455132458773733e-05, 2.5455132458773733e-05, 2.5455132458773733e-05, 2.5455132458773733e-05, 2.5455132458773733e-05, 2.5455132458773733e-05, 2.5455132458773733e-05, 2.5455132458773733e-05]","{""cognitive_weight"": 1.5, ""inertia_weight"": 0.7, ""max_iterations"": 140, ""social_weight"": 1.5, ""swarm_size"": 50}"
schwefel,Schwefel,65,1560,pso,PSO,2,"[-500.0, 500.0]","[420.968746, 420.968746]","[420.9687470207244, 420.9687463728951]",2.5455132458773733e-05,1.0867055692422265e-06,140,7050,"[11.571892683285114, 11.571892683285114, 11.571892683285114, 11.571892683285114, 11.571892683285114, 11.571892683285114, 0.9222772593516311, 0.9222772593516311, 0.9222772593516311, 0.9222772593516311, 0.9222772593516311, 0.9222772593516311, 0.5976152626856219, 0.5976152626856219, 0.5976152626856219, 0.5976152626856219, 0.5976152626856219, 0.5976152626856219, 0.5976152626856219, 0.4545963184307311, 0.4545963184307311, 0.27446264993773184, 0.14124997428405095, 0.09737742034030816, 0.09737742034030816, 0.09737742034030816, 0.09737742034030816, 0.04816471554056534, 0.04816471554056534, 0.04816471554056534, 0.00025250934731957386, 0.00025250934731957386, 0.00025250934731957386, 0.00025250934731957386, 0.00025250934731957386, 0.00025250934731957386, 0.00025250934731957386, 0.00025250934731957386, 0.00025250934731957386, 0.00025250934731957386, 0.00025250934731957386, 0.00025250934731957386, 0.00025250934731957386, 0.00025250934731957386, 0.00025250934731957386, 0.00018128435090147832, 0.00018128435090147832, 0.00018128435090147832, 6.115421115282516e-05, 6.115421115282516e-05, 6.115421115282516e-05, 6.115421115282516e-05, 6.115421115282516e-05, 3.701679474943376e-05, 3.674980644063908e-05, 3.674980644063908e-05, 3.0176611744536785e-05, 2.5637109274612158e-05, 2.5637109274612158e-05, 2.5637109274612158e-05, 2.5637109274612158e-05, 2.5637109274612158e-05, 2.5637109274612158e-05, 2.5637109274612158e-05, 2.5637109274612158e-05, 2.5637109274612158e-05, 2.5494876012999157e-05, 2.5494876012999157e-05, 2.5494876012999157e-05, 2.5494876012999157e-05, 2.5494876012999157e-05, 2.5494876012999157e-05, 2.5494876012999157e-05, 2.5465961243753554e-05, 2.5465961243753554e-05, 2.545539712173195e-05, 2.5455234663240844e-05, 2.5455234663240844e-05, 2.5455234663240844e-05, 2.5455234663240844e-05, 2.5455234663240844e-05, 2.5455234663240844e-05, 2.5455234663240844e-05, 2.5455234663240844e-05, 2.5455234663240844e-05, 2.5455234663240844e-05, 2.545513802942878e-05, 2.545513802942878e-05, 2.545513802942878e-05, 2.545513802942878e-05, 2.545513802942878e-05, 2.545513802942878e-05, 2.545513802942878e-05, 2.545513802942878e-05, 2.5455133481955272e-05, 2.5455133481955272e-05, 2.5455133481955272e-05, 2.5455133481955272e-05, 2.5455133481955272e-05, 2.5455133481955272e-05, 2.5455133481955272e-05, 2.5455133481955272e-05, 2.5455133481955272e-05, 2.5455133481955272e-05, 2.5455133481955272e-05, 2.5455133481955272e-05, 2.5455133481955272e-05, 2.5455133481955272e-05, 2.5455133481955272e-05, 2.5455133481955272e-05, 2.5455133481955272e-05, 2.5455133481955272e-05, 2.5455133481955272e-05, 2.5455133481955272e-05, 2.5455132799834246e-05, 2.5455132799834246e-05, 2.5455132799834246e-05, 2.5455132799834246e-05, 2.5455132799834246e-05, 2.545513257246057e-05, 2.545513257246057e-05, 2.545513257246057e-05, 2.545513257246057e-05, 2.545513257246057e-05, 2.545513257246057e-05, 2.545513257246057e-05, 2.545513257246057e-05, 2.545513257246057e-05, 2.545513257246057e-05, 2.545513257246057e-05, 2.5455132458773733e-05, 2.5455132458773733e-05, 2.5455132458773733e-05, 2.5455132458773733e-05, 2.5455132458773733e-05, 2.5455132458773733e-05, 2.5455132458773733e-05, 2.5455132458773733e-05, 2.5455132458773733e-05, 2.5455132458773733e-05, 2.5455132458773733e-05]","{""cognitive_weight"": 1.5, ""inertia_weight"": 0.7, ""max_iterations"": 140, ""social_weight"": 1.5, ""swarm_size"": 50}"
schwefel,Schwefel,66,1561,pso,PSO,2,"[-500.0, 500.0]","[420.968746, 420.968746]","[420.9687463156608, 420.96874686373684]",2.5455132458773733e-05,9.19610261366163e-07,140,7050,"[42.29863622350763, 42.29863622350763, 42.29863622350763, 42.29863622350763, 42.29863622350763, 42.29863622350763, 20.05583898073246, 20.05583898073246, 8.11566903173889, 4.239591559441578, 4.239591559441578, 3.4537435417314555, 3.4537435417314555, 1.0240087262014868, 1.0240087262014868, 0.858158605311246, 0.26824313608585726, 0.17779974156758271, 0.17779974156758271, 0.17779974156758271, 0.17779974156758271, 0.052334308546051034, 0.007891652134730975, 0.0007431501323935663, 0.0007431501323935663, 0.00013972160411412915, 0.00013972160411412915, 0.00013972160411412915, 0.00013972160411412915, 0.00013972160411412915, 0.00013972160411412915, 0.00013972160411412915, 0.00013972160411412915, 0.00013972160411412915, 0.00013972160411412915, 0.00013972160411412915, 0.00013972160411412915, 0.00013972160411412915, 0.00013972160411412915, 0.00013972160411412915, 0.00013972160411412915, 0.00013972160411412915, 0.00013972160411412915, 0.00013972160411412915, 0.00013972160411412915, 0.00013972160411412915, 0.00013972160411412915, 0.00013972160411412915, 6.130234874035523e-05, 6.130234874035523e-05, 6.130234874035523e-05, 6.130234874035523e-05, 6.130234874035523e-05, 6.130234874035523e-05, 6.130234874035523e-05, 6.130234874035523e-05, 3.259140692080109e-05, 3.2521323532819224e-05, 2.7311295752951992e-05, 2.6012636453742743e-05, 2.6012636453742743e-05, 2.6012636453742743e-05, 2.6012636453742743e-05, 2.6012636453742743e-05, 2.6012636453742743e-05, 2.553509420977207e-05, 2.553509420977207e-05, 2.553509420977207e-05, 2.553509420977207e-05, 2.5471959816059098e-05, 2.5471959816059098e-05, 2.5471959816059098e-05, 2.5471959816059098e-05, 2.5471959816059098e-05, 2.5471959816059098e-05, 2.5467713044236007e-05, 2.546691302995896e-05, 2.546691302995896e-05, 2.5466620968472853e-05, 2.5455353352299426e-05, 2.5455353352299426e-05, 2.5455353352299426e-05, 2.5455353352299426e-05, 2.5455353352299426e-05, 2.5455353352299426e-05, 2.5455353352299426e-05, 2.545525626374001e-05, 2.545525626374001e-05, 2.545525626374001e-05, 2.545525626374001e-05, 2.545516554164351e-05, 2.545516554164351e-05, 2.545516554164351e-05, 2.545516554164351e-05, 2.5455134277763136e-05, 2.5455134277763136e-05, 2.5455134277763136e-05, 2.5455134277763136e-05, 2.5455134277763136e-05, 2.5455134277763136e-05, 2.54551341640763e-05, 2.54551341640763e-05, 2.54551341640763e-05, 2.5455133254581597e-05, 2.5455133254581597e-05, 2.5455132799834246e-05, 2.5455132799834246e-05, 2.5455132686147408e-05, 2.5455132686147408e-05, 2.5455132686147408e-05, 2.5455132686147408e-05, 2.5455132686147408e-05, 2.545513257246057e-05, 2.545513257246057e-05, 2.545513257246057e-05, 2.545513257246057e-05, 2.545513257246057e-05, 2.545513257246057e-05, 2.545513257246057e-05, 2.545513257246057e-05, 2.545513257246057e-05, 2.545513257246057e-05, 2.545513257246057e-05, 2.545513257246057e-05, 2.545513257246057e-05, 2.545513257246057e-05, 2.545513257246057e-05, 2.545513257246057e-05, 2.545513257246057e-05, 2.545513257246057e-05, 2.545513257246057e-05, 2.545513257246057e-05, 2.545513257246057e-05, 2.545513257246057e-05, 2.545513257246057e-05, 2.545513257246057e-05, 2.545513257246057e-05, 2.5455132458773733e-05, 2.5455132458773733e-05, 2.5455132458773733e-05, 2.5455132458773733e-05]","{""cognitive_weight"": 1.5, ""inertia_weight"": 0.7, ""max_iterations"": 140, ""social_weight"": 1.5, ""swarm_size"": 50}"
schwefel,Schwefel,67,1562,pso,PSO,2,"[-500.0, 500.0]","[420.968746, 420.968746]","[420.96874662814673, 420.96874581156845]",2.5455132458773733e-05,6.558008509573825e-07,140,7050,"[292.23203794455253, 244.4613528836221, 244.4613528836221, 27.841541293720184, 6.539222075022508, 6.539222075022508, 5.776029229426058, 5.776029229426058, 2.40916329950187, 2.40916329950187, 2.40916329950187, 1.1144177043483978, 0.08822617694409018, 0.08822617694409018, 0.08822617694409018, 0.08822617694409018, 0.08822617694409018, 0.08822617694409018, 0.08822617694409018, 0.08822617694409018, 0.04257998706043509, 0.04257998706043509, 0.04257998706043509, 0.03019088702433237, 0.024936333030609603, 0.024936333030609603, 0.024936333030609603, 0.024936333030609603, 0.024936333030609603, 0.00528494545585545, 0.00528494545585545, 0.00528494545585545, 0.0020846917191192915, 0.0020846917191192915, 0.0020846917191192915, 0.0017862319565438156, 0.0011990325125452728, 0.0011990325125452728, 0.0011990325125452728, 0.0011990325125452728, 0.00036587944316579524, 0.00036587944316579524, 0.00027492294157127617, 0.00027492294157127617, 0.00027492294157127617, 0.0002614709637782653, 4.294937059512449e-05, 4.294937059512449e-05, 3.130855702693225e-05, 3.130855702693225e-05, 2.85146398937286e-05, 2.85146398937286e-05, 2.85146398937286e-05, 2.85146398937286e-05, 2.85146398937286e-05, 2.85146398937286e-05, 2.85146398937286e-05, 2.85146398937286e-05, 2.85146398937286e-05, 2.85146398937286e-05, 2.619659414904163e-05, 2.619659414904163e-05, 2.619659414904163e-05, 2.608967565720377e-05, 2.6047714527521748e-05, 2.5629991341702407e-05, 2.5629991341702407e-05, 2.557566631367081e-05, 2.557566631367081e-05, 2.552031094182894e-05, 2.552031094182894e-05, 2.552031094182894e-05, 2.552031094182894e-05, 2.5457507149440062e-05, 2.5457507149440062e-05, 2.5457507149440062e-05, 2.5457507149440062e-05, 2.5457507149440062e-05, 2.5457507149440062e-05, 2.5457507149440062e-05, 2.545515860674641e-05, 2.545515860674641e-05, 2.545515860674641e-05, 2.545515860674641e-05, 2.545515860674641e-05, 2.545515860674641e-05, 2.545515860674641e-05, 2.545515860674641e-05, 2.545515860674641e-05, 2.545515860674641e-05, 2.545515860674641e-05, 2.545515860674641e-05, 2.545515860674641e-05, 2.545515860674641e-05, 2.545515860674641e-05, 2.545515860674641e-05, 2.545515860674641e-05, 2.545515860674641e-05, 2.545515860674641e-05, 2.545515860674641e-05, 2.545515860674641e-05, 2.545515860674641e-05, 2.545515860674641e-05, 2.545515508245444e-05, 2.545515508245444e-05, 2.545515508245444e-05, 2.5455147465436312e-05, 2.5455147465436312e-05, 2.5455147465436312e-05, 2.545514462326537e-05, 2.5455138484176132e-05, 2.5455138484176132e-05, 2.5455137915741943e-05, 2.5455132799834246e-05, 2.5455132799834246e-05, 2.5455132799834246e-05, 2.5455132799834246e-05, 2.5455132799834246e-05, 2.5455132799834246e-05, 2.5455132799834246e-05, 2.5455132799834246e-05, 2.5455132799834246e-05, 2.5455132799834246e-05, 2.5455132686147408e-05, 2.5455132686147408e-05, 2.545513257246057e-05, 2.545513257246057e-05, 2.545513257246057e-05, 2.545513257246057e-05, 2.5455132458773733e-05, 2.5455132458773733e-05, 2.5455132458773733e-05, 2.5455132458773733e-05, 2.5455132458773733e-05, 2.5455132458773733e-05, 2.5455132458773733e-05, 2.5455132458773733e-05, 2.5455132458773733e-05, 2.5455132458773733e-05, 2.5455132458773733e-05, 2.5455132458773733e-05]","{""cognitive_weight"": 1.5, ""inertia_weight"": 0.7, ""max_iterations"": 140, ""social_weight"": 1.5, ""swarm_size"": 50}"
schwefel,Schwefel,68,1563,pso,PSO,2,"[-500.0, 500.0]","[420.968746, 420.968746]","[420.96874743174243, 420.9687466189262]",2.545513257246057e-05,1.5597935776717926e-06,140,7050,"[333.7395688251658, 333.7395688251658, 154.78996625982347, 154.78996625982347, 154.78996625982347, 154.78996625982347, 71.9069006731429, 31.152611961766297, 16.605536768552497, 7.376413615169213, 7.376413615169213, 7.376413615169213, 7.376413615169213, 4.694636044061099, 4.694636044061099, 1.0432350857165602, 1.0432350857165602, 0.08954920474775463, 0.014977132273315874, 0.014977132273315874, 0.014977132273315874, 0.014977132273315874, 0.014977132273315874, 0.014977132273315874, 0.014977132273315874, 0.014977132273315874, 0.014977132273315874, 0.014977132273315874, 0.014977132273315874, 0.00022622073288403044, 0.00022622073288403044, 0.00022622073288403044, 0.00022622073288403044, 0.00022622073288403044, 0.00022622073288403044, 0.00022622073288403044, 0.00022622073288403044, 0.00022622073288403044, 0.00022622073288403044, 0.00022622073288403044, 0.00022622073288403044, 0.00022622073288403044, 0.00022622073288403044, 0.00010515212773043459, 3.6794646348425886e-05, 3.6794646348425886e-05, 3.6794646348425886e-05, 3.6794646348425886e-05, 3.6794646348425886e-05, 3.6794646348425886e-05, 2.844660434675461e-05, 2.844660434675461e-05, 2.844660434675461e-05, 2.844660434675461e-05, 2.844660434675461e-05, 2.844660434675461e-05, 2.844660434675461e-05, 2.844660434675461e-05, 2.844660434675461e-05, 2.844660434675461e-05, 2.844660434675461e-05, 2.844660434675461e-05, 2.844660434675461e-05, 2.844660434675461e-05, 2.844660434675461e-05, 2.844660434675461e-05, 2.5695261115288304e-05, 2.5695261115288304e-05, 2.5695261115288304e-05, 2.5695261115288304e-05, 2.5695261115288304e-05, 2.5695261115288304e-05, 2.5626979891058e-05, 2.5626979891058e-05, 2.5626962042224477e-05, 2.5479459281996242e-05, 2.5479459281996242e-05, 2.5479459281996242e-05, 2.5479459281996242e-05, 2.5479459281996242e-05, 2.5479459281996242e-05, 2.5467803425271995e-05, 2.5465733074270247e-05, 2.545564507272502e-05, 2.545564507272502e-05, 2.545564507272502e-05, 2.545564507272502e-05, 2.545564507272502e-05, 2.545564507272502e-05, 2.545549079968623e-05, 2.545549079968623e-05, 2.545549079968623e-05, 2.545549079968623e-05, 2.545541008203145e-05, 2.5455269678786863e-05, 2.5455159175180597e-05, 2.5455159175180597e-05, 2.5455146669628448e-05, 2.5455146669628448e-05, 2.5455145305386395e-05, 2.545514053053921e-05, 2.545514053053921e-05, 2.545514007579186e-05, 2.545513700624724e-05, 2.545513552831835e-05, 2.5455134846197325e-05, 2.5455134391449974e-05, 2.5455134391449974e-05, 2.5455133936702623e-05, 2.5455133936702623e-05, 2.5455133709328948e-05, 2.5455133709328948e-05, 2.5455133709328948e-05, 2.5455133481955272e-05, 2.5455133254581597e-05, 2.5455133254581597e-05, 2.5455133254581597e-05, 2.545513257246057e-05, 2.545513257246057e-05, 2.545513257246057e-05, 2.545513257246057e-05, 2.545513257246057e-05, 2.545513257246057e-05, 2.545513257246057e-05, 2.545513257246057e-05, 2.545513257246057e-05, 2.545513257246057e-05, 2.545513257246057e-05, 2.545513257246057e-05, 2.545513257246057e-05, 2.545513257246057e-05, 2.545513257246057e-05, 2.545513257246057e-05, 2.545513257246057e-05, 2.545513257246057e-05, 2.545513257246057e-05, 2.545513257246057e-05, 2.545513257246057e-05, 2.545513257246057e-05, 2.545513257246057e-05, 2.545513257246057e-05]","{""cognitive_weight"": 1.5, ""inertia_weight"": 0.7, ""max_iterations"": 140, ""social_weight"": 1.5, ""swarm_size"": 50}"
schwefel,Schwefel,69,1564,pso,PSO,2,"[-500.0, 500.0]","[420.968746, 420.968746]","[-302.524935796197, 420.968745985895]",118.43836006957031,723.493681796197,140,7050,"[306.08042912576207, 306.08042912576207, 197.90755545026764, 197.90755545026764, 197.90755545026764, 129.88583767095292, 129.88583767095292, 129.88583767095292, 129.88583767095292, 129.88583767095292, 129.88583767095292, 129.01592253672482, 121.81129106716298, 121.81129106716298, 121.81129106716298, 120.15981226780832, 120.15981226780832, 120.15981226780832, 120.15981226780832, 119.79696159544619, 118.54131719004613, 118.54131719004613, 118.54131719004613, 118.44173435218272, 118.44173435218272, 118.44173435218272, 118.44173435218272, 118.44173435218272, 118.44173435218272, 118.44044302576253, 118.44044302576253, 118.44044302576253, 118.43840420211518, 118.43840420211518, 118.43840420211518, 118.43840420211518, 118.43840420211518, 118.43840420211518, 118.43840420211518, 118.43840420211518, 118.43840420211518, 118.43840420211518, 118.43840420211518, 118.43837162679642, 118.43837162679642, 118.43837162679642, 118.43837162679642, 118.43837162679642, 118.43837162679642, 118.43837162679642, 118.43837162679642, 118.43837162679642, 118.43837162679642, 118.43837162679642, 118.43837162679642, 118.43837162679642, 118.43837162679642, 118.43837162679642, 118.43837162679642, 118.43837162679642, 118.43837162679642, 118.43837162679642, 118.43837162679642, 118.43837162679642, 118.43837162679642, 118.43837162679642, 118.43837162679642, 118.43837162679642, 118.43837162679642, 118.43837162679642, 118.43837034569503, 118.43837034569503, 118.43836285082057, 118.43836150767231, 118.43836150767231, 118.43836023762901, 118.43836023762901, 118.43836020762546, 118.43836020762546, 118.43836020762546, 118.43836020762546, 118.43836009127313, 118.43836009127313, 118.43836008936023, 118.43836008936023, 118.43836008696371, 118.43836008696371, 118.43836007951927, 118.43836007951927, 118.43836007846971, 118.43836007846971, 118.43836007846971, 118.43836007119694, 118.43836007087953, 118.43836007016273, 118.43836007016273, 118.43836007016273, 118.43836007016273, 118.43836006981599, 118.43836006981599, 118.43836006981599, 118.43836006958486, 118.43836006958486, 118.43836006958486, 118.43836006958486, 118.43836006958486, 118.43836006958486, 118.43836006958486, 118.43836006958486, 118.43836006957758, 118.43836006957758, 118.43836006957758, 118.43836006957758, 118.43836006957758, 118.43836006957758, 118.43836006957758, 118.43836006957702, 118.43836006957213, 118.4383600695711, 118.4383600695711, 118.4383600695711, 118.4383600695711, 118.43836006957076, 118.43836006957054, 118.43836006957054, 118.43836006957054, 118.43836006957054, 118.43836006957054, 118.43836006957031, 118.43836006957031, 118.43836006957031, 118.43836006957031, 118.43836006957031, 118.43836006957031, 118.43836006957031, 118.43836006957031, 118.43836006957031, 118.43836006957031, 118.43836006957031, 118.43836006957031, 118.43836006957031]","{""cognitive_weight"": 1.5, ""inertia_weight"": 0.7, ""max_iterations"": 140, ""social_weight"": 1.5, ""swarm_size"": 50}"
schwefel,Schwefel,70,1556,pso,PSO,2,"[-500.0, 500.0]","[420.968746, 420.968746]","[420.9687465458323, 420.968745705758]",2.5455132458773733e-05,6.20089695998476e-07,140,7050,"[72.41874091629302, 72.41874091629302, 72.41874091629302, 72.41874091629302, 72.41874091629302, 33.61102249393048, 33.61102249393048, 8.292777033843322, 7.1410994453657395, 7.1410994453657395, 3.20652333011094, 3.20652333011094, 3.20652333011094, 2.8357866545393335, 2.8357866545393335, 2.306616527142978, 1.2566577730401605, 0.15452126455193138, 0.15452126455193138, 0.15452126455193138, 0.15452126455193138, 0.15452126455193138, 0.006263298483304425, 0.006263298483304425, 0.006263298483304425, 0.006263298483304425, 0.005217350280418032, 0.0011029049114767986, 0.0011029049114767986, 0.0011029049114767986, 0.0011029049114767986, 0.0011029049114767986, 0.0011029049114767986, 0.00019234841829529614, 0.00019234841829529614, 0.00019234841829529614, 5.994470143377839e-05, 5.994470143377839e-05, 5.994470143377839e-05, 5.994470143377839e-05, 5.994470143377839e-05, 5.994470143377839e-05, 5.994470143377839e-05, 5.994470143377839e-05, 5.994470143377839e-05, 5.994470143377839e-05, 5.994470143377839e-05, 5.994470143377839e-05, 5.994470143377839e-05, 5.994470143377839e-05, 2.7132811851515726e-05, 2.7132811851515726e-05, 2.7132811851515726e-05, 2.7132811851515726e-05, 2.7132811851515726e-05, 2.7132811851515726e-05, 2.7132811851515726e-05, 2.5587040681784856e-05, 2.5587040681784856e-05, 2.5587040681784856e-05, 2.5587040681784856e-05, 2.5587040681784856e-05, 2.5587040681784856e-05, 2.5587040681784856e-05, 2.5587040681784856e-05, 2.5570678644726286e-05, 2.5570678644726286e-05, 2.5570678644726286e-05, 2.5489395397926273e-05, 2.5489395397926273e-05, 2.5489395397926273e-05, 2.5489395397926273e-05, 2.5489232257314143e-05, 2.5489232257314143e-05, 2.5486620529591164e-05, 2.5486620529591164e-05, 2.5486620529591164e-05, 2.5486620529591164e-05, 2.5486620529591164e-05, 2.54844651408348e-05, 2.54844651408348e-05, 2.546314613027789e-05, 2.546314613027789e-05, 2.546314613027789e-05, 2.546314613027789e-05, 2.5456678031332558e-05, 2.5456678031332558e-05, 2.5455178388256172e-05, 2.5455178388256172e-05, 2.5455139393670834e-05, 2.5455139393670834e-05, 2.5455139393670834e-05, 2.5455139393670834e-05, 2.5455132799834246e-05, 2.5455132799834246e-05, 2.5455132799834246e-05, 2.5455132799834246e-05, 2.5455132799834246e-05, 2.5455132799834246e-05, 2.5455132799834246e-05, 2.5455132799834246e-05, 2.5455132799834246e-05, 2.5455132799834246e-05, 2.5455132799834246e-05, 2.5455132799834246e-05, 2.545513257246057e-05, 2.545513257246057e-05, 2.545513257246057e-05, 2.545513257246057e-05, 2.545513257246057e-05, 2.545513257246057e-05, 2.545513257246057e-05, 2.545513257246057e-05, 2.545513257246057e-05, 2.545513257246057e-05, 2.545513257246057e-05, 2.545513257246057e-05, 2.545513257246057e-05, 2.545513257246057e-05, 2.545513257246057e-05, 2.545513257246057e-05, 2.545513257246057e-05, 2.545513257246057e-05, 2.545513257246057e-05, 2.545513257246057e-05, 2.5455132458773733e-05, 2.5455132458773733e-05, 2.5455132458773733e-05, 2.5455132458773733e-05, 2.5455132458773733e-05, 2.5455132458773733e-05, 2.5455132458773733e-05, 2.5455132458773733e-05, 2.5455132458773733e-05, 2.5455132458773733e-05, 2.5455132458773733e-05, 2.5455132458773733e-05, 2.5455132458773733e-05, 2.5455132458773733e-05, 2.5455132458773733e-05, 2.5455132458773733e-05]","{""cognitive_weight"": 1.5, ""inertia_weight"": 0.7, ""max_iterations"": 140, ""social_weight"": 1.5, ""swarm_size"": 50}"
schwefel,Schwefel,71,1557,pso,PSO,2,"[-500.0, 500.0]","[420.968746, 420.968746]","[420.9687465783647, 420.9687468620342]",2.5455132458773733e-05,1.0380793126529084e-06,140,7050,"[309.9041333253091, 249.07920713006752, 141.518859601975, 141.518859601975, 141.518859601975, 108.47665870165031, 10.948167790932075, 10.948167790932075, 10.948167790932075, 10.948167790932075, 10.948167790932075, 0.6243833835731039, 0.6243833835731039, 0.6243833835731039, 0.6243833835731039, 0.3075916152049558, 0.2875148172927311, 0.2875148172927311, 0.2875148172927311, 0.22092971705728814, 0.22092971705728814, 0.22092971705728814, 0.1420214430836495, 0.1420214430836495, 0.1420214430836495, 0.05664083015494725, 0.012572805400850484, 0.012572805400850484, 0.012572805400850484, 0.012572805400850484, 0.012572805400850484, 0.0009060441917654316, 0.0009060441917654316, 0.0009060441917654316, 0.0009060441917654316, 0.0009060441917654316, 0.0009060441917654316, 0.0009060441917654316, 0.0005435091084109445, 0.0005435091084109445, 0.00027324454777044593, 0.00027324454777044593, 0.0002649096946925056, 0.0002649096946925056, 0.0002649096946925056, 4.058926151628839e-05, 4.058926151628839e-05, 4.058926151628839e-05, 4.058926151628839e-05, 3.0288514153653523e-05, 3.0288514153653523e-05, 3.0288514153653523e-05, 3.0288514153653523e-05, 3.0288514153653523e-05, 2.9366170792854973e-05, 2.745445419805037e-05, 2.6648789685168595e-05, 2.6648789685168595e-05, 2.6648789685168595e-05, 2.6648789685168595e-05, 2.6648789685168595e-05, 2.6648789685168595e-05, 2.6648789685168595e-05, 2.6648789685168595e-05, 2.5768874479581427e-05, 2.5768874479581427e-05, 2.5768874479581427e-05, 2.5768874479581427e-05, 2.5768874479581427e-05, 2.5768874479581427e-05, 2.5768874479581427e-05, 2.5768874479581427e-05, 2.5768874479581427e-05, 2.5604106440368923e-05, 2.5604106440368923e-05, 2.5604106440368923e-05, 2.5604106440368923e-05, 2.5576492816981045e-05, 2.5455525019424385e-05, 2.5455525019424385e-05, 2.5455525019424385e-05, 2.5455525019424385e-05, 2.5455525019424385e-05, 2.5455525019424385e-05, 2.5455525019424385e-05, 2.5455525019424385e-05, 2.5455525019424385e-05, 2.5455525019424385e-05, 2.5455525019424385e-05, 2.5455525019424385e-05, 2.5455525019424385e-05, 2.5455525019424385e-05, 2.5455525019424385e-05, 2.545544998611149e-05, 2.545544998611149e-05, 2.545544998611149e-05, 2.545544998611149e-05, 2.545544998611149e-05, 2.545536358411482e-05, 2.5455209652136546e-05, 2.545517645557993e-05, 2.545517645557993e-05, 2.545517645557993e-05, 2.545517645557993e-05, 2.545514553276007e-05, 2.545513450513681e-05, 2.545513450513681e-05, 2.545513450513681e-05, 2.545513302720792e-05, 2.545513302720792e-05, 2.5455132686147408e-05, 2.5455132686147408e-05, 2.5455132686147408e-05, 2.545513257246057e-05, 2.545513257246057e-05, 2.545513257246057e-05, 2.545513257246057e-05, 2.545513257246057e-05, 2.545513257246057e-05, 2.545513257246057e-05, 2.545513257246057e-05, 2.545513257246057e-05, 2.545513257246057e-05, 2.545513257246057e-05, 2.545513257246057e-05, 2.545513257246057e-05, 2.545513257246057e-05, 2.5455132458773733e-05, 2.5455132458773733e-05, 2.5455132458773733e-05, 2.5455132458773733e-05, 2.5455132458773733e-05, 2.5455132458773733e-05, 2.5455132458773733e-05, 2.5455132458773733e-05, 2.5455132458773733e-05, 2.5455132458773733e-05, 2.5455132458773733e-05, 2.5455132458773733e-05, 2.5455132458773733e-05, 2.5455132458773733e-05]","{""cognitive_weight"": 1.5, ""inertia_weight"": 0.7, ""max_iterations"": 140, ""social_weight"": 1.5, ""swarm_size"": 50}"
schwefel,Schwefel,72,1558,pso,PSO,2,"[-500.0, 500.0]","[420.968746, 420.968746]","[420.9687466802036, 420.968746142571]",2.5455132458773733e-05,6.94984458010712e-07,140,7050,"[402.9643783266644, 402.9643783266644, 365.00172348167087, 150.33504322892827, 150.33504322892827, 150.33504322892827, 150.33504322892827, 0.7805002955317377, 0.7805002955317377, 0.7805002955317377, 0.7805002955317377, 0.12558616421347324, 0.12558616421347324, 0.12558616421347324, 0.12558616421347324, 0.12558616421347324, 0.12558616421347324, 0.12558616421347324, 0.12558616421347324, 0.11598790439609274, 0.11530916370293198, 0.11530916370293198, 0.008774744455763539, 0.008774744455763539, 0.008774744455763539, 0.008774744455763539, 0.006872274560691949, 0.006872274560691949, 0.001648798272071872, 0.001648798272071872, 0.001648798272071872, 0.001463819529135435, 0.0010472997362285241, 0.00042632018835320196, 0.00028658272981374466, 0.00028658272981374466, 0.00028658272981374466, 0.00028658272981374466, 0.00028658272981374466, 9.12435215241203e-05, 9.12435215241203e-05, 4.289024900572258e-05, 4.289024900572258e-05, 4.289024900572258e-05, 4.289024900572258e-05, 4.289024900572258e-05, 4.289024900572258e-05, 4.157545095040405e-05, 4.157545095040405e-05, 4.157545095040405e-05, 4.1335483047078014e-05, 4.1335483047078014e-05, 4.1335483047078014e-05, 4.1335483047078014e-05, 2.9249147473819903e-05, 2.9249147473819903e-05, 2.821778002726205e-05, 2.821778002726205e-05, 2.821778002726205e-05, 2.821778002726205e-05, 2.821778002726205e-05, 2.821778002726205e-05, 2.7412890403866186e-05, 2.7412890403866186e-05, 2.6272949298800086e-05, 2.6272949298800086e-05, 2.6272949298800086e-05, 2.6024520479950297e-05, 2.546945438552939e-05, 2.546945438552939e-05, 2.546945438552939e-05, 2.546945438552939e-05, 2.546945438552939e-05, 2.546945438552939e-05, 2.5467510454291187e-05, 2.5467510454291187e-05, 2.54582248544466e-05, 2.545608458603965e-05, 2.545608458603965e-05, 2.545608458603965e-05, 2.5455658146711357e-05, 2.5455658146711357e-05, 2.5455658146711357e-05, 2.5455658146711357e-05, 2.5455263539697626e-05, 2.5455263539697626e-05, 2.5455263539697626e-05, 2.5455263539697626e-05, 2.5455263539697626e-05, 2.5455263539697626e-05, 2.5455263539697626e-05, 2.5455263539697626e-05, 2.5455263539697626e-05, 2.5455263539697626e-05, 2.5455263539697626e-05, 2.5455173272348475e-05, 2.5455173272348475e-05, 2.5455173272348475e-05, 2.5455173272348475e-05, 2.5455173272348475e-05, 2.5455173272348475e-05, 2.5455173272348475e-05, 2.5455148943365202e-05, 2.5455148943365202e-05, 2.5455138938923483e-05, 2.5455138938923483e-05, 2.5455138938923483e-05, 2.5455135869378864e-05, 2.5455135869378864e-05, 2.5455134391449974e-05, 2.5455134391449974e-05, 2.5455134391449974e-05, 2.5455134391449974e-05, 2.5455134391449974e-05, 2.5455133254581597e-05, 2.5455133254581597e-05, 2.5455133254581597e-05, 2.5455133254581597e-05, 2.5455132799834246e-05, 2.5455132799834246e-05, 2.5455132799834246e-05, 2.5455132799834246e-05, 2.5455132799834246e-05, 2.545513257246057e-05, 2.545513257246057e-05, 2.545513257246057e-05, 2.545513257246057e-05, 2.545513257246057e-05, 2.545513257246057e-05, 2.545513257246057e-05, 2.5455132458773733e-05, 2.5455132458773733e-05, 2.5455132458773733e-05, 2.5455132458773733e-05, 2.5455132458773733e-05, 2.5455132458773733e-05, 2.5455132458773733e-05, 2.5455132458773733e-05, 2.5455132458773733e-05, 2.5455132458773733e-05, 2.5455132458773733e-05]","{""cognitive_weight"": 1.5, ""inertia_weight"": 0.7, ""max_iterations"": 140, ""social_weight"": 1.5, ""swarm_size"": 50}"
schwefel,Schwefel,73,1559,pso,PSO,2,"[-500.0, 500.0]","[420.968746, 420.968746]","[420.9687454018443, 420.968746411723]",2.5455132458773733e-05,7.261584434944956e-07,140,7050,"[104.87375699264385, 104.87375699264385, 42.24268533297732, 42.24268533297732, 42.24268533297732, 35.64041719992815, 15.316516958787815, 15.316516958787815, 8.16714346568233, 0.9467977540698485, 0.9467977540698485, 0.9467977540698485, 0.9467977540698485, 0.09280608051813033, 0.09280608051813033, 0.09280608051813033, 0.09280608051813033, 0.09280608051813033, 0.09280608051813033, 0.09280608051813033, 0.017080881740639597, 0.017080881740639597, 0.017080881740639597, 0.017080881740639597, 0.017080881740639597, 0.01531563023797844, 0.002582336670229779, 0.002582336670229779, 0.002582336670229779, 0.002582336670229779, 0.002582336670229779, 0.002582336670229779, 0.002582336670229779, 0.002582336670229779, 0.002582336670229779, 0.002582336670229779, 0.0011976140192473395, 0.000938380502475411, 0.000938380502475411, 0.00024427653022485174, 0.00024427653022485174, 0.00024427653022485174, 0.00024427653022485174, 0.00024427653022485174, 0.00024427653022485174, 0.00024427653022485174, 0.00024427653022485174, 0.00024427653022485174, 0.0001866821560270182, 7.894571876931877e-05, 7.894571876931877e-05, 6.68969942125841e-05, 6.68969942125841e-05, 6.68969942125841e-05, 6.68969942125841e-05, 6.68969942125841e-05, 6.211590289240121e-05, 4.750904815864487e-05, 3.0864398013363825e-05, 3.0864398013363825e-05, 2.7713818781194277e-05, 2.7713818781194277e-05, 2.7713818781194277e-05, 2.5834843199845636e-05, 2.5834843199845636e-05, 2.5834843199845636e-05, 2.5834843199845636e-05, 2.5834843199845636e-05, 2.5834843199845636e-05, 2.5834843199845636e-05, 2.5834843199845636e-05, 2.5547738005116116e-05, 2.5547738005116116e-05, 2.5547738005116116e-05, 2.5547738005116116e-05, 2.5547738005116116e-05, 2.5547738005116116e-05, 2.5547738005116116e-05, 2.5479534315309138e-05, 2.54630867857486e-05, 2.54630867857486e-05, 2.54630867857486e-05, 2.54630867857486e-05, 2.54630867857486e-05, 2.54630867857486e-05, 2.545676079535042e-05, 2.545676079535042e-05, 2.5455315949329815e-05, 2.5455315949329815e-05, 2.5455315949329815e-05, 2.5455315949329815e-05, 2.5455315949329815e-05, 2.5455315949329815e-05, 2.5455315949329815e-05, 2.5455315949329815e-05, 2.5455315949329815e-05, 2.545528582231782e-05, 2.545528582231782e-05, 2.545528582231782e-05, 2.545527377151302e-05, 2.545527377151302e-05, 2.5455220566072967e-05, 2.5455220566072967e-05, 2.5455165769017185e-05, 2.5455165769017185e-05, 2.5455165769017185e-05, 2.5455165769017185e-05, 2.5455165769017185e-05, 2.5455147806496825e-05, 2.5455147806496825e-05, 2.545513564200519e-05, 2.545513564200519e-05, 2.545513564200519e-05, 2.545513564200519e-05, 2.545513564200519e-05, 2.545513564200519e-05, 2.545513359564211e-05, 2.545513359564211e-05, 2.545513359564211e-05, 2.545513359564211e-05, 2.5455132799834246e-05, 2.5455132799834246e-05, 2.5455132799834246e-05, 2.5455132686147408e-05, 2.545513257246057e-05, 2.545513257246057e-05, 2.545513257246057e-05, 2.545513257246057e-05, 2.545513257246057e-05, 2.545513257246057e-05, 2.545513257246057e-05, 2.545513257246057e-05, 2.5455132458773733e-05, 2.5455132458773733e-05, 2.5455132458773733e-05, 2.5455132458773733e-05, 2.5455132458773733e-05, 2.5455132458773733e-05, 2.5455132458773733e-05, 2.5455132458773733e-05, 2.5455132458773733e-05]","{""cognitive_weight"": 1.5, ""inertia_weight"": 0.7, ""max_iterations"": 140, ""social_weight"": 1.5, ""swarm_size"": 50}"
schwefel,Schwefel,74,1560,pso,PSO,2,"[-500.0, 500.0]","[420.968746, 420.968746]","[420.9687470207244, 420.9687463728951]",2.5455132458773733e-05,1.0867055692422265e-06,140,7050,"[11.571892683285114, 11.571892683285114, 11.571892683285114, 11.571892683285114, 11.571892683285114, 11.571892683285114, 0.9222772593516311, 0.9222772593516311, 0.9222772593516311, 0.9222772593516311, 0.9222772593516311, 0.9222772593516311, 0.5976152626856219, 0.5976152626856219, 0.5976152626856219, 0.5976152626856219, 0.5976152626856219, 0.5976152626856219, 0.5976152626856219, 0.4545963184307311, 0.4545963184307311, 0.27446264993773184, 0.14124997428405095, 0.09737742034030816, 0.09737742034030816, 0.09737742034030816, 0.09737742034030816, 0.04816471554056534, 0.04816471554056534, 0.04816471554056534, 0.00025250934731957386, 0.00025250934731957386, 0.00025250934731957386, 0.00025250934731957386, 0.00025250934731957386, 0.00025250934731957386, 0.00025250934731957386, 0.00025250934731957386, 0.00025250934731957386, 0.00025250934731957386, 0.00025250934731957386, 0.00025250934731957386, 0.00025250934731957386, 0.00025250934731957386, 0.00025250934731957386, 0.00018128435090147832, 0.00018128435090147832, 0.00018128435090147832, 6.115421115282516e-05, 6.115421115282516e-05, 6.115421115282516e-05, 6.115421115282516e-05, 6.115421115282516e-05, 3.701679474943376e-05, 3.674980644063908e-05, 3.674980644063908e-05, 3.0176611744536785e-05, 2.5637109274612158e-05, 2.5637109274612158e-05, 2.5637109274612158e-05, 2.5637109274612158e-05, 2.5637109274612158e-05, 2.5637109274612158e-05, 2.5637109274612158e-05, 2.5637109274612158e-05, 2.5637109274612158e-05, 2.5494876012999157e-05, 2.5494876012999157e-05, 2.5494876012999157e-05, 2.5494876012999157e-05, 2.5494876012999157e-05, 2.5494876012999157e-05, 2.5494876012999157e-05, 2.5465961243753554e-05, 2.5465961243753554e-05, 2.545539712173195e-05, 2.5455234663240844e-05, 2.5455234663240844e-05, 2.5455234663240844e-05, 2.5455234663240844e-05, 2.5455234663240844e-05, 2.5455234663240844e-05, 2.5455234663240844e-05, 2.5455234663240844e-05, 2.5455234663240844e-05, 2.5455234663240844e-05, 2.545513802942878e-05, 2.545513802942878e-05, 2.545513802942878e-05, 2.545513802942878e-05, 2.545513802942878e-05, 2.545513802942878e-05, 2.545513802942878e-05, 2.545513802942878e-05, 2.5455133481955272e-05, 2.5455133481955272e-05, 2.5455133481955272e-05, 2.5455133481955272e-05, 2.5455133481955272e-05, 2.5455133481955272e-05, 2.5455133481955272e-05, 2.5455133481955272e-05, 2.5455133481955272e-05, 2.5455133481955272e-05, 2.5455133481955272e-05, 2.5455133481955272e-05, 2.5455133481955272e-05, 2.5455133481955272e-05, 2.5455133481955272e-05, 2.5455133481955272e-05, 2.5455133481955272e-05, 2.5455133481955272e-05, 2.5455133481955272e-05, 2.5455133481955272e-05, 2.5455132799834246e-05, 2.5455132799834246e-05, 2.5455132799834246e-05, 2.5455132799834246e-05, 2.5455132799834246e-05, 2.545513257246057e-05, 2.545513257246057e-05, 2.545513257246057e-05, 2.545513257246057e-05, 2.545513257246057e-05, 2.545513257246057e-05, 2.545513257246057e-05, 2.545513257246057e-05, 2.545513257246057e-05, 2.545513257246057e-05, 2.545513257246057e-05, 2.5455132458773733e-05, 2.5455132458773733e-05, 2.5455132458773733e-05, 2.5455132458773733e-05, 2.5455132458773733e-05, 2.5455132458773733e-05, 2.5455132458773733e-05, 2.5455132458773733e-05, 2.5455132458773733e-05, 2.5455132458773733e-05, 2.5455132458773733e-05]","{""cognitive_weight"": 1.5, ""inertia_weight"": 0.7, ""max_iterations"": 140, ""social_weight"": 1.5, ""swarm_size"": 50}"
schwefel,Schwefel,75,1561,pso,PSO,2,"[-500.0, 500.0]","[420.968746, 420.968746]","[420.9687463156608, 420.96874686373684]",2.5455132458773733e-05,9.19610261366163e-07,140,7050,"[42.29863622350763, 42.29863622350763, 42.29863622350763, 42.29863622350763, 42.29863622350763, 42.29863622350763, 20.05583898073246, 20.05583898073246, 8.11566903173889, 4.239591559441578, 4.239591559441578, 3.4537435417314555, 3.4537435417314555, 1.0240087262014868, 1.0240087262014868, 0.858158605311246, 0.26824313608585726, 0.17779974156758271, 0.17779974156758271, 0.17779974156758271, 0.17779974156758271, 0.052334308546051034, 0.007891652134730975, 0.0007431501323935663, 0.0007431501323935663, 0.00013972160411412915, 0.00013972160411412915, 0.00013972160411412915, 0.00013972160411412915, 0.00013972160411412915, 0.00013972160411412915, 0.00013972160411412915, 0.00013972160411412915, 0.00013972160411412915, 0.00013972160411412915, 0.00013972160411412915, 0.00013972160411412915, 0.00013972160411412915, 0.00013972160411412915, 0.00013972160411412915, 0.00013972160411412915, 0.00013972160411412915, 0.00013972160411412915, 0.00013972160411412915, 0.00013972160411412915, 0.00013972160411412915, 0.00013972160411412915, 0.00013972160411412915, 6.130234874035523e-05, 6.130234874035523e-05, 6.130234874035523e-05, 6.130234874035523e-05, 6.130234874035523e-05, 6.130234874035523e-05, 6.130234874035523e-05, 6.130234874035523e-05, 3.259140692080109e-05, 3.2521323532819224e-05, 2.7311295752951992e-05, 2.6012636453742743e-05, 2.6012636453742743e-05, 2.6012636453742743e-05, 2.6012636453742743e-05, 2.6012636453742743e-05, 2.6012636453742743e-05, 2.553509420977207e-05, 2.553509420977207e-05, 2.553509420977207e-05, 2.553509420977207e-05, 2.5471959816059098e-05, 2.5471959816059098e-05, 2.5471959816059098e-05, 2.5471959816059098e-05, 2.5471959816059098e-05, 2.5471959816059098e-05, 2.5467713044236007e-05, 2.546691302995896e-05, 2.546691302995896e-05, 2.5466620968472853e-05, 2.5455353352299426e-05, 2.5455353352299426e-05, 2.5455353352299426e-05, 2.5455353352299426e-05, 2.5455353352299426e-05, 2.5455353352299426e-05, 2.5455353352299426e-05, 2.545525626374001e-05, 2.545525626374001e-05, 2.545525626374001e-05, 2.545525626374001e-05, 2.545516554164351e-05, 2.545516554164351e-05, 2.545516554164351e-05, 2.545516554164351e-05, 2.5455134277763136e-05, 2.5455134277763136e-05, 2.5455134277763136e-05, 2.5455134277763136e-05, 2.5455134277763136e-05, 2.5455134277763136e-05, 2.54551341640763e-05, 2.54551341640763e-05, 2.54551341640763e-05, 2.5455133254581597e-05, 2.5455133254581597e-05, 2.5455132799834246e-05, 2.5455132799834246e-05, 2.5455132686147408e-05, 2.5455132686147408e-05, 2.5455132686147408e-05, 2.5455132686147408e-05, 2.5455132686147408e-05, 2.545513257246057e-05, 2.545513257246057e-05, 2.545513257246057e-05, 2.545513257246057e-05, 2.545513257246057e-05, 2.545513257246057e-05, 2.545513257246057e-05, 2.545513257246057e-05, 2.545513257246057e-05, 2.545513257246057e-05, 2.545513257246057e-05, 2.545513257246057e-05, 2.545513257246057e-05, 2.545513257246057e-05, 2.545513257246057e-05, 2.545513257246057e-05, 2.545513257246057e-05, 2.545513257246057e-05, 2.545513257246057e-05, 2.545513257246057e-05, 2.545513257246057e-05, 2.545513257246057e-05, 2.545513257246057e-05, 2.545513257246057e-05, 2.545513257246057e-05, 2.5455132458773733e-05, 2.5455132458773733e-05, 2.5455132458773733e-05, 2.5455132458773733e-05]","{""cognitive_weight"": 1.5, ""inertia_weight"": 0.7, ""max_iterations"": 140, ""social_weight"": 1.5, ""swarm_size"": 50}"
schwefel,Schwefel,76,1562,pso,PSO,2,"[-500.0, 500.0]","[420.968746, 420.968746]","[420.96874662814673, 420.96874581156845]",2.5455132458773733e-05,6.558008509573825e-07,140,7050,"[292.23203794455253, 244.4613528836221, 244.4613528836221, 27.841541293720184, 6.539222075022508, 6.539222075022508, 5.776029229426058, 5.776029229426058, 2.40916329950187, 2.40916329950187, 2.40916329950187, 1.1144177043483978, 0.08822617694409018, 0.08822617694409018, 0.08822617694409018, 0.08822617694409018, 0.08822617694409018, 0.08822617694409018, 0.08822617694409018, 0.08822617694409018, 0.04257998706043509, 0.04257998706043509, 0.04257998706043509, 0.03019088702433237, 0.024936333030609603, 0.024936333030609603, 0.024936333030609603, 0.024936333030609603, 0.024936333030609603, 0.00528494545585545, 0.00528494545585545, 0.00528494545585545, 0.0020846917191192915, 0.0020846917191192915, 0.0020846917191192915, 0.0017862319565438156, 0.0011990325125452728, 0.0011990325125452728, 0.0011990325125452728, 0.0011990325125452728, 0.00036587944316579524, 0.00036587944316579524, 0.00027492294157127617, 0.00027492294157127617, 0.00027492294157127617, 0.0002614709637782653, 4.294937059512449e-05, 4.294937059512449e-05, 3.130855702693225e-05, 3.130855702693225e-05, 2.85146398937286e-05, 2.85146398937286e-05, 2.85146398937286e-05, 2.85146398937286e-05, 2.85146398937286e-05, 2.85146398937286e-05, 2.85146398937286e-05, 2.85146398937286e-05, 2.85146398937286e-05, 2.85146398937286e-05, 2.619659414904163e-05, 2.619659414904163e-05, 2.619659414904163e-05, 2.608967565720377e-05, 2.6047714527521748e-05, 2.5629991341702407e-05, 2.5629991341702407e-05, 2.557566631367081e-05, 2.557566631367081e-05, 2.552031094182894e-05, 2.552031094182894e-05, 2.552031094182894e-05, 2.552031094182894e-05, 2.5457507149440062e-05, 2.5457507149440062e-05, 2.5457507149440062e-05, 2.5457507149440062e-05, 2.5457507149440062e-05, 2.5457507149440062e-05, 2.5457507149440062e-05, 2.545515860674641e-05, 2.545515860674641e-05, 2.545515860674641e-05, 2.545515860674641e-05, 2.545515860674641e-05, 2.545515860674641e-05, 2.545515860674641e-05, 2.545515860674641e-05, 2.545515860674641e-05, 2.545515860674641e-05, 2.545515860674641e-05, 2.545515860674641e-05, 2.545515860674641e-05, 2.545515860674641e-05, 2.545515860674641e-05, 2.545515860674641e-05, 2.545515860674641e-05, 2.545515860674641e-05, 2.545515860674641e-05, 2.545515860674641e-05, 2.545515860674641e-05, 2.545515860674641e-05, 2.545515860674641e-05, 2.545515508245444e-05, 2.545515508245444e-05, 2.545515508245444e-05, 2.5455147465436312e-05, 2.5455147465436312e-05, 2.5455147465436312e-05, 2.545514462326537e-05, 2.5455138484176132e-05, 2.5455138484176132e-05, 2.5455137915741943e-05, 2.5455132799834246e-05, 2.5455132799834246e-05, 2.5455132799834246e-05, 2.5455132799834246e-05, 2.5455132799834246e-05, 2.5455132799834246e-05, 2.5455132799834246e-05, 2.5455132799834246e-05, 2.5455132799834246e-05, 2.5455132799834246e-05, 2.5455132686147408e-05, 2.5455132686147408e-05, 2.545513257246057e-05, 2.545513257246057e-05, 2.545513257246057e-05, 2.545513257246057e-05, 2.5455132458773733e-05, 2.5455132458773733e-05, 2.5455132458773733e-05, 2.5455132458773733e-05, 2.5455132458773733e-05, 2.5455132458773733e-05, 2.5455132458773733e-05, 2.5455132458773733e-05, 2.5455132458773733e-05, 2.5455132458773733e-05, 2.5455132458773733e-05, 2.5455132458773733e-05]","{""cognitive_weight"": 1.5, ""inertia_weight"": 0.7, ""max_iterations"": 140, ""social_weight"": 1.5, ""swarm_size"": 50}"
schwefel,Schwefel,77,1563,pso,PSO,2,"[-500.0, 500.0]","[420.968746, 420.968746]","[420.96874743174243, 420.9687466189262]",2.545513257246057e-05,1.5597935776717926e-06,140,7050,"[333.7395688251658, 333.7395688251658, 154.78996625982347, 154.78996625982347, 154.78996625982347, 154.78996625982347, 71.9069006731429, 31.152611961766297, 16.605536768552497, 7.376413615169213, 7.376413615169213, 7.376413615169213, 7.376413615169213, 4.694636044061099, 4.694636044061099, 1.0432350857165602, 1.0432350857165602, 0.08954920474775463, 0.014977132273315874, 0.014977132273315874, 0.014977132273315874, 0.014977132273315874, 0.014977132273315874, 0.014977132273315874, 0.014977132273315874, 0.014977132273315874, 0.014977132273315874, 0.014977132273315874, 0.014977132273315874, 0.00022622073288403044, 0.00022622073288403044, 0.00022622073288403044, 0.00022622073288403044, 0.00022622073288403044, 0.00022622073288403044, 0.00022622073288403044, 0.00022622073288403044, 0.00022622073288403044, 0.00022622073288403044, 0.00022622073288403044, 0.00022622073288403044, 0.00022622073288403044, 0.00022622073288403044, 0.00010515212773043459, 3.6794646348425886e-05, 3.6794646348425886e-05, 3.6794646348425886e-05, 3.6794646348425886e-05, 3.6794646348425886e-05, 3.6794646348425886e-05, 2.844660434675461e-05, 2.844660434675461e-05, 2.844660434675461e-05, 2.844660434675461e-05, 2.844660434675461e-05, 2.844660434675461e-05, 2.844660434675461e-05, 2.844660434675461e-05, 2.844660434675461e-05, 2.844660434675461e-05, 2.844660434675461e-05, 2.844660434675461e-05, 2.844660434675461e-05, 2.844660434675461e-05, 2.844660434675461e-05, 2.844660434675461e-05, 2.5695261115288304e-05, 2.5695261115288304e-05, 2.5695261115288304e-05, 2.5695261115288304e-05, 2.5695261115288304e-05, 2.5695261115288304e-05, 2.5626979891058e-05, 2.5626979891058e-05, 2.5626962042224477e-05, 2.5479459281996242e-05, 2.5479459281996242e-05, 2.5479459281996242e-05, 2.5479459281996242e-05, 2.5479459281996242e-05, 2.5479459281996242e-05, 2.5467803425271995e-05, 2.5465733074270247e-05, 2.545564507272502e-05, 2.545564507272502e-05, 2.545564507272502e-05, 2.545564507272502e-05, 2.545564507272502e-05, 2.545564507272502e-05, 2.545549079968623e-05, 2.545549079968623e-05, 2.545549079968623e-05, 2.545549079968623e-05, 2.545541008203145e-05, 2.5455269678786863e-05, 2.5455159175180597e-05, 2.5455159175180597e-05, 2.5455146669628448e-05, 2.5455146669628448e-05, 2.5455145305386395e-05, 2.545514053053921e-05, 2.545514053053921e-05, 2.545514007579186e-05, 2.545513700624724e-05, 2.545513552831835e-05, 2.5455134846197325e-05, 2.5455134391449974e-05, 2.5455134391449974e-05, 2.5455133936702623e-05, 2.5455133936702623e-05, 2.5455133709328948e-05, 2.5455133709328948e-05, 2.5455133709328948e-05, 2.5455133481955272e-05, 2.5455133254581597e-05, 2.5455133254581597e-05, 2.5455133254581597e-05, 2.545513257246057e-05, 2.545513257246057e-05, 2.545513257246057e-05, 2.545513257246057e-05, 2.545513257246057e-05, 2.545513257246057e-05, 2.545513257246057e-05, 2.545513257246057e-05, 2.545513257246057e-05, 2.545513257246057e-05, 2.545513257246057e-05, 2.545513257246057e-05, 2.545513257246057e-05, 2.545513257246057e-05, 2.545513257246057e-05, 2.545513257246057e-05, 2.545513257246057e-05, 2.545513257246057e-05, 2.545513257246057e-05, 2.545513257246057e-05, 2.545513257246057e-05, 2.545513257246057e-05, 2.545513257246057e-05, 2.545513257246057e-05]","{""cognitive_weight"": 1.5, ""inertia_weight"": 0.7, ""max_iterations"": 140, ""social_weight"": 1.5, ""swarm_size"": 50}"
schwefel,Schwefel,78,1564,pso,PSO,2,"[-500.0, 500.0]","[420.968746, 420.968746]","[-302.524935796197, 420.968745985895]",118.43836006957031,723.493681796197,140,7050,"[306.08042912576207, 306.08042912576207, 197.90755545026764, 197.90755545026764, 197.90755545026764, 129.88583767095292, 129.88583767095292, 129.88583767095292, 129.88583767095292, 129.88583767095292, 129.88583767095292, 129.01592253672482, 121.81129106716298, 121.81129106716298, 121.81129106716298, 120.15981226780832, 120.15981226780832, 120.15981226780832, 120.15981226780832, 119.79696159544619, 118.54131719004613, 118.54131719004613, 118.54131719004613, 118.44173435218272, 118.44173435218272, 118.44173435218272, 118.44173435218272, 118.44173435218272, 118.44173435218272, 118.44044302576253, 118.44044302576253, 118.44044302576253, 118.43840420211518, 118.43840420211518, 118.43840420211518, 118.43840420211518, 118.43840420211518, 118.43840420211518, 118.43840420211518, 118.43840420211518, 118.43840420211518, 118.43840420211518, 118.43840420211518, 118.43837162679642, 118.43837162679642, 118.43837162679642, 118.43837162679642, 118.43837162679642, 118.43837162679642, 118.43837162679642, 118.43837162679642, 118.43837162679642, 118.43837162679642, 118.43837162679642, 118.43837162679642, 118.43837162679642, 118.43837162679642, 118.43837162679642, 118.43837162679642, 118.43837162679642, 118.43837162679642, 118.43837162679642, 118.43837162679642, 118.43837162679642, 118.43837162679642, 118.43837162679642, 118.43837162679642, 118.43837162679642, 118.43837162679642, 118.43837162679642, 118.43837034569503, 118.43837034569503, 118.43836285082057, 118.43836150767231, 118.43836150767231, 118.43836023762901, 118.43836023762901, 118.43836020762546, 118.43836020762546, 118.43836020762546, 118.43836020762546, 118.43836009127313, 118.43836009127313, 118.43836008936023, 118.43836008936023, 118.43836008696371, 118.43836008696371, 118.43836007951927, 118.43836007951927, 118.43836007846971, 118.43836007846971, 118.43836007846971, 118.43836007119694, 118.43836007087953, 118.43836007016273, 118.43836007016273, 118.43836007016273, 118.43836007016273, 118.43836006981599, 118.43836006981599, 118.43836006981599, 118.43836006958486, 118.43836006958486, 118.43836006958486, 118.43836006958486, 118.43836006958486, 118.43836006958486, 118.43836006958486, 118.43836006958486, 118.43836006957758, 118.43836006957758, 118.43836006957758, 118.43836006957758, 118.43836006957758, 118.43836006957758, 118.43836006957758, 118.43836006957702, 118.43836006957213, 118.4383600695711, 118.4383600695711, 118.4383600695711, 118.4383600695711, 118.43836006957076, 118.43836006957054, 118.43836006957054, 118.43836006957054, 118.43836006957054, 118.43836006957054, 118.43836006957031, 118.43836006957031, 118.43836006957031, 118.43836006957031, 118.43836006957031, 118.43836006957031, 118.43836006957031, 118.43836006957031, 118.43836006957031, 118.43836006957031, 118.43836006957031, 118.43836006957031, 118.43836006957031]","{""cognitive_weight"": 1.5, ""inertia_weight"": 0.7, ""max_iterations"": 140, ""social_weight"": 1.5, ""swarm_size"": 50}"
schwefel,Schwefel,79,1565,pso,PSO,2,"[-500.0, 500.0]","[420.968746, 420.968746]","[420.9687465358937, 420.9687462572725]",2.5455132345086895e-05,5.944503051978737e-07,140,7050,"[321.96657213293634, 220.695395549159, 220.695395549159, 220.695395549159, 220.695395549159, 53.685773212710615, 2.9936615153571893, 2.9936615153571893, 2.9936615153571893, 2.9936615153571893, 2.9936615153571893, 2.9936615153571893, 2.4952716395135894, 0.07915198436387527, 0.07260746292797648, 0.050790271614459925, 0.050790271614459925, 0.050790271614459925, 0.050790271614459925, 0.050790271614459925, 0.050790271614459925, 0.04664044883190854, 0.04664044883190854, 0.04664044883190854, 0.04526142356553464, 0.030628007192717632, 0.030628007192717632, 0.011876826706497923, 0.011876826706497923, 0.001666691276000165, 0.001666691276000165, 0.001666691276000165, 0.001666691276000165, 0.001666691276000165, 0.0008291679819194542, 0.0008291679819194542, 0.0007229971732840568, 0.0007229971732840568, 0.0007229971732840568, 0.0006983879288782191, 0.0006983879288782191, 0.00011227989352846635, 0.00011227989352846635, 0.00011227989352846635, 0.00011227989352846635, 0.00011227989352846635, 8.59078963912907e-05, 8.374273647859809e-05, 8.374273647859809e-05, 8.374273647859809e-05, 8.374273647859809e-05, 4.3520154349607765e-05, 4.3520154349607765e-05, 4.3520154349607765e-05, 2.666277384832938e-05, 2.666277384832938e-05, 2.666277384832938e-05, 2.666277384832938e-05, 2.666277384832938e-05, 2.666277384832938e-05, 2.666277384832938e-05, 2.666277384832938e-05, 2.666277384832938e-05, 2.666277384832938e-05, 2.666277384832938e-05, 2.5702864149934612e-05, 2.5702864149934612e-05, 2.5681978627289936e-05, 2.5681978627289936e-05, 2.5637261614974705e-05, 2.548947793457046e-05, 2.548947793457046e-05, 2.548947793457046e-05, 2.548947793457046e-05, 2.5462168878220837e-05, 2.5462168878220837e-05, 2.5462168878220837e-05, 2.5462168878220837e-05, 2.5462168878220837e-05, 2.5462168878220837e-05, 2.5462168878220837e-05, 2.546060386521276e-05, 2.546060386521276e-05, 2.5455351533310022e-05, 2.5455351533310022e-05, 2.54552059004709e-05, 2.54552059004709e-05, 2.54552059004709e-05, 2.54552059004709e-05, 2.545513257246057e-05, 2.545513257246057e-05, 2.545513257246057e-05, 2.545513257246057e-05, 2.545513257246057e-05, 2.545513257246057e-05, 2.545513257246057e-05, 2.545513257246057e-05, 2.545513257246057e-05, 2.545513257246057e-05, 2.545513257246057e-05, 2.545513257246057e-05, 2.545513257246057e-05, 2.545513257246057e-05, 2.545513257246057e-05, 2.545513257246057e-05, 2.545513257246057e-05, 2.545513257246057e-05, 2.545513257246057e-05, 2.545513257246057e-05, 2.545513257246057e-05, 2.545513257246057e-05, 2.545513257246057e-05, 2.545513257246057e-05, 2.545513257246057e-05, 2.545513257246057e-05, 2.545513257246057e-05, 2.545513257246057e-05, 2.545513257246057e-05, 2.545513257246057e-05, 2.545513257246057e-05, 2.545513257246057e-05, 2.545513257246057e-05, 2.545513257246057e-05, 2.5455132458773733e-05, 2.5455132458773733e-05, 2.5455132458773733e-05, 2.5455132458773733e-05, 2.5455132345086895e-05, 2.5455132345086895e-05, 2.5455132345086895e-05, 2.5455132345086895e-05, 2.5455132345086895e-05, 2.5455132345086895e-05, 2.5455132345086895e-05, 2.5455132345086895e-05, 2.5455132345086895e-05, 2.5455132345086895e-05, 2.5455132345086895e-05, 2.5455132345086895e-05, 2.5455132345086895e-05, 2.5455132345086895e-05]","{""cognitive_weight"": 1.5, ""inertia_weight"": 0.7, ""max_iterations"": 140, ""social_weight"": 1.5, ""swarm_size"": 50}"
schwefel,Schwefel,80,1557,pso,PSO,2,"[-500.0, 500.0]","[420.968746, 420.968746]","[420.9687465783647, 420.9687468620342]",2.5455132458773733e-05,1.0380793126529084e-06,140,7050,"[309.9041333253091, 249.07920713006752, 141.518859601975, 141.518859601975, 141.518859601975, 108.47665870165031, 10.948167790932075, 10.948167790932075, 10.948167790932075, 10.948167790932075, 10.948167790932075, 0.6243833835731039, 0.6243833835731039, 0.6243833835731039, 0.6243833835731039, 0.3075916152049558, 0.2875148172927311, 0.2875148172927311, 0.2875148172927311, 0.22092971705728814, 0.22092971705728814, 0.22092971705728814, 0.1420214430836495, 0.1420214430836495, 0.1420214430836495, 0.05664083015494725, 0.012572805400850484, 0.012572805400850484, 0.012572805400850484, 0.012572805400850484, 0.012572805400850484, 0.0009060441917654316, 0.0009060441917654316, 0.0009060441917654316, 0.0009060441917654316, 0.0009060441917654316, 0.0009060441917654316, 0.0009060441917654316, 0.0005435091084109445, 0.0005435091084109445, 0.00027324454777044593, 0.00027324454777044593, 0.0002649096946925056, 0.0002649096946925056, 0.0002649096946925056, 4.058926151628839e-05, 4.058926151628839e-05, 4.058926151628839e-05, 4.058926151628839e-05, 3.0288514153653523e-05, 3.0288514153653523e-05, 3.0288514153653523e-05, 3.0288514153653523e-05, 3.0288514153653523e-05, 2.9366170792854973e-05, 2.745445419805037e-05, 2.6648789685168595e-05, 2.6648789685168595e-05, 2.6648789685168595e-05, 2.6648789685168595e-05, 2.6648789685168595e-05, 2.6648789685168595e-05, 2.6648789685168595e-05, 2.6648789685168595e-05, 2.5768874479581427e-05, 2.5768874479581427e-05, 2.5768874479581427e-05, 2.5768874479581427e-05, 2.5768874479581427e-05, 2.5768874479581427e-05, 2.5768874479581427e-05, 2.5768874479581427e-05, 2.5768874479581427e-05, 2.5604106440368923e-05, 2.5604106440368923e-05, 2.5604106440368923e-05, 2.5604106440368923e-05, 2.5576492816981045e-05, 2.5455525019424385e-05, 2.5455525019424385e-05, 2.5455525019424385e-05, 2.5455525019424385e-05, 2.5455525019424385e-05, 2.5455525019424385e-05, 2.5455525019424385e-05, 2.5455525019424385e-05, 2.5455525019424385e-05, 2.5455525019424385e-05, 2.5455525019424385e-05, 2.5455525019424385e-05, 2.5455525019424385e-05, 2.5455525019424385e-05, 2.5455525019424385e-05, 2.545544998611149e-05, 2.545544998611149e-05, 2.545544998611149e-05, 2.545544998611149e-05, 2.545544998611149e-05, 2.545536358411482e-05, 2.5455209652136546e-05, 2.545517645557993e-05, 2.545517645557993e-05, 2.545517645557993e-05, 2.545517645557993e-05, 2.545514553276007e-05, 2.545513450513681e-05, 2.545513450513681e-05, 2.545513450513681e-05, 2.545513302720792e-05, 2.545513302720792e-05, 2.5455132686147408e-05, 2.5455132686147408e-05, 2.5455132686147408e-05, 2.545513257246057e-05, 2.545513257246057e-05, 2.545513257246057e-05, 2.545513257246057e-05, 2.545513257246057e-05, 2.545513257246057e-05, 2.545513257246057e-05, 2.545513257246057e-05, 2.545513257246057e-05, 2.545513257246057e-05, 2.545513257246057e-05, 2.545513257246057e-05, 2.545513257246057e-05, 2.545513257246057e-05, 2.5455132458773733e-05, 2.5455132458773733e-05, 2.5455132458773733e-05, 2.5455132458773733e-05, 2.5455132458773733e-05, 2.5455132458773733e-05, 2.5455132458773733e-05, 2.5455132458773733e-05, 2.5455132458773733e-05, 2.5455132458773733e-05, 2.5455132458773733e-05, 2.5455132458773733e-05, 2.5455132458773733e-05, 2.5455132458773733e-05]","{""cognitive_weight"": 1.5, ""inertia_weight"": 0.7, ""max_iterations"": 140, ""social_weight"": 1.5, ""swarm_size"": 50}"
schwefel,Schwefel,81,1558,pso,PSO,2,"[-500.0, 500.0]","[420.968746, 420.968746]","[420.9687466802036, 420.968746142571]",2.5455132458773733e-05,6.94984458010712e-07,140,7050,"[402.9643783266644, 402.9643783266644, 365.00172348167087, 150.33504322892827, 150.33504322892827, 150.33504322892827, 150.33504322892827, 0.7805002955317377, 0.7805002955317377, 0.7805002955317377, 0.7805002955317377, 0.12558616421347324, 0.12558616421347324, 0.12558616421347324, 0.12558616421347324, 0.12558616421347324, 0.12558616421347324, 0.12558616421347324, 0.12558616421347324, 0.11598790439609274, 0.11530916370293198, 0.11530916370293198, 0.008774744455763539, 0.008774744455763539, 0.008774744455763539, 0.008774744455763539, 0.006872274560691949, 0.006872274560691949, 0.001648798272071872, 0.001648798272071872, 0.001648798272071872, 0.001463819529135435, 0.0010472997362285241, 0.00042632018835320196, 0.00028658272981374466, 0.00028658272981374466, 0.00028658272981374466, 0.00028658272981374466, 0.00028658272981374466, 9.12435215241203e-05, 9.12435215241203e-05, 4.289024900572258e-05, 4.289024900572258e-05, 4.289024900572258e-05, 4.289024900572258e-05, 4.289024900572258e-05, 4.289024900572258e-05, 4.157545095040405e-05, 4.157545095040405e-05, 4.157545095040405e-05, 4.1335483047078014e-05, 4.1335483047078014e-05, 4.1335483047078014e-05, 4.1335483047078014e-05, 2.9249147473819903e-05, 2.9249147473819903e-05, 2.821778002726205e-05, 2.821778002726205e-05, 2.821778002726205e-05, 2.821778002726205e-05, 2.821778002726205e-05, 2.821778002726205e-05, 2.7412890403866186e-05, 2.7412890403866186e-05, 2.6272949298800086e-05, 2.6272949298800086e-05, 2.6272949298800086e-05, 2.6024520479950297e-05, 2.546945438552939e-05, 2.546945438552939e-05, 2.546945438552939e-05, 2.546945438552939e-05, 2.546945438552939e-05, 2.546945438552939e-05, 2.5467510454291187e-05, 2.5467510454291187e-05, 2.54582248544466e-05, 2.545608458603965e-05, 2.545608458603965e-05, 2.545608458603965e-05, 2.5455658146711357e-05, 2.5455658146711357e-05, 2.5455658146711357e-05, 2.5455658146711357e-05, 2.5455263539697626e-05, 2.5455263539697626e-05, 2.5455263539697626e-05, 2.5455263539697626e-05, 2.5455263539697626e-05, 2.5455263539697626e-05, 2.5455263539697626e-05, 2.5455263539697626e-05, 2.5455263539697626e-05, 2.5455263539697626e-05, 2.5455263539697626e-05, 2.5455173272348475e-05, 2.5455173272348475e-05, 2.5455173272348475e-05, 2.5455173272348475e-05, 2.5455173272348475e-05, 2.5455173272348475e-05, 2.5455173272348475e-05, 2.5455148943365202e-05, 2.5455148943365202e-05, 2.5455138938923483e-05, 2.5455138938923483e-05, 2.5455138938923483e-05, 2.5455135869378864e-05, 2.5455135869378864e-05, 2.5455134391449974e-05, 2.5455134391449974e-05, 2.5455134391449974e-05, 2.5455134391449974e-05, 2.5455134391449974e-05, 2.5455133254581597e-05, 2.5455133254581597e-05, 2.5455133254581597e-05, 2.5455133254581597e-05, 2.5455132799834246e-05, 2.5455132799834246e-05, 2.5455132799834246e-05, 2.5455132799834246e-05, 2.5455132799834246e-05, 2.545513257246057e-05, 2.545513257246057e-05, 2.545513257246057e-05, 2.545513257246057e-05, 2.545513257246057e-05, 2.545513257246057e-05, 2.545513257246057e-05, 2.5455132458773733e-05, 2.5455132458773733e-05, 2.5455132458773733e-05, 2.5455132458773733e-05, 2.5455132458773733e-05, 2.5455132458773733e-05, 2.5455132458773733e-05, 2.5455132458773733e-05, 2.5455132458773733e-05, 2.5455132458773733e-05, 2.5455132458773733e-05]","{""cognitive_weight"": 1.5, ""inertia_weight"": 0.7, ""max_iterations"": 140, ""social_weight"": 1.5, ""swarm_size"": 50}"
schwefel,Schwefel,82,1559,pso,PSO,2,"[-500.0, 500.0]","[420.968746, 420.968746]","[420.9687454018443, 420.968746411723]",2.5455132458773733e-05,7.261584434944956e-07,140,7050,"[104.87375699264385, 104.87375699264385, 42.24268533297732, 42.24268533297732, 42.24268533297732, 35.64041719992815, 15.316516958787815, 15.316516958787815, 8.16714346568233, 0.9467977540698485, 0.9467977540698485, 0.9467977540698485, 0.9467977540698485, 0.09280608051813033, 0.09280608051813033, 0.09280608051813033, 0.09280608051813033, 0.09280608051813033, 0.09280608051813033, 0.09280608051813033, 0.017080881740639597, 0.017080881740639597, 0.017080881740639597, 0.017080881740639597, 0.017080881740639597, 0.01531563023797844, 0.002582336670229779, 0.002582336670229779, 0.002582336670229779, 0.002582336670229779, 0.002582336670229779, 0.002582336670229779, 0.002582336670229779, 0.002582336670229779, 0.002582336670229779, 0.002582336670229779, 0.0011976140192473395, 0.000938380502475411, 0.000938380502475411, 0.00024427653022485174, 0.00024427653022485174, 0.00024427653022485174, 0.00024427653022485174, 0.00024427653022485174, 0.00024427653022485174, 0.00024427653022485174, 0.00024427653022485174, 0.00024427653022485174, 0.0001866821560270182, 7.894571876931877e-05, 7.894571876931877e-05, 6.68969942125841e-05, 6.68969942125841e-05, 6.68969942125841e-05, 6.68969942125841e-05, 6.68969942125841e-05, 6.211590289240121e-05, 4.750904815864487e-05, 3.0864398013363825e-05, 3.0864398013363825e-05, 2.7713818781194277e-05, 2.7713818781194277e-05, 2.7713818781194277e-05, 2.5834843199845636e-05, 2.5834843199845636e-05, 2.5834843199845636e-05, 2.5834843199845636e-05, 2.5834843199845636e-05, 2.5834843199845636e-05, 2.5834843199845636e-05, 2.5834843199845636e-05, 2.5547738005116116e-05, 2.5547738005116116e-05, 2.5547738005116116e-05, 2.5547738005116116e-05, 2.5547738005116116e-05, 2.5547738005116116e-05, 2.5547738005116116e-05, 2.5479534315309138e-05, 2.54630867857486e-05, 2.54630867857486e-05, 2.54630867857486e-05, 2.54630867857486e-05, 2.54630867857486e-05, 2.54630867857486e-05, 2.545676079535042e-05, 2.545676079535042e-05, 2.5455315949329815e-05, 2.5455315949329815e-05, 2.5455315949329815e-05, 2.5455315949329815e-05, 2.5455315949329815e-05, 2.5455315949329815e-05, 2.5455315949329815e-05, 2.5455315949329815e-05, 2.5455315949329815e-05, 2.545528582231782e-05, 2.545528582231782e-05, 2.545528582231782e-05, 2.545527377151302e-05, 2.545527377151302e-05, 2.5455220566072967e-05, 2.5455220566072967e-05, 2.5455165769017185e-05, 2.5455165769017185e-05, 2.5455165769017185e-05, 2.5455165769017185e-05, 2.5455165769017185e-05, 2.5455147806496825e-05, 2.5455147806496825e-05, 2.545513564200519e-05, 2.545513564200519e-05, 2.545513564200519e-05, 2.545513564200519e-05, 2.545513564200519e-05, 2.545513564200519e-05, 2.545513359564211e-05, 2.545513359564211e-05, 2.545513359564211e-05, 2.545513359564211e-05, 2.5455132799834246e-05, 2.5455132799834246e-05, 2.5455132799834246e-05, 2.5455132686147408e-05, 2.545513257246057e-05, 2.545513257246057e-05, 2.545513257246057e-05, 2.545513257246057e-05, 2.545513257246057e-05, 2.545513257246057e-05, 2.545513257246057e-05, 2.545513257246057e-05, 2.5455132458773733e-05, 2.5455132458773733e-05, 2.5455132458773733e-05, 2.5455132458773733e-05, 2.5455132458773733e-05, 2.5455132458773733e-05, 2.5455132458773733e-05, 2.5455132458773733e-05, 2.5455132458773733e-05]","{""cognitive_weight"": 1.5, ""inertia_weight"": 0.7, ""max_iterations"": 140, ""social_weight"": 1.5, ""swarm_size"": 50}"
schwefel,Schwefel,83,1560,pso,PSO,2,"[-500.0, 500.0]","[420.968746, 420.968746]","[420.9687470207244, 420.9687463728951]",2.5455132458773733e-05,1.0867055692422265e-06,140,7050,"[11.571892683285114, 11.571892683285114, 11.571892683285114, 11.571892683285114, 11.571892683285114, 11.571892683285114, 0.9222772593516311, 0.9222772593516311, 0.9222772593516311, 0.9222772593516311, 0.9222772593516311, 0.9222772593516311, 0.5976152626856219, 0.5976152626856219, 0.5976152626856219, 0.5976152626856219, 0.5976152626856219, 0.5976152626856219, 0.5976152626856219, 0.4545963184307311, 0.4545963184307311, 0.27446264993773184, 0.14124997428405095, 0.09737742034030816, 0.09737742034030816, 0.09737742034030816, 0.09737742034030816, 0.04816471554056534, 0.04816471554056534, 0.04816471554056534, 0.00025250934731957386, 0.00025250934731957386, 0.00025250934731957386, 0.00025250934731957386, 0.00025250934731957386, 0.00025250934731957386, 0.00025250934731957386, 0.00025250934731957386, 0.00025250934731957386, 0.00025250934731957386, 0.00025250934731957386, 0.00025250934731957386, 0.00025250934731957386, 0.00025250934731957386, 0.00025250934731957386, 0.00018128435090147832, 0.00018128435090147832, 0.00018128435090147832, 6.115421115282516e-05, 6.115421115282516e-05, 6.115421115282516e-05, 6.115421115282516e-05, 6.115421115282516e-05, 3.701679474943376e-05, 3.674980644063908e-05, 3.674980644063908e-05, 3.0176611744536785e-05, 2.5637109274612158e-05, 2.5637109274612158e-05, 2.5637109274612158e-05, 2.5637109274612158e-05, 2.5637109274612158e-05, 2.5637109274612158e-05, 2.5637109274612158e-05, 2.5637109274612158e-05, 2.5637109274612158e-05, 2.5494876012999157e-05, 2.5494876012999157e-05, 2.5494876012999157e-05, 2.5494876012999157e-05, 2.5494876012999157e-05, 2.5494876012999157e-05, 2.5494876012999157e-05, 2.5465961243753554e-05, 2.5465961243753554e-05, 2.545539712173195e-05, 2.5455234663240844e-05, 2.5455234663240844e-05, 2.5455234663240844e-05, 2.5455234663240844e-05, 2.5455234663240844e-05, 2.5455234663240844e-05, 2.5455234663240844e-05, 2.5455234663240844e-05, 2.5455234663240844e-05, 2.5455234663240844e-05, 2.545513802942878e-05, 2.545513802942878e-05, 2.545513802942878e-05, 2.545513802942878e-05, 2.545513802942878e-05, 2.545513802942878e-05, 2.545513802942878e-05, 2.545513802942878e-05, 2.5455133481955272e-05, 2.5455133481955272e-05, 2.5455133481955272e-05, 2.5455133481955272e-05, 2.5455133481955272e-05, 2.5455133481955272e-05, 2.5455133481955272e-05, 2.5455133481955272e-05, 2.5455133481955272e-05, 2.5455133481955272e-05, 2.5455133481955272e-05, 2.5455133481955272e-05, 2.5455133481955272e-05, 2.5455133481955272e-05, 2.5455133481955272e-05, 2.5455133481955272e-05, 2.5455133481955272e-05, 2.5455133481955272e-05, 2.5455133481955272e-05, 2.5455133481955272e-05, 2.5455132799834246e-05, 2.5455132799834246e-05, 2.5455132799834246e-05, 2.5455132799834246e-05, 2.5455132799834246e-05, 2.545513257246057e-05, 2.545513257246057e-05, 2.545513257246057e-05, 2.545513257246057e-05, 2.545513257246057e-05, 2.545513257246057e-05, 2.545513257246057e-05, 2.545513257246057e-05, 2.545513257246057e-05, 2.545513257246057e-05, 2.545513257246057e-05, 2.5455132458773733e-05, 2.5455132458773733e-05, 2.5455132458773733e-05, 2.5455132458773733e-05, 2.5455132458773733e-05, 2.5455132458773733e-05, 2.5455132458773733e-05, 2.5455132458773733e-05, 2.5455132458773733e-05, 2.5455132458773733e-05, 2.5455132458773733e-05]","{""cognitive_weight"": 1.5, ""inertia_weight"": 0.7, ""max_iterations"": 140, ""social_weight"": 1.5, ""swarm_size"": 50}"
schwefel,Schwefel,84,1561,pso,PSO,2,"[-500.0, 500.0]","[420.968746, 420.968746]","[420.9687463156608, 420.96874686373684]",2.5455132458773733e-05,9.19610261366163e-07,140,7050,"[42.29863622350763, 42.29863622350763, 42.29863622350763, 42.29863622350763, 42.29863622350763, 42.29863622350763, 20.05583898073246, 20.05583898073246, 8.11566903173889, 4.239591559441578, 4.239591559441578, 3.4537435417314555, 3.4537435417314555, 1.0240087262014868, 1.0240087262014868, 0.858158605311246, 0.26824313608585726, 0.17779974156758271, 0.17779974156758271, 0.17779974156758271, 0.17779974156758271, 0.052334308546051034, 0.007891652134730975, 0.0007431501323935663, 0.0007431501323935663, 0.00013972160411412915, 0.00013972160411412915, 0.00013972160411412915, 0.00013972160411412915, 0.00013972160411412915, 0.00013972160411412915, 0.00013972160411412915, 0.00013972160411412915, 0.00013972160411412915, 0.00013972160411412915, 0.00013972160411412915, 0.00013972160411412915, 0.00013972160411412915, 0.00013972160411412915, 0.00013972160411412915, 0.00013972160411412915, 0.00013972160411412915, 0.00013972160411412915, 0.00013972160411412915, 0.00013972160411412915, 0.00013972160411412915, 0.00013972160411412915, 0.00013972160411412915, 6.130234874035523e-05, 6.130234874035523e-05, 6.130234874035523e-05, 6.130234874035523e-05, 6.130234874035523e-05, 6.130234874035523e-05, 6.130234874035523e-05, 6.130234874035523e-05, 3.259140692080109e-05, 3.2521323532819224e-05, 2.7311295752951992e-05, 2.6012636453742743e-05, 2.6012636453742743e-05, 2.6012636453742743e-05, 2.6012636453742743e-05, 2.6012636453742743e-05, 2.6012636453742743e-05, 2.553509420977207e-05, 2.553509420977207e-05, 2.553509420977207e-05, 2.553509420977207e-05, 2.5471959816059098e-05, 2.5471959816059098e-05, 2.5471959816059098e-05, 2.5471959816059098e-05, 2.5471959816059098e-05, 2.5471959816059098e-05, 2.5467713044236007e-05, 2.546691302995896e-05, 2.546691302995896e-05, 2.5466620968472853e-05, 2.5455353352299426e-05, 2.5455353352299426e-05, 2.5455353352299426e-05, 2.5455353352299426e-05, 2.5455353352299426e-05, 2.5455353352299426e-05, 2.5455353352299426e-05, 2.545525626374001e-05, 2.545525626374001e-05, 2.545525626374001e-05, 2.545525626374001e-05, 2.545516554164351e-05, 2.545516554164351e-05, 2.545516554164351e-05, 2.545516554164351e-05, 2.5455134277763136e-05, 2.5455134277763136e-05, 2.5455134277763136e-05, 2.5455134277763136e-05, 2.5455134277763136e-05, 2.5455134277763136e-05, 2.54551341640763e-05, 2.54551341640763e-05, 2.54551341640763e-05, 2.5455133254581597e-05, 2.5455133254581597e-05, 2.5455132799834246e-05, 2.5455132799834246e-05, 2.5455132686147408e-05, 2.5455132686147408e-05, 2.5455132686147408e-05, 2.5455132686147408e-05, 2.5455132686147408e-05, 2.545513257246057e-05, 2.545513257246057e-05, 2.545513257246057e-05, 2.545513257246057e-05, 2.545513257246057e-05, 2.545513257246057e-05, 2.545513257246057e-05, 2.545513257246057e-05, 2.545513257246057e-05, 2.545513257246057e-05, 2.545513257246057e-05, 2.545513257246057e-05, 2.545513257246057e-05, 2.545513257246057e-05, 2.545513257246057e-05, 2.545513257246057e-05, 2.545513257246057e-05, 2.545513257246057e-05, 2.545513257246057e-05, 2.545513257246057e-05, 2.545513257246057e-05, 2.545513257246057e-05, 2.545513257246057e-05, 2.545513257246057e-05, 2.545513257246057e-05, 2.5455132458773733e-05, 2.5455132458773733e-05, 2.5455132458773733e-05, 2.5455132458773733e-05]","{""cognitive_weight"": 1.5, ""inertia_weight"": 0.7, ""max_iterations"": 140, ""social_weight"": 1.5, ""swarm_size"": 50}"
schwefel,Schwefel,85,1562,pso,PSO,2,"[-500.0, 500.0]","[420.968746, 420.968746]","[420.96874662814673, 420.96874581156845]",2.5455132458773733e-05,6.558008509573825e-07,140,7050,"[292.23203794455253, 244.4613528836221, 244.4613528836221, 27.841541293720184, 6.539222075022508, 6.539222075022508, 5.776029229426058, 5.776029229426058, 2.40916329950187, 2.40916329950187, 2.40916329950187, 1.1144177043483978, 0.08822617694409018, 0.08822617694409018, 0.08822617694409018, 0.08822617694409018, 0.08822617694409018, 0.08822617694409018, 0.08822617694409018, 0.08822617694409018, 0.04257998706043509, 0.04257998706043509, 0.04257998706043509, 0.03019088702433237, 0.024936333030609603, 0.024936333030609603, 0.024936333030609603, 0.024936333030609603, 0.024936333030609603, 0.00528494545585545, 0.00528494545585545, 0.00528494545585545, 0.0020846917191192915, 0.0020846917191192915, 0.0020846917191192915, 0.0017862319565438156, 0.0011990325125452728, 0.0011990325125452728, 0.0011990325125452728, 0.0011990325125452728, 0.00036587944316579524, 0.00036587944316579524, 0.00027492294157127617, 0.00027492294157127617, 0.00027492294157127617, 0.0002614709637782653, 4.294937059512449e-05, 4.294937059512449e-05, 3.130855702693225e-05, 3.130855702693225e-05, 2.85146398937286e-05, 2.85146398937286e-05, 2.85146398937286e-05, 2.85146398937286e-05, 2.85146398937286e-05, 2.85146398937286e-05, 2.85146398937286e-05, 2.85146398937286e-05, 2.85146398937286e-05, 2.85146398937286e-05, 2.619659414904163e-05, 2.619659414904163e-05, 2.619659414904163e-05, 2.608967565720377e-05, 2.6047714527521748e-05, 2.5629991341702407e-05, 2.5629991341702407e-05, 2.557566631367081e-05, 2.557566631367081e-05, 2.552031094182894e-05, 2.552031094182894e-05, 2.552031094182894e-05, 2.552031094182894e-05, 2.5457507149440062e-05, 2.5457507149440062e-05, 2.5457507149440062e-05, 2.5457507149440062e-05, 2.5457507149440062e-05, 2.5457507149440062e-05, 2.5457507149440062e-05, 2.545515860674641e-05, 2.545515860674641e-05, 2.545515860674641e-05, 2.545515860674641e-05, 2.545515860674641e-05, 2.545515860674641e-05, 2.545515860674641e-05, 2.545515860674641e-05, 2.545515860674641e-05, 2.545515860674641e-05, 2.545515860674641e-05, 2.545515860674641e-05, 2.545515860674641e-05, 2.545515860674641e-05, 2.545515860674641e-05, 2.545515860674641e-05, 2.545515860674641e-05, 2.545515860674641e-05, 2.545515860674641e-05, 2.545515860674641e-05, 2.545515860674641e-05, 2.545515860674641e-05, 2.545515860674641e-05, 2.545515508245444e-05, 2.545515508245444e-05, 2.545515508245444e-05, 2.5455147465436312e-05, 2.5455147465436312e-05, 2.5455147465436312e-05, 2.545514462326537e-05, 2.5455138484176132e-05, 2.5455138484176132e-05, 2.5455137915741943e-05, 2.5455132799834246e-05, 2.5455132799834246e-05, 2.5455132799834246e-05, 2.5455132799834246e-05, 2.5455132799834246e-05, 2.5455132799834246e-05, 2.5455132799834246e-05, 2.5455132799834246e-05, 2.5455132799834246e-05, 2.5455132799834246e-05, 2.5455132686147408e-05, 2.5455132686147408e-05, 2.545513257246057e-05, 2.545513257246057e-05, 2.545513257246057e-05, 2.545513257246057e-05, 2.5455132458773733e-05, 2.5455132458773733e-05, 2.5455132458773733e-05, 2.5455132458773733e-05, 2.5455132458773733e-05, 2.5455132458773733e-05, 2.5455132458773733e-05, 2.5455132458773733e-05, 2.5455132458773733e-05, 2.5455132458773733e-05, 2.5455132458773733e-05, 2.5455132458773733e-05]","{""cognitive_weight"": 1.5, ""inertia_weight"": 0.7, ""max_iterations"": 140, ""social_weight"": 1.5, ""swarm_size"": 50}"
schwefel,Schwefel,86,1563,pso,PSO,2,"[-500.0, 500.0]","[420.968746, 420.968746]","[420.96874743174243, 420.9687466189262]",2.545513257246057e-05,1.5597935776717926e-06,140,7050,"[333.7395688251658, 333.7395688251658, 154.78996625982347, 154.78996625982347, 154.78996625982347, 154.78996625982347, 71.9069006731429, 31.152611961766297, 16.605536768552497, 7.376413615169213, 7.376413615169213, 7.376413615169213, 7.376413615169213, 4.694636044061099, 4.694636044061099, 1.0432350857165602, 1.0432350857165602, 0.08954920474775463, 0.014977132273315874, 0.014977132273315874, 0.014977132273315874, 0.014977132273315874, 0.014977132273315874, 0.014977132273315874, 0.014977132273315874, 0.014977132273315874, 0.014977132273315874, 0.014977132273315874, 0.014977132273315874, 0.00022622073288403044, 0.00022622073288403044, 0.00022622073288403044, 0.00022622073288403044, 0.00022622073288403044, 0.00022622073288403044, 0.00022622073288403044, 0.00022622073288403044, 0.00022622073288403044, 0.00022622073288403044, 0.00022622073288403044, 0.00022622073288403044, 0.00022622073288403044, 0.00022622073288403044, 0.00010515212773043459, 3.6794646348425886e-05, 3.6794646348425886e-05, 3.6794646348425886e-05, 3.6794646348425886e-05, 3.6794646348425886e-05, 3.6794646348425886e-05, 2.844660434675461e-05, 2.844660434675461e-05, 2.844660434675461e-05, 2.844660434675461e-05, 2.844660434675461e-05, 2.844660434675461e-05, 2.844660434675461e-05, 2.844660434675461e-05, 2.844660434675461e-05, 2.844660434675461e-05, 2.844660434675461e-05, 2.844660434675461e-05, 2.844660434675461e-05, 2.844660434675461e-05, 2.844660434675461e-05, 2.844660434675461e-05, 2.5695261115288304e-05, 2.5695261115288304e-05, 2.5695261115288304e-05, 2.5695261115288304e-05, 2.5695261115288304e-05, 2.5695261115288304e-05, 2.5626979891058e-05, 2.5626979891058e-05, 2.5626962042224477e-05, 2.5479459281996242e-05, 2.5479459281996242e-05, 2.5479459281996242e-05, 2.5479459281996242e-05, 2.5479459281996242e-05, 2.5479459281996242e-05, 2.5467803425271995e-05, 2.5465733074270247e-05, 2.545564507272502e-05, 2.545564507272502e-05, 2.545564507272502e-05, 2.545564507272502e-05, 2.545564507272502e-05, 2.545564507272502e-05, 2.545549079968623e-05, 2.545549079968623e-05, 2.545549079968623e-05, 2.545549079968623e-05, 2.545541008203145e-05, 2.5455269678786863e-05, 2.5455159175180597e-05, 2.5455159175180597e-05, 2.5455146669628448e-05, 2.5455146669628448e-05, 2.5455145305386395e-05, 2.545514053053921e-05, 2.545514053053921e-05, 2.545514007579186e-05, 2.545513700624724e-05, 2.545513552831835e-05, 2.5455134846197325e-05, 2.5455134391449974e-05, 2.5455134391449974e-05, 2.5455133936702623e-05, 2.5455133936702623e-05, 2.5455133709328948e-05, 2.5455133709328948e-05, 2.5455133709328948e-05, 2.5455133481955272e-05, 2.5455133254581597e-05, 2.5455133254581597e-05, 2.5455133254581597e-05, 2.545513257246057e-05, 2.545513257246057e-05, 2.545513257246057e-05, 2.545513257246057e-05, 2.545513257246057e-05, 2.545513257246057e-05, 2.545513257246057e-05, 2.545513257246057e-05, 2.545513257246057e-05, 2.545513257246057e-05, 2.545513257246057e-05, 2.545513257246057e-05, 2.545513257246057e-05, 2.545513257246057e-05, 2.545513257246057e-05, 2.545513257246057e-05, 2.545513257246057e-05, 2.545513257246057e-05, 2.545513257246057e-05, 2.545513257246057e-05, 2.545513257246057e-05, 2.545513257246057e-05, 2.545513257246057e-05, 2.545513257246057e-05]","{""cognitive_weight"": 1.5, ""inertia_weight"": 0.7, ""max_iterations"": 140, ""social_weight"": 1.5, ""swarm_size"": 50}"
schwefel,Schwefel,87,1564,pso,PSO,2,"[-500.0, 500.0]","[420.968746, 420.968746]","[-302.524935796197, 420.968745985895]",118.43836006957031,723.493681796197,140,7050,"[306.08042912576207, 306.08042912576207, 197.90755545026764, 197.90755545026764, 197.90755545026764, 129.88583767095292, 129.88583767095292, 129.88583767095292, 129.88583767095292, 129.88583767095292, 129.88583767095292, 129.01592253672482, 121.81129106716298, 121.81129106716298, 121.81129106716298, 120.15981226780832, 120.15981226780832, 120.15981226780832, 120.15981226780832, 119.79696159544619, 118.54131719004613, 118.54131719004613, 118.54131719004613, 118.44173435218272, 118.44173435218272, 118.44173435218272, 118.44173435218272, 118.44173435218272, 118.44173435218272, 118.44044302576253, 118.44044302576253, 118.44044302576253, 118.43840420211518, 118.43840420211518, 118.43840420211518, 118.43840420211518, 118.43840420211518, 118.43840420211518, 118.43840420211518, 118.43840420211518, 118.43840420211518, 118.43840420211518, 118.43840420211518, 118.43837162679642, 118.43837162679642, 118.43837162679642, 118.43837162679642, 118.43837162679642, 118.43837162679642, 118.43837162679642, 118.43837162679642, 118.43837162679642, 118.43837162679642, 118.43837162679642, 118.43837162679642, 118.43837162679642, 118.43837162679642, 118.43837162679642, 118.43837162679642, 118.43837162679642, 118.43837162679642, 118.43837162679642, 118.43837162679642, 118.43837162679642, 118.43837162679642, 118.43837162679642, 118.43837162679642, 118.43837162679642, 118.43837162679642, 118.43837162679642, 118.43837034569503, 118.43837034569503, 118.43836285082057, 118.43836150767231, 118.43836150767231, 118.43836023762901, 118.43836023762901, 118.43836020762546, 118.43836020762546, 118.43836020762546, 118.43836020762546, 118.43836009127313, 118.43836009127313, 118.43836008936023, 118.43836008936023, 118.43836008696371, 118.43836008696371, 118.43836007951927, 118.43836007951927, 118.43836007846971, 118.43836007846971, 118.43836007846971, 118.43836007119694, 118.43836007087953, 118.43836007016273, 118.43836007016273, 118.43836007016273, 118.43836007016273, 118.43836006981599, 118.43836006981599, 118.43836006981599, 118.43836006958486, 118.43836006958486, 118.43836006958486, 118.43836006958486, 118.43836006958486, 118.43836006958486, 118.43836006958486, 118.43836006958486, 118.43836006957758, 118.43836006957758, 118.43836006957758, 118.43836006957758, 118.43836006957758, 118.43836006957758, 118.43836006957758, 118.43836006957702, 118.43836006957213, 118.4383600695711, 118.4383600695711, 118.4383600695711, 118.4383600695711, 118.43836006957076, 118.43836006957054, 118.43836006957054, 118.43836006957054, 118.43836006957054, 118.43836006957054, 118.43836006957031, 118.43836006957031, 118.43836006957031, 118.43836006957031, 118.43836006957031, 118.43836006957031, 118.43836006957031, 118.43836006957031, 118.43836006957031, 118.43836006957031, 118.43836006957031, 118.43836006957031, 118.43836006957031]","{""cognitive_weight"": 1.5, ""inertia_weight"": 0.7, ""max_iterations"": 140, ""social_weight"": 1.5, ""swarm_size"": 50}"
schwefel,Schwefel,88,1565,pso,PSO,2,"[-500.0, 500.0]","[420.968746, 420.968746]","[420.9687465358937, 420.9687462572725]",2.5455132345086895e-05,5.944503051978737e-07,140,7050,"[321.96657213293634, 220.695395549159, 220.695395549159, 220.695395549159, 220.695395549159, 53.685773212710615, 2.9936615153571893, 2.9936615153571893, 2.9936615153571893, 2.9936615153571893, 2.9936615153571893, 2.9936615153571893, 2.4952716395135894, 0.07915198436387527, 0.07260746292797648, 0.050790271614459925, 0.050790271614459925, 0.050790271614459925, 0.050790271614459925, 0.050790271614459925, 0.050790271614459925, 0.04664044883190854, 0.04664044883190854, 0.04664044883190854, 0.04526142356553464, 0.030628007192717632, 0.030628007192717632, 0.011876826706497923, 0.011876826706497923, 0.001666691276000165, 0.001666691276000165, 0.001666691276000165, 0.001666691276000165, 0.001666691276000165, 0.0008291679819194542, 0.0008291679819194542, 0.0007229971732840568, 0.0007229971732840568, 0.0007229971732840568, 0.0006983879288782191, 0.0006983879288782191, 0.00011227989352846635, 0.00011227989352846635, 0.00011227989352846635, 0.00011227989352846635, 0.00011227989352846635, 8.59078963912907e-05, 8.374273647859809e-05, 8.374273647859809e-05, 8.374273647859809e-05, 8.374273647859809e-05, 4.3520154349607765e-05, 4.3520154349607765e-05, 4.3520154349607765e-05, 2.666277384832938e-05, 2.666277384832938e-05, 2.666277384832938e-05, 2.666277384832938e-05, 2.666277384832938e-05, 2.666277384832938e-05, 2.666277384832938e-05, 2.666277384832938e-05, 2.666277384832938e-05, 2.666277384832938e-05, 2.666277384832938e-05, 2.5702864149934612e-05, 2.5702864149934612e-05, 2.5681978627289936e-05, 2.5681978627289936e-05, 2.5637261614974705e-05, 2.548947793457046e-05, 2.548947793457046e-05, 2.548947793457046e-05, 2.548947793457046e-05, 2.5462168878220837e-05, 2.5462168878220837e-05, 2.5462168878220837e-05, 2.5462168878220837e-05, 2.5462168878220837e-05, 2.5462168878220837e-05, 2.5462168878220837e-05, 2.546060386521276e-05, 2.546060386521276e-05, 2.5455351533310022e-05, 2.5455351533310022e-05, 2.54552059004709e-05, 2.54552059004709e-05, 2.54552059004709e-05, 2.54552059004709e-05, 2.545513257246057e-05, 2.545513257246057e-05, 2.545513257246057e-05, 2.545513257246057e-05, 2.545513257246057e-05, 2.545513257246057e-05, 2.545513257246057e-05, 2.545513257246057e-05, 2.545513257246057e-05, 2.545513257246057e-05, 2.545513257246057e-05, 2.545513257246057e-05, 2.545513257246057e-05, 2.545513257246057e-05, 2.545513257246057e-05, 2.545513257246057e-05, 2.545513257246057e-05, 2.545513257246057e-05, 2.545513257246057e-05, 2.545513257246057e-05, 2.545513257246057e-05, 2.545513257246057e-05, 2.545513257246057e-05, 2.545513257246057e-05, 2.545513257246057e-05, 2.545513257246057e-05, 2.545513257246057e-05, 2.545513257246057e-05, 2.545513257246057e-05, 2.545513257246057e-05, 2.545513257246057e-05, 2.545513257246057e-05, 2.545513257246057e-05, 2.545513257246057e-05, 2.5455132458773733e-05, 2.5455132458773733e-05, 2.5455132458773733e-05, 2.5455132458773733e-05, 2.5455132345086895e-05, 2.5455132345086895e-05, 2.5455132345086895e-05, 2.5455132345086895e-05, 2.5455132345086895e-05, 2.5455132345086895e-05, 2.5455132345086895e-05, 2.5455132345086895e-05, 2.5455132345086895e-05, 2.5455132345086895e-05, 2.5455132345086895e-05, 2.5455132345086895e-05, 2.5455132345086895e-05, 2.5455132345086895e-05]","{""cognitive_weight"": 1.5, ""inertia_weight"": 0.7, ""max_iterations"": 140, ""social_weight"": 1.5, ""swarm_size"": 50}"
schwefel,Schwefel,89,1566,pso,PSO,2,"[-500.0, 500.0]","[420.968746, 420.968746]","[420.96874622511484, 420.96874724775233]",2.545513257246057e-05,1.2678968989949793e-06,140,7050,"[360.126834968685, 360.126834968685, 360.126834968685, 360.126834968685, 244.42496308083673, 0.36513529342335005, 0.36513529342335005, 0.36513529342335005, 0.36513529342335005, 0.36513529342335005, 0.36513529342335005, 0.36513529342335005, 0.36513529342335005, 0.36513529342335005, 0.36513529342335005, 0.36513529342335005, 0.36513529342335005, 0.27057589520109104, 0.27057589520109104, 0.27057589520109104, 0.27057589520109104, 0.16756616490533816, 0.16756616490533816, 0.16756616490533816, 0.16756616490533816, 0.0707582530963009, 0.0707582530963009, 0.013971966881172193, 0.013971966881172193, 0.013971966881172193, 0.013971966881172193, 0.011593802733386838, 0.011593802733386838, 0.011593802733386838, 0.011593802733386838, 0.005609960720448726, 0.005609960720448726, 0.005609960720448726, 0.005609960720448726, 0.0009410813579506794, 0.0003473106633009593, 0.0003473106633009593, 0.0003473106633009593, 0.0003473106633009593, 0.0003473106633009593, 0.00020539085835480364, 0.00020539085835480364, 0.0001866718679366386, 0.0001866718679366386, 0.0001866718679366386, 7.442579999406007e-05, 7.442579999406007e-05, 7.442579999406007e-05, 7.442579999406007e-05, 7.442579999406007e-05, 5.237485720499535e-05, 5.237485720499535e-05, 5.237485720499535e-05, 3.254441412536835e-05, 3.254441412536835e-05, 3.254441412536835e-05, 2.9766825946353492e-05, 2.9766825946353492e-05, 2.9766825946353492e-05, 2.5628025923651876e-05, 2.5628025923651876e-05, 2.5628025923651876e-05, 2.5628025923651876e-05, 2.5628025923651876e-05, 2.5628025923651876e-05, 2.5628025923651876e-05, 2.5628025923651876e-05, 2.5628025923651876e-05, 2.5628025923651876e-05, 2.5628025923651876e-05, 2.5561125085005187e-05, 2.5561125085005187e-05, 2.5561125085005187e-05, 2.5561125085005187e-05, 2.5561125085005187e-05, 2.5561125085005187e-05, 2.5521806946926517e-05, 2.5481944021521485e-05, 2.5459066364419414e-05, 2.5459066364419414e-05, 2.5457901074332767e-05, 2.5457901074332767e-05, 2.5457901074332767e-05, 2.5457798415118305e-05, 2.545611903315148e-05, 2.545611903315148e-05, 2.5455710101596196e-05, 2.5455164404775132e-05, 2.5455164404775132e-05, 2.5455164404775132e-05, 2.5455164404775132e-05, 2.5455164404775132e-05, 2.5455164404775132e-05, 2.5455164404775132e-05, 2.5455164404775132e-05, 2.5455164404775132e-05, 2.5455164404775132e-05, 2.5455139848418185e-05, 2.5455139848418185e-05, 2.5455139848418185e-05, 2.5455139848418185e-05, 2.5455139848418185e-05, 2.5455139848418185e-05, 2.5455139848418185e-05, 2.5455139848418185e-05, 2.5455139848418185e-05, 2.545513666518673e-05, 2.545513666518673e-05, 2.545513666518673e-05, 2.545513257246057e-05, 2.545513257246057e-05, 2.545513257246057e-05, 2.545513257246057e-05, 2.545513257246057e-05, 2.545513257246057e-05, 2.545513257246057e-05, 2.545513257246057e-05, 2.545513257246057e-05, 2.545513257246057e-05, 2.545513257246057e-05, 2.545513257246057e-05, 2.545513257246057e-05, 2.545513257246057e-05, 2.545513257246057e-05, 2.545513257246057e-05, 2.545513257246057e-05, 2.545513257246057e-05, 2.545513257246057e-05, 2.545513257246057e-05, 2.545513257246057e-05, 2.545513257246057e-05, 2.545513257246057e-05, 2.545513257246057e-05, 2.545513257246057e-05, 2.545513257246057e-05, 2.545513257246057e-05]","{""cognitive_weight"": 1.5, ""inertia_weight"": 0.7, ""max_iterations"": 140, ""social_weight"": 1.5, ""swarm_size"": 50}"
schwefel,Schwefel,90,1558,pso,PSO,2,"[-500.0, 500.0]","[420.968746, 420.968746]","[420.9687466802036, 420.968746142571]",2.5455132458773733e-05,6.94984458010712e-07,140,7050,"[402.9643783266644, 402.9643783266644, 365.00172348167087, 150.33504322892827, 150.33504322892827, 150.33504322892827, 150.33504322892827, 0.7805002955317377, 0.7805002955317377, 0.7805002955317377, 0.7805002955317377, 0.12558616421347324, 0.12558616421347324, 0.12558616421347324, 0.12558616421347324, 0.12558616421347324, 0.12558616421347324, 0.12558616421347324, 0.12558616421347324, 0.11598790439609274, 0.11530916370293198, 0.11530916370293198, 0.008774744455763539, 0.008774744455763539, 0.008774744455763539, 0.008774744455763539, 0.006872274560691949, 0.006872274560691949, 0.001648798272071872, 0.001648798272071872, 0.001648798272071872, 0.001463819529135435, 0.0010472997362285241, 0.00042632018835320196, 0.00028658272981374466, 0.00028658272981374466, 0.00028658272981374466, 0.00028658272981374466, 0.00028658272981374466, 9.12435215241203e-05, 9.12435215241203e-05, 4.289024900572258e-05, 4.289024900572258e-05, 4.289024900572258e-05, 4.289024900572258e-05, 4.289024900572258e-05, 4.289024900572258e-05, 4.157545095040405e-05, 4.157545095040405e-05, 4.157545095040405e-05, 4.1335483047078014e-05, 4.1335483047078014e-05, 4.1335483047078014e-05, 4.1335483047078014e-05, 2.9249147473819903e-05, 2.9249147473819903e-05, 2.821778002726205e-05, 2.821778002726205e-05, 2.821778002726205e-05, 2.821778002726205e-05, 2.821778002726205e-05, 2.821778002726205e-05, 2.7412890403866186e-05, 2.7412890403866186e-05, 2.6272949298800086e-05, 2.6272949298800086e-05, 2.6272949298800086e-05, 2.6024520479950297e-05, 2.546945438552939e-05, 2.546945438552939e-05, 2.546945438552939e-05, 2.546945438552939e-05, 2.546945438552939e-05, 2.546945438552939e-05, 2.5467510454291187e-05, 2.5467510454291187e-05, 2.54582248544466e-05, 2.545608458603965e-05, 2.545608458603965e-05, 2.545608458603965e-05, 2.5455658146711357e-05, 2.5455658146711357e-05, 2.5455658146711357e-05, 2.5455658146711357e-05, 2.5455263539697626e-05, 2.5455263539697626e-05, 2.5455263539697626e-05, 2.5455263539697626e-05, 2.5455263539697626e-05, 2.5455263539697626e-05, 2.5455263539697626e-05, 2.5455263539697626e-05, 2.5455263539697626e-05, 2.5455263539697626e-05, 2.5455263539697626e-05, 2.5455173272348475e-05, 2.5455173272348475e-05, 2.5455173272348475e-05, 2.5455173272348475e-05, 2.5455173272348475e-05, 2.5455173272348475e-05, 2.5455173272348475e-05, 2.5455148943365202e-05, 2.5455148943365202e-05, 2.5455138938923483e-05, 2.5455138938923483e-05, 2.5455138938923483e-05, 2.5455135869378864e-05, 2.5455135869378864e-05, 2.5455134391449974e-05, 2.5455134391449974e-05, 2.5455134391449974e-05, 2.5455134391449974e-05, 2.5455134391449974e-05, 2.5455133254581597e-05, 2.5455133254581597e-05, 2.5455133254581597e-05, 2.5455133254581597e-05, 2.5455132799834246e-05, 2.5455132799834246e-05, 2.5455132799834246e-05, 2.5455132799834246e-05, 2.5455132799834246e-05, 2.545513257246057e-05, 2.545513257246057e-05, 2.545513257246057e-05, 2.545513257246057e-05, 2.545513257246057e-05, 2.545513257246057e-05, 2.545513257246057e-05, 2.5455132458773733e-05, 2.5455132458773733e-05, 2.5455132458773733e-05, 2.5455132458773733e-05, 2.5455132458773733e-05, 2.5455132458773733e-05, 2.5455132458773733e-05, 2.5455132458773733e-05, 2.5455132458773733e-05, 2.5455132458773733e-05, 2.5455132458773733e-05]","{""cognitive_weight"": 1.5, ""inertia_weight"": 0.7, ""max_iterations"": 140, ""social_weight"": 1.5, ""swarm_size"": 50}"
schwefel,Schwefel,91,1559,pso,PSO,2,"[-500.0, 500.0]","[420.968746, 420.968746]","[420.9687454018443, 420.968746411723]",2.5455132458773733e-05,7.261584434944956e-07,140,7050,"[104.87375699264385, 104.87375699264385, 42.24268533297732, 42.24268533297732, 42.24268533297732, 35.64041719992815, 15.316516958787815, 15.316516958787815, 8.16714346568233, 0.9467977540698485, 0.9467977540698485, 0.9467977540698485, 0.9467977540698485, 0.09280608051813033, 0.09280608051813033, 0.09280608051813033, 0.09280608051813033, 0.09280608051813033, 0.09280608051813033, 0.09280608051813033, 0.017080881740639597, 0.017080881740639597, 0.017080881740639597, 0.017080881740639597, 0.017080881740639597, 0.01531563023797844, 0.002582336670229779, 0.002582336670229779, 0.002582336670229779, 0.002582336670229779, 0.002582336670229779, 0.002582336670229779, 0.002582336670229779, 0.002582336670229779, 0.002582336670229779, 0.002582336670229779, 0.0011976140192473395, 0.000938380502475411, 0.000938380502475411, 0.00024427653022485174, 0.00024427653022485174, 0.00024427653022485174, 0.00024427653022485174, 0.00024427653022485174, 0.00024427653022485174, 0.00024427653022485174, 0.00024427653022485174, 0.00024427653022485174, 0.0001866821560270182, 7.894571876931877e-05, 7.894571876931877e-05, 6.68969942125841e-05, 6.68969942125841e-05, 6.68969942125841e-05, 6.68969942125841e-05, 6.68969942125841e-05, 6.211590289240121e-05, 4.750904815864487e-05, 3.0864398013363825e-05, 3.0864398013363825e-05, 2.7713818781194277e-05, 2.7713818781194277e-05, 2.7713818781194277e-05, 2.5834843199845636e-05, 2.5834843199845636e-05, 2.5834843199845636e-05, 2.5834843199845636e-05, 2.5834843199845636e-05, 2.5834843199845636e-05, 2.5834843199845636e-05, 2.5834843199845636e-05, 2.5547738005116116e-05, 2.5547738005116116e-05, 2.5547738005116116e-05, 2.5547738005116116e-05, 2.5547738005116116e-05, 2.5547738005116116e-05, 2.5547738005116116e-05, 2.5479534315309138e-05, 2.54630867857486e-05, 2.54630867857486e-05, 2.54630867857486e-05, 2.54630867857486e-05, 2.54630867857486e-05, 2.54630867857486e-05, 2.545676079535042e-05, 2.545676079535042e-05, 2.5455315949329815e-05, 2.5455315949329815e-05, 2.5455315949329815e-05, 2.5455315949329815e-05, 2.5455315949329815e-05, 2.5455315949329815e-05, 2.5455315949329815e-05, 2.5455315949329815e-05, 2.5455315949329815e-05, 2.545528582231782e-05, 2.545528582231782e-05, 2.545528582231782e-05, 2.545527377151302e-05, 2.545527377151302e-05, 2.5455220566072967e-05, 2.5455220566072967e-05, 2.5455165769017185e-05, 2.5455165769017185e-05, 2.5455165769017185e-05, 2.5455165769017185e-05, 2.5455165769017185e-05, 2.5455147806496825e-05, 2.5455147806496825e-05, 2.545513564200519e-05, 2.545513564200519e-05, 2.545513564200519e-05, 2.545513564200519e-05, 2.545513564200519e-05, 2.545513564200519e-05, 2.545513359564211e-05, 2.545513359564211e-05, 2.545513359564211e-05, 2.545513359564211e-05, 2.5455132799834246e-05, 2.5455132799834246e-05, 2.5455132799834246e-05, 2.5455132686147408e-05, 2.545513257246057e-05, 2.545513257246057e-05, 2.545513257246057e-05, 2.545513257246057e-05, 2.545513257246057e-05, 2.545513257246057e-05, 2.545513257246057e-05, 2.545513257246057e-05, 2.5455132458773733e-05, 2.5455132458773733e-05, 2.5455132458773733e-05, 2.5455132458773733e-05, 2.5455132458773733e-05, 2.5455132458773733e-05, 2.5455132458773733e-05, 2.5455132458773733e-05, 2.5455132458773733e-05]","{""cognitive_weight"": 1.5, ""inertia_weight"": 0.7, ""max_iterations"": 140, ""social_weight"": 1.5, ""swarm_size"": 50}"
schwefel,Schwefel,92,1560,pso,PSO,2,"[-500.0, 500.0]","[420.968746, 420.968746]","[420.9687470207244, 420.9687463728951]",2.5455132458773733e-05,1.0867055692422265e-06,140,7050,"[11.571892683285114, 11.571892683285114, 11.571892683285114, 11.571892683285114, 11.571892683285114, 11.571892683285114, 0.9222772593516311, 0.9222772593516311, 0.9222772593516311, 0.9222772593516311, 0.9222772593516311, 0.9222772593516311, 0.5976152626856219, 0.5976152626856219, 0.5976152626856219, 0.5976152626856219, 0.5976152626856219, 0.5976152626856219, 0.5976152626856219, 0.4545963184307311, 0.4545963184307311, 0.27446264993773184, 0.14124997428405095, 0.09737742034030816, 0.09737742034030816, 0.09737742034030816, 0.09737742034030816, 0.04816471554056534, 0.04816471554056534, 0.04816471554056534, 0.00025250934731957386, 0.00025250934731957386, 0.00025250934731957386, 0.00025250934731957386, 0.00025250934731957386, 0.00025250934731957386, 0.00025250934731957386, 0.00025250934731957386, 0.00025250934731957386, 0.00025250934731957386, 0.00025250934731957386, 0.00025250934731957386, 0.00025250934731957386, 0.00025250934731957386, 0.00025250934731957386, 0.00018128435090147832, 0.00018128435090147832, 0.00018128435090147832, 6.115421115282516e-05, 6.115421115282516e-05, 6.115421115282516e-05, 6.115421115282516e-05, 6.115421115282516e-05, 3.701679474943376e-05, 3.674980644063908e-05, 3.674980644063908e-05, 3.0176611744536785e-05, 2.5637109274612158e-05, 2.5637109274612158e-05, 2.5637109274612158e-05, 2.5637109274612158e-05, 2.5637109274612158e-05, 2.5637109274612158e-05, 2.5637109274612158e-05, 2.5637109274612158e-05, 2.5637109274612158e-05, 2.5494876012999157e-05, 2.5494876012999157e-05, 2.5494876012999157e-05, 2.5494876012999157e-05, 2.5494876012999157e-05, 2.5494876012999157e-05, 2.5494876012999157e-05, 2.5465961243753554e-05, 2.5465961243753554e-05, 2.545539712173195e-05, 2.5455234663240844e-05, 2.5455234663240844e-05, 2.5455234663240844e-05, 2.5455234663240844e-05, 2.5455234663240844e-05, 2.5455234663240844e-05, 2.5455234663240844e-05, 2.5455234663240844e-05, 2.5455234663240844e-05, 2.5455234663240844e-05, 2.545513802942878e-05, 2.545513802942878e-05, 2.545513802942878e-05, 2.545513802942878e-05, 2.545513802942878e-05, 2.545513802942878e-05, 2.545513802942878e-05, 2.545513802942878e-05, 2.5455133481955272e-05, 2.5455133481955272e-05, 2.5455133481955272e-05, 2.5455133481955272e-05, 2.5455133481955272e-05, 2.5455133481955272e-05, 2.5455133481955272e-05, 2.5455133481955272e-05, 2.5455133481955272e-05, 2.5455133481955272e-05, 2.5455133481955272e-05, 2.5455133481955272e-05, 2.5455133481955272e-05, 2.5455133481955272e-05, 2.5455133481955272e-05, 2.5455133481955272e-05, 2.5455133481955272e-05, 2.5455133481955272e-05, 2.5455133481955272e-05, 2.5455133481955272e-05, 2.5455132799834246e-05, 2.5455132799834246e-05, 2.5455132799834246e-05, 2.5455132799834246e-05, 2.5455132799834246e-05, 2.545513257246057e-05, 2.545513257246057e-05, 2.545513257246057e-05, 2.545513257246057e-05, 2.545513257246057e-05, 2.545513257246057e-05, 2.545513257246057e-05, 2.545513257246057e-05, 2.545513257246057e-05, 2.545513257246057e-05, 2.545513257246057e-05, 2.5455132458773733e-05, 2.5455132458773733e-05, 2.5455132458773733e-05, 2.5455132458773733e-05, 2.5455132458773733e-05, 2.5455132458773733e-05, 2.5455132458773733e-05, 2.5455132458773733e-05, 2.5455132458773733e-05, 2.5455132458773733e-05, 2.5455132458773733e-05]","{""cognitive_weight"": 1.5, ""inertia_weight"": 0.7, ""max_iterations"": 140, ""social_weight"": 1.5, ""swarm_size"": 50}"
schwefel,Schwefel,93,1561,pso,PSO,2,"[-500.0, 500.0]","[420.968746, 420.968746]","[420.9687463156608, 420.96874686373684]",2.5455132458773733e-05,9.19610261366163e-07,140,7050,"[42.29863622350763, 42.29863622350763, 42.29863622350763, 42.29863622350763, 42.29863622350763, 42.29863622350763, 20.05583898073246, 20.05583898073246, 8.11566903173889, 4.239591559441578, 4.239591559441578, 3.4537435417314555, 3.4537435417314555, 1.0240087262014868, 1.0240087262014868, 0.858158605311246, 0.26824313608585726, 0.17779974156758271, 0.17779974156758271, 0.17779974156758271, 0.17779974156758271, 0.052334308546051034, 0.007891652134730975, 0.0007431501323935663, 0.0007431501323935663, 0.00013972160411412915, 0.00013972160411412915, 0.00013972160411412915, 0.00013972160411412915, 0.00013972160411412915, 0.00013972160411412915, 0.00013972160411412915, 0.00013972160411412915, 0.00013972160411412915, 0.00013972160411412915, 0.00013972160411412915, 0.00013972160411412915, 0.00013972160411412915, 0.00013972160411412915, 0.00013972160411412915, 0.00013972160411412915, 0.00013972160411412915, 0.00013972160411412915, 0.00013972160411412915, 0.00013972160411412915, 0.00013972160411412915, 0.00013972160411412915, 0.00013972160411412915, 6.130234874035523e-05, 6.130234874035523e-05, 6.130234874035523e-05, 6.130234874035523e-05, 6.130234874035523e-05, 6.130234874035523e-05, 6.130234874035523e-05, 6.130234874035523e-05, 3.259140692080109e-05, 3.2521323532819224e-05, 2.7311295752951992e-05, 2.6012636453742743e-05, 2.6012636453742743e-05, 2.6012636453742743e-05, 2.6012636453742743e-05, 2.6012636453742743e-05, 2.6012636453742743e-05, 2.553509420977207e-05, 2.553509420977207e-05, 2.553509420977207e-05, 2.553509420977207e-05, 2.5471959816059098e-05, 2.5471959816059098e-05, 2.5471959816059098e-05, 2.5471959816059098e-05, 2.5471959816059098e-05, 2.5471959816059098e-05, 2.5467713044236007e-05, 2.546691302995896e-05, 2.546691302995896e-05, 2.5466620968472853e-05, 2.5455353352299426e-05, 2.5455353352299426e-05, 2.5455353352299426e-05, 2.5455353352299426e-05, 2.5455353352299426e-05, 2.5455353352299426e-05, 2.5455353352299426e-05, 2.545525626374001e-05, 2.545525626374001e-05, 2.545525626374001e-05, 2.545525626374001e-05, 2.545516554164351e-05, 2.545516554164351e-05, 2.545516554164351e-05, 2.545516554164351e-05, 2.5455134277763136e-05, 2.5455134277763136e-05, 2.5455134277763136e-05, 2.5455134277763136e-05, 2.5455134277763136e-05, 2.5455134277763136e-05, 2.54551341640763e-05, 2.54551341640763e-05, 2.54551341640763e-05, 2.5455133254581597e-05, 2.5455133254581597e-05, 2.5455132799834246e-05, 2.5455132799834246e-05, 2.5455132686147408e-05, 2.5455132686147408e-05, 2.5455132686147408e-05, 2.5455132686147408e-05, 2.5455132686147408e-05, 2.545513257246057e-05, 2.545513257246057e-05, 2.545513257246057e-05, 2.545513257246057e-05, 2.545513257246057e-05, 2.545513257246057e-05, 2.545513257246057e-05, 2.545513257246057e-05, 2.545513257246057e-05, 2.545513257246057e-05, 2.545513257246057e-05, 2.545513257246057e-05, 2.545513257246057e-05, 2.545513257246057e-05, 2.545513257246057e-05, 2.545513257246057e-05, 2.545513257246057e-05, 2.545513257246057e-05, 2.545513257246057e-05, 2.545513257246057e-05, 2.545513257246057e-05, 2.545513257246057e-05, 2.545513257246057e-05, 2.545513257246057e-05, 2.545513257246057e-05, 2.5455132458773733e-05, 2.5455132458773733e-05, 2.5455132458773733e-05, 2.5455132458773733e-05]","{""cognitive_weight"": 1.5, ""inertia_weight"": 0.7, ""max_iterations"": 140, ""social_weight"": 1.5, ""swarm_size"": 50}"
schwefel,Schwefel,94,1562,pso,PSO,2,"[-500.0, 500.0]","[420.968746, 420.968746]","[420.96874662814673, 420.96874581156845]",2.5455132458773733e-05,6.558008509573825e-07,140,7050,"[292.23203794455253, 244.4613528836221, 244.4613528836221, 27.841541293720184, 6.539222075022508, 6.539222075022508, 5.776029229426058, 5.776029229426058, 2.40916329950187, 2.40916329950187, 2.40916329950187, 1.1144177043483978, 0.08822617694409018, 0.08822617694409018, 0.08822617694409018, 0.08822617694409018, 0.08822617694409018, 0.08822617694409018, 0.08822617694409018, 0.08822617694409018, 0.04257998706043509, 0.04257998706043509, 0.04257998706043509, 0.03019088702433237, 0.024936333030609603, 0.024936333030609603, 0.024936333030609603, 0.024936333030609603, 0.024936333030609603, 0.00528494545585545, 0.00528494545585545, 0.00528494545585545, 0.0020846917191192915, 0.0020846917191192915, 0.0020846917191192915, 0.0017862319565438156, 0.0011990325125452728, 0.0011990325125452728, 0.0011990325125452728, 0.0011990325125452728, 0.00036587944316579524, 0.00036587944316579524, 0.00027492294157127617, 0.00027492294157127617, 0.00027492294157127617, 0.0002614709637782653, 4.294937059512449e-05, 4.294937059512449e-05, 3.130855702693225e-05, 3.130855702693225e-05, 2.85146398937286e-05, 2.85146398937286e-05, 2.85146398937286e-05, 2.85146398937286e-05, 2.85146398937286e-05, 2.85146398937286e-05, 2.85146398937286e-05, 2.85146398937286e-05, 2.85146398937286e-05, 2.85146398937286e-05, 2.619659414904163e-05, 2.619659414904163e-05, 2.619659414904163e-05, 2.608967565720377e-05, 2.6047714527521748e-05, 2.5629991341702407e-05, 2.5629991341702407e-05, 2.557566631367081e-05, 2.557566631367081e-05, 2.552031094182894e-05, 2.552031094182894e-05, 2.552031094182894e-05, 2.552031094182894e-05, 2.5457507149440062e-05, 2.5457507149440062e-05, 2.5457507149440062e-05, 2.5457507149440062e-05, 2.5457507149440062e-05, 2.5457507149440062e-05, 2.5457507149440062e-05, 2.545515860674641e-05, 2.545515860674641e-05, 2.545515860674641e-05, 2.545515860674641e-05, 2.545515860674641e-05, 2.545515860674641e-05, 2.545515860674641e-05, 2.545515860674641e-05, 2.545515860674641e-05, 2.545515860674641e-05, 2.545515860674641e-05, 2.545515860674641e-05, 2.545515860674641e-05, 2.545515860674641e-05, 2.545515860674641e-05, 2.545515860674641e-05, 2.545515860674641e-05, 2.545515860674641e-05, 2.545515860674641e-05, 2.545515860674641e-05, 2.545515860674641e-05, 2.545515860674641e-05, 2.545515860674641e-05, 2.545515508245444e-05, 2.545515508245444e-05, 2.545515508245444e-05, 2.5455147465436312e-05, 2.5455147465436312e-05, 2.5455147465436312e-05, 2.545514462326537e-05, 2.5455138484176132e-05, 2.5455138484176132e-05, 2.5455137915741943e-05, 2.5455132799834246e-05, 2.5455132799834246e-05, 2.5455132799834246e-05, 2.5455132799834246e-05, 2.5455132799834246e-05, 2.5455132799834246e-05, 2.5455132799834246e-05, 2.5455132799834246e-05, 2.5455132799834246e-05, 2.5455132799834246e-05, 2.5455132686147408e-05, 2.5455132686147408e-05, 2.545513257246057e-05, 2.545513257246057e-05, 2.545513257246057e-05, 2.545513257246057e-05, 2.5455132458773733e-05, 2.5455132458773733e-05, 2.5455132458773733e-05, 2.5455132458773733e-05, 2.5455132458773733e-05, 2.5455132458773733e-05, 2.5455132458773733e-05, 2.5455132458773733e-05, 2.5455132458773733e-05, 2.5455132458773733e-05, 2.5455132458773733e-05, 2.5455132458773733e-05]","{""cognitive_weight"": 1.5, ""inertia_weight"": 0.7, ""max_iterations"": 140, ""social_weight"": 1.5, ""swarm_size"": 50}"
schwefel,Schwefel,95,1563,pso,PSO,2,"[-500.0, 500.0]","[420.968746, 420.968746]","[420.96874743174243, 420.9687466189262]",2.545513257246057e-05,1.5597935776717926e-06,140,7050,"[333.7395688251658, 333.7395688251658, 154.78996625982347, 154.78996625982347, 154.78996625982347, 154.78996625982347, 71.9069006731429, 31.152611961766297, 16.605536768552497, 7.376413615169213, 7.376413615169213, 7.376413615169213, 7.376413615169213, 4.694636044061099, 4.694636044061099, 1.0432350857165602, 1.0432350857165602, 0.08954920474775463, 0.014977132273315874, 0.014977132273315874, 0.014977132273315874, 0.014977132273315874, 0.014977132273315874, 0.014977132273315874, 0.014977132273315874, 0.014977132273315874, 0.014977132273315874, 0.014977132273315874, 0.014977132273315874, 0.00022622073288403044, 0.00022622073288403044, 0.00022622073288403044, 0.00022622073288403044, 0.00022622073288403044, 0.00022622073288403044, 0.00022622073288403044, 0.00022622073288403044, 0.00022622073288403044, 0.00022622073288403044, 0.00022622073288403044, 0.00022622073288403044, 0.00022622073288403044, 0.00022622073288403044, 0.00010515212773043459, 3.6794646348425886e-05, 3.6794646348425886e-05, 3.6794646348425886e-05, 3.6794646348425886e-05, 3.6794646348425886e-05, 3.6794646348425886e-05, 2.844660434675461e-05, 2.844660434675461e-05, 2.844660434675461e-05, 2.844660434675461e-05, 2.844660434675461e-05, 2.844660434675461e-05, 2.844660434675461e-05, 2.844660434675461e-05, 2.844660434675461e-05, 2.844660434675461e-05, 2.844660434675461e-05, 2.844660434675461e-05, 2.844660434675461e-05, 2.844660434675461e-05, 2.844660434675461e-05, 2.844660434675461e-05, 2.5695261115288304e-05, 2.5695261115288304e-05, 2.5695261115288304e-05, 2.5695261115288304e-05, 2.5695261115288304e-05, 2.5695261115288304e-05, 2.5626979891058e-05, 2.5626979891058e-05, 2.5626962042224477e-05, 2.5479459281996242e-05, 2.5479459281996242e-05, 2.5479459281996242e-05, 2.5479459281996242e-05, 2.5479459281996242e-05, 2.5479459281996242e-05, 2.5467803425271995e-05, 2.5465733074270247e-05, 2.545564507272502e-05, 2.545564507272502e-05, 2.545564507272502e-05, 2.545564507272502e-05, 2.545564507272502e-05, 2.545564507272502e-05, 2.545549079968623e-05, 2.545549079968623e-05, 2.545549079968623e-05, 2.545549079968623e-05, 2.545541008203145e-05, 2.5455269678786863e-05, 2.5455159175180597e-05, 2.5455159175180597e-05, 2.5455146669628448e-05, 2.5455146669628448e-05, 2.5455145305386395e-05, 2.545514053053921e-05, 2.545514053053921e-05, 2.545514007579186e-05, 2.545513700624724e-05, 2.545513552831835e-05, 2.5455134846197325e-05, 2.5455134391449974e-05, 2.5455134391449974e-05, 2.5455133936702623e-05, 2.5455133936702623e-05, 2.5455133709328948e-05, 2.5455133709328948e-05, 2.5455133709328948e-05, 2.5455133481955272e-05, 2.5455133254581597e-05, 2.5455133254581597e-05, 2.5455133254581597e-05, 2.545513257246057e-05, 2.545513257246057e-05, 2.545513257246057e-05, 2.545513257246057e-05, 2.545513257246057e-05, 2.545513257246057e-05, 2.545513257246057e-05, 2.545513257246057e-05, 2.545513257246057e-05, 2.545513257246057e-05, 2.545513257246057e-05, 2.545513257246057e-05, 2.545513257246057e-05, 2.545513257246057e-05, 2.545513257246057e-05, 2.545513257246057e-05, 2.545513257246057e-05, 2.545513257246057e-05, 2.545513257246057e-05, 2.545513257246057e-05, 2.545513257246057e-05, 2.545513257246057e-05, 2.545513257246057e-05, 2.545513257246057e-05]","{""cognitive_weight"": 1.5, ""inertia_weight"": 0.7, ""max_iterations"": 140, ""social_weight"": 1.5, ""swarm_size"": 50}"
schwefel,Schwefel,96,1564,pso,PSO,2,"[-500.0, 500.0]","[420.968746, 420.968746]","[-302.524935796197, 420.968745985895]",118.43836006957031,723.493681796197,140,7050,"[306.08042912576207, 306.08042912576207, 197.90755545026764, 197.90755545026764, 197.90755545026764, 129.88583767095292, 129.88583767095292, 129.88583767095292, 129.88583767095292, 129.88583767095292, 129.88583767095292, 129.01592253672482, 121.81129106716298, 121.81129106716298, 121.81129106716298, 120.15981226780832, 120.15981226780832, 120.15981226780832, 120.15981226780832, 119.79696159544619, 118.54131719004613, 118.54131719004613, 118.54131719004613, 118.44173435218272, 118.44173435218272, 118.44173435218272, 118.44173435218272, 118.44173435218272, 118.44173435218272, 118.44044302576253, 118.44044302576253, 118.44044302576253, 118.43840420211518, 118.43840420211518, 118.43840420211518, 118.43840420211518, 118.43840420211518, 118.43840420211518, 118.43840420211518, 118.43840420211518, 118.43840420211518, 118.43840420211518, 118.43840420211518, 118.43837162679642, 118.43837162679642, 118.43837162679642, 118.43837162679642, 118.43837162679642, 118.43837162679642, 118.43837162679642, 118.43837162679642, 118.43837162679642, 118.43837162679642, 118.43837162679642, 118.43837162679642, 118.43837162679642, 118.43837162679642, 118.43837162679642, 118.43837162679642, 118.43837162679642, 118.43837162679642, 118.43837162679642, 118.43837162679642, 118.43837162679642, 118.43837162679642, 118.43837162679642, 118.43837162679642, 118.43837162679642, 118.43837162679642, 118.43837162679642, 118.43837034569503, 118.43837034569503, 118.43836285082057, 118.43836150767231, 118.43836150767231, 118.43836023762901, 118.43836023762901, 118.43836020762546, 118.43836020762546, 118.43836020762546, 118.43836020762546, 118.43836009127313, 118.43836009127313, 118.43836008936023, 118.43836008936023, 118.43836008696371, 118.43836008696371, 118.43836007951927, 118.43836007951927, 118.43836007846971, 118.43836007846971, 118.43836007846971, 118.43836007119694, 118.43836007087953, 118.43836007016273, 118.43836007016273, 118.43836007016273, 118.43836007016273, 118.43836006981599, 118.43836006981599, 118.43836006981599, 118.43836006958486, 118.43836006958486, 118.43836006958486, 118.43836006958486, 118.43836006958486, 118.43836006958486, 118.43836006958486, 118.43836006958486, 118.43836006957758, 118.43836006957758, 118.43836006957758, 118.43836006957758, 118.43836006957758, 118.43836006957758, 118.43836006957758, 118.43836006957702, 118.43836006957213, 118.4383600695711, 118.4383600695711, 118.4383600695711, 118.4383600695711, 118.43836006957076, 118.43836006957054, 118.43836006957054, 118.43836006957054, 118.43836006957054, 118.43836006957054, 118.43836006957031, 118.43836006957031, 118.43836006957031, 118.43836006957031, 118.43836006957031, 118.43836006957031, 118.43836006957031, 118.43836006957031, 118.43836006957031, 118.43836006957031, 118.43836006957031, 118.43836006957031, 118.43836006957031]","{""cognitive_weight"": 1.5, ""inertia_weight"": 0.7, ""max_iterations"": 140, ""social_weight"": 1.5, ""swarm_size"": 50}"
schwefel,Schwefel,97,1565,pso,PSO,2,"[-500.0, 500.0]","[420.968746, 420.968746]","[420.9687465358937, 420.9687462572725]",2.5455132345086895e-05,5.944503051978737e-07,140,7050,"[321.96657213293634, 220.695395549159, 220.695395549159, 220.695395549159, 220.695395549159, 53.685773212710615, 2.9936615153571893, 2.9936615153571893, 2.9936615153571893, 2.9936615153571893, 2.9936615153571893, 2.9936615153571893, 2.4952716395135894, 0.07915198436387527, 0.07260746292797648, 0.050790271614459925, 0.050790271614459925, 0.050790271614459925, 0.050790271614459925, 0.050790271614459925, 0.050790271614459925, 0.04664044883190854, 0.04664044883190854, 0.04664044883190854, 0.04526142356553464, 0.030628007192717632, 0.030628007192717632, 0.011876826706497923, 0.011876826706497923, 0.001666691276000165, 0.001666691276000165, 0.001666691276000165, 0.001666691276000165, 0.001666691276000165, 0.0008291679819194542, 0.0008291679819194542, 0.0007229971732840568, 0.0007229971732840568, 0.0007229971732840568, 0.0006983879288782191, 0.0006983879288782191, 0.00011227989352846635, 0.00011227989352846635, 0.00011227989352846635, 0.00011227989352846635, 0.00011227989352846635, 8.59078963912907e-05, 8.374273647859809e-05, 8.374273647859809e-05, 8.374273647859809e-05, 8.374273647859809e-05, 4.3520154349607765e-05, 4.3520154349607765e-05, 4.3520154349607765e-05, 2.666277384832938e-05, 2.666277384832938e-05, 2.666277384832938e-05, 2.666277384832938e-05, 2.666277384832938e-05, 2.666277384832938e-05, 2.666277384832938e-05, 2.666277384832938e-05, 2.666277384832938e-05, 2.666277384832938e-05, 2.666277384832938e-05, 2.5702864149934612e-05, 2.5702864149934612e-05, 2.5681978627289936e-05, 2.5681978627289936e-05, 2.5637261614974705e-05, 2.548947793457046e-05, 2.548947793457046e-05, 2.548947793457046e-05, 2.548947793457046e-05, 2.5462168878220837e-05, 2.5462168878220837e-05, 2.5462168878220837e-05, 2.5462168878220837e-05, 2.5462168878220837e-05, 2.5462168878220837e-05, 2.5462168878220837e-05, 2.546060386521276e-05, 2.546060386521276e-05, 2.5455351533310022e-05, 2.5455351533310022e-05, 2.54552059004709e-05, 2.54552059004709e-05, 2.54552059004709e-05, 2.54552059004709e-05, 2.545513257246057e-05, 2.545513257246057e-05, 2.545513257246057e-05, 2.545513257246057e-05, 2.545513257246057e-05, 2.545513257246057e-05, 2.545513257246057e-05, 2.545513257246057e-05, 2.545513257246057e-05, 2.545513257246057e-05, 2.545513257246057e-05, 2.545513257246057e-05, 2.545513257246057e-05, 2.545513257246057e-05, 2.545513257246057e-05, 2.545513257246057e-05, 2.545513257246057e-05, 2.545513257246057e-05, 2.545513257246057e-05, 2.545513257246057e-05, 2.545513257246057e-05, 2.545513257246057e-05, 2.545513257246057e-05, 2.545513257246057e-05, 2.545513257246057e-05, 2.545513257246057e-05, 2.545513257246057e-05, 2.545513257246057e-05, 2.545513257246057e-05, 2.545513257246057e-05, 2.545513257246057e-05, 2.545513257246057e-05, 2.545513257246057e-05, 2.545513257246057e-05, 2.5455132458773733e-05, 2.5455132458773733e-05, 2.5455132458773733e-05, 2.5455132458773733e-05, 2.5455132345086895e-05, 2.5455132345086895e-05, 2.5455132345086895e-05, 2.5455132345086895e-05, 2.5455132345086895e-05, 2.5455132345086895e-05, 2.5455132345086895e-05, 2.5455132345086895e-05, 2.5455132345086895e-05, 2.5455132345086895e-05, 2.5455132345086895e-05, 2.5455132345086895e-05, 2.5455132345086895e-05, 2.5455132345086895e-05]","{""cognitive_weight"": 1.5, ""inertia_weight"": 0.7, ""max_iterations"": 140, ""social_weight"": 1.5, ""swarm_size"": 50}"
schwefel,Schwefel,98,1566,pso,PSO,2,"[-500.0, 500.0]","[420.968746, 420.968746]","[420.96874622511484, 420.96874724775233]",2.545513257246057e-05,1.2678968989949793e-06,140,7050,"[360.126834968685, 360.126834968685, 360.126834968685, 360.126834968685, 244.42496308083673, 0.36513529342335005, 0.36513529342335005, 0.36513529342335005, 0.36513529342335005, 0.36513529342335005, 0.36513529342335005, 0.36513529342335005, 0.36513529342335005, 0.36513529342335005, 0.36513529342335005, 0.36513529342335005, 0.36513529342335005, 0.27057589520109104, 0.27057589520109104, 0.27057589520109104, 0.27057589520109104, 0.16756616490533816, 0.16756616490533816, 0.16756616490533816, 0.16756616490533816, 0.0707582530963009, 0.0707582530963009, 0.013971966881172193, 0.013971966881172193, 0.013971966881172193, 0.013971966881172193, 0.011593802733386838, 0.011593802733386838, 0.011593802733386838, 0.011593802733386838, 0.005609960720448726, 0.005609960720448726, 0.005609960720448726, 0.005609960720448726, 0.0009410813579506794, 0.0003473106633009593, 0.0003473106633009593, 0.0003473106633009593, 0.0003473106633009593, 0.0003473106633009593, 0.00020539085835480364, 0.00020539085835480364, 0.0001866718679366386, 0.0001866718679366386, 0.0001866718679366386, 7.442579999406007e-05, 7.442579999406007e-05, 7.442579999406007e-05, 7.442579999406007e-05, 7.442579999406007e-05, 5.237485720499535e-05, 5.237485720499535e-05, 5.237485720499535e-05, 3.254441412536835e-05, 3.254441412536835e-05, 3.254441412536835e-05, 2.9766825946353492e-05, 2.9766825946353492e-05, 2.9766825946353492e-05, 2.5628025923651876e-05, 2.5628025923651876e-05, 2.5628025923651876e-05, 2.5628025923651876e-05, 2.5628025923651876e-05, 2.5628025923651876e-05, 2.5628025923651876e-05, 2.5628025923651876e-05, 2.5628025923651876e-05, 2.5628025923651876e-05, 2.5628025923651876e-05, 2.5561125085005187e-05, 2.5561125085005187e-05, 2.5561125085005187e-05, 2.5561125085005187e-05, 2.5561125085005187e-05, 2.5561125085005187e-05, 2.5521806946926517e-05, 2.5481944021521485e-05, 2.5459066364419414e-05, 2.5459066364419414e-05, 2.5457901074332767e-05, 2.5457901074332767e-05, 2.5457901074332767e-05, 2.5457798415118305e-05, 2.545611903315148e-05, 2.545611903315148e-05, 2.5455710101596196e-05, 2.5455164404775132e-05, 2.5455164404775132e-05, 2.5455164404775132e-05, 2.5455164404775132e-05, 2.5455164404775132e-05, 2.5455164404775132e-05, 2.5455164404775132e-05, 2.5455164404775132e-05, 2.5455164404775132e-05, 2.5455164404775132e-05, 2.5455139848418185e-05, 2.5455139848418185e-05, 2.5455139848418185e-05, 2.5455139848418185e-05, 2.5455139848418185e-05, 2.5455139848418185e-05, 2.5455139848418185e-05, 2.5455139848418185e-05, 2.5455139848418185e-05, 2.545513666518673e-05, 2.545513666518673e-05, 2.545513666518673e-05, 2.545513257246057e-05, 2.545513257246057e-05, 2.545513257246057e-05, 2.545513257246057e-05, 2.545513257246057e-05, 2.545513257246057e-05, 2.545513257246057e-05, 2.545513257246057e-05, 2.545513257246057e-05, 2.545513257246057e-05, 2.545513257246057e-05, 2.545513257246057e-05, 2.545513257246057e-05, 2.545513257246057e-05, 2.545513257246057e-05, 2.545513257246057e-05, 2.545513257246057e-05, 2.545513257246057e-05, 2.545513257246057e-05, 2.545513257246057e-05, 2.545513257246057e-05, 2.545513257246057e-05, 2.545513257246057e-05, 2.545513257246057e-05, 2.545513257246057e-05, 2.545513257246057e-05, 2.545513257246057e-05]","{""cognitive_weight"": 1.5, ""inertia_weight"": 0.7, ""max_iterations"": 140, ""social_weight"": 1.5, ""swarm_size"": 50}"
schwefel,Schwefel,99,1567,pso,PSO,2,"[-500.0, 500.0]","[420.968746, 420.968746]","[420.96874692817096, 420.9687457096638]",2.5455132458773733e-05,9.725206610758172e-07,140,7050,"[124.70881360668693, 119.5090743588596, 119.5090743588596, 119.5090743588596, 119.5090743588596, 36.466260745228965, 36.466260745228965, 36.466260745228965, 19.06379578963663, 5.486796837208544, 0.5132426349264279, 0.22613569073678264, 0.22613569073678264, 0.22613569073678264, 0.22613569073678264, 0.21617143524099447, 0.21617143524099447, 0.21617143524099447, 0.17152374749753108, 0.0008765275642872439, 0.0008765275642872439, 0.0008765275642872439, 0.0008765275642872439, 0.0008765275642872439, 0.0008765275642872439, 0.0008765275642872439, 0.0008765275642872439, 0.0008765275642872439, 0.0008765275642872439, 0.0008765275642872439, 0.0008765275642872439, 0.00032146064847893285, 0.00029822532678736025, 0.00029822532678736025, 0.00029822532678736025, 0.00029822532678736025, 0.0001247521686309483, 0.0001247521686309483, 0.0001247521686309483, 0.0001247521686309483, 0.0001247521686309483, 0.0001247521686309483, 0.0001247521686309483, 0.0001247521686309483, 5.446095292427344e-05, 5.446095292427344e-05, 5.446095292427344e-05, 4.780783808655542e-05, 4.780783808655542e-05, 4.780783808655542e-05, 4.780783808655542e-05, 4.780783808655542e-05, 4.780783808655542e-05, 4.780783808655542e-05, 2.679660133253492e-05, 2.679660133253492e-05, 2.679660133253492e-05, 2.679660133253492e-05, 2.679660133253492e-05, 2.679660133253492e-05, 2.679660133253492e-05, 2.630693461469491e-05, 2.630693461469491e-05, 2.630693461469491e-05, 2.630693461469491e-05, 2.623777595545107e-05, 2.623777595545107e-05, 2.6015520461442065e-05, 2.5794621024033404e-05, 2.5794621024033404e-05, 2.5562004452694964e-05, 2.555029016093613e-05, 2.553665740379074e-05, 2.553665740379074e-05, 2.553665740379074e-05, 2.552746127548744e-05, 2.552746127548744e-05, 2.5517847006994998e-05, 2.5470179252806702e-05, 2.5470179252806702e-05, 2.5470179252806702e-05, 2.5459173230046872e-05, 2.5459173230046872e-05, 2.5459173230046872e-05, 2.5459173230046872e-05, 2.5455470563429117e-05, 2.5455470563429117e-05, 2.5455470563429117e-05, 2.5455470563429117e-05, 2.5455470563429117e-05, 2.5455470563429117e-05, 2.5455470563429117e-05, 2.5455470563429117e-05, 2.5455284003328416e-05, 2.5455284003328416e-05, 2.5455284003328416e-05, 2.5455284003328416e-05, 2.5455284003328416e-05, 2.5455284003328416e-05, 2.5455284003328416e-05, 2.5455227614656906e-05, 2.5455162358412053e-05, 2.5455156219322816e-05, 2.5455156219322816e-05, 2.5455156219322816e-05, 2.5455155309828115e-05, 2.5455155309828115e-05, 2.545513314089476e-05, 2.545513314089476e-05, 2.545513314089476e-05, 2.545513302720792e-05, 2.545513302720792e-05, 2.5455132799834246e-05, 2.5455132799834246e-05, 2.5455132799834246e-05, 2.5455132799834246e-05, 2.5455132799834246e-05, 2.5455132799834246e-05, 2.5455132799834246e-05, 2.5455132799834246e-05, 2.545513257246057e-05, 2.545513257246057e-05, 2.545513257246057e-05, 2.545513257246057e-05, 2.545513257246057e-05, 2.545513257246057e-05, 2.545513257246057e-05, 2.545513257246057e-05, 2.545513257246057e-05, 2.545513257246057e-05, 2.545513257246057e-05, 2.5455132458773733e-05, 2.5455132458773733e-05, 2.5455132458773733e-05, 2.5455132458773733e-05, 2.5455132458773733e-05, 2.5455132458773733e-05, 2.5455132458773733e-05, 2.5455132458773733e-05, 2.5455132458773733e-05, 2.5455132458773733e-05]","{""cognitive_weight"": 1.5, ""inertia_weight"": 0.7, ""max_iterations"": 140, ""social_weight"": 1.5, ""swarm_size"": 50}"
schwefel,Schwefel,100,1598,pso,PSO,2,"[-500.0, 500.0]","[420.968746, 420.968746]","[420.9687458564393, 420.96874630511627]",2.5455132458773733e-05,3.3720263014033905e-07,140,7050,"[274.4155394231609, 274.4155394231609, 52.07591845629145, 52.07591845629145, 52.07591845629145, 52.07591845629145, 16.042550670881838, 11.4732362162747, 11.4732362162747, 9.263989992231245, 2.1570532124389956, 2.1570532124389956, 2.1570532124389956, 2.1570532124389956, 2.1570532124389956, 2.1570532124389956, 1.385018351716326, 0.34157981629903134, 0.34157981629903134, 0.34157981629903134, 0.34157981629903134, 0.0809333664060432, 0.0809333664060432, 0.0809333664060432, 4.419761989993276e-05, 4.419761989993276e-05, 4.419761989993276e-05, 4.419761989993276e-05, 4.419761989993276e-05, 4.419761989993276e-05, 4.419761989993276e-05, 4.419761989993276e-05, 4.419761989993276e-05, 4.419761989993276e-05, 4.419761989993276e-05, 4.419761989993276e-05, 4.419761989993276e-05, 4.419761989993276e-05, 4.419761989993276e-05, 4.419761989993276e-05, 4.419761989993276e-05, 4.419761989993276e-05, 4.419761989993276e-05, 4.419761989993276e-05, 4.419761989993276e-05, 4.419761989993276e-05, 4.419761989993276e-05, 4.419761989993276e-05, 4.419761989993276e-05, 4.419761989993276e-05, 4.419761989993276e-05, 4.419761989993276e-05, 4.419761989993276e-05, 4.419761989993276e-05, 4.419761989993276e-05, 3.156596687858837e-05, 3.156596687858837e-05, 3.156596687858837e-05, 3.156596687858837e-05, 3.156596687858837e-05, 2.931108451775799e-05, 2.5877674374896742e-05, 2.5877674374896742e-05, 2.5877674374896742e-05, 2.5877674374896742e-05, 2.566105376899941e-05, 2.566105376899941e-05, 2.566105376899941e-05, 2.566105376899941e-05, 2.566105376899941e-05, 2.566105376899941e-05, 2.566105376899941e-05, 2.566105376899941e-05, 2.5640477019805985e-05, 2.5640477019805985e-05, 2.5567303737261682e-05, 2.5497786509731668e-05, 2.54842336744332e-05, 2.54842336744332e-05, 2.5469398565292067e-05, 2.5456922116973146e-05, 2.5456922116973146e-05, 2.5456922116973146e-05, 2.5456922116973146e-05, 2.5456922116973146e-05, 2.5456922116973146e-05, 2.5456922116973146e-05, 2.5456922116973146e-05, 2.5455444074395928e-05, 2.5455444074395928e-05, 2.5455444074395928e-05, 2.5455444074395928e-05, 2.545517600083258e-05, 2.545517600083258e-05, 2.545517600083258e-05, 2.545517600083258e-05, 2.545517600083258e-05, 2.545517600083258e-05, 2.545517600083258e-05, 2.545517600083258e-05, 2.545517600083258e-05, 2.5455138484176132e-05, 2.5455138484176132e-05, 2.5455138484176132e-05, 2.5455136892560404e-05, 2.5455136892560404e-05, 2.5455136892560404e-05, 2.5455136892560404e-05, 2.5455136892560404e-05, 2.5455136892560404e-05, 2.5455136892560404e-05, 2.5455134277763136e-05, 2.5455134277763136e-05, 2.5455134277763136e-05, 2.5455133481955272e-05, 2.5455133481955272e-05, 2.5455133481955272e-05, 2.5455133481955272e-05, 2.5455133481955272e-05, 2.5455133481955272e-05, 2.5455133481955272e-05, 2.5455133254581597e-05, 2.5455132458773733e-05, 2.5455132458773733e-05, 2.5455132458773733e-05, 2.5455132458773733e-05, 2.5455132458773733e-05, 2.5455132458773733e-05, 2.5455132458773733e-05, 2.5455132458773733e-05, 2.5455132458773733e-05, 2.5455132458773733e-05, 2.5455132458773733e-05, 2.5455132458773733e-05, 2.5455132458773733e-05, 2.5455132458773733e-05, 2.5455132458773733e-05, 2.5455132458773733e-05, 2.5455132458773733e-05, 2.5455132458773733e-05, 2.5455132458773733e-05]","{""cognitive_weight"": 1.5, ""inertia_weight"": 0.7, ""max_iterations"": 140, ""social_weight"": 1.5, ""swarm_size"": 50}"
