funcion,nombre_funcion,corrida,semilla,metodo,nombre_metodo,dimension,limites,optimo_conocido,mejor_solucion,mejor_valor,distancia_al_optimo,iteraciones,evaluaciones,best_values_history,parametros
schwefel,Schwefel,1,1362,ea,Algoritmo evolutivo,2,"[-500.0, 500.0]","[420.968746, 420.968746]","[421.4428801860487, 420.97471182336847]",0.02840122194538708,0.4741717172380709,140,7050,"[238.8594764402012, 238.8594764402012, 238.8594764402012, 7.5039044775069215, 7.5039044775069215, 7.5039044775069215, 7.5039044775069215, 0.09862018451906351, 0.09862018451906351, 0.09862018451906351, 0.09862018451906351, 0.09862018451906351, 0.09862018451906351, 0.09862018451906351, 0.09862018451906351, 0.09862018451906351, 0.09862018451906351, 0.09862018451906351, 0.09862018451906351, 0.09862018451906351, 0.09862018451906351, 0.09862018451906351, 0.09862018451906351, 0.09862018451906351, 0.09862018451906351, 0.09862018451906351, 0.09862018451906351, 0.09862018451906351, 0.09862018451906351, 0.09862018451906351, 0.09862018451906351, 0.09862018451906351, 0.09862018451906351, 0.09862018451906351, 0.09862018451906351, 0.09862018451906351, 0.09862018451906351, 0.09862018451906351, 0.09862018451906351, 0.09862018451906351, 0.09862018451906351, 0.09862018451906351, 0.09862018451906351, 0.09658561927926712, 0.09658561927926712, 0.09658561927926712, 0.09658561927926712, 0.09658561927926712, 0.09658561927926712, 0.09658561927926712, 0.09658561927926712, 0.09658561927926712, 0.09658561927926712, 0.09658561927926712, 0.09658561927926712, 0.09658561927926712, 0.09658561927926712, 0.09658561927926712, 0.09658561927926712, 0.09658561927926712, 0.09658561927926712, 0.09658561927926712, 0.09658561927926712, 0.09658561927926712, 0.09658561927926712, 0.09658561927926712, 0.09658561927926712, 0.09658561927926712, 0.09658561927926712, 0.09658561927926712, 0.09658561927926712, 0.09658561927926712, 0.09658561927926712, 0.09658561927926712, 0.09658561927926712, 0.09658561927926712, 0.09658561927926712, 0.09658561927926712, 0.09658561927926712, 0.09658561927926712, 0.09658561927926712, 0.09658561927926712, 0.09658561927926712, 0.09658561927926712, 0.09658561927926712, 0.09658561927926712, 0.09658561927926712, 0.09658561927926712, 0.09658561927926712, 0.09658561927926712, 0.09658561927926712, 0.09658561927926712, 0.09658561927926712, 0.09658561927926712, 0.09658561927926712, 0.09658561927926712, 0.09658561927926712, 0.09658561927926712, 0.09658561927926712, 0.09658561927926712, 0.09658561927926712, 0.09658561927926712, 0.09658561927926712, 0.09658561927926712, 0.09658561927926712, 0.09658561927926712, 0.09658561927926712, 0.09658561927926712, 0.09658561927926712, 0.09658561927926712, 0.09658561927926712, 0.09658561927926712, 0.09658561927926712, 0.09658561927926712, 0.09658561927926712, 0.09658561927926712, 0.09658561927926712, 0.02840122194538708, 0.02840122194538708, 0.02840122194538708, 0.02840122194538708, 0.02840122194538708, 0.02840122194538708, 0.02840122194538708, 0.02840122194538708, 0.02840122194538708, 0.02840122194538708, 0.02840122194538708, 0.02840122194538708, 0.02840122194538708, 0.02840122194538708, 0.02840122194538708, 0.02840122194538708, 0.02840122194538708, 0.02840122194538708, 0.02840122194538708, 0.02840122194538708, 0.02840122194538708, 0.02840122194538708, 0.02840122194538708, 0.02840122194538708]","{""elitism_fraction"": 0.2, ""max_iterations"": 140, ""mutation_fraction"": 0.1, ""population_size"": 50}"
schwefel,Schwefel,2,1363,ea,Algoritmo evolutivo,2,"[-500.0, 500.0]","[420.968746, 420.968746]","[416.53872442168654, 425.26493823863825]",4.800415458998941,6.17109057911634,140,7050,"[95.54086161858197, 95.54086161858197, 95.54086161858197, 95.54086161858197, 64.78695953179181, 10.369622317747371, 10.369622317747371, 10.369622317747371, 10.369622317747371, 10.369622317747371, 10.369622317747371, 10.369622317747371, 10.369622317747371, 10.369622317747371, 10.369622317747371, 10.369622317747371, 10.369622317747371, 10.369622317747371, 10.369622317747371, 10.369622317747371, 10.369622317747371, 10.369622317747371, 10.369622317747371, 10.369622317747371, 10.369622317747371, 10.369622317747371, 10.369622317747371, 10.369622317747371, 10.369622317747371, 10.369622317747371, 10.369622317747371, 10.369622317747371, 10.369622317747371, 10.369622317747371, 10.369622317747371, 10.369622317747371, 10.369622317747371, 10.369622317747371, 10.369622317747371, 10.369622317747371, 10.369622317747371, 10.369622317747371, 10.369622317747371, 10.369622317747371, 10.369622317747371, 10.369622317747371, 10.369622317747371, 10.369622317747371, 10.369622317747371, 10.369622317747371, 10.369622317747371, 10.369622317747371, 10.369622317747371, 10.369622317747371, 10.369622317747371, 10.369622317747371, 10.369622317747371, 10.369622317747371, 10.369622317747371, 10.369622317747371, 10.369622317747371, 4.800415458998941, 4.800415458998941, 4.800415458998941, 4.800415458998941, 4.800415458998941, 4.800415458998941, 4.800415458998941, 4.800415458998941, 4.800415458998941, 4.800415458998941, 4.800415458998941, 4.800415458998941, 4.800415458998941, 4.800415458998941, 4.800415458998941, 4.800415458998941, 4.800415458998941, 4.800415458998941, 4.800415458998941, 4.800415458998941, 4.800415458998941, 4.800415458998941, 4.800415458998941, 4.800415458998941, 4.800415458998941, 4.800415458998941, 4.800415458998941, 4.800415458998941, 4.800415458998941, 4.800415458998941, 4.800415458998941, 4.800415458998941, 4.800415458998941, 4.800415458998941, 4.800415458998941, 4.800415458998941, 4.800415458998941, 4.800415458998941, 4.800415458998941, 4.800415458998941, 4.800415458998941, 4.800415458998941, 4.800415458998941, 4.800415458998941, 4.800415458998941, 4.800415458998941, 4.800415458998941, 4.800415458998941, 4.800415458998941, 4.800415458998941, 4.800415458998941, 4.800415458998941, 4.800415458998941, 4.800415458998941, 4.800415458998941, 4.800415458998941, 4.800415458998941, 4.800415458998941, 4.800415458998941, 4.800415458998941, 4.800415458998941, 4.800415458998941, 4.800415458998941, 4.800415458998941, 4.800415458998941, 4.800415458998941, 4.800415458998941, 4.800415458998941, 4.800415458998941, 4.800415458998941, 4.800415458998941, 4.800415458998941, 4.800415458998941, 4.800415458998941, 4.800415458998941, 4.800415458998941, 4.800415458998941, 4.800415458998941, 4.800415458998941, 4.800415458998941]","{""elitism_fraction"": 0.2, ""max_iterations"": 140, ""mutation_fraction"": 0.1, ""population_size"": 50}"
schwefel,Schwefel,3,1364,ea,Algoritmo evolutivo,2,"[-500.0, 500.0]","[420.968746, 420.968746]","[421.5265680996231, 420.3025807649751]",0.09527887301283045,0.8688737625131003,140,7050,"[131.68796430424777, 131.68796430424777, 131.68796430424777, 131.68796430424777, 95.76683511856004, 95.76683511856004, 65.44786176263653, 65.38632103672342, 65.38632103672342, 65.38632103672342, 21.885675848533083, 21.885675848533083, 21.885675848533083, 21.885675848533083, 21.885675848533083, 21.885675848533083, 21.885675848533083, 21.885675848533083, 21.885675848533083, 20.18342274985116, 20.18342274985116, 20.18342274985116, 20.18342274985116, 20.18342274985116, 20.18342274985116, 20.18342274985116, 20.18342274985116, 20.18342274985116, 20.18342274985116, 20.18342274985116, 20.18342274985116, 20.18342274985116, 20.18342274985116, 20.18342274985116, 20.18342274985116, 20.18342274985116, 20.18342274985116, 20.18342274985116, 20.18342274985116, 20.18342274985116, 20.18342274985116, 20.18342274985116, 20.18342274985116, 1.1526706054776241, 1.1526706054776241, 1.0851164833261464, 1.0851164833261464, 1.0851164833261464, 1.0851164833261464, 1.0851164833261464, 1.0851164833261464, 1.0851164833261464, 1.0851164833261464, 1.0851164833261464, 1.0851164833261464, 1.0851164833261464, 1.0851164833261464, 1.0851164833261464, 1.0851164833261464, 1.0851164833261464, 1.0851164833261464, 1.0851164833261464, 1.0851164833261464, 1.0851164833261464, 1.0851164833261464, 1.0851164833261464, 1.0851164833261464, 1.0851164833261464, 1.0851164833261464, 1.0851164833261464, 1.0851164833261464, 1.0851164833261464, 1.0851164833261464, 1.0851164833261464, 1.0851164833261464, 1.0851164833261464, 0.5240009347030536, 0.5240009347030536, 0.5240009347030536, 0.5240009347030536, 0.5240009347030536, 0.5240009347030536, 0.5240009347030536, 0.5240009347030536, 0.5240009347030536, 0.5240009347030536, 0.5240009347030536, 0.5240009347030536, 0.5240009347030536, 0.5240009347030536, 0.5240009347030536, 0.5240009347030536, 0.5240009347030536, 0.5240009347030536, 0.5240009347030536, 0.5240009347030536, 0.5240009347030536, 0.5240009347030536, 0.5240009347030536, 0.5240009347030536, 0.5240009347030536, 0.5240009347030536, 0.5240009347030536, 0.09527887301283045, 0.09527887301283045, 0.09527887301283045, 0.09527887301283045, 0.09527887301283045, 0.09527887301283045, 0.09527887301283045, 0.09527887301283045, 0.09527887301283045, 0.09527887301283045, 0.09527887301283045, 0.09527887301283045, 0.09527887301283045, 0.09527887301283045, 0.09527887301283045, 0.09527887301283045, 0.09527887301283045, 0.09527887301283045, 0.09527887301283045, 0.09527887301283045, 0.09527887301283045, 0.09527887301283045, 0.09527887301283045, 0.09527887301283045, 0.09527887301283045, 0.09527887301283045, 0.09527887301283045, 0.09527887301283045, 0.09527887301283045, 0.09527887301283045, 0.09527887301283045, 0.09527887301283045, 0.09527887301283045, 0.09527887301283045, 0.09527887301283045, 0.09527887301283045, 0.09527887301283045, 0.09527887301283045]","{""elitism_fraction"": 0.2, ""max_iterations"": 140, ""mutation_fraction"": 0.1, ""population_size"": 50}"
schwefel,Schwefel,4,1365,ea,Algoritmo evolutivo,2,"[-500.0, 500.0]","[420.968746, 420.968746]","[423.23092839508683, 419.4725269189181]",0.9284508249470491,2.712220626577849,140,7050,"[205.174949454257, 205.174949454257, 198.2174084466826, 198.2174084466826, 139.13000774526563, 139.13000774526563, 18.432293915429, 18.432293915429, 18.432293915429, 18.432293915429, 18.432293915429, 18.432293915429, 18.432293915429, 18.432293915429, 7.502744471746382, 7.502744471746382, 7.502744471746382, 7.502744471746382, 7.502744471746382, 7.502744471746382, 7.502744471746382, 7.502744471746382, 7.502744471746382, 7.502744471746382, 1.2389740351394494, 1.2389740351394494, 1.2389740351394494, 1.2389740351394494, 1.2389740351394494, 1.2389740351394494, 1.2389740351394494, 1.2389740351394494, 1.2389740351394494, 1.2389740351394494, 1.2389740351394494, 1.2389740351394494, 1.2389740351394494, 1.2389740351394494, 1.2389740351394494, 1.2389740351394494, 1.2389740351394494, 1.2389740351394494, 1.2389740351394494, 1.2389740351394494, 1.2389740351394494, 1.2389740351394494, 1.2389740351394494, 1.2389740351394494, 1.2389740351394494, 1.2389740351394494, 1.2389740351394494, 1.2389740351394494, 1.2389740351394494, 1.2389740351394494, 1.2389740351394494, 1.2389740351394494, 1.2389740351394494, 1.2389740351394494, 1.2389740351394494, 1.2389740351394494, 1.2389740351394494, 1.2389740351394494, 1.2389740351394494, 1.2389740351394494, 1.2389740351394494, 1.2389740351394494, 1.2389740351394494, 1.2389740351394494, 1.2389740351394494, 1.2389740351394494, 1.2389740351394494, 1.2389740351394494, 1.2389740351394494, 1.2389740351394494, 1.2389740351394494, 1.2389740351394494, 1.2389740351394494, 1.2389740351394494, 1.2389740351394494, 1.2389740351394494, 1.2389740351394494, 1.2389740351394494, 1.2389740351394494, 1.2389740351394494, 1.2389740351394494, 1.2389740351394494, 1.2389740351394494, 1.2389740351394494, 1.2389740351394494, 1.2389740351394494, 1.2389740351394494, 1.2389740351394494, 1.2389740351394494, 1.2389740351394494, 1.2389740351394494, 0.9284508249470491, 0.9284508249470491, 0.9284508249470491, 0.9284508249470491, 0.9284508249470491, 0.9284508249470491, 0.9284508249470491, 0.9284508249470491, 0.9284508249470491, 0.9284508249470491, 0.9284508249470491, 0.9284508249470491, 0.9284508249470491, 0.9284508249470491, 0.9284508249470491, 0.9284508249470491, 0.9284508249470491, 0.9284508249470491, 0.9284508249470491, 0.9284508249470491, 0.9284508249470491, 0.9284508249470491, 0.9284508249470491, 0.9284508249470491, 0.9284508249470491, 0.9284508249470491, 0.9284508249470491, 0.9284508249470491, 0.9284508249470491, 0.9284508249470491, 0.9284508249470491, 0.9284508249470491, 0.9284508249470491, 0.9284508249470491, 0.9284508249470491, 0.9284508249470491, 0.9284508249470491, 0.9284508249470491, 0.9284508249470491, 0.9284508249470491, 0.9284508249470491, 0.9284508249470491, 0.9284508249470491, 0.9284508249470491, 0.9284508249470491, 0.9284508249470491]","{""elitism_fraction"": 0.2, ""max_iterations"": 140, ""mutation_fraction"": 0.1, ""population_size"": 50}"
schwefel,Schwefel,5,1366,ea,Algoritmo evolutivo,2,"[-500.0, 500.0]","[420.968746, 420.968746]","[421.4345026025445, 421.47910385487785]",0.060275302476952675,0.690937300230134,140,7050,"[271.0072591744863, 170.36671486018884, 170.36671486018884, 170.36671486018884, 170.36671486018884, 4.960137974674353, 4.960137974674353, 4.960137974674353, 4.960137974674353, 4.857849424695132, 4.857849424695132, 4.857849424695132, 4.857849424695132, 4.857849424695132, 4.857849424695132, 4.857849424695132, 4.857849424695132, 4.857849424695132, 4.857849424695132, 4.857849424695132, 4.857849424695132, 4.857849424695132, 4.857849424695132, 4.857849424695132, 4.857849424695132, 4.857849424695132, 4.857849424695132, 4.857849424695132, 4.857849424695132, 4.857849424695132, 4.857849424695132, 4.857849424695132, 4.857849424695132, 4.857849424695132, 4.857849424695132, 4.857849424695132, 4.857849424695132, 4.857849424695132, 4.857849424695132, 4.857849424695132, 4.857849424695132, 4.857849424695132, 4.857849424695132, 4.857849424695132, 4.857849424695132, 4.857849424695132, 4.857849424695132, 4.857849424695132, 4.857849424695132, 4.857849424695132, 4.857849424695132, 4.857849424695132, 4.857849424695132, 4.857849424695132, 4.857849424695132, 4.857849424695132, 4.857849424695132, 4.857849424695132, 4.857849424695132, 4.857849424695132, 4.857849424695132, 4.857849424695132, 4.857849424695132, 4.857849424695132, 4.857849424695132, 4.857849424695132, 4.857849424695132, 4.857849424695132, 4.857849424695132, 4.857849424695132, 4.857849424695132, 4.857849424695132, 4.857849424695132, 4.857849424695132, 4.857849424695132, 4.857849424695132, 4.857849424695132, 4.857849424695132, 4.857849424695132, 4.857849424695132, 4.857849424695132, 4.857849424695132, 4.857849424695132, 4.857849424695132, 4.857849424695132, 4.857849424695132, 4.857849424695132, 4.857849424695132, 4.857849424695132, 4.857849424695132, 4.857849424695132, 4.857849424695132, 4.857849424695132, 4.857849424695132, 4.857849424695132, 4.857849424695132, 4.857849424695132, 4.857849424695132, 4.857849424695132, 4.857849424695132, 4.857849424695132, 4.857849424695132, 4.857849424695132, 4.857849424695132, 4.857849424695132, 4.857849424695132, 4.857849424695132, 4.857849424695132, 4.857849424695132, 4.857849424695132, 4.857849424695132, 4.857849424695132, 4.857849424695132, 4.857849424695132, 4.857849424695132, 4.857849424695132, 0.060275302476952675, 0.060275302476952675, 0.060275302476952675, 0.060275302476952675, 0.060275302476952675, 0.060275302476952675, 0.060275302476952675, 0.060275302476952675, 0.060275302476952675, 0.060275302476952675, 0.060275302476952675, 0.060275302476952675, 0.060275302476952675, 0.060275302476952675, 0.060275302476952675, 0.060275302476952675, 0.060275302476952675, 0.060275302476952675, 0.060275302476952675, 0.060275302476952675, 0.060275302476952675, 0.060275302476952675, 0.060275302476952675, 0.060275302476952675, 0.060275302476952675]","{""elitism_fraction"": 0.2, ""max_iterations"": 140, ""mutation_fraction"": 0.1, ""population_size"": 50}"
schwefel,Schwefel,6,1367,ea,Algoritmo evolutivo,2,"[-500.0, 500.0]","[420.968746, 420.968746]","[419.62348758411736, 422.1394313063738]",0.40124438515420024,1.7833183372753785,140,7050,"[151.59349276588068, 151.59349276588068, 151.59349276588068, 151.59349276588068, 24.584287730683627, 24.584287730683627, 19.842188982482526, 2.4997678809189665, 2.4997678809189665, 2.4997678809189665, 2.4997678809189665, 2.4997678809189665, 2.4997678809189665, 2.4997678809189665, 2.4997678809189665, 2.4997678809189665, 2.4997678809189665, 2.4997678809189665, 2.4997678809189665, 2.4997678809189665, 2.4997678809189665, 2.4997678809189665, 2.4997678809189665, 2.4997678809189665, 2.4997678809189665, 2.4997678809189665, 2.4997678809189665, 2.4997678809189665, 2.4997678809189665, 2.4997678809189665, 2.4997678809189665, 2.4997678809189665, 2.4997678809189665, 2.4997678809189665, 2.4997678809189665, 2.4997678809189665, 2.4997678809189665, 2.4997678809189665, 2.4997678809189665, 2.4997678809189665, 2.4997678809189665, 2.4997678809189665, 2.4997678809189665, 2.4997678809189665, 2.4997678809189665, 2.4997678809189665, 2.4997678809189665, 2.4997678809189665, 2.4997678809189665, 2.4997678809189665, 2.4997678809189665, 2.4997678809189665, 2.4997678809189665, 2.4997678809189665, 2.4997678809189665, 2.4997678809189665, 2.4997678809189665, 2.4997678809189665, 2.4997678809189665, 2.4997678809189665, 0.40124438515420024, 0.40124438515420024, 0.40124438515420024, 0.40124438515420024, 0.40124438515420024, 0.40124438515420024, 0.40124438515420024, 0.40124438515420024, 0.40124438515420024, 0.40124438515420024, 0.40124438515420024, 0.40124438515420024, 0.40124438515420024, 0.40124438515420024, 0.40124438515420024, 0.40124438515420024, 0.40124438515420024, 0.40124438515420024, 0.40124438515420024, 0.40124438515420024, 0.40124438515420024, 0.40124438515420024, 0.40124438515420024, 0.40124438515420024, 0.40124438515420024, 0.40124438515420024, 0.40124438515420024, 0.40124438515420024, 0.40124438515420024, 0.40124438515420024, 0.40124438515420024, 0.40124438515420024, 0.40124438515420024, 0.40124438515420024, 0.40124438515420024, 0.40124438515420024, 0.40124438515420024, 0.40124438515420024, 0.40124438515420024, 0.40124438515420024, 0.40124438515420024, 0.40124438515420024, 0.40124438515420024, 0.40124438515420024, 0.40124438515420024, 0.40124438515420024, 0.40124438515420024, 0.40124438515420024, 0.40124438515420024, 0.40124438515420024, 0.40124438515420024, 0.40124438515420024, 0.40124438515420024, 0.40124438515420024, 0.40124438515420024, 0.40124438515420024, 0.40124438515420024, 0.40124438515420024, 0.40124438515420024, 0.40124438515420024, 0.40124438515420024, 0.40124438515420024, 0.40124438515420024, 0.40124438515420024, 0.40124438515420024, 0.40124438515420024, 0.40124438515420024, 0.40124438515420024, 0.40124438515420024, 0.40124438515420024, 0.40124438515420024, 0.40124438515420024, 0.40124438515420024, 0.40124438515420024, 0.40124438515420024, 0.40124438515420024, 0.40124438515420024, 0.40124438515420024, 0.40124438515420024, 0.40124438515420024, 0.40124438515420024]","{""elitism_fraction"": 0.2, ""max_iterations"": 140, ""mutation_fraction"": 0.1, ""population_size"": 50}"
schwefel,Schwefel,7,1368,ea,Algoritmo evolutivo,2,"[-500.0, 500.0]","[420.968746, 420.968746]","[421.96323885292406, 421.4313975193295]",0.15187806107451252,1.0968420409771427,140,7050,"[274.70043456799806, 101.28356161088539, 101.28356161088539, 101.28356161088539, 71.65058151149151, 60.65388796626644, 60.65388796626644, 60.65388796626644, 60.65388796626644, 60.65388796626644, 60.65388796626644, 60.65388796626644, 60.65388796626644, 60.65388796626644, 60.65388796626644, 60.65388796626644, 60.65388796626644, 60.65388796626644, 57.93837759647545, 27.851182643276843, 27.851182643276843, 27.851182643276843, 27.851182643276843, 27.851182643276843, 27.851182643276843, 27.851182643276843, 27.851182643276843, 27.851182643276843, 25.26562927347527, 21.81412637384574, 21.81412637384574, 21.81412637384574, 21.81412637384574, 16.675360238470944, 16.675360238470944, 16.675360238470944, 16.675360238470944, 16.675360238470944, 16.675360238470944, 16.675360238470944, 16.675360238470944, 16.675360238470944, 16.675360238470944, 16.675360238470944, 16.675360238470944, 16.675360238470944, 16.675360238470944, 16.675360238470944, 16.675360238470944, 16.675360238470944, 16.675360238470944, 16.675360238470944, 16.675360238470944, 16.675360238470944, 16.675360238470944, 16.675360238470944, 16.675360238470944, 16.675360238470944, 16.675360238470944, 16.675360238470944, 16.675360238470944, 16.675360238470944, 16.675360238470944, 16.675360238470944, 16.675360238470944, 16.675360238470944, 16.675360238470944, 16.675360238470944, 16.675360238470944, 16.675360238470944, 16.675360238470944, 16.675360238470944, 16.675360238470944, 16.675360238470944, 16.675360238470944, 16.675360238470944, 16.675360238470944, 16.675360238470944, 16.675360238470944, 16.675360238470944, 16.675360238470944, 16.675360238470944, 16.675360238470944, 16.675360238470944, 16.675360238470944, 13.248257496665019, 13.248257496665019, 13.248257496665019, 13.248257496665019, 13.248257496665019, 13.248257496665019, 13.248257496665019, 13.248257496665019, 13.248257496665019, 13.248257496665019, 0.15187806107451252, 0.15187806107451252, 0.15187806107451252, 0.15187806107451252, 0.15187806107451252, 0.15187806107451252, 0.15187806107451252, 0.15187806107451252, 0.15187806107451252, 0.15187806107451252, 0.15187806107451252, 0.15187806107451252, 0.15187806107451252, 0.15187806107451252, 0.15187806107451252, 0.15187806107451252, 0.15187806107451252, 0.15187806107451252, 0.15187806107451252, 0.15187806107451252, 0.15187806107451252, 0.15187806107451252, 0.15187806107451252, 0.15187806107451252, 0.15187806107451252, 0.15187806107451252, 0.15187806107451252, 0.15187806107451252, 0.15187806107451252, 0.15187806107451252, 0.15187806107451252, 0.15187806107451252, 0.15187806107451252, 0.15187806107451252, 0.15187806107451252, 0.15187806107451252, 0.15187806107451252, 0.15187806107451252, 0.15187806107451252, 0.15187806107451252, 0.15187806107451252, 0.15187806107451252, 0.15187806107451252, 0.15187806107451252, 0.15187806107451252, 0.15187806107451252]","{""elitism_fraction"": 0.2, ""max_iterations"": 140, ""mutation_fraction"": 0.1, ""population_size"": 50}"
schwefel,Schwefel,8,1369,ea,Algoritmo evolutivo,2,"[-500.0, 500.0]","[420.968746, 420.968746]","[418.6867913442662, 421.6835765642297]",0.7208477085853247,2.3912966746897104,140,7050,"[219.21169748692841, 219.21169748692841, 130.54567355251015, 130.54567355251015, 130.54567355251015, 121.7885623736646, 8.469404391453736, 8.469404391453736, 8.469404391453736, 8.469404391453736, 5.686388073735429, 5.686388073735429, 5.686388073735429, 5.686388073735429, 5.686388073735429, 5.686388073735429, 5.686388073735429, 5.686388073735429, 4.159014374366734, 4.159014374366734, 4.159014374366734, 4.159014374366734, 4.159014374366734, 4.159014374366734, 4.159014374366734, 4.159014374366734, 4.159014374366734, 4.159014374366734, 4.159014374366734, 4.159014374366734, 4.159014374366734, 4.159014374366734, 4.159014374366734, 4.159014374366734, 4.159014374366734, 4.159014374366734, 4.159014374366734, 4.159014374366734, 4.159014374366734, 4.159014374366734, 4.159014374366734, 4.159014374366734, 4.159014374366734, 4.159014374366734, 4.159014374366734, 4.159014374366734, 4.159014374366734, 4.159014374366734, 4.159014374366734, 4.159014374366734, 4.159014374366734, 4.159014374366734, 4.159014374366734, 4.159014374366734, 4.159014374366734, 4.159014374366734, 4.159014374366734, 4.159014374366734, 4.159014374366734, 4.159014374366734, 4.159014374366734, 4.159014374366734, 4.159014374366734, 4.159014374366734, 4.159014374366734, 4.159014374366734, 4.159014374366734, 4.159014374366734, 4.159014374366734, 4.159014374366734, 4.159014374366734, 4.159014374366734, 4.159014374366734, 4.159014374366734, 4.159014374366734, 4.159014374366734, 4.159014374366734, 4.159014374366734, 4.159014374366734, 4.159014374366734, 4.159014374366734, 4.159014374366734, 4.159014374366734, 4.159014374366734, 4.159014374366734, 4.159014374366734, 4.159014374366734, 4.159014374366734, 4.159014374366734, 4.159014374366734, 4.159014374366734, 4.159014374366734, 4.159014374366734, 4.159014374366734, 4.159014374366734, 4.159014374366734, 4.159014374366734, 4.159014374366734, 4.159014374366734, 4.159014374366734, 4.159014374366734, 4.159014374366734, 4.159014374366734, 4.159014374366734, 4.159014374366734, 4.159014374366734, 4.159014374366734, 4.159014374366734, 4.159014374366734, 0.7208477085853247, 0.7208477085853247, 0.7208477085853247, 0.7208477085853247, 0.7208477085853247, 0.7208477085853247, 0.7208477085853247, 0.7208477085853247, 0.7208477085853247, 0.7208477085853247, 0.7208477085853247, 0.7208477085853247, 0.7208477085853247, 0.7208477085853247, 0.7208477085853247, 0.7208477085853247, 0.7208477085853247, 0.7208477085853247, 0.7208477085853247, 0.7208477085853247, 0.7208477085853247, 0.7208477085853247, 0.7208477085853247, 0.7208477085853247, 0.7208477085853247, 0.7208477085853247, 0.7208477085853247, 0.7208477085853247, 0.7208477085853247, 0.7208477085853247, 0.7208477085853247, 0.7208477085853247]","{""elitism_fraction"": 0.2, ""max_iterations"": 140, ""mutation_fraction"": 0.1, ""population_size"": 50}"
schwefel,Schwefel,9,1370,ea,Algoritmo evolutivo,2,"[-500.0, 500.0]","[420.968746, 420.968746]","[419.6214569573069, 423.32903843745396]",0.9323402003924457,2.7177505689196675,140,7050,"[301.5222111831646, 233.5781569884789, 203.79287173067087, 203.79287173067087, 203.79287173067087, 8.244127247382949, 8.244127247382949, 8.244127247382949, 8.244127247382949, 8.244127247382949, 8.244127247382949, 8.244127247382949, 8.244127247382949, 8.244127247382949, 8.244127247382949, 8.244127247382949, 8.244127247382949, 8.244127247382949, 8.244127247382949, 8.244127247382949, 8.244127247382949, 8.244127247382949, 8.244127247382949, 8.244127247382949, 8.244127247382949, 8.244127247382949, 8.244127247382949, 8.244127247382949, 8.244127247382949, 8.244127247382949, 8.244127247382949, 8.244127247382949, 8.244127247382949, 8.244127247382949, 8.244127247382949, 8.244127247382949, 8.244127247382949, 8.244127247382949, 8.244127247382949, 8.244127247382949, 8.244127247382949, 8.244127247382949, 8.244127247382949, 8.244127247382949, 8.244127247382949, 8.244127247382949, 8.244127247382949, 8.244127247382949, 8.244127247382949, 5.692135744680286, 5.692135744680286, 5.692135744680286, 5.692135744680286, 5.692135744680286, 5.692135744680286, 5.692135744680286, 5.692135744680286, 5.692135744680286, 5.692135744680286, 5.692135744680286, 5.692135744680286, 5.692135744680286, 5.692135744680286, 5.692135744680286, 5.692135744680286, 5.692135744680286, 5.692135744680286, 5.692135744680286, 5.692135744680286, 5.692135744680286, 5.692135744680286, 3.498282364566421, 3.498282364566421, 3.498282364566421, 3.498282364566421, 3.498282364566421, 3.498282364566421, 0.9323402003924457, 0.9323402003924457, 0.9323402003924457, 0.9323402003924457, 0.9323402003924457, 0.9323402003924457, 0.9323402003924457, 0.9323402003924457, 0.9323402003924457, 0.9323402003924457, 0.9323402003924457, 0.9323402003924457, 0.9323402003924457, 0.9323402003924457, 0.9323402003924457, 0.9323402003924457, 0.9323402003924457, 0.9323402003924457, 0.9323402003924457, 0.9323402003924457, 0.9323402003924457, 0.9323402003924457, 0.9323402003924457, 0.9323402003924457, 0.9323402003924457, 0.9323402003924457, 0.9323402003924457, 0.9323402003924457, 0.9323402003924457, 0.9323402003924457, 0.9323402003924457, 0.9323402003924457, 0.9323402003924457, 0.9323402003924457, 0.9323402003924457, 0.9323402003924457, 0.9323402003924457, 0.9323402003924457, 0.9323402003924457, 0.9323402003924457, 0.9323402003924457, 0.9323402003924457, 0.9323402003924457, 0.9323402003924457, 0.9323402003924457, 0.9323402003924457, 0.9323402003924457, 0.9323402003924457, 0.9323402003924457, 0.9323402003924457, 0.9323402003924457, 0.9323402003924457, 0.9323402003924457, 0.9323402003924457, 0.9323402003924457, 0.9323402003924457, 0.9323402003924457, 0.9323402003924457, 0.9323402003924457, 0.9323402003924457, 0.9323402003924457, 0.9323402003924457, 0.9323402003924457, 0.9323402003924457]","{""elitism_fraction"": 0.2, ""max_iterations"": 140, ""mutation_fraction"": 0.1, ""population_size"": 50}"
schwefel,Schwefel,10,1410,ea,Algoritmo evolutivo,2,"[-500.0, 500.0]","[420.968746, 420.968746]","[420.98298124235566, 425.16405592932995]",2.2225836963414167,4.195334080291972,140,7050,"[214.6486867187116, 214.6486867187116, 214.6486867187116, 78.11116235773716, 78.11116235773716, 78.11116235773716, 78.11116235773716, 78.11116235773716, 78.11116235773716, 39.566144682317145, 39.566144682317145, 39.566144682317145, 7.144612770490767, 7.144612770490767, 7.144612770490767, 7.144612770490767, 7.144612770490767, 7.144612770490767, 7.144612770490767, 7.144612770490767, 7.144612770490767, 7.144612770490767, 7.144612770490767, 7.144612770490767, 7.144612770490767, 7.144612770490767, 7.144612770490767, 7.144612770490767, 7.144612770490767, 7.144612770490767, 7.144612770490767, 7.144612770490767, 7.144612770490767, 7.144612770490767, 7.144612770490767, 7.144612770490767, 7.144612770490767, 7.144612770490767, 7.144612770490767, 7.144612770490767, 7.144612770490767, 7.144612770490767, 2.6364236233653173, 2.6364236233653173, 2.6364236233653173, 2.6364236233653173, 2.6364236233653173, 2.6364236233653173, 2.6364236233653173, 2.6364236233653173, 2.6364236233653173, 2.6364236233653173, 2.6364236233653173, 2.6364236233653173, 2.6364236233653173, 2.6364236233653173, 2.6364236233653173, 2.6364236233653173, 2.6364236233653173, 2.6364236233653173, 2.6364236233653173, 2.6364236233653173, 2.6364236233653173, 2.6364236233653173, 2.6364236233653173, 2.6364236233653173, 2.6364236233653173, 2.6364236233653173, 2.6364236233653173, 2.6364236233653173, 2.6364236233653173, 2.6364236233653173, 2.6364236233653173, 2.6364236233653173, 2.6364236233653173, 2.2225836963414167, 2.2225836963414167, 2.2225836963414167, 2.2225836963414167, 2.2225836963414167, 2.2225836963414167, 2.2225836963414167, 2.2225836963414167, 2.2225836963414167, 2.2225836963414167, 2.2225836963414167, 2.2225836963414167, 2.2225836963414167, 2.2225836963414167, 2.2225836963414167, 2.2225836963414167, 2.2225836963414167, 2.2225836963414167, 2.2225836963414167, 2.2225836963414167, 2.2225836963414167, 2.2225836963414167, 2.2225836963414167, 2.2225836963414167, 2.2225836963414167, 2.2225836963414167, 2.2225836963414167, 2.2225836963414167, 2.2225836963414167, 2.2225836963414167, 2.2225836963414167, 2.2225836963414167, 2.2225836963414167, 2.2225836963414167, 2.2225836963414167, 2.2225836963414167, 2.2225836963414167, 2.2225836963414167, 2.2225836963414167, 2.2225836963414167, 2.2225836963414167, 2.2225836963414167, 2.2225836963414167, 2.2225836963414167, 2.2225836963414167, 2.2225836963414167, 2.2225836963414167, 2.2225836963414167, 2.2225836963414167, 2.2225836963414167, 2.2225836963414167, 2.2225836963414167, 2.2225836963414167, 2.2225836963414167, 2.2225836963414167, 2.2225836963414167, 2.2225836963414167, 2.2225836963414167, 2.2225836963414167, 2.2225836963414167, 2.2225836963414167, 2.2225836963414167, 2.2225836963414167, 2.2225836963414167, 2.2225836963414167, 2.2225836963414167]","{""elitism_fraction"": 0.2, ""max_iterations"": 140, ""mutation_fraction"": 0.1, ""population_size"": 50}"
schwefel,Schwefel,11,1411,ea,Algoritmo evolutivo,2,"[-500.0, 500.0]","[420.968746, 420.968746]","[420.51079588417065, 422.0244171582442]",0.16715687537839585,1.1507214706160507,140,7050,"[129.53858751070152, 9.378177190488259, 9.378177190488259, 9.378177190488259, 9.378177190488259, 9.378177190488259, 8.84704696850497, 8.84704696850497, 8.84704696850497, 8.84704696850497, 8.84704696850497, 8.84704696850497, 8.84704696850497, 8.84704696850497, 8.84704696850497, 8.84704696850497, 8.84704696850497, 8.84704696850497, 8.84704696850497, 8.84704696850497, 8.84704696850497, 8.84704696850497, 8.84704696850497, 7.334490863367364, 7.334490863367364, 7.334490863367364, 7.334490863367364, 7.334490863367364, 7.334490863367364, 7.334490863367364, 6.11388237061783, 4.601326265480338, 4.601326265480338, 4.601326265480338, 4.601326265480338, 4.601326265480338, 4.601326265480338, 4.601326265480338, 0.16715687537839585, 0.16715687537839585, 0.16715687537839585, 0.16715687537839585, 0.16715687537839585, 0.16715687537839585, 0.16715687537839585, 0.16715687537839585, 0.16715687537839585, 0.16715687537839585, 0.16715687537839585, 0.16715687537839585, 0.16715687537839585, 0.16715687537839585, 0.16715687537839585, 0.16715687537839585, 0.16715687537839585, 0.16715687537839585, 0.16715687537839585, 0.16715687537839585, 0.16715687537839585, 0.16715687537839585, 0.16715687537839585, 0.16715687537839585, 0.16715687537839585, 0.16715687537839585, 0.16715687537839585, 0.16715687537839585, 0.16715687537839585, 0.16715687537839585, 0.16715687537839585, 0.16715687537839585, 0.16715687537839585, 0.16715687537839585, 0.16715687537839585, 0.16715687537839585, 0.16715687537839585, 0.16715687537839585, 0.16715687537839585, 0.16715687537839585, 0.16715687537839585, 0.16715687537839585, 0.16715687537839585, 0.16715687537839585, 0.16715687537839585, 0.16715687537839585, 0.16715687537839585, 0.16715687537839585, 0.16715687537839585, 0.16715687537839585, 0.16715687537839585, 0.16715687537839585, 0.16715687537839585, 0.16715687537839585, 0.16715687537839585, 0.16715687537839585, 0.16715687537839585, 0.16715687537839585, 0.16715687537839585, 0.16715687537839585, 0.16715687537839585, 0.16715687537839585, 0.16715687537839585, 0.16715687537839585, 0.16715687537839585, 0.16715687537839585, 0.16715687537839585, 0.16715687537839585, 0.16715687537839585, 0.16715687537839585, 0.16715687537839585, 0.16715687537839585, 0.16715687537839585, 0.16715687537839585, 0.16715687537839585, 0.16715687537839585, 0.16715687537839585, 0.16715687537839585, 0.16715687537839585, 0.16715687537839585, 0.16715687537839585, 0.16715687537839585, 0.16715687537839585, 0.16715687537839585, 0.16715687537839585, 0.16715687537839585, 0.16715687537839585, 0.16715687537839585, 0.16715687537839585, 0.16715687537839585, 0.16715687537839585, 0.16715687537839585, 0.16715687537839585, 0.16715687537839585, 0.16715687537839585, 0.16715687537839585, 0.16715687537839585, 0.16715687537839585, 0.16715687537839585, 0.16715687537839585, 0.16715687537839585, 0.16715687537839585, 0.16715687537839585]","{""elitism_fraction"": 0.2, ""max_iterations"": 140, ""mutation_fraction"": 0.1, ""population_size"": 50}"
schwefel,Schwefel,12,1412,ea,Algoritmo evolutivo,2,"[-500.0, 500.0]","[420.968746, 420.968746]","[421.42262985261493, 418.54574355083423]",0.76593141387184,2.465147342518886,140,7050,"[152.22369953879593, 63.964564936882994, 8.990120789382217, 8.990120789382217, 8.990120789382217, 8.990120789382217, 8.990120789382217, 8.990120789382217, 8.990120789382217, 1.8042724274436068, 1.8042724274436068, 1.8042724274436068, 1.8042724274436068, 1.8042724274436068, 1.8042724274436068, 1.8042724274436068, 1.8042724274436068, 1.8042724274436068, 1.8042724274436068, 1.8042724274436068, 1.8042724274436068, 1.8042724274436068, 1.8042724274436068, 1.8042724274436068, 1.8042724274436068, 1.8042724274436068, 1.8042724274436068, 1.8042724274436068, 1.8042724274436068, 1.8042724274436068, 1.8042724274436068, 1.8042724274436068, 1.8042724274436068, 1.8042724274436068, 1.8042724274436068, 1.8042724274436068, 1.8042724274436068, 1.8042724274436068, 1.8042724274436068, 1.8042724274436068, 1.8042724274436068, 1.8042724274436068, 1.8042724274436068, 1.8042724274436068, 1.8042724274436068, 1.8042724274436068, 1.8042724274436068, 1.8042724274436068, 1.8042724274436068, 1.8042724274436068, 1.8042724274436068, 1.8042724274436068, 1.8042724274436068, 1.8042724274436068, 1.8042724274436068, 1.8042724274436068, 1.8042724274436068, 1.8042724274436068, 1.8042724274436068, 1.8042724274436068, 1.8042724274436068, 1.8042724274436068, 1.8042724274436068, 1.8042724274436068, 1.8042724274436068, 1.8042724274436068, 1.8042724274436068, 1.8042724274436068, 1.8042724274436068, 1.8042724274436068, 1.8042724274436068, 1.8042724274436068, 1.8042724274436068, 1.8042724274436068, 1.8042724274436068, 1.8042724274436068, 1.8042724274436068, 1.8042724274436068, 1.8042724274436068, 1.8042724274436068, 1.8042724274436068, 1.8042724274436068, 1.8042724274436068, 1.8042724274436068, 1.8042724274436068, 1.8042724274436068, 1.8042724274436068, 1.8042724274436068, 1.8042724274436068, 1.8042724274436068, 1.8042724274436068, 1.8042724274436068, 1.8042724274436068, 1.8042724274436068, 1.8042724274436068, 1.8042724274436068, 1.8042724274436068, 1.8042724274436068, 1.8042724274436068, 1.8042724274436068, 1.8042724274436068, 1.8042724274436068, 1.8042724274436068, 1.8042724274436068, 1.8042724274436068, 1.8042724274436068, 1.8042724274436068, 1.8042724274436068, 1.8042724274436068, 1.8042724274436068, 1.8042724274436068, 1.8042724274436068, 1.8042724274436068, 1.8042724274436068, 1.8042724274436068, 1.8042724274436068, 1.8042724274436068, 1.8042724274436068, 1.8042724274436068, 1.8042724274436068, 1.8042724274436068, 1.8042724274436068, 1.8042724274436068, 1.8042724274436068, 1.8042724274436068, 1.8042724274436068, 1.8042724274436068, 1.8042724274436068, 1.8042724274436068, 1.8042724274436068, 1.8042724274436068, 1.8042724274436068, 1.8042724274436068, 0.76593141387184, 0.76593141387184, 0.76593141387184, 0.76593141387184, 0.76593141387184, 0.76593141387184, 0.76593141387184, 0.76593141387184]","{""elitism_fraction"": 0.2, ""max_iterations"": 140, ""mutation_fraction"": 0.1, ""population_size"": 50}"
schwefel,Schwefel,13,1413,ea,Algoritmo evolutivo,2,"[-500.0, 500.0]","[420.968746, 420.968746]","[419.5084883042118, 420.94699809261294]",0.2689729810732615,1.4604196347571956,140,7050,"[245.20680465129965, 245.20680465129965, 18.620181030238314, 18.620181030238314, 18.620181030238314, 18.620181030238314, 18.620181030238314, 18.620181030238314, 18.620181030238314, 18.620181030238314, 18.620181030238314, 18.457303862050253, 11.535345476232578, 11.535345476232578, 11.535345476232578, 11.535345476232578, 11.535345476232578, 11.372468308044517, 11.372468308044517, 11.372468308044517, 11.372468308044517, 11.372468308044517, 11.372468308044517, 8.775856826292511, 8.775856826292511, 8.775856826292511, 8.775856826292511, 8.775856826292511, 8.775856826292511, 8.775856826292511, 8.775856826292511, 8.775856826292511, 8.775856826292511, 8.775856826292511, 8.775856826292511, 8.775856826292511, 8.775856826292511, 8.775856826292511, 8.775856826292511, 6.305535884344863, 6.305535884344863, 6.305535884344863, 3.8651367576802613, 3.8651367576802613, 3.8651367576802613, 3.8651367576802613, 3.8651367576802613, 3.8651367576802613, 3.8651367576802613, 3.8651367576802613, 1.3948158157326134, 0.2689729810732615, 0.2689729810732615, 0.2689729810732615, 0.2689729810732615, 0.2689729810732615, 0.2689729810732615, 0.2689729810732615, 0.2689729810732615, 0.2689729810732615, 0.2689729810732615, 0.2689729810732615, 0.2689729810732615, 0.2689729810732615, 0.2689729810732615, 0.2689729810732615, 0.2689729810732615, 0.2689729810732615, 0.2689729810732615, 0.2689729810732615, 0.2689729810732615, 0.2689729810732615, 0.2689729810732615, 0.2689729810732615, 0.2689729810732615, 0.2689729810732615, 0.2689729810732615, 0.2689729810732615, 0.2689729810732615, 0.2689729810732615, 0.2689729810732615, 0.2689729810732615, 0.2689729810732615, 0.2689729810732615, 0.2689729810732615, 0.2689729810732615, 0.2689729810732615, 0.2689729810732615, 0.2689729810732615, 0.2689729810732615, 0.2689729810732615, 0.2689729810732615, 0.2689729810732615, 0.2689729810732615, 0.2689729810732615, 0.2689729810732615, 0.2689729810732615, 0.2689729810732615, 0.2689729810732615, 0.2689729810732615, 0.2689729810732615, 0.2689729810732615, 0.2689729810732615, 0.2689729810732615, 0.2689729810732615, 0.2689729810732615, 0.2689729810732615, 0.2689729810732615, 0.2689729810732615, 0.2689729810732615, 0.2689729810732615, 0.2689729810732615, 0.2689729810732615, 0.2689729810732615, 0.2689729810732615, 0.2689729810732615, 0.2689729810732615, 0.2689729810732615, 0.2689729810732615, 0.2689729810732615, 0.2689729810732615, 0.2689729810732615, 0.2689729810732615, 0.2689729810732615, 0.2689729810732615, 0.2689729810732615, 0.2689729810732615, 0.2689729810732615, 0.2689729810732615, 0.2689729810732615, 0.2689729810732615, 0.2689729810732615, 0.2689729810732615, 0.2689729810732615, 0.2689729810732615, 0.2689729810732615, 0.2689729810732615, 0.2689729810732615, 0.2689729810732615, 0.2689729810732615, 0.2689729810732615]","{""elitism_fraction"": 0.2, ""max_iterations"": 140, ""mutation_fraction"": 0.1, ""population_size"": 50}"
schwefel,Schwefel,14,1414,ea,Algoritmo evolutivo,2,"[-500.0, 500.0]","[420.968746, 420.968746]","[420.5992937530533, 418.0722271623191]",1.0742766774893653,2.9199856745905945,140,7050,"[102.5773021256814, 102.5773021256814, 102.5773021256814, 101.94274092129035, 101.94274092129035, 101.94274092129035, 101.94274092129035, 40.278455473803206, 40.278455473803206, 40.278455473803206, 10.647068711637985, 10.647068711637985, 10.647068711637985, 10.647068711637985, 10.647068711637985, 10.647068711637985, 10.647068711637985, 10.647068711637985, 10.647068711637985, 10.647068711637985, 10.647068711637985, 10.647068711637985, 10.647068711637985, 10.647068711637985, 10.647068711637985, 10.647068711637985, 10.647068711637985, 10.647068711637985, 10.647068711637985, 10.647068711637985, 10.647068711637985, 10.647068711637985, 10.647068711637985, 10.647068711637985, 10.647068711637985, 10.647068711637985, 10.647068711637985, 10.647068711637985, 10.647068711637985, 10.647068711637985, 10.647068711637985, 10.647068711637985, 10.647068711637985, 10.647068711637985, 10.647068711637985, 10.647068711637985, 10.647068711637985, 10.647068711637985, 10.647068711637985, 10.647068711637985, 10.647068711637985, 10.647068711637985, 10.647068711637985, 10.647068711637985, 10.647068711637985, 10.647068711637985, 10.647068711637985, 10.647068711637985, 10.647068711637985, 10.647068711637985, 10.647068711637985, 10.647068711637985, 10.647068711637985, 10.647068711637985, 10.647068711637985, 10.647068711637985, 10.647068711637985, 10.647068711637985, 10.647068711637985, 10.647068711637985, 10.647068711637985, 10.647068711637985, 10.647068711637985, 10.647068711637985, 10.647068711637985, 10.647068711637985, 10.647068711637985, 10.647068711637985, 10.647068711637985, 10.647068711637985, 10.647068711637985, 10.647068711637985, 10.647068711637985, 10.647068711637985, 10.647068711637985, 10.647068711637985, 5.340831959874208, 5.340831959874208, 5.340831959874208, 5.340831959874208, 5.340831959874208, 5.340831959874208, 5.340831959874208, 5.340831959874208, 5.340831959874208, 4.1515990682266875, 4.1515990682266875, 3.2512031918054163, 3.2512031918054163, 3.2512031918054163, 3.2512031918054163, 3.2512031918054163, 3.2512031918054163, 2.061970300157782, 2.061970300157782, 2.061970300157782, 2.061970300157782, 2.061970300157782, 2.061970300157782, 2.061970300157782, 2.061970300157782, 2.061970300157782, 2.061970300157782, 2.061970300157782, 2.061970300157782, 2.061970300157782, 2.061970300157782, 2.061970300157782, 2.061970300157782, 2.061970300157782, 2.061970300157782, 2.061970300157782, 2.061970300157782, 1.0742766774893653, 1.0742766774893653, 1.0742766774893653, 1.0742766774893653, 1.0742766774893653, 1.0742766774893653, 1.0742766774893653, 1.0742766774893653, 1.0742766774893653, 1.0742766774893653, 1.0742766774893653, 1.0742766774893653, 1.0742766774893653, 1.0742766774893653, 1.0742766774893653, 1.0742766774893653, 1.0742766774893653, 1.0742766774893653]","{""elitism_fraction"": 0.2, ""max_iterations"": 140, ""mutation_fraction"": 0.1, ""population_size"": 50}"
schwefel,Schwefel,15,1415,ea,Algoritmo evolutivo,2,"[-500.0, 500.0]","[420.968746, 420.968746]","[421.5836848720064, 420.81748243596996]",0.05063906728150869,0.633269675657679,140,7050,"[3.268514752787496, 3.268514752787496, 3.268514752787496, 3.268514752787496, 3.268514752787496, 3.268514752787496, 3.268514752787496, 2.590706056687395, 2.590706056687395, 2.590706056687395, 2.590706056687395, 2.590706056687395, 2.590706056687395, 2.590706056687395, 2.590706056687395, 2.590706056687395, 2.590706056687395, 2.590706056687395, 2.590706056687395, 2.590706056687395, 2.590706056687395, 2.590706056687395, 2.590706056687395, 2.590706056687395, 2.590706056687395, 2.590706056687395, 2.590706056687395, 2.590706056687395, 2.590706056687395, 2.590706056687395, 2.590706056687395, 2.590706056687395, 2.590706056687395, 2.590706056687395, 2.590706056687395, 2.590706056687395, 2.590706056687395, 2.590706056687395, 2.590706056687395, 2.590706056687395, 2.590706056687395, 2.590706056687395, 2.590706056687395, 2.590706056687395, 2.590706056687395, 2.590706056687395, 2.590706056687395, 2.590706056687395, 2.590706056687395, 2.590706056687395, 2.590706056687395, 2.590706056687395, 2.590706056687395, 2.590706056687395, 2.590706056687395, 2.590706056687395, 2.590706056687395, 2.590706056687395, 2.590706056687395, 2.590706056687395, 2.4365759960683135, 2.4365759960683135, 2.4365759960683135, 2.4365759960683135, 2.4365759960683135, 2.4365759960683135, 2.4365759960683135, 2.4365759960683135, 2.4365759960683135, 2.4365759960683135, 2.143680174329347, 2.143680174329347, 2.143680174329347, 2.143680174329347, 2.143680174329347, 2.143680174329347, 2.143680174329347, 2.143680174329347, 2.143680174329347, 2.143680174329347, 2.143680174329347, 2.143680174329347, 2.143680174329347, 2.143680174329347, 2.143680174329347, 2.143680174329347, 2.143680174329347, 2.143680174329347, 2.143680174329347, 2.143680174329347, 2.143680174329347, 2.143680174329347, 2.143680174329347, 2.143680174329347, 2.143680174329347, 2.143680174329347, 2.143680174329347, 2.143680174329347, 2.143680174329347, 2.143680174329347, 2.143680174329347, 2.143680174329347, 2.143680174329347, 2.143680174329347, 2.143680174329347, 2.143680174329347, 2.143680174329347, 2.143680174329347, 2.143680174329347, 1.5022409060998143, 1.5022409060998143, 1.5022409060998143, 1.5022409060998143, 1.5022409060998143, 1.5022409060998143, 1.5022409060998143, 1.5022409060998143, 1.5022409060998143, 1.5022409060998143, 1.5022409060998143, 1.5022409060998143, 1.5022409060998143, 1.5022409060998143, 1.5022409060998143, 1.5022409060998143, 1.5022409060998143, 1.5022409060998143, 1.5022409060998143, 1.5022409060998143, 1.5022409060998143, 1.5022409060998143, 1.5022409060998143, 1.5022409060998143, 1.5022409060998143, 1.5022409060998143, 1.5022409060998143, 1.5022409060998143, 1.5022409060998143, 1.5022409060998143, 1.5022409060998143, 0.05063906728150869]","{""elitism_fraction"": 0.2, ""max_iterations"": 140, ""mutation_fraction"": 0.1, ""population_size"": 50}"
schwefel,Schwefel,16,1416,ea,Algoritmo evolutivo,2,"[-500.0, 500.0]","[420.968746, 420.968746]","[419.69653998768626, 420.69239022935585]",0.21377394859655396,1.301875819629341,140,7050,"[254.4429182254969, 194.72024752764628, 83.12400856571662, 83.12400856571662, 20.914905074849457, 20.914905074849457, 20.914905074849457, 20.914905074849457, 20.914905074849457, 10.475186254872142, 10.475186254872142, 10.475186254872142, 10.475186254872142, 10.475186254872142, 10.475186254872142, 10.475186254872142, 10.475186254872142, 10.475186254872142, 10.475186254872142, 10.475186254872142, 10.475186254872142, 10.475186254872142, 10.475186254872142, 10.475186254872142, 10.475186254872142, 10.475186254872142, 10.475186254872142, 10.475186254872142, 10.475186254872142, 10.475186254872142, 10.475186254872142, 10.475186254872142, 10.475186254872142, 10.475186254872142, 10.475186254872142, 10.475186254872142, 10.475186254872142, 10.475186254872142, 10.475186254872142, 10.475186254872142, 10.475186254872142, 10.475186254872142, 10.475186254872142, 10.475186254872142, 10.475186254872142, 10.475186254872142, 10.475186254872142, 10.475186254872142, 10.475186254872142, 10.475186254872142, 10.475186254872142, 10.475186254872142, 10.475186254872142, 10.475186254872142, 10.475186254872142, 10.475186254872142, 10.475186254872142, 10.475186254872142, 6.0470242200538, 6.0470242200538, 6.0470242200538, 6.0470242200538, 6.0470242200538, 6.0470242200538, 6.0470242200538, 6.0470242200538, 6.0470242200538, 6.0470242200538, 6.0470242200538, 6.0470242200538, 6.0470242200538, 2.225956724841353, 2.225956724841353, 0.21377394859655396, 0.21377394859655396, 0.21377394859655396, 0.21377394859655396, 0.21377394859655396, 0.21377394859655396, 0.21377394859655396, 0.21377394859655396, 0.21377394859655396, 0.21377394859655396, 0.21377394859655396, 0.21377394859655396, 0.21377394859655396, 0.21377394859655396, 0.21377394859655396, 0.21377394859655396, 0.21377394859655396, 0.21377394859655396, 0.21377394859655396, 0.21377394859655396, 0.21377394859655396, 0.21377394859655396, 0.21377394859655396, 0.21377394859655396, 0.21377394859655396, 0.21377394859655396, 0.21377394859655396, 0.21377394859655396, 0.21377394859655396, 0.21377394859655396, 0.21377394859655396, 0.21377394859655396, 0.21377394859655396, 0.21377394859655396, 0.21377394859655396, 0.21377394859655396, 0.21377394859655396, 0.21377394859655396, 0.21377394859655396, 0.21377394859655396, 0.21377394859655396, 0.21377394859655396, 0.21377394859655396, 0.21377394859655396, 0.21377394859655396, 0.21377394859655396, 0.21377394859655396, 0.21377394859655396, 0.21377394859655396, 0.21377394859655396, 0.21377394859655396, 0.21377394859655396, 0.21377394859655396, 0.21377394859655396, 0.21377394859655396, 0.21377394859655396, 0.21377394859655396, 0.21377394859655396, 0.21377394859655396, 0.21377394859655396, 0.21377394859655396, 0.21377394859655396, 0.21377394859655396, 0.21377394859655396, 0.21377394859655396, 0.21377394859655396, 0.21377394859655396, 0.21377394859655396]","{""elitism_fraction"": 0.2, ""max_iterations"": 140, ""mutation_fraction"": 0.1, ""population_size"": 50}"
schwefel,Schwefel,17,1417,ea,Algoritmo evolutivo,2,"[-500.0, 500.0]","[420.968746, 420.968746]","[420.89894731038873, 422.0116633586762]",0.13793454737697175,1.045250436067604,140,7050,"[249.93751300275585, 249.93751300275585, 249.93751300275585, 249.93751300275585, 249.93751300275585, 249.93751300275585, 217.34386233815394, 217.34386233815394, 101.36347079000552, 101.36347079000552, 91.4130371793899, 15.489086964270882, 15.489086964270882, 15.489086964270882, 15.489086964270882, 15.489086964270882, 15.489086964270882, 15.489086964270882, 15.489086964270882, 15.489086964270882, 7.0237081059831326, 7.0237081059831326, 7.0237081059831326, 7.0237081059831326, 7.0237081059831326, 0.4750368588030369, 0.4750368588030369, 0.4750368588030369, 0.13793454737697175, 0.13793454737697175, 0.13793454737697175, 0.13793454737697175, 0.13793454737697175, 0.13793454737697175, 0.13793454737697175, 0.13793454737697175, 0.13793454737697175, 0.13793454737697175, 0.13793454737697175, 0.13793454737697175, 0.13793454737697175, 0.13793454737697175, 0.13793454737697175, 0.13793454737697175, 0.13793454737697175, 0.13793454737697175, 0.13793454737697175, 0.13793454737697175, 0.13793454737697175, 0.13793454737697175, 0.13793454737697175, 0.13793454737697175, 0.13793454737697175, 0.13793454737697175, 0.13793454737697175, 0.13793454737697175, 0.13793454737697175, 0.13793454737697175, 0.13793454737697175, 0.13793454737697175, 0.13793454737697175, 0.13793454737697175, 0.13793454737697175, 0.13793454737697175, 0.13793454737697175, 0.13793454737697175, 0.13793454737697175, 0.13793454737697175, 0.13793454737697175, 0.13793454737697175, 0.13793454737697175, 0.13793454737697175, 0.13793454737697175, 0.13793454737697175, 0.13793454737697175, 0.13793454737697175, 0.13793454737697175, 0.13793454737697175, 0.13793454737697175, 0.13793454737697175, 0.13793454737697175, 0.13793454737697175, 0.13793454737697175, 0.13793454737697175, 0.13793454737697175, 0.13793454737697175, 0.13793454737697175, 0.13793454737697175, 0.13793454737697175, 0.13793454737697175, 0.13793454737697175, 0.13793454737697175, 0.13793454737697175, 0.13793454737697175, 0.13793454737697175, 0.13793454737697175, 0.13793454737697175, 0.13793454737697175, 0.13793454737697175, 0.13793454737697175, 0.13793454737697175, 0.13793454737697175, 0.13793454737697175, 0.13793454737697175, 0.13793454737697175, 0.13793454737697175, 0.13793454737697175, 0.13793454737697175, 0.13793454737697175, 0.13793454737697175, 0.13793454737697175, 0.13793454737697175, 0.13793454737697175, 0.13793454737697175, 0.13793454737697175, 0.13793454737697175, 0.13793454737697175, 0.13793454737697175, 0.13793454737697175, 0.13793454737697175, 0.13793454737697175, 0.13793454737697175, 0.13793454737697175, 0.13793454737697175, 0.13793454737697175, 0.13793454737697175, 0.13793454737697175, 0.13793454737697175, 0.13793454737697175, 0.13793454737697175, 0.13793454737697175, 0.13793454737697175, 0.13793454737697175, 0.13793454737697175, 0.13793454737697175, 0.13793454737697175, 0.13793454737697175, 0.13793454737697175, 0.13793454737697175, 0.13793454737697175, 0.13793454737697175]","{""elitism_fraction"": 0.2, ""max_iterations"": 140, ""mutation_fraction"": 0.1, ""population_size"": 50}"
schwefel,Schwefel,18,1418,ea,Algoritmo evolutivo,2,"[-500.0, 500.0]","[420.968746, 420.968746]","[421.8605034160987, 422.39011017546795]",0.3554398719521714,1.6779473795297315,140,7050,"[91.04634948398302, 91.04634948398302, 91.04634948398302, 91.04634948398302, 70.17656986425959, 70.17656986425959, 6.003520348323718, 6.003520348323718, 6.003520348323718, 6.003520348323718, 6.003520348323718, 6.003520348323718, 6.003520348323718, 6.003520348323718, 1.7173635629308137, 1.7173635629308137, 1.7173635629308137, 1.7173635629308137, 1.7173635629308137, 1.7173635629308137, 1.7173635629308137, 1.7173635629308137, 1.7173635629308137, 1.7173635629308137, 1.7173635629308137, 1.7173635629308137, 1.7173635629308137, 1.7173635629308137, 1.7173635629308137, 1.7173635629308137, 1.7173635629308137, 1.7173635629308137, 1.7173635629308137, 1.7173635629308137, 1.7173635629308137, 1.7173635629308137, 1.7173635629308137, 1.7173635629308137, 1.7173635629308137, 1.7173635629308137, 1.7173635629308137, 1.7173635629308137, 1.7173635629308137, 1.7173635629308137, 1.7173635629308137, 1.7173635629308137, 1.7173635629308137, 1.7173635629308137, 1.7173635629308137, 1.7173635629308137, 1.7173635629308137, 1.7173635629308137, 1.7173635629308137, 1.7173635629308137, 1.7173635629308137, 1.7173635629308137, 1.7173635629308137, 1.7173635629308137, 1.7173635629308137, 1.7173635629308137, 1.7173635629308137, 1.7173635629308137, 1.7173635629308137, 1.7173635629308137, 1.7173635629308137, 1.7173635629308137, 1.7173635629308137, 1.7173635629308137, 1.7173635629308137, 1.7173635629308137, 1.7173635629308137, 1.7173635629308137, 1.7173635629308137, 1.7173635629308137, 1.7173635629308137, 1.7173635629308137, 1.2799552631745428, 1.2799552631745428, 1.2799552631745428, 1.2799552631745428, 1.2799552631745428, 1.2799552631745428, 1.2799552631745428, 1.2799552631745428, 1.2799552631745428, 1.2799552631745428, 1.2799552631745428, 1.2799552631745428, 1.2799552631745428, 1.2799552631745428, 1.2799552631745428, 1.2799552631745428, 1.2799552631745428, 1.2799552631745428, 1.2799552631745428, 1.2799552631745428, 1.2799552631745428, 1.2799552631745428, 1.2799552631745428, 1.2799552631745428, 1.2799552631745428, 1.2799552631745428, 1.2799552631745428, 1.2799552631745428, 1.2799552631745428, 1.2799552631745428, 1.2799552631745428, 1.2799552631745428, 1.2799552631745428, 1.2799552631745428, 1.2799552631745428, 1.2799552631745428, 1.2799552631745428, 1.2799552631745428, 1.2799552631745428, 1.2799552631745428, 1.2799552631745428, 1.2799552631745428, 1.2799552631745428, 1.2799552631745428, 1.2799552631745428, 1.2799552631745428, 1.2799552631745428, 1.2799552631745428, 1.2799552631745428, 1.2799552631745428, 1.2799552631745428, 1.2799552631745428, 1.2799552631745428, 1.2799552631745428, 0.3554398719521714, 0.3554398719521714, 0.3554398719521714, 0.3554398719521714, 0.3554398719521714, 0.3554398719521714, 0.3554398719521714, 0.3554398719521714, 0.3554398719521714, 0.3554398719521714, 0.3554398719521714]","{""elitism_fraction"": 0.2, ""max_iterations"": 140, ""mutation_fraction"": 0.1, ""population_size"": 50}"
schwefel,Schwefel,19,1419,ea,Algoritmo evolutivo,2,"[-500.0, 500.0]","[420.968746, 420.968746]","[421.2581449320206, 422.4226728295075]",0.27745518244546474,1.4824489763281672,140,7050,"[305.9995236204205, 305.9995236204205, 305.9995236204205, 173.39196535370274, 173.39196535370274, 136.27187245670098, 136.27187245670098, 136.27187245670098, 136.27187245670098, 136.27187245670098, 136.27187245670098, 136.27187245670098, 136.27187245670098, 136.27187245670098, 136.27187245670098, 136.27187245670098, 136.27187245670098, 136.27187245670098, 136.27187245670098, 136.27187245670098, 136.27187245670098, 136.27187245670098, 136.27187245670098, 136.27187245670098, 136.27187245670098, 136.27187245670098, 30.000398987443987, 30.000398987443987, 30.000398987443987, 30.000398987443987, 30.000398987443987, 30.000398987443987, 30.000398987443987, 30.000398987443987, 30.000398987443987, 25.05458598280711, 25.05458598280711, 25.05458598280711, 25.05458598280711, 25.05458598280711, 25.05458598280711, 25.05458598280711, 25.05458598280711, 25.05458598280711, 25.05458598280711, 25.05458598280711, 25.05458598280711, 25.05458598280711, 25.05458598280711, 25.05458598280711, 25.05458598280711, 25.05458598280711, 25.05458598280711, 25.05458598280711, 10.733369782841578, 10.733369782841578, 10.733369782841578, 10.733369782841578, 10.733369782841578, 2.910927592922917, 2.910927592922917, 2.910927592922917, 2.910927592922917, 2.910927592922917, 2.910927592922917, 2.910927592922917, 2.910927592922917, 2.910927592922917, 2.910927592922917, 2.910927592922917, 0.9832173281336054, 0.9832173281336054, 0.9832173281336054, 0.9832173281336054, 0.9832173281336054, 0.9832173281336054, 0.9832173281336054, 0.9832173281336054, 0.9832173281336054, 0.9832173281336054, 0.9832173281336054, 0.9832173281336054, 0.9832173281336054, 0.9832173281336054, 0.27745518244546474, 0.27745518244546474, 0.27745518244546474, 0.27745518244546474, 0.27745518244546474, 0.27745518244546474, 0.27745518244546474, 0.27745518244546474, 0.27745518244546474, 0.27745518244546474, 0.27745518244546474, 0.27745518244546474, 0.27745518244546474, 0.27745518244546474, 0.27745518244546474, 0.27745518244546474, 0.27745518244546474, 0.27745518244546474, 0.27745518244546474, 0.27745518244546474, 0.27745518244546474, 0.27745518244546474, 0.27745518244546474, 0.27745518244546474, 0.27745518244546474, 0.27745518244546474, 0.27745518244546474, 0.27745518244546474, 0.27745518244546474, 0.27745518244546474, 0.27745518244546474, 0.27745518244546474, 0.27745518244546474, 0.27745518244546474, 0.27745518244546474, 0.27745518244546474, 0.27745518244546474, 0.27745518244546474, 0.27745518244546474, 0.27745518244546474, 0.27745518244546474, 0.27745518244546474, 0.27745518244546474, 0.27745518244546474, 0.27745518244546474, 0.27745518244546474, 0.27745518244546474, 0.27745518244546474, 0.27745518244546474, 0.27745518244546474, 0.27745518244546474, 0.27745518244546474, 0.27745518244546474, 0.27745518244546474, 0.27745518244546474, 0.27745518244546474, 0.27745518244546474]","{""elitism_fraction"": 0.2, ""max_iterations"": 140, ""mutation_fraction"": 0.1, ""population_size"": 50}"
schwefel,Schwefel,20,1411,ea,Algoritmo evolutivo,2,"[-500.0, 500.0]","[420.968746, 420.968746]","[420.51079588417065, 422.0244171582442]",0.16715687537839585,1.1507214706160507,140,7050,"[129.53858751070152, 9.378177190488259, 9.378177190488259, 9.378177190488259, 9.378177190488259, 9.378177190488259, 8.84704696850497, 8.84704696850497, 8.84704696850497, 8.84704696850497, 8.84704696850497, 8.84704696850497, 8.84704696850497, 8.84704696850497, 8.84704696850497, 8.84704696850497, 8.84704696850497, 8.84704696850497, 8.84704696850497, 8.84704696850497, 8.84704696850497, 8.84704696850497, 8.84704696850497, 7.334490863367364, 7.334490863367364, 7.334490863367364, 7.334490863367364, 7.334490863367364, 7.334490863367364, 7.334490863367364, 6.11388237061783, 4.601326265480338, 4.601326265480338, 4.601326265480338, 4.601326265480338, 4.601326265480338, 4.601326265480338, 4.601326265480338, 0.16715687537839585, 0.16715687537839585, 0.16715687537839585, 0.16715687537839585, 0.16715687537839585, 0.16715687537839585, 0.16715687537839585, 0.16715687537839585, 0.16715687537839585, 0.16715687537839585, 0.16715687537839585, 0.16715687537839585, 0.16715687537839585, 0.16715687537839585, 0.16715687537839585, 0.16715687537839585, 0.16715687537839585, 0.16715687537839585, 0.16715687537839585, 0.16715687537839585, 0.16715687537839585, 0.16715687537839585, 0.16715687537839585, 0.16715687537839585, 0.16715687537839585, 0.16715687537839585, 0.16715687537839585, 0.16715687537839585, 0.16715687537839585, 0.16715687537839585, 0.16715687537839585, 0.16715687537839585, 0.16715687537839585, 0.16715687537839585, 0.16715687537839585, 0.16715687537839585, 0.16715687537839585, 0.16715687537839585, 0.16715687537839585, 0.16715687537839585, 0.16715687537839585, 0.16715687537839585, 0.16715687537839585, 0.16715687537839585, 0.16715687537839585, 0.16715687537839585, 0.16715687537839585, 0.16715687537839585, 0.16715687537839585, 0.16715687537839585, 0.16715687537839585, 0.16715687537839585, 0.16715687537839585, 0.16715687537839585, 0.16715687537839585, 0.16715687537839585, 0.16715687537839585, 0.16715687537839585, 0.16715687537839585, 0.16715687537839585, 0.16715687537839585, 0.16715687537839585, 0.16715687537839585, 0.16715687537839585, 0.16715687537839585, 0.16715687537839585, 0.16715687537839585, 0.16715687537839585, 0.16715687537839585, 0.16715687537839585, 0.16715687537839585, 0.16715687537839585, 0.16715687537839585, 0.16715687537839585, 0.16715687537839585, 0.16715687537839585, 0.16715687537839585, 0.16715687537839585, 0.16715687537839585, 0.16715687537839585, 0.16715687537839585, 0.16715687537839585, 0.16715687537839585, 0.16715687537839585, 0.16715687537839585, 0.16715687537839585, 0.16715687537839585, 0.16715687537839585, 0.16715687537839585, 0.16715687537839585, 0.16715687537839585, 0.16715687537839585, 0.16715687537839585, 0.16715687537839585, 0.16715687537839585, 0.16715687537839585, 0.16715687537839585, 0.16715687537839585, 0.16715687537839585, 0.16715687537839585, 0.16715687537839585, 0.16715687537839585, 0.16715687537839585]","{""elitism_fraction"": 0.2, ""max_iterations"": 140, ""mutation_fraction"": 0.1, ""population_size"": 50}"
schwefel,Schwefel,21,1412,ea,Algoritmo evolutivo,2,"[-500.0, 500.0]","[420.968746, 420.968746]","[421.42262985261493, 418.54574355083423]",0.76593141387184,2.465147342518886,140,7050,"[152.22369953879593, 63.964564936882994, 8.990120789382217, 8.990120789382217, 8.990120789382217, 8.990120789382217, 8.990120789382217, 8.990120789382217, 8.990120789382217, 1.8042724274436068, 1.8042724274436068, 1.8042724274436068, 1.8042724274436068, 1.8042724274436068, 1.8042724274436068, 1.8042724274436068, 1.8042724274436068, 1.8042724274436068, 1.8042724274436068, 1.8042724274436068, 1.8042724274436068, 1.8042724274436068, 1.8042724274436068, 1.8042724274436068, 1.8042724274436068, 1.8042724274436068, 1.8042724274436068, 1.8042724274436068, 1.8042724274436068, 1.8042724274436068, 1.8042724274436068, 1.8042724274436068, 1.8042724274436068, 1.8042724274436068, 1.8042724274436068, 1.8042724274436068, 1.8042724274436068, 1.8042724274436068, 1.8042724274436068, 1.8042724274436068, 1.8042724274436068, 1.8042724274436068, 1.8042724274436068, 1.8042724274436068, 1.8042724274436068, 1.8042724274436068, 1.8042724274436068, 1.8042724274436068, 1.8042724274436068, 1.8042724274436068, 1.8042724274436068, 1.8042724274436068, 1.8042724274436068, 1.8042724274436068, 1.8042724274436068, 1.8042724274436068, 1.8042724274436068, 1.8042724274436068, 1.8042724274436068, 1.8042724274436068, 1.8042724274436068, 1.8042724274436068, 1.8042724274436068, 1.8042724274436068, 1.8042724274436068, 1.8042724274436068, 1.8042724274436068, 1.8042724274436068, 1.8042724274436068, 1.8042724274436068, 1.8042724274436068, 1.8042724274436068, 1.8042724274436068, 1.8042724274436068, 1.8042724274436068, 1.8042724274436068, 1.8042724274436068, 1.8042724274436068, 1.8042724274436068, 1.8042724274436068, 1.8042724274436068, 1.8042724274436068, 1.8042724274436068, 1.8042724274436068, 1.8042724274436068, 1.8042724274436068, 1.8042724274436068, 1.8042724274436068, 1.8042724274436068, 1.8042724274436068, 1.8042724274436068, 1.8042724274436068, 1.8042724274436068, 1.8042724274436068, 1.8042724274436068, 1.8042724274436068, 1.8042724274436068, 1.8042724274436068, 1.8042724274436068, 1.8042724274436068, 1.8042724274436068, 1.8042724274436068, 1.8042724274436068, 1.8042724274436068, 1.8042724274436068, 1.8042724274436068, 1.8042724274436068, 1.8042724274436068, 1.8042724274436068, 1.8042724274436068, 1.8042724274436068, 1.8042724274436068, 1.8042724274436068, 1.8042724274436068, 1.8042724274436068, 1.8042724274436068, 1.8042724274436068, 1.8042724274436068, 1.8042724274436068, 1.8042724274436068, 1.8042724274436068, 1.8042724274436068, 1.8042724274436068, 1.8042724274436068, 1.8042724274436068, 1.8042724274436068, 1.8042724274436068, 1.8042724274436068, 1.8042724274436068, 1.8042724274436068, 1.8042724274436068, 1.8042724274436068, 1.8042724274436068, 0.76593141387184, 0.76593141387184, 0.76593141387184, 0.76593141387184, 0.76593141387184, 0.76593141387184, 0.76593141387184, 0.76593141387184]","{""elitism_fraction"": 0.2, ""max_iterations"": 140, ""mutation_fraction"": 0.1, ""population_size"": 50}"
schwefel,Schwefel,22,1413,ea,Algoritmo evolutivo,2,"[-500.0, 500.0]","[420.968746, 420.968746]","[419.5084883042118, 420.94699809261294]",0.2689729810732615,1.4604196347571956,140,7050,"[245.20680465129965, 245.20680465129965, 18.620181030238314, 18.620181030238314, 18.620181030238314, 18.620181030238314, 18.620181030238314, 18.620181030238314, 18.620181030238314, 18.620181030238314, 18.620181030238314, 18.457303862050253, 11.535345476232578, 11.535345476232578, 11.535345476232578, 11.535345476232578, 11.535345476232578, 11.372468308044517, 11.372468308044517, 11.372468308044517, 11.372468308044517, 11.372468308044517, 11.372468308044517, 8.775856826292511, 8.775856826292511, 8.775856826292511, 8.775856826292511, 8.775856826292511, 8.775856826292511, 8.775856826292511, 8.775856826292511, 8.775856826292511, 8.775856826292511, 8.775856826292511, 8.775856826292511, 8.775856826292511, 8.775856826292511, 8.775856826292511, 8.775856826292511, 6.305535884344863, 6.305535884344863, 6.305535884344863, 3.8651367576802613, 3.8651367576802613, 3.8651367576802613, 3.8651367576802613, 3.8651367576802613, 3.8651367576802613, 3.8651367576802613, 3.8651367576802613, 1.3948158157326134, 0.2689729810732615, 0.2689729810732615, 0.2689729810732615, 0.2689729810732615, 0.2689729810732615, 0.2689729810732615, 0.2689729810732615, 0.2689729810732615, 0.2689729810732615, 0.2689729810732615, 0.2689729810732615, 0.2689729810732615, 0.2689729810732615, 0.2689729810732615, 0.2689729810732615, 0.2689729810732615, 0.2689729810732615, 0.2689729810732615, 0.2689729810732615, 0.2689729810732615, 0.2689729810732615, 0.2689729810732615, 0.2689729810732615, 0.2689729810732615, 0.2689729810732615, 0.2689729810732615, 0.2689729810732615, 0.2689729810732615, 0.2689729810732615, 0.2689729810732615, 0.2689729810732615, 0.2689729810732615, 0.2689729810732615, 0.2689729810732615, 0.2689729810732615, 0.2689729810732615, 0.2689729810732615, 0.2689729810732615, 0.2689729810732615, 0.2689729810732615, 0.2689729810732615, 0.2689729810732615, 0.2689729810732615, 0.2689729810732615, 0.2689729810732615, 0.2689729810732615, 0.2689729810732615, 0.2689729810732615, 0.2689729810732615, 0.2689729810732615, 0.2689729810732615, 0.2689729810732615, 0.2689729810732615, 0.2689729810732615, 0.2689729810732615, 0.2689729810732615, 0.2689729810732615, 0.2689729810732615, 0.2689729810732615, 0.2689729810732615, 0.2689729810732615, 0.2689729810732615, 0.2689729810732615, 0.2689729810732615, 0.2689729810732615, 0.2689729810732615, 0.2689729810732615, 0.2689729810732615, 0.2689729810732615, 0.2689729810732615, 0.2689729810732615, 0.2689729810732615, 0.2689729810732615, 0.2689729810732615, 0.2689729810732615, 0.2689729810732615, 0.2689729810732615, 0.2689729810732615, 0.2689729810732615, 0.2689729810732615, 0.2689729810732615, 0.2689729810732615, 0.2689729810732615, 0.2689729810732615, 0.2689729810732615, 0.2689729810732615, 0.2689729810732615, 0.2689729810732615, 0.2689729810732615, 0.2689729810732615]","{""elitism_fraction"": 0.2, ""max_iterations"": 140, ""mutation_fraction"": 0.1, ""population_size"": 50}"
schwefel,Schwefel,23,1414,ea,Algoritmo evolutivo,2,"[-500.0, 500.0]","[420.968746, 420.968746]","[420.5992937530533, 418.0722271623191]",1.0742766774893653,2.9199856745905945,140,7050,"[102.5773021256814, 102.5773021256814, 102.5773021256814, 101.94274092129035, 101.94274092129035, 101.94274092129035, 101.94274092129035, 40.278455473803206, 40.278455473803206, 40.278455473803206, 10.647068711637985, 10.647068711637985, 10.647068711637985, 10.647068711637985, 10.647068711637985, 10.647068711637985, 10.647068711637985, 10.647068711637985, 10.647068711637985, 10.647068711637985, 10.647068711637985, 10.647068711637985, 10.647068711637985, 10.647068711637985, 10.647068711637985, 10.647068711637985, 10.647068711637985, 10.647068711637985, 10.647068711637985, 10.647068711637985, 10.647068711637985, 10.647068711637985, 10.647068711637985, 10.647068711637985, 10.647068711637985, 10.647068711637985, 10.647068711637985, 10.647068711637985, 10.647068711637985, 10.647068711637985, 10.647068711637985, 10.647068711637985, 10.647068711637985, 10.647068711637985, 10.647068711637985, 10.647068711637985, 10.647068711637985, 10.647068711637985, 10.647068711637985, 10.647068711637985, 10.647068711637985, 10.647068711637985, 10.647068711637985, 10.647068711637985, 10.647068711637985, 10.647068711637985, 10.647068711637985, 10.647068711637985, 10.647068711637985, 10.647068711637985, 10.647068711637985, 10.647068711637985, 10.647068711637985, 10.647068711637985, 10.647068711637985, 10.647068711637985, 10.647068711637985, 10.647068711637985, 10.647068711637985, 10.647068711637985, 10.647068711637985, 10.647068711637985, 10.647068711637985, 10.647068711637985, 10.647068711637985, 10.647068711637985, 10.647068711637985, 10.647068711637985, 10.647068711637985, 10.647068711637985, 10.647068711637985, 10.647068711637985, 10.647068711637985, 10.647068711637985, 10.647068711637985, 10.647068711637985, 5.340831959874208, 5.340831959874208, 5.340831959874208, 5.340831959874208, 5.340831959874208, 5.340831959874208, 5.340831959874208, 5.340831959874208, 5.340831959874208, 4.1515990682266875, 4.1515990682266875, 3.2512031918054163, 3.2512031918054163, 3.2512031918054163, 3.2512031918054163, 3.2512031918054163, 3.2512031918054163, 2.061970300157782, 2.061970300157782, 2.061970300157782, 2.061970300157782, 2.061970300157782, 2.061970300157782, 2.061970300157782, 2.061970300157782, 2.061970300157782, 2.061970300157782, 2.061970300157782, 2.061970300157782, 2.061970300157782, 2.061970300157782, 2.061970300157782, 2.061970300157782, 2.061970300157782, 2.061970300157782, 2.061970300157782, 2.061970300157782, 1.0742766774893653, 1.0742766774893653, 1.0742766774893653, 1.0742766774893653, 1.0742766774893653, 1.0742766774893653, 1.0742766774893653, 1.0742766774893653, 1.0742766774893653, 1.0742766774893653, 1.0742766774893653, 1.0742766774893653, 1.0742766774893653, 1.0742766774893653, 1.0742766774893653, 1.0742766774893653, 1.0742766774893653, 1.0742766774893653]","{""elitism_fraction"": 0.2, ""max_iterations"": 140, ""mutation_fraction"": 0.1, ""population_size"": 50}"
schwefel,Schwefel,24,1415,ea,Algoritmo evolutivo,2,"[-500.0, 500.0]","[420.968746, 420.968746]","[421.5836848720064, 420.81748243596996]",0.05063906728150869,0.633269675657679,140,7050,"[3.268514752787496, 3.268514752787496, 3.268514752787496, 3.268514752787496, 3.268514752787496, 3.268514752787496, 3.268514752787496, 2.590706056687395, 2.590706056687395, 2.590706056687395, 2.590706056687395, 2.590706056687395, 2.590706056687395, 2.590706056687395, 2.590706056687395, 2.590706056687395, 2.590706056687395, 2.590706056687395, 2.590706056687395, 2.590706056687395, 2.590706056687395, 2.590706056687395, 2.590706056687395, 2.590706056687395, 2.590706056687395, 2.590706056687395, 2.590706056687395, 2.590706056687395, 2.590706056687395, 2.590706056687395, 2.590706056687395, 2.590706056687395, 2.590706056687395, 2.590706056687395, 2.590706056687395, 2.590706056687395, 2.590706056687395, 2.590706056687395, 2.590706056687395, 2.590706056687395, 2.590706056687395, 2.590706056687395, 2.590706056687395, 2.590706056687395, 2.590706056687395, 2.590706056687395, 2.590706056687395, 2.590706056687395, 2.590706056687395, 2.590706056687395, 2.590706056687395, 2.590706056687395, 2.590706056687395, 2.590706056687395, 2.590706056687395, 2.590706056687395, 2.590706056687395, 2.590706056687395, 2.590706056687395, 2.590706056687395, 2.4365759960683135, 2.4365759960683135, 2.4365759960683135, 2.4365759960683135, 2.4365759960683135, 2.4365759960683135, 2.4365759960683135, 2.4365759960683135, 2.4365759960683135, 2.4365759960683135, 2.143680174329347, 2.143680174329347, 2.143680174329347, 2.143680174329347, 2.143680174329347, 2.143680174329347, 2.143680174329347, 2.143680174329347, 2.143680174329347, 2.143680174329347, 2.143680174329347, 2.143680174329347, 2.143680174329347, 2.143680174329347, 2.143680174329347, 2.143680174329347, 2.143680174329347, 2.143680174329347, 2.143680174329347, 2.143680174329347, 2.143680174329347, 2.143680174329347, 2.143680174329347, 2.143680174329347, 2.143680174329347, 2.143680174329347, 2.143680174329347, 2.143680174329347, 2.143680174329347, 2.143680174329347, 2.143680174329347, 2.143680174329347, 2.143680174329347, 2.143680174329347, 2.143680174329347, 2.143680174329347, 2.143680174329347, 2.143680174329347, 2.143680174329347, 1.5022409060998143, 1.5022409060998143, 1.5022409060998143, 1.5022409060998143, 1.5022409060998143, 1.5022409060998143, 1.5022409060998143, 1.5022409060998143, 1.5022409060998143, 1.5022409060998143, 1.5022409060998143, 1.5022409060998143, 1.5022409060998143, 1.5022409060998143, 1.5022409060998143, 1.5022409060998143, 1.5022409060998143, 1.5022409060998143, 1.5022409060998143, 1.5022409060998143, 1.5022409060998143, 1.5022409060998143, 1.5022409060998143, 1.5022409060998143, 1.5022409060998143, 1.5022409060998143, 1.5022409060998143, 1.5022409060998143, 1.5022409060998143, 1.5022409060998143, 1.5022409060998143, 0.05063906728150869]","{""elitism_fraction"": 0.2, ""max_iterations"": 140, ""mutation_fraction"": 0.1, ""population_size"": 50}"
schwefel,Schwefel,25,1416,ea,Algoritmo evolutivo,2,"[-500.0, 500.0]","[420.968746, 420.968746]","[419.69653998768626, 420.69239022935585]",0.21377394859655396,1.301875819629341,140,7050,"[254.4429182254969, 194.72024752764628, 83.12400856571662, 83.12400856571662, 20.914905074849457, 20.914905074849457, 20.914905074849457, 20.914905074849457, 20.914905074849457, 10.475186254872142, 10.475186254872142, 10.475186254872142, 10.475186254872142, 10.475186254872142, 10.475186254872142, 10.475186254872142, 10.475186254872142, 10.475186254872142, 10.475186254872142, 10.475186254872142, 10.475186254872142, 10.475186254872142, 10.475186254872142, 10.475186254872142, 10.475186254872142, 10.475186254872142, 10.475186254872142, 10.475186254872142, 10.475186254872142, 10.475186254872142, 10.475186254872142, 10.475186254872142, 10.475186254872142, 10.475186254872142, 10.475186254872142, 10.475186254872142, 10.475186254872142, 10.475186254872142, 10.475186254872142, 10.475186254872142, 10.475186254872142, 10.475186254872142, 10.475186254872142, 10.475186254872142, 10.475186254872142, 10.475186254872142, 10.475186254872142, 10.475186254872142, 10.475186254872142, 10.475186254872142, 10.475186254872142, 10.475186254872142, 10.475186254872142, 10.475186254872142, 10.475186254872142, 10.475186254872142, 10.475186254872142, 10.475186254872142, 6.0470242200538, 6.0470242200538, 6.0470242200538, 6.0470242200538, 6.0470242200538, 6.0470242200538, 6.0470242200538, 6.0470242200538, 6.0470242200538, 6.0470242200538, 6.0470242200538, 6.0470242200538, 6.0470242200538, 2.225956724841353, 2.225956724841353, 0.21377394859655396, 0.21377394859655396, 0.21377394859655396, 0.21377394859655396, 0.21377394859655396, 0.21377394859655396, 0.21377394859655396, 0.21377394859655396, 0.21377394859655396, 0.21377394859655396, 0.21377394859655396, 0.21377394859655396, 0.21377394859655396, 0.21377394859655396, 0.21377394859655396, 0.21377394859655396, 0.21377394859655396, 0.21377394859655396, 0.21377394859655396, 0.21377394859655396, 0.21377394859655396, 0.21377394859655396, 0.21377394859655396, 0.21377394859655396, 0.21377394859655396, 0.21377394859655396, 0.21377394859655396, 0.21377394859655396, 0.21377394859655396, 0.21377394859655396, 0.21377394859655396, 0.21377394859655396, 0.21377394859655396, 0.21377394859655396, 0.21377394859655396, 0.21377394859655396, 0.21377394859655396, 0.21377394859655396, 0.21377394859655396, 0.21377394859655396, 0.21377394859655396, 0.21377394859655396, 0.21377394859655396, 0.21377394859655396, 0.21377394859655396, 0.21377394859655396, 0.21377394859655396, 0.21377394859655396, 0.21377394859655396, 0.21377394859655396, 0.21377394859655396, 0.21377394859655396, 0.21377394859655396, 0.21377394859655396, 0.21377394859655396, 0.21377394859655396, 0.21377394859655396, 0.21377394859655396, 0.21377394859655396, 0.21377394859655396, 0.21377394859655396, 0.21377394859655396, 0.21377394859655396, 0.21377394859655396, 0.21377394859655396, 0.21377394859655396, 0.21377394859655396, 0.21377394859655396]","{""elitism_fraction"": 0.2, ""max_iterations"": 140, ""mutation_fraction"": 0.1, ""population_size"": 50}"
schwefel,Schwefel,26,1417,ea,Algoritmo evolutivo,2,"[-500.0, 500.0]","[420.968746, 420.968746]","[420.89894731038873, 422.0116633586762]",0.13793454737697175,1.045250436067604,140,7050,"[249.93751300275585, 249.93751300275585, 249.93751300275585, 249.93751300275585, 249.93751300275585, 249.93751300275585, 217.34386233815394, 217.34386233815394, 101.36347079000552, 101.36347079000552, 91.4130371793899, 15.489086964270882, 15.489086964270882, 15.489086964270882, 15.489086964270882, 15.489086964270882, 15.489086964270882, 15.489086964270882, 15.489086964270882, 15.489086964270882, 7.0237081059831326, 7.0237081059831326, 7.0237081059831326, 7.0237081059831326, 7.0237081059831326, 0.4750368588030369, 0.4750368588030369, 0.4750368588030369, 0.13793454737697175, 0.13793454737697175, 0.13793454737697175, 0.13793454737697175, 0.13793454737697175, 0.13793454737697175, 0.13793454737697175, 0.13793454737697175, 0.13793454737697175, 0.13793454737697175, 0.13793454737697175, 0.13793454737697175, 0.13793454737697175, 0.13793454737697175, 0.13793454737697175, 0.13793454737697175, 0.13793454737697175, 0.13793454737697175, 0.13793454737697175, 0.13793454737697175, 0.13793454737697175, 0.13793454737697175, 0.13793454737697175, 0.13793454737697175, 0.13793454737697175, 0.13793454737697175, 0.13793454737697175, 0.13793454737697175, 0.13793454737697175, 0.13793454737697175, 0.13793454737697175, 0.13793454737697175, 0.13793454737697175, 0.13793454737697175, 0.13793454737697175, 0.13793454737697175, 0.13793454737697175, 0.13793454737697175, 0.13793454737697175, 0.13793454737697175, 0.13793454737697175, 0.13793454737697175, 0.13793454737697175, 0.13793454737697175, 0.13793454737697175, 0.13793454737697175, 0.13793454737697175, 0.13793454737697175, 0.13793454737697175, 0.13793454737697175, 0.13793454737697175, 0.13793454737697175, 0.13793454737697175, 0.13793454737697175, 0.13793454737697175, 0.13793454737697175, 0.13793454737697175, 0.13793454737697175, 0.13793454737697175, 0.13793454737697175, 0.13793454737697175, 0.13793454737697175, 0.13793454737697175, 0.13793454737697175, 0.13793454737697175, 0.13793454737697175, 0.13793454737697175, 0.13793454737697175, 0.13793454737697175, 0.13793454737697175, 0.13793454737697175, 0.13793454737697175, 0.13793454737697175, 0.13793454737697175, 0.13793454737697175, 0.13793454737697175, 0.13793454737697175, 0.13793454737697175, 0.13793454737697175, 0.13793454737697175, 0.13793454737697175, 0.13793454737697175, 0.13793454737697175, 0.13793454737697175, 0.13793454737697175, 0.13793454737697175, 0.13793454737697175, 0.13793454737697175, 0.13793454737697175, 0.13793454737697175, 0.13793454737697175, 0.13793454737697175, 0.13793454737697175, 0.13793454737697175, 0.13793454737697175, 0.13793454737697175, 0.13793454737697175, 0.13793454737697175, 0.13793454737697175, 0.13793454737697175, 0.13793454737697175, 0.13793454737697175, 0.13793454737697175, 0.13793454737697175, 0.13793454737697175, 0.13793454737697175, 0.13793454737697175, 0.13793454737697175, 0.13793454737697175, 0.13793454737697175, 0.13793454737697175, 0.13793454737697175, 0.13793454737697175]","{""elitism_fraction"": 0.2, ""max_iterations"": 140, ""mutation_fraction"": 0.1, ""population_size"": 50}"
schwefel,Schwefel,27,1418,ea,Algoritmo evolutivo,2,"[-500.0, 500.0]","[420.968746, 420.968746]","[421.8605034160987, 422.39011017546795]",0.3554398719521714,1.6779473795297315,140,7050,"[91.04634948398302, 91.04634948398302, 91.04634948398302, 91.04634948398302, 70.17656986425959, 70.17656986425959, 6.003520348323718, 6.003520348323718, 6.003520348323718, 6.003520348323718, 6.003520348323718, 6.003520348323718, 6.003520348323718, 6.003520348323718, 1.7173635629308137, 1.7173635629308137, 1.7173635629308137, 1.7173635629308137, 1.7173635629308137, 1.7173635629308137, 1.7173635629308137, 1.7173635629308137, 1.7173635629308137, 1.7173635629308137, 1.7173635629308137, 1.7173635629308137, 1.7173635629308137, 1.7173635629308137, 1.7173635629308137, 1.7173635629308137, 1.7173635629308137, 1.7173635629308137, 1.7173635629308137, 1.7173635629308137, 1.7173635629308137, 1.7173635629308137, 1.7173635629308137, 1.7173635629308137, 1.7173635629308137, 1.7173635629308137, 1.7173635629308137, 1.7173635629308137, 1.7173635629308137, 1.7173635629308137, 1.7173635629308137, 1.7173635629308137, 1.7173635629308137, 1.7173635629308137, 1.7173635629308137, 1.7173635629308137, 1.7173635629308137, 1.7173635629308137, 1.7173635629308137, 1.7173635629308137, 1.7173635629308137, 1.7173635629308137, 1.7173635629308137, 1.7173635629308137, 1.7173635629308137, 1.7173635629308137, 1.7173635629308137, 1.7173635629308137, 1.7173635629308137, 1.7173635629308137, 1.7173635629308137, 1.7173635629308137, 1.7173635629308137, 1.7173635629308137, 1.7173635629308137, 1.7173635629308137, 1.7173635629308137, 1.7173635629308137, 1.7173635629308137, 1.7173635629308137, 1.7173635629308137, 1.7173635629308137, 1.2799552631745428, 1.2799552631745428, 1.2799552631745428, 1.2799552631745428, 1.2799552631745428, 1.2799552631745428, 1.2799552631745428, 1.2799552631745428, 1.2799552631745428, 1.2799552631745428, 1.2799552631745428, 1.2799552631745428, 1.2799552631745428, 1.2799552631745428, 1.2799552631745428, 1.2799552631745428, 1.2799552631745428, 1.2799552631745428, 1.2799552631745428, 1.2799552631745428, 1.2799552631745428, 1.2799552631745428, 1.2799552631745428, 1.2799552631745428, 1.2799552631745428, 1.2799552631745428, 1.2799552631745428, 1.2799552631745428, 1.2799552631745428, 1.2799552631745428, 1.2799552631745428, 1.2799552631745428, 1.2799552631745428, 1.2799552631745428, 1.2799552631745428, 1.2799552631745428, 1.2799552631745428, 1.2799552631745428, 1.2799552631745428, 1.2799552631745428, 1.2799552631745428, 1.2799552631745428, 1.2799552631745428, 1.2799552631745428, 1.2799552631745428, 1.2799552631745428, 1.2799552631745428, 1.2799552631745428, 1.2799552631745428, 1.2799552631745428, 1.2799552631745428, 1.2799552631745428, 1.2799552631745428, 1.2799552631745428, 0.3554398719521714, 0.3554398719521714, 0.3554398719521714, 0.3554398719521714, 0.3554398719521714, 0.3554398719521714, 0.3554398719521714, 0.3554398719521714, 0.3554398719521714, 0.3554398719521714, 0.3554398719521714]","{""elitism_fraction"": 0.2, ""max_iterations"": 140, ""mutation_fraction"": 0.1, ""population_size"": 50}"
schwefel,Schwefel,28,1419,ea,Algoritmo evolutivo,2,"[-500.0, 500.0]","[420.968746, 420.968746]","[421.2581449320206, 422.4226728295075]",0.27745518244546474,1.4824489763281672,140,7050,"[305.9995236204205, 305.9995236204205, 305.9995236204205, 173.39196535370274, 173.39196535370274, 136.27187245670098, 136.27187245670098, 136.27187245670098, 136.27187245670098, 136.27187245670098, 136.27187245670098, 136.27187245670098, 136.27187245670098, 136.27187245670098, 136.27187245670098, 136.27187245670098, 136.27187245670098, 136.27187245670098, 136.27187245670098, 136.27187245670098, 136.27187245670098, 136.27187245670098, 136.27187245670098, 136.27187245670098, 136.27187245670098, 136.27187245670098, 30.000398987443987, 30.000398987443987, 30.000398987443987, 30.000398987443987, 30.000398987443987, 30.000398987443987, 30.000398987443987, 30.000398987443987, 30.000398987443987, 25.05458598280711, 25.05458598280711, 25.05458598280711, 25.05458598280711, 25.05458598280711, 25.05458598280711, 25.05458598280711, 25.05458598280711, 25.05458598280711, 25.05458598280711, 25.05458598280711, 25.05458598280711, 25.05458598280711, 25.05458598280711, 25.05458598280711, 25.05458598280711, 25.05458598280711, 25.05458598280711, 25.05458598280711, 10.733369782841578, 10.733369782841578, 10.733369782841578, 10.733369782841578, 10.733369782841578, 2.910927592922917, 2.910927592922917, 2.910927592922917, 2.910927592922917, 2.910927592922917, 2.910927592922917, 2.910927592922917, 2.910927592922917, 2.910927592922917, 2.910927592922917, 2.910927592922917, 0.9832173281336054, 0.9832173281336054, 0.9832173281336054, 0.9832173281336054, 0.9832173281336054, 0.9832173281336054, 0.9832173281336054, 0.9832173281336054, 0.9832173281336054, 0.9832173281336054, 0.9832173281336054, 0.9832173281336054, 0.9832173281336054, 0.9832173281336054, 0.27745518244546474, 0.27745518244546474, 0.27745518244546474, 0.27745518244546474, 0.27745518244546474, 0.27745518244546474, 0.27745518244546474, 0.27745518244546474, 0.27745518244546474, 0.27745518244546474, 0.27745518244546474, 0.27745518244546474, 0.27745518244546474, 0.27745518244546474, 0.27745518244546474, 0.27745518244546474, 0.27745518244546474, 0.27745518244546474, 0.27745518244546474, 0.27745518244546474, 0.27745518244546474, 0.27745518244546474, 0.27745518244546474, 0.27745518244546474, 0.27745518244546474, 0.27745518244546474, 0.27745518244546474, 0.27745518244546474, 0.27745518244546474, 0.27745518244546474, 0.27745518244546474, 0.27745518244546474, 0.27745518244546474, 0.27745518244546474, 0.27745518244546474, 0.27745518244546474, 0.27745518244546474, 0.27745518244546474, 0.27745518244546474, 0.27745518244546474, 0.27745518244546474, 0.27745518244546474, 0.27745518244546474, 0.27745518244546474, 0.27745518244546474, 0.27745518244546474, 0.27745518244546474, 0.27745518244546474, 0.27745518244546474, 0.27745518244546474, 0.27745518244546474, 0.27745518244546474, 0.27745518244546474, 0.27745518244546474, 0.27745518244546474, 0.27745518244546474, 0.27745518244546474]","{""elitism_fraction"": 0.2, ""max_iterations"": 140, ""mutation_fraction"": 0.1, ""population_size"": 50}"
schwefel,Schwefel,29,1420,ea,Algoritmo evolutivo,2,"[-500.0, 500.0]","[420.968746, 420.968746]","[422.1727276101691, 422.47300500824986]",0.4686689806475215,1.926750342292987,140,7050,"[271.8870572005901, 260.02596845066023, 173.75458716516414, 173.75458716516414, 173.75458716516414, 22.690246957234876, 22.690246957234876, 22.690246957234876, 22.690246957234876, 22.690246957234876, 22.690246957234876, 22.690246957234876, 22.690246957234876, 22.690246957234876, 22.690246957234876, 22.690246957234876, 22.690246957234876, 22.690246957234876, 22.690246957234876, 22.521179153226512, 22.521179153226512, 1.2808302491321228, 1.1117624451237589, 1.1117624451237589, 1.1117624451237589, 1.1117624451237589, 1.1117624451237589, 1.1117624451237589, 1.1117624451237589, 1.1117624451237589, 1.1117624451237589, 1.1117624451237589, 1.1117624451237589, 1.1117624451237589, 1.1117624451237589, 1.1117624451237589, 1.1117624451237589, 1.1117624451237589, 1.1117624451237589, 1.1117624451237589, 1.1117624451237589, 1.1117624451237589, 1.1117624451237589, 1.1117624451237589, 1.1117624451237589, 1.1117624451237589, 1.1117624451237589, 1.1117624451237589, 1.1117624451237589, 1.1117624451237589, 1.1117624451237589, 1.1117624451237589, 1.1117624451237589, 1.1117624451237589, 1.1117624451237589, 1.1117624451237589, 1.1117624451237589, 1.1117624451237589, 1.1117624451237589, 1.1117624451237589, 1.1117624451237589, 1.1117624451237589, 1.1117624451237589, 1.1117624451237589, 1.1117624451237589, 1.1117624451237589, 1.1117624451237589, 1.1117624451237589, 1.1117624451237589, 1.1117624451237589, 1.1117624451237589, 1.1117624451237589, 1.1117624451237589, 1.1117624451237589, 1.1117624451237589, 1.1117624451237589, 1.1117624451237589, 1.1117624451237589, 1.1117624451237589, 1.1117624451237589, 1.1117624451237589, 1.1117624451237589, 1.1117624451237589, 1.1117624451237589, 1.1117624451237589, 1.1117624451237589, 1.1117624451237589, 1.1117624451237589, 1.1117624451237589, 1.1117624451237589, 1.1117624451237589, 1.1117624451237589, 1.1117624451237589, 1.1117624451237589, 1.1117624451237589, 1.1117624451237589, 1.1117624451237589, 1.1117624451237589, 1.1117624451237589, 1.1117624451237589, 1.1117624451237589, 1.1117624451237589, 1.1117624451237589, 1.1117624451237589, 1.1117624451237589, 1.1117624451237589, 1.1117624451237589, 1.1117624451237589, 1.1117624451237589, 1.1117624451237589, 1.1117624451237589, 1.1117624451237589, 1.1117624451237589, 1.1117624451237589, 1.1117624451237589, 1.1117624451237589, 1.1117624451237589, 1.1117624451237589, 1.1117624451237589, 1.1117624451237589, 1.1117624451237589, 1.1117624451237589, 1.1117624451237589, 1.1117624451237589, 1.1117624451237589, 1.1117624451237589, 1.1117624451237589, 1.1117624451237589, 1.1117624451237589, 1.1117624451237589, 1.1117624451237589, 1.1117624451237589, 0.4686689806475215, 0.4686689806475215, 0.4686689806475215, 0.4686689806475215, 0.4686689806475215, 0.4686689806475215, 0.4686689806475215, 0.4686689806475215, 0.4686689806475215]","{""elitism_fraction"": 0.2, ""max_iterations"": 140, ""mutation_fraction"": 0.1, ""population_size"": 50}"
schwefel,Schwefel,30,1412,ea,Algoritmo evolutivo,2,"[-500.0, 500.0]","[420.968746, 420.968746]","[421.42262985261493, 418.54574355083423]",0.76593141387184,2.465147342518886,140,7050,"[152.22369953879593, 63.964564936882994, 8.990120789382217, 8.990120789382217, 8.990120789382217, 8.990120789382217, 8.990120789382217, 8.990120789382217, 8.990120789382217, 1.8042724274436068, 1.8042724274436068, 1.8042724274436068, 1.8042724274436068, 1.8042724274436068, 1.8042724274436068, 1.8042724274436068, 1.8042724274436068, 1.8042724274436068, 1.8042724274436068, 1.8042724274436068, 1.8042724274436068, 1.8042724274436068, 1.8042724274436068, 1.8042724274436068, 1.8042724274436068, 1.8042724274436068, 1.8042724274436068, 1.8042724274436068, 1.8042724274436068, 1.8042724274436068, 1.8042724274436068, 1.8042724274436068, 1.8042724274436068, 1.8042724274436068, 1.8042724274436068, 1.8042724274436068, 1.8042724274436068, 1.8042724274436068, 1.8042724274436068, 1.8042724274436068, 1.8042724274436068, 1.8042724274436068, 1.8042724274436068, 1.8042724274436068, 1.8042724274436068, 1.8042724274436068, 1.8042724274436068, 1.8042724274436068, 1.8042724274436068, 1.8042724274436068, 1.8042724274436068, 1.8042724274436068, 1.8042724274436068, 1.8042724274436068, 1.8042724274436068, 1.8042724274436068, 1.8042724274436068, 1.8042724274436068, 1.8042724274436068, 1.8042724274436068, 1.8042724274436068, 1.8042724274436068, 1.8042724274436068, 1.8042724274436068, 1.8042724274436068, 1.8042724274436068, 1.8042724274436068, 1.8042724274436068, 1.8042724274436068, 1.8042724274436068, 1.8042724274436068, 1.8042724274436068, 1.8042724274436068, 1.8042724274436068, 1.8042724274436068, 1.8042724274436068, 1.8042724274436068, 1.8042724274436068, 1.8042724274436068, 1.8042724274436068, 1.8042724274436068, 1.8042724274436068, 1.8042724274436068, 1.8042724274436068, 1.8042724274436068, 1.8042724274436068, 1.8042724274436068, 1.8042724274436068, 1.8042724274436068, 1.8042724274436068, 1.8042724274436068, 1.8042724274436068, 1.8042724274436068, 1.8042724274436068, 1.8042724274436068, 1.8042724274436068, 1.8042724274436068, 1.8042724274436068, 1.8042724274436068, 1.8042724274436068, 1.8042724274436068, 1.8042724274436068, 1.8042724274436068, 1.8042724274436068, 1.8042724274436068, 1.8042724274436068, 1.8042724274436068, 1.8042724274436068, 1.8042724274436068, 1.8042724274436068, 1.8042724274436068, 1.8042724274436068, 1.8042724274436068, 1.8042724274436068, 1.8042724274436068, 1.8042724274436068, 1.8042724274436068, 1.8042724274436068, 1.8042724274436068, 1.8042724274436068, 1.8042724274436068, 1.8042724274436068, 1.8042724274436068, 1.8042724274436068, 1.8042724274436068, 1.8042724274436068, 1.8042724274436068, 1.8042724274436068, 1.8042724274436068, 1.8042724274436068, 1.8042724274436068, 1.8042724274436068, 1.8042724274436068, 0.76593141387184, 0.76593141387184, 0.76593141387184, 0.76593141387184, 0.76593141387184, 0.76593141387184, 0.76593141387184, 0.76593141387184]","{""elitism_fraction"": 0.2, ""max_iterations"": 140, ""mutation_fraction"": 0.1, ""population_size"": 50}"
schwefel,Schwefel,31,1413,ea,Algoritmo evolutivo,2,"[-500.0, 500.0]","[420.968746, 420.968746]","[419.5084883042118, 420.94699809261294]",0.2689729810732615,1.4604196347571956,140,7050,"[245.20680465129965, 245.20680465129965, 18.620181030238314, 18.620181030238314, 18.620181030238314, 18.620181030238314, 18.620181030238314, 18.620181030238314, 18.620181030238314, 18.620181030238314, 18.620181030238314, 18.457303862050253, 11.535345476232578, 11.535345476232578, 11.535345476232578, 11.535345476232578, 11.535345476232578, 11.372468308044517, 11.372468308044517, 11.372468308044517, 11.372468308044517, 11.372468308044517, 11.372468308044517, 8.775856826292511, 8.775856826292511, 8.775856826292511, 8.775856826292511, 8.775856826292511, 8.775856826292511, 8.775856826292511, 8.775856826292511, 8.775856826292511, 8.775856826292511, 8.775856826292511, 8.775856826292511, 8.775856826292511, 8.775856826292511, 8.775856826292511, 8.775856826292511, 6.305535884344863, 6.305535884344863, 6.305535884344863, 3.8651367576802613, 3.8651367576802613, 3.8651367576802613, 3.8651367576802613, 3.8651367576802613, 3.8651367576802613, 3.8651367576802613, 3.8651367576802613, 1.3948158157326134, 0.2689729810732615, 0.2689729810732615, 0.2689729810732615, 0.2689729810732615, 0.2689729810732615, 0.2689729810732615, 0.2689729810732615, 0.2689729810732615, 0.2689729810732615, 0.2689729810732615, 0.2689729810732615, 0.2689729810732615, 0.2689729810732615, 0.2689729810732615, 0.2689729810732615, 0.2689729810732615, 0.2689729810732615, 0.2689729810732615, 0.2689729810732615, 0.2689729810732615, 0.2689729810732615, 0.2689729810732615, 0.2689729810732615, 0.2689729810732615, 0.2689729810732615, 0.2689729810732615, 0.2689729810732615, 0.2689729810732615, 0.2689729810732615, 0.2689729810732615, 0.2689729810732615, 0.2689729810732615, 0.2689729810732615, 0.2689729810732615, 0.2689729810732615, 0.2689729810732615, 0.2689729810732615, 0.2689729810732615, 0.2689729810732615, 0.2689729810732615, 0.2689729810732615, 0.2689729810732615, 0.2689729810732615, 0.2689729810732615, 0.2689729810732615, 0.2689729810732615, 0.2689729810732615, 0.2689729810732615, 0.2689729810732615, 0.2689729810732615, 0.2689729810732615, 0.2689729810732615, 0.2689729810732615, 0.2689729810732615, 0.2689729810732615, 0.2689729810732615, 0.2689729810732615, 0.2689729810732615, 0.2689729810732615, 0.2689729810732615, 0.2689729810732615, 0.2689729810732615, 0.2689729810732615, 0.2689729810732615, 0.2689729810732615, 0.2689729810732615, 0.2689729810732615, 0.2689729810732615, 0.2689729810732615, 0.2689729810732615, 0.2689729810732615, 0.2689729810732615, 0.2689729810732615, 0.2689729810732615, 0.2689729810732615, 0.2689729810732615, 0.2689729810732615, 0.2689729810732615, 0.2689729810732615, 0.2689729810732615, 0.2689729810732615, 0.2689729810732615, 0.2689729810732615, 0.2689729810732615, 0.2689729810732615, 0.2689729810732615, 0.2689729810732615, 0.2689729810732615, 0.2689729810732615, 0.2689729810732615]","{""elitism_fraction"": 0.2, ""max_iterations"": 140, ""mutation_fraction"": 0.1, ""population_size"": 50}"
schwefel,Schwefel,32,1414,ea,Algoritmo evolutivo,2,"[-500.0, 500.0]","[420.968746, 420.968746]","[420.5992937530533, 418.0722271623191]",1.0742766774893653,2.9199856745905945,140,7050,"[102.5773021256814, 102.5773021256814, 102.5773021256814, 101.94274092129035, 101.94274092129035, 101.94274092129035, 101.94274092129035, 40.278455473803206, 40.278455473803206, 40.278455473803206, 10.647068711637985, 10.647068711637985, 10.647068711637985, 10.647068711637985, 10.647068711637985, 10.647068711637985, 10.647068711637985, 10.647068711637985, 10.647068711637985, 10.647068711637985, 10.647068711637985, 10.647068711637985, 10.647068711637985, 10.647068711637985, 10.647068711637985, 10.647068711637985, 10.647068711637985, 10.647068711637985, 10.647068711637985, 10.647068711637985, 10.647068711637985, 10.647068711637985, 10.647068711637985, 10.647068711637985, 10.647068711637985, 10.647068711637985, 10.647068711637985, 10.647068711637985, 10.647068711637985, 10.647068711637985, 10.647068711637985, 10.647068711637985, 10.647068711637985, 10.647068711637985, 10.647068711637985, 10.647068711637985, 10.647068711637985, 10.647068711637985, 10.647068711637985, 10.647068711637985, 10.647068711637985, 10.647068711637985, 10.647068711637985, 10.647068711637985, 10.647068711637985, 10.647068711637985, 10.647068711637985, 10.647068711637985, 10.647068711637985, 10.647068711637985, 10.647068711637985, 10.647068711637985, 10.647068711637985, 10.647068711637985, 10.647068711637985, 10.647068711637985, 10.647068711637985, 10.647068711637985, 10.647068711637985, 10.647068711637985, 10.647068711637985, 10.647068711637985, 10.647068711637985, 10.647068711637985, 10.647068711637985, 10.647068711637985, 10.647068711637985, 10.647068711637985, 10.647068711637985, 10.647068711637985, 10.647068711637985, 10.647068711637985, 10.647068711637985, 10.647068711637985, 10.647068711637985, 10.647068711637985, 5.340831959874208, 5.340831959874208, 5.340831959874208, 5.340831959874208, 5.340831959874208, 5.340831959874208, 5.340831959874208, 5.340831959874208, 5.340831959874208, 4.1515990682266875, 4.1515990682266875, 3.2512031918054163, 3.2512031918054163, 3.2512031918054163, 3.2512031918054163, 3.2512031918054163, 3.2512031918054163, 2.061970300157782, 2.061970300157782, 2.061970300157782, 2.061970300157782, 2.061970300157782, 2.061970300157782, 2.061970300157782, 2.061970300157782, 2.061970300157782, 2.061970300157782, 2.061970300157782, 2.061970300157782, 2.061970300157782, 2.061970300157782, 2.061970300157782, 2.061970300157782, 2.061970300157782, 2.061970300157782, 2.061970300157782, 2.061970300157782, 1.0742766774893653, 1.0742766774893653, 1.0742766774893653, 1.0742766774893653, 1.0742766774893653, 1.0742766774893653, 1.0742766774893653, 1.0742766774893653, 1.0742766774893653, 1.0742766774893653, 1.0742766774893653, 1.0742766774893653, 1.0742766774893653, 1.0742766774893653, 1.0742766774893653, 1.0742766774893653, 1.0742766774893653, 1.0742766774893653]","{""elitism_fraction"": 0.2, ""max_iterations"": 140, ""mutation_fraction"": 0.1, ""population_size"": 50}"
schwefel,Schwefel,33,1415,ea,Algoritmo evolutivo,2,"[-500.0, 500.0]","[420.968746, 420.968746]","[421.5836848720064, 420.81748243596996]",0.05063906728150869,0.633269675657679,140,7050,"[3.268514752787496, 3.268514752787496, 3.268514752787496, 3.268514752787496, 3.268514752787496, 3.268514752787496, 3.268514752787496, 2.590706056687395, 2.590706056687395, 2.590706056687395, 2.590706056687395, 2.590706056687395, 2.590706056687395, 2.590706056687395, 2.590706056687395, 2.590706056687395, 2.590706056687395, 2.590706056687395, 2.590706056687395, 2.590706056687395, 2.590706056687395, 2.590706056687395, 2.590706056687395, 2.590706056687395, 2.590706056687395, 2.590706056687395, 2.590706056687395, 2.590706056687395, 2.590706056687395, 2.590706056687395, 2.590706056687395, 2.590706056687395, 2.590706056687395, 2.590706056687395, 2.590706056687395, 2.590706056687395, 2.590706056687395, 2.590706056687395, 2.590706056687395, 2.590706056687395, 2.590706056687395, 2.590706056687395, 2.590706056687395, 2.590706056687395, 2.590706056687395, 2.590706056687395, 2.590706056687395, 2.590706056687395, 2.590706056687395, 2.590706056687395, 2.590706056687395, 2.590706056687395, 2.590706056687395, 2.590706056687395, 2.590706056687395, 2.590706056687395, 2.590706056687395, 2.590706056687395, 2.590706056687395, 2.590706056687395, 2.4365759960683135, 2.4365759960683135, 2.4365759960683135, 2.4365759960683135, 2.4365759960683135, 2.4365759960683135, 2.4365759960683135, 2.4365759960683135, 2.4365759960683135, 2.4365759960683135, 2.143680174329347, 2.143680174329347, 2.143680174329347, 2.143680174329347, 2.143680174329347, 2.143680174329347, 2.143680174329347, 2.143680174329347, 2.143680174329347, 2.143680174329347, 2.143680174329347, 2.143680174329347, 2.143680174329347, 2.143680174329347, 2.143680174329347, 2.143680174329347, 2.143680174329347, 2.143680174329347, 2.143680174329347, 2.143680174329347, 2.143680174329347, 2.143680174329347, 2.143680174329347, 2.143680174329347, 2.143680174329347, 2.143680174329347, 2.143680174329347, 2.143680174329347, 2.143680174329347, 2.143680174329347, 2.143680174329347, 2.143680174329347, 2.143680174329347, 2.143680174329347, 2.143680174329347, 2.143680174329347, 2.143680174329347, 2.143680174329347, 2.143680174329347, 1.5022409060998143, 1.5022409060998143, 1.5022409060998143, 1.5022409060998143, 1.5022409060998143, 1.5022409060998143, 1.5022409060998143, 1.5022409060998143, 1.5022409060998143, 1.5022409060998143, 1.5022409060998143, 1.5022409060998143, 1.5022409060998143, 1.5022409060998143, 1.5022409060998143, 1.5022409060998143, 1.5022409060998143, 1.5022409060998143, 1.5022409060998143, 1.5022409060998143, 1.5022409060998143, 1.5022409060998143, 1.5022409060998143, 1.5022409060998143, 1.5022409060998143, 1.5022409060998143, 1.5022409060998143, 1.5022409060998143, 1.5022409060998143, 1.5022409060998143, 1.5022409060998143, 0.05063906728150869]","{""elitism_fraction"": 0.2, ""max_iterations"": 140, ""mutation_fraction"": 0.1, ""population_size"": 50}"
schwefel,Schwefel,34,1416,ea,Algoritmo evolutivo,2,"[-500.0, 500.0]","[420.968746, 420.968746]","[419.69653998768626, 420.69239022935585]",0.21377394859655396,1.301875819629341,140,7050,"[254.4429182254969, 194.72024752764628, 83.12400856571662, 83.12400856571662, 20.914905074849457, 20.914905074849457, 20.914905074849457, 20.914905074849457, 20.914905074849457, 10.475186254872142, 10.475186254872142, 10.475186254872142, 10.475186254872142, 10.475186254872142, 10.475186254872142, 10.475186254872142, 10.475186254872142, 10.475186254872142, 10.475186254872142, 10.475186254872142, 10.475186254872142, 10.475186254872142, 10.475186254872142, 10.475186254872142, 10.475186254872142, 10.475186254872142, 10.475186254872142, 10.475186254872142, 10.475186254872142, 10.475186254872142, 10.475186254872142, 10.475186254872142, 10.475186254872142, 10.475186254872142, 10.475186254872142, 10.475186254872142, 10.475186254872142, 10.475186254872142, 10.475186254872142, 10.475186254872142, 10.475186254872142, 10.475186254872142, 10.475186254872142, 10.475186254872142, 10.475186254872142, 10.475186254872142, 10.475186254872142, 10.475186254872142, 10.475186254872142, 10.475186254872142, 10.475186254872142, 10.475186254872142, 10.475186254872142, 10.475186254872142, 10.475186254872142, 10.475186254872142, 10.475186254872142, 10.475186254872142, 6.0470242200538, 6.0470242200538, 6.0470242200538, 6.0470242200538, 6.0470242200538, 6.0470242200538, 6.0470242200538, 6.0470242200538, 6.0470242200538, 6.0470242200538, 6.0470242200538, 6.0470242200538, 6.0470242200538, 2.225956724841353, 2.225956724841353, 0.21377394859655396, 0.21377394859655396, 0.21377394859655396, 0.21377394859655396, 0.21377394859655396, 0.21377394859655396, 0.21377394859655396, 0.21377394859655396, 0.21377394859655396, 0.21377394859655396, 0.21377394859655396, 0.21377394859655396, 0.21377394859655396, 0.21377394859655396, 0.21377394859655396, 0.21377394859655396, 0.21377394859655396, 0.21377394859655396, 0.21377394859655396, 0.21377394859655396, 0.21377394859655396, 0.21377394859655396, 0.21377394859655396, 0.21377394859655396, 0.21377394859655396, 0.21377394859655396, 0.21377394859655396, 0.21377394859655396, 0.21377394859655396, 0.21377394859655396, 0.21377394859655396, 0.21377394859655396, 0.21377394859655396, 0.21377394859655396, 0.21377394859655396, 0.21377394859655396, 0.21377394859655396, 0.21377394859655396, 0.21377394859655396, 0.21377394859655396, 0.21377394859655396, 0.21377394859655396, 0.21377394859655396, 0.21377394859655396, 0.21377394859655396, 0.21377394859655396, 0.21377394859655396, 0.21377394859655396, 0.21377394859655396, 0.21377394859655396, 0.21377394859655396, 0.21377394859655396, 0.21377394859655396, 0.21377394859655396, 0.21377394859655396, 0.21377394859655396, 0.21377394859655396, 0.21377394859655396, 0.21377394859655396, 0.21377394859655396, 0.21377394859655396, 0.21377394859655396, 0.21377394859655396, 0.21377394859655396, 0.21377394859655396, 0.21377394859655396, 0.21377394859655396, 0.21377394859655396]","{""elitism_fraction"": 0.2, ""max_iterations"": 140, ""mutation_fraction"": 0.1, ""population_size"": 50}"
schwefel,Schwefel,35,1417,ea,Algoritmo evolutivo,2,"[-500.0, 500.0]","[420.968746, 420.968746]","[420.89894731038873, 422.0116633586762]",0.13793454737697175,1.045250436067604,140,7050,"[249.93751300275585, 249.93751300275585, 249.93751300275585, 249.93751300275585, 249.93751300275585, 249.93751300275585, 217.34386233815394, 217.34386233815394, 101.36347079000552, 101.36347079000552, 91.4130371793899, 15.489086964270882, 15.489086964270882, 15.489086964270882, 15.489086964270882, 15.489086964270882, 15.489086964270882, 15.489086964270882, 15.489086964270882, 15.489086964270882, 7.0237081059831326, 7.0237081059831326, 7.0237081059831326, 7.0237081059831326, 7.0237081059831326, 0.4750368588030369, 0.4750368588030369, 0.4750368588030369, 0.13793454737697175, 0.13793454737697175, 0.13793454737697175, 0.13793454737697175, 0.13793454737697175, 0.13793454737697175, 0.13793454737697175, 0.13793454737697175, 0.13793454737697175, 0.13793454737697175, 0.13793454737697175, 0.13793454737697175, 0.13793454737697175, 0.13793454737697175, 0.13793454737697175, 0.13793454737697175, 0.13793454737697175, 0.13793454737697175, 0.13793454737697175, 0.13793454737697175, 0.13793454737697175, 0.13793454737697175, 0.13793454737697175, 0.13793454737697175, 0.13793454737697175, 0.13793454737697175, 0.13793454737697175, 0.13793454737697175, 0.13793454737697175, 0.13793454737697175, 0.13793454737697175, 0.13793454737697175, 0.13793454737697175, 0.13793454737697175, 0.13793454737697175, 0.13793454737697175, 0.13793454737697175, 0.13793454737697175, 0.13793454737697175, 0.13793454737697175, 0.13793454737697175, 0.13793454737697175, 0.13793454737697175, 0.13793454737697175, 0.13793454737697175, 0.13793454737697175, 0.13793454737697175, 0.13793454737697175, 0.13793454737697175, 0.13793454737697175, 0.13793454737697175, 0.13793454737697175, 0.13793454737697175, 0.13793454737697175, 0.13793454737697175, 0.13793454737697175, 0.13793454737697175, 0.13793454737697175, 0.13793454737697175, 0.13793454737697175, 0.13793454737697175, 0.13793454737697175, 0.13793454737697175, 0.13793454737697175, 0.13793454737697175, 0.13793454737697175, 0.13793454737697175, 0.13793454737697175, 0.13793454737697175, 0.13793454737697175, 0.13793454737697175, 0.13793454737697175, 0.13793454737697175, 0.13793454737697175, 0.13793454737697175, 0.13793454737697175, 0.13793454737697175, 0.13793454737697175, 0.13793454737697175, 0.13793454737697175, 0.13793454737697175, 0.13793454737697175, 0.13793454737697175, 0.13793454737697175, 0.13793454737697175, 0.13793454737697175, 0.13793454737697175, 0.13793454737697175, 0.13793454737697175, 0.13793454737697175, 0.13793454737697175, 0.13793454737697175, 0.13793454737697175, 0.13793454737697175, 0.13793454737697175, 0.13793454737697175, 0.13793454737697175, 0.13793454737697175, 0.13793454737697175, 0.13793454737697175, 0.13793454737697175, 0.13793454737697175, 0.13793454737697175, 0.13793454737697175, 0.13793454737697175, 0.13793454737697175, 0.13793454737697175, 0.13793454737697175, 0.13793454737697175, 0.13793454737697175, 0.13793454737697175, 0.13793454737697175, 0.13793454737697175]","{""elitism_fraction"": 0.2, ""max_iterations"": 140, ""mutation_fraction"": 0.1, ""population_size"": 50}"
schwefel,Schwefel,36,1418,ea,Algoritmo evolutivo,2,"[-500.0, 500.0]","[420.968746, 420.968746]","[421.8605034160987, 422.39011017546795]",0.3554398719521714,1.6779473795297315,140,7050,"[91.04634948398302, 91.04634948398302, 91.04634948398302, 91.04634948398302, 70.17656986425959, 70.17656986425959, 6.003520348323718, 6.003520348323718, 6.003520348323718, 6.003520348323718, 6.003520348323718, 6.003520348323718, 6.003520348323718, 6.003520348323718, 1.7173635629308137, 1.7173635629308137, 1.7173635629308137, 1.7173635629308137, 1.7173635629308137, 1.7173635629308137, 1.7173635629308137, 1.7173635629308137, 1.7173635629308137, 1.7173635629308137, 1.7173635629308137, 1.7173635629308137, 1.7173635629308137, 1.7173635629308137, 1.7173635629308137, 1.7173635629308137, 1.7173635629308137, 1.7173635629308137, 1.7173635629308137, 1.7173635629308137, 1.7173635629308137, 1.7173635629308137, 1.7173635629308137, 1.7173635629308137, 1.7173635629308137, 1.7173635629308137, 1.7173635629308137, 1.7173635629308137, 1.7173635629308137, 1.7173635629308137, 1.7173635629308137, 1.7173635629308137, 1.7173635629308137, 1.7173635629308137, 1.7173635629308137, 1.7173635629308137, 1.7173635629308137, 1.7173635629308137, 1.7173635629308137, 1.7173635629308137, 1.7173635629308137, 1.7173635629308137, 1.7173635629308137, 1.7173635629308137, 1.7173635629308137, 1.7173635629308137, 1.7173635629308137, 1.7173635629308137, 1.7173635629308137, 1.7173635629308137, 1.7173635629308137, 1.7173635629308137, 1.7173635629308137, 1.7173635629308137, 1.7173635629308137, 1.7173635629308137, 1.7173635629308137, 1.7173635629308137, 1.7173635629308137, 1.7173635629308137, 1.7173635629308137, 1.7173635629308137, 1.2799552631745428, 1.2799552631745428, 1.2799552631745428, 1.2799552631745428, 1.2799552631745428, 1.2799552631745428, 1.2799552631745428, 1.2799552631745428, 1.2799552631745428, 1.2799552631745428, 1.2799552631745428, 1.2799552631745428, 1.2799552631745428, 1.2799552631745428, 1.2799552631745428, 1.2799552631745428, 1.2799552631745428, 1.2799552631745428, 1.2799552631745428, 1.2799552631745428, 1.2799552631745428, 1.2799552631745428, 1.2799552631745428, 1.2799552631745428, 1.2799552631745428, 1.2799552631745428, 1.2799552631745428, 1.2799552631745428, 1.2799552631745428, 1.2799552631745428, 1.2799552631745428, 1.2799552631745428, 1.2799552631745428, 1.2799552631745428, 1.2799552631745428, 1.2799552631745428, 1.2799552631745428, 1.2799552631745428, 1.2799552631745428, 1.2799552631745428, 1.2799552631745428, 1.2799552631745428, 1.2799552631745428, 1.2799552631745428, 1.2799552631745428, 1.2799552631745428, 1.2799552631745428, 1.2799552631745428, 1.2799552631745428, 1.2799552631745428, 1.2799552631745428, 1.2799552631745428, 1.2799552631745428, 1.2799552631745428, 0.3554398719521714, 0.3554398719521714, 0.3554398719521714, 0.3554398719521714, 0.3554398719521714, 0.3554398719521714, 0.3554398719521714, 0.3554398719521714, 0.3554398719521714, 0.3554398719521714, 0.3554398719521714]","{""elitism_fraction"": 0.2, ""max_iterations"": 140, ""mutation_fraction"": 0.1, ""population_size"": 50}"
schwefel,Schwefel,37,1419,ea,Algoritmo evolutivo,2,"[-500.0, 500.0]","[420.968746, 420.968746]","[421.2581449320206, 422.4226728295075]",0.27745518244546474,1.4824489763281672,140,7050,"[305.9995236204205, 305.9995236204205, 305.9995236204205, 173.39196535370274, 173.39196535370274, 136.27187245670098, 136.27187245670098, 136.27187245670098, 136.27187245670098, 136.27187245670098, 136.27187245670098, 136.27187245670098, 136.27187245670098, 136.27187245670098, 136.27187245670098, 136.27187245670098, 136.27187245670098, 136.27187245670098, 136.27187245670098, 136.27187245670098, 136.27187245670098, 136.27187245670098, 136.27187245670098, 136.27187245670098, 136.27187245670098, 136.27187245670098, 30.000398987443987, 30.000398987443987, 30.000398987443987, 30.000398987443987, 30.000398987443987, 30.000398987443987, 30.000398987443987, 30.000398987443987, 30.000398987443987, 25.05458598280711, 25.05458598280711, 25.05458598280711, 25.05458598280711, 25.05458598280711, 25.05458598280711, 25.05458598280711, 25.05458598280711, 25.05458598280711, 25.05458598280711, 25.05458598280711, 25.05458598280711, 25.05458598280711, 25.05458598280711, 25.05458598280711, 25.05458598280711, 25.05458598280711, 25.05458598280711, 25.05458598280711, 10.733369782841578, 10.733369782841578, 10.733369782841578, 10.733369782841578, 10.733369782841578, 2.910927592922917, 2.910927592922917, 2.910927592922917, 2.910927592922917, 2.910927592922917, 2.910927592922917, 2.910927592922917, 2.910927592922917, 2.910927592922917, 2.910927592922917, 2.910927592922917, 0.9832173281336054, 0.9832173281336054, 0.9832173281336054, 0.9832173281336054, 0.9832173281336054, 0.9832173281336054, 0.9832173281336054, 0.9832173281336054, 0.9832173281336054, 0.9832173281336054, 0.9832173281336054, 0.9832173281336054, 0.9832173281336054, 0.9832173281336054, 0.27745518244546474, 0.27745518244546474, 0.27745518244546474, 0.27745518244546474, 0.27745518244546474, 0.27745518244546474, 0.27745518244546474, 0.27745518244546474, 0.27745518244546474, 0.27745518244546474, 0.27745518244546474, 0.27745518244546474, 0.27745518244546474, 0.27745518244546474, 0.27745518244546474, 0.27745518244546474, 0.27745518244546474, 0.27745518244546474, 0.27745518244546474, 0.27745518244546474, 0.27745518244546474, 0.27745518244546474, 0.27745518244546474, 0.27745518244546474, 0.27745518244546474, 0.27745518244546474, 0.27745518244546474, 0.27745518244546474, 0.27745518244546474, 0.27745518244546474, 0.27745518244546474, 0.27745518244546474, 0.27745518244546474, 0.27745518244546474, 0.27745518244546474, 0.27745518244546474, 0.27745518244546474, 0.27745518244546474, 0.27745518244546474, 0.27745518244546474, 0.27745518244546474, 0.27745518244546474, 0.27745518244546474, 0.27745518244546474, 0.27745518244546474, 0.27745518244546474, 0.27745518244546474, 0.27745518244546474, 0.27745518244546474, 0.27745518244546474, 0.27745518244546474, 0.27745518244546474, 0.27745518244546474, 0.27745518244546474, 0.27745518244546474, 0.27745518244546474, 0.27745518244546474]","{""elitism_fraction"": 0.2, ""max_iterations"": 140, ""mutation_fraction"": 0.1, ""population_size"": 50}"
schwefel,Schwefel,38,1420,ea,Algoritmo evolutivo,2,"[-500.0, 500.0]","[420.968746, 420.968746]","[422.1727276101691, 422.47300500824986]",0.4686689806475215,1.926750342292987,140,7050,"[271.8870572005901, 260.02596845066023, 173.75458716516414, 173.75458716516414, 173.75458716516414, 22.690246957234876, 22.690246957234876, 22.690246957234876, 22.690246957234876, 22.690246957234876, 22.690246957234876, 22.690246957234876, 22.690246957234876, 22.690246957234876, 22.690246957234876, 22.690246957234876, 22.690246957234876, 22.690246957234876, 22.690246957234876, 22.521179153226512, 22.521179153226512, 1.2808302491321228, 1.1117624451237589, 1.1117624451237589, 1.1117624451237589, 1.1117624451237589, 1.1117624451237589, 1.1117624451237589, 1.1117624451237589, 1.1117624451237589, 1.1117624451237589, 1.1117624451237589, 1.1117624451237589, 1.1117624451237589, 1.1117624451237589, 1.1117624451237589, 1.1117624451237589, 1.1117624451237589, 1.1117624451237589, 1.1117624451237589, 1.1117624451237589, 1.1117624451237589, 1.1117624451237589, 1.1117624451237589, 1.1117624451237589, 1.1117624451237589, 1.1117624451237589, 1.1117624451237589, 1.1117624451237589, 1.1117624451237589, 1.1117624451237589, 1.1117624451237589, 1.1117624451237589, 1.1117624451237589, 1.1117624451237589, 1.1117624451237589, 1.1117624451237589, 1.1117624451237589, 1.1117624451237589, 1.1117624451237589, 1.1117624451237589, 1.1117624451237589, 1.1117624451237589, 1.1117624451237589, 1.1117624451237589, 1.1117624451237589, 1.1117624451237589, 1.1117624451237589, 1.1117624451237589, 1.1117624451237589, 1.1117624451237589, 1.1117624451237589, 1.1117624451237589, 1.1117624451237589, 1.1117624451237589, 1.1117624451237589, 1.1117624451237589, 1.1117624451237589, 1.1117624451237589, 1.1117624451237589, 1.1117624451237589, 1.1117624451237589, 1.1117624451237589, 1.1117624451237589, 1.1117624451237589, 1.1117624451237589, 1.1117624451237589, 1.1117624451237589, 1.1117624451237589, 1.1117624451237589, 1.1117624451237589, 1.1117624451237589, 1.1117624451237589, 1.1117624451237589, 1.1117624451237589, 1.1117624451237589, 1.1117624451237589, 1.1117624451237589, 1.1117624451237589, 1.1117624451237589, 1.1117624451237589, 1.1117624451237589, 1.1117624451237589, 1.1117624451237589, 1.1117624451237589, 1.1117624451237589, 1.1117624451237589, 1.1117624451237589, 1.1117624451237589, 1.1117624451237589, 1.1117624451237589, 1.1117624451237589, 1.1117624451237589, 1.1117624451237589, 1.1117624451237589, 1.1117624451237589, 1.1117624451237589, 1.1117624451237589, 1.1117624451237589, 1.1117624451237589, 1.1117624451237589, 1.1117624451237589, 1.1117624451237589, 1.1117624451237589, 1.1117624451237589, 1.1117624451237589, 1.1117624451237589, 1.1117624451237589, 1.1117624451237589, 1.1117624451237589, 1.1117624451237589, 1.1117624451237589, 0.4686689806475215, 0.4686689806475215, 0.4686689806475215, 0.4686689806475215, 0.4686689806475215, 0.4686689806475215, 0.4686689806475215, 0.4686689806475215, 0.4686689806475215]","{""elitism_fraction"": 0.2, ""max_iterations"": 140, ""mutation_fraction"": 0.1, ""population_size"": 50}"
schwefel,Schwefel,39,1421,ea,Algoritmo evolutivo,2,"[-500.0, 500.0]","[420.968746, 420.968746]","[417.4193747730161, 420.4479188499939]",1.6207319682533807,3.5873802456841277,140,7050,"[281.0562968462119, 168.0610801332714, 118.6998219343925, 52.29920983739248, 52.29920983739248, 52.29920983739248, 52.29920983739248, 52.29920983739248, 52.29920983739248, 52.29920983739248, 52.29920983739248, 52.29920983739248, 52.29920983739248, 52.29920983739248, 52.29920983739248, 52.29920983739248, 52.29920983739248, 52.29920983739248, 52.29920983739248, 52.29920983739248, 52.29920983739248, 52.29920983739248, 52.29920983739248, 52.29920983739248, 52.29920983739248, 52.29920983739248, 52.29920983739248, 52.29920983739248, 52.29920983739248, 52.29920983739248, 52.29920983739248, 31.00674178164104, 31.00674178164104, 31.00674178164104, 31.00674178164104, 31.00674178164104, 31.00674178164104, 31.00674178164104, 31.00674178164104, 31.00674178164104, 31.00674178164104, 7.686991161169203, 7.686991161169203, 7.686991161169203, 7.686991161169203, 7.686991161169203, 7.686991161169203, 7.686991161169203, 7.686991161169203, 7.686991161169203, 7.686991161169203, 7.686991161169203, 7.686991161169203, 7.686991161169203, 7.686991161169203, 7.686991161169203, 7.686991161169203, 7.686991161169203, 7.686991161169203, 7.686991161169203, 7.686991161169203, 7.686991161169203, 7.686991161169203, 7.686991161169203, 7.686991161169203, 7.686991161169203, 7.686991161169203, 7.686991161169203, 7.686991161169203, 7.686991161169203, 7.686991161169203, 7.686991161169203, 7.686991161169203, 7.686991161169203, 7.686991161169203, 7.686991161169203, 7.686991161169203, 5.3575206637467545, 5.3575206637467545, 5.3575206637467545, 5.3575206637467545, 5.3575206637467545, 5.3575206637467545, 5.3575206637467545, 5.3575206637467545, 5.3575206637467545, 5.3575206637467545, 2.7195175435040255, 2.7195175435040255, 2.7195175435040255, 2.7195175435040255, 2.7195175435040255, 2.7195175435040255, 2.7195175435040255, 2.7195175435040255, 2.7195175435040255, 2.7195175435040255, 2.7195175435040255, 2.7195175435040255, 2.7195175435040255, 2.7195175435040255, 2.7195175435040255, 2.7195175435040255, 2.7195175435040255, 2.7195175435040255, 2.7195175435040255, 2.7195175435040255, 2.7195175435040255, 2.7195175435040255, 2.7195175435040255, 2.7195175435040255, 2.7195175435040255, 2.7195175435040255, 2.7195175435040255, 1.6207319682533807, 1.6207319682533807, 1.6207319682533807, 1.6207319682533807, 1.6207319682533807, 1.6207319682533807, 1.6207319682533807, 1.6207319682533807, 1.6207319682533807, 1.6207319682533807, 1.6207319682533807, 1.6207319682533807, 1.6207319682533807, 1.6207319682533807, 1.6207319682533807, 1.6207319682533807, 1.6207319682533807, 1.6207319682533807, 1.6207319682533807, 1.6207319682533807, 1.6207319682533807, 1.6207319682533807, 1.6207319682533807, 1.6207319682533807, 1.6207319682533807, 1.6207319682533807, 1.6207319682533807]","{""elitism_fraction"": 0.2, ""max_iterations"": 140, ""mutation_fraction"": 0.1, ""population_size"": 50}"
schwefel,Schwefel,40,1413,ea,Algoritmo evolutivo,2,"[-500.0, 500.0]","[420.968746, 420.968746]","[419.5084883042118, 420.94699809261294]",0.2689729810732615,1.4604196347571956,140,7050,"[245.20680465129965, 245.20680465129965, 18.620181030238314, 18.620181030238314, 18.620181030238314, 18.620181030238314, 18.620181030238314, 18.620181030238314, 18.620181030238314, 18.620181030238314, 18.620181030238314, 18.457303862050253, 11.535345476232578, 11.535345476232578, 11.535345476232578, 11.535345476232578, 11.535345476232578, 11.372468308044517, 11.372468308044517, 11.372468308044517, 11.372468308044517, 11.372468308044517, 11.372468308044517, 8.775856826292511, 8.775856826292511, 8.775856826292511, 8.775856826292511, 8.775856826292511, 8.775856826292511, 8.775856826292511, 8.775856826292511, 8.775856826292511, 8.775856826292511, 8.775856826292511, 8.775856826292511, 8.775856826292511, 8.775856826292511, 8.775856826292511, 8.775856826292511, 6.305535884344863, 6.305535884344863, 6.305535884344863, 3.8651367576802613, 3.8651367576802613, 3.8651367576802613, 3.8651367576802613, 3.8651367576802613, 3.8651367576802613, 3.8651367576802613, 3.8651367576802613, 1.3948158157326134, 0.2689729810732615, 0.2689729810732615, 0.2689729810732615, 0.2689729810732615, 0.2689729810732615, 0.2689729810732615, 0.2689729810732615, 0.2689729810732615, 0.2689729810732615, 0.2689729810732615, 0.2689729810732615, 0.2689729810732615, 0.2689729810732615, 0.2689729810732615, 0.2689729810732615, 0.2689729810732615, 0.2689729810732615, 0.2689729810732615, 0.2689729810732615, 0.2689729810732615, 0.2689729810732615, 0.2689729810732615, 0.2689729810732615, 0.2689729810732615, 0.2689729810732615, 0.2689729810732615, 0.2689729810732615, 0.2689729810732615, 0.2689729810732615, 0.2689729810732615, 0.2689729810732615, 0.2689729810732615, 0.2689729810732615, 0.2689729810732615, 0.2689729810732615, 0.2689729810732615, 0.2689729810732615, 0.2689729810732615, 0.2689729810732615, 0.2689729810732615, 0.2689729810732615, 0.2689729810732615, 0.2689729810732615, 0.2689729810732615, 0.2689729810732615, 0.2689729810732615, 0.2689729810732615, 0.2689729810732615, 0.2689729810732615, 0.2689729810732615, 0.2689729810732615, 0.2689729810732615, 0.2689729810732615, 0.2689729810732615, 0.2689729810732615, 0.2689729810732615, 0.2689729810732615, 0.2689729810732615, 0.2689729810732615, 0.2689729810732615, 0.2689729810732615, 0.2689729810732615, 0.2689729810732615, 0.2689729810732615, 0.2689729810732615, 0.2689729810732615, 0.2689729810732615, 0.2689729810732615, 0.2689729810732615, 0.2689729810732615, 0.2689729810732615, 0.2689729810732615, 0.2689729810732615, 0.2689729810732615, 0.2689729810732615, 0.2689729810732615, 0.2689729810732615, 0.2689729810732615, 0.2689729810732615, 0.2689729810732615, 0.2689729810732615, 0.2689729810732615, 0.2689729810732615, 0.2689729810732615, 0.2689729810732615, 0.2689729810732615, 0.2689729810732615, 0.2689729810732615, 0.2689729810732615, 0.2689729810732615]","{""elitism_fraction"": 0.2, ""max_iterations"": 140, ""mutation_fraction"": 0.1, ""population_size"": 50}"
schwefel,Schwefel,41,1414,ea,Algoritmo evolutivo,2,"[-500.0, 500.0]","[420.968746, 420.968746]","[420.5992937530533, 418.0722271623191]",1.0742766774893653,2.9199856745905945,140,7050,"[102.5773021256814, 102.5773021256814, 102.5773021256814, 101.94274092129035, 101.94274092129035, 101.94274092129035, 101.94274092129035, 40.278455473803206, 40.278455473803206, 40.278455473803206, 10.647068711637985, 10.647068711637985, 10.647068711637985, 10.647068711637985, 10.647068711637985, 10.647068711637985, 10.647068711637985, 10.647068711637985, 10.647068711637985, 10.647068711637985, 10.647068711637985, 10.647068711637985, 10.647068711637985, 10.647068711637985, 10.647068711637985, 10.647068711637985, 10.647068711637985, 10.647068711637985, 10.647068711637985, 10.647068711637985, 10.647068711637985, 10.647068711637985, 10.647068711637985, 10.647068711637985, 10.647068711637985, 10.647068711637985, 10.647068711637985, 10.647068711637985, 10.647068711637985, 10.647068711637985, 10.647068711637985, 10.647068711637985, 10.647068711637985, 10.647068711637985, 10.647068711637985, 10.647068711637985, 10.647068711637985, 10.647068711637985, 10.647068711637985, 10.647068711637985, 10.647068711637985, 10.647068711637985, 10.647068711637985, 10.647068711637985, 10.647068711637985, 10.647068711637985, 10.647068711637985, 10.647068711637985, 10.647068711637985, 10.647068711637985, 10.647068711637985, 10.647068711637985, 10.647068711637985, 10.647068711637985, 10.647068711637985, 10.647068711637985, 10.647068711637985, 10.647068711637985, 10.647068711637985, 10.647068711637985, 10.647068711637985, 10.647068711637985, 10.647068711637985, 10.647068711637985, 10.647068711637985, 10.647068711637985, 10.647068711637985, 10.647068711637985, 10.647068711637985, 10.647068711637985, 10.647068711637985, 10.647068711637985, 10.647068711637985, 10.647068711637985, 10.647068711637985, 10.647068711637985, 5.340831959874208, 5.340831959874208, 5.340831959874208, 5.340831959874208, 5.340831959874208, 5.340831959874208, 5.340831959874208, 5.340831959874208, 5.340831959874208, 4.1515990682266875, 4.1515990682266875, 3.2512031918054163, 3.2512031918054163, 3.2512031918054163, 3.2512031918054163, 3.2512031918054163, 3.2512031918054163, 2.061970300157782, 2.061970300157782, 2.061970300157782, 2.061970300157782, 2.061970300157782, 2.061970300157782, 2.061970300157782, 2.061970300157782, 2.061970300157782, 2.061970300157782, 2.061970300157782, 2.061970300157782, 2.061970300157782, 2.061970300157782, 2.061970300157782, 2.061970300157782, 2.061970300157782, 2.061970300157782, 2.061970300157782, 2.061970300157782, 1.0742766774893653, 1.0742766774893653, 1.0742766774893653, 1.0742766774893653, 1.0742766774893653, 1.0742766774893653, 1.0742766774893653, 1.0742766774893653, 1.0742766774893653, 1.0742766774893653, 1.0742766774893653, 1.0742766774893653, 1.0742766774893653, 1.0742766774893653, 1.0742766774893653, 1.0742766774893653, 1.0742766774893653, 1.0742766774893653]","{""elitism_fraction"": 0.2, ""max_iterations"": 140, ""mutation_fraction"": 0.1, ""population_size"": 50}"
schwefel,Schwefel,42,1415,ea,Algoritmo evolutivo,2,"[-500.0, 500.0]","[420.968746, 420.968746]","[421.5836848720064, 420.81748243596996]",0.05063906728150869,0.633269675657679,140,7050,"[3.268514752787496, 3.268514752787496, 3.268514752787496, 3.268514752787496, 3.268514752787496, 3.268514752787496, 3.268514752787496, 2.590706056687395, 2.590706056687395, 2.590706056687395, 2.590706056687395, 2.590706056687395, 2.590706056687395, 2.590706056687395, 2.590706056687395, 2.590706056687395, 2.590706056687395, 2.590706056687395, 2.590706056687395, 2.590706056687395, 2.590706056687395, 2.590706056687395, 2.590706056687395, 2.590706056687395, 2.590706056687395, 2.590706056687395, 2.590706056687395, 2.590706056687395, 2.590706056687395, 2.590706056687395, 2.590706056687395, 2.590706056687395, 2.590706056687395, 2.590706056687395, 2.590706056687395, 2.590706056687395, 2.590706056687395, 2.590706056687395, 2.590706056687395, 2.590706056687395, 2.590706056687395, 2.590706056687395, 2.590706056687395, 2.590706056687395, 2.590706056687395, 2.590706056687395, 2.590706056687395, 2.590706056687395, 2.590706056687395, 2.590706056687395, 2.590706056687395, 2.590706056687395, 2.590706056687395, 2.590706056687395, 2.590706056687395, 2.590706056687395, 2.590706056687395, 2.590706056687395, 2.590706056687395, 2.590706056687395, 2.4365759960683135, 2.4365759960683135, 2.4365759960683135, 2.4365759960683135, 2.4365759960683135, 2.4365759960683135, 2.4365759960683135, 2.4365759960683135, 2.4365759960683135, 2.4365759960683135, 2.143680174329347, 2.143680174329347, 2.143680174329347, 2.143680174329347, 2.143680174329347, 2.143680174329347, 2.143680174329347, 2.143680174329347, 2.143680174329347, 2.143680174329347, 2.143680174329347, 2.143680174329347, 2.143680174329347, 2.143680174329347, 2.143680174329347, 2.143680174329347, 2.143680174329347, 2.143680174329347, 2.143680174329347, 2.143680174329347, 2.143680174329347, 2.143680174329347, 2.143680174329347, 2.143680174329347, 2.143680174329347, 2.143680174329347, 2.143680174329347, 2.143680174329347, 2.143680174329347, 2.143680174329347, 2.143680174329347, 2.143680174329347, 2.143680174329347, 2.143680174329347, 2.143680174329347, 2.143680174329347, 2.143680174329347, 2.143680174329347, 2.143680174329347, 1.5022409060998143, 1.5022409060998143, 1.5022409060998143, 1.5022409060998143, 1.5022409060998143, 1.5022409060998143, 1.5022409060998143, 1.5022409060998143, 1.5022409060998143, 1.5022409060998143, 1.5022409060998143, 1.5022409060998143, 1.5022409060998143, 1.5022409060998143, 1.5022409060998143, 1.5022409060998143, 1.5022409060998143, 1.5022409060998143, 1.5022409060998143, 1.5022409060998143, 1.5022409060998143, 1.5022409060998143, 1.5022409060998143, 1.5022409060998143, 1.5022409060998143, 1.5022409060998143, 1.5022409060998143, 1.5022409060998143, 1.5022409060998143, 1.5022409060998143, 1.5022409060998143, 0.05063906728150869]","{""elitism_fraction"": 0.2, ""max_iterations"": 140, ""mutation_fraction"": 0.1, ""population_size"": 50}"
schwefel,Schwefel,43,1416,ea,Algoritmo evolutivo,2,"[-500.0, 500.0]","[420.968746, 420.968746]","[419.69653998768626, 420.69239022935585]",0.21377394859655396,1.301875819629341,140,7050,"[254.4429182254969, 194.72024752764628, 83.12400856571662, 83.12400856571662, 20.914905074849457, 20.914905074849457, 20.914905074849457, 20.914905074849457, 20.914905074849457, 10.475186254872142, 10.475186254872142, 10.475186254872142, 10.475186254872142, 10.475186254872142, 10.475186254872142, 10.475186254872142, 10.475186254872142, 10.475186254872142, 10.475186254872142, 10.475186254872142, 10.475186254872142, 10.475186254872142, 10.475186254872142, 10.475186254872142, 10.475186254872142, 10.475186254872142, 10.475186254872142, 10.475186254872142, 10.475186254872142, 10.475186254872142, 10.475186254872142, 10.475186254872142, 10.475186254872142, 10.475186254872142, 10.475186254872142, 10.475186254872142, 10.475186254872142, 10.475186254872142, 10.475186254872142, 10.475186254872142, 10.475186254872142, 10.475186254872142, 10.475186254872142, 10.475186254872142, 10.475186254872142, 10.475186254872142, 10.475186254872142, 10.475186254872142, 10.475186254872142, 10.475186254872142, 10.475186254872142, 10.475186254872142, 10.475186254872142, 10.475186254872142, 10.475186254872142, 10.475186254872142, 10.475186254872142, 10.475186254872142, 6.0470242200538, 6.0470242200538, 6.0470242200538, 6.0470242200538, 6.0470242200538, 6.0470242200538, 6.0470242200538, 6.0470242200538, 6.0470242200538, 6.0470242200538, 6.0470242200538, 6.0470242200538, 6.0470242200538, 2.225956724841353, 2.225956724841353, 0.21377394859655396, 0.21377394859655396, 0.21377394859655396, 0.21377394859655396, 0.21377394859655396, 0.21377394859655396, 0.21377394859655396, 0.21377394859655396, 0.21377394859655396, 0.21377394859655396, 0.21377394859655396, 0.21377394859655396, 0.21377394859655396, 0.21377394859655396, 0.21377394859655396, 0.21377394859655396, 0.21377394859655396, 0.21377394859655396, 0.21377394859655396, 0.21377394859655396, 0.21377394859655396, 0.21377394859655396, 0.21377394859655396, 0.21377394859655396, 0.21377394859655396, 0.21377394859655396, 0.21377394859655396, 0.21377394859655396, 0.21377394859655396, 0.21377394859655396, 0.21377394859655396, 0.21377394859655396, 0.21377394859655396, 0.21377394859655396, 0.21377394859655396, 0.21377394859655396, 0.21377394859655396, 0.21377394859655396, 0.21377394859655396, 0.21377394859655396, 0.21377394859655396, 0.21377394859655396, 0.21377394859655396, 0.21377394859655396, 0.21377394859655396, 0.21377394859655396, 0.21377394859655396, 0.21377394859655396, 0.21377394859655396, 0.21377394859655396, 0.21377394859655396, 0.21377394859655396, 0.21377394859655396, 0.21377394859655396, 0.21377394859655396, 0.21377394859655396, 0.21377394859655396, 0.21377394859655396, 0.21377394859655396, 0.21377394859655396, 0.21377394859655396, 0.21377394859655396, 0.21377394859655396, 0.21377394859655396, 0.21377394859655396, 0.21377394859655396, 0.21377394859655396, 0.21377394859655396]","{""elitism_fraction"": 0.2, ""max_iterations"": 140, ""mutation_fraction"": 0.1, ""population_size"": 50}"
schwefel,Schwefel,44,1417,ea,Algoritmo evolutivo,2,"[-500.0, 500.0]","[420.968746, 420.968746]","[420.89894731038873, 422.0116633586762]",0.13793454737697175,1.045250436067604,140,7050,"[249.93751300275585, 249.93751300275585, 249.93751300275585, 249.93751300275585, 249.93751300275585, 249.93751300275585, 217.34386233815394, 217.34386233815394, 101.36347079000552, 101.36347079000552, 91.4130371793899, 15.489086964270882, 15.489086964270882, 15.489086964270882, 15.489086964270882, 15.489086964270882, 15.489086964270882, 15.489086964270882, 15.489086964270882, 15.489086964270882, 7.0237081059831326, 7.0237081059831326, 7.0237081059831326, 7.0237081059831326, 7.0237081059831326, 0.4750368588030369, 0.4750368588030369, 0.4750368588030369, 0.13793454737697175, 0.13793454737697175, 0.13793454737697175, 0.13793454737697175, 0.13793454737697175, 0.13793454737697175, 0.13793454737697175, 0.13793454737697175, 0.13793454737697175, 0.13793454737697175, 0.13793454737697175, 0.13793454737697175, 0.13793454737697175, 0.13793454737697175, 0.13793454737697175, 0.13793454737697175, 0.13793454737697175, 0.13793454737697175, 0.13793454737697175, 0.13793454737697175, 0.13793454737697175, 0.13793454737697175, 0.13793454737697175, 0.13793454737697175, 0.13793454737697175, 0.13793454737697175, 0.13793454737697175, 0.13793454737697175, 0.13793454737697175, 0.13793454737697175, 0.13793454737697175, 0.13793454737697175, 0.13793454737697175, 0.13793454737697175, 0.13793454737697175, 0.13793454737697175, 0.13793454737697175, 0.13793454737697175, 0.13793454737697175, 0.13793454737697175, 0.13793454737697175, 0.13793454737697175, 0.13793454737697175, 0.13793454737697175, 0.13793454737697175, 0.13793454737697175, 0.13793454737697175, 0.13793454737697175, 0.13793454737697175, 0.13793454737697175, 0.13793454737697175, 0.13793454737697175, 0.13793454737697175, 0.13793454737697175, 0.13793454737697175, 0.13793454737697175, 0.13793454737697175, 0.13793454737697175, 0.13793454737697175, 0.13793454737697175, 0.13793454737697175, 0.13793454737697175, 0.13793454737697175, 0.13793454737697175, 0.13793454737697175, 0.13793454737697175, 0.13793454737697175, 0.13793454737697175, 0.13793454737697175, 0.13793454737697175, 0.13793454737697175, 0.13793454737697175, 0.13793454737697175, 0.13793454737697175, 0.13793454737697175, 0.13793454737697175, 0.13793454737697175, 0.13793454737697175, 0.13793454737697175, 0.13793454737697175, 0.13793454737697175, 0.13793454737697175, 0.13793454737697175, 0.13793454737697175, 0.13793454737697175, 0.13793454737697175, 0.13793454737697175, 0.13793454737697175, 0.13793454737697175, 0.13793454737697175, 0.13793454737697175, 0.13793454737697175, 0.13793454737697175, 0.13793454737697175, 0.13793454737697175, 0.13793454737697175, 0.13793454737697175, 0.13793454737697175, 0.13793454737697175, 0.13793454737697175, 0.13793454737697175, 0.13793454737697175, 0.13793454737697175, 0.13793454737697175, 0.13793454737697175, 0.13793454737697175, 0.13793454737697175, 0.13793454737697175, 0.13793454737697175, 0.13793454737697175, 0.13793454737697175, 0.13793454737697175, 0.13793454737697175]","{""elitism_fraction"": 0.2, ""max_iterations"": 140, ""mutation_fraction"": 0.1, ""population_size"": 50}"
schwefel,Schwefel,45,1418,ea,Algoritmo evolutivo,2,"[-500.0, 500.0]","[420.968746, 420.968746]","[421.8605034160987, 422.39011017546795]",0.3554398719521714,1.6779473795297315,140,7050,"[91.04634948398302, 91.04634948398302, 91.04634948398302, 91.04634948398302, 70.17656986425959, 70.17656986425959, 6.003520348323718, 6.003520348323718, 6.003520348323718, 6.003520348323718, 6.003520348323718, 6.003520348323718, 6.003520348323718, 6.003520348323718, 1.7173635629308137, 1.7173635629308137, 1.7173635629308137, 1.7173635629308137, 1.7173635629308137, 1.7173635629308137, 1.7173635629308137, 1.7173635629308137, 1.7173635629308137, 1.7173635629308137, 1.7173635629308137, 1.7173635629308137, 1.7173635629308137, 1.7173635629308137, 1.7173635629308137, 1.7173635629308137, 1.7173635629308137, 1.7173635629308137, 1.7173635629308137, 1.7173635629308137, 1.7173635629308137, 1.7173635629308137, 1.7173635629308137, 1.7173635629308137, 1.7173635629308137, 1.7173635629308137, 1.7173635629308137, 1.7173635629308137, 1.7173635629308137, 1.7173635629308137, 1.7173635629308137, 1.7173635629308137, 1.7173635629308137, 1.7173635629308137, 1.7173635629308137, 1.7173635629308137, 1.7173635629308137, 1.7173635629308137, 1.7173635629308137, 1.7173635629308137, 1.7173635629308137, 1.7173635629308137, 1.7173635629308137, 1.7173635629308137, 1.7173635629308137, 1.7173635629308137, 1.7173635629308137, 1.7173635629308137, 1.7173635629308137, 1.7173635629308137, 1.7173635629308137, 1.7173635629308137, 1.7173635629308137, 1.7173635629308137, 1.7173635629308137, 1.7173635629308137, 1.7173635629308137, 1.7173635629308137, 1.7173635629308137, 1.7173635629308137, 1.7173635629308137, 1.7173635629308137, 1.2799552631745428, 1.2799552631745428, 1.2799552631745428, 1.2799552631745428, 1.2799552631745428, 1.2799552631745428, 1.2799552631745428, 1.2799552631745428, 1.2799552631745428, 1.2799552631745428, 1.2799552631745428, 1.2799552631745428, 1.2799552631745428, 1.2799552631745428, 1.2799552631745428, 1.2799552631745428, 1.2799552631745428, 1.2799552631745428, 1.2799552631745428, 1.2799552631745428, 1.2799552631745428, 1.2799552631745428, 1.2799552631745428, 1.2799552631745428, 1.2799552631745428, 1.2799552631745428, 1.2799552631745428, 1.2799552631745428, 1.2799552631745428, 1.2799552631745428, 1.2799552631745428, 1.2799552631745428, 1.2799552631745428, 1.2799552631745428, 1.2799552631745428, 1.2799552631745428, 1.2799552631745428, 1.2799552631745428, 1.2799552631745428, 1.2799552631745428, 1.2799552631745428, 1.2799552631745428, 1.2799552631745428, 1.2799552631745428, 1.2799552631745428, 1.2799552631745428, 1.2799552631745428, 1.2799552631745428, 1.2799552631745428, 1.2799552631745428, 1.2799552631745428, 1.2799552631745428, 1.2799552631745428, 1.2799552631745428, 0.3554398719521714, 0.3554398719521714, 0.3554398719521714, 0.3554398719521714, 0.3554398719521714, 0.3554398719521714, 0.3554398719521714, 0.3554398719521714, 0.3554398719521714, 0.3554398719521714, 0.3554398719521714]","{""elitism_fraction"": 0.2, ""max_iterations"": 140, ""mutation_fraction"": 0.1, ""population_size"": 50}"
schwefel,Schwefel,46,1419,ea,Algoritmo evolutivo,2,"[-500.0, 500.0]","[420.968746, 420.968746]","[421.2581449320206, 422.4226728295075]",0.27745518244546474,1.4824489763281672,140,7050,"[305.9995236204205, 305.9995236204205, 305.9995236204205, 173.39196535370274, 173.39196535370274, 136.27187245670098, 136.27187245670098, 136.27187245670098, 136.27187245670098, 136.27187245670098, 136.27187245670098, 136.27187245670098, 136.27187245670098, 136.27187245670098, 136.27187245670098, 136.27187245670098, 136.27187245670098, 136.27187245670098, 136.27187245670098, 136.27187245670098, 136.27187245670098, 136.27187245670098, 136.27187245670098, 136.27187245670098, 136.27187245670098, 136.27187245670098, 30.000398987443987, 30.000398987443987, 30.000398987443987, 30.000398987443987, 30.000398987443987, 30.000398987443987, 30.000398987443987, 30.000398987443987, 30.000398987443987, 25.05458598280711, 25.05458598280711, 25.05458598280711, 25.05458598280711, 25.05458598280711, 25.05458598280711, 25.05458598280711, 25.05458598280711, 25.05458598280711, 25.05458598280711, 25.05458598280711, 25.05458598280711, 25.05458598280711, 25.05458598280711, 25.05458598280711, 25.05458598280711, 25.05458598280711, 25.05458598280711, 25.05458598280711, 10.733369782841578, 10.733369782841578, 10.733369782841578, 10.733369782841578, 10.733369782841578, 2.910927592922917, 2.910927592922917, 2.910927592922917, 2.910927592922917, 2.910927592922917, 2.910927592922917, 2.910927592922917, 2.910927592922917, 2.910927592922917, 2.910927592922917, 2.910927592922917, 0.9832173281336054, 0.9832173281336054, 0.9832173281336054, 0.9832173281336054, 0.9832173281336054, 0.9832173281336054, 0.9832173281336054, 0.9832173281336054, 0.9832173281336054, 0.9832173281336054, 0.9832173281336054, 0.9832173281336054, 0.9832173281336054, 0.9832173281336054, 0.27745518244546474, 0.27745518244546474, 0.27745518244546474, 0.27745518244546474, 0.27745518244546474, 0.27745518244546474, 0.27745518244546474, 0.27745518244546474, 0.27745518244546474, 0.27745518244546474, 0.27745518244546474, 0.27745518244546474, 0.27745518244546474, 0.27745518244546474, 0.27745518244546474, 0.27745518244546474, 0.27745518244546474, 0.27745518244546474, 0.27745518244546474, 0.27745518244546474, 0.27745518244546474, 0.27745518244546474, 0.27745518244546474, 0.27745518244546474, 0.27745518244546474, 0.27745518244546474, 0.27745518244546474, 0.27745518244546474, 0.27745518244546474, 0.27745518244546474, 0.27745518244546474, 0.27745518244546474, 0.27745518244546474, 0.27745518244546474, 0.27745518244546474, 0.27745518244546474, 0.27745518244546474, 0.27745518244546474, 0.27745518244546474, 0.27745518244546474, 0.27745518244546474, 0.27745518244546474, 0.27745518244546474, 0.27745518244546474, 0.27745518244546474, 0.27745518244546474, 0.27745518244546474, 0.27745518244546474, 0.27745518244546474, 0.27745518244546474, 0.27745518244546474, 0.27745518244546474, 0.27745518244546474, 0.27745518244546474, 0.27745518244546474, 0.27745518244546474, 0.27745518244546474]","{""elitism_fraction"": 0.2, ""max_iterations"": 140, ""mutation_fraction"": 0.1, ""population_size"": 50}"
schwefel,Schwefel,47,1420,ea,Algoritmo evolutivo,2,"[-500.0, 500.0]","[420.968746, 420.968746]","[422.1727276101691, 422.47300500824986]",0.4686689806475215,1.926750342292987,140,7050,"[271.8870572005901, 260.02596845066023, 173.75458716516414, 173.75458716516414, 173.75458716516414, 22.690246957234876, 22.690246957234876, 22.690246957234876, 22.690246957234876, 22.690246957234876, 22.690246957234876, 22.690246957234876, 22.690246957234876, 22.690246957234876, 22.690246957234876, 22.690246957234876, 22.690246957234876, 22.690246957234876, 22.690246957234876, 22.521179153226512, 22.521179153226512, 1.2808302491321228, 1.1117624451237589, 1.1117624451237589, 1.1117624451237589, 1.1117624451237589, 1.1117624451237589, 1.1117624451237589, 1.1117624451237589, 1.1117624451237589, 1.1117624451237589, 1.1117624451237589, 1.1117624451237589, 1.1117624451237589, 1.1117624451237589, 1.1117624451237589, 1.1117624451237589, 1.1117624451237589, 1.1117624451237589, 1.1117624451237589, 1.1117624451237589, 1.1117624451237589, 1.1117624451237589, 1.1117624451237589, 1.1117624451237589, 1.1117624451237589, 1.1117624451237589, 1.1117624451237589, 1.1117624451237589, 1.1117624451237589, 1.1117624451237589, 1.1117624451237589, 1.1117624451237589, 1.1117624451237589, 1.1117624451237589, 1.1117624451237589, 1.1117624451237589, 1.1117624451237589, 1.1117624451237589, 1.1117624451237589, 1.1117624451237589, 1.1117624451237589, 1.1117624451237589, 1.1117624451237589, 1.1117624451237589, 1.1117624451237589, 1.1117624451237589, 1.1117624451237589, 1.1117624451237589, 1.1117624451237589, 1.1117624451237589, 1.1117624451237589, 1.1117624451237589, 1.1117624451237589, 1.1117624451237589, 1.1117624451237589, 1.1117624451237589, 1.1117624451237589, 1.1117624451237589, 1.1117624451237589, 1.1117624451237589, 1.1117624451237589, 1.1117624451237589, 1.1117624451237589, 1.1117624451237589, 1.1117624451237589, 1.1117624451237589, 1.1117624451237589, 1.1117624451237589, 1.1117624451237589, 1.1117624451237589, 1.1117624451237589, 1.1117624451237589, 1.1117624451237589, 1.1117624451237589, 1.1117624451237589, 1.1117624451237589, 1.1117624451237589, 1.1117624451237589, 1.1117624451237589, 1.1117624451237589, 1.1117624451237589, 1.1117624451237589, 1.1117624451237589, 1.1117624451237589, 1.1117624451237589, 1.1117624451237589, 1.1117624451237589, 1.1117624451237589, 1.1117624451237589, 1.1117624451237589, 1.1117624451237589, 1.1117624451237589, 1.1117624451237589, 1.1117624451237589, 1.1117624451237589, 1.1117624451237589, 1.1117624451237589, 1.1117624451237589, 1.1117624451237589, 1.1117624451237589, 1.1117624451237589, 1.1117624451237589, 1.1117624451237589, 1.1117624451237589, 1.1117624451237589, 1.1117624451237589, 1.1117624451237589, 1.1117624451237589, 1.1117624451237589, 1.1117624451237589, 1.1117624451237589, 0.4686689806475215, 0.4686689806475215, 0.4686689806475215, 0.4686689806475215, 0.4686689806475215, 0.4686689806475215, 0.4686689806475215, 0.4686689806475215, 0.4686689806475215]","{""elitism_fraction"": 0.2, ""max_iterations"": 140, ""mutation_fraction"": 0.1, ""population_size"": 50}"
schwefel,Schwefel,48,1421,ea,Algoritmo evolutivo,2,"[-500.0, 500.0]","[420.968746, 420.968746]","[417.4193747730161, 420.4479188499939]",1.6207319682533807,3.5873802456841277,140,7050,"[281.0562968462119, 168.0610801332714, 118.6998219343925, 52.29920983739248, 52.29920983739248, 52.29920983739248, 52.29920983739248, 52.29920983739248, 52.29920983739248, 52.29920983739248, 52.29920983739248, 52.29920983739248, 52.29920983739248, 52.29920983739248, 52.29920983739248, 52.29920983739248, 52.29920983739248, 52.29920983739248, 52.29920983739248, 52.29920983739248, 52.29920983739248, 52.29920983739248, 52.29920983739248, 52.29920983739248, 52.29920983739248, 52.29920983739248, 52.29920983739248, 52.29920983739248, 52.29920983739248, 52.29920983739248, 52.29920983739248, 31.00674178164104, 31.00674178164104, 31.00674178164104, 31.00674178164104, 31.00674178164104, 31.00674178164104, 31.00674178164104, 31.00674178164104, 31.00674178164104, 31.00674178164104, 7.686991161169203, 7.686991161169203, 7.686991161169203, 7.686991161169203, 7.686991161169203, 7.686991161169203, 7.686991161169203, 7.686991161169203, 7.686991161169203, 7.686991161169203, 7.686991161169203, 7.686991161169203, 7.686991161169203, 7.686991161169203, 7.686991161169203, 7.686991161169203, 7.686991161169203, 7.686991161169203, 7.686991161169203, 7.686991161169203, 7.686991161169203, 7.686991161169203, 7.686991161169203, 7.686991161169203, 7.686991161169203, 7.686991161169203, 7.686991161169203, 7.686991161169203, 7.686991161169203, 7.686991161169203, 7.686991161169203, 7.686991161169203, 7.686991161169203, 7.686991161169203, 7.686991161169203, 7.686991161169203, 5.3575206637467545, 5.3575206637467545, 5.3575206637467545, 5.3575206637467545, 5.3575206637467545, 5.3575206637467545, 5.3575206637467545, 5.3575206637467545, 5.3575206637467545, 5.3575206637467545, 2.7195175435040255, 2.7195175435040255, 2.7195175435040255, 2.7195175435040255, 2.7195175435040255, 2.7195175435040255, 2.7195175435040255, 2.7195175435040255, 2.7195175435040255, 2.7195175435040255, 2.7195175435040255, 2.7195175435040255, 2.7195175435040255, 2.7195175435040255, 2.7195175435040255, 2.7195175435040255, 2.7195175435040255, 2.7195175435040255, 2.7195175435040255, 2.7195175435040255, 2.7195175435040255, 2.7195175435040255, 2.7195175435040255, 2.7195175435040255, 2.7195175435040255, 2.7195175435040255, 2.7195175435040255, 1.6207319682533807, 1.6207319682533807, 1.6207319682533807, 1.6207319682533807, 1.6207319682533807, 1.6207319682533807, 1.6207319682533807, 1.6207319682533807, 1.6207319682533807, 1.6207319682533807, 1.6207319682533807, 1.6207319682533807, 1.6207319682533807, 1.6207319682533807, 1.6207319682533807, 1.6207319682533807, 1.6207319682533807, 1.6207319682533807, 1.6207319682533807, 1.6207319682533807, 1.6207319682533807, 1.6207319682533807, 1.6207319682533807, 1.6207319682533807, 1.6207319682533807, 1.6207319682533807, 1.6207319682533807]","{""elitism_fraction"": 0.2, ""max_iterations"": 140, ""mutation_fraction"": 0.1, ""population_size"": 50}"
schwefel,Schwefel,49,1422,ea,Algoritmo evolutivo,2,"[-500.0, 500.0]","[420.968746, 420.968746]","[420.71201996518437, 421.4620002161373]",0.03904699036559123,0.5560647252698078,140,7050,"[249.28516135742734, 249.28516135742734, 249.28516135742734, 227.82560106314236, 227.82560106314236, 59.03701960287026, 36.16498670388728, 36.16498670388728, 36.16498670388728, 19.79536303496127, 19.79536303496127, 19.79536303496127, 19.79536303496127, 19.79536303496127, 19.79536303496127, 19.79536303496127, 19.79536303496127, 19.79536303496127, 19.79536303496127, 19.79536303496127, 19.79536303496127, 19.79536303496127, 19.79536303496127, 19.79536303496127, 19.79536303496127, 19.79536303496127, 19.79536303496127, 19.79536303496127, 19.79536303496127, 19.79536303496127, 19.79536303496127, 19.79536303496127, 19.79536303496127, 19.79536303496127, 19.79536303496127, 19.79536303496127, 19.79536303496127, 19.79536303496127, 19.79536303496127, 19.79536303496127, 19.79536303496127, 19.79536303496127, 19.79536303496127, 19.79536303496127, 0.515289508962951, 0.515289508962951, 0.515289508962951, 0.515289508962951, 0.515289508962951, 0.515289508962951, 0.515289508962951, 0.515289508962951, 0.515289508962951, 0.515289508962951, 0.515289508962951, 0.515289508962951, 0.515289508962951, 0.515289508962951, 0.515289508962951, 0.515289508962951, 0.515289508962951, 0.5125714544897164, 0.5125714544897164, 0.5125714544897164, 0.5125714544897164, 0.5125714544897164, 0.5125714544897164, 0.5125714544897164, 0.5125714544897164, 0.5125714544897164, 0.5125714544897164, 0.5125714544897164, 0.5125714544897164, 0.5125714544897164, 0.5125714544897164, 0.5125714544897164, 0.5125714544897164, 0.5125714544897164, 0.5125714544897164, 0.5125714544897164, 0.5125714544897164, 0.5125714544897164, 0.5125714544897164, 0.5125714544897164, 0.5125714544897164, 0.5125714544897164, 0.5125714544897164, 0.5125714544897164, 0.5125714544897164, 0.5125714544897164, 0.5125714544897164, 0.5125714544897164, 0.03904699036559123, 0.03904699036559123, 0.03904699036559123, 0.03904699036559123, 0.03904699036559123, 0.03904699036559123, 0.03904699036559123, 0.03904699036559123, 0.03904699036559123, 0.03904699036559123, 0.03904699036559123, 0.03904699036559123, 0.03904699036559123, 0.03904699036559123, 0.03904699036559123, 0.03904699036559123, 0.03904699036559123, 0.03904699036559123, 0.03904699036559123, 0.03904699036559123, 0.03904699036559123, 0.03904699036559123, 0.03904699036559123, 0.03904699036559123, 0.03904699036559123, 0.03904699036559123, 0.03904699036559123, 0.03904699036559123, 0.03904699036559123, 0.03904699036559123, 0.03904699036559123, 0.03904699036559123, 0.03904699036559123, 0.03904699036559123, 0.03904699036559123, 0.03904699036559123, 0.03904699036559123, 0.03904699036559123, 0.03904699036559123, 0.03904699036559123, 0.03904699036559123, 0.03904699036559123, 0.03904699036559123, 0.03904699036559123, 0.03904699036559123, 0.03904699036559123, 0.03904699036559123, 0.03904699036559123, 0.03904699036559123]","{""elitism_fraction"": 0.2, ""max_iterations"": 140, ""mutation_fraction"": 0.1, ""population_size"": 50}"
schwefel,Schwefel,50,1414,ea,Algoritmo evolutivo,2,"[-500.0, 500.0]","[420.968746, 420.968746]","[420.5992937530533, 418.0722271623191]",1.0742766774893653,2.9199856745905945,140,7050,"[102.5773021256814, 102.5773021256814, 102.5773021256814, 101.94274092129035, 101.94274092129035, 101.94274092129035, 101.94274092129035, 40.278455473803206, 40.278455473803206, 40.278455473803206, 10.647068711637985, 10.647068711637985, 10.647068711637985, 10.647068711637985, 10.647068711637985, 10.647068711637985, 10.647068711637985, 10.647068711637985, 10.647068711637985, 10.647068711637985, 10.647068711637985, 10.647068711637985, 10.647068711637985, 10.647068711637985, 10.647068711637985, 10.647068711637985, 10.647068711637985, 10.647068711637985, 10.647068711637985, 10.647068711637985, 10.647068711637985, 10.647068711637985, 10.647068711637985, 10.647068711637985, 10.647068711637985, 10.647068711637985, 10.647068711637985, 10.647068711637985, 10.647068711637985, 10.647068711637985, 10.647068711637985, 10.647068711637985, 10.647068711637985, 10.647068711637985, 10.647068711637985, 10.647068711637985, 10.647068711637985, 10.647068711637985, 10.647068711637985, 10.647068711637985, 10.647068711637985, 10.647068711637985, 10.647068711637985, 10.647068711637985, 10.647068711637985, 10.647068711637985, 10.647068711637985, 10.647068711637985, 10.647068711637985, 10.647068711637985, 10.647068711637985, 10.647068711637985, 10.647068711637985, 10.647068711637985, 10.647068711637985, 10.647068711637985, 10.647068711637985, 10.647068711637985, 10.647068711637985, 10.647068711637985, 10.647068711637985, 10.647068711637985, 10.647068711637985, 10.647068711637985, 10.647068711637985, 10.647068711637985, 10.647068711637985, 10.647068711637985, 10.647068711637985, 10.647068711637985, 10.647068711637985, 10.647068711637985, 10.647068711637985, 10.647068711637985, 10.647068711637985, 10.647068711637985, 5.340831959874208, 5.340831959874208, 5.340831959874208, 5.340831959874208, 5.340831959874208, 5.340831959874208, 5.340831959874208, 5.340831959874208, 5.340831959874208, 4.1515990682266875, 4.1515990682266875, 3.2512031918054163, 3.2512031918054163, 3.2512031918054163, 3.2512031918054163, 3.2512031918054163, 3.2512031918054163, 2.061970300157782, 2.061970300157782, 2.061970300157782, 2.061970300157782, 2.061970300157782, 2.061970300157782, 2.061970300157782, 2.061970300157782, 2.061970300157782, 2.061970300157782, 2.061970300157782, 2.061970300157782, 2.061970300157782, 2.061970300157782, 2.061970300157782, 2.061970300157782, 2.061970300157782, 2.061970300157782, 2.061970300157782, 2.061970300157782, 1.0742766774893653, 1.0742766774893653, 1.0742766774893653, 1.0742766774893653, 1.0742766774893653, 1.0742766774893653, 1.0742766774893653, 1.0742766774893653, 1.0742766774893653, 1.0742766774893653, 1.0742766774893653, 1.0742766774893653, 1.0742766774893653, 1.0742766774893653, 1.0742766774893653, 1.0742766774893653, 1.0742766774893653, 1.0742766774893653]","{""elitism_fraction"": 0.2, ""max_iterations"": 140, ""mutation_fraction"": 0.1, ""population_size"": 50}"
schwefel,Schwefel,51,1415,ea,Algoritmo evolutivo,2,"[-500.0, 500.0]","[420.968746, 420.968746]","[421.5836848720064, 420.81748243596996]",0.05063906728150869,0.633269675657679,140,7050,"[3.268514752787496, 3.268514752787496, 3.268514752787496, 3.268514752787496, 3.268514752787496, 3.268514752787496, 3.268514752787496, 2.590706056687395, 2.590706056687395, 2.590706056687395, 2.590706056687395, 2.590706056687395, 2.590706056687395, 2.590706056687395, 2.590706056687395, 2.590706056687395, 2.590706056687395, 2.590706056687395, 2.590706056687395, 2.590706056687395, 2.590706056687395, 2.590706056687395, 2.590706056687395, 2.590706056687395, 2.590706056687395, 2.590706056687395, 2.590706056687395, 2.590706056687395, 2.590706056687395, 2.590706056687395, 2.590706056687395, 2.590706056687395, 2.590706056687395, 2.590706056687395, 2.590706056687395, 2.590706056687395, 2.590706056687395, 2.590706056687395, 2.590706056687395, 2.590706056687395, 2.590706056687395, 2.590706056687395, 2.590706056687395, 2.590706056687395, 2.590706056687395, 2.590706056687395, 2.590706056687395, 2.590706056687395, 2.590706056687395, 2.590706056687395, 2.590706056687395, 2.590706056687395, 2.590706056687395, 2.590706056687395, 2.590706056687395, 2.590706056687395, 2.590706056687395, 2.590706056687395, 2.590706056687395, 2.590706056687395, 2.4365759960683135, 2.4365759960683135, 2.4365759960683135, 2.4365759960683135, 2.4365759960683135, 2.4365759960683135, 2.4365759960683135, 2.4365759960683135, 2.4365759960683135, 2.4365759960683135, 2.143680174329347, 2.143680174329347, 2.143680174329347, 2.143680174329347, 2.143680174329347, 2.143680174329347, 2.143680174329347, 2.143680174329347, 2.143680174329347, 2.143680174329347, 2.143680174329347, 2.143680174329347, 2.143680174329347, 2.143680174329347, 2.143680174329347, 2.143680174329347, 2.143680174329347, 2.143680174329347, 2.143680174329347, 2.143680174329347, 2.143680174329347, 2.143680174329347, 2.143680174329347, 2.143680174329347, 2.143680174329347, 2.143680174329347, 2.143680174329347, 2.143680174329347, 2.143680174329347, 2.143680174329347, 2.143680174329347, 2.143680174329347, 2.143680174329347, 2.143680174329347, 2.143680174329347, 2.143680174329347, 2.143680174329347, 2.143680174329347, 2.143680174329347, 1.5022409060998143, 1.5022409060998143, 1.5022409060998143, 1.5022409060998143, 1.5022409060998143, 1.5022409060998143, 1.5022409060998143, 1.5022409060998143, 1.5022409060998143, 1.5022409060998143, 1.5022409060998143, 1.5022409060998143, 1.5022409060998143, 1.5022409060998143, 1.5022409060998143, 1.5022409060998143, 1.5022409060998143, 1.5022409060998143, 1.5022409060998143, 1.5022409060998143, 1.5022409060998143, 1.5022409060998143, 1.5022409060998143, 1.5022409060998143, 1.5022409060998143, 1.5022409060998143, 1.5022409060998143, 1.5022409060998143, 1.5022409060998143, 1.5022409060998143, 1.5022409060998143, 0.05063906728150869]","{""elitism_fraction"": 0.2, ""max_iterations"": 140, ""mutation_fraction"": 0.1, ""population_size"": 50}"
schwefel,Schwefel,52,1416,ea,Algoritmo evolutivo,2,"[-500.0, 500.0]","[420.968746, 420.968746]","[419.69653998768626, 420.69239022935585]",0.21377394859655396,1.301875819629341,140,7050,"[254.4429182254969, 194.72024752764628, 83.12400856571662, 83.12400856571662, 20.914905074849457, 20.914905074849457, 20.914905074849457, 20.914905074849457, 20.914905074849457, 10.475186254872142, 10.475186254872142, 10.475186254872142, 10.475186254872142, 10.475186254872142, 10.475186254872142, 10.475186254872142, 10.475186254872142, 10.475186254872142, 10.475186254872142, 10.475186254872142, 10.475186254872142, 10.475186254872142, 10.475186254872142, 10.475186254872142, 10.475186254872142, 10.475186254872142, 10.475186254872142, 10.475186254872142, 10.475186254872142, 10.475186254872142, 10.475186254872142, 10.475186254872142, 10.475186254872142, 10.475186254872142, 10.475186254872142, 10.475186254872142, 10.475186254872142, 10.475186254872142, 10.475186254872142, 10.475186254872142, 10.475186254872142, 10.475186254872142, 10.475186254872142, 10.475186254872142, 10.475186254872142, 10.475186254872142, 10.475186254872142, 10.475186254872142, 10.475186254872142, 10.475186254872142, 10.475186254872142, 10.475186254872142, 10.475186254872142, 10.475186254872142, 10.475186254872142, 10.475186254872142, 10.475186254872142, 10.475186254872142, 6.0470242200538, 6.0470242200538, 6.0470242200538, 6.0470242200538, 6.0470242200538, 6.0470242200538, 6.0470242200538, 6.0470242200538, 6.0470242200538, 6.0470242200538, 6.0470242200538, 6.0470242200538, 6.0470242200538, 2.225956724841353, 2.225956724841353, 0.21377394859655396, 0.21377394859655396, 0.21377394859655396, 0.21377394859655396, 0.21377394859655396, 0.21377394859655396, 0.21377394859655396, 0.21377394859655396, 0.21377394859655396, 0.21377394859655396, 0.21377394859655396, 0.21377394859655396, 0.21377394859655396, 0.21377394859655396, 0.21377394859655396, 0.21377394859655396, 0.21377394859655396, 0.21377394859655396, 0.21377394859655396, 0.21377394859655396, 0.21377394859655396, 0.21377394859655396, 0.21377394859655396, 0.21377394859655396, 0.21377394859655396, 0.21377394859655396, 0.21377394859655396, 0.21377394859655396, 0.21377394859655396, 0.21377394859655396, 0.21377394859655396, 0.21377394859655396, 0.21377394859655396, 0.21377394859655396, 0.21377394859655396, 0.21377394859655396, 0.21377394859655396, 0.21377394859655396, 0.21377394859655396, 0.21377394859655396, 0.21377394859655396, 0.21377394859655396, 0.21377394859655396, 0.21377394859655396, 0.21377394859655396, 0.21377394859655396, 0.21377394859655396, 0.21377394859655396, 0.21377394859655396, 0.21377394859655396, 0.21377394859655396, 0.21377394859655396, 0.21377394859655396, 0.21377394859655396, 0.21377394859655396, 0.21377394859655396, 0.21377394859655396, 0.21377394859655396, 0.21377394859655396, 0.21377394859655396, 0.21377394859655396, 0.21377394859655396, 0.21377394859655396, 0.21377394859655396, 0.21377394859655396, 0.21377394859655396, 0.21377394859655396, 0.21377394859655396]","{""elitism_fraction"": 0.2, ""max_iterations"": 140, ""mutation_fraction"": 0.1, ""population_size"": 50}"
schwefel,Schwefel,53,1417,ea,Algoritmo evolutivo,2,"[-500.0, 500.0]","[420.968746, 420.968746]","[420.89894731038873, 422.0116633586762]",0.13793454737697175,1.045250436067604,140,7050,"[249.93751300275585, 249.93751300275585, 249.93751300275585, 249.93751300275585, 249.93751300275585, 249.93751300275585, 217.34386233815394, 217.34386233815394, 101.36347079000552, 101.36347079000552, 91.4130371793899, 15.489086964270882, 15.489086964270882, 15.489086964270882, 15.489086964270882, 15.489086964270882, 15.489086964270882, 15.489086964270882, 15.489086964270882, 15.489086964270882, 7.0237081059831326, 7.0237081059831326, 7.0237081059831326, 7.0237081059831326, 7.0237081059831326, 0.4750368588030369, 0.4750368588030369, 0.4750368588030369, 0.13793454737697175, 0.13793454737697175, 0.13793454737697175, 0.13793454737697175, 0.13793454737697175, 0.13793454737697175, 0.13793454737697175, 0.13793454737697175, 0.13793454737697175, 0.13793454737697175, 0.13793454737697175, 0.13793454737697175, 0.13793454737697175, 0.13793454737697175, 0.13793454737697175, 0.13793454737697175, 0.13793454737697175, 0.13793454737697175, 0.13793454737697175, 0.13793454737697175, 0.13793454737697175, 0.13793454737697175, 0.13793454737697175, 0.13793454737697175, 0.13793454737697175, 0.13793454737697175, 0.13793454737697175, 0.13793454737697175, 0.13793454737697175, 0.13793454737697175, 0.13793454737697175, 0.13793454737697175, 0.13793454737697175, 0.13793454737697175, 0.13793454737697175, 0.13793454737697175, 0.13793454737697175, 0.13793454737697175, 0.13793454737697175, 0.13793454737697175, 0.13793454737697175, 0.13793454737697175, 0.13793454737697175, 0.13793454737697175, 0.13793454737697175, 0.13793454737697175, 0.13793454737697175, 0.13793454737697175, 0.13793454737697175, 0.13793454737697175, 0.13793454737697175, 0.13793454737697175, 0.13793454737697175, 0.13793454737697175, 0.13793454737697175, 0.13793454737697175, 0.13793454737697175, 0.13793454737697175, 0.13793454737697175, 0.13793454737697175, 0.13793454737697175, 0.13793454737697175, 0.13793454737697175, 0.13793454737697175, 0.13793454737697175, 0.13793454737697175, 0.13793454737697175, 0.13793454737697175, 0.13793454737697175, 0.13793454737697175, 0.13793454737697175, 0.13793454737697175, 0.13793454737697175, 0.13793454737697175, 0.13793454737697175, 0.13793454737697175, 0.13793454737697175, 0.13793454737697175, 0.13793454737697175, 0.13793454737697175, 0.13793454737697175, 0.13793454737697175, 0.13793454737697175, 0.13793454737697175, 0.13793454737697175, 0.13793454737697175, 0.13793454737697175, 0.13793454737697175, 0.13793454737697175, 0.13793454737697175, 0.13793454737697175, 0.13793454737697175, 0.13793454737697175, 0.13793454737697175, 0.13793454737697175, 0.13793454737697175, 0.13793454737697175, 0.13793454737697175, 0.13793454737697175, 0.13793454737697175, 0.13793454737697175, 0.13793454737697175, 0.13793454737697175, 0.13793454737697175, 0.13793454737697175, 0.13793454737697175, 0.13793454737697175, 0.13793454737697175, 0.13793454737697175, 0.13793454737697175, 0.13793454737697175, 0.13793454737697175, 0.13793454737697175]","{""elitism_fraction"": 0.2, ""max_iterations"": 140, ""mutation_fraction"": 0.1, ""population_size"": 50}"
schwefel,Schwefel,54,1418,ea,Algoritmo evolutivo,2,"[-500.0, 500.0]","[420.968746, 420.968746]","[421.8605034160987, 422.39011017546795]",0.3554398719521714,1.6779473795297315,140,7050,"[91.04634948398302, 91.04634948398302, 91.04634948398302, 91.04634948398302, 70.17656986425959, 70.17656986425959, 6.003520348323718, 6.003520348323718, 6.003520348323718, 6.003520348323718, 6.003520348323718, 6.003520348323718, 6.003520348323718, 6.003520348323718, 1.7173635629308137, 1.7173635629308137, 1.7173635629308137, 1.7173635629308137, 1.7173635629308137, 1.7173635629308137, 1.7173635629308137, 1.7173635629308137, 1.7173635629308137, 1.7173635629308137, 1.7173635629308137, 1.7173635629308137, 1.7173635629308137, 1.7173635629308137, 1.7173635629308137, 1.7173635629308137, 1.7173635629308137, 1.7173635629308137, 1.7173635629308137, 1.7173635629308137, 1.7173635629308137, 1.7173635629308137, 1.7173635629308137, 1.7173635629308137, 1.7173635629308137, 1.7173635629308137, 1.7173635629308137, 1.7173635629308137, 1.7173635629308137, 1.7173635629308137, 1.7173635629308137, 1.7173635629308137, 1.7173635629308137, 1.7173635629308137, 1.7173635629308137, 1.7173635629308137, 1.7173635629308137, 1.7173635629308137, 1.7173635629308137, 1.7173635629308137, 1.7173635629308137, 1.7173635629308137, 1.7173635629308137, 1.7173635629308137, 1.7173635629308137, 1.7173635629308137, 1.7173635629308137, 1.7173635629308137, 1.7173635629308137, 1.7173635629308137, 1.7173635629308137, 1.7173635629308137, 1.7173635629308137, 1.7173635629308137, 1.7173635629308137, 1.7173635629308137, 1.7173635629308137, 1.7173635629308137, 1.7173635629308137, 1.7173635629308137, 1.7173635629308137, 1.7173635629308137, 1.2799552631745428, 1.2799552631745428, 1.2799552631745428, 1.2799552631745428, 1.2799552631745428, 1.2799552631745428, 1.2799552631745428, 1.2799552631745428, 1.2799552631745428, 1.2799552631745428, 1.2799552631745428, 1.2799552631745428, 1.2799552631745428, 1.2799552631745428, 1.2799552631745428, 1.2799552631745428, 1.2799552631745428, 1.2799552631745428, 1.2799552631745428, 1.2799552631745428, 1.2799552631745428, 1.2799552631745428, 1.2799552631745428, 1.2799552631745428, 1.2799552631745428, 1.2799552631745428, 1.2799552631745428, 1.2799552631745428, 1.2799552631745428, 1.2799552631745428, 1.2799552631745428, 1.2799552631745428, 1.2799552631745428, 1.2799552631745428, 1.2799552631745428, 1.2799552631745428, 1.2799552631745428, 1.2799552631745428, 1.2799552631745428, 1.2799552631745428, 1.2799552631745428, 1.2799552631745428, 1.2799552631745428, 1.2799552631745428, 1.2799552631745428, 1.2799552631745428, 1.2799552631745428, 1.2799552631745428, 1.2799552631745428, 1.2799552631745428, 1.2799552631745428, 1.2799552631745428, 1.2799552631745428, 1.2799552631745428, 0.3554398719521714, 0.3554398719521714, 0.3554398719521714, 0.3554398719521714, 0.3554398719521714, 0.3554398719521714, 0.3554398719521714, 0.3554398719521714, 0.3554398719521714, 0.3554398719521714, 0.3554398719521714]","{""elitism_fraction"": 0.2, ""max_iterations"": 140, ""mutation_fraction"": 0.1, ""population_size"": 50}"
schwefel,Schwefel,55,1419,ea,Algoritmo evolutivo,2,"[-500.0, 500.0]","[420.968746, 420.968746]","[421.2581449320206, 422.4226728295075]",0.27745518244546474,1.4824489763281672,140,7050,"[305.9995236204205, 305.9995236204205, 305.9995236204205, 173.39196535370274, 173.39196535370274, 136.27187245670098, 136.27187245670098, 136.27187245670098, 136.27187245670098, 136.27187245670098, 136.27187245670098, 136.27187245670098, 136.27187245670098, 136.27187245670098, 136.27187245670098, 136.27187245670098, 136.27187245670098, 136.27187245670098, 136.27187245670098, 136.27187245670098, 136.27187245670098, 136.27187245670098, 136.27187245670098, 136.27187245670098, 136.27187245670098, 136.27187245670098, 30.000398987443987, 30.000398987443987, 30.000398987443987, 30.000398987443987, 30.000398987443987, 30.000398987443987, 30.000398987443987, 30.000398987443987, 30.000398987443987, 25.05458598280711, 25.05458598280711, 25.05458598280711, 25.05458598280711, 25.05458598280711, 25.05458598280711, 25.05458598280711, 25.05458598280711, 25.05458598280711, 25.05458598280711, 25.05458598280711, 25.05458598280711, 25.05458598280711, 25.05458598280711, 25.05458598280711, 25.05458598280711, 25.05458598280711, 25.05458598280711, 25.05458598280711, 10.733369782841578, 10.733369782841578, 10.733369782841578, 10.733369782841578, 10.733369782841578, 2.910927592922917, 2.910927592922917, 2.910927592922917, 2.910927592922917, 2.910927592922917, 2.910927592922917, 2.910927592922917, 2.910927592922917, 2.910927592922917, 2.910927592922917, 2.910927592922917, 0.9832173281336054, 0.9832173281336054, 0.9832173281336054, 0.9832173281336054, 0.9832173281336054, 0.9832173281336054, 0.9832173281336054, 0.9832173281336054, 0.9832173281336054, 0.9832173281336054, 0.9832173281336054, 0.9832173281336054, 0.9832173281336054, 0.9832173281336054, 0.27745518244546474, 0.27745518244546474, 0.27745518244546474, 0.27745518244546474, 0.27745518244546474, 0.27745518244546474, 0.27745518244546474, 0.27745518244546474, 0.27745518244546474, 0.27745518244546474, 0.27745518244546474, 0.27745518244546474, 0.27745518244546474, 0.27745518244546474, 0.27745518244546474, 0.27745518244546474, 0.27745518244546474, 0.27745518244546474, 0.27745518244546474, 0.27745518244546474, 0.27745518244546474, 0.27745518244546474, 0.27745518244546474, 0.27745518244546474, 0.27745518244546474, 0.27745518244546474, 0.27745518244546474, 0.27745518244546474, 0.27745518244546474, 0.27745518244546474, 0.27745518244546474, 0.27745518244546474, 0.27745518244546474, 0.27745518244546474, 0.27745518244546474, 0.27745518244546474, 0.27745518244546474, 0.27745518244546474, 0.27745518244546474, 0.27745518244546474, 0.27745518244546474, 0.27745518244546474, 0.27745518244546474, 0.27745518244546474, 0.27745518244546474, 0.27745518244546474, 0.27745518244546474, 0.27745518244546474, 0.27745518244546474, 0.27745518244546474, 0.27745518244546474, 0.27745518244546474, 0.27745518244546474, 0.27745518244546474, 0.27745518244546474, 0.27745518244546474, 0.27745518244546474]","{""elitism_fraction"": 0.2, ""max_iterations"": 140, ""mutation_fraction"": 0.1, ""population_size"": 50}"
schwefel,Schwefel,56,1420,ea,Algoritmo evolutivo,2,"[-500.0, 500.0]","[420.968746, 420.968746]","[422.1727276101691, 422.47300500824986]",0.4686689806475215,1.926750342292987,140,7050,"[271.8870572005901, 260.02596845066023, 173.75458716516414, 173.75458716516414, 173.75458716516414, 22.690246957234876, 22.690246957234876, 22.690246957234876, 22.690246957234876, 22.690246957234876, 22.690246957234876, 22.690246957234876, 22.690246957234876, 22.690246957234876, 22.690246957234876, 22.690246957234876, 22.690246957234876, 22.690246957234876, 22.690246957234876, 22.521179153226512, 22.521179153226512, 1.2808302491321228, 1.1117624451237589, 1.1117624451237589, 1.1117624451237589, 1.1117624451237589, 1.1117624451237589, 1.1117624451237589, 1.1117624451237589, 1.1117624451237589, 1.1117624451237589, 1.1117624451237589, 1.1117624451237589, 1.1117624451237589, 1.1117624451237589, 1.1117624451237589, 1.1117624451237589, 1.1117624451237589, 1.1117624451237589, 1.1117624451237589, 1.1117624451237589, 1.1117624451237589, 1.1117624451237589, 1.1117624451237589, 1.1117624451237589, 1.1117624451237589, 1.1117624451237589, 1.1117624451237589, 1.1117624451237589, 1.1117624451237589, 1.1117624451237589, 1.1117624451237589, 1.1117624451237589, 1.1117624451237589, 1.1117624451237589, 1.1117624451237589, 1.1117624451237589, 1.1117624451237589, 1.1117624451237589, 1.1117624451237589, 1.1117624451237589, 1.1117624451237589, 1.1117624451237589, 1.1117624451237589, 1.1117624451237589, 1.1117624451237589, 1.1117624451237589, 1.1117624451237589, 1.1117624451237589, 1.1117624451237589, 1.1117624451237589, 1.1117624451237589, 1.1117624451237589, 1.1117624451237589, 1.1117624451237589, 1.1117624451237589, 1.1117624451237589, 1.1117624451237589, 1.1117624451237589, 1.1117624451237589, 1.1117624451237589, 1.1117624451237589, 1.1117624451237589, 1.1117624451237589, 1.1117624451237589, 1.1117624451237589, 1.1117624451237589, 1.1117624451237589, 1.1117624451237589, 1.1117624451237589, 1.1117624451237589, 1.1117624451237589, 1.1117624451237589, 1.1117624451237589, 1.1117624451237589, 1.1117624451237589, 1.1117624451237589, 1.1117624451237589, 1.1117624451237589, 1.1117624451237589, 1.1117624451237589, 1.1117624451237589, 1.1117624451237589, 1.1117624451237589, 1.1117624451237589, 1.1117624451237589, 1.1117624451237589, 1.1117624451237589, 1.1117624451237589, 1.1117624451237589, 1.1117624451237589, 1.1117624451237589, 1.1117624451237589, 1.1117624451237589, 1.1117624451237589, 1.1117624451237589, 1.1117624451237589, 1.1117624451237589, 1.1117624451237589, 1.1117624451237589, 1.1117624451237589, 1.1117624451237589, 1.1117624451237589, 1.1117624451237589, 1.1117624451237589, 1.1117624451237589, 1.1117624451237589, 1.1117624451237589, 1.1117624451237589, 1.1117624451237589, 1.1117624451237589, 1.1117624451237589, 0.4686689806475215, 0.4686689806475215, 0.4686689806475215, 0.4686689806475215, 0.4686689806475215, 0.4686689806475215, 0.4686689806475215, 0.4686689806475215, 0.4686689806475215]","{""elitism_fraction"": 0.2, ""max_iterations"": 140, ""mutation_fraction"": 0.1, ""population_size"": 50}"
schwefel,Schwefel,57,1421,ea,Algoritmo evolutivo,2,"[-500.0, 500.0]","[420.968746, 420.968746]","[417.4193747730161, 420.4479188499939]",1.6207319682533807,3.5873802456841277,140,7050,"[281.0562968462119, 168.0610801332714, 118.6998219343925, 52.29920983739248, 52.29920983739248, 52.29920983739248, 52.29920983739248, 52.29920983739248, 52.29920983739248, 52.29920983739248, 52.29920983739248, 52.29920983739248, 52.29920983739248, 52.29920983739248, 52.29920983739248, 52.29920983739248, 52.29920983739248, 52.29920983739248, 52.29920983739248, 52.29920983739248, 52.29920983739248, 52.29920983739248, 52.29920983739248, 52.29920983739248, 52.29920983739248, 52.29920983739248, 52.29920983739248, 52.29920983739248, 52.29920983739248, 52.29920983739248, 52.29920983739248, 31.00674178164104, 31.00674178164104, 31.00674178164104, 31.00674178164104, 31.00674178164104, 31.00674178164104, 31.00674178164104, 31.00674178164104, 31.00674178164104, 31.00674178164104, 7.686991161169203, 7.686991161169203, 7.686991161169203, 7.686991161169203, 7.686991161169203, 7.686991161169203, 7.686991161169203, 7.686991161169203, 7.686991161169203, 7.686991161169203, 7.686991161169203, 7.686991161169203, 7.686991161169203, 7.686991161169203, 7.686991161169203, 7.686991161169203, 7.686991161169203, 7.686991161169203, 7.686991161169203, 7.686991161169203, 7.686991161169203, 7.686991161169203, 7.686991161169203, 7.686991161169203, 7.686991161169203, 7.686991161169203, 7.686991161169203, 7.686991161169203, 7.686991161169203, 7.686991161169203, 7.686991161169203, 7.686991161169203, 7.686991161169203, 7.686991161169203, 7.686991161169203, 7.686991161169203, 5.3575206637467545, 5.3575206637467545, 5.3575206637467545, 5.3575206637467545, 5.3575206637467545, 5.3575206637467545, 5.3575206637467545, 5.3575206637467545, 5.3575206637467545, 5.3575206637467545, 2.7195175435040255, 2.7195175435040255, 2.7195175435040255, 2.7195175435040255, 2.7195175435040255, 2.7195175435040255, 2.7195175435040255, 2.7195175435040255, 2.7195175435040255, 2.7195175435040255, 2.7195175435040255, 2.7195175435040255, 2.7195175435040255, 2.7195175435040255, 2.7195175435040255, 2.7195175435040255, 2.7195175435040255, 2.7195175435040255, 2.7195175435040255, 2.7195175435040255, 2.7195175435040255, 2.7195175435040255, 2.7195175435040255, 2.7195175435040255, 2.7195175435040255, 2.7195175435040255, 2.7195175435040255, 1.6207319682533807, 1.6207319682533807, 1.6207319682533807, 1.6207319682533807, 1.6207319682533807, 1.6207319682533807, 1.6207319682533807, 1.6207319682533807, 1.6207319682533807, 1.6207319682533807, 1.6207319682533807, 1.6207319682533807, 1.6207319682533807, 1.6207319682533807, 1.6207319682533807, 1.6207319682533807, 1.6207319682533807, 1.6207319682533807, 1.6207319682533807, 1.6207319682533807, 1.6207319682533807, 1.6207319682533807, 1.6207319682533807, 1.6207319682533807, 1.6207319682533807, 1.6207319682533807, 1.6207319682533807]","{""elitism_fraction"": 0.2, ""max_iterations"": 140, ""mutation_fraction"": 0.1, ""population_size"": 50}"
schwefel,Schwefel,58,1422,ea,Algoritmo evolutivo,2,"[-500.0, 500.0]","[420.968746, 420.968746]","[420.71201996518437, 421.4620002161373]",0.03904699036559123,0.5560647252698078,140,7050,"[249.28516135742734, 249.28516135742734, 249.28516135742734, 227.82560106314236, 227.82560106314236, 59.03701960287026, 36.16498670388728, 36.16498670388728, 36.16498670388728, 19.79536303496127, 19.79536303496127, 19.79536303496127, 19.79536303496127, 19.79536303496127, 19.79536303496127, 19.79536303496127, 19.79536303496127, 19.79536303496127, 19.79536303496127, 19.79536303496127, 19.79536303496127, 19.79536303496127, 19.79536303496127, 19.79536303496127, 19.79536303496127, 19.79536303496127, 19.79536303496127, 19.79536303496127, 19.79536303496127, 19.79536303496127, 19.79536303496127, 19.79536303496127, 19.79536303496127, 19.79536303496127, 19.79536303496127, 19.79536303496127, 19.79536303496127, 19.79536303496127, 19.79536303496127, 19.79536303496127, 19.79536303496127, 19.79536303496127, 19.79536303496127, 19.79536303496127, 0.515289508962951, 0.515289508962951, 0.515289508962951, 0.515289508962951, 0.515289508962951, 0.515289508962951, 0.515289508962951, 0.515289508962951, 0.515289508962951, 0.515289508962951, 0.515289508962951, 0.515289508962951, 0.515289508962951, 0.515289508962951, 0.515289508962951, 0.515289508962951, 0.515289508962951, 0.5125714544897164, 0.5125714544897164, 0.5125714544897164, 0.5125714544897164, 0.5125714544897164, 0.5125714544897164, 0.5125714544897164, 0.5125714544897164, 0.5125714544897164, 0.5125714544897164, 0.5125714544897164, 0.5125714544897164, 0.5125714544897164, 0.5125714544897164, 0.5125714544897164, 0.5125714544897164, 0.5125714544897164, 0.5125714544897164, 0.5125714544897164, 0.5125714544897164, 0.5125714544897164, 0.5125714544897164, 0.5125714544897164, 0.5125714544897164, 0.5125714544897164, 0.5125714544897164, 0.5125714544897164, 0.5125714544897164, 0.5125714544897164, 0.5125714544897164, 0.5125714544897164, 0.03904699036559123, 0.03904699036559123, 0.03904699036559123, 0.03904699036559123, 0.03904699036559123, 0.03904699036559123, 0.03904699036559123, 0.03904699036559123, 0.03904699036559123, 0.03904699036559123, 0.03904699036559123, 0.03904699036559123, 0.03904699036559123, 0.03904699036559123, 0.03904699036559123, 0.03904699036559123, 0.03904699036559123, 0.03904699036559123, 0.03904699036559123, 0.03904699036559123, 0.03904699036559123, 0.03904699036559123, 0.03904699036559123, 0.03904699036559123, 0.03904699036559123, 0.03904699036559123, 0.03904699036559123, 0.03904699036559123, 0.03904699036559123, 0.03904699036559123, 0.03904699036559123, 0.03904699036559123, 0.03904699036559123, 0.03904699036559123, 0.03904699036559123, 0.03904699036559123, 0.03904699036559123, 0.03904699036559123, 0.03904699036559123, 0.03904699036559123, 0.03904699036559123, 0.03904699036559123, 0.03904699036559123, 0.03904699036559123, 0.03904699036559123, 0.03904699036559123, 0.03904699036559123, 0.03904699036559123, 0.03904699036559123]","{""elitism_fraction"": 0.2, ""max_iterations"": 140, ""mutation_fraction"": 0.1, ""population_size"": 50}"
schwefel,Schwefel,59,1423,ea,Algoritmo evolutivo,2,"[-500.0, 500.0]","[420.968746, 420.968746]","[422.00181775762167, 420.54785749987764]",0.1570887031714392,1.1155197828504693,140,7050,"[243.38484287352253, 197.4525290628958, 197.4525290628958, 8.789721366164144, 8.789721366164144, 8.789721366164144, 8.789721366164144, 8.789721366164144, 8.789721366164144, 7.05694986003482, 7.05694986003482, 7.05694986003482, 7.05694986003482, 7.05694986003482, 7.05694986003482, 7.05694986003482, 7.05694986003482, 7.05694986003482, 7.05694986003482, 7.05694986003482, 7.05694986003482, 7.05694986003482, 7.05694986003482, 7.05694986003482, 7.05694986003482, 7.05694986003482, 7.05694986003482, 7.05694986003482, 7.05694986003482, 7.05694986003482, 7.05694986003482, 7.05694986003482, 7.05694986003482, 7.05694986003482, 7.05694986003482, 7.05694986003482, 7.05694986003482, 7.05694986003482, 7.05694986003482, 7.05694986003482, 7.05694986003482, 7.05694986003482, 7.05694986003482, 7.05694986003482, 1.3585159125838118, 1.3585159125838118, 1.3585159125838118, 1.3585159125838118, 1.3585159125838118, 0.1570887031714392, 0.1570887031714392, 0.1570887031714392, 0.1570887031714392, 0.1570887031714392, 0.1570887031714392, 0.1570887031714392, 0.1570887031714392, 0.1570887031714392, 0.1570887031714392, 0.1570887031714392, 0.1570887031714392, 0.1570887031714392, 0.1570887031714392, 0.1570887031714392, 0.1570887031714392, 0.1570887031714392, 0.1570887031714392, 0.1570887031714392, 0.1570887031714392, 0.1570887031714392, 0.1570887031714392, 0.1570887031714392, 0.1570887031714392, 0.1570887031714392, 0.1570887031714392, 0.1570887031714392, 0.1570887031714392, 0.1570887031714392, 0.1570887031714392, 0.1570887031714392, 0.1570887031714392, 0.1570887031714392, 0.1570887031714392, 0.1570887031714392, 0.1570887031714392, 0.1570887031714392, 0.1570887031714392, 0.1570887031714392, 0.1570887031714392, 0.1570887031714392, 0.1570887031714392, 0.1570887031714392, 0.1570887031714392, 0.1570887031714392, 0.1570887031714392, 0.1570887031714392, 0.1570887031714392, 0.1570887031714392, 0.1570887031714392, 0.1570887031714392, 0.1570887031714392, 0.1570887031714392, 0.1570887031714392, 0.1570887031714392, 0.1570887031714392, 0.1570887031714392, 0.1570887031714392, 0.1570887031714392, 0.1570887031714392, 0.1570887031714392, 0.1570887031714392, 0.1570887031714392, 0.1570887031714392, 0.1570887031714392, 0.1570887031714392, 0.1570887031714392, 0.1570887031714392, 0.1570887031714392, 0.1570887031714392, 0.1570887031714392, 0.1570887031714392, 0.1570887031714392, 0.1570887031714392, 0.1570887031714392, 0.1570887031714392, 0.1570887031714392, 0.1570887031714392, 0.1570887031714392, 0.1570887031714392, 0.1570887031714392, 0.1570887031714392, 0.1570887031714392, 0.1570887031714392, 0.1570887031714392, 0.1570887031714392, 0.1570887031714392, 0.1570887031714392, 0.1570887031714392, 0.1570887031714392, 0.1570887031714392, 0.1570887031714392]","{""elitism_fraction"": 0.2, ""max_iterations"": 140, ""mutation_fraction"": 0.1, ""population_size"": 50}"
schwefel,Schwefel,60,1415,ea,Algoritmo evolutivo,2,"[-500.0, 500.0]","[420.968746, 420.968746]","[421.5836848720064, 420.81748243596996]",0.05063906728150869,0.633269675657679,140,7050,"[3.268514752787496, 3.268514752787496, 3.268514752787496, 3.268514752787496, 3.268514752787496, 3.268514752787496, 3.268514752787496, 2.590706056687395, 2.590706056687395, 2.590706056687395, 2.590706056687395, 2.590706056687395, 2.590706056687395, 2.590706056687395, 2.590706056687395, 2.590706056687395, 2.590706056687395, 2.590706056687395, 2.590706056687395, 2.590706056687395, 2.590706056687395, 2.590706056687395, 2.590706056687395, 2.590706056687395, 2.590706056687395, 2.590706056687395, 2.590706056687395, 2.590706056687395, 2.590706056687395, 2.590706056687395, 2.590706056687395, 2.590706056687395, 2.590706056687395, 2.590706056687395, 2.590706056687395, 2.590706056687395, 2.590706056687395, 2.590706056687395, 2.590706056687395, 2.590706056687395, 2.590706056687395, 2.590706056687395, 2.590706056687395, 2.590706056687395, 2.590706056687395, 2.590706056687395, 2.590706056687395, 2.590706056687395, 2.590706056687395, 2.590706056687395, 2.590706056687395, 2.590706056687395, 2.590706056687395, 2.590706056687395, 2.590706056687395, 2.590706056687395, 2.590706056687395, 2.590706056687395, 2.590706056687395, 2.590706056687395, 2.4365759960683135, 2.4365759960683135, 2.4365759960683135, 2.4365759960683135, 2.4365759960683135, 2.4365759960683135, 2.4365759960683135, 2.4365759960683135, 2.4365759960683135, 2.4365759960683135, 2.143680174329347, 2.143680174329347, 2.143680174329347, 2.143680174329347, 2.143680174329347, 2.143680174329347, 2.143680174329347, 2.143680174329347, 2.143680174329347, 2.143680174329347, 2.143680174329347, 2.143680174329347, 2.143680174329347, 2.143680174329347, 2.143680174329347, 2.143680174329347, 2.143680174329347, 2.143680174329347, 2.143680174329347, 2.143680174329347, 2.143680174329347, 2.143680174329347, 2.143680174329347, 2.143680174329347, 2.143680174329347, 2.143680174329347, 2.143680174329347, 2.143680174329347, 2.143680174329347, 2.143680174329347, 2.143680174329347, 2.143680174329347, 2.143680174329347, 2.143680174329347, 2.143680174329347, 2.143680174329347, 2.143680174329347, 2.143680174329347, 2.143680174329347, 1.5022409060998143, 1.5022409060998143, 1.5022409060998143, 1.5022409060998143, 1.5022409060998143, 1.5022409060998143, 1.5022409060998143, 1.5022409060998143, 1.5022409060998143, 1.5022409060998143, 1.5022409060998143, 1.5022409060998143, 1.5022409060998143, 1.5022409060998143, 1.5022409060998143, 1.5022409060998143, 1.5022409060998143, 1.5022409060998143, 1.5022409060998143, 1.5022409060998143, 1.5022409060998143, 1.5022409060998143, 1.5022409060998143, 1.5022409060998143, 1.5022409060998143, 1.5022409060998143, 1.5022409060998143, 1.5022409060998143, 1.5022409060998143, 1.5022409060998143, 1.5022409060998143, 0.05063906728150869]","{""elitism_fraction"": 0.2, ""max_iterations"": 140, ""mutation_fraction"": 0.1, ""population_size"": 50}"
schwefel,Schwefel,61,1416,ea,Algoritmo evolutivo,2,"[-500.0, 500.0]","[420.968746, 420.968746]","[419.69653998768626, 420.69239022935585]",0.21377394859655396,1.301875819629341,140,7050,"[254.4429182254969, 194.72024752764628, 83.12400856571662, 83.12400856571662, 20.914905074849457, 20.914905074849457, 20.914905074849457, 20.914905074849457, 20.914905074849457, 10.475186254872142, 10.475186254872142, 10.475186254872142, 10.475186254872142, 10.475186254872142, 10.475186254872142, 10.475186254872142, 10.475186254872142, 10.475186254872142, 10.475186254872142, 10.475186254872142, 10.475186254872142, 10.475186254872142, 10.475186254872142, 10.475186254872142, 10.475186254872142, 10.475186254872142, 10.475186254872142, 10.475186254872142, 10.475186254872142, 10.475186254872142, 10.475186254872142, 10.475186254872142, 10.475186254872142, 10.475186254872142, 10.475186254872142, 10.475186254872142, 10.475186254872142, 10.475186254872142, 10.475186254872142, 10.475186254872142, 10.475186254872142, 10.475186254872142, 10.475186254872142, 10.475186254872142, 10.475186254872142, 10.475186254872142, 10.475186254872142, 10.475186254872142, 10.475186254872142, 10.475186254872142, 10.475186254872142, 10.475186254872142, 10.475186254872142, 10.475186254872142, 10.475186254872142, 10.475186254872142, 10.475186254872142, 10.475186254872142, 6.0470242200538, 6.0470242200538, 6.0470242200538, 6.0470242200538, 6.0470242200538, 6.0470242200538, 6.0470242200538, 6.0470242200538, 6.0470242200538, 6.0470242200538, 6.0470242200538, 6.0470242200538, 6.0470242200538, 2.225956724841353, 2.225956724841353, 0.21377394859655396, 0.21377394859655396, 0.21377394859655396, 0.21377394859655396, 0.21377394859655396, 0.21377394859655396, 0.21377394859655396, 0.21377394859655396, 0.21377394859655396, 0.21377394859655396, 0.21377394859655396, 0.21377394859655396, 0.21377394859655396, 0.21377394859655396, 0.21377394859655396, 0.21377394859655396, 0.21377394859655396, 0.21377394859655396, 0.21377394859655396, 0.21377394859655396, 0.21377394859655396, 0.21377394859655396, 0.21377394859655396, 0.21377394859655396, 0.21377394859655396, 0.21377394859655396, 0.21377394859655396, 0.21377394859655396, 0.21377394859655396, 0.21377394859655396, 0.21377394859655396, 0.21377394859655396, 0.21377394859655396, 0.21377394859655396, 0.21377394859655396, 0.21377394859655396, 0.21377394859655396, 0.21377394859655396, 0.21377394859655396, 0.21377394859655396, 0.21377394859655396, 0.21377394859655396, 0.21377394859655396, 0.21377394859655396, 0.21377394859655396, 0.21377394859655396, 0.21377394859655396, 0.21377394859655396, 0.21377394859655396, 0.21377394859655396, 0.21377394859655396, 0.21377394859655396, 0.21377394859655396, 0.21377394859655396, 0.21377394859655396, 0.21377394859655396, 0.21377394859655396, 0.21377394859655396, 0.21377394859655396, 0.21377394859655396, 0.21377394859655396, 0.21377394859655396, 0.21377394859655396, 0.21377394859655396, 0.21377394859655396, 0.21377394859655396, 0.21377394859655396, 0.21377394859655396]","{""elitism_fraction"": 0.2, ""max_iterations"": 140, ""mutation_fraction"": 0.1, ""population_size"": 50}"
schwefel,Schwefel,62,1417,ea,Algoritmo evolutivo,2,"[-500.0, 500.0]","[420.968746, 420.968746]","[420.89894731038873, 422.0116633586762]",0.13793454737697175,1.045250436067604,140,7050,"[249.93751300275585, 249.93751300275585, 249.93751300275585, 249.93751300275585, 249.93751300275585, 249.93751300275585, 217.34386233815394, 217.34386233815394, 101.36347079000552, 101.36347079000552, 91.4130371793899, 15.489086964270882, 15.489086964270882, 15.489086964270882, 15.489086964270882, 15.489086964270882, 15.489086964270882, 15.489086964270882, 15.489086964270882, 15.489086964270882, 7.0237081059831326, 7.0237081059831326, 7.0237081059831326, 7.0237081059831326, 7.0237081059831326, 0.4750368588030369, 0.4750368588030369, 0.4750368588030369, 0.13793454737697175, 0.13793454737697175, 0.13793454737697175, 0.13793454737697175, 0.13793454737697175, 0.13793454737697175, 0.13793454737697175, 0.13793454737697175, 0.13793454737697175, 0.13793454737697175, 0.13793454737697175, 0.13793454737697175, 0.13793454737697175, 0.13793454737697175, 0.13793454737697175, 0.13793454737697175, 0.13793454737697175, 0.13793454737697175, 0.13793454737697175, 0.13793454737697175, 0.13793454737697175, 0.13793454737697175, 0.13793454737697175, 0.13793454737697175, 0.13793454737697175, 0.13793454737697175, 0.13793454737697175, 0.13793454737697175, 0.13793454737697175, 0.13793454737697175, 0.13793454737697175, 0.13793454737697175, 0.13793454737697175, 0.13793454737697175, 0.13793454737697175, 0.13793454737697175, 0.13793454737697175, 0.13793454737697175, 0.13793454737697175, 0.13793454737697175, 0.13793454737697175, 0.13793454737697175, 0.13793454737697175, 0.13793454737697175, 0.13793454737697175, 0.13793454737697175, 0.13793454737697175, 0.13793454737697175, 0.13793454737697175, 0.13793454737697175, 0.13793454737697175, 0.13793454737697175, 0.13793454737697175, 0.13793454737697175, 0.13793454737697175, 0.13793454737697175, 0.13793454737697175, 0.13793454737697175, 0.13793454737697175, 0.13793454737697175, 0.13793454737697175, 0.13793454737697175, 0.13793454737697175, 0.13793454737697175, 0.13793454737697175, 0.13793454737697175, 0.13793454737697175, 0.13793454737697175, 0.13793454737697175, 0.13793454737697175, 0.13793454737697175, 0.13793454737697175, 0.13793454737697175, 0.13793454737697175, 0.13793454737697175, 0.13793454737697175, 0.13793454737697175, 0.13793454737697175, 0.13793454737697175, 0.13793454737697175, 0.13793454737697175, 0.13793454737697175, 0.13793454737697175, 0.13793454737697175, 0.13793454737697175, 0.13793454737697175, 0.13793454737697175, 0.13793454737697175, 0.13793454737697175, 0.13793454737697175, 0.13793454737697175, 0.13793454737697175, 0.13793454737697175, 0.13793454737697175, 0.13793454737697175, 0.13793454737697175, 0.13793454737697175, 0.13793454737697175, 0.13793454737697175, 0.13793454737697175, 0.13793454737697175, 0.13793454737697175, 0.13793454737697175, 0.13793454737697175, 0.13793454737697175, 0.13793454737697175, 0.13793454737697175, 0.13793454737697175, 0.13793454737697175, 0.13793454737697175, 0.13793454737697175, 0.13793454737697175, 0.13793454737697175]","{""elitism_fraction"": 0.2, ""max_iterations"": 140, ""mutation_fraction"": 0.1, ""population_size"": 50}"
schwefel,Schwefel,63,1418,ea,Algoritmo evolutivo,2,"[-500.0, 500.0]","[420.968746, 420.968746]","[421.8605034160987, 422.39011017546795]",0.3554398719521714,1.6779473795297315,140,7050,"[91.04634948398302, 91.04634948398302, 91.04634948398302, 91.04634948398302, 70.17656986425959, 70.17656986425959, 6.003520348323718, 6.003520348323718, 6.003520348323718, 6.003520348323718, 6.003520348323718, 6.003520348323718, 6.003520348323718, 6.003520348323718, 1.7173635629308137, 1.7173635629308137, 1.7173635629308137, 1.7173635629308137, 1.7173635629308137, 1.7173635629308137, 1.7173635629308137, 1.7173635629308137, 1.7173635629308137, 1.7173635629308137, 1.7173635629308137, 1.7173635629308137, 1.7173635629308137, 1.7173635629308137, 1.7173635629308137, 1.7173635629308137, 1.7173635629308137, 1.7173635629308137, 1.7173635629308137, 1.7173635629308137, 1.7173635629308137, 1.7173635629308137, 1.7173635629308137, 1.7173635629308137, 1.7173635629308137, 1.7173635629308137, 1.7173635629308137, 1.7173635629308137, 1.7173635629308137, 1.7173635629308137, 1.7173635629308137, 1.7173635629308137, 1.7173635629308137, 1.7173635629308137, 1.7173635629308137, 1.7173635629308137, 1.7173635629308137, 1.7173635629308137, 1.7173635629308137, 1.7173635629308137, 1.7173635629308137, 1.7173635629308137, 1.7173635629308137, 1.7173635629308137, 1.7173635629308137, 1.7173635629308137, 1.7173635629308137, 1.7173635629308137, 1.7173635629308137, 1.7173635629308137, 1.7173635629308137, 1.7173635629308137, 1.7173635629308137, 1.7173635629308137, 1.7173635629308137, 1.7173635629308137, 1.7173635629308137, 1.7173635629308137, 1.7173635629308137, 1.7173635629308137, 1.7173635629308137, 1.7173635629308137, 1.2799552631745428, 1.2799552631745428, 1.2799552631745428, 1.2799552631745428, 1.2799552631745428, 1.2799552631745428, 1.2799552631745428, 1.2799552631745428, 1.2799552631745428, 1.2799552631745428, 1.2799552631745428, 1.2799552631745428, 1.2799552631745428, 1.2799552631745428, 1.2799552631745428, 1.2799552631745428, 1.2799552631745428, 1.2799552631745428, 1.2799552631745428, 1.2799552631745428, 1.2799552631745428, 1.2799552631745428, 1.2799552631745428, 1.2799552631745428, 1.2799552631745428, 1.2799552631745428, 1.2799552631745428, 1.2799552631745428, 1.2799552631745428, 1.2799552631745428, 1.2799552631745428, 1.2799552631745428, 1.2799552631745428, 1.2799552631745428, 1.2799552631745428, 1.2799552631745428, 1.2799552631745428, 1.2799552631745428, 1.2799552631745428, 1.2799552631745428, 1.2799552631745428, 1.2799552631745428, 1.2799552631745428, 1.2799552631745428, 1.2799552631745428, 1.2799552631745428, 1.2799552631745428, 1.2799552631745428, 1.2799552631745428, 1.2799552631745428, 1.2799552631745428, 1.2799552631745428, 1.2799552631745428, 1.2799552631745428, 0.3554398719521714, 0.3554398719521714, 0.3554398719521714, 0.3554398719521714, 0.3554398719521714, 0.3554398719521714, 0.3554398719521714, 0.3554398719521714, 0.3554398719521714, 0.3554398719521714, 0.3554398719521714]","{""elitism_fraction"": 0.2, ""max_iterations"": 140, ""mutation_fraction"": 0.1, ""population_size"": 50}"
schwefel,Schwefel,64,1419,ea,Algoritmo evolutivo,2,"[-500.0, 500.0]","[420.968746, 420.968746]","[421.2581449320206, 422.4226728295075]",0.27745518244546474,1.4824489763281672,140,7050,"[305.9995236204205, 305.9995236204205, 305.9995236204205, 173.39196535370274, 173.39196535370274, 136.27187245670098, 136.27187245670098, 136.27187245670098, 136.27187245670098, 136.27187245670098, 136.27187245670098, 136.27187245670098, 136.27187245670098, 136.27187245670098, 136.27187245670098, 136.27187245670098, 136.27187245670098, 136.27187245670098, 136.27187245670098, 136.27187245670098, 136.27187245670098, 136.27187245670098, 136.27187245670098, 136.27187245670098, 136.27187245670098, 136.27187245670098, 30.000398987443987, 30.000398987443987, 30.000398987443987, 30.000398987443987, 30.000398987443987, 30.000398987443987, 30.000398987443987, 30.000398987443987, 30.000398987443987, 25.05458598280711, 25.05458598280711, 25.05458598280711, 25.05458598280711, 25.05458598280711, 25.05458598280711, 25.05458598280711, 25.05458598280711, 25.05458598280711, 25.05458598280711, 25.05458598280711, 25.05458598280711, 25.05458598280711, 25.05458598280711, 25.05458598280711, 25.05458598280711, 25.05458598280711, 25.05458598280711, 25.05458598280711, 10.733369782841578, 10.733369782841578, 10.733369782841578, 10.733369782841578, 10.733369782841578, 2.910927592922917, 2.910927592922917, 2.910927592922917, 2.910927592922917, 2.910927592922917, 2.910927592922917, 2.910927592922917, 2.910927592922917, 2.910927592922917, 2.910927592922917, 2.910927592922917, 0.9832173281336054, 0.9832173281336054, 0.9832173281336054, 0.9832173281336054, 0.9832173281336054, 0.9832173281336054, 0.9832173281336054, 0.9832173281336054, 0.9832173281336054, 0.9832173281336054, 0.9832173281336054, 0.9832173281336054, 0.9832173281336054, 0.9832173281336054, 0.27745518244546474, 0.27745518244546474, 0.27745518244546474, 0.27745518244546474, 0.27745518244546474, 0.27745518244546474, 0.27745518244546474, 0.27745518244546474, 0.27745518244546474, 0.27745518244546474, 0.27745518244546474, 0.27745518244546474, 0.27745518244546474, 0.27745518244546474, 0.27745518244546474, 0.27745518244546474, 0.27745518244546474, 0.27745518244546474, 0.27745518244546474, 0.27745518244546474, 0.27745518244546474, 0.27745518244546474, 0.27745518244546474, 0.27745518244546474, 0.27745518244546474, 0.27745518244546474, 0.27745518244546474, 0.27745518244546474, 0.27745518244546474, 0.27745518244546474, 0.27745518244546474, 0.27745518244546474, 0.27745518244546474, 0.27745518244546474, 0.27745518244546474, 0.27745518244546474, 0.27745518244546474, 0.27745518244546474, 0.27745518244546474, 0.27745518244546474, 0.27745518244546474, 0.27745518244546474, 0.27745518244546474, 0.27745518244546474, 0.27745518244546474, 0.27745518244546474, 0.27745518244546474, 0.27745518244546474, 0.27745518244546474, 0.27745518244546474, 0.27745518244546474, 0.27745518244546474, 0.27745518244546474, 0.27745518244546474, 0.27745518244546474, 0.27745518244546474, 0.27745518244546474]","{""elitism_fraction"": 0.2, ""max_iterations"": 140, ""mutation_fraction"": 0.1, ""population_size"": 50}"
schwefel,Schwefel,65,1420,ea,Algoritmo evolutivo,2,"[-500.0, 500.0]","[420.968746, 420.968746]","[422.1727276101691, 422.47300500824986]",0.4686689806475215,1.926750342292987,140,7050,"[271.8870572005901, 260.02596845066023, 173.75458716516414, 173.75458716516414, 173.75458716516414, 22.690246957234876, 22.690246957234876, 22.690246957234876, 22.690246957234876, 22.690246957234876, 22.690246957234876, 22.690246957234876, 22.690246957234876, 22.690246957234876, 22.690246957234876, 22.690246957234876, 22.690246957234876, 22.690246957234876, 22.690246957234876, 22.521179153226512, 22.521179153226512, 1.2808302491321228, 1.1117624451237589, 1.1117624451237589, 1.1117624451237589, 1.1117624451237589, 1.1117624451237589, 1.1117624451237589, 1.1117624451237589, 1.1117624451237589, 1.1117624451237589, 1.1117624451237589, 1.1117624451237589, 1.1117624451237589, 1.1117624451237589, 1.1117624451237589, 1.1117624451237589, 1.1117624451237589, 1.1117624451237589, 1.1117624451237589, 1.1117624451237589, 1.1117624451237589, 1.1117624451237589, 1.1117624451237589, 1.1117624451237589, 1.1117624451237589, 1.1117624451237589, 1.1117624451237589, 1.1117624451237589, 1.1117624451237589, 1.1117624451237589, 1.1117624451237589, 1.1117624451237589, 1.1117624451237589, 1.1117624451237589, 1.1117624451237589, 1.1117624451237589, 1.1117624451237589, 1.1117624451237589, 1.1117624451237589, 1.1117624451237589, 1.1117624451237589, 1.1117624451237589, 1.1117624451237589, 1.1117624451237589, 1.1117624451237589, 1.1117624451237589, 1.1117624451237589, 1.1117624451237589, 1.1117624451237589, 1.1117624451237589, 1.1117624451237589, 1.1117624451237589, 1.1117624451237589, 1.1117624451237589, 1.1117624451237589, 1.1117624451237589, 1.1117624451237589, 1.1117624451237589, 1.1117624451237589, 1.1117624451237589, 1.1117624451237589, 1.1117624451237589, 1.1117624451237589, 1.1117624451237589, 1.1117624451237589, 1.1117624451237589, 1.1117624451237589, 1.1117624451237589, 1.1117624451237589, 1.1117624451237589, 1.1117624451237589, 1.1117624451237589, 1.1117624451237589, 1.1117624451237589, 1.1117624451237589, 1.1117624451237589, 1.1117624451237589, 1.1117624451237589, 1.1117624451237589, 1.1117624451237589, 1.1117624451237589, 1.1117624451237589, 1.1117624451237589, 1.1117624451237589, 1.1117624451237589, 1.1117624451237589, 1.1117624451237589, 1.1117624451237589, 1.1117624451237589, 1.1117624451237589, 1.1117624451237589, 1.1117624451237589, 1.1117624451237589, 1.1117624451237589, 1.1117624451237589, 1.1117624451237589, 1.1117624451237589, 1.1117624451237589, 1.1117624451237589, 1.1117624451237589, 1.1117624451237589, 1.1117624451237589, 1.1117624451237589, 1.1117624451237589, 1.1117624451237589, 1.1117624451237589, 1.1117624451237589, 1.1117624451237589, 1.1117624451237589, 1.1117624451237589, 1.1117624451237589, 0.4686689806475215, 0.4686689806475215, 0.4686689806475215, 0.4686689806475215, 0.4686689806475215, 0.4686689806475215, 0.4686689806475215, 0.4686689806475215, 0.4686689806475215]","{""elitism_fraction"": 0.2, ""max_iterations"": 140, ""mutation_fraction"": 0.1, ""population_size"": 50}"
schwefel,Schwefel,66,1421,ea,Algoritmo evolutivo,2,"[-500.0, 500.0]","[420.968746, 420.968746]","[417.4193747730161, 420.4479188499939]",1.6207319682533807,3.5873802456841277,140,7050,"[281.0562968462119, 168.0610801332714, 118.6998219343925, 52.29920983739248, 52.29920983739248, 52.29920983739248, 52.29920983739248, 52.29920983739248, 52.29920983739248, 52.29920983739248, 52.29920983739248, 52.29920983739248, 52.29920983739248, 52.29920983739248, 52.29920983739248, 52.29920983739248, 52.29920983739248, 52.29920983739248, 52.29920983739248, 52.29920983739248, 52.29920983739248, 52.29920983739248, 52.29920983739248, 52.29920983739248, 52.29920983739248, 52.29920983739248, 52.29920983739248, 52.29920983739248, 52.29920983739248, 52.29920983739248, 52.29920983739248, 31.00674178164104, 31.00674178164104, 31.00674178164104, 31.00674178164104, 31.00674178164104, 31.00674178164104, 31.00674178164104, 31.00674178164104, 31.00674178164104, 31.00674178164104, 7.686991161169203, 7.686991161169203, 7.686991161169203, 7.686991161169203, 7.686991161169203, 7.686991161169203, 7.686991161169203, 7.686991161169203, 7.686991161169203, 7.686991161169203, 7.686991161169203, 7.686991161169203, 7.686991161169203, 7.686991161169203, 7.686991161169203, 7.686991161169203, 7.686991161169203, 7.686991161169203, 7.686991161169203, 7.686991161169203, 7.686991161169203, 7.686991161169203, 7.686991161169203, 7.686991161169203, 7.686991161169203, 7.686991161169203, 7.686991161169203, 7.686991161169203, 7.686991161169203, 7.686991161169203, 7.686991161169203, 7.686991161169203, 7.686991161169203, 7.686991161169203, 7.686991161169203, 7.686991161169203, 5.3575206637467545, 5.3575206637467545, 5.3575206637467545, 5.3575206637467545, 5.3575206637467545, 5.3575206637467545, 5.3575206637467545, 5.3575206637467545, 5.3575206637467545, 5.3575206637467545, 2.7195175435040255, 2.7195175435040255, 2.7195175435040255, 2.7195175435040255, 2.7195175435040255, 2.7195175435040255, 2.7195175435040255, 2.7195175435040255, 2.7195175435040255, 2.7195175435040255, 2.7195175435040255, 2.7195175435040255, 2.7195175435040255, 2.7195175435040255, 2.7195175435040255, 2.7195175435040255, 2.7195175435040255, 2.7195175435040255, 2.7195175435040255, 2.7195175435040255, 2.7195175435040255, 2.7195175435040255, 2.7195175435040255, 2.7195175435040255, 2.7195175435040255, 2.7195175435040255, 2.7195175435040255, 1.6207319682533807, 1.6207319682533807, 1.6207319682533807, 1.6207319682533807, 1.6207319682533807, 1.6207319682533807, 1.6207319682533807, 1.6207319682533807, 1.6207319682533807, 1.6207319682533807, 1.6207319682533807, 1.6207319682533807, 1.6207319682533807, 1.6207319682533807, 1.6207319682533807, 1.6207319682533807, 1.6207319682533807, 1.6207319682533807, 1.6207319682533807, 1.6207319682533807, 1.6207319682533807, 1.6207319682533807, 1.6207319682533807, 1.6207319682533807, 1.6207319682533807, 1.6207319682533807, 1.6207319682533807]","{""elitism_fraction"": 0.2, ""max_iterations"": 140, ""mutation_fraction"": 0.1, ""population_size"": 50}"
schwefel,Schwefel,67,1422,ea,Algoritmo evolutivo,2,"[-500.0, 500.0]","[420.968746, 420.968746]","[420.71201996518437, 421.4620002161373]",0.03904699036559123,0.5560647252698078,140,7050,"[249.28516135742734, 249.28516135742734, 249.28516135742734, 227.82560106314236, 227.82560106314236, 59.03701960287026, 36.16498670388728, 36.16498670388728, 36.16498670388728, 19.79536303496127, 19.79536303496127, 19.79536303496127, 19.79536303496127, 19.79536303496127, 19.79536303496127, 19.79536303496127, 19.79536303496127, 19.79536303496127, 19.79536303496127, 19.79536303496127, 19.79536303496127, 19.79536303496127, 19.79536303496127, 19.79536303496127, 19.79536303496127, 19.79536303496127, 19.79536303496127, 19.79536303496127, 19.79536303496127, 19.79536303496127, 19.79536303496127, 19.79536303496127, 19.79536303496127, 19.79536303496127, 19.79536303496127, 19.79536303496127, 19.79536303496127, 19.79536303496127, 19.79536303496127, 19.79536303496127, 19.79536303496127, 19.79536303496127, 19.79536303496127, 19.79536303496127, 0.515289508962951, 0.515289508962951, 0.515289508962951, 0.515289508962951, 0.515289508962951, 0.515289508962951, 0.515289508962951, 0.515289508962951, 0.515289508962951, 0.515289508962951, 0.515289508962951, 0.515289508962951, 0.515289508962951, 0.515289508962951, 0.515289508962951, 0.515289508962951, 0.515289508962951, 0.5125714544897164, 0.5125714544897164, 0.5125714544897164, 0.5125714544897164, 0.5125714544897164, 0.5125714544897164, 0.5125714544897164, 0.5125714544897164, 0.5125714544897164, 0.5125714544897164, 0.5125714544897164, 0.5125714544897164, 0.5125714544897164, 0.5125714544897164, 0.5125714544897164, 0.5125714544897164, 0.5125714544897164, 0.5125714544897164, 0.5125714544897164, 0.5125714544897164, 0.5125714544897164, 0.5125714544897164, 0.5125714544897164, 0.5125714544897164, 0.5125714544897164, 0.5125714544897164, 0.5125714544897164, 0.5125714544897164, 0.5125714544897164, 0.5125714544897164, 0.5125714544897164, 0.03904699036559123, 0.03904699036559123, 0.03904699036559123, 0.03904699036559123, 0.03904699036559123, 0.03904699036559123, 0.03904699036559123, 0.03904699036559123, 0.03904699036559123, 0.03904699036559123, 0.03904699036559123, 0.03904699036559123, 0.03904699036559123, 0.03904699036559123, 0.03904699036559123, 0.03904699036559123, 0.03904699036559123, 0.03904699036559123, 0.03904699036559123, 0.03904699036559123, 0.03904699036559123, 0.03904699036559123, 0.03904699036559123, 0.03904699036559123, 0.03904699036559123, 0.03904699036559123, 0.03904699036559123, 0.03904699036559123, 0.03904699036559123, 0.03904699036559123, 0.03904699036559123, 0.03904699036559123, 0.03904699036559123, 0.03904699036559123, 0.03904699036559123, 0.03904699036559123, 0.03904699036559123, 0.03904699036559123, 0.03904699036559123, 0.03904699036559123, 0.03904699036559123, 0.03904699036559123, 0.03904699036559123, 0.03904699036559123, 0.03904699036559123, 0.03904699036559123, 0.03904699036559123, 0.03904699036559123, 0.03904699036559123]","{""elitism_fraction"": 0.2, ""max_iterations"": 140, ""mutation_fraction"": 0.1, ""population_size"": 50}"
schwefel,Schwefel,68,1423,ea,Algoritmo evolutivo,2,"[-500.0, 500.0]","[420.968746, 420.968746]","[422.00181775762167, 420.54785749987764]",0.1570887031714392,1.1155197828504693,140,7050,"[243.38484287352253, 197.4525290628958, 197.4525290628958, 8.789721366164144, 8.789721366164144, 8.789721366164144, 8.789721366164144, 8.789721366164144, 8.789721366164144, 7.05694986003482, 7.05694986003482, 7.05694986003482, 7.05694986003482, 7.05694986003482, 7.05694986003482, 7.05694986003482, 7.05694986003482, 7.05694986003482, 7.05694986003482, 7.05694986003482, 7.05694986003482, 7.05694986003482, 7.05694986003482, 7.05694986003482, 7.05694986003482, 7.05694986003482, 7.05694986003482, 7.05694986003482, 7.05694986003482, 7.05694986003482, 7.05694986003482, 7.05694986003482, 7.05694986003482, 7.05694986003482, 7.05694986003482, 7.05694986003482, 7.05694986003482, 7.05694986003482, 7.05694986003482, 7.05694986003482, 7.05694986003482, 7.05694986003482, 7.05694986003482, 7.05694986003482, 1.3585159125838118, 1.3585159125838118, 1.3585159125838118, 1.3585159125838118, 1.3585159125838118, 0.1570887031714392, 0.1570887031714392, 0.1570887031714392, 0.1570887031714392, 0.1570887031714392, 0.1570887031714392, 0.1570887031714392, 0.1570887031714392, 0.1570887031714392, 0.1570887031714392, 0.1570887031714392, 0.1570887031714392, 0.1570887031714392, 0.1570887031714392, 0.1570887031714392, 0.1570887031714392, 0.1570887031714392, 0.1570887031714392, 0.1570887031714392, 0.1570887031714392, 0.1570887031714392, 0.1570887031714392, 0.1570887031714392, 0.1570887031714392, 0.1570887031714392, 0.1570887031714392, 0.1570887031714392, 0.1570887031714392, 0.1570887031714392, 0.1570887031714392, 0.1570887031714392, 0.1570887031714392, 0.1570887031714392, 0.1570887031714392, 0.1570887031714392, 0.1570887031714392, 0.1570887031714392, 0.1570887031714392, 0.1570887031714392, 0.1570887031714392, 0.1570887031714392, 0.1570887031714392, 0.1570887031714392, 0.1570887031714392, 0.1570887031714392, 0.1570887031714392, 0.1570887031714392, 0.1570887031714392, 0.1570887031714392, 0.1570887031714392, 0.1570887031714392, 0.1570887031714392, 0.1570887031714392, 0.1570887031714392, 0.1570887031714392, 0.1570887031714392, 0.1570887031714392, 0.1570887031714392, 0.1570887031714392, 0.1570887031714392, 0.1570887031714392, 0.1570887031714392, 0.1570887031714392, 0.1570887031714392, 0.1570887031714392, 0.1570887031714392, 0.1570887031714392, 0.1570887031714392, 0.1570887031714392, 0.1570887031714392, 0.1570887031714392, 0.1570887031714392, 0.1570887031714392, 0.1570887031714392, 0.1570887031714392, 0.1570887031714392, 0.1570887031714392, 0.1570887031714392, 0.1570887031714392, 0.1570887031714392, 0.1570887031714392, 0.1570887031714392, 0.1570887031714392, 0.1570887031714392, 0.1570887031714392, 0.1570887031714392, 0.1570887031714392, 0.1570887031714392, 0.1570887031714392, 0.1570887031714392, 0.1570887031714392, 0.1570887031714392]","{""elitism_fraction"": 0.2, ""max_iterations"": 140, ""mutation_fraction"": 0.1, ""population_size"": 50}"
schwefel,Schwefel,69,1424,ea,Algoritmo evolutivo,2,"[-500.0, 500.0]","[420.968746, 420.968746]","[423.24708141475867, 419.3541845193581]",0.9841126612134303,2.7924220735619567,140,7050,"[185.19961705502033, 185.19961705502033, 185.19961705502033, 185.19961705502033, 106.2703440357252, 106.2703440357252, 106.2703440357252, 106.2703440357252, 106.2703440357252, 106.2703440357252, 65.19360026214804, 65.19360026214804, 26.229120776212085, 26.229120776212085, 26.229120776212085, 26.229120776212085, 26.229120776212085, 26.229120776212085, 26.229120776212085, 26.229120776212085, 26.229120776212085, 26.229120776212085, 26.229120776212085, 26.229120776212085, 8.851517697461077, 8.851517697461077, 8.851517697461077, 8.851517697461077, 8.851517697461077, 8.851517697461077, 8.851517697461077, 8.851517697461077, 8.851517697461077, 8.851517697461077, 8.851517697461077, 8.851517697461077, 8.851517697461077, 8.851517697461077, 8.851517697461077, 8.851517697461077, 8.851517697461077, 8.851517697461077, 8.851517697461077, 8.851517697461077, 8.851517697461077, 8.851517697461077, 8.851517697461077, 8.851517697461077, 8.851517697461077, 8.851517697461077, 8.851517697461077, 8.851517697461077, 8.851517697461077, 8.851517697461077, 8.851517697461077, 8.851517697461077, 8.851517697461077, 8.851517697461077, 8.851517697461077, 8.851517697461077, 8.851517697461077, 8.851517697461077, 8.851517697461077, 8.851517697461077, 8.851517697461077, 8.851517697461077, 8.851517697461077, 8.851517697461077, 8.851517697461077, 8.851517697461077, 8.851517697461077, 8.851517697461077, 8.851517697461077, 8.851517697461077, 8.851517697461077, 8.851517697461077, 8.851517697461077, 8.851517697461077, 8.851517697461077, 8.851517697461077, 8.851517697461077, 8.851517697461077, 8.851517697461077, 8.851517697461077, 8.851517697461077, 0.9841126612134303, 0.9841126612134303, 0.9841126612134303, 0.9841126612134303, 0.9841126612134303, 0.9841126612134303, 0.9841126612134303, 0.9841126612134303, 0.9841126612134303, 0.9841126612134303, 0.9841126612134303, 0.9841126612134303, 0.9841126612134303, 0.9841126612134303, 0.9841126612134303, 0.9841126612134303, 0.9841126612134303, 0.9841126612134303, 0.9841126612134303, 0.9841126612134303, 0.9841126612134303, 0.9841126612134303, 0.9841126612134303, 0.9841126612134303, 0.9841126612134303, 0.9841126612134303, 0.9841126612134303, 0.9841126612134303, 0.9841126612134303, 0.9841126612134303, 0.9841126612134303, 0.9841126612134303, 0.9841126612134303, 0.9841126612134303, 0.9841126612134303, 0.9841126612134303, 0.9841126612134303, 0.9841126612134303, 0.9841126612134303, 0.9841126612134303, 0.9841126612134303, 0.9841126612134303, 0.9841126612134303, 0.9841126612134303, 0.9841126612134303, 0.9841126612134303, 0.9841126612134303, 0.9841126612134303, 0.9841126612134303, 0.9841126612134303, 0.9841126612134303, 0.9841126612134303, 0.9841126612134303, 0.9841126612134303, 0.9841126612134303, 0.9841126612134303]","{""elitism_fraction"": 0.2, ""max_iterations"": 140, ""mutation_fraction"": 0.1, ""population_size"": 50}"
schwefel,Schwefel,70,1416,ea,Algoritmo evolutivo,2,"[-500.0, 500.0]","[420.968746, 420.968746]","[419.69653998768626, 420.69239022935585]",0.21377394859655396,1.301875819629341,140,7050,"[254.4429182254969, 194.72024752764628, 83.12400856571662, 83.12400856571662, 20.914905074849457, 20.914905074849457, 20.914905074849457, 20.914905074849457, 20.914905074849457, 10.475186254872142, 10.475186254872142, 10.475186254872142, 10.475186254872142, 10.475186254872142, 10.475186254872142, 10.475186254872142, 10.475186254872142, 10.475186254872142, 10.475186254872142, 10.475186254872142, 10.475186254872142, 10.475186254872142, 10.475186254872142, 10.475186254872142, 10.475186254872142, 10.475186254872142, 10.475186254872142, 10.475186254872142, 10.475186254872142, 10.475186254872142, 10.475186254872142, 10.475186254872142, 10.475186254872142, 10.475186254872142, 10.475186254872142, 10.475186254872142, 10.475186254872142, 10.475186254872142, 10.475186254872142, 10.475186254872142, 10.475186254872142, 10.475186254872142, 10.475186254872142, 10.475186254872142, 10.475186254872142, 10.475186254872142, 10.475186254872142, 10.475186254872142, 10.475186254872142, 10.475186254872142, 10.475186254872142, 10.475186254872142, 10.475186254872142, 10.475186254872142, 10.475186254872142, 10.475186254872142, 10.475186254872142, 10.475186254872142, 6.0470242200538, 6.0470242200538, 6.0470242200538, 6.0470242200538, 6.0470242200538, 6.0470242200538, 6.0470242200538, 6.0470242200538, 6.0470242200538, 6.0470242200538, 6.0470242200538, 6.0470242200538, 6.0470242200538, 2.225956724841353, 2.225956724841353, 0.21377394859655396, 0.21377394859655396, 0.21377394859655396, 0.21377394859655396, 0.21377394859655396, 0.21377394859655396, 0.21377394859655396, 0.21377394859655396, 0.21377394859655396, 0.21377394859655396, 0.21377394859655396, 0.21377394859655396, 0.21377394859655396, 0.21377394859655396, 0.21377394859655396, 0.21377394859655396, 0.21377394859655396, 0.21377394859655396, 0.21377394859655396, 0.21377394859655396, 0.21377394859655396, 0.21377394859655396, 0.21377394859655396, 0.21377394859655396, 0.21377394859655396, 0.21377394859655396, 0.21377394859655396, 0.21377394859655396, 0.21377394859655396, 0.21377394859655396, 0.21377394859655396, 0.21377394859655396, 0.21377394859655396, 0.21377394859655396, 0.21377394859655396, 0.21377394859655396, 0.21377394859655396, 0.21377394859655396, 0.21377394859655396, 0.21377394859655396, 0.21377394859655396, 0.21377394859655396, 0.21377394859655396, 0.21377394859655396, 0.21377394859655396, 0.21377394859655396, 0.21377394859655396, 0.21377394859655396, 0.21377394859655396, 0.21377394859655396, 0.21377394859655396, 0.21377394859655396, 0.21377394859655396, 0.21377394859655396, 0.21377394859655396, 0.21377394859655396, 0.21377394859655396, 0.21377394859655396, 0.21377394859655396, 0.21377394859655396, 0.21377394859655396, 0.21377394859655396, 0.21377394859655396, 0.21377394859655396, 0.21377394859655396, 0.21377394859655396, 0.21377394859655396, 0.21377394859655396]","{""elitism_fraction"": 0.2, ""max_iterations"": 140, ""mutation_fraction"": 0.1, ""population_size"": 50}"
schwefel,Schwefel,71,1417,ea,Algoritmo evolutivo,2,"[-500.0, 500.0]","[420.968746, 420.968746]","[420.89894731038873, 422.0116633586762]",0.13793454737697175,1.045250436067604,140,7050,"[249.93751300275585, 249.93751300275585, 249.93751300275585, 249.93751300275585, 249.93751300275585, 249.93751300275585, 217.34386233815394, 217.34386233815394, 101.36347079000552, 101.36347079000552, 91.4130371793899, 15.489086964270882, 15.489086964270882, 15.489086964270882, 15.489086964270882, 15.489086964270882, 15.489086964270882, 15.489086964270882, 15.489086964270882, 15.489086964270882, 7.0237081059831326, 7.0237081059831326, 7.0237081059831326, 7.0237081059831326, 7.0237081059831326, 0.4750368588030369, 0.4750368588030369, 0.4750368588030369, 0.13793454737697175, 0.13793454737697175, 0.13793454737697175, 0.13793454737697175, 0.13793454737697175, 0.13793454737697175, 0.13793454737697175, 0.13793454737697175, 0.13793454737697175, 0.13793454737697175, 0.13793454737697175, 0.13793454737697175, 0.13793454737697175, 0.13793454737697175, 0.13793454737697175, 0.13793454737697175, 0.13793454737697175, 0.13793454737697175, 0.13793454737697175, 0.13793454737697175, 0.13793454737697175, 0.13793454737697175, 0.13793454737697175, 0.13793454737697175, 0.13793454737697175, 0.13793454737697175, 0.13793454737697175, 0.13793454737697175, 0.13793454737697175, 0.13793454737697175, 0.13793454737697175, 0.13793454737697175, 0.13793454737697175, 0.13793454737697175, 0.13793454737697175, 0.13793454737697175, 0.13793454737697175, 0.13793454737697175, 0.13793454737697175, 0.13793454737697175, 0.13793454737697175, 0.13793454737697175, 0.13793454737697175, 0.13793454737697175, 0.13793454737697175, 0.13793454737697175, 0.13793454737697175, 0.13793454737697175, 0.13793454737697175, 0.13793454737697175, 0.13793454737697175, 0.13793454737697175, 0.13793454737697175, 0.13793454737697175, 0.13793454737697175, 0.13793454737697175, 0.13793454737697175, 0.13793454737697175, 0.13793454737697175, 0.13793454737697175, 0.13793454737697175, 0.13793454737697175, 0.13793454737697175, 0.13793454737697175, 0.13793454737697175, 0.13793454737697175, 0.13793454737697175, 0.13793454737697175, 0.13793454737697175, 0.13793454737697175, 0.13793454737697175, 0.13793454737697175, 0.13793454737697175, 0.13793454737697175, 0.13793454737697175, 0.13793454737697175, 0.13793454737697175, 0.13793454737697175, 0.13793454737697175, 0.13793454737697175, 0.13793454737697175, 0.13793454737697175, 0.13793454737697175, 0.13793454737697175, 0.13793454737697175, 0.13793454737697175, 0.13793454737697175, 0.13793454737697175, 0.13793454737697175, 0.13793454737697175, 0.13793454737697175, 0.13793454737697175, 0.13793454737697175, 0.13793454737697175, 0.13793454737697175, 0.13793454737697175, 0.13793454737697175, 0.13793454737697175, 0.13793454737697175, 0.13793454737697175, 0.13793454737697175, 0.13793454737697175, 0.13793454737697175, 0.13793454737697175, 0.13793454737697175, 0.13793454737697175, 0.13793454737697175, 0.13793454737697175, 0.13793454737697175, 0.13793454737697175, 0.13793454737697175, 0.13793454737697175, 0.13793454737697175]","{""elitism_fraction"": 0.2, ""max_iterations"": 140, ""mutation_fraction"": 0.1, ""population_size"": 50}"
schwefel,Schwefel,72,1418,ea,Algoritmo evolutivo,2,"[-500.0, 500.0]","[420.968746, 420.968746]","[421.8605034160987, 422.39011017546795]",0.3554398719521714,1.6779473795297315,140,7050,"[91.04634948398302, 91.04634948398302, 91.04634948398302, 91.04634948398302, 70.17656986425959, 70.17656986425959, 6.003520348323718, 6.003520348323718, 6.003520348323718, 6.003520348323718, 6.003520348323718, 6.003520348323718, 6.003520348323718, 6.003520348323718, 1.7173635629308137, 1.7173635629308137, 1.7173635629308137, 1.7173635629308137, 1.7173635629308137, 1.7173635629308137, 1.7173635629308137, 1.7173635629308137, 1.7173635629308137, 1.7173635629308137, 1.7173635629308137, 1.7173635629308137, 1.7173635629308137, 1.7173635629308137, 1.7173635629308137, 1.7173635629308137, 1.7173635629308137, 1.7173635629308137, 1.7173635629308137, 1.7173635629308137, 1.7173635629308137, 1.7173635629308137, 1.7173635629308137, 1.7173635629308137, 1.7173635629308137, 1.7173635629308137, 1.7173635629308137, 1.7173635629308137, 1.7173635629308137, 1.7173635629308137, 1.7173635629308137, 1.7173635629308137, 1.7173635629308137, 1.7173635629308137, 1.7173635629308137, 1.7173635629308137, 1.7173635629308137, 1.7173635629308137, 1.7173635629308137, 1.7173635629308137, 1.7173635629308137, 1.7173635629308137, 1.7173635629308137, 1.7173635629308137, 1.7173635629308137, 1.7173635629308137, 1.7173635629308137, 1.7173635629308137, 1.7173635629308137, 1.7173635629308137, 1.7173635629308137, 1.7173635629308137, 1.7173635629308137, 1.7173635629308137, 1.7173635629308137, 1.7173635629308137, 1.7173635629308137, 1.7173635629308137, 1.7173635629308137, 1.7173635629308137, 1.7173635629308137, 1.7173635629308137, 1.2799552631745428, 1.2799552631745428, 1.2799552631745428, 1.2799552631745428, 1.2799552631745428, 1.2799552631745428, 1.2799552631745428, 1.2799552631745428, 1.2799552631745428, 1.2799552631745428, 1.2799552631745428, 1.2799552631745428, 1.2799552631745428, 1.2799552631745428, 1.2799552631745428, 1.2799552631745428, 1.2799552631745428, 1.2799552631745428, 1.2799552631745428, 1.2799552631745428, 1.2799552631745428, 1.2799552631745428, 1.2799552631745428, 1.2799552631745428, 1.2799552631745428, 1.2799552631745428, 1.2799552631745428, 1.2799552631745428, 1.2799552631745428, 1.2799552631745428, 1.2799552631745428, 1.2799552631745428, 1.2799552631745428, 1.2799552631745428, 1.2799552631745428, 1.2799552631745428, 1.2799552631745428, 1.2799552631745428, 1.2799552631745428, 1.2799552631745428, 1.2799552631745428, 1.2799552631745428, 1.2799552631745428, 1.2799552631745428, 1.2799552631745428, 1.2799552631745428, 1.2799552631745428, 1.2799552631745428, 1.2799552631745428, 1.2799552631745428, 1.2799552631745428, 1.2799552631745428, 1.2799552631745428, 1.2799552631745428, 0.3554398719521714, 0.3554398719521714, 0.3554398719521714, 0.3554398719521714, 0.3554398719521714, 0.3554398719521714, 0.3554398719521714, 0.3554398719521714, 0.3554398719521714, 0.3554398719521714, 0.3554398719521714]","{""elitism_fraction"": 0.2, ""max_iterations"": 140, ""mutation_fraction"": 0.1, ""population_size"": 50}"
schwefel,Schwefel,73,1419,ea,Algoritmo evolutivo,2,"[-500.0, 500.0]","[420.968746, 420.968746]","[421.2581449320206, 422.4226728295075]",0.27745518244546474,1.4824489763281672,140,7050,"[305.9995236204205, 305.9995236204205, 305.9995236204205, 173.39196535370274, 173.39196535370274, 136.27187245670098, 136.27187245670098, 136.27187245670098, 136.27187245670098, 136.27187245670098, 136.27187245670098, 136.27187245670098, 136.27187245670098, 136.27187245670098, 136.27187245670098, 136.27187245670098, 136.27187245670098, 136.27187245670098, 136.27187245670098, 136.27187245670098, 136.27187245670098, 136.27187245670098, 136.27187245670098, 136.27187245670098, 136.27187245670098, 136.27187245670098, 30.000398987443987, 30.000398987443987, 30.000398987443987, 30.000398987443987, 30.000398987443987, 30.000398987443987, 30.000398987443987, 30.000398987443987, 30.000398987443987, 25.05458598280711, 25.05458598280711, 25.05458598280711, 25.05458598280711, 25.05458598280711, 25.05458598280711, 25.05458598280711, 25.05458598280711, 25.05458598280711, 25.05458598280711, 25.05458598280711, 25.05458598280711, 25.05458598280711, 25.05458598280711, 25.05458598280711, 25.05458598280711, 25.05458598280711, 25.05458598280711, 25.05458598280711, 10.733369782841578, 10.733369782841578, 10.733369782841578, 10.733369782841578, 10.733369782841578, 2.910927592922917, 2.910927592922917, 2.910927592922917, 2.910927592922917, 2.910927592922917, 2.910927592922917, 2.910927592922917, 2.910927592922917, 2.910927592922917, 2.910927592922917, 2.910927592922917, 0.9832173281336054, 0.9832173281336054, 0.9832173281336054, 0.9832173281336054, 0.9832173281336054, 0.9832173281336054, 0.9832173281336054, 0.9832173281336054, 0.9832173281336054, 0.9832173281336054, 0.9832173281336054, 0.9832173281336054, 0.9832173281336054, 0.9832173281336054, 0.27745518244546474, 0.27745518244546474, 0.27745518244546474, 0.27745518244546474, 0.27745518244546474, 0.27745518244546474, 0.27745518244546474, 0.27745518244546474, 0.27745518244546474, 0.27745518244546474, 0.27745518244546474, 0.27745518244546474, 0.27745518244546474, 0.27745518244546474, 0.27745518244546474, 0.27745518244546474, 0.27745518244546474, 0.27745518244546474, 0.27745518244546474, 0.27745518244546474, 0.27745518244546474, 0.27745518244546474, 0.27745518244546474, 0.27745518244546474, 0.27745518244546474, 0.27745518244546474, 0.27745518244546474, 0.27745518244546474, 0.27745518244546474, 0.27745518244546474, 0.27745518244546474, 0.27745518244546474, 0.27745518244546474, 0.27745518244546474, 0.27745518244546474, 0.27745518244546474, 0.27745518244546474, 0.27745518244546474, 0.27745518244546474, 0.27745518244546474, 0.27745518244546474, 0.27745518244546474, 0.27745518244546474, 0.27745518244546474, 0.27745518244546474, 0.27745518244546474, 0.27745518244546474, 0.27745518244546474, 0.27745518244546474, 0.27745518244546474, 0.27745518244546474, 0.27745518244546474, 0.27745518244546474, 0.27745518244546474, 0.27745518244546474, 0.27745518244546474, 0.27745518244546474]","{""elitism_fraction"": 0.2, ""max_iterations"": 140, ""mutation_fraction"": 0.1, ""population_size"": 50}"
schwefel,Schwefel,74,1420,ea,Algoritmo evolutivo,2,"[-500.0, 500.0]","[420.968746, 420.968746]","[422.1727276101691, 422.47300500824986]",0.4686689806475215,1.926750342292987,140,7050,"[271.8870572005901, 260.02596845066023, 173.75458716516414, 173.75458716516414, 173.75458716516414, 22.690246957234876, 22.690246957234876, 22.690246957234876, 22.690246957234876, 22.690246957234876, 22.690246957234876, 22.690246957234876, 22.690246957234876, 22.690246957234876, 22.690246957234876, 22.690246957234876, 22.690246957234876, 22.690246957234876, 22.690246957234876, 22.521179153226512, 22.521179153226512, 1.2808302491321228, 1.1117624451237589, 1.1117624451237589, 1.1117624451237589, 1.1117624451237589, 1.1117624451237589, 1.1117624451237589, 1.1117624451237589, 1.1117624451237589, 1.1117624451237589, 1.1117624451237589, 1.1117624451237589, 1.1117624451237589, 1.1117624451237589, 1.1117624451237589, 1.1117624451237589, 1.1117624451237589, 1.1117624451237589, 1.1117624451237589, 1.1117624451237589, 1.1117624451237589, 1.1117624451237589, 1.1117624451237589, 1.1117624451237589, 1.1117624451237589, 1.1117624451237589, 1.1117624451237589, 1.1117624451237589, 1.1117624451237589, 1.1117624451237589, 1.1117624451237589, 1.1117624451237589, 1.1117624451237589, 1.1117624451237589, 1.1117624451237589, 1.1117624451237589, 1.1117624451237589, 1.1117624451237589, 1.1117624451237589, 1.1117624451237589, 1.1117624451237589, 1.1117624451237589, 1.1117624451237589, 1.1117624451237589, 1.1117624451237589, 1.1117624451237589, 1.1117624451237589, 1.1117624451237589, 1.1117624451237589, 1.1117624451237589, 1.1117624451237589, 1.1117624451237589, 1.1117624451237589, 1.1117624451237589, 1.1117624451237589, 1.1117624451237589, 1.1117624451237589, 1.1117624451237589, 1.1117624451237589, 1.1117624451237589, 1.1117624451237589, 1.1117624451237589, 1.1117624451237589, 1.1117624451237589, 1.1117624451237589, 1.1117624451237589, 1.1117624451237589, 1.1117624451237589, 1.1117624451237589, 1.1117624451237589, 1.1117624451237589, 1.1117624451237589, 1.1117624451237589, 1.1117624451237589, 1.1117624451237589, 1.1117624451237589, 1.1117624451237589, 1.1117624451237589, 1.1117624451237589, 1.1117624451237589, 1.1117624451237589, 1.1117624451237589, 1.1117624451237589, 1.1117624451237589, 1.1117624451237589, 1.1117624451237589, 1.1117624451237589, 1.1117624451237589, 1.1117624451237589, 1.1117624451237589, 1.1117624451237589, 1.1117624451237589, 1.1117624451237589, 1.1117624451237589, 1.1117624451237589, 1.1117624451237589, 1.1117624451237589, 1.1117624451237589, 1.1117624451237589, 1.1117624451237589, 1.1117624451237589, 1.1117624451237589, 1.1117624451237589, 1.1117624451237589, 1.1117624451237589, 1.1117624451237589, 1.1117624451237589, 1.1117624451237589, 1.1117624451237589, 1.1117624451237589, 1.1117624451237589, 0.4686689806475215, 0.4686689806475215, 0.4686689806475215, 0.4686689806475215, 0.4686689806475215, 0.4686689806475215, 0.4686689806475215, 0.4686689806475215, 0.4686689806475215]","{""elitism_fraction"": 0.2, ""max_iterations"": 140, ""mutation_fraction"": 0.1, ""population_size"": 50}"
schwefel,Schwefel,75,1421,ea,Algoritmo evolutivo,2,"[-500.0, 500.0]","[420.968746, 420.968746]","[417.4193747730161, 420.4479188499939]",1.6207319682533807,3.5873802456841277,140,7050,"[281.0562968462119, 168.0610801332714, 118.6998219343925, 52.29920983739248, 52.29920983739248, 52.29920983739248, 52.29920983739248, 52.29920983739248, 52.29920983739248, 52.29920983739248, 52.29920983739248, 52.29920983739248, 52.29920983739248, 52.29920983739248, 52.29920983739248, 52.29920983739248, 52.29920983739248, 52.29920983739248, 52.29920983739248, 52.29920983739248, 52.29920983739248, 52.29920983739248, 52.29920983739248, 52.29920983739248, 52.29920983739248, 52.29920983739248, 52.29920983739248, 52.29920983739248, 52.29920983739248, 52.29920983739248, 52.29920983739248, 31.00674178164104, 31.00674178164104, 31.00674178164104, 31.00674178164104, 31.00674178164104, 31.00674178164104, 31.00674178164104, 31.00674178164104, 31.00674178164104, 31.00674178164104, 7.686991161169203, 7.686991161169203, 7.686991161169203, 7.686991161169203, 7.686991161169203, 7.686991161169203, 7.686991161169203, 7.686991161169203, 7.686991161169203, 7.686991161169203, 7.686991161169203, 7.686991161169203, 7.686991161169203, 7.686991161169203, 7.686991161169203, 7.686991161169203, 7.686991161169203, 7.686991161169203, 7.686991161169203, 7.686991161169203, 7.686991161169203, 7.686991161169203, 7.686991161169203, 7.686991161169203, 7.686991161169203, 7.686991161169203, 7.686991161169203, 7.686991161169203, 7.686991161169203, 7.686991161169203, 7.686991161169203, 7.686991161169203, 7.686991161169203, 7.686991161169203, 7.686991161169203, 7.686991161169203, 5.3575206637467545, 5.3575206637467545, 5.3575206637467545, 5.3575206637467545, 5.3575206637467545, 5.3575206637467545, 5.3575206637467545, 5.3575206637467545, 5.3575206637467545, 5.3575206637467545, 2.7195175435040255, 2.7195175435040255, 2.7195175435040255, 2.7195175435040255, 2.7195175435040255, 2.7195175435040255, 2.7195175435040255, 2.7195175435040255, 2.7195175435040255, 2.7195175435040255, 2.7195175435040255, 2.7195175435040255, 2.7195175435040255, 2.7195175435040255, 2.7195175435040255, 2.7195175435040255, 2.7195175435040255, 2.7195175435040255, 2.7195175435040255, 2.7195175435040255, 2.7195175435040255, 2.7195175435040255, 2.7195175435040255, 2.7195175435040255, 2.7195175435040255, 2.7195175435040255, 2.7195175435040255, 1.6207319682533807, 1.6207319682533807, 1.6207319682533807, 1.6207319682533807, 1.6207319682533807, 1.6207319682533807, 1.6207319682533807, 1.6207319682533807, 1.6207319682533807, 1.6207319682533807, 1.6207319682533807, 1.6207319682533807, 1.6207319682533807, 1.6207319682533807, 1.6207319682533807, 1.6207319682533807, 1.6207319682533807, 1.6207319682533807, 1.6207319682533807, 1.6207319682533807, 1.6207319682533807, 1.6207319682533807, 1.6207319682533807, 1.6207319682533807, 1.6207319682533807, 1.6207319682533807, 1.6207319682533807]","{""elitism_fraction"": 0.2, ""max_iterations"": 140, ""mutation_fraction"": 0.1, ""population_size"": 50}"
schwefel,Schwefel,76,1422,ea,Algoritmo evolutivo,2,"[-500.0, 500.0]","[420.968746, 420.968746]","[420.71201996518437, 421.4620002161373]",0.03904699036559123,0.5560647252698078,140,7050,"[249.28516135742734, 249.28516135742734, 249.28516135742734, 227.82560106314236, 227.82560106314236, 59.03701960287026, 36.16498670388728, 36.16498670388728, 36.16498670388728, 19.79536303496127, 19.79536303496127, 19.79536303496127, 19.79536303496127, 19.79536303496127, 19.79536303496127, 19.79536303496127, 19.79536303496127, 19.79536303496127, 19.79536303496127, 19.79536303496127, 19.79536303496127, 19.79536303496127, 19.79536303496127, 19.79536303496127, 19.79536303496127, 19.79536303496127, 19.79536303496127, 19.79536303496127, 19.79536303496127, 19.79536303496127, 19.79536303496127, 19.79536303496127, 19.79536303496127, 19.79536303496127, 19.79536303496127, 19.79536303496127, 19.79536303496127, 19.79536303496127, 19.79536303496127, 19.79536303496127, 19.79536303496127, 19.79536303496127, 19.79536303496127, 19.79536303496127, 0.515289508962951, 0.515289508962951, 0.515289508962951, 0.515289508962951, 0.515289508962951, 0.515289508962951, 0.515289508962951, 0.515289508962951, 0.515289508962951, 0.515289508962951, 0.515289508962951, 0.515289508962951, 0.515289508962951, 0.515289508962951, 0.515289508962951, 0.515289508962951, 0.515289508962951, 0.5125714544897164, 0.5125714544897164, 0.5125714544897164, 0.5125714544897164, 0.5125714544897164, 0.5125714544897164, 0.5125714544897164, 0.5125714544897164, 0.5125714544897164, 0.5125714544897164, 0.5125714544897164, 0.5125714544897164, 0.5125714544897164, 0.5125714544897164, 0.5125714544897164, 0.5125714544897164, 0.5125714544897164, 0.5125714544897164, 0.5125714544897164, 0.5125714544897164, 0.5125714544897164, 0.5125714544897164, 0.5125714544897164, 0.5125714544897164, 0.5125714544897164, 0.5125714544897164, 0.5125714544897164, 0.5125714544897164, 0.5125714544897164, 0.5125714544897164, 0.5125714544897164, 0.03904699036559123, 0.03904699036559123, 0.03904699036559123, 0.03904699036559123, 0.03904699036559123, 0.03904699036559123, 0.03904699036559123, 0.03904699036559123, 0.03904699036559123, 0.03904699036559123, 0.03904699036559123, 0.03904699036559123, 0.03904699036559123, 0.03904699036559123, 0.03904699036559123, 0.03904699036559123, 0.03904699036559123, 0.03904699036559123, 0.03904699036559123, 0.03904699036559123, 0.03904699036559123, 0.03904699036559123, 0.03904699036559123, 0.03904699036559123, 0.03904699036559123, 0.03904699036559123, 0.03904699036559123, 0.03904699036559123, 0.03904699036559123, 0.03904699036559123, 0.03904699036559123, 0.03904699036559123, 0.03904699036559123, 0.03904699036559123, 0.03904699036559123, 0.03904699036559123, 0.03904699036559123, 0.03904699036559123, 0.03904699036559123, 0.03904699036559123, 0.03904699036559123, 0.03904699036559123, 0.03904699036559123, 0.03904699036559123, 0.03904699036559123, 0.03904699036559123, 0.03904699036559123, 0.03904699036559123, 0.03904699036559123]","{""elitism_fraction"": 0.2, ""max_iterations"": 140, ""mutation_fraction"": 0.1, ""population_size"": 50}"
schwefel,Schwefel,77,1423,ea,Algoritmo evolutivo,2,"[-500.0, 500.0]","[420.968746, 420.968746]","[422.00181775762167, 420.54785749987764]",0.1570887031714392,1.1155197828504693,140,7050,"[243.38484287352253, 197.4525290628958, 197.4525290628958, 8.789721366164144, 8.789721366164144, 8.789721366164144, 8.789721366164144, 8.789721366164144, 8.789721366164144, 7.05694986003482, 7.05694986003482, 7.05694986003482, 7.05694986003482, 7.05694986003482, 7.05694986003482, 7.05694986003482, 7.05694986003482, 7.05694986003482, 7.05694986003482, 7.05694986003482, 7.05694986003482, 7.05694986003482, 7.05694986003482, 7.05694986003482, 7.05694986003482, 7.05694986003482, 7.05694986003482, 7.05694986003482, 7.05694986003482, 7.05694986003482, 7.05694986003482, 7.05694986003482, 7.05694986003482, 7.05694986003482, 7.05694986003482, 7.05694986003482, 7.05694986003482, 7.05694986003482, 7.05694986003482, 7.05694986003482, 7.05694986003482, 7.05694986003482, 7.05694986003482, 7.05694986003482, 1.3585159125838118, 1.3585159125838118, 1.3585159125838118, 1.3585159125838118, 1.3585159125838118, 0.1570887031714392, 0.1570887031714392, 0.1570887031714392, 0.1570887031714392, 0.1570887031714392, 0.1570887031714392, 0.1570887031714392, 0.1570887031714392, 0.1570887031714392, 0.1570887031714392, 0.1570887031714392, 0.1570887031714392, 0.1570887031714392, 0.1570887031714392, 0.1570887031714392, 0.1570887031714392, 0.1570887031714392, 0.1570887031714392, 0.1570887031714392, 0.1570887031714392, 0.1570887031714392, 0.1570887031714392, 0.1570887031714392, 0.1570887031714392, 0.1570887031714392, 0.1570887031714392, 0.1570887031714392, 0.1570887031714392, 0.1570887031714392, 0.1570887031714392, 0.1570887031714392, 0.1570887031714392, 0.1570887031714392, 0.1570887031714392, 0.1570887031714392, 0.1570887031714392, 0.1570887031714392, 0.1570887031714392, 0.1570887031714392, 0.1570887031714392, 0.1570887031714392, 0.1570887031714392, 0.1570887031714392, 0.1570887031714392, 0.1570887031714392, 0.1570887031714392, 0.1570887031714392, 0.1570887031714392, 0.1570887031714392, 0.1570887031714392, 0.1570887031714392, 0.1570887031714392, 0.1570887031714392, 0.1570887031714392, 0.1570887031714392, 0.1570887031714392, 0.1570887031714392, 0.1570887031714392, 0.1570887031714392, 0.1570887031714392, 0.1570887031714392, 0.1570887031714392, 0.1570887031714392, 0.1570887031714392, 0.1570887031714392, 0.1570887031714392, 0.1570887031714392, 0.1570887031714392, 0.1570887031714392, 0.1570887031714392, 0.1570887031714392, 0.1570887031714392, 0.1570887031714392, 0.1570887031714392, 0.1570887031714392, 0.1570887031714392, 0.1570887031714392, 0.1570887031714392, 0.1570887031714392, 0.1570887031714392, 0.1570887031714392, 0.1570887031714392, 0.1570887031714392, 0.1570887031714392, 0.1570887031714392, 0.1570887031714392, 0.1570887031714392, 0.1570887031714392, 0.1570887031714392, 0.1570887031714392, 0.1570887031714392, 0.1570887031714392]","{""elitism_fraction"": 0.2, ""max_iterations"": 140, ""mutation_fraction"": 0.1, ""population_size"": 50}"
schwefel,Schwefel,78,1424,ea,Algoritmo evolutivo,2,"[-500.0, 500.0]","[420.968746, 420.968746]","[423.24708141475867, 419.3541845193581]",0.9841126612134303,2.7924220735619567,140,7050,"[185.19961705502033, 185.19961705502033, 185.19961705502033, 185.19961705502033, 106.2703440357252, 106.2703440357252, 106.2703440357252, 106.2703440357252, 106.2703440357252, 106.2703440357252, 65.19360026214804, 65.19360026214804, 26.229120776212085, 26.229120776212085, 26.229120776212085, 26.229120776212085, 26.229120776212085, 26.229120776212085, 26.229120776212085, 26.229120776212085, 26.229120776212085, 26.229120776212085, 26.229120776212085, 26.229120776212085, 8.851517697461077, 8.851517697461077, 8.851517697461077, 8.851517697461077, 8.851517697461077, 8.851517697461077, 8.851517697461077, 8.851517697461077, 8.851517697461077, 8.851517697461077, 8.851517697461077, 8.851517697461077, 8.851517697461077, 8.851517697461077, 8.851517697461077, 8.851517697461077, 8.851517697461077, 8.851517697461077, 8.851517697461077, 8.851517697461077, 8.851517697461077, 8.851517697461077, 8.851517697461077, 8.851517697461077, 8.851517697461077, 8.851517697461077, 8.851517697461077, 8.851517697461077, 8.851517697461077, 8.851517697461077, 8.851517697461077, 8.851517697461077, 8.851517697461077, 8.851517697461077, 8.851517697461077, 8.851517697461077, 8.851517697461077, 8.851517697461077, 8.851517697461077, 8.851517697461077, 8.851517697461077, 8.851517697461077, 8.851517697461077, 8.851517697461077, 8.851517697461077, 8.851517697461077, 8.851517697461077, 8.851517697461077, 8.851517697461077, 8.851517697461077, 8.851517697461077, 8.851517697461077, 8.851517697461077, 8.851517697461077, 8.851517697461077, 8.851517697461077, 8.851517697461077, 8.851517697461077, 8.851517697461077, 8.851517697461077, 8.851517697461077, 0.9841126612134303, 0.9841126612134303, 0.9841126612134303, 0.9841126612134303, 0.9841126612134303, 0.9841126612134303, 0.9841126612134303, 0.9841126612134303, 0.9841126612134303, 0.9841126612134303, 0.9841126612134303, 0.9841126612134303, 0.9841126612134303, 0.9841126612134303, 0.9841126612134303, 0.9841126612134303, 0.9841126612134303, 0.9841126612134303, 0.9841126612134303, 0.9841126612134303, 0.9841126612134303, 0.9841126612134303, 0.9841126612134303, 0.9841126612134303, 0.9841126612134303, 0.9841126612134303, 0.9841126612134303, 0.9841126612134303, 0.9841126612134303, 0.9841126612134303, 0.9841126612134303, 0.9841126612134303, 0.9841126612134303, 0.9841126612134303, 0.9841126612134303, 0.9841126612134303, 0.9841126612134303, 0.9841126612134303, 0.9841126612134303, 0.9841126612134303, 0.9841126612134303, 0.9841126612134303, 0.9841126612134303, 0.9841126612134303, 0.9841126612134303, 0.9841126612134303, 0.9841126612134303, 0.9841126612134303, 0.9841126612134303, 0.9841126612134303, 0.9841126612134303, 0.9841126612134303, 0.9841126612134303, 0.9841126612134303, 0.9841126612134303, 0.9841126612134303]","{""elitism_fraction"": 0.2, ""max_iterations"": 140, ""mutation_fraction"": 0.1, ""population_size"": 50}"
schwefel,Schwefel,79,1425,ea,Algoritmo evolutivo,2,"[-500.0, 500.0]","[420.968746, 420.968746]","[421.18727914230317, 420.9293963593524]",0.0062474233462808115,0.22204758162157504,140,7050,"[234.27139341929865, 229.7459457102791, 229.7459457102791, 229.7459457102791, 113.06219511457289, 113.06219511457289, 113.06219511457289, 113.06219511457289, 95.02631107291631, 95.02631107291631, 95.02631107291631, 10.402141473576535, 10.402141473576535, 10.402141473576535, 10.402141473576535, 10.402141473576535, 10.402141473576535, 5.9392781068763725, 5.9392781068763725, 4.701046821836599, 4.701046821836599, 4.701046821836599, 4.701046821836599, 4.701046821836599, 4.701046821836599, 4.701046821836599, 4.701046821836599, 4.701046821836599, 4.701046821836599, 4.701046821836599, 4.701046821836599, 4.701046821836599, 4.701046821836599, 4.701046821836599, 4.701046821836599, 4.701046821836599, 4.701046821836599, 4.701046821836599, 4.701046821836599, 4.701046821836599, 4.701046821836599, 4.701046821836599, 4.701046821836599, 4.701046821836599, 4.701046821836599, 0.7143785713078614, 0.7143785713078614, 0.7143785713078614, 0.7143785713078614, 0.7143785713078614, 0.7143785713078614, 0.6396594891900804, 0.6396594891900804, 0.6396594891900804, 0.6396594891900804, 0.6396594891900804, 0.6396594891900804, 0.6396594891900804, 0.6396594891900804, 0.6396594891900804, 0.6396594891900804, 0.6396594891900804, 0.6396594891900804, 0.6396594891900804, 0.6396594891900804, 0.6396594891900804, 0.6396594891900804, 0.6396594891900804, 0.6396594891900804, 0.6396594891900804, 0.6396594891900804, 0.6396594891900804, 0.6396594891900804, 0.6396594891900804, 0.6396594891900804, 0.6396594891900804, 0.6396594891900804, 0.6396594891900804, 0.6396594891900804, 0.6396594891900804, 0.6396594891900804, 0.6396594891900804, 0.6396594891900804, 0.6396594891900804, 0.6396594891900804, 0.6396594891900804, 0.6396594891900804, 0.6396594891900804, 0.6396594891900804, 0.6396594891900804, 0.6396594891900804, 0.6396594891900804, 0.6396594891900804, 0.6396594891900804, 0.6396594891900804, 0.6396594891900804, 0.6396594891900804, 0.6396594891900804, 0.6396594891900804, 0.6396594891900804, 0.6396594891900804, 0.6396594891900804, 0.6396594891900804, 0.6396594891900804, 0.6396594891900804, 0.6396594891900804, 0.6396594891900804, 0.6396594891900804, 0.6396594891900804, 0.6396594891900804, 0.6396594891900804, 0.6396594891900804, 0.6396594891900804, 0.6396594891900804, 0.6396594891900804, 0.6396594891900804, 0.6396594891900804, 0.6396594891900804, 0.6396594891900804, 0.6396594891900804, 0.6396594891900804, 0.6396594891900804, 0.6396594891900804, 0.6396594891900804, 0.6396594891900804, 0.0062474233462808115, 0.0062474233462808115, 0.0062474233462808115, 0.0062474233462808115, 0.0062474233462808115, 0.0062474233462808115, 0.0062474233462808115, 0.0062474233462808115, 0.0062474233462808115, 0.0062474233462808115, 0.0062474233462808115, 0.0062474233462808115, 0.0062474233462808115, 0.0062474233462808115, 0.0062474233462808115, 0.0062474233462808115]","{""elitism_fraction"": 0.2, ""max_iterations"": 140, ""mutation_fraction"": 0.1, ""population_size"": 50}"
schwefel,Schwefel,80,1417,ea,Algoritmo evolutivo,2,"[-500.0, 500.0]","[420.968746, 420.968746]","[420.89894731038873, 422.0116633586762]",0.13793454737697175,1.045250436067604,140,7050,"[249.93751300275585, 249.93751300275585, 249.93751300275585, 249.93751300275585, 249.93751300275585, 249.93751300275585, 217.34386233815394, 217.34386233815394, 101.36347079000552, 101.36347079000552, 91.4130371793899, 15.489086964270882, 15.489086964270882, 15.489086964270882, 15.489086964270882, 15.489086964270882, 15.489086964270882, 15.489086964270882, 15.489086964270882, 15.489086964270882, 7.0237081059831326, 7.0237081059831326, 7.0237081059831326, 7.0237081059831326, 7.0237081059831326, 0.4750368588030369, 0.4750368588030369, 0.4750368588030369, 0.13793454737697175, 0.13793454737697175, 0.13793454737697175, 0.13793454737697175, 0.13793454737697175, 0.13793454737697175, 0.13793454737697175, 0.13793454737697175, 0.13793454737697175, 0.13793454737697175, 0.13793454737697175, 0.13793454737697175, 0.13793454737697175, 0.13793454737697175, 0.13793454737697175, 0.13793454737697175, 0.13793454737697175, 0.13793454737697175, 0.13793454737697175, 0.13793454737697175, 0.13793454737697175, 0.13793454737697175, 0.13793454737697175, 0.13793454737697175, 0.13793454737697175, 0.13793454737697175, 0.13793454737697175, 0.13793454737697175, 0.13793454737697175, 0.13793454737697175, 0.13793454737697175, 0.13793454737697175, 0.13793454737697175, 0.13793454737697175, 0.13793454737697175, 0.13793454737697175, 0.13793454737697175, 0.13793454737697175, 0.13793454737697175, 0.13793454737697175, 0.13793454737697175, 0.13793454737697175, 0.13793454737697175, 0.13793454737697175, 0.13793454737697175, 0.13793454737697175, 0.13793454737697175, 0.13793454737697175, 0.13793454737697175, 0.13793454737697175, 0.13793454737697175, 0.13793454737697175, 0.13793454737697175, 0.13793454737697175, 0.13793454737697175, 0.13793454737697175, 0.13793454737697175, 0.13793454737697175, 0.13793454737697175, 0.13793454737697175, 0.13793454737697175, 0.13793454737697175, 0.13793454737697175, 0.13793454737697175, 0.13793454737697175, 0.13793454737697175, 0.13793454737697175, 0.13793454737697175, 0.13793454737697175, 0.13793454737697175, 0.13793454737697175, 0.13793454737697175, 0.13793454737697175, 0.13793454737697175, 0.13793454737697175, 0.13793454737697175, 0.13793454737697175, 0.13793454737697175, 0.13793454737697175, 0.13793454737697175, 0.13793454737697175, 0.13793454737697175, 0.13793454737697175, 0.13793454737697175, 0.13793454737697175, 0.13793454737697175, 0.13793454737697175, 0.13793454737697175, 0.13793454737697175, 0.13793454737697175, 0.13793454737697175, 0.13793454737697175, 0.13793454737697175, 0.13793454737697175, 0.13793454737697175, 0.13793454737697175, 0.13793454737697175, 0.13793454737697175, 0.13793454737697175, 0.13793454737697175, 0.13793454737697175, 0.13793454737697175, 0.13793454737697175, 0.13793454737697175, 0.13793454737697175, 0.13793454737697175, 0.13793454737697175, 0.13793454737697175, 0.13793454737697175, 0.13793454737697175, 0.13793454737697175, 0.13793454737697175, 0.13793454737697175]","{""elitism_fraction"": 0.2, ""max_iterations"": 140, ""mutation_fraction"": 0.1, ""population_size"": 50}"
schwefel,Schwefel,81,1418,ea,Algoritmo evolutivo,2,"[-500.0, 500.0]","[420.968746, 420.968746]","[421.8605034160987, 422.39011017546795]",0.3554398719521714,1.6779473795297315,140,7050,"[91.04634948398302, 91.04634948398302, 91.04634948398302, 91.04634948398302, 70.17656986425959, 70.17656986425959, 6.003520348323718, 6.003520348323718, 6.003520348323718, 6.003520348323718, 6.003520348323718, 6.003520348323718, 6.003520348323718, 6.003520348323718, 1.7173635629308137, 1.7173635629308137, 1.7173635629308137, 1.7173635629308137, 1.7173635629308137, 1.7173635629308137, 1.7173635629308137, 1.7173635629308137, 1.7173635629308137, 1.7173635629308137, 1.7173635629308137, 1.7173635629308137, 1.7173635629308137, 1.7173635629308137, 1.7173635629308137, 1.7173635629308137, 1.7173635629308137, 1.7173635629308137, 1.7173635629308137, 1.7173635629308137, 1.7173635629308137, 1.7173635629308137, 1.7173635629308137, 1.7173635629308137, 1.7173635629308137, 1.7173635629308137, 1.7173635629308137, 1.7173635629308137, 1.7173635629308137, 1.7173635629308137, 1.7173635629308137, 1.7173635629308137, 1.7173635629308137, 1.7173635629308137, 1.7173635629308137, 1.7173635629308137, 1.7173635629308137, 1.7173635629308137, 1.7173635629308137, 1.7173635629308137, 1.7173635629308137, 1.7173635629308137, 1.7173635629308137, 1.7173635629308137, 1.7173635629308137, 1.7173635629308137, 1.7173635629308137, 1.7173635629308137, 1.7173635629308137, 1.7173635629308137, 1.7173635629308137, 1.7173635629308137, 1.7173635629308137, 1.7173635629308137, 1.7173635629308137, 1.7173635629308137, 1.7173635629308137, 1.7173635629308137, 1.7173635629308137, 1.7173635629308137, 1.7173635629308137, 1.7173635629308137, 1.2799552631745428, 1.2799552631745428, 1.2799552631745428, 1.2799552631745428, 1.2799552631745428, 1.2799552631745428, 1.2799552631745428, 1.2799552631745428, 1.2799552631745428, 1.2799552631745428, 1.2799552631745428, 1.2799552631745428, 1.2799552631745428, 1.2799552631745428, 1.2799552631745428, 1.2799552631745428, 1.2799552631745428, 1.2799552631745428, 1.2799552631745428, 1.2799552631745428, 1.2799552631745428, 1.2799552631745428, 1.2799552631745428, 1.2799552631745428, 1.2799552631745428, 1.2799552631745428, 1.2799552631745428, 1.2799552631745428, 1.2799552631745428, 1.2799552631745428, 1.2799552631745428, 1.2799552631745428, 1.2799552631745428, 1.2799552631745428, 1.2799552631745428, 1.2799552631745428, 1.2799552631745428, 1.2799552631745428, 1.2799552631745428, 1.2799552631745428, 1.2799552631745428, 1.2799552631745428, 1.2799552631745428, 1.2799552631745428, 1.2799552631745428, 1.2799552631745428, 1.2799552631745428, 1.2799552631745428, 1.2799552631745428, 1.2799552631745428, 1.2799552631745428, 1.2799552631745428, 1.2799552631745428, 1.2799552631745428, 0.3554398719521714, 0.3554398719521714, 0.3554398719521714, 0.3554398719521714, 0.3554398719521714, 0.3554398719521714, 0.3554398719521714, 0.3554398719521714, 0.3554398719521714, 0.3554398719521714, 0.3554398719521714]","{""elitism_fraction"": 0.2, ""max_iterations"": 140, ""mutation_fraction"": 0.1, ""population_size"": 50}"
schwefel,Schwefel,82,1419,ea,Algoritmo evolutivo,2,"[-500.0, 500.0]","[420.968746, 420.968746]","[421.2581449320206, 422.4226728295075]",0.27745518244546474,1.4824489763281672,140,7050,"[305.9995236204205, 305.9995236204205, 305.9995236204205, 173.39196535370274, 173.39196535370274, 136.27187245670098, 136.27187245670098, 136.27187245670098, 136.27187245670098, 136.27187245670098, 136.27187245670098, 136.27187245670098, 136.27187245670098, 136.27187245670098, 136.27187245670098, 136.27187245670098, 136.27187245670098, 136.27187245670098, 136.27187245670098, 136.27187245670098, 136.27187245670098, 136.27187245670098, 136.27187245670098, 136.27187245670098, 136.27187245670098, 136.27187245670098, 30.000398987443987, 30.000398987443987, 30.000398987443987, 30.000398987443987, 30.000398987443987, 30.000398987443987, 30.000398987443987, 30.000398987443987, 30.000398987443987, 25.05458598280711, 25.05458598280711, 25.05458598280711, 25.05458598280711, 25.05458598280711, 25.05458598280711, 25.05458598280711, 25.05458598280711, 25.05458598280711, 25.05458598280711, 25.05458598280711, 25.05458598280711, 25.05458598280711, 25.05458598280711, 25.05458598280711, 25.05458598280711, 25.05458598280711, 25.05458598280711, 25.05458598280711, 10.733369782841578, 10.733369782841578, 10.733369782841578, 10.733369782841578, 10.733369782841578, 2.910927592922917, 2.910927592922917, 2.910927592922917, 2.910927592922917, 2.910927592922917, 2.910927592922917, 2.910927592922917, 2.910927592922917, 2.910927592922917, 2.910927592922917, 2.910927592922917, 0.9832173281336054, 0.9832173281336054, 0.9832173281336054, 0.9832173281336054, 0.9832173281336054, 0.9832173281336054, 0.9832173281336054, 0.9832173281336054, 0.9832173281336054, 0.9832173281336054, 0.9832173281336054, 0.9832173281336054, 0.9832173281336054, 0.9832173281336054, 0.27745518244546474, 0.27745518244546474, 0.27745518244546474, 0.27745518244546474, 0.27745518244546474, 0.27745518244546474, 0.27745518244546474, 0.27745518244546474, 0.27745518244546474, 0.27745518244546474, 0.27745518244546474, 0.27745518244546474, 0.27745518244546474, 0.27745518244546474, 0.27745518244546474, 0.27745518244546474, 0.27745518244546474, 0.27745518244546474, 0.27745518244546474, 0.27745518244546474, 0.27745518244546474, 0.27745518244546474, 0.27745518244546474, 0.27745518244546474, 0.27745518244546474, 0.27745518244546474, 0.27745518244546474, 0.27745518244546474, 0.27745518244546474, 0.27745518244546474, 0.27745518244546474, 0.27745518244546474, 0.27745518244546474, 0.27745518244546474, 0.27745518244546474, 0.27745518244546474, 0.27745518244546474, 0.27745518244546474, 0.27745518244546474, 0.27745518244546474, 0.27745518244546474, 0.27745518244546474, 0.27745518244546474, 0.27745518244546474, 0.27745518244546474, 0.27745518244546474, 0.27745518244546474, 0.27745518244546474, 0.27745518244546474, 0.27745518244546474, 0.27745518244546474, 0.27745518244546474, 0.27745518244546474, 0.27745518244546474, 0.27745518244546474, 0.27745518244546474, 0.27745518244546474]","{""elitism_fraction"": 0.2, ""max_iterations"": 140, ""mutation_fraction"": 0.1, ""population_size"": 50}"
schwefel,Schwefel,83,1420,ea,Algoritmo evolutivo,2,"[-500.0, 500.0]","[420.968746, 420.968746]","[422.1727276101691, 422.47300500824986]",0.4686689806475215,1.926750342292987,140,7050,"[271.8870572005901, 260.02596845066023, 173.75458716516414, 173.75458716516414, 173.75458716516414, 22.690246957234876, 22.690246957234876, 22.690246957234876, 22.690246957234876, 22.690246957234876, 22.690246957234876, 22.690246957234876, 22.690246957234876, 22.690246957234876, 22.690246957234876, 22.690246957234876, 22.690246957234876, 22.690246957234876, 22.690246957234876, 22.521179153226512, 22.521179153226512, 1.2808302491321228, 1.1117624451237589, 1.1117624451237589, 1.1117624451237589, 1.1117624451237589, 1.1117624451237589, 1.1117624451237589, 1.1117624451237589, 1.1117624451237589, 1.1117624451237589, 1.1117624451237589, 1.1117624451237589, 1.1117624451237589, 1.1117624451237589, 1.1117624451237589, 1.1117624451237589, 1.1117624451237589, 1.1117624451237589, 1.1117624451237589, 1.1117624451237589, 1.1117624451237589, 1.1117624451237589, 1.1117624451237589, 1.1117624451237589, 1.1117624451237589, 1.1117624451237589, 1.1117624451237589, 1.1117624451237589, 1.1117624451237589, 1.1117624451237589, 1.1117624451237589, 1.1117624451237589, 1.1117624451237589, 1.1117624451237589, 1.1117624451237589, 1.1117624451237589, 1.1117624451237589, 1.1117624451237589, 1.1117624451237589, 1.1117624451237589, 1.1117624451237589, 1.1117624451237589, 1.1117624451237589, 1.1117624451237589, 1.1117624451237589, 1.1117624451237589, 1.1117624451237589, 1.1117624451237589, 1.1117624451237589, 1.1117624451237589, 1.1117624451237589, 1.1117624451237589, 1.1117624451237589, 1.1117624451237589, 1.1117624451237589, 1.1117624451237589, 1.1117624451237589, 1.1117624451237589, 1.1117624451237589, 1.1117624451237589, 1.1117624451237589, 1.1117624451237589, 1.1117624451237589, 1.1117624451237589, 1.1117624451237589, 1.1117624451237589, 1.1117624451237589, 1.1117624451237589, 1.1117624451237589, 1.1117624451237589, 1.1117624451237589, 1.1117624451237589, 1.1117624451237589, 1.1117624451237589, 1.1117624451237589, 1.1117624451237589, 1.1117624451237589, 1.1117624451237589, 1.1117624451237589, 1.1117624451237589, 1.1117624451237589, 1.1117624451237589, 1.1117624451237589, 1.1117624451237589, 1.1117624451237589, 1.1117624451237589, 1.1117624451237589, 1.1117624451237589, 1.1117624451237589, 1.1117624451237589, 1.1117624451237589, 1.1117624451237589, 1.1117624451237589, 1.1117624451237589, 1.1117624451237589, 1.1117624451237589, 1.1117624451237589, 1.1117624451237589, 1.1117624451237589, 1.1117624451237589, 1.1117624451237589, 1.1117624451237589, 1.1117624451237589, 1.1117624451237589, 1.1117624451237589, 1.1117624451237589, 1.1117624451237589, 1.1117624451237589, 1.1117624451237589, 1.1117624451237589, 1.1117624451237589, 0.4686689806475215, 0.4686689806475215, 0.4686689806475215, 0.4686689806475215, 0.4686689806475215, 0.4686689806475215, 0.4686689806475215, 0.4686689806475215, 0.4686689806475215]","{""elitism_fraction"": 0.2, ""max_iterations"": 140, ""mutation_fraction"": 0.1, ""population_size"": 50}"
schwefel,Schwefel,84,1421,ea,Algoritmo evolutivo,2,"[-500.0, 500.0]","[420.968746, 420.968746]","[417.4193747730161, 420.4479188499939]",1.6207319682533807,3.5873802456841277,140,7050,"[281.0562968462119, 168.0610801332714, 118.6998219343925, 52.29920983739248, 52.29920983739248, 52.29920983739248, 52.29920983739248, 52.29920983739248, 52.29920983739248, 52.29920983739248, 52.29920983739248, 52.29920983739248, 52.29920983739248, 52.29920983739248, 52.29920983739248, 52.29920983739248, 52.29920983739248, 52.29920983739248, 52.29920983739248, 52.29920983739248, 52.29920983739248, 52.29920983739248, 52.29920983739248, 52.29920983739248, 52.29920983739248, 52.29920983739248, 52.29920983739248, 52.29920983739248, 52.29920983739248, 52.29920983739248, 52.29920983739248, 31.00674178164104, 31.00674178164104, 31.00674178164104, 31.00674178164104, 31.00674178164104, 31.00674178164104, 31.00674178164104, 31.00674178164104, 31.00674178164104, 31.00674178164104, 7.686991161169203, 7.686991161169203, 7.686991161169203, 7.686991161169203, 7.686991161169203, 7.686991161169203, 7.686991161169203, 7.686991161169203, 7.686991161169203, 7.686991161169203, 7.686991161169203, 7.686991161169203, 7.686991161169203, 7.686991161169203, 7.686991161169203, 7.686991161169203, 7.686991161169203, 7.686991161169203, 7.686991161169203, 7.686991161169203, 7.686991161169203, 7.686991161169203, 7.686991161169203, 7.686991161169203, 7.686991161169203, 7.686991161169203, 7.686991161169203, 7.686991161169203, 7.686991161169203, 7.686991161169203, 7.686991161169203, 7.686991161169203, 7.686991161169203, 7.686991161169203, 7.686991161169203, 7.686991161169203, 5.3575206637467545, 5.3575206637467545, 5.3575206637467545, 5.3575206637467545, 5.3575206637467545, 5.3575206637467545, 5.3575206637467545, 5.3575206637467545, 5.3575206637467545, 5.3575206637467545, 2.7195175435040255, 2.7195175435040255, 2.7195175435040255, 2.7195175435040255, 2.7195175435040255, 2.7195175435040255, 2.7195175435040255, 2.7195175435040255, 2.7195175435040255, 2.7195175435040255, 2.7195175435040255, 2.7195175435040255, 2.7195175435040255, 2.7195175435040255, 2.7195175435040255, 2.7195175435040255, 2.7195175435040255, 2.7195175435040255, 2.7195175435040255, 2.7195175435040255, 2.7195175435040255, 2.7195175435040255, 2.7195175435040255, 2.7195175435040255, 2.7195175435040255, 2.7195175435040255, 2.7195175435040255, 1.6207319682533807, 1.6207319682533807, 1.6207319682533807, 1.6207319682533807, 1.6207319682533807, 1.6207319682533807, 1.6207319682533807, 1.6207319682533807, 1.6207319682533807, 1.6207319682533807, 1.6207319682533807, 1.6207319682533807, 1.6207319682533807, 1.6207319682533807, 1.6207319682533807, 1.6207319682533807, 1.6207319682533807, 1.6207319682533807, 1.6207319682533807, 1.6207319682533807, 1.6207319682533807, 1.6207319682533807, 1.6207319682533807, 1.6207319682533807, 1.6207319682533807, 1.6207319682533807, 1.6207319682533807]","{""elitism_fraction"": 0.2, ""max_iterations"": 140, ""mutation_fraction"": 0.1, ""population_size"": 50}"
schwefel,Schwefel,85,1422,ea,Algoritmo evolutivo,2,"[-500.0, 500.0]","[420.968746, 420.968746]","[420.71201996518437, 421.4620002161373]",0.03904699036559123,0.5560647252698078,140,7050,"[249.28516135742734, 249.28516135742734, 249.28516135742734, 227.82560106314236, 227.82560106314236, 59.03701960287026, 36.16498670388728, 36.16498670388728, 36.16498670388728, 19.79536303496127, 19.79536303496127, 19.79536303496127, 19.79536303496127, 19.79536303496127, 19.79536303496127, 19.79536303496127, 19.79536303496127, 19.79536303496127, 19.79536303496127, 19.79536303496127, 19.79536303496127, 19.79536303496127, 19.79536303496127, 19.79536303496127, 19.79536303496127, 19.79536303496127, 19.79536303496127, 19.79536303496127, 19.79536303496127, 19.79536303496127, 19.79536303496127, 19.79536303496127, 19.79536303496127, 19.79536303496127, 19.79536303496127, 19.79536303496127, 19.79536303496127, 19.79536303496127, 19.79536303496127, 19.79536303496127, 19.79536303496127, 19.79536303496127, 19.79536303496127, 19.79536303496127, 0.515289508962951, 0.515289508962951, 0.515289508962951, 0.515289508962951, 0.515289508962951, 0.515289508962951, 0.515289508962951, 0.515289508962951, 0.515289508962951, 0.515289508962951, 0.515289508962951, 0.515289508962951, 0.515289508962951, 0.515289508962951, 0.515289508962951, 0.515289508962951, 0.515289508962951, 0.5125714544897164, 0.5125714544897164, 0.5125714544897164, 0.5125714544897164, 0.5125714544897164, 0.5125714544897164, 0.5125714544897164, 0.5125714544897164, 0.5125714544897164, 0.5125714544897164, 0.5125714544897164, 0.5125714544897164, 0.5125714544897164, 0.5125714544897164, 0.5125714544897164, 0.5125714544897164, 0.5125714544897164, 0.5125714544897164, 0.5125714544897164, 0.5125714544897164, 0.5125714544897164, 0.5125714544897164, 0.5125714544897164, 0.5125714544897164, 0.5125714544897164, 0.5125714544897164, 0.5125714544897164, 0.5125714544897164, 0.5125714544897164, 0.5125714544897164, 0.5125714544897164, 0.03904699036559123, 0.03904699036559123, 0.03904699036559123, 0.03904699036559123, 0.03904699036559123, 0.03904699036559123, 0.03904699036559123, 0.03904699036559123, 0.03904699036559123, 0.03904699036559123, 0.03904699036559123, 0.03904699036559123, 0.03904699036559123, 0.03904699036559123, 0.03904699036559123, 0.03904699036559123, 0.03904699036559123, 0.03904699036559123, 0.03904699036559123, 0.03904699036559123, 0.03904699036559123, 0.03904699036559123, 0.03904699036559123, 0.03904699036559123, 0.03904699036559123, 0.03904699036559123, 0.03904699036559123, 0.03904699036559123, 0.03904699036559123, 0.03904699036559123, 0.03904699036559123, 0.03904699036559123, 0.03904699036559123, 0.03904699036559123, 0.03904699036559123, 0.03904699036559123, 0.03904699036559123, 0.03904699036559123, 0.03904699036559123, 0.03904699036559123, 0.03904699036559123, 0.03904699036559123, 0.03904699036559123, 0.03904699036559123, 0.03904699036559123, 0.03904699036559123, 0.03904699036559123, 0.03904699036559123, 0.03904699036559123]","{""elitism_fraction"": 0.2, ""max_iterations"": 140, ""mutation_fraction"": 0.1, ""population_size"": 50}"
schwefel,Schwefel,86,1423,ea,Algoritmo evolutivo,2,"[-500.0, 500.0]","[420.968746, 420.968746]","[422.00181775762167, 420.54785749987764]",0.1570887031714392,1.1155197828504693,140,7050,"[243.38484287352253, 197.4525290628958, 197.4525290628958, 8.789721366164144, 8.789721366164144, 8.789721366164144, 8.789721366164144, 8.789721366164144, 8.789721366164144, 7.05694986003482, 7.05694986003482, 7.05694986003482, 7.05694986003482, 7.05694986003482, 7.05694986003482, 7.05694986003482, 7.05694986003482, 7.05694986003482, 7.05694986003482, 7.05694986003482, 7.05694986003482, 7.05694986003482, 7.05694986003482, 7.05694986003482, 7.05694986003482, 7.05694986003482, 7.05694986003482, 7.05694986003482, 7.05694986003482, 7.05694986003482, 7.05694986003482, 7.05694986003482, 7.05694986003482, 7.05694986003482, 7.05694986003482, 7.05694986003482, 7.05694986003482, 7.05694986003482, 7.05694986003482, 7.05694986003482, 7.05694986003482, 7.05694986003482, 7.05694986003482, 7.05694986003482, 1.3585159125838118, 1.3585159125838118, 1.3585159125838118, 1.3585159125838118, 1.3585159125838118, 0.1570887031714392, 0.1570887031714392, 0.1570887031714392, 0.1570887031714392, 0.1570887031714392, 0.1570887031714392, 0.1570887031714392, 0.1570887031714392, 0.1570887031714392, 0.1570887031714392, 0.1570887031714392, 0.1570887031714392, 0.1570887031714392, 0.1570887031714392, 0.1570887031714392, 0.1570887031714392, 0.1570887031714392, 0.1570887031714392, 0.1570887031714392, 0.1570887031714392, 0.1570887031714392, 0.1570887031714392, 0.1570887031714392, 0.1570887031714392, 0.1570887031714392, 0.1570887031714392, 0.1570887031714392, 0.1570887031714392, 0.1570887031714392, 0.1570887031714392, 0.1570887031714392, 0.1570887031714392, 0.1570887031714392, 0.1570887031714392, 0.1570887031714392, 0.1570887031714392, 0.1570887031714392, 0.1570887031714392, 0.1570887031714392, 0.1570887031714392, 0.1570887031714392, 0.1570887031714392, 0.1570887031714392, 0.1570887031714392, 0.1570887031714392, 0.1570887031714392, 0.1570887031714392, 0.1570887031714392, 0.1570887031714392, 0.1570887031714392, 0.1570887031714392, 0.1570887031714392, 0.1570887031714392, 0.1570887031714392, 0.1570887031714392, 0.1570887031714392, 0.1570887031714392, 0.1570887031714392, 0.1570887031714392, 0.1570887031714392, 0.1570887031714392, 0.1570887031714392, 0.1570887031714392, 0.1570887031714392, 0.1570887031714392, 0.1570887031714392, 0.1570887031714392, 0.1570887031714392, 0.1570887031714392, 0.1570887031714392, 0.1570887031714392, 0.1570887031714392, 0.1570887031714392, 0.1570887031714392, 0.1570887031714392, 0.1570887031714392, 0.1570887031714392, 0.1570887031714392, 0.1570887031714392, 0.1570887031714392, 0.1570887031714392, 0.1570887031714392, 0.1570887031714392, 0.1570887031714392, 0.1570887031714392, 0.1570887031714392, 0.1570887031714392, 0.1570887031714392, 0.1570887031714392, 0.1570887031714392, 0.1570887031714392, 0.1570887031714392]","{""elitism_fraction"": 0.2, ""max_iterations"": 140, ""mutation_fraction"": 0.1, ""population_size"": 50}"
schwefel,Schwefel,87,1424,ea,Algoritmo evolutivo,2,"[-500.0, 500.0]","[420.968746, 420.968746]","[423.24708141475867, 419.3541845193581]",0.9841126612134303,2.7924220735619567,140,7050,"[185.19961705502033, 185.19961705502033, 185.19961705502033, 185.19961705502033, 106.2703440357252, 106.2703440357252, 106.2703440357252, 106.2703440357252, 106.2703440357252, 106.2703440357252, 65.19360026214804, 65.19360026214804, 26.229120776212085, 26.229120776212085, 26.229120776212085, 26.229120776212085, 26.229120776212085, 26.229120776212085, 26.229120776212085, 26.229120776212085, 26.229120776212085, 26.229120776212085, 26.229120776212085, 26.229120776212085, 8.851517697461077, 8.851517697461077, 8.851517697461077, 8.851517697461077, 8.851517697461077, 8.851517697461077, 8.851517697461077, 8.851517697461077, 8.851517697461077, 8.851517697461077, 8.851517697461077, 8.851517697461077, 8.851517697461077, 8.851517697461077, 8.851517697461077, 8.851517697461077, 8.851517697461077, 8.851517697461077, 8.851517697461077, 8.851517697461077, 8.851517697461077, 8.851517697461077, 8.851517697461077, 8.851517697461077, 8.851517697461077, 8.851517697461077, 8.851517697461077, 8.851517697461077, 8.851517697461077, 8.851517697461077, 8.851517697461077, 8.851517697461077, 8.851517697461077, 8.851517697461077, 8.851517697461077, 8.851517697461077, 8.851517697461077, 8.851517697461077, 8.851517697461077, 8.851517697461077, 8.851517697461077, 8.851517697461077, 8.851517697461077, 8.851517697461077, 8.851517697461077, 8.851517697461077, 8.851517697461077, 8.851517697461077, 8.851517697461077, 8.851517697461077, 8.851517697461077, 8.851517697461077, 8.851517697461077, 8.851517697461077, 8.851517697461077, 8.851517697461077, 8.851517697461077, 8.851517697461077, 8.851517697461077, 8.851517697461077, 8.851517697461077, 0.9841126612134303, 0.9841126612134303, 0.9841126612134303, 0.9841126612134303, 0.9841126612134303, 0.9841126612134303, 0.9841126612134303, 0.9841126612134303, 0.9841126612134303, 0.9841126612134303, 0.9841126612134303, 0.9841126612134303, 0.9841126612134303, 0.9841126612134303, 0.9841126612134303, 0.9841126612134303, 0.9841126612134303, 0.9841126612134303, 0.9841126612134303, 0.9841126612134303, 0.9841126612134303, 0.9841126612134303, 0.9841126612134303, 0.9841126612134303, 0.9841126612134303, 0.9841126612134303, 0.9841126612134303, 0.9841126612134303, 0.9841126612134303, 0.9841126612134303, 0.9841126612134303, 0.9841126612134303, 0.9841126612134303, 0.9841126612134303, 0.9841126612134303, 0.9841126612134303, 0.9841126612134303, 0.9841126612134303, 0.9841126612134303, 0.9841126612134303, 0.9841126612134303, 0.9841126612134303, 0.9841126612134303, 0.9841126612134303, 0.9841126612134303, 0.9841126612134303, 0.9841126612134303, 0.9841126612134303, 0.9841126612134303, 0.9841126612134303, 0.9841126612134303, 0.9841126612134303, 0.9841126612134303, 0.9841126612134303, 0.9841126612134303, 0.9841126612134303]","{""elitism_fraction"": 0.2, ""max_iterations"": 140, ""mutation_fraction"": 0.1, ""population_size"": 50}"
schwefel,Schwefel,88,1425,ea,Algoritmo evolutivo,2,"[-500.0, 500.0]","[420.968746, 420.968746]","[421.18727914230317, 420.9293963593524]",0.0062474233462808115,0.22204758162157504,140,7050,"[234.27139341929865, 229.7459457102791, 229.7459457102791, 229.7459457102791, 113.06219511457289, 113.06219511457289, 113.06219511457289, 113.06219511457289, 95.02631107291631, 95.02631107291631, 95.02631107291631, 10.402141473576535, 10.402141473576535, 10.402141473576535, 10.402141473576535, 10.402141473576535, 10.402141473576535, 5.9392781068763725, 5.9392781068763725, 4.701046821836599, 4.701046821836599, 4.701046821836599, 4.701046821836599, 4.701046821836599, 4.701046821836599, 4.701046821836599, 4.701046821836599, 4.701046821836599, 4.701046821836599, 4.701046821836599, 4.701046821836599, 4.701046821836599, 4.701046821836599, 4.701046821836599, 4.701046821836599, 4.701046821836599, 4.701046821836599, 4.701046821836599, 4.701046821836599, 4.701046821836599, 4.701046821836599, 4.701046821836599, 4.701046821836599, 4.701046821836599, 4.701046821836599, 0.7143785713078614, 0.7143785713078614, 0.7143785713078614, 0.7143785713078614, 0.7143785713078614, 0.7143785713078614, 0.6396594891900804, 0.6396594891900804, 0.6396594891900804, 0.6396594891900804, 0.6396594891900804, 0.6396594891900804, 0.6396594891900804, 0.6396594891900804, 0.6396594891900804, 0.6396594891900804, 0.6396594891900804, 0.6396594891900804, 0.6396594891900804, 0.6396594891900804, 0.6396594891900804, 0.6396594891900804, 0.6396594891900804, 0.6396594891900804, 0.6396594891900804, 0.6396594891900804, 0.6396594891900804, 0.6396594891900804, 0.6396594891900804, 0.6396594891900804, 0.6396594891900804, 0.6396594891900804, 0.6396594891900804, 0.6396594891900804, 0.6396594891900804, 0.6396594891900804, 0.6396594891900804, 0.6396594891900804, 0.6396594891900804, 0.6396594891900804, 0.6396594891900804, 0.6396594891900804, 0.6396594891900804, 0.6396594891900804, 0.6396594891900804, 0.6396594891900804, 0.6396594891900804, 0.6396594891900804, 0.6396594891900804, 0.6396594891900804, 0.6396594891900804, 0.6396594891900804, 0.6396594891900804, 0.6396594891900804, 0.6396594891900804, 0.6396594891900804, 0.6396594891900804, 0.6396594891900804, 0.6396594891900804, 0.6396594891900804, 0.6396594891900804, 0.6396594891900804, 0.6396594891900804, 0.6396594891900804, 0.6396594891900804, 0.6396594891900804, 0.6396594891900804, 0.6396594891900804, 0.6396594891900804, 0.6396594891900804, 0.6396594891900804, 0.6396594891900804, 0.6396594891900804, 0.6396594891900804, 0.6396594891900804, 0.6396594891900804, 0.6396594891900804, 0.6396594891900804, 0.6396594891900804, 0.6396594891900804, 0.0062474233462808115, 0.0062474233462808115, 0.0062474233462808115, 0.0062474233462808115, 0.0062474233462808115, 0.0062474233462808115, 0.0062474233462808115, 0.0062474233462808115, 0.0062474233462808115, 0.0062474233462808115, 0.0062474233462808115, 0.0062474233462808115, 0.0062474233462808115, 0.0062474233462808115, 0.0062474233462808115, 0.0062474233462808115]","{""elitism_fraction"": 0.2, ""max_iterations"": 140, ""mutation_fraction"": 0.1, ""population_size"": 50}"
schwefel,Schwefel,89,1426,ea,Algoritmo evolutivo,2,"[-500.0, 500.0]","[420.968746, 420.968746]","[421.6337048847913, 420.3320332537646]",0.10697472128094887,0.9206375180718551,140,7050,"[161.44870938449048, 96.26136329967426, 96.26136329967426, 31.860472366548947, 31.860472366548947, 31.860472366548947, 22.631688026628808, 22.631688026628808, 22.631688026628808, 8.40345484314048, 8.40345484314048, 8.40345484314048, 8.40345484314048, 8.40345484314048, 8.40345484314048, 8.40345484314048, 8.40345484314048, 8.40345484314048, 8.40345484314048, 8.40345484314048, 8.40345484314048, 8.40345484314048, 8.40345484314048, 8.40345484314048, 2.86347330502565, 0.8127489380759698, 0.8127489380759698, 0.8127489380759698, 0.8127489380759698, 0.8127489380759698, 0.8127489380759698, 0.8127489380759698, 0.8127489380759698, 0.10697472128094887, 0.10697472128094887, 0.10697472128094887, 0.10697472128094887, 0.10697472128094887, 0.10697472128094887, 0.10697472128094887, 0.10697472128094887, 0.10697472128094887, 0.10697472128094887, 0.10697472128094887, 0.10697472128094887, 0.10697472128094887, 0.10697472128094887, 0.10697472128094887, 0.10697472128094887, 0.10697472128094887, 0.10697472128094887, 0.10697472128094887, 0.10697472128094887, 0.10697472128094887, 0.10697472128094887, 0.10697472128094887, 0.10697472128094887, 0.10697472128094887, 0.10697472128094887, 0.10697472128094887, 0.10697472128094887, 0.10697472128094887, 0.10697472128094887, 0.10697472128094887, 0.10697472128094887, 0.10697472128094887, 0.10697472128094887, 0.10697472128094887, 0.10697472128094887, 0.10697472128094887, 0.10697472128094887, 0.10697472128094887, 0.10697472128094887, 0.10697472128094887, 0.10697472128094887, 0.10697472128094887, 0.10697472128094887, 0.10697472128094887, 0.10697472128094887, 0.10697472128094887, 0.10697472128094887, 0.10697472128094887, 0.10697472128094887, 0.10697472128094887, 0.10697472128094887, 0.10697472128094887, 0.10697472128094887, 0.10697472128094887, 0.10697472128094887, 0.10697472128094887, 0.10697472128094887, 0.10697472128094887, 0.10697472128094887, 0.10697472128094887, 0.10697472128094887, 0.10697472128094887, 0.10697472128094887, 0.10697472128094887, 0.10697472128094887, 0.10697472128094887, 0.10697472128094887, 0.10697472128094887, 0.10697472128094887, 0.10697472128094887, 0.10697472128094887, 0.10697472128094887, 0.10697472128094887, 0.10697472128094887, 0.10697472128094887, 0.10697472128094887, 0.10697472128094887, 0.10697472128094887, 0.10697472128094887, 0.10697472128094887, 0.10697472128094887, 0.10697472128094887, 0.10697472128094887, 0.10697472128094887, 0.10697472128094887, 0.10697472128094887, 0.10697472128094887, 0.10697472128094887, 0.10697472128094887, 0.10697472128094887, 0.10697472128094887, 0.10697472128094887, 0.10697472128094887, 0.10697472128094887, 0.10697472128094887, 0.10697472128094887, 0.10697472128094887, 0.10697472128094887, 0.10697472128094887, 0.10697472128094887, 0.10697472128094887, 0.10697472128094887, 0.10697472128094887, 0.10697472128094887, 0.10697472128094887, 0.10697472128094887, 0.10697472128094887]","{""elitism_fraction"": 0.2, ""max_iterations"": 140, ""mutation_fraction"": 0.1, ""population_size"": 50}"
schwefel,Schwefel,90,1418,ea,Algoritmo evolutivo,2,"[-500.0, 500.0]","[420.968746, 420.968746]","[421.8605034160987, 422.39011017546795]",0.3554398719521714,1.6779473795297315,140,7050,"[91.04634948398302, 91.04634948398302, 91.04634948398302, 91.04634948398302, 70.17656986425959, 70.17656986425959, 6.003520348323718, 6.003520348323718, 6.003520348323718, 6.003520348323718, 6.003520348323718, 6.003520348323718, 6.003520348323718, 6.003520348323718, 1.7173635629308137, 1.7173635629308137, 1.7173635629308137, 1.7173635629308137, 1.7173635629308137, 1.7173635629308137, 1.7173635629308137, 1.7173635629308137, 1.7173635629308137, 1.7173635629308137, 1.7173635629308137, 1.7173635629308137, 1.7173635629308137, 1.7173635629308137, 1.7173635629308137, 1.7173635629308137, 1.7173635629308137, 1.7173635629308137, 1.7173635629308137, 1.7173635629308137, 1.7173635629308137, 1.7173635629308137, 1.7173635629308137, 1.7173635629308137, 1.7173635629308137, 1.7173635629308137, 1.7173635629308137, 1.7173635629308137, 1.7173635629308137, 1.7173635629308137, 1.7173635629308137, 1.7173635629308137, 1.7173635629308137, 1.7173635629308137, 1.7173635629308137, 1.7173635629308137, 1.7173635629308137, 1.7173635629308137, 1.7173635629308137, 1.7173635629308137, 1.7173635629308137, 1.7173635629308137, 1.7173635629308137, 1.7173635629308137, 1.7173635629308137, 1.7173635629308137, 1.7173635629308137, 1.7173635629308137, 1.7173635629308137, 1.7173635629308137, 1.7173635629308137, 1.7173635629308137, 1.7173635629308137, 1.7173635629308137, 1.7173635629308137, 1.7173635629308137, 1.7173635629308137, 1.7173635629308137, 1.7173635629308137, 1.7173635629308137, 1.7173635629308137, 1.7173635629308137, 1.2799552631745428, 1.2799552631745428, 1.2799552631745428, 1.2799552631745428, 1.2799552631745428, 1.2799552631745428, 1.2799552631745428, 1.2799552631745428, 1.2799552631745428, 1.2799552631745428, 1.2799552631745428, 1.2799552631745428, 1.2799552631745428, 1.2799552631745428, 1.2799552631745428, 1.2799552631745428, 1.2799552631745428, 1.2799552631745428, 1.2799552631745428, 1.2799552631745428, 1.2799552631745428, 1.2799552631745428, 1.2799552631745428, 1.2799552631745428, 1.2799552631745428, 1.2799552631745428, 1.2799552631745428, 1.2799552631745428, 1.2799552631745428, 1.2799552631745428, 1.2799552631745428, 1.2799552631745428, 1.2799552631745428, 1.2799552631745428, 1.2799552631745428, 1.2799552631745428, 1.2799552631745428, 1.2799552631745428, 1.2799552631745428, 1.2799552631745428, 1.2799552631745428, 1.2799552631745428, 1.2799552631745428, 1.2799552631745428, 1.2799552631745428, 1.2799552631745428, 1.2799552631745428, 1.2799552631745428, 1.2799552631745428, 1.2799552631745428, 1.2799552631745428, 1.2799552631745428, 1.2799552631745428, 1.2799552631745428, 0.3554398719521714, 0.3554398719521714, 0.3554398719521714, 0.3554398719521714, 0.3554398719521714, 0.3554398719521714, 0.3554398719521714, 0.3554398719521714, 0.3554398719521714, 0.3554398719521714, 0.3554398719521714]","{""elitism_fraction"": 0.2, ""max_iterations"": 140, ""mutation_fraction"": 0.1, ""population_size"": 50}"
schwefel,Schwefel,91,1419,ea,Algoritmo evolutivo,2,"[-500.0, 500.0]","[420.968746, 420.968746]","[421.2581449320206, 422.4226728295075]",0.27745518244546474,1.4824489763281672,140,7050,"[305.9995236204205, 305.9995236204205, 305.9995236204205, 173.39196535370274, 173.39196535370274, 136.27187245670098, 136.27187245670098, 136.27187245670098, 136.27187245670098, 136.27187245670098, 136.27187245670098, 136.27187245670098, 136.27187245670098, 136.27187245670098, 136.27187245670098, 136.27187245670098, 136.27187245670098, 136.27187245670098, 136.27187245670098, 136.27187245670098, 136.27187245670098, 136.27187245670098, 136.27187245670098, 136.27187245670098, 136.27187245670098, 136.27187245670098, 30.000398987443987, 30.000398987443987, 30.000398987443987, 30.000398987443987, 30.000398987443987, 30.000398987443987, 30.000398987443987, 30.000398987443987, 30.000398987443987, 25.05458598280711, 25.05458598280711, 25.05458598280711, 25.05458598280711, 25.05458598280711, 25.05458598280711, 25.05458598280711, 25.05458598280711, 25.05458598280711, 25.05458598280711, 25.05458598280711, 25.05458598280711, 25.05458598280711, 25.05458598280711, 25.05458598280711, 25.05458598280711, 25.05458598280711, 25.05458598280711, 25.05458598280711, 10.733369782841578, 10.733369782841578, 10.733369782841578, 10.733369782841578, 10.733369782841578, 2.910927592922917, 2.910927592922917, 2.910927592922917, 2.910927592922917, 2.910927592922917, 2.910927592922917, 2.910927592922917, 2.910927592922917, 2.910927592922917, 2.910927592922917, 2.910927592922917, 0.9832173281336054, 0.9832173281336054, 0.9832173281336054, 0.9832173281336054, 0.9832173281336054, 0.9832173281336054, 0.9832173281336054, 0.9832173281336054, 0.9832173281336054, 0.9832173281336054, 0.9832173281336054, 0.9832173281336054, 0.9832173281336054, 0.9832173281336054, 0.27745518244546474, 0.27745518244546474, 0.27745518244546474, 0.27745518244546474, 0.27745518244546474, 0.27745518244546474, 0.27745518244546474, 0.27745518244546474, 0.27745518244546474, 0.27745518244546474, 0.27745518244546474, 0.27745518244546474, 0.27745518244546474, 0.27745518244546474, 0.27745518244546474, 0.27745518244546474, 0.27745518244546474, 0.27745518244546474, 0.27745518244546474, 0.27745518244546474, 0.27745518244546474, 0.27745518244546474, 0.27745518244546474, 0.27745518244546474, 0.27745518244546474, 0.27745518244546474, 0.27745518244546474, 0.27745518244546474, 0.27745518244546474, 0.27745518244546474, 0.27745518244546474, 0.27745518244546474, 0.27745518244546474, 0.27745518244546474, 0.27745518244546474, 0.27745518244546474, 0.27745518244546474, 0.27745518244546474, 0.27745518244546474, 0.27745518244546474, 0.27745518244546474, 0.27745518244546474, 0.27745518244546474, 0.27745518244546474, 0.27745518244546474, 0.27745518244546474, 0.27745518244546474, 0.27745518244546474, 0.27745518244546474, 0.27745518244546474, 0.27745518244546474, 0.27745518244546474, 0.27745518244546474, 0.27745518244546474, 0.27745518244546474, 0.27745518244546474, 0.27745518244546474]","{""elitism_fraction"": 0.2, ""max_iterations"": 140, ""mutation_fraction"": 0.1, ""population_size"": 50}"
schwefel,Schwefel,92,1420,ea,Algoritmo evolutivo,2,"[-500.0, 500.0]","[420.968746, 420.968746]","[422.1727276101691, 422.47300500824986]",0.4686689806475215,1.926750342292987,140,7050,"[271.8870572005901, 260.02596845066023, 173.75458716516414, 173.75458716516414, 173.75458716516414, 22.690246957234876, 22.690246957234876, 22.690246957234876, 22.690246957234876, 22.690246957234876, 22.690246957234876, 22.690246957234876, 22.690246957234876, 22.690246957234876, 22.690246957234876, 22.690246957234876, 22.690246957234876, 22.690246957234876, 22.690246957234876, 22.521179153226512, 22.521179153226512, 1.2808302491321228, 1.1117624451237589, 1.1117624451237589, 1.1117624451237589, 1.1117624451237589, 1.1117624451237589, 1.1117624451237589, 1.1117624451237589, 1.1117624451237589, 1.1117624451237589, 1.1117624451237589, 1.1117624451237589, 1.1117624451237589, 1.1117624451237589, 1.1117624451237589, 1.1117624451237589, 1.1117624451237589, 1.1117624451237589, 1.1117624451237589, 1.1117624451237589, 1.1117624451237589, 1.1117624451237589, 1.1117624451237589, 1.1117624451237589, 1.1117624451237589, 1.1117624451237589, 1.1117624451237589, 1.1117624451237589, 1.1117624451237589, 1.1117624451237589, 1.1117624451237589, 1.1117624451237589, 1.1117624451237589, 1.1117624451237589, 1.1117624451237589, 1.1117624451237589, 1.1117624451237589, 1.1117624451237589, 1.1117624451237589, 1.1117624451237589, 1.1117624451237589, 1.1117624451237589, 1.1117624451237589, 1.1117624451237589, 1.1117624451237589, 1.1117624451237589, 1.1117624451237589, 1.1117624451237589, 1.1117624451237589, 1.1117624451237589, 1.1117624451237589, 1.1117624451237589, 1.1117624451237589, 1.1117624451237589, 1.1117624451237589, 1.1117624451237589, 1.1117624451237589, 1.1117624451237589, 1.1117624451237589, 1.1117624451237589, 1.1117624451237589, 1.1117624451237589, 1.1117624451237589, 1.1117624451237589, 1.1117624451237589, 1.1117624451237589, 1.1117624451237589, 1.1117624451237589, 1.1117624451237589, 1.1117624451237589, 1.1117624451237589, 1.1117624451237589, 1.1117624451237589, 1.1117624451237589, 1.1117624451237589, 1.1117624451237589, 1.1117624451237589, 1.1117624451237589, 1.1117624451237589, 1.1117624451237589, 1.1117624451237589, 1.1117624451237589, 1.1117624451237589, 1.1117624451237589, 1.1117624451237589, 1.1117624451237589, 1.1117624451237589, 1.1117624451237589, 1.1117624451237589, 1.1117624451237589, 1.1117624451237589, 1.1117624451237589, 1.1117624451237589, 1.1117624451237589, 1.1117624451237589, 1.1117624451237589, 1.1117624451237589, 1.1117624451237589, 1.1117624451237589, 1.1117624451237589, 1.1117624451237589, 1.1117624451237589, 1.1117624451237589, 1.1117624451237589, 1.1117624451237589, 1.1117624451237589, 1.1117624451237589, 1.1117624451237589, 1.1117624451237589, 1.1117624451237589, 1.1117624451237589, 0.4686689806475215, 0.4686689806475215, 0.4686689806475215, 0.4686689806475215, 0.4686689806475215, 0.4686689806475215, 0.4686689806475215, 0.4686689806475215, 0.4686689806475215]","{""elitism_fraction"": 0.2, ""max_iterations"": 140, ""mutation_fraction"": 0.1, ""population_size"": 50}"
schwefel,Schwefel,93,1421,ea,Algoritmo evolutivo,2,"[-500.0, 500.0]","[420.968746, 420.968746]","[417.4193747730161, 420.4479188499939]",1.6207319682533807,3.5873802456841277,140,7050,"[281.0562968462119, 168.0610801332714, 118.6998219343925, 52.29920983739248, 52.29920983739248, 52.29920983739248, 52.29920983739248, 52.29920983739248, 52.29920983739248, 52.29920983739248, 52.29920983739248, 52.29920983739248, 52.29920983739248, 52.29920983739248, 52.29920983739248, 52.29920983739248, 52.29920983739248, 52.29920983739248, 52.29920983739248, 52.29920983739248, 52.29920983739248, 52.29920983739248, 52.29920983739248, 52.29920983739248, 52.29920983739248, 52.29920983739248, 52.29920983739248, 52.29920983739248, 52.29920983739248, 52.29920983739248, 52.29920983739248, 31.00674178164104, 31.00674178164104, 31.00674178164104, 31.00674178164104, 31.00674178164104, 31.00674178164104, 31.00674178164104, 31.00674178164104, 31.00674178164104, 31.00674178164104, 7.686991161169203, 7.686991161169203, 7.686991161169203, 7.686991161169203, 7.686991161169203, 7.686991161169203, 7.686991161169203, 7.686991161169203, 7.686991161169203, 7.686991161169203, 7.686991161169203, 7.686991161169203, 7.686991161169203, 7.686991161169203, 7.686991161169203, 7.686991161169203, 7.686991161169203, 7.686991161169203, 7.686991161169203, 7.686991161169203, 7.686991161169203, 7.686991161169203, 7.686991161169203, 7.686991161169203, 7.686991161169203, 7.686991161169203, 7.686991161169203, 7.686991161169203, 7.686991161169203, 7.686991161169203, 7.686991161169203, 7.686991161169203, 7.686991161169203, 7.686991161169203, 7.686991161169203, 7.686991161169203, 5.3575206637467545, 5.3575206637467545, 5.3575206637467545, 5.3575206637467545, 5.3575206637467545, 5.3575206637467545, 5.3575206637467545, 5.3575206637467545, 5.3575206637467545, 5.3575206637467545, 2.7195175435040255, 2.7195175435040255, 2.7195175435040255, 2.7195175435040255, 2.7195175435040255, 2.7195175435040255, 2.7195175435040255, 2.7195175435040255, 2.7195175435040255, 2.7195175435040255, 2.7195175435040255, 2.7195175435040255, 2.7195175435040255, 2.7195175435040255, 2.7195175435040255, 2.7195175435040255, 2.7195175435040255, 2.7195175435040255, 2.7195175435040255, 2.7195175435040255, 2.7195175435040255, 2.7195175435040255, 2.7195175435040255, 2.7195175435040255, 2.7195175435040255, 2.7195175435040255, 2.7195175435040255, 1.6207319682533807, 1.6207319682533807, 1.6207319682533807, 1.6207319682533807, 1.6207319682533807, 1.6207319682533807, 1.6207319682533807, 1.6207319682533807, 1.6207319682533807, 1.6207319682533807, 1.6207319682533807, 1.6207319682533807, 1.6207319682533807, 1.6207319682533807, 1.6207319682533807, 1.6207319682533807, 1.6207319682533807, 1.6207319682533807, 1.6207319682533807, 1.6207319682533807, 1.6207319682533807, 1.6207319682533807, 1.6207319682533807, 1.6207319682533807, 1.6207319682533807, 1.6207319682533807, 1.6207319682533807]","{""elitism_fraction"": 0.2, ""max_iterations"": 140, ""mutation_fraction"": 0.1, ""population_size"": 50}"
schwefel,Schwefel,94,1422,ea,Algoritmo evolutivo,2,"[-500.0, 500.0]","[420.968746, 420.968746]","[420.71201996518437, 421.4620002161373]",0.03904699036559123,0.5560647252698078,140,7050,"[249.28516135742734, 249.28516135742734, 249.28516135742734, 227.82560106314236, 227.82560106314236, 59.03701960287026, 36.16498670388728, 36.16498670388728, 36.16498670388728, 19.79536303496127, 19.79536303496127, 19.79536303496127, 19.79536303496127, 19.79536303496127, 19.79536303496127, 19.79536303496127, 19.79536303496127, 19.79536303496127, 19.79536303496127, 19.79536303496127, 19.79536303496127, 19.79536303496127, 19.79536303496127, 19.79536303496127, 19.79536303496127, 19.79536303496127, 19.79536303496127, 19.79536303496127, 19.79536303496127, 19.79536303496127, 19.79536303496127, 19.79536303496127, 19.79536303496127, 19.79536303496127, 19.79536303496127, 19.79536303496127, 19.79536303496127, 19.79536303496127, 19.79536303496127, 19.79536303496127, 19.79536303496127, 19.79536303496127, 19.79536303496127, 19.79536303496127, 0.515289508962951, 0.515289508962951, 0.515289508962951, 0.515289508962951, 0.515289508962951, 0.515289508962951, 0.515289508962951, 0.515289508962951, 0.515289508962951, 0.515289508962951, 0.515289508962951, 0.515289508962951, 0.515289508962951, 0.515289508962951, 0.515289508962951, 0.515289508962951, 0.515289508962951, 0.5125714544897164, 0.5125714544897164, 0.5125714544897164, 0.5125714544897164, 0.5125714544897164, 0.5125714544897164, 0.5125714544897164, 0.5125714544897164, 0.5125714544897164, 0.5125714544897164, 0.5125714544897164, 0.5125714544897164, 0.5125714544897164, 0.5125714544897164, 0.5125714544897164, 0.5125714544897164, 0.5125714544897164, 0.5125714544897164, 0.5125714544897164, 0.5125714544897164, 0.5125714544897164, 0.5125714544897164, 0.5125714544897164, 0.5125714544897164, 0.5125714544897164, 0.5125714544897164, 0.5125714544897164, 0.5125714544897164, 0.5125714544897164, 0.5125714544897164, 0.5125714544897164, 0.03904699036559123, 0.03904699036559123, 0.03904699036559123, 0.03904699036559123, 0.03904699036559123, 0.03904699036559123, 0.03904699036559123, 0.03904699036559123, 0.03904699036559123, 0.03904699036559123, 0.03904699036559123, 0.03904699036559123, 0.03904699036559123, 0.03904699036559123, 0.03904699036559123, 0.03904699036559123, 0.03904699036559123, 0.03904699036559123, 0.03904699036559123, 0.03904699036559123, 0.03904699036559123, 0.03904699036559123, 0.03904699036559123, 0.03904699036559123, 0.03904699036559123, 0.03904699036559123, 0.03904699036559123, 0.03904699036559123, 0.03904699036559123, 0.03904699036559123, 0.03904699036559123, 0.03904699036559123, 0.03904699036559123, 0.03904699036559123, 0.03904699036559123, 0.03904699036559123, 0.03904699036559123, 0.03904699036559123, 0.03904699036559123, 0.03904699036559123, 0.03904699036559123, 0.03904699036559123, 0.03904699036559123, 0.03904699036559123, 0.03904699036559123, 0.03904699036559123, 0.03904699036559123, 0.03904699036559123, 0.03904699036559123]","{""elitism_fraction"": 0.2, ""max_iterations"": 140, ""mutation_fraction"": 0.1, ""population_size"": 50}"
schwefel,Schwefel,95,1423,ea,Algoritmo evolutivo,2,"[-500.0, 500.0]","[420.968746, 420.968746]","[422.00181775762167, 420.54785749987764]",0.1570887031714392,1.1155197828504693,140,7050,"[243.38484287352253, 197.4525290628958, 197.4525290628958, 8.789721366164144, 8.789721366164144, 8.789721366164144, 8.789721366164144, 8.789721366164144, 8.789721366164144, 7.05694986003482, 7.05694986003482, 7.05694986003482, 7.05694986003482, 7.05694986003482, 7.05694986003482, 7.05694986003482, 7.05694986003482, 7.05694986003482, 7.05694986003482, 7.05694986003482, 7.05694986003482, 7.05694986003482, 7.05694986003482, 7.05694986003482, 7.05694986003482, 7.05694986003482, 7.05694986003482, 7.05694986003482, 7.05694986003482, 7.05694986003482, 7.05694986003482, 7.05694986003482, 7.05694986003482, 7.05694986003482, 7.05694986003482, 7.05694986003482, 7.05694986003482, 7.05694986003482, 7.05694986003482, 7.05694986003482, 7.05694986003482, 7.05694986003482, 7.05694986003482, 7.05694986003482, 1.3585159125838118, 1.3585159125838118, 1.3585159125838118, 1.3585159125838118, 1.3585159125838118, 0.1570887031714392, 0.1570887031714392, 0.1570887031714392, 0.1570887031714392, 0.1570887031714392, 0.1570887031714392, 0.1570887031714392, 0.1570887031714392, 0.1570887031714392, 0.1570887031714392, 0.1570887031714392, 0.1570887031714392, 0.1570887031714392, 0.1570887031714392, 0.1570887031714392, 0.1570887031714392, 0.1570887031714392, 0.1570887031714392, 0.1570887031714392, 0.1570887031714392, 0.1570887031714392, 0.1570887031714392, 0.1570887031714392, 0.1570887031714392, 0.1570887031714392, 0.1570887031714392, 0.1570887031714392, 0.1570887031714392, 0.1570887031714392, 0.1570887031714392, 0.1570887031714392, 0.1570887031714392, 0.1570887031714392, 0.1570887031714392, 0.1570887031714392, 0.1570887031714392, 0.1570887031714392, 0.1570887031714392, 0.1570887031714392, 0.1570887031714392, 0.1570887031714392, 0.1570887031714392, 0.1570887031714392, 0.1570887031714392, 0.1570887031714392, 0.1570887031714392, 0.1570887031714392, 0.1570887031714392, 0.1570887031714392, 0.1570887031714392, 0.1570887031714392, 0.1570887031714392, 0.1570887031714392, 0.1570887031714392, 0.1570887031714392, 0.1570887031714392, 0.1570887031714392, 0.1570887031714392, 0.1570887031714392, 0.1570887031714392, 0.1570887031714392, 0.1570887031714392, 0.1570887031714392, 0.1570887031714392, 0.1570887031714392, 0.1570887031714392, 0.1570887031714392, 0.1570887031714392, 0.1570887031714392, 0.1570887031714392, 0.1570887031714392, 0.1570887031714392, 0.1570887031714392, 0.1570887031714392, 0.1570887031714392, 0.1570887031714392, 0.1570887031714392, 0.1570887031714392, 0.1570887031714392, 0.1570887031714392, 0.1570887031714392, 0.1570887031714392, 0.1570887031714392, 0.1570887031714392, 0.1570887031714392, 0.1570887031714392, 0.1570887031714392, 0.1570887031714392, 0.1570887031714392, 0.1570887031714392, 0.1570887031714392, 0.1570887031714392]","{""elitism_fraction"": 0.2, ""max_iterations"": 140, ""mutation_fraction"": 0.1, ""population_size"": 50}"
schwefel,Schwefel,96,1424,ea,Algoritmo evolutivo,2,"[-500.0, 500.0]","[420.968746, 420.968746]","[423.24708141475867, 419.3541845193581]",0.9841126612134303,2.7924220735619567,140,7050,"[185.19961705502033, 185.19961705502033, 185.19961705502033, 185.19961705502033, 106.2703440357252, 106.2703440357252, 106.2703440357252, 106.2703440357252, 106.2703440357252, 106.2703440357252, 65.19360026214804, 65.19360026214804, 26.229120776212085, 26.229120776212085, 26.229120776212085, 26.229120776212085, 26.229120776212085, 26.229120776212085, 26.229120776212085, 26.229120776212085, 26.229120776212085, 26.229120776212085, 26.229120776212085, 26.229120776212085, 8.851517697461077, 8.851517697461077, 8.851517697461077, 8.851517697461077, 8.851517697461077, 8.851517697461077, 8.851517697461077, 8.851517697461077, 8.851517697461077, 8.851517697461077, 8.851517697461077, 8.851517697461077, 8.851517697461077, 8.851517697461077, 8.851517697461077, 8.851517697461077, 8.851517697461077, 8.851517697461077, 8.851517697461077, 8.851517697461077, 8.851517697461077, 8.851517697461077, 8.851517697461077, 8.851517697461077, 8.851517697461077, 8.851517697461077, 8.851517697461077, 8.851517697461077, 8.851517697461077, 8.851517697461077, 8.851517697461077, 8.851517697461077, 8.851517697461077, 8.851517697461077, 8.851517697461077, 8.851517697461077, 8.851517697461077, 8.851517697461077, 8.851517697461077, 8.851517697461077, 8.851517697461077, 8.851517697461077, 8.851517697461077, 8.851517697461077, 8.851517697461077, 8.851517697461077, 8.851517697461077, 8.851517697461077, 8.851517697461077, 8.851517697461077, 8.851517697461077, 8.851517697461077, 8.851517697461077, 8.851517697461077, 8.851517697461077, 8.851517697461077, 8.851517697461077, 8.851517697461077, 8.851517697461077, 8.851517697461077, 8.851517697461077, 0.9841126612134303, 0.9841126612134303, 0.9841126612134303, 0.9841126612134303, 0.9841126612134303, 0.9841126612134303, 0.9841126612134303, 0.9841126612134303, 0.9841126612134303, 0.9841126612134303, 0.9841126612134303, 0.9841126612134303, 0.9841126612134303, 0.9841126612134303, 0.9841126612134303, 0.9841126612134303, 0.9841126612134303, 0.9841126612134303, 0.9841126612134303, 0.9841126612134303, 0.9841126612134303, 0.9841126612134303, 0.9841126612134303, 0.9841126612134303, 0.9841126612134303, 0.9841126612134303, 0.9841126612134303, 0.9841126612134303, 0.9841126612134303, 0.9841126612134303, 0.9841126612134303, 0.9841126612134303, 0.9841126612134303, 0.9841126612134303, 0.9841126612134303, 0.9841126612134303, 0.9841126612134303, 0.9841126612134303, 0.9841126612134303, 0.9841126612134303, 0.9841126612134303, 0.9841126612134303, 0.9841126612134303, 0.9841126612134303, 0.9841126612134303, 0.9841126612134303, 0.9841126612134303, 0.9841126612134303, 0.9841126612134303, 0.9841126612134303, 0.9841126612134303, 0.9841126612134303, 0.9841126612134303, 0.9841126612134303, 0.9841126612134303, 0.9841126612134303]","{""elitism_fraction"": 0.2, ""max_iterations"": 140, ""mutation_fraction"": 0.1, ""population_size"": 50}"
schwefel,Schwefel,97,1425,ea,Algoritmo evolutivo,2,"[-500.0, 500.0]","[420.968746, 420.968746]","[421.18727914230317, 420.9293963593524]",0.0062474233462808115,0.22204758162157504,140,7050,"[234.27139341929865, 229.7459457102791, 229.7459457102791, 229.7459457102791, 113.06219511457289, 113.06219511457289, 113.06219511457289, 113.06219511457289, 95.02631107291631, 95.02631107291631, 95.02631107291631, 10.402141473576535, 10.402141473576535, 10.402141473576535, 10.402141473576535, 10.402141473576535, 10.402141473576535, 5.9392781068763725, 5.9392781068763725, 4.701046821836599, 4.701046821836599, 4.701046821836599, 4.701046821836599, 4.701046821836599, 4.701046821836599, 4.701046821836599, 4.701046821836599, 4.701046821836599, 4.701046821836599, 4.701046821836599, 4.701046821836599, 4.701046821836599, 4.701046821836599, 4.701046821836599, 4.701046821836599, 4.701046821836599, 4.701046821836599, 4.701046821836599, 4.701046821836599, 4.701046821836599, 4.701046821836599, 4.701046821836599, 4.701046821836599, 4.701046821836599, 4.701046821836599, 0.7143785713078614, 0.7143785713078614, 0.7143785713078614, 0.7143785713078614, 0.7143785713078614, 0.7143785713078614, 0.6396594891900804, 0.6396594891900804, 0.6396594891900804, 0.6396594891900804, 0.6396594891900804, 0.6396594891900804, 0.6396594891900804, 0.6396594891900804, 0.6396594891900804, 0.6396594891900804, 0.6396594891900804, 0.6396594891900804, 0.6396594891900804, 0.6396594891900804, 0.6396594891900804, 0.6396594891900804, 0.6396594891900804, 0.6396594891900804, 0.6396594891900804, 0.6396594891900804, 0.6396594891900804, 0.6396594891900804, 0.6396594891900804, 0.6396594891900804, 0.6396594891900804, 0.6396594891900804, 0.6396594891900804, 0.6396594891900804, 0.6396594891900804, 0.6396594891900804, 0.6396594891900804, 0.6396594891900804, 0.6396594891900804, 0.6396594891900804, 0.6396594891900804, 0.6396594891900804, 0.6396594891900804, 0.6396594891900804, 0.6396594891900804, 0.6396594891900804, 0.6396594891900804, 0.6396594891900804, 0.6396594891900804, 0.6396594891900804, 0.6396594891900804, 0.6396594891900804, 0.6396594891900804, 0.6396594891900804, 0.6396594891900804, 0.6396594891900804, 0.6396594891900804, 0.6396594891900804, 0.6396594891900804, 0.6396594891900804, 0.6396594891900804, 0.6396594891900804, 0.6396594891900804, 0.6396594891900804, 0.6396594891900804, 0.6396594891900804, 0.6396594891900804, 0.6396594891900804, 0.6396594891900804, 0.6396594891900804, 0.6396594891900804, 0.6396594891900804, 0.6396594891900804, 0.6396594891900804, 0.6396594891900804, 0.6396594891900804, 0.6396594891900804, 0.6396594891900804, 0.6396594891900804, 0.6396594891900804, 0.0062474233462808115, 0.0062474233462808115, 0.0062474233462808115, 0.0062474233462808115, 0.0062474233462808115, 0.0062474233462808115, 0.0062474233462808115, 0.0062474233462808115, 0.0062474233462808115, 0.0062474233462808115, 0.0062474233462808115, 0.0062474233462808115, 0.0062474233462808115, 0.0062474233462808115, 0.0062474233462808115, 0.0062474233462808115]","{""elitism_fraction"": 0.2, ""max_iterations"": 140, ""mutation_fraction"": 0.1, ""population_size"": 50}"
schwefel,Schwefel,98,1426,ea,Algoritmo evolutivo,2,"[-500.0, 500.0]","[420.968746, 420.968746]","[421.6337048847913, 420.3320332537646]",0.10697472128094887,0.9206375180718551,140,7050,"[161.44870938449048, 96.26136329967426, 96.26136329967426, 31.860472366548947, 31.860472366548947, 31.860472366548947, 22.631688026628808, 22.631688026628808, 22.631688026628808, 8.40345484314048, 8.40345484314048, 8.40345484314048, 8.40345484314048, 8.40345484314048, 8.40345484314048, 8.40345484314048, 8.40345484314048, 8.40345484314048, 8.40345484314048, 8.40345484314048, 8.40345484314048, 8.40345484314048, 8.40345484314048, 8.40345484314048, 2.86347330502565, 0.8127489380759698, 0.8127489380759698, 0.8127489380759698, 0.8127489380759698, 0.8127489380759698, 0.8127489380759698, 0.8127489380759698, 0.8127489380759698, 0.10697472128094887, 0.10697472128094887, 0.10697472128094887, 0.10697472128094887, 0.10697472128094887, 0.10697472128094887, 0.10697472128094887, 0.10697472128094887, 0.10697472128094887, 0.10697472128094887, 0.10697472128094887, 0.10697472128094887, 0.10697472128094887, 0.10697472128094887, 0.10697472128094887, 0.10697472128094887, 0.10697472128094887, 0.10697472128094887, 0.10697472128094887, 0.10697472128094887, 0.10697472128094887, 0.10697472128094887, 0.10697472128094887, 0.10697472128094887, 0.10697472128094887, 0.10697472128094887, 0.10697472128094887, 0.10697472128094887, 0.10697472128094887, 0.10697472128094887, 0.10697472128094887, 0.10697472128094887, 0.10697472128094887, 0.10697472128094887, 0.10697472128094887, 0.10697472128094887, 0.10697472128094887, 0.10697472128094887, 0.10697472128094887, 0.10697472128094887, 0.10697472128094887, 0.10697472128094887, 0.10697472128094887, 0.10697472128094887, 0.10697472128094887, 0.10697472128094887, 0.10697472128094887, 0.10697472128094887, 0.10697472128094887, 0.10697472128094887, 0.10697472128094887, 0.10697472128094887, 0.10697472128094887, 0.10697472128094887, 0.10697472128094887, 0.10697472128094887, 0.10697472128094887, 0.10697472128094887, 0.10697472128094887, 0.10697472128094887, 0.10697472128094887, 0.10697472128094887, 0.10697472128094887, 0.10697472128094887, 0.10697472128094887, 0.10697472128094887, 0.10697472128094887, 0.10697472128094887, 0.10697472128094887, 0.10697472128094887, 0.10697472128094887, 0.10697472128094887, 0.10697472128094887, 0.10697472128094887, 0.10697472128094887, 0.10697472128094887, 0.10697472128094887, 0.10697472128094887, 0.10697472128094887, 0.10697472128094887, 0.10697472128094887, 0.10697472128094887, 0.10697472128094887, 0.10697472128094887, 0.10697472128094887, 0.10697472128094887, 0.10697472128094887, 0.10697472128094887, 0.10697472128094887, 0.10697472128094887, 0.10697472128094887, 0.10697472128094887, 0.10697472128094887, 0.10697472128094887, 0.10697472128094887, 0.10697472128094887, 0.10697472128094887, 0.10697472128094887, 0.10697472128094887, 0.10697472128094887, 0.10697472128094887, 0.10697472128094887, 0.10697472128094887, 0.10697472128094887, 0.10697472128094887, 0.10697472128094887, 0.10697472128094887, 0.10697472128094887]","{""elitism_fraction"": 0.2, ""max_iterations"": 140, ""mutation_fraction"": 0.1, ""population_size"": 50}"
schwefel,Schwefel,99,1427,ea,Algoritmo evolutivo,2,"[-500.0, 500.0]","[420.968746, 420.968746]","[421.19755148838203, 421.0065619960683]",0.006812400527337559,0.2319094674056485,140,7050,"[391.67092082325667, 119.27799189151563, 119.27799189151563, 119.27799189151563, 11.139206233547725, 11.139206233547725, 6.522423153617979, 6.522423153617979, 6.522423153617979, 6.522423153617979, 6.522423153617979, 6.522423153617979, 6.522423153617979, 6.522423153617979, 6.522423153617979, 6.522423153617979, 0.7180111894767833, 0.7180111894767833, 0.7180111894767833, 0.7180111894767833, 0.7180111894767833, 0.7180111894767833, 0.7180111894767833, 0.006812400527337559, 0.006812400527337559, 0.006812400527337559, 0.006812400527337559, 0.006812400527337559, 0.006812400527337559, 0.006812400527337559, 0.006812400527337559, 0.006812400527337559, 0.006812400527337559, 0.006812400527337559, 0.006812400527337559, 0.006812400527337559, 0.006812400527337559, 0.006812400527337559, 0.006812400527337559, 0.006812400527337559, 0.006812400527337559, 0.006812400527337559, 0.006812400527337559, 0.006812400527337559, 0.006812400527337559, 0.006812400527337559, 0.006812400527337559, 0.006812400527337559, 0.006812400527337559, 0.006812400527337559, 0.006812400527337559, 0.006812400527337559, 0.006812400527337559, 0.006812400527337559, 0.006812400527337559, 0.006812400527337559, 0.006812400527337559, 0.006812400527337559, 0.006812400527337559, 0.006812400527337559, 0.006812400527337559, 0.006812400527337559, 0.006812400527337559, 0.006812400527337559, 0.006812400527337559, 0.006812400527337559, 0.006812400527337559, 0.006812400527337559, 0.006812400527337559, 0.006812400527337559, 0.006812400527337559, 0.006812400527337559, 0.006812400527337559, 0.006812400527337559, 0.006812400527337559, 0.006812400527337559, 0.006812400527337559, 0.006812400527337559, 0.006812400527337559, 0.006812400527337559, 0.006812400527337559, 0.006812400527337559, 0.006812400527337559, 0.006812400527337559, 0.006812400527337559, 0.006812400527337559, 0.006812400527337559, 0.006812400527337559, 0.006812400527337559, 0.006812400527337559, 0.006812400527337559, 0.006812400527337559, 0.006812400527337559, 0.006812400527337559, 0.006812400527337559, 0.006812400527337559, 0.006812400527337559, 0.006812400527337559, 0.006812400527337559, 0.006812400527337559, 0.006812400527337559, 0.006812400527337559, 0.006812400527337559, 0.006812400527337559, 0.006812400527337559, 0.006812400527337559, 0.006812400527337559, 0.006812400527337559, 0.006812400527337559, 0.006812400527337559, 0.006812400527337559, 0.006812400527337559, 0.006812400527337559, 0.006812400527337559, 0.006812400527337559, 0.006812400527337559, 0.006812400527337559, 0.006812400527337559, 0.006812400527337559, 0.006812400527337559, 0.006812400527337559, 0.006812400527337559, 0.006812400527337559, 0.006812400527337559, 0.006812400527337559, 0.006812400527337559, 0.006812400527337559, 0.006812400527337559, 0.006812400527337559, 0.006812400527337559, 0.006812400527337559, 0.006812400527337559, 0.006812400527337559, 0.006812400527337559, 0.006812400527337559, 0.006812400527337559, 0.006812400527337559, 0.006812400527337559, 0.006812400527337559, 0.006812400527337559, 0.006812400527337559]","{""elitism_fraction"": 0.2, ""max_iterations"": 140, ""mutation_fraction"": 0.1, ""population_size"": 50}"
schwefel,Schwefel,100,1458,ea,Algoritmo evolutivo,2,"[-500.0, 500.0]","[420.968746, 420.968746]","[420.4404103010553, 421.0393381879086]",0.03586935890257337,0.5330308319160539,140,7050,"[135.36568240749273, 135.36568240749273, 56.30089994704622, 56.30089994704622, 37.75781001217774, 20.891927297532106, 20.891927297532106, 16.9958042811636, 16.9958042811636, 16.9958042811636, 16.9958042811636, 13.663444016217909, 13.663444016217909, 13.663444016217909, 13.663444016217909, 13.663444016217909, 13.663444016217909, 13.663444016217909, 13.663444016217909, 13.663444016217909, 13.663444016217909, 13.663444016217909, 5.003143451971255, 5.003143451971255, 5.003143451971255, 5.003143451971255, 5.003143451971255, 5.003143451971255, 5.003143451971255, 5.003143451971255, 5.003143451971255, 5.003143451971255, 5.003143451971255, 5.003143451971255, 5.003143451971255, 5.003143451971255, 5.003143451971255, 5.003143451971255, 5.003143451971255, 5.003143451971255, 5.003143451971255, 5.003143451971255, 5.003143451971255, 5.003143451971255, 5.003143451971255, 5.003143451971255, 5.003143451971255, 5.003143451971255, 5.003143451971255, 5.003143451971255, 5.003143451971255, 5.003143451971255, 5.003143451971255, 5.003143451971255, 5.003143451971255, 5.003143451971255, 5.003143451971255, 5.003143451971255, 5.003143451971255, 5.003143451971255, 5.003143451971255, 5.003143451971255, 5.003143451971255, 5.003143451971255, 5.003143451971255, 5.003143451971255, 5.003143451971255, 5.003143451971255, 5.003143451971255, 5.003143451971255, 1.0697726317185925, 1.0697726317185925, 1.0697726317185925, 1.0697726317185925, 1.0697726317185925, 1.0697726317185925, 1.0697726317185925, 1.0697726317185925, 1.0697726317185925, 1.0697726317185925, 1.0697726317185925, 1.0697726317185925, 1.0697726317185925, 1.0697726317185925, 1.0697726317185925, 1.0697726317185925, 1.0697726317185925, 1.0697726317185925, 1.0697726317185925, 1.0697726317185925, 1.0697726317185925, 1.0697726317185925, 1.0697726317185925, 1.0697726317185925, 1.0697726317185925, 1.0697726317185925, 1.0697726317185925, 1.0697726317185925, 1.0697726317185925, 1.0697726317185925, 0.03586935890257337, 0.03586935890257337, 0.03586935890257337, 0.03586935890257337, 0.03586935890257337, 0.03586935890257337, 0.03586935890257337, 0.03586935890257337, 0.03586935890257337, 0.03586935890257337, 0.03586935890257337, 0.03586935890257337, 0.03586935890257337, 0.03586935890257337, 0.03586935890257337, 0.03586935890257337, 0.03586935890257337, 0.03586935890257337, 0.03586935890257337, 0.03586935890257337, 0.03586935890257337, 0.03586935890257337, 0.03586935890257337, 0.03586935890257337, 0.03586935890257337, 0.03586935890257337, 0.03586935890257337, 0.03586935890257337, 0.03586935890257337, 0.03586935890257337, 0.03586935890257337, 0.03586935890257337, 0.03586935890257337, 0.03586935890257337, 0.03586935890257337, 0.03586935890257337, 0.03586935890257337, 0.03586935890257337, 0.03586935890257337, 0.03586935890257337, 0.03586935890257337]","{""elitism_fraction"": 0.2, ""max_iterations"": 140, ""mutation_fraction"": 0.1, ""population_size"": 50}"
