funcion,nombre_funcion,corrida,semilla,metodo,nombre_metodo,dimension,limites,optimo_conocido,mejor_solucion,mejor_valor,distancia_al_optimo,iteraciones,evaluaciones,best_values_history,parametros
rosenbrock,Rosenbrock,1,1593,ea,Algoritmo evolutivo,2,"[-2.048, 2.048]","[1.0, 1.0]","[1.3032648356581187, 1.6911599554497867]",0.09735605837367571,0.7547659535008829,120,4840,"[0.3494687581678856, 0.3494687581678856, 0.3494687581678856, 0.33530991872328053, 0.1002725373652907, 0.1002725373652907, 0.1002725373652907, 0.1002725373652907, 0.1002725373652907, 0.1002725373652907, 0.1002725373652907, 0.1002725373652907, 0.1002725373652907, 0.09735605837367571, 0.09735605837367571, 0.09735605837367571, 0.09735605837367571, 0.09735605837367571, 0.09735605837367571, 0.09735605837367571, 0.09735605837367571, 0.09735605837367571, 0.09735605837367571, 0.09735605837367571, 0.09735605837367571, 0.09735605837367571, 0.09735605837367571, 0.09735605837367571, 0.09735605837367571, 0.09735605837367571, 0.09735605837367571, 0.09735605837367571, 0.09735605837367571, 0.09735605837367571, 0.09735605837367571, 0.09735605837367571, 0.09735605837367571, 0.09735605837367571, 0.09735605837367571, 0.09735605837367571, 0.09735605837367571, 0.09735605837367571, 0.09735605837367571, 0.09735605837367571, 0.09735605837367571, 0.09735605837367571, 0.09735605837367571, 0.09735605837367571, 0.09735605837367571, 0.09735605837367571, 0.09735605837367571, 0.09735605837367571, 0.09735605837367571, 0.09735605837367571, 0.09735605837367571, 0.09735605837367571, 0.09735605837367571, 0.09735605837367571, 0.09735605837367571, 0.09735605837367571, 0.09735605837367571, 0.09735605837367571, 0.09735605837367571, 0.09735605837367571, 0.09735605837367571, 0.09735605837367571, 0.09735605837367571, 0.09735605837367571, 0.09735605837367571, 0.09735605837367571, 0.09735605837367571, 0.09735605837367571, 0.09735605837367571, 0.09735605837367571, 0.09735605837367571, 0.09735605837367571, 0.09735605837367571, 0.09735605837367571, 0.09735605837367571, 0.09735605837367571, 0.09735605837367571, 0.09735605837367571, 0.09735605837367571, 0.09735605837367571, 0.09735605837367571, 0.09735605837367571, 0.09735605837367571, 0.09735605837367571, 0.09735605837367571, 0.09735605837367571, 0.09735605837367571, 0.09735605837367571, 0.09735605837367571, 0.09735605837367571, 0.09735605837367571, 0.09735605837367571, 0.09735605837367571, 0.09735605837367571, 0.09735605837367571, 0.09735605837367571, 0.09735605837367571, 0.09735605837367571, 0.09735605837367571, 0.09735605837367571, 0.09735605837367571, 0.09735605837367571, 0.09735605837367571, 0.09735605837367571, 0.09735605837367571, 0.09735605837367571, 0.09735605837367571, 0.09735605837367571, 0.09735605837367571, 0.09735605837367571, 0.09735605837367571, 0.09735605837367571, 0.09735605837367571, 0.09735605837367571, 0.09735605837367571, 0.09735605837367571, 0.09735605837367571]","{""elitism_fraction"": 0.2, ""max_iterations"": 120, ""mutation_fraction"": 0.1, ""population_size"": 40}"
rosenbrock,Rosenbrock,2,1594,ea,Algoritmo evolutivo,2,"[-2.048, 2.048]","[1.0, 1.0]","[1.1584397993894697, 1.34318118686206]",0.025246790613442,0.3779900753282122,120,4840,"[0.025246790613442, 0.025246790613442, 0.025246790613442, 0.025246790613442, 0.025246790613442, 0.025246790613442, 0.025246790613442, 0.025246790613442, 0.025246790613442, 0.025246790613442, 0.025246790613442, 0.025246790613442, 0.025246790613442, 0.025246790613442, 0.025246790613442, 0.025246790613442, 0.025246790613442, 0.025246790613442, 0.025246790613442, 0.025246790613442, 0.025246790613442, 0.025246790613442, 0.025246790613442, 0.025246790613442, 0.025246790613442, 0.025246790613442, 0.025246790613442, 0.025246790613442, 0.025246790613442, 0.025246790613442, 0.025246790613442, 0.025246790613442, 0.025246790613442, 0.025246790613442, 0.025246790613442, 0.025246790613442, 0.025246790613442, 0.025246790613442, 0.025246790613442, 0.025246790613442, 0.025246790613442, 0.025246790613442, 0.025246790613442, 0.025246790613442, 0.025246790613442, 0.025246790613442, 0.025246790613442, 0.025246790613442, 0.025246790613442, 0.025246790613442, 0.025246790613442, 0.025246790613442, 0.025246790613442, 0.025246790613442, 0.025246790613442, 0.025246790613442, 0.025246790613442, 0.025246790613442, 0.025246790613442, 0.025246790613442, 0.025246790613442, 0.025246790613442, 0.025246790613442, 0.025246790613442, 0.025246790613442, 0.025246790613442, 0.025246790613442, 0.025246790613442, 0.025246790613442, 0.025246790613442, 0.025246790613442, 0.025246790613442, 0.025246790613442, 0.025246790613442, 0.025246790613442, 0.025246790613442, 0.025246790613442, 0.025246790613442, 0.025246790613442, 0.025246790613442, 0.025246790613442, 0.025246790613442, 0.025246790613442, 0.025246790613442, 0.025246790613442, 0.025246790613442, 0.025246790613442, 0.025246790613442, 0.025246790613442, 0.025246790613442, 0.025246790613442, 0.025246790613442, 0.025246790613442, 0.025246790613442, 0.025246790613442, 0.025246790613442, 0.025246790613442, 0.025246790613442, 0.025246790613442, 0.025246790613442, 0.025246790613442, 0.025246790613442, 0.025246790613442, 0.025246790613442, 0.025246790613442, 0.025246790613442, 0.025246790613442, 0.025246790613442, 0.025246790613442, 0.025246790613442, 0.025246790613442, 0.025246790613442, 0.025246790613442, 0.025246790613442, 0.025246790613442, 0.025246790613442, 0.025246790613442, 0.025246790613442, 0.025246790613442, 0.025246790613442, 0.025246790613442]","{""elitism_fraction"": 0.2, ""max_iterations"": 120, ""mutation_fraction"": 0.1, ""population_size"": 40}"
rosenbrock,Rosenbrock,3,1595,ea,Algoritmo evolutivo,2,"[-2.048, 2.048]","[1.0, 1.0]","[1.071343725826444, 1.1459662262776278]",0.005417954585246568,0.16246866291236117,120,4840,"[2.226063690978434, 2.226063690978434, 2.226063690978434, 0.430859093957137, 0.430859093957137, 0.430859093957137, 0.430859093957137, 0.430859093957137, 0.430859093957137, 0.430859093957137, 0.430859093957137, 0.430859093957137, 0.1309017364847233, 0.1309017364847233, 0.1309017364847233, 0.1309017364847233, 0.1309017364847233, 0.1309017364847233, 0.1309017364847233, 0.1309017364847233, 0.1309017364847233, 0.1309017364847233, 0.1309017364847233, 0.1309017364847233, 0.1309017364847233, 0.1309017364847233, 0.1309017364847233, 0.1309017364847233, 0.1309017364847233, 0.1309017364847233, 0.1309017364847233, 0.1309017364847233, 0.1309017364847233, 0.1309017364847233, 0.1309017364847233, 0.1309017364847233, 0.04919809358939327, 0.04919809358939327, 0.04919809358939327, 0.04919809358939327, 0.04919809358939327, 0.04919809358939327, 0.04919809358939327, 0.04919809358939327, 0.038996987204604885, 0.038996987204604885, 0.038996987204604885, 0.038996987204604885, 0.038996987204604885, 0.038996987204604885, 0.038996987204604885, 0.038996987204604885, 0.038996987204604885, 0.038996987204604885, 0.038996987204604885, 0.038996987204604885, 0.038996987204604885, 0.038996987204604885, 0.038996987204604885, 0.038996987204604885, 0.038996987204604885, 0.038996987204604885, 0.038996987204604885, 0.038996987204604885, 0.038996987204604885, 0.038996987204604885, 0.038996987204604885, 0.038996987204604885, 0.038996987204604885, 0.038996987204604885, 0.038996987204604885, 0.038996987204604885, 0.038996987204604885, 0.038996987204604885, 0.038996987204604885, 0.038996987204604885, 0.038996987204604885, 0.005417954585246568, 0.005417954585246568, 0.005417954585246568, 0.005417954585246568, 0.005417954585246568, 0.005417954585246568, 0.005417954585246568, 0.005417954585246568, 0.005417954585246568, 0.005417954585246568, 0.005417954585246568, 0.005417954585246568, 0.005417954585246568, 0.005417954585246568, 0.005417954585246568, 0.005417954585246568, 0.005417954585246568, 0.005417954585246568, 0.005417954585246568, 0.005417954585246568, 0.005417954585246568, 0.005417954585246568, 0.005417954585246568, 0.005417954585246568, 0.005417954585246568, 0.005417954585246568, 0.005417954585246568, 0.005417954585246568, 0.005417954585246568, 0.005417954585246568, 0.005417954585246568, 0.005417954585246568, 0.005417954585246568, 0.005417954585246568, 0.005417954585246568, 0.005417954585246568, 0.005417954585246568, 0.005417954585246568, 0.005417954585246568, 0.005417954585246568, 0.005417954585246568, 0.005417954585246568, 0.005417954585246568, 0.005417954585246568]","{""elitism_fraction"": 0.2, ""max_iterations"": 120, ""mutation_fraction"": 0.1, ""population_size"": 40}"
rosenbrock,Rosenbrock,4,1596,ea,Algoritmo evolutivo,2,"[-2.048, 2.048]","[1.0, 1.0]","[1.1387872692424161, 1.3042185371293766]",0.024711435131827164,0.33438125610880887,120,4840,"[13.441728541049509, 2.116816687854825, 2.116816687854825, 2.116816687854825, 2.116816687854825, 1.3044608532237103, 1.3044608532237103, 1.3044608532237103, 1.3044608532237103, 1.3044608532237103, 0.06734721072014076, 0.06734721072014076, 0.06734721072014076, 0.06734721072014076, 0.06734721072014076, 0.06734721072014076, 0.06734721072014076, 0.06734721072014076, 0.06734721072014076, 0.06734721072014076, 0.06734721072014076, 0.06734721072014076, 0.06734721072014076, 0.06734721072014076, 0.06734721072014076, 0.06734721072014076, 0.06734721072014076, 0.06734721072014076, 0.06734721072014076, 0.06734721072014076, 0.06734721072014076, 0.06734721072014076, 0.06734721072014076, 0.06734721072014076, 0.06734721072014076, 0.06734721072014076, 0.06734721072014076, 0.06734721072014076, 0.06734721072014076, 0.06734721072014076, 0.06734721072014076, 0.06734721072014076, 0.06734721072014076, 0.06734721072014076, 0.06734721072014076, 0.06734721072014076, 0.06734721072014076, 0.06734721072014076, 0.06734721072014076, 0.06734721072014076, 0.06734721072014076, 0.06734721072014076, 0.06734721072014076, 0.06734721072014076, 0.06734721072014076, 0.06734721072014076, 0.06734721072014076, 0.06734721072014076, 0.06734721072014076, 0.06734721072014076, 0.06734721072014076, 0.06734721072014076, 0.06734721072014076, 0.06734721072014076, 0.024711435131827164, 0.024711435131827164, 0.024711435131827164, 0.024711435131827164, 0.024711435131827164, 0.024711435131827164, 0.024711435131827164, 0.024711435131827164, 0.024711435131827164, 0.024711435131827164, 0.024711435131827164, 0.024711435131827164, 0.024711435131827164, 0.024711435131827164, 0.024711435131827164, 0.024711435131827164, 0.024711435131827164, 0.024711435131827164, 0.024711435131827164, 0.024711435131827164, 0.024711435131827164, 0.024711435131827164, 0.024711435131827164, 0.024711435131827164, 0.024711435131827164, 0.024711435131827164, 0.024711435131827164, 0.024711435131827164, 0.024711435131827164, 0.024711435131827164, 0.024711435131827164, 0.024711435131827164, 0.024711435131827164, 0.024711435131827164, 0.024711435131827164, 0.024711435131827164, 0.024711435131827164, 0.024711435131827164, 0.024711435131827164, 0.024711435131827164, 0.024711435131827164, 0.024711435131827164, 0.024711435131827164, 0.024711435131827164, 0.024711435131827164, 0.024711435131827164, 0.024711435131827164, 0.024711435131827164, 0.024711435131827164, 0.024711435131827164, 0.024711435131827164, 0.024711435131827164, 0.024711435131827164, 0.024711435131827164, 0.024711435131827164, 0.024711435131827164, 0.024711435131827164]","{""elitism_fraction"": 0.2, ""max_iterations"": 120, ""mutation_fraction"": 0.1, ""population_size"": 40}"
rosenbrock,Rosenbrock,5,1597,ea,Algoritmo evolutivo,2,"[-2.048, 2.048]","[1.0, 1.0]","[1.049899499788633, 1.1081878164400605]",0.0059696112145437765,0.1191409405083912,120,4840,"[0.6153708907405301, 0.6153708907405301, 0.6153708907405301, 0.6153708907405301, 0.3222430253501562, 0.08162984282657117, 0.08162984282657117, 0.08162984282657117, 0.08162984282657117, 0.08162984282657117, 0.08162984282657117, 0.07301337803761836, 0.07301337803761836, 0.07301337803761836, 0.07301337803761836, 0.07301337803761836, 0.07301337803761836, 0.07301337803761836, 0.07301337803761836, 0.07301337803761836, 0.07301337803761836, 0.07301337803761836, 0.07301337803761836, 0.07301337803761836, 0.07301337803761836, 0.07301337803761836, 0.0059696112145437765, 0.0059696112145437765, 0.0059696112145437765, 0.0059696112145437765, 0.0059696112145437765, 0.0059696112145437765, 0.0059696112145437765, 0.0059696112145437765, 0.0059696112145437765, 0.0059696112145437765, 0.0059696112145437765, 0.0059696112145437765, 0.0059696112145437765, 0.0059696112145437765, 0.0059696112145437765, 0.0059696112145437765, 0.0059696112145437765, 0.0059696112145437765, 0.0059696112145437765, 0.0059696112145437765, 0.0059696112145437765, 0.0059696112145437765, 0.0059696112145437765, 0.0059696112145437765, 0.0059696112145437765, 0.0059696112145437765, 0.0059696112145437765, 0.0059696112145437765, 0.0059696112145437765, 0.0059696112145437765, 0.0059696112145437765, 0.0059696112145437765, 0.0059696112145437765, 0.0059696112145437765, 0.0059696112145437765, 0.0059696112145437765, 0.0059696112145437765, 0.0059696112145437765, 0.0059696112145437765, 0.0059696112145437765, 0.0059696112145437765, 0.0059696112145437765, 0.0059696112145437765, 0.0059696112145437765, 0.0059696112145437765, 0.0059696112145437765, 0.0059696112145437765, 0.0059696112145437765, 0.0059696112145437765, 0.0059696112145437765, 0.0059696112145437765, 0.0059696112145437765, 0.0059696112145437765, 0.0059696112145437765, 0.0059696112145437765, 0.0059696112145437765, 0.0059696112145437765, 0.0059696112145437765, 0.0059696112145437765, 0.0059696112145437765, 0.0059696112145437765, 0.0059696112145437765, 0.0059696112145437765, 0.0059696112145437765, 0.0059696112145437765, 0.0059696112145437765, 0.0059696112145437765, 0.0059696112145437765, 0.0059696112145437765, 0.0059696112145437765, 0.0059696112145437765, 0.0059696112145437765, 0.0059696112145437765, 0.0059696112145437765, 0.0059696112145437765, 0.0059696112145437765, 0.0059696112145437765, 0.0059696112145437765, 0.0059696112145437765, 0.0059696112145437765, 0.0059696112145437765, 0.0059696112145437765, 0.0059696112145437765, 0.0059696112145437765, 0.0059696112145437765, 0.0059696112145437765, 0.0059696112145437765, 0.0059696112145437765, 0.0059696112145437765, 0.0059696112145437765, 0.0059696112145437765, 0.0059696112145437765, 0.0059696112145437765, 0.0059696112145437765, 0.0059696112145437765]","{""elitism_fraction"": 0.2, ""max_iterations"": 120, ""mutation_fraction"": 0.1, ""population_size"": 40}"
rosenbrock,Rosenbrock,6,1598,ea,Algoritmo evolutivo,2,"[-2.048, 2.048]","[1.0, 1.0]","[1.0119209729359908, 1.0180230016862613]",0.003695525814287609,0.02160875252122624,120,4840,"[0.5077471990927593, 0.4579844510845461, 0.10123832098126913, 0.10123832098126913, 0.10123832098126913, 0.10123832098126913, 0.10123832098126913, 0.10123832098126913, 0.10123832098126913, 0.10123832098126913, 0.10123832098126913, 0.10123832098126913, 0.003695525814287609, 0.003695525814287609, 0.003695525814287609, 0.003695525814287609, 0.003695525814287609, 0.003695525814287609, 0.003695525814287609, 0.003695525814287609, 0.003695525814287609, 0.003695525814287609, 0.003695525814287609, 0.003695525814287609, 0.003695525814287609, 0.003695525814287609, 0.003695525814287609, 0.003695525814287609, 0.003695525814287609, 0.003695525814287609, 0.003695525814287609, 0.003695525814287609, 0.003695525814287609, 0.003695525814287609, 0.003695525814287609, 0.003695525814287609, 0.003695525814287609, 0.003695525814287609, 0.003695525814287609, 0.003695525814287609, 0.003695525814287609, 0.003695525814287609, 0.003695525814287609, 0.003695525814287609, 0.003695525814287609, 0.003695525814287609, 0.003695525814287609, 0.003695525814287609, 0.003695525814287609, 0.003695525814287609, 0.003695525814287609, 0.003695525814287609, 0.003695525814287609, 0.003695525814287609, 0.003695525814287609, 0.003695525814287609, 0.003695525814287609, 0.003695525814287609, 0.003695525814287609, 0.003695525814287609, 0.003695525814287609, 0.003695525814287609, 0.003695525814287609, 0.003695525814287609, 0.003695525814287609, 0.003695525814287609, 0.003695525814287609, 0.003695525814287609, 0.003695525814287609, 0.003695525814287609, 0.003695525814287609, 0.003695525814287609, 0.003695525814287609, 0.003695525814287609, 0.003695525814287609, 0.003695525814287609, 0.003695525814287609, 0.003695525814287609, 0.003695525814287609, 0.003695525814287609, 0.003695525814287609, 0.003695525814287609, 0.003695525814287609, 0.003695525814287609, 0.003695525814287609, 0.003695525814287609, 0.003695525814287609, 0.003695525814287609, 0.003695525814287609, 0.003695525814287609, 0.003695525814287609, 0.003695525814287609, 0.003695525814287609, 0.003695525814287609, 0.003695525814287609, 0.003695525814287609, 0.003695525814287609, 0.003695525814287609, 0.003695525814287609, 0.003695525814287609, 0.003695525814287609, 0.003695525814287609, 0.003695525814287609, 0.003695525814287609, 0.003695525814287609, 0.003695525814287609, 0.003695525814287609, 0.003695525814287609, 0.003695525814287609, 0.003695525814287609, 0.003695525814287609, 0.003695525814287609, 0.003695525814287609, 0.003695525814287609, 0.003695525814287609, 0.003695525814287609, 0.003695525814287609, 0.003695525814287609, 0.003695525814287609, 0.003695525814287609, 0.003695525814287609]","{""elitism_fraction"": 0.2, ""max_iterations"": 120, ""mutation_fraction"": 0.1, ""population_size"": 40}"
rosenbrock,Rosenbrock,7,1599,ea,Algoritmo evolutivo,2,"[-2.048, 2.048]","[1.0, 1.0]","[1.1702634990697747, 1.372495505128302]",0.029877012580691392,0.40956386615065554,120,4840,"[2.2487004952934164, 0.029877012580691392, 0.029877012580691392, 0.029877012580691392, 0.029877012580691392, 0.029877012580691392, 0.029877012580691392, 0.029877012580691392, 0.029877012580691392, 0.029877012580691392, 0.029877012580691392, 0.029877012580691392, 0.029877012580691392, 0.029877012580691392, 0.029877012580691392, 0.029877012580691392, 0.029877012580691392, 0.029877012580691392, 0.029877012580691392, 0.029877012580691392, 0.029877012580691392, 0.029877012580691392, 0.029877012580691392, 0.029877012580691392, 0.029877012580691392, 0.029877012580691392, 0.029877012580691392, 0.029877012580691392, 0.029877012580691392, 0.029877012580691392, 0.029877012580691392, 0.029877012580691392, 0.029877012580691392, 0.029877012580691392, 0.029877012580691392, 0.029877012580691392, 0.029877012580691392, 0.029877012580691392, 0.029877012580691392, 0.029877012580691392, 0.029877012580691392, 0.029877012580691392, 0.029877012580691392, 0.029877012580691392, 0.029877012580691392, 0.029877012580691392, 0.029877012580691392, 0.029877012580691392, 0.029877012580691392, 0.029877012580691392, 0.029877012580691392, 0.029877012580691392, 0.029877012580691392, 0.029877012580691392, 0.029877012580691392, 0.029877012580691392, 0.029877012580691392, 0.029877012580691392, 0.029877012580691392, 0.029877012580691392, 0.029877012580691392, 0.029877012580691392, 0.029877012580691392, 0.029877012580691392, 0.029877012580691392, 0.029877012580691392, 0.029877012580691392, 0.029877012580691392, 0.029877012580691392, 0.029877012580691392, 0.029877012580691392, 0.029877012580691392, 0.029877012580691392, 0.029877012580691392, 0.029877012580691392, 0.029877012580691392, 0.029877012580691392, 0.029877012580691392, 0.029877012580691392, 0.029877012580691392, 0.029877012580691392, 0.029877012580691392, 0.029877012580691392, 0.029877012580691392, 0.029877012580691392, 0.029877012580691392, 0.029877012580691392, 0.029877012580691392, 0.029877012580691392, 0.029877012580691392, 0.029877012580691392, 0.029877012580691392, 0.029877012580691392, 0.029877012580691392, 0.029877012580691392, 0.029877012580691392, 0.029877012580691392, 0.029877012580691392, 0.029877012580691392, 0.029877012580691392, 0.029877012580691392, 0.029877012580691392, 0.029877012580691392, 0.029877012580691392, 0.029877012580691392, 0.029877012580691392, 0.029877012580691392, 0.029877012580691392, 0.029877012580691392, 0.029877012580691392, 0.029877012580691392, 0.029877012580691392, 0.029877012580691392, 0.029877012580691392, 0.029877012580691392, 0.029877012580691392, 0.029877012580691392, 0.029877012580691392, 0.029877012580691392, 0.029877012580691392, 0.029877012580691392]","{""elitism_fraction"": 0.2, ""max_iterations"": 120, ""mutation_fraction"": 0.1, ""population_size"": 40}"
rosenbrock,Rosenbrock,8,1600,ea,Algoritmo evolutivo,2,"[-2.048, 2.048]","[1.0, 1.0]","[0.97149040213848, 0.9389117442888373]",0.003196050101677261,0.06741344195379723,120,4840,"[2.8203261023478072, 0.003196050101677261, 0.003196050101677261, 0.003196050101677261, 0.003196050101677261, 0.003196050101677261, 0.003196050101677261, 0.003196050101677261, 0.003196050101677261, 0.003196050101677261, 0.003196050101677261, 0.003196050101677261, 0.003196050101677261, 0.003196050101677261, 0.003196050101677261, 0.003196050101677261, 0.003196050101677261, 0.003196050101677261, 0.003196050101677261, 0.003196050101677261, 0.003196050101677261, 0.003196050101677261, 0.003196050101677261, 0.003196050101677261, 0.003196050101677261, 0.003196050101677261, 0.003196050101677261, 0.003196050101677261, 0.003196050101677261, 0.003196050101677261, 0.003196050101677261, 0.003196050101677261, 0.003196050101677261, 0.003196050101677261, 0.003196050101677261, 0.003196050101677261, 0.003196050101677261, 0.003196050101677261, 0.003196050101677261, 0.003196050101677261, 0.003196050101677261, 0.003196050101677261, 0.003196050101677261, 0.003196050101677261, 0.003196050101677261, 0.003196050101677261, 0.003196050101677261, 0.003196050101677261, 0.003196050101677261, 0.003196050101677261, 0.003196050101677261, 0.003196050101677261, 0.003196050101677261, 0.003196050101677261, 0.003196050101677261, 0.003196050101677261, 0.003196050101677261, 0.003196050101677261, 0.003196050101677261, 0.003196050101677261, 0.003196050101677261, 0.003196050101677261, 0.003196050101677261, 0.003196050101677261, 0.003196050101677261, 0.003196050101677261, 0.003196050101677261, 0.003196050101677261, 0.003196050101677261, 0.003196050101677261, 0.003196050101677261, 0.003196050101677261, 0.003196050101677261, 0.003196050101677261, 0.003196050101677261, 0.003196050101677261, 0.003196050101677261, 0.003196050101677261, 0.003196050101677261, 0.003196050101677261, 0.003196050101677261, 0.003196050101677261, 0.003196050101677261, 0.003196050101677261, 0.003196050101677261, 0.003196050101677261, 0.003196050101677261, 0.003196050101677261, 0.003196050101677261, 0.003196050101677261, 0.003196050101677261, 0.003196050101677261, 0.003196050101677261, 0.003196050101677261, 0.003196050101677261, 0.003196050101677261, 0.003196050101677261, 0.003196050101677261, 0.003196050101677261, 0.003196050101677261, 0.003196050101677261, 0.003196050101677261, 0.003196050101677261, 0.003196050101677261, 0.003196050101677261, 0.003196050101677261, 0.003196050101677261, 0.003196050101677261, 0.003196050101677261, 0.003196050101677261, 0.003196050101677261, 0.003196050101677261, 0.003196050101677261, 0.003196050101677261, 0.003196050101677261, 0.003196050101677261, 0.003196050101677261, 0.003196050101677261, 0.003196050101677261, 0.003196050101677261, 0.003196050101677261]","{""elitism_fraction"": 0.2, ""max_iterations"": 120, ""mutation_fraction"": 0.1, ""population_size"": 40}"
rosenbrock,Rosenbrock,9,1601,ea,Algoritmo evolutivo,2,"[-2.048, 2.048]","[1.0, 1.0]","[1.4166220152770825, 2.004299496573501]",0.17420815640512635,1.0872862467774185,120,4840,"[1.2447093316925397, 1.2447093316925397, 1.2447093316925397, 0.3583690183446495, 0.3583690183446495, 0.3583690183446495, 0.3583690183446495, 0.3583690183446495, 0.3583690183446495, 0.3583690183446495, 0.3583690183446495, 0.3583690183446495, 0.3583690183446495, 0.3583690183446495, 0.3583690183446495, 0.3583690183446495, 0.3583690183446495, 0.3583690183446495, 0.3583690183446495, 0.3583690183446495, 0.3583690183446495, 0.3583690183446495, 0.3583690183446495, 0.3583690183446495, 0.3583690183446495, 0.3583690183446495, 0.3583690183446495, 0.3583690183446495, 0.3583690183446495, 0.3583690183446495, 0.3583690183446495, 0.3583690183446495, 0.3583690183446495, 0.3583690183446495, 0.3583690183446495, 0.29123131449664436, 0.29123131449664436, 0.29123131449664436, 0.29123131449664436, 0.21652155577939552, 0.21652155577939552, 0.21652155577939552, 0.21652155577939552, 0.21652155577939552, 0.21652155577939552, 0.21652155577939552, 0.21652155577939552, 0.21652155577939552, 0.21652155577939552, 0.20403647800803426, 0.20403647800803426, 0.20403647800803426, 0.20403647800803426, 0.20403647800803426, 0.20403647800803426, 0.20403647800803426, 0.20403647800803426, 0.20403647800803426, 0.20403647800803426, 0.20403647800803426, 0.20403647800803426, 0.20403647800803426, 0.20403647800803426, 0.20403647800803426, 0.20403647800803426, 0.20403647800803426, 0.20403647800803426, 0.20403647800803426, 0.20403647800803426, 0.20403647800803426, 0.20403647800803426, 0.20403647800803426, 0.20403647800803426, 0.20403647800803426, 0.20403647800803426, 0.20403647800803426, 0.20403647800803426, 0.20403647800803426, 0.20403647800803426, 0.20403647800803426, 0.20403647800803426, 0.20403647800803426, 0.20403647800803426, 0.20403647800803426, 0.20403647800803426, 0.20403647800803426, 0.20403647800803426, 0.20403647800803426, 0.20403647800803426, 0.20403647800803426, 0.20403647800803426, 0.20403647800803426, 0.20403647800803426, 0.20403647800803426, 0.17446836749834604, 0.17446836749834604, 0.17446836749834604, 0.17446836749834604, 0.17446836749834604, 0.17420815640512635, 0.17420815640512635, 0.17420815640512635, 0.17420815640512635, 0.17420815640512635, 0.17420815640512635, 0.17420815640512635, 0.17420815640512635, 0.17420815640512635, 0.17420815640512635, 0.17420815640512635, 0.17420815640512635, 0.17420815640512635, 0.17420815640512635, 0.17420815640512635, 0.17420815640512635, 0.17420815640512635, 0.17420815640512635, 0.17420815640512635, 0.17420815640512635, 0.17420815640512635, 0.17420815640512635]","{""elitism_fraction"": 0.2, ""max_iterations"": 120, ""mutation_fraction"": 0.1, ""population_size"": 40}"
rosenbrock,Rosenbrock,10,1641,ea,Algoritmo evolutivo,2,"[-2.048, 2.048]","[1.0, 1.0]","[0.580084881917625, 0.3389448599117655]",0.1769271886419408,0.7831491586097825,120,4840,"[0.5230633036864184, 0.5230633036864184, 0.5230633036864184, 0.5230633036864184, 0.5230633036864184, 0.5230633036864184, 0.5230633036864184, 0.5230633036864184, 0.5230633036864184, 0.5230633036864184, 0.5230633036864184, 0.24960195621971498, 0.24960195621971498, 0.24960195621971498, 0.21594822779283337, 0.21594822779283337, 0.21594822779283337, 0.21594822779283337, 0.21594822779283337, 0.21594822779283337, 0.21594822779283337, 0.21594822779283337, 0.21594822779283337, 0.21594822779283337, 0.21594822779283337, 0.21594822779283337, 0.21594822779283337, 0.21594822779283337, 0.21594822779283337, 0.21594822779283337, 0.21594822779283337, 0.21594822779283337, 0.21594822779283337, 0.21594822779283337, 0.21594822779283337, 0.21594822779283337, 0.21594822779283337, 0.21594822779283337, 0.21594822779283337, 0.21594822779283337, 0.21594822779283337, 0.21594822779283337, 0.21594822779283337, 0.21594822779283337, 0.21594822779283337, 0.21594822779283337, 0.21594822779283337, 0.21594822779283337, 0.1769271886419408, 0.1769271886419408, 0.1769271886419408, 0.1769271886419408, 0.1769271886419408, 0.1769271886419408, 0.1769271886419408, 0.1769271886419408, 0.1769271886419408, 0.1769271886419408, 0.1769271886419408, 0.1769271886419408, 0.1769271886419408, 0.1769271886419408, 0.1769271886419408, 0.1769271886419408, 0.1769271886419408, 0.1769271886419408, 0.1769271886419408, 0.1769271886419408, 0.1769271886419408, 0.1769271886419408, 0.1769271886419408, 0.1769271886419408, 0.1769271886419408, 0.1769271886419408, 0.1769271886419408, 0.1769271886419408, 0.1769271886419408, 0.1769271886419408, 0.1769271886419408, 0.1769271886419408, 0.1769271886419408, 0.1769271886419408, 0.1769271886419408, 0.1769271886419408, 0.1769271886419408, 0.1769271886419408, 0.1769271886419408, 0.1769271886419408, 0.1769271886419408, 0.1769271886419408, 0.1769271886419408, 0.1769271886419408, 0.1769271886419408, 0.1769271886419408, 0.1769271886419408, 0.1769271886419408, 0.1769271886419408, 0.1769271886419408, 0.1769271886419408, 0.1769271886419408, 0.1769271886419408, 0.1769271886419408, 0.1769271886419408, 0.1769271886419408, 0.1769271886419408, 0.1769271886419408, 0.1769271886419408, 0.1769271886419408, 0.1769271886419408, 0.1769271886419408, 0.1769271886419408, 0.1769271886419408, 0.1769271886419408, 0.1769271886419408, 0.1769271886419408, 0.1769271886419408, 0.1769271886419408, 0.1769271886419408, 0.1769271886419408, 0.1769271886419408, 0.1769271886419408]","{""elitism_fraction"": 0.2, ""max_iterations"": 120, ""mutation_fraction"": 0.1, ""population_size"": 40}"
rosenbrock,Rosenbrock,11,1642,ea,Algoritmo evolutivo,2,"[-2.048, 2.048]","[1.0, 1.0]","[1.0387595125366067, 1.0824830682767734]",0.0027006665429242065,0.09113592246982657,120,4840,"[0.3880777062525897, 0.3880777062525897, 0.3880777062525897, 0.3880777062525897, 0.3880777062525897, 0.3880777062525897, 0.3880777062525897, 0.3880777062525897, 0.3880777062525897, 0.3880777062525897, 0.3880777062525897, 0.3880777062525897, 0.3880777062525897, 0.1382762700033131, 0.1382762700033131, 0.1382762700033131, 0.1382762700033131, 0.1382762700033131, 0.1382762700033131, 0.1382762700033131, 0.1382762700033131, 0.1382762700033131, 0.1382762700033131, 0.1382762700033131, 0.1382762700033131, 0.1382762700033131, 0.1382762700033131, 0.045884048938538584, 0.045884048938538584, 0.045884048938538584, 0.045884048938538584, 0.045884048938538584, 0.045884048938538584, 0.045884048938538584, 0.045884048938538584, 0.045884048938538584, 0.045884048938538584, 0.045884048938538584, 0.045884048938538584, 0.045884048938538584, 0.045884048938538584, 0.045884048938538584, 0.045884048938538584, 0.045884048938538584, 0.045884048938538584, 0.045884048938538584, 0.045884048938538584, 0.045884048938538584, 0.045884048938538584, 0.045884048938538584, 0.045884048938538584, 0.045884048938538584, 0.045884048938538584, 0.045884048938538584, 0.045884048938538584, 0.045884048938538584, 0.045884048938538584, 0.045884048938538584, 0.045884048938538584, 0.045884048938538584, 0.045884048938538584, 0.045884048938538584, 0.045884048938538584, 0.045884048938538584, 0.045884048938538584, 0.045884048938538584, 0.045884048938538584, 0.045884048938538584, 0.045884048938538584, 0.045884048938538584, 0.045884048938538584, 0.045884048938538584, 0.045884048938538584, 0.045884048938538584, 0.045884048938538584, 0.045884048938538584, 0.045884048938538584, 0.045884048938538584, 0.045884048938538584, 0.045884048938538584, 0.045884048938538584, 0.045884048938538584, 0.045884048938538584, 0.045884048938538584, 0.045884048938538584, 0.045884048938538584, 0.045884048938538584, 0.045884048938538584, 0.045884048938538584, 0.045884048938538584, 0.045884048938538584, 0.045884048938538584, 0.045884048938538584, 0.045884048938538584, 0.045884048938538584, 0.045884048938538584, 0.045884048938538584, 0.045884048938538584, 0.045884048938538584, 0.045884048938538584, 0.045884048938538584, 0.045884048938538584, 0.045884048938538584, 0.045884048938538584, 0.045884048938538584, 0.045884048938538584, 0.045884048938538584, 0.045884048938538584, 0.045884048938538584, 0.045884048938538584, 0.0027006665429242065, 0.0027006665429242065, 0.0027006665429242065, 0.0027006665429242065, 0.0027006665429242065, 0.0027006665429242065, 0.0027006665429242065, 0.0027006665429242065, 0.0027006665429242065, 0.0027006665429242065, 0.0027006665429242065]","{""elitism_fraction"": 0.2, ""max_iterations"": 120, ""mutation_fraction"": 0.1, ""population_size"": 40}"
rosenbrock,Rosenbrock,12,1643,ea,Algoritmo evolutivo,2,"[-2.048, 2.048]","[1.0, 1.0]","[0.6492031079665357, 0.4246517555769693]",0.12407420746998207,0.6738575975834965,120,4840,"[3.71492409263737, 3.71492409263737, 1.0659164881980174, 1.0659164881980174, 1.0659164881980174, 0.35861654319072894, 0.35861654319072894, 0.35861654319072894, 0.35861654319072894, 0.35861654319072894, 0.35861654319072894, 0.35861654319072894, 0.35861654319072894, 0.12661290094331382, 0.12661290094331382, 0.12661290094331382, 0.12661290094331382, 0.12661290094331382, 0.12661290094331382, 0.12661290094331382, 0.12661290094331382, 0.12661290094331382, 0.12661290094331382, 0.12661290094331382, 0.12661290094331382, 0.12661290094331382, 0.12661290094331382, 0.12661290094331382, 0.12661290094331382, 0.12661290094331382, 0.12661290094331382, 0.12661290094331382, 0.12661290094331382, 0.12407420746998207, 0.12407420746998207, 0.12407420746998207, 0.12407420746998207, 0.12407420746998207, 0.12407420746998207, 0.12407420746998207, 0.12407420746998207, 0.12407420746998207, 0.12407420746998207, 0.12407420746998207, 0.12407420746998207, 0.12407420746998207, 0.12407420746998207, 0.12407420746998207, 0.12407420746998207, 0.12407420746998207, 0.12407420746998207, 0.12407420746998207, 0.12407420746998207, 0.12407420746998207, 0.12407420746998207, 0.12407420746998207, 0.12407420746998207, 0.12407420746998207, 0.12407420746998207, 0.12407420746998207, 0.12407420746998207, 0.12407420746998207, 0.12407420746998207, 0.12407420746998207, 0.12407420746998207, 0.12407420746998207, 0.12407420746998207, 0.12407420746998207, 0.12407420746998207, 0.12407420746998207, 0.12407420746998207, 0.12407420746998207, 0.12407420746998207, 0.12407420746998207, 0.12407420746998207, 0.12407420746998207, 0.12407420746998207, 0.12407420746998207, 0.12407420746998207, 0.12407420746998207, 0.12407420746998207, 0.12407420746998207, 0.12407420746998207, 0.12407420746998207, 0.12407420746998207, 0.12407420746998207, 0.12407420746998207, 0.12407420746998207, 0.12407420746998207, 0.12407420746998207, 0.12407420746998207, 0.12407420746998207, 0.12407420746998207, 0.12407420746998207, 0.12407420746998207, 0.12407420746998207, 0.12407420746998207, 0.12407420746998207, 0.12407420746998207, 0.12407420746998207, 0.12407420746998207, 0.12407420746998207, 0.12407420746998207, 0.12407420746998207, 0.12407420746998207, 0.12407420746998207, 0.12407420746998207, 0.12407420746998207, 0.12407420746998207, 0.12407420746998207, 0.12407420746998207, 0.12407420746998207, 0.12407420746998207, 0.12407420746998207, 0.12407420746998207, 0.12407420746998207, 0.12407420746998207, 0.12407420746998207, 0.12407420746998207, 0.12407420746998207, 0.12407420746998207]","{""elitism_fraction"": 0.2, ""max_iterations"": 120, ""mutation_fraction"": 0.1, ""population_size"": 40}"
rosenbrock,Rosenbrock,13,1644,ea,Algoritmo evolutivo,2,"[-2.048, 2.048]","[1.0, 1.0]","[0.5916936619241131, 0.35153483894081594]",0.16691954342534215,0.7663035500507968,120,4840,"[0.7990285774412538, 0.7990285774412538, 0.4630515797980689, 0.4630515797980689, 0.4630515797980689, 0.4630515797980689, 0.4630515797980689, 0.4630515797980689, 0.4630515797980689, 0.4630515797980689, 0.4630515797980689, 0.16691954342534215, 0.16691954342534215, 0.16691954342534215, 0.16691954342534215, 0.16691954342534215, 0.16691954342534215, 0.16691954342534215, 0.16691954342534215, 0.16691954342534215, 0.16691954342534215, 0.16691954342534215, 0.16691954342534215, 0.16691954342534215, 0.16691954342534215, 0.16691954342534215, 0.16691954342534215, 0.16691954342534215, 0.16691954342534215, 0.16691954342534215, 0.16691954342534215, 0.16691954342534215, 0.16691954342534215, 0.16691954342534215, 0.16691954342534215, 0.16691954342534215, 0.16691954342534215, 0.16691954342534215, 0.16691954342534215, 0.16691954342534215, 0.16691954342534215, 0.16691954342534215, 0.16691954342534215, 0.16691954342534215, 0.16691954342534215, 0.16691954342534215, 0.16691954342534215, 0.16691954342534215, 0.16691954342534215, 0.16691954342534215, 0.16691954342534215, 0.16691954342534215, 0.16691954342534215, 0.16691954342534215, 0.16691954342534215, 0.16691954342534215, 0.16691954342534215, 0.16691954342534215, 0.16691954342534215, 0.16691954342534215, 0.16691954342534215, 0.16691954342534215, 0.16691954342534215, 0.16691954342534215, 0.16691954342534215, 0.16691954342534215, 0.16691954342534215, 0.16691954342534215, 0.16691954342534215, 0.16691954342534215, 0.16691954342534215, 0.16691954342534215, 0.16691954342534215, 0.16691954342534215, 0.16691954342534215, 0.16691954342534215, 0.16691954342534215, 0.16691954342534215, 0.16691954342534215, 0.16691954342534215, 0.16691954342534215, 0.16691954342534215, 0.16691954342534215, 0.16691954342534215, 0.16691954342534215, 0.16691954342534215, 0.16691954342534215, 0.16691954342534215, 0.16691954342534215, 0.16691954342534215, 0.16691954342534215, 0.16691954342534215, 0.16691954342534215, 0.16691954342534215, 0.16691954342534215, 0.16691954342534215, 0.16691954342534215, 0.16691954342534215, 0.16691954342534215, 0.16691954342534215, 0.16691954342534215, 0.16691954342534215, 0.16691954342534215, 0.16691954342534215, 0.16691954342534215, 0.16691954342534215, 0.16691954342534215, 0.16691954342534215, 0.16691954342534215, 0.16691954342534215, 0.16691954342534215, 0.16691954342534215, 0.16691954342534215, 0.16691954342534215, 0.16691954342534215, 0.16691954342534215, 0.16691954342534215, 0.16691954342534215, 0.16691954342534215, 0.16691954342534215, 0.16691954342534215]","{""elitism_fraction"": 0.2, ""max_iterations"": 120, ""mutation_fraction"": 0.1, ""population_size"": 40}"
rosenbrock,Rosenbrock,14,1645,ea,Algoritmo evolutivo,2,"[-2.048, 2.048]","[1.0, 1.0]","[0.8828947875834547, 0.7783955251885488]",0.013836326440288269,0.25064351982762945,120,4840,"[3.300333799943484, 3.2008841101661423, 3.2008841101661423, 1.6835152892007454, 0.3631882195343428, 0.3631882195343428, 0.3631882195343428, 0.3631882195343428, 0.3631882195343428, 0.3631882195343428, 0.3631882195343428, 0.3631882195343428, 0.3631882195343428, 0.3631882195343428, 0.3631882195343428, 0.3631882195343428, 0.3631882195343428, 0.3631882195343428, 0.3631882195343428, 0.3631882195343428, 0.3631882195343428, 0.3631882195343428, 0.3631882195343428, 0.3631882195343428, 0.3631882195343428, 0.3631882195343428, 0.3631882195343428, 0.3631882195343428, 0.3631882195343428, 0.3631882195343428, 0.3631882195343428, 0.3631882195343428, 0.3631882195343428, 0.3631882195343428, 0.3631882195343428, 0.3631882195343428, 0.34900599330854426, 0.34900599330854426, 0.34900599330854426, 0.34900599330854426, 0.34900599330854426, 0.34900599330854426, 0.34900599330854426, 0.34900599330854426, 0.34900599330854426, 0.34900599330854426, 0.34900599330854426, 0.34900599330854426, 0.34900599330854426, 0.34900599330854426, 0.34900599330854426, 0.34900599330854426, 0.34900599330854426, 0.34900599330854426, 0.34900599330854426, 0.34900599330854426, 0.34900599330854426, 0.34900599330854426, 0.34900599330854426, 0.03098091972380305, 0.03098091972380305, 0.03098091972380305, 0.03098091972380305, 0.03098091972380305, 0.03098091972380305, 0.03098091972380305, 0.03098091972380305, 0.03098091972380305, 0.03098091972380305, 0.03098091972380305, 0.03098091972380305, 0.03098091972380305, 0.03098091972380305, 0.03098091972380305, 0.03098091972380305, 0.03098091972380305, 0.03098091972380305, 0.03098091972380305, 0.03098091972380305, 0.03098091972380305, 0.03098091972380305, 0.03098091972380305, 0.03098091972380305, 0.03098091972380305, 0.03098091972380305, 0.03098091972380305, 0.03098091972380305, 0.03098091972380305, 0.03098091972380305, 0.03098091972380305, 0.03098091972380305, 0.03098091972380305, 0.03098091972380305, 0.03098091972380305, 0.03098091972380305, 0.03098091972380305, 0.03098091972380305, 0.03098091972380305, 0.03098091972380305, 0.03098091972380305, 0.03098091972380305, 0.03098091972380305, 0.03098091972380305, 0.03098091972380305, 0.03098091972380305, 0.03098091972380305, 0.03098091972380305, 0.03098091972380305, 0.03098091972380305, 0.03098091972380305, 0.03098091972380305, 0.013836326440288269, 0.013836326440288269, 0.013836326440288269, 0.013836326440288269, 0.013836326440288269, 0.013836326440288269, 0.013836326440288269, 0.013836326440288269, 0.013836326440288269, 0.013836326440288269]","{""elitism_fraction"": 0.2, ""max_iterations"": 120, ""mutation_fraction"": 0.1, ""population_size"": 40}"
rosenbrock,Rosenbrock,15,1646,ea,Algoritmo evolutivo,2,"[-2.048, 2.048]","[1.0, 1.0]","[0.8398861589655624, 0.7052928346358489]",0.025637785960314866,0.3353934337576904,120,4840,"[0.23900725422374175, 0.23900725422374175, 0.04721016211708898, 0.04721016211708898, 0.04721016211708898, 0.04721016211708898, 0.04721016211708898, 0.04721016211708898, 0.04721016211708898, 0.04721016211708898, 0.04721016211708898, 0.04721016211708898, 0.04721016211708898, 0.04721016211708898, 0.04721016211708898, 0.04721016211708898, 0.04721016211708898, 0.04721016211708898, 0.04721016211708898, 0.04721016211708898, 0.04721016211708898, 0.04721016211708898, 0.04721016211708898, 0.04721016211708898, 0.04721016211708898, 0.04721016211708898, 0.04721016211708898, 0.04721016211708898, 0.04721016211708898, 0.04721016211708898, 0.04721016211708898, 0.04721016211708898, 0.04721016211708898, 0.04721016211708898, 0.04721016211708898, 0.04721016211708898, 0.04721016211708898, 0.029480796640148438, 0.029480796640148438, 0.029480796640148438, 0.029480796640148438, 0.029480796640148438, 0.029480796640148438, 0.025637785960314866, 0.025637785960314866, 0.025637785960314866, 0.025637785960314866, 0.025637785960314866, 0.025637785960314866, 0.025637785960314866, 0.025637785960314866, 0.025637785960314866, 0.025637785960314866, 0.025637785960314866, 0.025637785960314866, 0.025637785960314866, 0.025637785960314866, 0.025637785960314866, 0.025637785960314866, 0.025637785960314866, 0.025637785960314866, 0.025637785960314866, 0.025637785960314866, 0.025637785960314866, 0.025637785960314866, 0.025637785960314866, 0.025637785960314866, 0.025637785960314866, 0.025637785960314866, 0.025637785960314866, 0.025637785960314866, 0.025637785960314866, 0.025637785960314866, 0.025637785960314866, 0.025637785960314866, 0.025637785960314866, 0.025637785960314866, 0.025637785960314866, 0.025637785960314866, 0.025637785960314866, 0.025637785960314866, 0.025637785960314866, 0.025637785960314866, 0.025637785960314866, 0.025637785960314866, 0.025637785960314866, 0.025637785960314866, 0.025637785960314866, 0.025637785960314866, 0.025637785960314866, 0.025637785960314866, 0.025637785960314866, 0.025637785960314866, 0.025637785960314866, 0.025637785960314866, 0.025637785960314866, 0.025637785960314866, 0.025637785960314866, 0.025637785960314866, 0.025637785960314866, 0.025637785960314866, 0.025637785960314866, 0.025637785960314866, 0.025637785960314866, 0.025637785960314866, 0.025637785960314866, 0.025637785960314866, 0.025637785960314866, 0.025637785960314866, 0.025637785960314866, 0.025637785960314866, 0.025637785960314866, 0.025637785960314866, 0.025637785960314866, 0.025637785960314866, 0.025637785960314866, 0.025637785960314866, 0.025637785960314866, 0.025637785960314866, 0.025637785960314866, 0.025637785960314866]","{""elitism_fraction"": 0.2, ""max_iterations"": 120, ""mutation_fraction"": 0.1, ""population_size"": 40}"
rosenbrock,Rosenbrock,16,1647,ea,Algoritmo evolutivo,2,"[-2.048, 2.048]","[1.0, 1.0]","[0.8704089533407662, 0.7573675991145055]",0.016799800147128507,0.2750714840431393,120,4840,"[0.19727695287590657, 0.19727695287590657, 0.19727695287590657, 0.19727695287590657, 0.19727695287590657, 0.19727695287590657, 0.19727695287590657, 0.19727695287590657, 0.05870035310489807, 0.05870035310489807, 0.05870035310489807, 0.05870035310489807, 0.05870035310489807, 0.05870035310489807, 0.05870035310489807, 0.025871283880523392, 0.025871283880523392, 0.025871283880523392, 0.025871283880523392, 0.025871283880523392, 0.016799800147128507, 0.016799800147128507, 0.016799800147128507, 0.016799800147128507, 0.016799800147128507, 0.016799800147128507, 0.016799800147128507, 0.016799800147128507, 0.016799800147128507, 0.016799800147128507, 0.016799800147128507, 0.016799800147128507, 0.016799800147128507, 0.016799800147128507, 0.016799800147128507, 0.016799800147128507, 0.016799800147128507, 0.016799800147128507, 0.016799800147128507, 0.016799800147128507, 0.016799800147128507, 0.016799800147128507, 0.016799800147128507, 0.016799800147128507, 0.016799800147128507, 0.016799800147128507, 0.016799800147128507, 0.016799800147128507, 0.016799800147128507, 0.016799800147128507, 0.016799800147128507, 0.016799800147128507, 0.016799800147128507, 0.016799800147128507, 0.016799800147128507, 0.016799800147128507, 0.016799800147128507, 0.016799800147128507, 0.016799800147128507, 0.016799800147128507, 0.016799800147128507, 0.016799800147128507, 0.016799800147128507, 0.016799800147128507, 0.016799800147128507, 0.016799800147128507, 0.016799800147128507, 0.016799800147128507, 0.016799800147128507, 0.016799800147128507, 0.016799800147128507, 0.016799800147128507, 0.016799800147128507, 0.016799800147128507, 0.016799800147128507, 0.016799800147128507, 0.016799800147128507, 0.016799800147128507, 0.016799800147128507, 0.016799800147128507, 0.016799800147128507, 0.016799800147128507, 0.016799800147128507, 0.016799800147128507, 0.016799800147128507, 0.016799800147128507, 0.016799800147128507, 0.016799800147128507, 0.016799800147128507, 0.016799800147128507, 0.016799800147128507, 0.016799800147128507, 0.016799800147128507, 0.016799800147128507, 0.016799800147128507, 0.016799800147128507, 0.016799800147128507, 0.016799800147128507, 0.016799800147128507, 0.016799800147128507, 0.016799800147128507, 0.016799800147128507, 0.016799800147128507, 0.016799800147128507, 0.016799800147128507, 0.016799800147128507, 0.016799800147128507, 0.016799800147128507, 0.016799800147128507, 0.016799800147128507, 0.016799800147128507, 0.016799800147128507, 0.016799800147128507, 0.016799800147128507, 0.016799800147128507, 0.016799800147128507, 0.016799800147128507, 0.016799800147128507, 0.016799800147128507, 0.016799800147128507, 0.016799800147128507]","{""elitism_fraction"": 0.2, ""max_iterations"": 120, ""mutation_fraction"": 0.1, ""population_size"": 40}"
rosenbrock,Rosenbrock,17,1648,ea,Algoritmo evolutivo,2,"[-2.048, 2.048]","[1.0, 1.0]","[1.210929443162573, 1.480868636789837]",0.06556997366193265,0.5250960634407663,120,4840,"[11.797588119187566, 2.092127486381083, 2.092127486381083, 2.092127486381083, 2.092127486381083, 2.092127486381083, 2.092127486381083, 2.092127486381083, 2.092127486381083, 1.0646229807094947, 0.9083513962691508, 0.9083513962691508, 0.9083513962691508, 0.9083513962691508, 0.9083513962691508, 0.9083513962691508, 0.9083513962691508, 0.9083513962691508, 0.9083513962691508, 0.9083513962691508, 0.9083513962691508, 0.9083513962691508, 0.12929696954278447, 0.12929696954278447, 0.12929696954278447, 0.12929696954278447, 0.12929696954278447, 0.12929696954278447, 0.12929696954278447, 0.12929696954278447, 0.12929696954278447, 0.12929696954278447, 0.12929696954278447, 0.12929696954278447, 0.12929696954278447, 0.12929696954278447, 0.12929696954278447, 0.12929696954278447, 0.12929696954278447, 0.12929696954278447, 0.06556997366193265, 0.06556997366193265, 0.06556997366193265, 0.06556997366193265, 0.06556997366193265, 0.06556997366193265, 0.06556997366193265, 0.06556997366193265, 0.06556997366193265, 0.06556997366193265, 0.06556997366193265, 0.06556997366193265, 0.06556997366193265, 0.06556997366193265, 0.06556997366193265, 0.06556997366193265, 0.06556997366193265, 0.06556997366193265, 0.06556997366193265, 0.06556997366193265, 0.06556997366193265, 0.06556997366193265, 0.06556997366193265, 0.06556997366193265, 0.06556997366193265, 0.06556997366193265, 0.06556997366193265, 0.06556997366193265, 0.06556997366193265, 0.06556997366193265, 0.06556997366193265, 0.06556997366193265, 0.06556997366193265, 0.06556997366193265, 0.06556997366193265, 0.06556997366193265, 0.06556997366193265, 0.06556997366193265, 0.06556997366193265, 0.06556997366193265, 0.06556997366193265, 0.06556997366193265, 0.06556997366193265, 0.06556997366193265, 0.06556997366193265, 0.06556997366193265, 0.06556997366193265, 0.06556997366193265, 0.06556997366193265, 0.06556997366193265, 0.06556997366193265, 0.06556997366193265, 0.06556997366193265, 0.06556997366193265, 0.06556997366193265, 0.06556997366193265, 0.06556997366193265, 0.06556997366193265, 0.06556997366193265, 0.06556997366193265, 0.06556997366193265, 0.06556997366193265, 0.06556997366193265, 0.06556997366193265, 0.06556997366193265, 0.06556997366193265, 0.06556997366193265, 0.06556997366193265, 0.06556997366193265, 0.06556997366193265, 0.06556997366193265, 0.06556997366193265, 0.06556997366193265, 0.06556997366193265, 0.06556997366193265, 0.06556997366193265, 0.06556997366193265, 0.06556997366193265, 0.06556997366193265, 0.06556997366193265, 0.06556997366193265]","{""elitism_fraction"": 0.2, ""max_iterations"": 120, ""mutation_fraction"": 0.1, ""population_size"": 40}"
rosenbrock,Rosenbrock,18,1649,ea,Algoritmo evolutivo,2,"[-2.048, 2.048]","[1.0, 1.0]","[0.6567078004894475, 0.4142754737749579]",0.1467143938590397,0.6789129214165415,120,4840,"[1.2429085363339478, 1.2429085363339478, 1.2429085363339478, 1.2429085363339478, 1.2429085363339478, 0.371636577611966, 0.371636577611966, 0.371636577611966, 0.371636577611966, 0.371636577611966, 0.18072923297851093, 0.18072923297851093, 0.18072923297851093, 0.18072923297851093, 0.18072923297851093, 0.18072923297851093, 0.18072923297851093, 0.18072923297851093, 0.18072923297851093, 0.18072923297851093, 0.18072923297851093, 0.18072923297851093, 0.18072923297851093, 0.18072923297851093, 0.18072923297851093, 0.18072923297851093, 0.18072923297851093, 0.14983447140356954, 0.14983447140356954, 0.14983447140356954, 0.14983447140356954, 0.1467143938590397, 0.1467143938590397, 0.1467143938590397, 0.1467143938590397, 0.1467143938590397, 0.1467143938590397, 0.1467143938590397, 0.1467143938590397, 0.1467143938590397, 0.1467143938590397, 0.1467143938590397, 0.1467143938590397, 0.1467143938590397, 0.1467143938590397, 0.1467143938590397, 0.1467143938590397, 0.1467143938590397, 0.1467143938590397, 0.1467143938590397, 0.1467143938590397, 0.1467143938590397, 0.1467143938590397, 0.1467143938590397, 0.1467143938590397, 0.1467143938590397, 0.1467143938590397, 0.1467143938590397, 0.1467143938590397, 0.1467143938590397, 0.1467143938590397, 0.1467143938590397, 0.1467143938590397, 0.1467143938590397, 0.1467143938590397, 0.1467143938590397, 0.1467143938590397, 0.1467143938590397, 0.1467143938590397, 0.1467143938590397, 0.1467143938590397, 0.1467143938590397, 0.1467143938590397, 0.1467143938590397, 0.1467143938590397, 0.1467143938590397, 0.1467143938590397, 0.1467143938590397, 0.1467143938590397, 0.1467143938590397, 0.1467143938590397, 0.1467143938590397, 0.1467143938590397, 0.1467143938590397, 0.1467143938590397, 0.1467143938590397, 0.1467143938590397, 0.1467143938590397, 0.1467143938590397, 0.1467143938590397, 0.1467143938590397, 0.1467143938590397, 0.1467143938590397, 0.1467143938590397, 0.1467143938590397, 0.1467143938590397, 0.1467143938590397, 0.1467143938590397, 0.1467143938590397, 0.1467143938590397, 0.1467143938590397, 0.1467143938590397, 0.1467143938590397, 0.1467143938590397, 0.1467143938590397, 0.1467143938590397, 0.1467143938590397, 0.1467143938590397, 0.1467143938590397, 0.1467143938590397, 0.1467143938590397, 0.1467143938590397, 0.1467143938590397, 0.1467143938590397, 0.1467143938590397, 0.1467143938590397, 0.1467143938590397, 0.1467143938590397, 0.1467143938590397, 0.1467143938590397, 0.1467143938590397]","{""elitism_fraction"": 0.2, ""max_iterations"": 120, ""mutation_fraction"": 0.1, ""population_size"": 40}"
rosenbrock,Rosenbrock,19,1650,ea,Algoritmo evolutivo,2,"[-2.048, 2.048]","[1.0, 1.0]","[0.9060102357064488, 0.8207857868934112]",0.008834548590000296,0.2023655355325386,120,4840,"[0.8656126824220026, 0.8656126824220026, 0.8656126824220026, 0.7102585066186007, 0.7102585066186007, 0.7102585066186007, 0.10206289700827532, 0.011761118227169298, 0.011761118227169298, 0.011761118227169298, 0.011761118227169298, 0.011761118227169298, 0.011761118227169298, 0.011761118227169298, 0.011761118227169298, 0.011761118227169298, 0.011761118227169298, 0.011761118227169298, 0.011761118227169298, 0.011761118227169298, 0.011761118227169298, 0.011761118227169298, 0.01038182836508569, 0.01038182836508569, 0.01038182836508569, 0.01038182836508569, 0.008834548590000296, 0.008834548590000296, 0.008834548590000296, 0.008834548590000296, 0.008834548590000296, 0.008834548590000296, 0.008834548590000296, 0.008834548590000296, 0.008834548590000296, 0.008834548590000296, 0.008834548590000296, 0.008834548590000296, 0.008834548590000296, 0.008834548590000296, 0.008834548590000296, 0.008834548590000296, 0.008834548590000296, 0.008834548590000296, 0.008834548590000296, 0.008834548590000296, 0.008834548590000296, 0.008834548590000296, 0.008834548590000296, 0.008834548590000296, 0.008834548590000296, 0.008834548590000296, 0.008834548590000296, 0.008834548590000296, 0.008834548590000296, 0.008834548590000296, 0.008834548590000296, 0.008834548590000296, 0.008834548590000296, 0.008834548590000296, 0.008834548590000296, 0.008834548590000296, 0.008834548590000296, 0.008834548590000296, 0.008834548590000296, 0.008834548590000296, 0.008834548590000296, 0.008834548590000296, 0.008834548590000296, 0.008834548590000296, 0.008834548590000296, 0.008834548590000296, 0.008834548590000296, 0.008834548590000296, 0.008834548590000296, 0.008834548590000296, 0.008834548590000296, 0.008834548590000296, 0.008834548590000296, 0.008834548590000296, 0.008834548590000296, 0.008834548590000296, 0.008834548590000296, 0.008834548590000296, 0.008834548590000296, 0.008834548590000296, 0.008834548590000296, 0.008834548590000296, 0.008834548590000296, 0.008834548590000296, 0.008834548590000296, 0.008834548590000296, 0.008834548590000296, 0.008834548590000296, 0.008834548590000296, 0.008834548590000296, 0.008834548590000296, 0.008834548590000296, 0.008834548590000296, 0.008834548590000296, 0.008834548590000296, 0.008834548590000296, 0.008834548590000296, 0.008834548590000296, 0.008834548590000296, 0.008834548590000296, 0.008834548590000296, 0.008834548590000296, 0.008834548590000296, 0.008834548590000296, 0.008834548590000296, 0.008834548590000296, 0.008834548590000296, 0.008834548590000296, 0.008834548590000296, 0.008834548590000296, 0.008834548590000296, 0.008834548590000296, 0.008834548590000296, 0.008834548590000296, 0.008834548590000296]","{""elitism_fraction"": 0.2, ""max_iterations"": 120, ""mutation_fraction"": 0.1, ""population_size"": 40}"
rosenbrock,Rosenbrock,20,1642,ea,Algoritmo evolutivo,2,"[-2.048, 2.048]","[1.0, 1.0]","[1.0387595125366067, 1.0824830682767734]",0.0027006665429242065,0.09113592246982657,120,4840,"[0.3880777062525897, 0.3880777062525897, 0.3880777062525897, 0.3880777062525897, 0.3880777062525897, 0.3880777062525897, 0.3880777062525897, 0.3880777062525897, 0.3880777062525897, 0.3880777062525897, 0.3880777062525897, 0.3880777062525897, 0.3880777062525897, 0.1382762700033131, 0.1382762700033131, 0.1382762700033131, 0.1382762700033131, 0.1382762700033131, 0.1382762700033131, 0.1382762700033131, 0.1382762700033131, 0.1382762700033131, 0.1382762700033131, 0.1382762700033131, 0.1382762700033131, 0.1382762700033131, 0.1382762700033131, 0.045884048938538584, 0.045884048938538584, 0.045884048938538584, 0.045884048938538584, 0.045884048938538584, 0.045884048938538584, 0.045884048938538584, 0.045884048938538584, 0.045884048938538584, 0.045884048938538584, 0.045884048938538584, 0.045884048938538584, 0.045884048938538584, 0.045884048938538584, 0.045884048938538584, 0.045884048938538584, 0.045884048938538584, 0.045884048938538584, 0.045884048938538584, 0.045884048938538584, 0.045884048938538584, 0.045884048938538584, 0.045884048938538584, 0.045884048938538584, 0.045884048938538584, 0.045884048938538584, 0.045884048938538584, 0.045884048938538584, 0.045884048938538584, 0.045884048938538584, 0.045884048938538584, 0.045884048938538584, 0.045884048938538584, 0.045884048938538584, 0.045884048938538584, 0.045884048938538584, 0.045884048938538584, 0.045884048938538584, 0.045884048938538584, 0.045884048938538584, 0.045884048938538584, 0.045884048938538584, 0.045884048938538584, 0.045884048938538584, 0.045884048938538584, 0.045884048938538584, 0.045884048938538584, 0.045884048938538584, 0.045884048938538584, 0.045884048938538584, 0.045884048938538584, 0.045884048938538584, 0.045884048938538584, 0.045884048938538584, 0.045884048938538584, 0.045884048938538584, 0.045884048938538584, 0.045884048938538584, 0.045884048938538584, 0.045884048938538584, 0.045884048938538584, 0.045884048938538584, 0.045884048938538584, 0.045884048938538584, 0.045884048938538584, 0.045884048938538584, 0.045884048938538584, 0.045884048938538584, 0.045884048938538584, 0.045884048938538584, 0.045884048938538584, 0.045884048938538584, 0.045884048938538584, 0.045884048938538584, 0.045884048938538584, 0.045884048938538584, 0.045884048938538584, 0.045884048938538584, 0.045884048938538584, 0.045884048938538584, 0.045884048938538584, 0.045884048938538584, 0.045884048938538584, 0.0027006665429242065, 0.0027006665429242065, 0.0027006665429242065, 0.0027006665429242065, 0.0027006665429242065, 0.0027006665429242065, 0.0027006665429242065, 0.0027006665429242065, 0.0027006665429242065, 0.0027006665429242065, 0.0027006665429242065]","{""elitism_fraction"": 0.2, ""max_iterations"": 120, ""mutation_fraction"": 0.1, ""population_size"": 40}"
rosenbrock,Rosenbrock,21,1643,ea,Algoritmo evolutivo,2,"[-2.048, 2.048]","[1.0, 1.0]","[0.6492031079665357, 0.4246517555769693]",0.12407420746998207,0.6738575975834965,120,4840,"[3.71492409263737, 3.71492409263737, 1.0659164881980174, 1.0659164881980174, 1.0659164881980174, 0.35861654319072894, 0.35861654319072894, 0.35861654319072894, 0.35861654319072894, 0.35861654319072894, 0.35861654319072894, 0.35861654319072894, 0.35861654319072894, 0.12661290094331382, 0.12661290094331382, 0.12661290094331382, 0.12661290094331382, 0.12661290094331382, 0.12661290094331382, 0.12661290094331382, 0.12661290094331382, 0.12661290094331382, 0.12661290094331382, 0.12661290094331382, 0.12661290094331382, 0.12661290094331382, 0.12661290094331382, 0.12661290094331382, 0.12661290094331382, 0.12661290094331382, 0.12661290094331382, 0.12661290094331382, 0.12661290094331382, 0.12407420746998207, 0.12407420746998207, 0.12407420746998207, 0.12407420746998207, 0.12407420746998207, 0.12407420746998207, 0.12407420746998207, 0.12407420746998207, 0.12407420746998207, 0.12407420746998207, 0.12407420746998207, 0.12407420746998207, 0.12407420746998207, 0.12407420746998207, 0.12407420746998207, 0.12407420746998207, 0.12407420746998207, 0.12407420746998207, 0.12407420746998207, 0.12407420746998207, 0.12407420746998207, 0.12407420746998207, 0.12407420746998207, 0.12407420746998207, 0.12407420746998207, 0.12407420746998207, 0.12407420746998207, 0.12407420746998207, 0.12407420746998207, 0.12407420746998207, 0.12407420746998207, 0.12407420746998207, 0.12407420746998207, 0.12407420746998207, 0.12407420746998207, 0.12407420746998207, 0.12407420746998207, 0.12407420746998207, 0.12407420746998207, 0.12407420746998207, 0.12407420746998207, 0.12407420746998207, 0.12407420746998207, 0.12407420746998207, 0.12407420746998207, 0.12407420746998207, 0.12407420746998207, 0.12407420746998207, 0.12407420746998207, 0.12407420746998207, 0.12407420746998207, 0.12407420746998207, 0.12407420746998207, 0.12407420746998207, 0.12407420746998207, 0.12407420746998207, 0.12407420746998207, 0.12407420746998207, 0.12407420746998207, 0.12407420746998207, 0.12407420746998207, 0.12407420746998207, 0.12407420746998207, 0.12407420746998207, 0.12407420746998207, 0.12407420746998207, 0.12407420746998207, 0.12407420746998207, 0.12407420746998207, 0.12407420746998207, 0.12407420746998207, 0.12407420746998207, 0.12407420746998207, 0.12407420746998207, 0.12407420746998207, 0.12407420746998207, 0.12407420746998207, 0.12407420746998207, 0.12407420746998207, 0.12407420746998207, 0.12407420746998207, 0.12407420746998207, 0.12407420746998207, 0.12407420746998207, 0.12407420746998207, 0.12407420746998207, 0.12407420746998207, 0.12407420746998207]","{""elitism_fraction"": 0.2, ""max_iterations"": 120, ""mutation_fraction"": 0.1, ""population_size"": 40}"
rosenbrock,Rosenbrock,22,1644,ea,Algoritmo evolutivo,2,"[-2.048, 2.048]","[1.0, 1.0]","[0.5916936619241131, 0.35153483894081594]",0.16691954342534215,0.7663035500507968,120,4840,"[0.7990285774412538, 0.7990285774412538, 0.4630515797980689, 0.4630515797980689, 0.4630515797980689, 0.4630515797980689, 0.4630515797980689, 0.4630515797980689, 0.4630515797980689, 0.4630515797980689, 0.4630515797980689, 0.16691954342534215, 0.16691954342534215, 0.16691954342534215, 0.16691954342534215, 0.16691954342534215, 0.16691954342534215, 0.16691954342534215, 0.16691954342534215, 0.16691954342534215, 0.16691954342534215, 0.16691954342534215, 0.16691954342534215, 0.16691954342534215, 0.16691954342534215, 0.16691954342534215, 0.16691954342534215, 0.16691954342534215, 0.16691954342534215, 0.16691954342534215, 0.16691954342534215, 0.16691954342534215, 0.16691954342534215, 0.16691954342534215, 0.16691954342534215, 0.16691954342534215, 0.16691954342534215, 0.16691954342534215, 0.16691954342534215, 0.16691954342534215, 0.16691954342534215, 0.16691954342534215, 0.16691954342534215, 0.16691954342534215, 0.16691954342534215, 0.16691954342534215, 0.16691954342534215, 0.16691954342534215, 0.16691954342534215, 0.16691954342534215, 0.16691954342534215, 0.16691954342534215, 0.16691954342534215, 0.16691954342534215, 0.16691954342534215, 0.16691954342534215, 0.16691954342534215, 0.16691954342534215, 0.16691954342534215, 0.16691954342534215, 0.16691954342534215, 0.16691954342534215, 0.16691954342534215, 0.16691954342534215, 0.16691954342534215, 0.16691954342534215, 0.16691954342534215, 0.16691954342534215, 0.16691954342534215, 0.16691954342534215, 0.16691954342534215, 0.16691954342534215, 0.16691954342534215, 0.16691954342534215, 0.16691954342534215, 0.16691954342534215, 0.16691954342534215, 0.16691954342534215, 0.16691954342534215, 0.16691954342534215, 0.16691954342534215, 0.16691954342534215, 0.16691954342534215, 0.16691954342534215, 0.16691954342534215, 0.16691954342534215, 0.16691954342534215, 0.16691954342534215, 0.16691954342534215, 0.16691954342534215, 0.16691954342534215, 0.16691954342534215, 0.16691954342534215, 0.16691954342534215, 0.16691954342534215, 0.16691954342534215, 0.16691954342534215, 0.16691954342534215, 0.16691954342534215, 0.16691954342534215, 0.16691954342534215, 0.16691954342534215, 0.16691954342534215, 0.16691954342534215, 0.16691954342534215, 0.16691954342534215, 0.16691954342534215, 0.16691954342534215, 0.16691954342534215, 0.16691954342534215, 0.16691954342534215, 0.16691954342534215, 0.16691954342534215, 0.16691954342534215, 0.16691954342534215, 0.16691954342534215, 0.16691954342534215, 0.16691954342534215, 0.16691954342534215, 0.16691954342534215, 0.16691954342534215]","{""elitism_fraction"": 0.2, ""max_iterations"": 120, ""mutation_fraction"": 0.1, ""population_size"": 40}"
rosenbrock,Rosenbrock,23,1645,ea,Algoritmo evolutivo,2,"[-2.048, 2.048]","[1.0, 1.0]","[0.8828947875834547, 0.7783955251885488]",0.013836326440288269,0.25064351982762945,120,4840,"[3.300333799943484, 3.2008841101661423, 3.2008841101661423, 1.6835152892007454, 0.3631882195343428, 0.3631882195343428, 0.3631882195343428, 0.3631882195343428, 0.3631882195343428, 0.3631882195343428, 0.3631882195343428, 0.3631882195343428, 0.3631882195343428, 0.3631882195343428, 0.3631882195343428, 0.3631882195343428, 0.3631882195343428, 0.3631882195343428, 0.3631882195343428, 0.3631882195343428, 0.3631882195343428, 0.3631882195343428, 0.3631882195343428, 0.3631882195343428, 0.3631882195343428, 0.3631882195343428, 0.3631882195343428, 0.3631882195343428, 0.3631882195343428, 0.3631882195343428, 0.3631882195343428, 0.3631882195343428, 0.3631882195343428, 0.3631882195343428, 0.3631882195343428, 0.3631882195343428, 0.34900599330854426, 0.34900599330854426, 0.34900599330854426, 0.34900599330854426, 0.34900599330854426, 0.34900599330854426, 0.34900599330854426, 0.34900599330854426, 0.34900599330854426, 0.34900599330854426, 0.34900599330854426, 0.34900599330854426, 0.34900599330854426, 0.34900599330854426, 0.34900599330854426, 0.34900599330854426, 0.34900599330854426, 0.34900599330854426, 0.34900599330854426, 0.34900599330854426, 0.34900599330854426, 0.34900599330854426, 0.34900599330854426, 0.03098091972380305, 0.03098091972380305, 0.03098091972380305, 0.03098091972380305, 0.03098091972380305, 0.03098091972380305, 0.03098091972380305, 0.03098091972380305, 0.03098091972380305, 0.03098091972380305, 0.03098091972380305, 0.03098091972380305, 0.03098091972380305, 0.03098091972380305, 0.03098091972380305, 0.03098091972380305, 0.03098091972380305, 0.03098091972380305, 0.03098091972380305, 0.03098091972380305, 0.03098091972380305, 0.03098091972380305, 0.03098091972380305, 0.03098091972380305, 0.03098091972380305, 0.03098091972380305, 0.03098091972380305, 0.03098091972380305, 0.03098091972380305, 0.03098091972380305, 0.03098091972380305, 0.03098091972380305, 0.03098091972380305, 0.03098091972380305, 0.03098091972380305, 0.03098091972380305, 0.03098091972380305, 0.03098091972380305, 0.03098091972380305, 0.03098091972380305, 0.03098091972380305, 0.03098091972380305, 0.03098091972380305, 0.03098091972380305, 0.03098091972380305, 0.03098091972380305, 0.03098091972380305, 0.03098091972380305, 0.03098091972380305, 0.03098091972380305, 0.03098091972380305, 0.03098091972380305, 0.013836326440288269, 0.013836326440288269, 0.013836326440288269, 0.013836326440288269, 0.013836326440288269, 0.013836326440288269, 0.013836326440288269, 0.013836326440288269, 0.013836326440288269, 0.013836326440288269]","{""elitism_fraction"": 0.2, ""max_iterations"": 120, ""mutation_fraction"": 0.1, ""population_size"": 40}"
rosenbrock,Rosenbrock,24,1646,ea,Algoritmo evolutivo,2,"[-2.048, 2.048]","[1.0, 1.0]","[0.8398861589655624, 0.7052928346358489]",0.025637785960314866,0.3353934337576904,120,4840,"[0.23900725422374175, 0.23900725422374175, 0.04721016211708898, 0.04721016211708898, 0.04721016211708898, 0.04721016211708898, 0.04721016211708898, 0.04721016211708898, 0.04721016211708898, 0.04721016211708898, 0.04721016211708898, 0.04721016211708898, 0.04721016211708898, 0.04721016211708898, 0.04721016211708898, 0.04721016211708898, 0.04721016211708898, 0.04721016211708898, 0.04721016211708898, 0.04721016211708898, 0.04721016211708898, 0.04721016211708898, 0.04721016211708898, 0.04721016211708898, 0.04721016211708898, 0.04721016211708898, 0.04721016211708898, 0.04721016211708898, 0.04721016211708898, 0.04721016211708898, 0.04721016211708898, 0.04721016211708898, 0.04721016211708898, 0.04721016211708898, 0.04721016211708898, 0.04721016211708898, 0.04721016211708898, 0.029480796640148438, 0.029480796640148438, 0.029480796640148438, 0.029480796640148438, 0.029480796640148438, 0.029480796640148438, 0.025637785960314866, 0.025637785960314866, 0.025637785960314866, 0.025637785960314866, 0.025637785960314866, 0.025637785960314866, 0.025637785960314866, 0.025637785960314866, 0.025637785960314866, 0.025637785960314866, 0.025637785960314866, 0.025637785960314866, 0.025637785960314866, 0.025637785960314866, 0.025637785960314866, 0.025637785960314866, 0.025637785960314866, 0.025637785960314866, 0.025637785960314866, 0.025637785960314866, 0.025637785960314866, 0.025637785960314866, 0.025637785960314866, 0.025637785960314866, 0.025637785960314866, 0.025637785960314866, 0.025637785960314866, 0.025637785960314866, 0.025637785960314866, 0.025637785960314866, 0.025637785960314866, 0.025637785960314866, 0.025637785960314866, 0.025637785960314866, 0.025637785960314866, 0.025637785960314866, 0.025637785960314866, 0.025637785960314866, 0.025637785960314866, 0.025637785960314866, 0.025637785960314866, 0.025637785960314866, 0.025637785960314866, 0.025637785960314866, 0.025637785960314866, 0.025637785960314866, 0.025637785960314866, 0.025637785960314866, 0.025637785960314866, 0.025637785960314866, 0.025637785960314866, 0.025637785960314866, 0.025637785960314866, 0.025637785960314866, 0.025637785960314866, 0.025637785960314866, 0.025637785960314866, 0.025637785960314866, 0.025637785960314866, 0.025637785960314866, 0.025637785960314866, 0.025637785960314866, 0.025637785960314866, 0.025637785960314866, 0.025637785960314866, 0.025637785960314866, 0.025637785960314866, 0.025637785960314866, 0.025637785960314866, 0.025637785960314866, 0.025637785960314866, 0.025637785960314866, 0.025637785960314866, 0.025637785960314866, 0.025637785960314866, 0.025637785960314866, 0.025637785960314866, 0.025637785960314866]","{""elitism_fraction"": 0.2, ""max_iterations"": 120, ""mutation_fraction"": 0.1, ""population_size"": 40}"
rosenbrock,Rosenbrock,25,1647,ea,Algoritmo evolutivo,2,"[-2.048, 2.048]","[1.0, 1.0]","[0.8704089533407662, 0.7573675991145055]",0.016799800147128507,0.2750714840431393,120,4840,"[0.19727695287590657, 0.19727695287590657, 0.19727695287590657, 0.19727695287590657, 0.19727695287590657, 0.19727695287590657, 0.19727695287590657, 0.19727695287590657, 0.05870035310489807, 0.05870035310489807, 0.05870035310489807, 0.05870035310489807, 0.05870035310489807, 0.05870035310489807, 0.05870035310489807, 0.025871283880523392, 0.025871283880523392, 0.025871283880523392, 0.025871283880523392, 0.025871283880523392, 0.016799800147128507, 0.016799800147128507, 0.016799800147128507, 0.016799800147128507, 0.016799800147128507, 0.016799800147128507, 0.016799800147128507, 0.016799800147128507, 0.016799800147128507, 0.016799800147128507, 0.016799800147128507, 0.016799800147128507, 0.016799800147128507, 0.016799800147128507, 0.016799800147128507, 0.016799800147128507, 0.016799800147128507, 0.016799800147128507, 0.016799800147128507, 0.016799800147128507, 0.016799800147128507, 0.016799800147128507, 0.016799800147128507, 0.016799800147128507, 0.016799800147128507, 0.016799800147128507, 0.016799800147128507, 0.016799800147128507, 0.016799800147128507, 0.016799800147128507, 0.016799800147128507, 0.016799800147128507, 0.016799800147128507, 0.016799800147128507, 0.016799800147128507, 0.016799800147128507, 0.016799800147128507, 0.016799800147128507, 0.016799800147128507, 0.016799800147128507, 0.016799800147128507, 0.016799800147128507, 0.016799800147128507, 0.016799800147128507, 0.016799800147128507, 0.016799800147128507, 0.016799800147128507, 0.016799800147128507, 0.016799800147128507, 0.016799800147128507, 0.016799800147128507, 0.016799800147128507, 0.016799800147128507, 0.016799800147128507, 0.016799800147128507, 0.016799800147128507, 0.016799800147128507, 0.016799800147128507, 0.016799800147128507, 0.016799800147128507, 0.016799800147128507, 0.016799800147128507, 0.016799800147128507, 0.016799800147128507, 0.016799800147128507, 0.016799800147128507, 0.016799800147128507, 0.016799800147128507, 0.016799800147128507, 0.016799800147128507, 0.016799800147128507, 0.016799800147128507, 0.016799800147128507, 0.016799800147128507, 0.016799800147128507, 0.016799800147128507, 0.016799800147128507, 0.016799800147128507, 0.016799800147128507, 0.016799800147128507, 0.016799800147128507, 0.016799800147128507, 0.016799800147128507, 0.016799800147128507, 0.016799800147128507, 0.016799800147128507, 0.016799800147128507, 0.016799800147128507, 0.016799800147128507, 0.016799800147128507, 0.016799800147128507, 0.016799800147128507, 0.016799800147128507, 0.016799800147128507, 0.016799800147128507, 0.016799800147128507, 0.016799800147128507, 0.016799800147128507, 0.016799800147128507, 0.016799800147128507, 0.016799800147128507]","{""elitism_fraction"": 0.2, ""max_iterations"": 120, ""mutation_fraction"": 0.1, ""population_size"": 40}"
rosenbrock,Rosenbrock,26,1648,ea,Algoritmo evolutivo,2,"[-2.048, 2.048]","[1.0, 1.0]","[1.210929443162573, 1.480868636789837]",0.06556997366193265,0.5250960634407663,120,4840,"[11.797588119187566, 2.092127486381083, 2.092127486381083, 2.092127486381083, 2.092127486381083, 2.092127486381083, 2.092127486381083, 2.092127486381083, 2.092127486381083, 1.0646229807094947, 0.9083513962691508, 0.9083513962691508, 0.9083513962691508, 0.9083513962691508, 0.9083513962691508, 0.9083513962691508, 0.9083513962691508, 0.9083513962691508, 0.9083513962691508, 0.9083513962691508, 0.9083513962691508, 0.9083513962691508, 0.12929696954278447, 0.12929696954278447, 0.12929696954278447, 0.12929696954278447, 0.12929696954278447, 0.12929696954278447, 0.12929696954278447, 0.12929696954278447, 0.12929696954278447, 0.12929696954278447, 0.12929696954278447, 0.12929696954278447, 0.12929696954278447, 0.12929696954278447, 0.12929696954278447, 0.12929696954278447, 0.12929696954278447, 0.12929696954278447, 0.06556997366193265, 0.06556997366193265, 0.06556997366193265, 0.06556997366193265, 0.06556997366193265, 0.06556997366193265, 0.06556997366193265, 0.06556997366193265, 0.06556997366193265, 0.06556997366193265, 0.06556997366193265, 0.06556997366193265, 0.06556997366193265, 0.06556997366193265, 0.06556997366193265, 0.06556997366193265, 0.06556997366193265, 0.06556997366193265, 0.06556997366193265, 0.06556997366193265, 0.06556997366193265, 0.06556997366193265, 0.06556997366193265, 0.06556997366193265, 0.06556997366193265, 0.06556997366193265, 0.06556997366193265, 0.06556997366193265, 0.06556997366193265, 0.06556997366193265, 0.06556997366193265, 0.06556997366193265, 0.06556997366193265, 0.06556997366193265, 0.06556997366193265, 0.06556997366193265, 0.06556997366193265, 0.06556997366193265, 0.06556997366193265, 0.06556997366193265, 0.06556997366193265, 0.06556997366193265, 0.06556997366193265, 0.06556997366193265, 0.06556997366193265, 0.06556997366193265, 0.06556997366193265, 0.06556997366193265, 0.06556997366193265, 0.06556997366193265, 0.06556997366193265, 0.06556997366193265, 0.06556997366193265, 0.06556997366193265, 0.06556997366193265, 0.06556997366193265, 0.06556997366193265, 0.06556997366193265, 0.06556997366193265, 0.06556997366193265, 0.06556997366193265, 0.06556997366193265, 0.06556997366193265, 0.06556997366193265, 0.06556997366193265, 0.06556997366193265, 0.06556997366193265, 0.06556997366193265, 0.06556997366193265, 0.06556997366193265, 0.06556997366193265, 0.06556997366193265, 0.06556997366193265, 0.06556997366193265, 0.06556997366193265, 0.06556997366193265, 0.06556997366193265, 0.06556997366193265, 0.06556997366193265, 0.06556997366193265, 0.06556997366193265]","{""elitism_fraction"": 0.2, ""max_iterations"": 120, ""mutation_fraction"": 0.1, ""population_size"": 40}"
rosenbrock,Rosenbrock,27,1649,ea,Algoritmo evolutivo,2,"[-2.048, 2.048]","[1.0, 1.0]","[0.6567078004894475, 0.4142754737749579]",0.1467143938590397,0.6789129214165415,120,4840,"[1.2429085363339478, 1.2429085363339478, 1.2429085363339478, 1.2429085363339478, 1.2429085363339478, 0.371636577611966, 0.371636577611966, 0.371636577611966, 0.371636577611966, 0.371636577611966, 0.18072923297851093, 0.18072923297851093, 0.18072923297851093, 0.18072923297851093, 0.18072923297851093, 0.18072923297851093, 0.18072923297851093, 0.18072923297851093, 0.18072923297851093, 0.18072923297851093, 0.18072923297851093, 0.18072923297851093, 0.18072923297851093, 0.18072923297851093, 0.18072923297851093, 0.18072923297851093, 0.18072923297851093, 0.14983447140356954, 0.14983447140356954, 0.14983447140356954, 0.14983447140356954, 0.1467143938590397, 0.1467143938590397, 0.1467143938590397, 0.1467143938590397, 0.1467143938590397, 0.1467143938590397, 0.1467143938590397, 0.1467143938590397, 0.1467143938590397, 0.1467143938590397, 0.1467143938590397, 0.1467143938590397, 0.1467143938590397, 0.1467143938590397, 0.1467143938590397, 0.1467143938590397, 0.1467143938590397, 0.1467143938590397, 0.1467143938590397, 0.1467143938590397, 0.1467143938590397, 0.1467143938590397, 0.1467143938590397, 0.1467143938590397, 0.1467143938590397, 0.1467143938590397, 0.1467143938590397, 0.1467143938590397, 0.1467143938590397, 0.1467143938590397, 0.1467143938590397, 0.1467143938590397, 0.1467143938590397, 0.1467143938590397, 0.1467143938590397, 0.1467143938590397, 0.1467143938590397, 0.1467143938590397, 0.1467143938590397, 0.1467143938590397, 0.1467143938590397, 0.1467143938590397, 0.1467143938590397, 0.1467143938590397, 0.1467143938590397, 0.1467143938590397, 0.1467143938590397, 0.1467143938590397, 0.1467143938590397, 0.1467143938590397, 0.1467143938590397, 0.1467143938590397, 0.1467143938590397, 0.1467143938590397, 0.1467143938590397, 0.1467143938590397, 0.1467143938590397, 0.1467143938590397, 0.1467143938590397, 0.1467143938590397, 0.1467143938590397, 0.1467143938590397, 0.1467143938590397, 0.1467143938590397, 0.1467143938590397, 0.1467143938590397, 0.1467143938590397, 0.1467143938590397, 0.1467143938590397, 0.1467143938590397, 0.1467143938590397, 0.1467143938590397, 0.1467143938590397, 0.1467143938590397, 0.1467143938590397, 0.1467143938590397, 0.1467143938590397, 0.1467143938590397, 0.1467143938590397, 0.1467143938590397, 0.1467143938590397, 0.1467143938590397, 0.1467143938590397, 0.1467143938590397, 0.1467143938590397, 0.1467143938590397, 0.1467143938590397, 0.1467143938590397, 0.1467143938590397, 0.1467143938590397]","{""elitism_fraction"": 0.2, ""max_iterations"": 120, ""mutation_fraction"": 0.1, ""population_size"": 40}"
rosenbrock,Rosenbrock,28,1650,ea,Algoritmo evolutivo,2,"[-2.048, 2.048]","[1.0, 1.0]","[0.9060102357064488, 0.8207857868934112]",0.008834548590000296,0.2023655355325386,120,4840,"[0.8656126824220026, 0.8656126824220026, 0.8656126824220026, 0.7102585066186007, 0.7102585066186007, 0.7102585066186007, 0.10206289700827532, 0.011761118227169298, 0.011761118227169298, 0.011761118227169298, 0.011761118227169298, 0.011761118227169298, 0.011761118227169298, 0.011761118227169298, 0.011761118227169298, 0.011761118227169298, 0.011761118227169298, 0.011761118227169298, 0.011761118227169298, 0.011761118227169298, 0.011761118227169298, 0.011761118227169298, 0.01038182836508569, 0.01038182836508569, 0.01038182836508569, 0.01038182836508569, 0.008834548590000296, 0.008834548590000296, 0.008834548590000296, 0.008834548590000296, 0.008834548590000296, 0.008834548590000296, 0.008834548590000296, 0.008834548590000296, 0.008834548590000296, 0.008834548590000296, 0.008834548590000296, 0.008834548590000296, 0.008834548590000296, 0.008834548590000296, 0.008834548590000296, 0.008834548590000296, 0.008834548590000296, 0.008834548590000296, 0.008834548590000296, 0.008834548590000296, 0.008834548590000296, 0.008834548590000296, 0.008834548590000296, 0.008834548590000296, 0.008834548590000296, 0.008834548590000296, 0.008834548590000296, 0.008834548590000296, 0.008834548590000296, 0.008834548590000296, 0.008834548590000296, 0.008834548590000296, 0.008834548590000296, 0.008834548590000296, 0.008834548590000296, 0.008834548590000296, 0.008834548590000296, 0.008834548590000296, 0.008834548590000296, 0.008834548590000296, 0.008834548590000296, 0.008834548590000296, 0.008834548590000296, 0.008834548590000296, 0.008834548590000296, 0.008834548590000296, 0.008834548590000296, 0.008834548590000296, 0.008834548590000296, 0.008834548590000296, 0.008834548590000296, 0.008834548590000296, 0.008834548590000296, 0.008834548590000296, 0.008834548590000296, 0.008834548590000296, 0.008834548590000296, 0.008834548590000296, 0.008834548590000296, 0.008834548590000296, 0.008834548590000296, 0.008834548590000296, 0.008834548590000296, 0.008834548590000296, 0.008834548590000296, 0.008834548590000296, 0.008834548590000296, 0.008834548590000296, 0.008834548590000296, 0.008834548590000296, 0.008834548590000296, 0.008834548590000296, 0.008834548590000296, 0.008834548590000296, 0.008834548590000296, 0.008834548590000296, 0.008834548590000296, 0.008834548590000296, 0.008834548590000296, 0.008834548590000296, 0.008834548590000296, 0.008834548590000296, 0.008834548590000296, 0.008834548590000296, 0.008834548590000296, 0.008834548590000296, 0.008834548590000296, 0.008834548590000296, 0.008834548590000296, 0.008834548590000296, 0.008834548590000296, 0.008834548590000296, 0.008834548590000296, 0.008834548590000296, 0.008834548590000296]","{""elitism_fraction"": 0.2, ""max_iterations"": 120, ""mutation_fraction"": 0.1, ""population_size"": 40}"
rosenbrock,Rosenbrock,29,1651,ea,Algoritmo evolutivo,2,"[-2.048, 2.048]","[1.0, 1.0]","[1.0265703174549148, 1.0357399531354345]",0.03349110823939746,0.04453454860867018,120,4840,"[1.6106306632191745, 1.6106306632191745, 1.6106306632191745, 1.6106306632191745, 1.6106306632191745, 1.3560079306452704, 1.3560079306452704, 0.5034149504419322, 0.5034149504419322, 0.5034149504419322, 0.5034149504419322, 0.5034149504419322, 0.5034149504419322, 0.5034149504419322, 0.5034149504419322, 0.5034149504419322, 0.5034149504419322, 0.5034149504419322, 0.5034149504419322, 0.5034149504419322, 0.5034149504419322, 0.5034149504419322, 0.5034149504419322, 0.5034149504419322, 0.5034149504419322, 0.5034149504419322, 0.5034149504419322, 0.5034149504419322, 0.5034149504419322, 0.5034149504419322, 0.5034149504419322, 0.5034149504419322, 0.5034149504419322, 0.5034149504419322, 0.5034149504419322, 0.5034149504419322, 0.5034149504419322, 0.5034149504419322, 0.5034149504419322, 0.5034149504419322, 0.5034149504419322, 0.5034149504419322, 0.5034149504419322, 0.5034149504419322, 0.5034149504419322, 0.5034149504419322, 0.5034149504419322, 0.5034149504419322, 0.5034149504419322, 0.5034149504419322, 0.5034149504419322, 0.5034149504419322, 0.5034149504419322, 0.5034149504419322, 0.5034149504419322, 0.5034149504419322, 0.49231215005293194, 0.49231215005293194, 0.49231215005293194, 0.49231215005293194, 0.49231215005293194, 0.49231215005293194, 0.49231215005293194, 0.49231215005293194, 0.49231215005293194, 0.49231215005293194, 0.49231215005293194, 0.49231215005293194, 0.49231215005293194, 0.49231215005293194, 0.49231215005293194, 0.49231215005293194, 0.49231215005293194, 0.49231215005293194, 0.49231215005293194, 0.49231215005293194, 0.49231215005293194, 0.49231215005293194, 0.49231215005293194, 0.49231215005293194, 0.03349110823939746, 0.03349110823939746, 0.03349110823939746, 0.03349110823939746, 0.03349110823939746, 0.03349110823939746, 0.03349110823939746, 0.03349110823939746, 0.03349110823939746, 0.03349110823939746, 0.03349110823939746, 0.03349110823939746, 0.03349110823939746, 0.03349110823939746, 0.03349110823939746, 0.03349110823939746, 0.03349110823939746, 0.03349110823939746, 0.03349110823939746, 0.03349110823939746, 0.03349110823939746, 0.03349110823939746, 0.03349110823939746, 0.03349110823939746, 0.03349110823939746, 0.03349110823939746, 0.03349110823939746, 0.03349110823939746, 0.03349110823939746, 0.03349110823939746, 0.03349110823939746, 0.03349110823939746, 0.03349110823939746, 0.03349110823939746, 0.03349110823939746, 0.03349110823939746, 0.03349110823939746, 0.03349110823939746, 0.03349110823939746, 0.03349110823939746, 0.03349110823939746]","{""elitism_fraction"": 0.2, ""max_iterations"": 120, ""mutation_fraction"": 0.1, ""population_size"": 40}"
rosenbrock,Rosenbrock,30,1643,ea,Algoritmo evolutivo,2,"[-2.048, 2.048]","[1.0, 1.0]","[0.6492031079665357, 0.4246517555769693]",0.12407420746998207,0.6738575975834965,120,4840,"[3.71492409263737, 3.71492409263737, 1.0659164881980174, 1.0659164881980174, 1.0659164881980174, 0.35861654319072894, 0.35861654319072894, 0.35861654319072894, 0.35861654319072894, 0.35861654319072894, 0.35861654319072894, 0.35861654319072894, 0.35861654319072894, 0.12661290094331382, 0.12661290094331382, 0.12661290094331382, 0.12661290094331382, 0.12661290094331382, 0.12661290094331382, 0.12661290094331382, 0.12661290094331382, 0.12661290094331382, 0.12661290094331382, 0.12661290094331382, 0.12661290094331382, 0.12661290094331382, 0.12661290094331382, 0.12661290094331382, 0.12661290094331382, 0.12661290094331382, 0.12661290094331382, 0.12661290094331382, 0.12661290094331382, 0.12407420746998207, 0.12407420746998207, 0.12407420746998207, 0.12407420746998207, 0.12407420746998207, 0.12407420746998207, 0.12407420746998207, 0.12407420746998207, 0.12407420746998207, 0.12407420746998207, 0.12407420746998207, 0.12407420746998207, 0.12407420746998207, 0.12407420746998207, 0.12407420746998207, 0.12407420746998207, 0.12407420746998207, 0.12407420746998207, 0.12407420746998207, 0.12407420746998207, 0.12407420746998207, 0.12407420746998207, 0.12407420746998207, 0.12407420746998207, 0.12407420746998207, 0.12407420746998207, 0.12407420746998207, 0.12407420746998207, 0.12407420746998207, 0.12407420746998207, 0.12407420746998207, 0.12407420746998207, 0.12407420746998207, 0.12407420746998207, 0.12407420746998207, 0.12407420746998207, 0.12407420746998207, 0.12407420746998207, 0.12407420746998207, 0.12407420746998207, 0.12407420746998207, 0.12407420746998207, 0.12407420746998207, 0.12407420746998207, 0.12407420746998207, 0.12407420746998207, 0.12407420746998207, 0.12407420746998207, 0.12407420746998207, 0.12407420746998207, 0.12407420746998207, 0.12407420746998207, 0.12407420746998207, 0.12407420746998207, 0.12407420746998207, 0.12407420746998207, 0.12407420746998207, 0.12407420746998207, 0.12407420746998207, 0.12407420746998207, 0.12407420746998207, 0.12407420746998207, 0.12407420746998207, 0.12407420746998207, 0.12407420746998207, 0.12407420746998207, 0.12407420746998207, 0.12407420746998207, 0.12407420746998207, 0.12407420746998207, 0.12407420746998207, 0.12407420746998207, 0.12407420746998207, 0.12407420746998207, 0.12407420746998207, 0.12407420746998207, 0.12407420746998207, 0.12407420746998207, 0.12407420746998207, 0.12407420746998207, 0.12407420746998207, 0.12407420746998207, 0.12407420746998207, 0.12407420746998207, 0.12407420746998207, 0.12407420746998207, 0.12407420746998207, 0.12407420746998207]","{""elitism_fraction"": 0.2, ""max_iterations"": 120, ""mutation_fraction"": 0.1, ""population_size"": 40}"
rosenbrock,Rosenbrock,31,1644,ea,Algoritmo evolutivo,2,"[-2.048, 2.048]","[1.0, 1.0]","[0.5916936619241131, 0.35153483894081594]",0.16691954342534215,0.7663035500507968,120,4840,"[0.7990285774412538, 0.7990285774412538, 0.4630515797980689, 0.4630515797980689, 0.4630515797980689, 0.4630515797980689, 0.4630515797980689, 0.4630515797980689, 0.4630515797980689, 0.4630515797980689, 0.4630515797980689, 0.16691954342534215, 0.16691954342534215, 0.16691954342534215, 0.16691954342534215, 0.16691954342534215, 0.16691954342534215, 0.16691954342534215, 0.16691954342534215, 0.16691954342534215, 0.16691954342534215, 0.16691954342534215, 0.16691954342534215, 0.16691954342534215, 0.16691954342534215, 0.16691954342534215, 0.16691954342534215, 0.16691954342534215, 0.16691954342534215, 0.16691954342534215, 0.16691954342534215, 0.16691954342534215, 0.16691954342534215, 0.16691954342534215, 0.16691954342534215, 0.16691954342534215, 0.16691954342534215, 0.16691954342534215, 0.16691954342534215, 0.16691954342534215, 0.16691954342534215, 0.16691954342534215, 0.16691954342534215, 0.16691954342534215, 0.16691954342534215, 0.16691954342534215, 0.16691954342534215, 0.16691954342534215, 0.16691954342534215, 0.16691954342534215, 0.16691954342534215, 0.16691954342534215, 0.16691954342534215, 0.16691954342534215, 0.16691954342534215, 0.16691954342534215, 0.16691954342534215, 0.16691954342534215, 0.16691954342534215, 0.16691954342534215, 0.16691954342534215, 0.16691954342534215, 0.16691954342534215, 0.16691954342534215, 0.16691954342534215, 0.16691954342534215, 0.16691954342534215, 0.16691954342534215, 0.16691954342534215, 0.16691954342534215, 0.16691954342534215, 0.16691954342534215, 0.16691954342534215, 0.16691954342534215, 0.16691954342534215, 0.16691954342534215, 0.16691954342534215, 0.16691954342534215, 0.16691954342534215, 0.16691954342534215, 0.16691954342534215, 0.16691954342534215, 0.16691954342534215, 0.16691954342534215, 0.16691954342534215, 0.16691954342534215, 0.16691954342534215, 0.16691954342534215, 0.16691954342534215, 0.16691954342534215, 0.16691954342534215, 0.16691954342534215, 0.16691954342534215, 0.16691954342534215, 0.16691954342534215, 0.16691954342534215, 0.16691954342534215, 0.16691954342534215, 0.16691954342534215, 0.16691954342534215, 0.16691954342534215, 0.16691954342534215, 0.16691954342534215, 0.16691954342534215, 0.16691954342534215, 0.16691954342534215, 0.16691954342534215, 0.16691954342534215, 0.16691954342534215, 0.16691954342534215, 0.16691954342534215, 0.16691954342534215, 0.16691954342534215, 0.16691954342534215, 0.16691954342534215, 0.16691954342534215, 0.16691954342534215, 0.16691954342534215, 0.16691954342534215, 0.16691954342534215, 0.16691954342534215]","{""elitism_fraction"": 0.2, ""max_iterations"": 120, ""mutation_fraction"": 0.1, ""population_size"": 40}"
rosenbrock,Rosenbrock,32,1645,ea,Algoritmo evolutivo,2,"[-2.048, 2.048]","[1.0, 1.0]","[0.8828947875834547, 0.7783955251885488]",0.013836326440288269,0.25064351982762945,120,4840,"[3.300333799943484, 3.2008841101661423, 3.2008841101661423, 1.6835152892007454, 0.3631882195343428, 0.3631882195343428, 0.3631882195343428, 0.3631882195343428, 0.3631882195343428, 0.3631882195343428, 0.3631882195343428, 0.3631882195343428, 0.3631882195343428, 0.3631882195343428, 0.3631882195343428, 0.3631882195343428, 0.3631882195343428, 0.3631882195343428, 0.3631882195343428, 0.3631882195343428, 0.3631882195343428, 0.3631882195343428, 0.3631882195343428, 0.3631882195343428, 0.3631882195343428, 0.3631882195343428, 0.3631882195343428, 0.3631882195343428, 0.3631882195343428, 0.3631882195343428, 0.3631882195343428, 0.3631882195343428, 0.3631882195343428, 0.3631882195343428, 0.3631882195343428, 0.3631882195343428, 0.34900599330854426, 0.34900599330854426, 0.34900599330854426, 0.34900599330854426, 0.34900599330854426, 0.34900599330854426, 0.34900599330854426, 0.34900599330854426, 0.34900599330854426, 0.34900599330854426, 0.34900599330854426, 0.34900599330854426, 0.34900599330854426, 0.34900599330854426, 0.34900599330854426, 0.34900599330854426, 0.34900599330854426, 0.34900599330854426, 0.34900599330854426, 0.34900599330854426, 0.34900599330854426, 0.34900599330854426, 0.34900599330854426, 0.03098091972380305, 0.03098091972380305, 0.03098091972380305, 0.03098091972380305, 0.03098091972380305, 0.03098091972380305, 0.03098091972380305, 0.03098091972380305, 0.03098091972380305, 0.03098091972380305, 0.03098091972380305, 0.03098091972380305, 0.03098091972380305, 0.03098091972380305, 0.03098091972380305, 0.03098091972380305, 0.03098091972380305, 0.03098091972380305, 0.03098091972380305, 0.03098091972380305, 0.03098091972380305, 0.03098091972380305, 0.03098091972380305, 0.03098091972380305, 0.03098091972380305, 0.03098091972380305, 0.03098091972380305, 0.03098091972380305, 0.03098091972380305, 0.03098091972380305, 0.03098091972380305, 0.03098091972380305, 0.03098091972380305, 0.03098091972380305, 0.03098091972380305, 0.03098091972380305, 0.03098091972380305, 0.03098091972380305, 0.03098091972380305, 0.03098091972380305, 0.03098091972380305, 0.03098091972380305, 0.03098091972380305, 0.03098091972380305, 0.03098091972380305, 0.03098091972380305, 0.03098091972380305, 0.03098091972380305, 0.03098091972380305, 0.03098091972380305, 0.03098091972380305, 0.03098091972380305, 0.013836326440288269, 0.013836326440288269, 0.013836326440288269, 0.013836326440288269, 0.013836326440288269, 0.013836326440288269, 0.013836326440288269, 0.013836326440288269, 0.013836326440288269, 0.013836326440288269]","{""elitism_fraction"": 0.2, ""max_iterations"": 120, ""mutation_fraction"": 0.1, ""population_size"": 40}"
rosenbrock,Rosenbrock,33,1646,ea,Algoritmo evolutivo,2,"[-2.048, 2.048]","[1.0, 1.0]","[0.8398861589655624, 0.7052928346358489]",0.025637785960314866,0.3353934337576904,120,4840,"[0.23900725422374175, 0.23900725422374175, 0.04721016211708898, 0.04721016211708898, 0.04721016211708898, 0.04721016211708898, 0.04721016211708898, 0.04721016211708898, 0.04721016211708898, 0.04721016211708898, 0.04721016211708898, 0.04721016211708898, 0.04721016211708898, 0.04721016211708898, 0.04721016211708898, 0.04721016211708898, 0.04721016211708898, 0.04721016211708898, 0.04721016211708898, 0.04721016211708898, 0.04721016211708898, 0.04721016211708898, 0.04721016211708898, 0.04721016211708898, 0.04721016211708898, 0.04721016211708898, 0.04721016211708898, 0.04721016211708898, 0.04721016211708898, 0.04721016211708898, 0.04721016211708898, 0.04721016211708898, 0.04721016211708898, 0.04721016211708898, 0.04721016211708898, 0.04721016211708898, 0.04721016211708898, 0.029480796640148438, 0.029480796640148438, 0.029480796640148438, 0.029480796640148438, 0.029480796640148438, 0.029480796640148438, 0.025637785960314866, 0.025637785960314866, 0.025637785960314866, 0.025637785960314866, 0.025637785960314866, 0.025637785960314866, 0.025637785960314866, 0.025637785960314866, 0.025637785960314866, 0.025637785960314866, 0.025637785960314866, 0.025637785960314866, 0.025637785960314866, 0.025637785960314866, 0.025637785960314866, 0.025637785960314866, 0.025637785960314866, 0.025637785960314866, 0.025637785960314866, 0.025637785960314866, 0.025637785960314866, 0.025637785960314866, 0.025637785960314866, 0.025637785960314866, 0.025637785960314866, 0.025637785960314866, 0.025637785960314866, 0.025637785960314866, 0.025637785960314866, 0.025637785960314866, 0.025637785960314866, 0.025637785960314866, 0.025637785960314866, 0.025637785960314866, 0.025637785960314866, 0.025637785960314866, 0.025637785960314866, 0.025637785960314866, 0.025637785960314866, 0.025637785960314866, 0.025637785960314866, 0.025637785960314866, 0.025637785960314866, 0.025637785960314866, 0.025637785960314866, 0.025637785960314866, 0.025637785960314866, 0.025637785960314866, 0.025637785960314866, 0.025637785960314866, 0.025637785960314866, 0.025637785960314866, 0.025637785960314866, 0.025637785960314866, 0.025637785960314866, 0.025637785960314866, 0.025637785960314866, 0.025637785960314866, 0.025637785960314866, 0.025637785960314866, 0.025637785960314866, 0.025637785960314866, 0.025637785960314866, 0.025637785960314866, 0.025637785960314866, 0.025637785960314866, 0.025637785960314866, 0.025637785960314866, 0.025637785960314866, 0.025637785960314866, 0.025637785960314866, 0.025637785960314866, 0.025637785960314866, 0.025637785960314866, 0.025637785960314866, 0.025637785960314866, 0.025637785960314866, 0.025637785960314866]","{""elitism_fraction"": 0.2, ""max_iterations"": 120, ""mutation_fraction"": 0.1, ""population_size"": 40}"
rosenbrock,Rosenbrock,34,1647,ea,Algoritmo evolutivo,2,"[-2.048, 2.048]","[1.0, 1.0]","[0.8704089533407662, 0.7573675991145055]",0.016799800147128507,0.2750714840431393,120,4840,"[0.19727695287590657, 0.19727695287590657, 0.19727695287590657, 0.19727695287590657, 0.19727695287590657, 0.19727695287590657, 0.19727695287590657, 0.19727695287590657, 0.05870035310489807, 0.05870035310489807, 0.05870035310489807, 0.05870035310489807, 0.05870035310489807, 0.05870035310489807, 0.05870035310489807, 0.025871283880523392, 0.025871283880523392, 0.025871283880523392, 0.025871283880523392, 0.025871283880523392, 0.016799800147128507, 0.016799800147128507, 0.016799800147128507, 0.016799800147128507, 0.016799800147128507, 0.016799800147128507, 0.016799800147128507, 0.016799800147128507, 0.016799800147128507, 0.016799800147128507, 0.016799800147128507, 0.016799800147128507, 0.016799800147128507, 0.016799800147128507, 0.016799800147128507, 0.016799800147128507, 0.016799800147128507, 0.016799800147128507, 0.016799800147128507, 0.016799800147128507, 0.016799800147128507, 0.016799800147128507, 0.016799800147128507, 0.016799800147128507, 0.016799800147128507, 0.016799800147128507, 0.016799800147128507, 0.016799800147128507, 0.016799800147128507, 0.016799800147128507, 0.016799800147128507, 0.016799800147128507, 0.016799800147128507, 0.016799800147128507, 0.016799800147128507, 0.016799800147128507, 0.016799800147128507, 0.016799800147128507, 0.016799800147128507, 0.016799800147128507, 0.016799800147128507, 0.016799800147128507, 0.016799800147128507, 0.016799800147128507, 0.016799800147128507, 0.016799800147128507, 0.016799800147128507, 0.016799800147128507, 0.016799800147128507, 0.016799800147128507, 0.016799800147128507, 0.016799800147128507, 0.016799800147128507, 0.016799800147128507, 0.016799800147128507, 0.016799800147128507, 0.016799800147128507, 0.016799800147128507, 0.016799800147128507, 0.016799800147128507, 0.016799800147128507, 0.016799800147128507, 0.016799800147128507, 0.016799800147128507, 0.016799800147128507, 0.016799800147128507, 0.016799800147128507, 0.016799800147128507, 0.016799800147128507, 0.016799800147128507, 0.016799800147128507, 0.016799800147128507, 0.016799800147128507, 0.016799800147128507, 0.016799800147128507, 0.016799800147128507, 0.016799800147128507, 0.016799800147128507, 0.016799800147128507, 0.016799800147128507, 0.016799800147128507, 0.016799800147128507, 0.016799800147128507, 0.016799800147128507, 0.016799800147128507, 0.016799800147128507, 0.016799800147128507, 0.016799800147128507, 0.016799800147128507, 0.016799800147128507, 0.016799800147128507, 0.016799800147128507, 0.016799800147128507, 0.016799800147128507, 0.016799800147128507, 0.016799800147128507, 0.016799800147128507, 0.016799800147128507, 0.016799800147128507, 0.016799800147128507, 0.016799800147128507]","{""elitism_fraction"": 0.2, ""max_iterations"": 120, ""mutation_fraction"": 0.1, ""population_size"": 40}"
rosenbrock,Rosenbrock,35,1648,ea,Algoritmo evolutivo,2,"[-2.048, 2.048]","[1.0, 1.0]","[1.210929443162573, 1.480868636789837]",0.06556997366193265,0.5250960634407663,120,4840,"[11.797588119187566, 2.092127486381083, 2.092127486381083, 2.092127486381083, 2.092127486381083, 2.092127486381083, 2.092127486381083, 2.092127486381083, 2.092127486381083, 1.0646229807094947, 0.9083513962691508, 0.9083513962691508, 0.9083513962691508, 0.9083513962691508, 0.9083513962691508, 0.9083513962691508, 0.9083513962691508, 0.9083513962691508, 0.9083513962691508, 0.9083513962691508, 0.9083513962691508, 0.9083513962691508, 0.12929696954278447, 0.12929696954278447, 0.12929696954278447, 0.12929696954278447, 0.12929696954278447, 0.12929696954278447, 0.12929696954278447, 0.12929696954278447, 0.12929696954278447, 0.12929696954278447, 0.12929696954278447, 0.12929696954278447, 0.12929696954278447, 0.12929696954278447, 0.12929696954278447, 0.12929696954278447, 0.12929696954278447, 0.12929696954278447, 0.06556997366193265, 0.06556997366193265, 0.06556997366193265, 0.06556997366193265, 0.06556997366193265, 0.06556997366193265, 0.06556997366193265, 0.06556997366193265, 0.06556997366193265, 0.06556997366193265, 0.06556997366193265, 0.06556997366193265, 0.06556997366193265, 0.06556997366193265, 0.06556997366193265, 0.06556997366193265, 0.06556997366193265, 0.06556997366193265, 0.06556997366193265, 0.06556997366193265, 0.06556997366193265, 0.06556997366193265, 0.06556997366193265, 0.06556997366193265, 0.06556997366193265, 0.06556997366193265, 0.06556997366193265, 0.06556997366193265, 0.06556997366193265, 0.06556997366193265, 0.06556997366193265, 0.06556997366193265, 0.06556997366193265, 0.06556997366193265, 0.06556997366193265, 0.06556997366193265, 0.06556997366193265, 0.06556997366193265, 0.06556997366193265, 0.06556997366193265, 0.06556997366193265, 0.06556997366193265, 0.06556997366193265, 0.06556997366193265, 0.06556997366193265, 0.06556997366193265, 0.06556997366193265, 0.06556997366193265, 0.06556997366193265, 0.06556997366193265, 0.06556997366193265, 0.06556997366193265, 0.06556997366193265, 0.06556997366193265, 0.06556997366193265, 0.06556997366193265, 0.06556997366193265, 0.06556997366193265, 0.06556997366193265, 0.06556997366193265, 0.06556997366193265, 0.06556997366193265, 0.06556997366193265, 0.06556997366193265, 0.06556997366193265, 0.06556997366193265, 0.06556997366193265, 0.06556997366193265, 0.06556997366193265, 0.06556997366193265, 0.06556997366193265, 0.06556997366193265, 0.06556997366193265, 0.06556997366193265, 0.06556997366193265, 0.06556997366193265, 0.06556997366193265, 0.06556997366193265, 0.06556997366193265, 0.06556997366193265, 0.06556997366193265]","{""elitism_fraction"": 0.2, ""max_iterations"": 120, ""mutation_fraction"": 0.1, ""population_size"": 40}"
rosenbrock,Rosenbrock,36,1649,ea,Algoritmo evolutivo,2,"[-2.048, 2.048]","[1.0, 1.0]","[0.6567078004894475, 0.4142754737749579]",0.1467143938590397,0.6789129214165415,120,4840,"[1.2429085363339478, 1.2429085363339478, 1.2429085363339478, 1.2429085363339478, 1.2429085363339478, 0.371636577611966, 0.371636577611966, 0.371636577611966, 0.371636577611966, 0.371636577611966, 0.18072923297851093, 0.18072923297851093, 0.18072923297851093, 0.18072923297851093, 0.18072923297851093, 0.18072923297851093, 0.18072923297851093, 0.18072923297851093, 0.18072923297851093, 0.18072923297851093, 0.18072923297851093, 0.18072923297851093, 0.18072923297851093, 0.18072923297851093, 0.18072923297851093, 0.18072923297851093, 0.18072923297851093, 0.14983447140356954, 0.14983447140356954, 0.14983447140356954, 0.14983447140356954, 0.1467143938590397, 0.1467143938590397, 0.1467143938590397, 0.1467143938590397, 0.1467143938590397, 0.1467143938590397, 0.1467143938590397, 0.1467143938590397, 0.1467143938590397, 0.1467143938590397, 0.1467143938590397, 0.1467143938590397, 0.1467143938590397, 0.1467143938590397, 0.1467143938590397, 0.1467143938590397, 0.1467143938590397, 0.1467143938590397, 0.1467143938590397, 0.1467143938590397, 0.1467143938590397, 0.1467143938590397, 0.1467143938590397, 0.1467143938590397, 0.1467143938590397, 0.1467143938590397, 0.1467143938590397, 0.1467143938590397, 0.1467143938590397, 0.1467143938590397, 0.1467143938590397, 0.1467143938590397, 0.1467143938590397, 0.1467143938590397, 0.1467143938590397, 0.1467143938590397, 0.1467143938590397, 0.1467143938590397, 0.1467143938590397, 0.1467143938590397, 0.1467143938590397, 0.1467143938590397, 0.1467143938590397, 0.1467143938590397, 0.1467143938590397, 0.1467143938590397, 0.1467143938590397, 0.1467143938590397, 0.1467143938590397, 0.1467143938590397, 0.1467143938590397, 0.1467143938590397, 0.1467143938590397, 0.1467143938590397, 0.1467143938590397, 0.1467143938590397, 0.1467143938590397, 0.1467143938590397, 0.1467143938590397, 0.1467143938590397, 0.1467143938590397, 0.1467143938590397, 0.1467143938590397, 0.1467143938590397, 0.1467143938590397, 0.1467143938590397, 0.1467143938590397, 0.1467143938590397, 0.1467143938590397, 0.1467143938590397, 0.1467143938590397, 0.1467143938590397, 0.1467143938590397, 0.1467143938590397, 0.1467143938590397, 0.1467143938590397, 0.1467143938590397, 0.1467143938590397, 0.1467143938590397, 0.1467143938590397, 0.1467143938590397, 0.1467143938590397, 0.1467143938590397, 0.1467143938590397, 0.1467143938590397, 0.1467143938590397, 0.1467143938590397, 0.1467143938590397, 0.1467143938590397, 0.1467143938590397]","{""elitism_fraction"": 0.2, ""max_iterations"": 120, ""mutation_fraction"": 0.1, ""population_size"": 40}"
rosenbrock,Rosenbrock,37,1650,ea,Algoritmo evolutivo,2,"[-2.048, 2.048]","[1.0, 1.0]","[0.9060102357064488, 0.8207857868934112]",0.008834548590000296,0.2023655355325386,120,4840,"[0.8656126824220026, 0.8656126824220026, 0.8656126824220026, 0.7102585066186007, 0.7102585066186007, 0.7102585066186007, 0.10206289700827532, 0.011761118227169298, 0.011761118227169298, 0.011761118227169298, 0.011761118227169298, 0.011761118227169298, 0.011761118227169298, 0.011761118227169298, 0.011761118227169298, 0.011761118227169298, 0.011761118227169298, 0.011761118227169298, 0.011761118227169298, 0.011761118227169298, 0.011761118227169298, 0.011761118227169298, 0.01038182836508569, 0.01038182836508569, 0.01038182836508569, 0.01038182836508569, 0.008834548590000296, 0.008834548590000296, 0.008834548590000296, 0.008834548590000296, 0.008834548590000296, 0.008834548590000296, 0.008834548590000296, 0.008834548590000296, 0.008834548590000296, 0.008834548590000296, 0.008834548590000296, 0.008834548590000296, 0.008834548590000296, 0.008834548590000296, 0.008834548590000296, 0.008834548590000296, 0.008834548590000296, 0.008834548590000296, 0.008834548590000296, 0.008834548590000296, 0.008834548590000296, 0.008834548590000296, 0.008834548590000296, 0.008834548590000296, 0.008834548590000296, 0.008834548590000296, 0.008834548590000296, 0.008834548590000296, 0.008834548590000296, 0.008834548590000296, 0.008834548590000296, 0.008834548590000296, 0.008834548590000296, 0.008834548590000296, 0.008834548590000296, 0.008834548590000296, 0.008834548590000296, 0.008834548590000296, 0.008834548590000296, 0.008834548590000296, 0.008834548590000296, 0.008834548590000296, 0.008834548590000296, 0.008834548590000296, 0.008834548590000296, 0.008834548590000296, 0.008834548590000296, 0.008834548590000296, 0.008834548590000296, 0.008834548590000296, 0.008834548590000296, 0.008834548590000296, 0.008834548590000296, 0.008834548590000296, 0.008834548590000296, 0.008834548590000296, 0.008834548590000296, 0.008834548590000296, 0.008834548590000296, 0.008834548590000296, 0.008834548590000296, 0.008834548590000296, 0.008834548590000296, 0.008834548590000296, 0.008834548590000296, 0.008834548590000296, 0.008834548590000296, 0.008834548590000296, 0.008834548590000296, 0.008834548590000296, 0.008834548590000296, 0.008834548590000296, 0.008834548590000296, 0.008834548590000296, 0.008834548590000296, 0.008834548590000296, 0.008834548590000296, 0.008834548590000296, 0.008834548590000296, 0.008834548590000296, 0.008834548590000296, 0.008834548590000296, 0.008834548590000296, 0.008834548590000296, 0.008834548590000296, 0.008834548590000296, 0.008834548590000296, 0.008834548590000296, 0.008834548590000296, 0.008834548590000296, 0.008834548590000296, 0.008834548590000296, 0.008834548590000296, 0.008834548590000296, 0.008834548590000296]","{""elitism_fraction"": 0.2, ""max_iterations"": 120, ""mutation_fraction"": 0.1, ""population_size"": 40}"
rosenbrock,Rosenbrock,38,1651,ea,Algoritmo evolutivo,2,"[-2.048, 2.048]","[1.0, 1.0]","[1.0265703174549148, 1.0357399531354345]",0.03349110823939746,0.04453454860867018,120,4840,"[1.6106306632191745, 1.6106306632191745, 1.6106306632191745, 1.6106306632191745, 1.6106306632191745, 1.3560079306452704, 1.3560079306452704, 0.5034149504419322, 0.5034149504419322, 0.5034149504419322, 0.5034149504419322, 0.5034149504419322, 0.5034149504419322, 0.5034149504419322, 0.5034149504419322, 0.5034149504419322, 0.5034149504419322, 0.5034149504419322, 0.5034149504419322, 0.5034149504419322, 0.5034149504419322, 0.5034149504419322, 0.5034149504419322, 0.5034149504419322, 0.5034149504419322, 0.5034149504419322, 0.5034149504419322, 0.5034149504419322, 0.5034149504419322, 0.5034149504419322, 0.5034149504419322, 0.5034149504419322, 0.5034149504419322, 0.5034149504419322, 0.5034149504419322, 0.5034149504419322, 0.5034149504419322, 0.5034149504419322, 0.5034149504419322, 0.5034149504419322, 0.5034149504419322, 0.5034149504419322, 0.5034149504419322, 0.5034149504419322, 0.5034149504419322, 0.5034149504419322, 0.5034149504419322, 0.5034149504419322, 0.5034149504419322, 0.5034149504419322, 0.5034149504419322, 0.5034149504419322, 0.5034149504419322, 0.5034149504419322, 0.5034149504419322, 0.5034149504419322, 0.49231215005293194, 0.49231215005293194, 0.49231215005293194, 0.49231215005293194, 0.49231215005293194, 0.49231215005293194, 0.49231215005293194, 0.49231215005293194, 0.49231215005293194, 0.49231215005293194, 0.49231215005293194, 0.49231215005293194, 0.49231215005293194, 0.49231215005293194, 0.49231215005293194, 0.49231215005293194, 0.49231215005293194, 0.49231215005293194, 0.49231215005293194, 0.49231215005293194, 0.49231215005293194, 0.49231215005293194, 0.49231215005293194, 0.49231215005293194, 0.03349110823939746, 0.03349110823939746, 0.03349110823939746, 0.03349110823939746, 0.03349110823939746, 0.03349110823939746, 0.03349110823939746, 0.03349110823939746, 0.03349110823939746, 0.03349110823939746, 0.03349110823939746, 0.03349110823939746, 0.03349110823939746, 0.03349110823939746, 0.03349110823939746, 0.03349110823939746, 0.03349110823939746, 0.03349110823939746, 0.03349110823939746, 0.03349110823939746, 0.03349110823939746, 0.03349110823939746, 0.03349110823939746, 0.03349110823939746, 0.03349110823939746, 0.03349110823939746, 0.03349110823939746, 0.03349110823939746, 0.03349110823939746, 0.03349110823939746, 0.03349110823939746, 0.03349110823939746, 0.03349110823939746, 0.03349110823939746, 0.03349110823939746, 0.03349110823939746, 0.03349110823939746, 0.03349110823939746, 0.03349110823939746, 0.03349110823939746, 0.03349110823939746]","{""elitism_fraction"": 0.2, ""max_iterations"": 120, ""mutation_fraction"": 0.1, ""population_size"": 40}"
rosenbrock,Rosenbrock,39,1652,ea,Algoritmo evolutivo,2,"[-2.048, 2.048]","[1.0, 1.0]","[1.1530522275068447, 1.3313200514795858]",0.02374561352162622,0.3649629581988319,120,4840,"[2.1831895988817522, 2.1831895988817522, 0.6838763281798164, 0.6838763281798164, 0.6838763281798164, 0.6838763281798164, 0.6838763281798164, 0.6838763281798164, 0.6838763281798164, 0.6838763281798164, 0.6838763281798164, 0.6838763281798164, 0.6838763281798164, 0.6838763281798164, 0.6838763281798164, 0.6838763281798164, 0.6838763281798164, 0.6838763281798164, 0.6838763281798164, 0.2719777368856833, 0.2719777368856833, 0.2719777368856833, 0.2719777368856833, 0.2719777368856833, 0.2719777368856833, 0.2719777368856833, 0.2719777368856833, 0.2719777368856833, 0.2719777368856833, 0.2719777368856833, 0.2719777368856833, 0.2719777368856833, 0.2719777368856833, 0.2719777368856833, 0.2719777368856833, 0.2719777368856833, 0.2719777368856833, 0.2719777368856833, 0.2719777368856833, 0.2719777368856833, 0.2719777368856833, 0.2719777368856833, 0.2719777368856833, 0.2719777368856833, 0.2719777368856833, 0.2719777368856833, 0.2719777368856833, 0.2719777368856833, 0.2719777368856833, 0.2719777368856833, 0.2719777368856833, 0.12533055514154084, 0.12533055514154084, 0.12533055514154084, 0.12533055514154084, 0.12533055514154084, 0.12533055514154084, 0.12533055514154084, 0.12533055514154084, 0.12533055514154084, 0.12533055514154084, 0.12533055514154084, 0.12533055514154084, 0.12533055514154084, 0.08926755236013739, 0.08926755236013739, 0.08926755236013739, 0.08926755236013739, 0.08926755236013739, 0.08926755236013739, 0.08926755236013739, 0.08926755236013739, 0.08926755236013739, 0.08926755236013739, 0.08926755236013739, 0.08926755236013739, 0.08926755236013739, 0.08926755236013739, 0.08926755236013739, 0.08926755236013739, 0.08926755236013739, 0.08926755236013739, 0.08926755236013739, 0.08926755236013739, 0.02374561352162622, 0.02374561352162622, 0.02374561352162622, 0.02374561352162622, 0.02374561352162622, 0.02374561352162622, 0.02374561352162622, 0.02374561352162622, 0.02374561352162622, 0.02374561352162622, 0.02374561352162622, 0.02374561352162622, 0.02374561352162622, 0.02374561352162622, 0.02374561352162622, 0.02374561352162622, 0.02374561352162622, 0.02374561352162622, 0.02374561352162622, 0.02374561352162622, 0.02374561352162622, 0.02374561352162622, 0.02374561352162622, 0.02374561352162622, 0.02374561352162622, 0.02374561352162622, 0.02374561352162622, 0.02374561352162622, 0.02374561352162622, 0.02374561352162622, 0.02374561352162622, 0.02374561352162622, 0.02374561352162622, 0.02374561352162622, 0.02374561352162622, 0.02374561352162622, 0.02374561352162622]","{""elitism_fraction"": 0.2, ""max_iterations"": 120, ""mutation_fraction"": 0.1, ""population_size"": 40}"
rosenbrock,Rosenbrock,40,1644,ea,Algoritmo evolutivo,2,"[-2.048, 2.048]","[1.0, 1.0]","[0.5916936619241131, 0.35153483894081594]",0.16691954342534215,0.7663035500507968,120,4840,"[0.7990285774412538, 0.7990285774412538, 0.4630515797980689, 0.4630515797980689, 0.4630515797980689, 0.4630515797980689, 0.4630515797980689, 0.4630515797980689, 0.4630515797980689, 0.4630515797980689, 0.4630515797980689, 0.16691954342534215, 0.16691954342534215, 0.16691954342534215, 0.16691954342534215, 0.16691954342534215, 0.16691954342534215, 0.16691954342534215, 0.16691954342534215, 0.16691954342534215, 0.16691954342534215, 0.16691954342534215, 0.16691954342534215, 0.16691954342534215, 0.16691954342534215, 0.16691954342534215, 0.16691954342534215, 0.16691954342534215, 0.16691954342534215, 0.16691954342534215, 0.16691954342534215, 0.16691954342534215, 0.16691954342534215, 0.16691954342534215, 0.16691954342534215, 0.16691954342534215, 0.16691954342534215, 0.16691954342534215, 0.16691954342534215, 0.16691954342534215, 0.16691954342534215, 0.16691954342534215, 0.16691954342534215, 0.16691954342534215, 0.16691954342534215, 0.16691954342534215, 0.16691954342534215, 0.16691954342534215, 0.16691954342534215, 0.16691954342534215, 0.16691954342534215, 0.16691954342534215, 0.16691954342534215, 0.16691954342534215, 0.16691954342534215, 0.16691954342534215, 0.16691954342534215, 0.16691954342534215, 0.16691954342534215, 0.16691954342534215, 0.16691954342534215, 0.16691954342534215, 0.16691954342534215, 0.16691954342534215, 0.16691954342534215, 0.16691954342534215, 0.16691954342534215, 0.16691954342534215, 0.16691954342534215, 0.16691954342534215, 0.16691954342534215, 0.16691954342534215, 0.16691954342534215, 0.16691954342534215, 0.16691954342534215, 0.16691954342534215, 0.16691954342534215, 0.16691954342534215, 0.16691954342534215, 0.16691954342534215, 0.16691954342534215, 0.16691954342534215, 0.16691954342534215, 0.16691954342534215, 0.16691954342534215, 0.16691954342534215, 0.16691954342534215, 0.16691954342534215, 0.16691954342534215, 0.16691954342534215, 0.16691954342534215, 0.16691954342534215, 0.16691954342534215, 0.16691954342534215, 0.16691954342534215, 0.16691954342534215, 0.16691954342534215, 0.16691954342534215, 0.16691954342534215, 0.16691954342534215, 0.16691954342534215, 0.16691954342534215, 0.16691954342534215, 0.16691954342534215, 0.16691954342534215, 0.16691954342534215, 0.16691954342534215, 0.16691954342534215, 0.16691954342534215, 0.16691954342534215, 0.16691954342534215, 0.16691954342534215, 0.16691954342534215, 0.16691954342534215, 0.16691954342534215, 0.16691954342534215, 0.16691954342534215, 0.16691954342534215, 0.16691954342534215, 0.16691954342534215, 0.16691954342534215]","{""elitism_fraction"": 0.2, ""max_iterations"": 120, ""mutation_fraction"": 0.1, ""population_size"": 40}"
rosenbrock,Rosenbrock,41,1645,ea,Algoritmo evolutivo,2,"[-2.048, 2.048]","[1.0, 1.0]","[0.8828947875834547, 0.7783955251885488]",0.013836326440288269,0.25064351982762945,120,4840,"[3.300333799943484, 3.2008841101661423, 3.2008841101661423, 1.6835152892007454, 0.3631882195343428, 0.3631882195343428, 0.3631882195343428, 0.3631882195343428, 0.3631882195343428, 0.3631882195343428, 0.3631882195343428, 0.3631882195343428, 0.3631882195343428, 0.3631882195343428, 0.3631882195343428, 0.3631882195343428, 0.3631882195343428, 0.3631882195343428, 0.3631882195343428, 0.3631882195343428, 0.3631882195343428, 0.3631882195343428, 0.3631882195343428, 0.3631882195343428, 0.3631882195343428, 0.3631882195343428, 0.3631882195343428, 0.3631882195343428, 0.3631882195343428, 0.3631882195343428, 0.3631882195343428, 0.3631882195343428, 0.3631882195343428, 0.3631882195343428, 0.3631882195343428, 0.3631882195343428, 0.34900599330854426, 0.34900599330854426, 0.34900599330854426, 0.34900599330854426, 0.34900599330854426, 0.34900599330854426, 0.34900599330854426, 0.34900599330854426, 0.34900599330854426, 0.34900599330854426, 0.34900599330854426, 0.34900599330854426, 0.34900599330854426, 0.34900599330854426, 0.34900599330854426, 0.34900599330854426, 0.34900599330854426, 0.34900599330854426, 0.34900599330854426, 0.34900599330854426, 0.34900599330854426, 0.34900599330854426, 0.34900599330854426, 0.03098091972380305, 0.03098091972380305, 0.03098091972380305, 0.03098091972380305, 0.03098091972380305, 0.03098091972380305, 0.03098091972380305, 0.03098091972380305, 0.03098091972380305, 0.03098091972380305, 0.03098091972380305, 0.03098091972380305, 0.03098091972380305, 0.03098091972380305, 0.03098091972380305, 0.03098091972380305, 0.03098091972380305, 0.03098091972380305, 0.03098091972380305, 0.03098091972380305, 0.03098091972380305, 0.03098091972380305, 0.03098091972380305, 0.03098091972380305, 0.03098091972380305, 0.03098091972380305, 0.03098091972380305, 0.03098091972380305, 0.03098091972380305, 0.03098091972380305, 0.03098091972380305, 0.03098091972380305, 0.03098091972380305, 0.03098091972380305, 0.03098091972380305, 0.03098091972380305, 0.03098091972380305, 0.03098091972380305, 0.03098091972380305, 0.03098091972380305, 0.03098091972380305, 0.03098091972380305, 0.03098091972380305, 0.03098091972380305, 0.03098091972380305, 0.03098091972380305, 0.03098091972380305, 0.03098091972380305, 0.03098091972380305, 0.03098091972380305, 0.03098091972380305, 0.03098091972380305, 0.013836326440288269, 0.013836326440288269, 0.013836326440288269, 0.013836326440288269, 0.013836326440288269, 0.013836326440288269, 0.013836326440288269, 0.013836326440288269, 0.013836326440288269, 0.013836326440288269]","{""elitism_fraction"": 0.2, ""max_iterations"": 120, ""mutation_fraction"": 0.1, ""population_size"": 40}"
rosenbrock,Rosenbrock,42,1646,ea,Algoritmo evolutivo,2,"[-2.048, 2.048]","[1.0, 1.0]","[0.8398861589655624, 0.7052928346358489]",0.025637785960314866,0.3353934337576904,120,4840,"[0.23900725422374175, 0.23900725422374175, 0.04721016211708898, 0.04721016211708898, 0.04721016211708898, 0.04721016211708898, 0.04721016211708898, 0.04721016211708898, 0.04721016211708898, 0.04721016211708898, 0.04721016211708898, 0.04721016211708898, 0.04721016211708898, 0.04721016211708898, 0.04721016211708898, 0.04721016211708898, 0.04721016211708898, 0.04721016211708898, 0.04721016211708898, 0.04721016211708898, 0.04721016211708898, 0.04721016211708898, 0.04721016211708898, 0.04721016211708898, 0.04721016211708898, 0.04721016211708898, 0.04721016211708898, 0.04721016211708898, 0.04721016211708898, 0.04721016211708898, 0.04721016211708898, 0.04721016211708898, 0.04721016211708898, 0.04721016211708898, 0.04721016211708898, 0.04721016211708898, 0.04721016211708898, 0.029480796640148438, 0.029480796640148438, 0.029480796640148438, 0.029480796640148438, 0.029480796640148438, 0.029480796640148438, 0.025637785960314866, 0.025637785960314866, 0.025637785960314866, 0.025637785960314866, 0.025637785960314866, 0.025637785960314866, 0.025637785960314866, 0.025637785960314866, 0.025637785960314866, 0.025637785960314866, 0.025637785960314866, 0.025637785960314866, 0.025637785960314866, 0.025637785960314866, 0.025637785960314866, 0.025637785960314866, 0.025637785960314866, 0.025637785960314866, 0.025637785960314866, 0.025637785960314866, 0.025637785960314866, 0.025637785960314866, 0.025637785960314866, 0.025637785960314866, 0.025637785960314866, 0.025637785960314866, 0.025637785960314866, 0.025637785960314866, 0.025637785960314866, 0.025637785960314866, 0.025637785960314866, 0.025637785960314866, 0.025637785960314866, 0.025637785960314866, 0.025637785960314866, 0.025637785960314866, 0.025637785960314866, 0.025637785960314866, 0.025637785960314866, 0.025637785960314866, 0.025637785960314866, 0.025637785960314866, 0.025637785960314866, 0.025637785960314866, 0.025637785960314866, 0.025637785960314866, 0.025637785960314866, 0.025637785960314866, 0.025637785960314866, 0.025637785960314866, 0.025637785960314866, 0.025637785960314866, 0.025637785960314866, 0.025637785960314866, 0.025637785960314866, 0.025637785960314866, 0.025637785960314866, 0.025637785960314866, 0.025637785960314866, 0.025637785960314866, 0.025637785960314866, 0.025637785960314866, 0.025637785960314866, 0.025637785960314866, 0.025637785960314866, 0.025637785960314866, 0.025637785960314866, 0.025637785960314866, 0.025637785960314866, 0.025637785960314866, 0.025637785960314866, 0.025637785960314866, 0.025637785960314866, 0.025637785960314866, 0.025637785960314866, 0.025637785960314866, 0.025637785960314866, 0.025637785960314866]","{""elitism_fraction"": 0.2, ""max_iterations"": 120, ""mutation_fraction"": 0.1, ""population_size"": 40}"
rosenbrock,Rosenbrock,43,1647,ea,Algoritmo evolutivo,2,"[-2.048, 2.048]","[1.0, 1.0]","[0.8704089533407662, 0.7573675991145055]",0.016799800147128507,0.2750714840431393,120,4840,"[0.19727695287590657, 0.19727695287590657, 0.19727695287590657, 0.19727695287590657, 0.19727695287590657, 0.19727695287590657, 0.19727695287590657, 0.19727695287590657, 0.05870035310489807, 0.05870035310489807, 0.05870035310489807, 0.05870035310489807, 0.05870035310489807, 0.05870035310489807, 0.05870035310489807, 0.025871283880523392, 0.025871283880523392, 0.025871283880523392, 0.025871283880523392, 0.025871283880523392, 0.016799800147128507, 0.016799800147128507, 0.016799800147128507, 0.016799800147128507, 0.016799800147128507, 0.016799800147128507, 0.016799800147128507, 0.016799800147128507, 0.016799800147128507, 0.016799800147128507, 0.016799800147128507, 0.016799800147128507, 0.016799800147128507, 0.016799800147128507, 0.016799800147128507, 0.016799800147128507, 0.016799800147128507, 0.016799800147128507, 0.016799800147128507, 0.016799800147128507, 0.016799800147128507, 0.016799800147128507, 0.016799800147128507, 0.016799800147128507, 0.016799800147128507, 0.016799800147128507, 0.016799800147128507, 0.016799800147128507, 0.016799800147128507, 0.016799800147128507, 0.016799800147128507, 0.016799800147128507, 0.016799800147128507, 0.016799800147128507, 0.016799800147128507, 0.016799800147128507, 0.016799800147128507, 0.016799800147128507, 0.016799800147128507, 0.016799800147128507, 0.016799800147128507, 0.016799800147128507, 0.016799800147128507, 0.016799800147128507, 0.016799800147128507, 0.016799800147128507, 0.016799800147128507, 0.016799800147128507, 0.016799800147128507, 0.016799800147128507, 0.016799800147128507, 0.016799800147128507, 0.016799800147128507, 0.016799800147128507, 0.016799800147128507, 0.016799800147128507, 0.016799800147128507, 0.016799800147128507, 0.016799800147128507, 0.016799800147128507, 0.016799800147128507, 0.016799800147128507, 0.016799800147128507, 0.016799800147128507, 0.016799800147128507, 0.016799800147128507, 0.016799800147128507, 0.016799800147128507, 0.016799800147128507, 0.016799800147128507, 0.016799800147128507, 0.016799800147128507, 0.016799800147128507, 0.016799800147128507, 0.016799800147128507, 0.016799800147128507, 0.016799800147128507, 0.016799800147128507, 0.016799800147128507, 0.016799800147128507, 0.016799800147128507, 0.016799800147128507, 0.016799800147128507, 0.016799800147128507, 0.016799800147128507, 0.016799800147128507, 0.016799800147128507, 0.016799800147128507, 0.016799800147128507, 0.016799800147128507, 0.016799800147128507, 0.016799800147128507, 0.016799800147128507, 0.016799800147128507, 0.016799800147128507, 0.016799800147128507, 0.016799800147128507, 0.016799800147128507, 0.016799800147128507, 0.016799800147128507, 0.016799800147128507]","{""elitism_fraction"": 0.2, ""max_iterations"": 120, ""mutation_fraction"": 0.1, ""population_size"": 40}"
rosenbrock,Rosenbrock,44,1648,ea,Algoritmo evolutivo,2,"[-2.048, 2.048]","[1.0, 1.0]","[1.210929443162573, 1.480868636789837]",0.06556997366193265,0.5250960634407663,120,4840,"[11.797588119187566, 2.092127486381083, 2.092127486381083, 2.092127486381083, 2.092127486381083, 2.092127486381083, 2.092127486381083, 2.092127486381083, 2.092127486381083, 1.0646229807094947, 0.9083513962691508, 0.9083513962691508, 0.9083513962691508, 0.9083513962691508, 0.9083513962691508, 0.9083513962691508, 0.9083513962691508, 0.9083513962691508, 0.9083513962691508, 0.9083513962691508, 0.9083513962691508, 0.9083513962691508, 0.12929696954278447, 0.12929696954278447, 0.12929696954278447, 0.12929696954278447, 0.12929696954278447, 0.12929696954278447, 0.12929696954278447, 0.12929696954278447, 0.12929696954278447, 0.12929696954278447, 0.12929696954278447, 0.12929696954278447, 0.12929696954278447, 0.12929696954278447, 0.12929696954278447, 0.12929696954278447, 0.12929696954278447, 0.12929696954278447, 0.06556997366193265, 0.06556997366193265, 0.06556997366193265, 0.06556997366193265, 0.06556997366193265, 0.06556997366193265, 0.06556997366193265, 0.06556997366193265, 0.06556997366193265, 0.06556997366193265, 0.06556997366193265, 0.06556997366193265, 0.06556997366193265, 0.06556997366193265, 0.06556997366193265, 0.06556997366193265, 0.06556997366193265, 0.06556997366193265, 0.06556997366193265, 0.06556997366193265, 0.06556997366193265, 0.06556997366193265, 0.06556997366193265, 0.06556997366193265, 0.06556997366193265, 0.06556997366193265, 0.06556997366193265, 0.06556997366193265, 0.06556997366193265, 0.06556997366193265, 0.06556997366193265, 0.06556997366193265, 0.06556997366193265, 0.06556997366193265, 0.06556997366193265, 0.06556997366193265, 0.06556997366193265, 0.06556997366193265, 0.06556997366193265, 0.06556997366193265, 0.06556997366193265, 0.06556997366193265, 0.06556997366193265, 0.06556997366193265, 0.06556997366193265, 0.06556997366193265, 0.06556997366193265, 0.06556997366193265, 0.06556997366193265, 0.06556997366193265, 0.06556997366193265, 0.06556997366193265, 0.06556997366193265, 0.06556997366193265, 0.06556997366193265, 0.06556997366193265, 0.06556997366193265, 0.06556997366193265, 0.06556997366193265, 0.06556997366193265, 0.06556997366193265, 0.06556997366193265, 0.06556997366193265, 0.06556997366193265, 0.06556997366193265, 0.06556997366193265, 0.06556997366193265, 0.06556997366193265, 0.06556997366193265, 0.06556997366193265, 0.06556997366193265, 0.06556997366193265, 0.06556997366193265, 0.06556997366193265, 0.06556997366193265, 0.06556997366193265, 0.06556997366193265, 0.06556997366193265, 0.06556997366193265, 0.06556997366193265, 0.06556997366193265]","{""elitism_fraction"": 0.2, ""max_iterations"": 120, ""mutation_fraction"": 0.1, ""population_size"": 40}"
rosenbrock,Rosenbrock,45,1649,ea,Algoritmo evolutivo,2,"[-2.048, 2.048]","[1.0, 1.0]","[0.6567078004894475, 0.4142754737749579]",0.1467143938590397,0.6789129214165415,120,4840,"[1.2429085363339478, 1.2429085363339478, 1.2429085363339478, 1.2429085363339478, 1.2429085363339478, 0.371636577611966, 0.371636577611966, 0.371636577611966, 0.371636577611966, 0.371636577611966, 0.18072923297851093, 0.18072923297851093, 0.18072923297851093, 0.18072923297851093, 0.18072923297851093, 0.18072923297851093, 0.18072923297851093, 0.18072923297851093, 0.18072923297851093, 0.18072923297851093, 0.18072923297851093, 0.18072923297851093, 0.18072923297851093, 0.18072923297851093, 0.18072923297851093, 0.18072923297851093, 0.18072923297851093, 0.14983447140356954, 0.14983447140356954, 0.14983447140356954, 0.14983447140356954, 0.1467143938590397, 0.1467143938590397, 0.1467143938590397, 0.1467143938590397, 0.1467143938590397, 0.1467143938590397, 0.1467143938590397, 0.1467143938590397, 0.1467143938590397, 0.1467143938590397, 0.1467143938590397, 0.1467143938590397, 0.1467143938590397, 0.1467143938590397, 0.1467143938590397, 0.1467143938590397, 0.1467143938590397, 0.1467143938590397, 0.1467143938590397, 0.1467143938590397, 0.1467143938590397, 0.1467143938590397, 0.1467143938590397, 0.1467143938590397, 0.1467143938590397, 0.1467143938590397, 0.1467143938590397, 0.1467143938590397, 0.1467143938590397, 0.1467143938590397, 0.1467143938590397, 0.1467143938590397, 0.1467143938590397, 0.1467143938590397, 0.1467143938590397, 0.1467143938590397, 0.1467143938590397, 0.1467143938590397, 0.1467143938590397, 0.1467143938590397, 0.1467143938590397, 0.1467143938590397, 0.1467143938590397, 0.1467143938590397, 0.1467143938590397, 0.1467143938590397, 0.1467143938590397, 0.1467143938590397, 0.1467143938590397, 0.1467143938590397, 0.1467143938590397, 0.1467143938590397, 0.1467143938590397, 0.1467143938590397, 0.1467143938590397, 0.1467143938590397, 0.1467143938590397, 0.1467143938590397, 0.1467143938590397, 0.1467143938590397, 0.1467143938590397, 0.1467143938590397, 0.1467143938590397, 0.1467143938590397, 0.1467143938590397, 0.1467143938590397, 0.1467143938590397, 0.1467143938590397, 0.1467143938590397, 0.1467143938590397, 0.1467143938590397, 0.1467143938590397, 0.1467143938590397, 0.1467143938590397, 0.1467143938590397, 0.1467143938590397, 0.1467143938590397, 0.1467143938590397, 0.1467143938590397, 0.1467143938590397, 0.1467143938590397, 0.1467143938590397, 0.1467143938590397, 0.1467143938590397, 0.1467143938590397, 0.1467143938590397, 0.1467143938590397, 0.1467143938590397, 0.1467143938590397, 0.1467143938590397]","{""elitism_fraction"": 0.2, ""max_iterations"": 120, ""mutation_fraction"": 0.1, ""population_size"": 40}"
rosenbrock,Rosenbrock,46,1650,ea,Algoritmo evolutivo,2,"[-2.048, 2.048]","[1.0, 1.0]","[0.9060102357064488, 0.8207857868934112]",0.008834548590000296,0.2023655355325386,120,4840,"[0.8656126824220026, 0.8656126824220026, 0.8656126824220026, 0.7102585066186007, 0.7102585066186007, 0.7102585066186007, 0.10206289700827532, 0.011761118227169298, 0.011761118227169298, 0.011761118227169298, 0.011761118227169298, 0.011761118227169298, 0.011761118227169298, 0.011761118227169298, 0.011761118227169298, 0.011761118227169298, 0.011761118227169298, 0.011761118227169298, 0.011761118227169298, 0.011761118227169298, 0.011761118227169298, 0.011761118227169298, 0.01038182836508569, 0.01038182836508569, 0.01038182836508569, 0.01038182836508569, 0.008834548590000296, 0.008834548590000296, 0.008834548590000296, 0.008834548590000296, 0.008834548590000296, 0.008834548590000296, 0.008834548590000296, 0.008834548590000296, 0.008834548590000296, 0.008834548590000296, 0.008834548590000296, 0.008834548590000296, 0.008834548590000296, 0.008834548590000296, 0.008834548590000296, 0.008834548590000296, 0.008834548590000296, 0.008834548590000296, 0.008834548590000296, 0.008834548590000296, 0.008834548590000296, 0.008834548590000296, 0.008834548590000296, 0.008834548590000296, 0.008834548590000296, 0.008834548590000296, 0.008834548590000296, 0.008834548590000296, 0.008834548590000296, 0.008834548590000296, 0.008834548590000296, 0.008834548590000296, 0.008834548590000296, 0.008834548590000296, 0.008834548590000296, 0.008834548590000296, 0.008834548590000296, 0.008834548590000296, 0.008834548590000296, 0.008834548590000296, 0.008834548590000296, 0.008834548590000296, 0.008834548590000296, 0.008834548590000296, 0.008834548590000296, 0.008834548590000296, 0.008834548590000296, 0.008834548590000296, 0.008834548590000296, 0.008834548590000296, 0.008834548590000296, 0.008834548590000296, 0.008834548590000296, 0.008834548590000296, 0.008834548590000296, 0.008834548590000296, 0.008834548590000296, 0.008834548590000296, 0.008834548590000296, 0.008834548590000296, 0.008834548590000296, 0.008834548590000296, 0.008834548590000296, 0.008834548590000296, 0.008834548590000296, 0.008834548590000296, 0.008834548590000296, 0.008834548590000296, 0.008834548590000296, 0.008834548590000296, 0.008834548590000296, 0.008834548590000296, 0.008834548590000296, 0.008834548590000296, 0.008834548590000296, 0.008834548590000296, 0.008834548590000296, 0.008834548590000296, 0.008834548590000296, 0.008834548590000296, 0.008834548590000296, 0.008834548590000296, 0.008834548590000296, 0.008834548590000296, 0.008834548590000296, 0.008834548590000296, 0.008834548590000296, 0.008834548590000296, 0.008834548590000296, 0.008834548590000296, 0.008834548590000296, 0.008834548590000296, 0.008834548590000296, 0.008834548590000296, 0.008834548590000296]","{""elitism_fraction"": 0.2, ""max_iterations"": 120, ""mutation_fraction"": 0.1, ""population_size"": 40}"
rosenbrock,Rosenbrock,47,1651,ea,Algoritmo evolutivo,2,"[-2.048, 2.048]","[1.0, 1.0]","[1.0265703174549148, 1.0357399531354345]",0.03349110823939746,0.04453454860867018,120,4840,"[1.6106306632191745, 1.6106306632191745, 1.6106306632191745, 1.6106306632191745, 1.6106306632191745, 1.3560079306452704, 1.3560079306452704, 0.5034149504419322, 0.5034149504419322, 0.5034149504419322, 0.5034149504419322, 0.5034149504419322, 0.5034149504419322, 0.5034149504419322, 0.5034149504419322, 0.5034149504419322, 0.5034149504419322, 0.5034149504419322, 0.5034149504419322, 0.5034149504419322, 0.5034149504419322, 0.5034149504419322, 0.5034149504419322, 0.5034149504419322, 0.5034149504419322, 0.5034149504419322, 0.5034149504419322, 0.5034149504419322, 0.5034149504419322, 0.5034149504419322, 0.5034149504419322, 0.5034149504419322, 0.5034149504419322, 0.5034149504419322, 0.5034149504419322, 0.5034149504419322, 0.5034149504419322, 0.5034149504419322, 0.5034149504419322, 0.5034149504419322, 0.5034149504419322, 0.5034149504419322, 0.5034149504419322, 0.5034149504419322, 0.5034149504419322, 0.5034149504419322, 0.5034149504419322, 0.5034149504419322, 0.5034149504419322, 0.5034149504419322, 0.5034149504419322, 0.5034149504419322, 0.5034149504419322, 0.5034149504419322, 0.5034149504419322, 0.5034149504419322, 0.49231215005293194, 0.49231215005293194, 0.49231215005293194, 0.49231215005293194, 0.49231215005293194, 0.49231215005293194, 0.49231215005293194, 0.49231215005293194, 0.49231215005293194, 0.49231215005293194, 0.49231215005293194, 0.49231215005293194, 0.49231215005293194, 0.49231215005293194, 0.49231215005293194, 0.49231215005293194, 0.49231215005293194, 0.49231215005293194, 0.49231215005293194, 0.49231215005293194, 0.49231215005293194, 0.49231215005293194, 0.49231215005293194, 0.49231215005293194, 0.03349110823939746, 0.03349110823939746, 0.03349110823939746, 0.03349110823939746, 0.03349110823939746, 0.03349110823939746, 0.03349110823939746, 0.03349110823939746, 0.03349110823939746, 0.03349110823939746, 0.03349110823939746, 0.03349110823939746, 0.03349110823939746, 0.03349110823939746, 0.03349110823939746, 0.03349110823939746, 0.03349110823939746, 0.03349110823939746, 0.03349110823939746, 0.03349110823939746, 0.03349110823939746, 0.03349110823939746, 0.03349110823939746, 0.03349110823939746, 0.03349110823939746, 0.03349110823939746, 0.03349110823939746, 0.03349110823939746, 0.03349110823939746, 0.03349110823939746, 0.03349110823939746, 0.03349110823939746, 0.03349110823939746, 0.03349110823939746, 0.03349110823939746, 0.03349110823939746, 0.03349110823939746, 0.03349110823939746, 0.03349110823939746, 0.03349110823939746, 0.03349110823939746]","{""elitism_fraction"": 0.2, ""max_iterations"": 120, ""mutation_fraction"": 0.1, ""population_size"": 40}"
rosenbrock,Rosenbrock,48,1652,ea,Algoritmo evolutivo,2,"[-2.048, 2.048]","[1.0, 1.0]","[1.1530522275068447, 1.3313200514795858]",0.02374561352162622,0.3649629581988319,120,4840,"[2.1831895988817522, 2.1831895988817522, 0.6838763281798164, 0.6838763281798164, 0.6838763281798164, 0.6838763281798164, 0.6838763281798164, 0.6838763281798164, 0.6838763281798164, 0.6838763281798164, 0.6838763281798164, 0.6838763281798164, 0.6838763281798164, 0.6838763281798164, 0.6838763281798164, 0.6838763281798164, 0.6838763281798164, 0.6838763281798164, 0.6838763281798164, 0.2719777368856833, 0.2719777368856833, 0.2719777368856833, 0.2719777368856833, 0.2719777368856833, 0.2719777368856833, 0.2719777368856833, 0.2719777368856833, 0.2719777368856833, 0.2719777368856833, 0.2719777368856833, 0.2719777368856833, 0.2719777368856833, 0.2719777368856833, 0.2719777368856833, 0.2719777368856833, 0.2719777368856833, 0.2719777368856833, 0.2719777368856833, 0.2719777368856833, 0.2719777368856833, 0.2719777368856833, 0.2719777368856833, 0.2719777368856833, 0.2719777368856833, 0.2719777368856833, 0.2719777368856833, 0.2719777368856833, 0.2719777368856833, 0.2719777368856833, 0.2719777368856833, 0.2719777368856833, 0.12533055514154084, 0.12533055514154084, 0.12533055514154084, 0.12533055514154084, 0.12533055514154084, 0.12533055514154084, 0.12533055514154084, 0.12533055514154084, 0.12533055514154084, 0.12533055514154084, 0.12533055514154084, 0.12533055514154084, 0.12533055514154084, 0.08926755236013739, 0.08926755236013739, 0.08926755236013739, 0.08926755236013739, 0.08926755236013739, 0.08926755236013739, 0.08926755236013739, 0.08926755236013739, 0.08926755236013739, 0.08926755236013739, 0.08926755236013739, 0.08926755236013739, 0.08926755236013739, 0.08926755236013739, 0.08926755236013739, 0.08926755236013739, 0.08926755236013739, 0.08926755236013739, 0.08926755236013739, 0.08926755236013739, 0.02374561352162622, 0.02374561352162622, 0.02374561352162622, 0.02374561352162622, 0.02374561352162622, 0.02374561352162622, 0.02374561352162622, 0.02374561352162622, 0.02374561352162622, 0.02374561352162622, 0.02374561352162622, 0.02374561352162622, 0.02374561352162622, 0.02374561352162622, 0.02374561352162622, 0.02374561352162622, 0.02374561352162622, 0.02374561352162622, 0.02374561352162622, 0.02374561352162622, 0.02374561352162622, 0.02374561352162622, 0.02374561352162622, 0.02374561352162622, 0.02374561352162622, 0.02374561352162622, 0.02374561352162622, 0.02374561352162622, 0.02374561352162622, 0.02374561352162622, 0.02374561352162622, 0.02374561352162622, 0.02374561352162622, 0.02374561352162622, 0.02374561352162622, 0.02374561352162622, 0.02374561352162622]","{""elitism_fraction"": 0.2, ""max_iterations"": 120, ""mutation_fraction"": 0.1, ""population_size"": 40}"
rosenbrock,Rosenbrock,49,1653,ea,Algoritmo evolutivo,2,"[-2.048, 2.048]","[1.0, 1.0]","[1.130755229432575, 1.2774109561216846]",0.01724007516066345,0.30668186871791514,120,4840,"[0.49745200171666765, 0.49745200171666765, 0.49745200171666765, 0.49745200171666765, 0.49745200171666765, 0.49745200171666765, 0.49745200171666765, 0.49745200171666765, 0.49745200171666765, 0.49745200171666765, 0.49745200171666765, 0.49745200171666765, 0.49745200171666765, 0.49745200171666765, 0.49745200171666765, 0.49745200171666765, 0.49745200171666765, 0.49745200171666765, 0.49745200171666765, 0.49745200171666765, 0.49745200171666765, 0.49745200171666765, 0.49745200171666765, 0.49745200171666765, 0.49745200171666765, 0.49745200171666765, 0.49745200171666765, 0.49745200171666765, 0.49745200171666765, 0.49745200171666765, 0.49745200171666765, 0.49745200171666765, 0.4917612002441654, 0.4917612002441654, 0.4917612002441654, 0.4917612002441654, 0.4917612002441654, 0.4917612002441654, 0.4917612002441654, 0.4917612002441654, 0.4917612002441654, 0.4917612002441654, 0.4917612002441654, 0.4917612002441654, 0.4917612002441654, 0.4917612002441654, 0.4917612002441654, 0.4917612002441654, 0.4917612002441654, 0.4917612002441654, 0.4917612002441654, 0.4917612002441654, 0.4917612002441654, 0.4917612002441654, 0.4917612002441654, 0.4917612002441654, 0.4917612002441654, 0.4917612002441654, 0.4917612002441654, 0.4917612002441654, 0.4917612002441654, 0.4917612002441654, 0.4917612002441654, 0.4917612002441654, 0.4917612002441654, 0.4917612002441654, 0.4917612002441654, 0.4917612002441654, 0.4917612002441654, 0.4917612002441654, 0.4917612002441654, 0.4917612002441654, 0.4917612002441654, 0.2107765666178601, 0.2107765666178601, 0.2107765666178601, 0.2107765666178601, 0.2107765666178601, 0.2107765666178601, 0.2107765666178601, 0.2107765666178601, 0.2107765666178601, 0.2107765666178601, 0.2107765666178601, 0.2107765666178601, 0.2107765666178601, 0.2107765666178601, 0.2107765666178601, 0.2107765666178601, 0.2107765666178601, 0.2107765666178601, 0.2107765666178601, 0.15521338514685812, 0.15521338514685812, 0.058104550259959954, 0.058104550259959954, 0.03129277249750727, 0.03129277249750727, 0.03129277249750727, 0.03129277249750727, 0.03129277249750727, 0.03129277249750727, 0.03129277249750727, 0.03129277249750727, 0.01724007516066345, 0.01724007516066345, 0.01724007516066345, 0.01724007516066345, 0.01724007516066345, 0.01724007516066345, 0.01724007516066345, 0.01724007516066345, 0.01724007516066345, 0.01724007516066345, 0.01724007516066345, 0.01724007516066345, 0.01724007516066345, 0.01724007516066345, 0.01724007516066345, 0.01724007516066345, 0.01724007516066345]","{""elitism_fraction"": 0.2, ""max_iterations"": 120, ""mutation_fraction"": 0.1, ""population_size"": 40}"
rosenbrock,Rosenbrock,50,1645,ea,Algoritmo evolutivo,2,"[-2.048, 2.048]","[1.0, 1.0]","[0.8828947875834547, 0.7783955251885488]",0.013836326440288269,0.25064351982762945,120,4840,"[3.300333799943484, 3.2008841101661423, 3.2008841101661423, 1.6835152892007454, 0.3631882195343428, 0.3631882195343428, 0.3631882195343428, 0.3631882195343428, 0.3631882195343428, 0.3631882195343428, 0.3631882195343428, 0.3631882195343428, 0.3631882195343428, 0.3631882195343428, 0.3631882195343428, 0.3631882195343428, 0.3631882195343428, 0.3631882195343428, 0.3631882195343428, 0.3631882195343428, 0.3631882195343428, 0.3631882195343428, 0.3631882195343428, 0.3631882195343428, 0.3631882195343428, 0.3631882195343428, 0.3631882195343428, 0.3631882195343428, 0.3631882195343428, 0.3631882195343428, 0.3631882195343428, 0.3631882195343428, 0.3631882195343428, 0.3631882195343428, 0.3631882195343428, 0.3631882195343428, 0.34900599330854426, 0.34900599330854426, 0.34900599330854426, 0.34900599330854426, 0.34900599330854426, 0.34900599330854426, 0.34900599330854426, 0.34900599330854426, 0.34900599330854426, 0.34900599330854426, 0.34900599330854426, 0.34900599330854426, 0.34900599330854426, 0.34900599330854426, 0.34900599330854426, 0.34900599330854426, 0.34900599330854426, 0.34900599330854426, 0.34900599330854426, 0.34900599330854426, 0.34900599330854426, 0.34900599330854426, 0.34900599330854426, 0.03098091972380305, 0.03098091972380305, 0.03098091972380305, 0.03098091972380305, 0.03098091972380305, 0.03098091972380305, 0.03098091972380305, 0.03098091972380305, 0.03098091972380305, 0.03098091972380305, 0.03098091972380305, 0.03098091972380305, 0.03098091972380305, 0.03098091972380305, 0.03098091972380305, 0.03098091972380305, 0.03098091972380305, 0.03098091972380305, 0.03098091972380305, 0.03098091972380305, 0.03098091972380305, 0.03098091972380305, 0.03098091972380305, 0.03098091972380305, 0.03098091972380305, 0.03098091972380305, 0.03098091972380305, 0.03098091972380305, 0.03098091972380305, 0.03098091972380305, 0.03098091972380305, 0.03098091972380305, 0.03098091972380305, 0.03098091972380305, 0.03098091972380305, 0.03098091972380305, 0.03098091972380305, 0.03098091972380305, 0.03098091972380305, 0.03098091972380305, 0.03098091972380305, 0.03098091972380305, 0.03098091972380305, 0.03098091972380305, 0.03098091972380305, 0.03098091972380305, 0.03098091972380305, 0.03098091972380305, 0.03098091972380305, 0.03098091972380305, 0.03098091972380305, 0.03098091972380305, 0.013836326440288269, 0.013836326440288269, 0.013836326440288269, 0.013836326440288269, 0.013836326440288269, 0.013836326440288269, 0.013836326440288269, 0.013836326440288269, 0.013836326440288269, 0.013836326440288269]","{""elitism_fraction"": 0.2, ""max_iterations"": 120, ""mutation_fraction"": 0.1, ""population_size"": 40}"
rosenbrock,Rosenbrock,51,1646,ea,Algoritmo evolutivo,2,"[-2.048, 2.048]","[1.0, 1.0]","[0.8398861589655624, 0.7052928346358489]",0.025637785960314866,0.3353934337576904,120,4840,"[0.23900725422374175, 0.23900725422374175, 0.04721016211708898, 0.04721016211708898, 0.04721016211708898, 0.04721016211708898, 0.04721016211708898, 0.04721016211708898, 0.04721016211708898, 0.04721016211708898, 0.04721016211708898, 0.04721016211708898, 0.04721016211708898, 0.04721016211708898, 0.04721016211708898, 0.04721016211708898, 0.04721016211708898, 0.04721016211708898, 0.04721016211708898, 0.04721016211708898, 0.04721016211708898, 0.04721016211708898, 0.04721016211708898, 0.04721016211708898, 0.04721016211708898, 0.04721016211708898, 0.04721016211708898, 0.04721016211708898, 0.04721016211708898, 0.04721016211708898, 0.04721016211708898, 0.04721016211708898, 0.04721016211708898, 0.04721016211708898, 0.04721016211708898, 0.04721016211708898, 0.04721016211708898, 0.029480796640148438, 0.029480796640148438, 0.029480796640148438, 0.029480796640148438, 0.029480796640148438, 0.029480796640148438, 0.025637785960314866, 0.025637785960314866, 0.025637785960314866, 0.025637785960314866, 0.025637785960314866, 0.025637785960314866, 0.025637785960314866, 0.025637785960314866, 0.025637785960314866, 0.025637785960314866, 0.025637785960314866, 0.025637785960314866, 0.025637785960314866, 0.025637785960314866, 0.025637785960314866, 0.025637785960314866, 0.025637785960314866, 0.025637785960314866, 0.025637785960314866, 0.025637785960314866, 0.025637785960314866, 0.025637785960314866, 0.025637785960314866, 0.025637785960314866, 0.025637785960314866, 0.025637785960314866, 0.025637785960314866, 0.025637785960314866, 0.025637785960314866, 0.025637785960314866, 0.025637785960314866, 0.025637785960314866, 0.025637785960314866, 0.025637785960314866, 0.025637785960314866, 0.025637785960314866, 0.025637785960314866, 0.025637785960314866, 0.025637785960314866, 0.025637785960314866, 0.025637785960314866, 0.025637785960314866, 0.025637785960314866, 0.025637785960314866, 0.025637785960314866, 0.025637785960314866, 0.025637785960314866, 0.025637785960314866, 0.025637785960314866, 0.025637785960314866, 0.025637785960314866, 0.025637785960314866, 0.025637785960314866, 0.025637785960314866, 0.025637785960314866, 0.025637785960314866, 0.025637785960314866, 0.025637785960314866, 0.025637785960314866, 0.025637785960314866, 0.025637785960314866, 0.025637785960314866, 0.025637785960314866, 0.025637785960314866, 0.025637785960314866, 0.025637785960314866, 0.025637785960314866, 0.025637785960314866, 0.025637785960314866, 0.025637785960314866, 0.025637785960314866, 0.025637785960314866, 0.025637785960314866, 0.025637785960314866, 0.025637785960314866, 0.025637785960314866, 0.025637785960314866, 0.025637785960314866]","{""elitism_fraction"": 0.2, ""max_iterations"": 120, ""mutation_fraction"": 0.1, ""population_size"": 40}"
rosenbrock,Rosenbrock,52,1647,ea,Algoritmo evolutivo,2,"[-2.048, 2.048]","[1.0, 1.0]","[0.8704089533407662, 0.7573675991145055]",0.016799800147128507,0.2750714840431393,120,4840,"[0.19727695287590657, 0.19727695287590657, 0.19727695287590657, 0.19727695287590657, 0.19727695287590657, 0.19727695287590657, 0.19727695287590657, 0.19727695287590657, 0.05870035310489807, 0.05870035310489807, 0.05870035310489807, 0.05870035310489807, 0.05870035310489807, 0.05870035310489807, 0.05870035310489807, 0.025871283880523392, 0.025871283880523392, 0.025871283880523392, 0.025871283880523392, 0.025871283880523392, 0.016799800147128507, 0.016799800147128507, 0.016799800147128507, 0.016799800147128507, 0.016799800147128507, 0.016799800147128507, 0.016799800147128507, 0.016799800147128507, 0.016799800147128507, 0.016799800147128507, 0.016799800147128507, 0.016799800147128507, 0.016799800147128507, 0.016799800147128507, 0.016799800147128507, 0.016799800147128507, 0.016799800147128507, 0.016799800147128507, 0.016799800147128507, 0.016799800147128507, 0.016799800147128507, 0.016799800147128507, 0.016799800147128507, 0.016799800147128507, 0.016799800147128507, 0.016799800147128507, 0.016799800147128507, 0.016799800147128507, 0.016799800147128507, 0.016799800147128507, 0.016799800147128507, 0.016799800147128507, 0.016799800147128507, 0.016799800147128507, 0.016799800147128507, 0.016799800147128507, 0.016799800147128507, 0.016799800147128507, 0.016799800147128507, 0.016799800147128507, 0.016799800147128507, 0.016799800147128507, 0.016799800147128507, 0.016799800147128507, 0.016799800147128507, 0.016799800147128507, 0.016799800147128507, 0.016799800147128507, 0.016799800147128507, 0.016799800147128507, 0.016799800147128507, 0.016799800147128507, 0.016799800147128507, 0.016799800147128507, 0.016799800147128507, 0.016799800147128507, 0.016799800147128507, 0.016799800147128507, 0.016799800147128507, 0.016799800147128507, 0.016799800147128507, 0.016799800147128507, 0.016799800147128507, 0.016799800147128507, 0.016799800147128507, 0.016799800147128507, 0.016799800147128507, 0.016799800147128507, 0.016799800147128507, 0.016799800147128507, 0.016799800147128507, 0.016799800147128507, 0.016799800147128507, 0.016799800147128507, 0.016799800147128507, 0.016799800147128507, 0.016799800147128507, 0.016799800147128507, 0.016799800147128507, 0.016799800147128507, 0.016799800147128507, 0.016799800147128507, 0.016799800147128507, 0.016799800147128507, 0.016799800147128507, 0.016799800147128507, 0.016799800147128507, 0.016799800147128507, 0.016799800147128507, 0.016799800147128507, 0.016799800147128507, 0.016799800147128507, 0.016799800147128507, 0.016799800147128507, 0.016799800147128507, 0.016799800147128507, 0.016799800147128507, 0.016799800147128507, 0.016799800147128507, 0.016799800147128507, 0.016799800147128507]","{""elitism_fraction"": 0.2, ""max_iterations"": 120, ""mutation_fraction"": 0.1, ""population_size"": 40}"
rosenbrock,Rosenbrock,53,1648,ea,Algoritmo evolutivo,2,"[-2.048, 2.048]","[1.0, 1.0]","[1.210929443162573, 1.480868636789837]",0.06556997366193265,0.5250960634407663,120,4840,"[11.797588119187566, 2.092127486381083, 2.092127486381083, 2.092127486381083, 2.092127486381083, 2.092127486381083, 2.092127486381083, 2.092127486381083, 2.092127486381083, 1.0646229807094947, 0.9083513962691508, 0.9083513962691508, 0.9083513962691508, 0.9083513962691508, 0.9083513962691508, 0.9083513962691508, 0.9083513962691508, 0.9083513962691508, 0.9083513962691508, 0.9083513962691508, 0.9083513962691508, 0.9083513962691508, 0.12929696954278447, 0.12929696954278447, 0.12929696954278447, 0.12929696954278447, 0.12929696954278447, 0.12929696954278447, 0.12929696954278447, 0.12929696954278447, 0.12929696954278447, 0.12929696954278447, 0.12929696954278447, 0.12929696954278447, 0.12929696954278447, 0.12929696954278447, 0.12929696954278447, 0.12929696954278447, 0.12929696954278447, 0.12929696954278447, 0.06556997366193265, 0.06556997366193265, 0.06556997366193265, 0.06556997366193265, 0.06556997366193265, 0.06556997366193265, 0.06556997366193265, 0.06556997366193265, 0.06556997366193265, 0.06556997366193265, 0.06556997366193265, 0.06556997366193265, 0.06556997366193265, 0.06556997366193265, 0.06556997366193265, 0.06556997366193265, 0.06556997366193265, 0.06556997366193265, 0.06556997366193265, 0.06556997366193265, 0.06556997366193265, 0.06556997366193265, 0.06556997366193265, 0.06556997366193265, 0.06556997366193265, 0.06556997366193265, 0.06556997366193265, 0.06556997366193265, 0.06556997366193265, 0.06556997366193265, 0.06556997366193265, 0.06556997366193265, 0.06556997366193265, 0.06556997366193265, 0.06556997366193265, 0.06556997366193265, 0.06556997366193265, 0.06556997366193265, 0.06556997366193265, 0.06556997366193265, 0.06556997366193265, 0.06556997366193265, 0.06556997366193265, 0.06556997366193265, 0.06556997366193265, 0.06556997366193265, 0.06556997366193265, 0.06556997366193265, 0.06556997366193265, 0.06556997366193265, 0.06556997366193265, 0.06556997366193265, 0.06556997366193265, 0.06556997366193265, 0.06556997366193265, 0.06556997366193265, 0.06556997366193265, 0.06556997366193265, 0.06556997366193265, 0.06556997366193265, 0.06556997366193265, 0.06556997366193265, 0.06556997366193265, 0.06556997366193265, 0.06556997366193265, 0.06556997366193265, 0.06556997366193265, 0.06556997366193265, 0.06556997366193265, 0.06556997366193265, 0.06556997366193265, 0.06556997366193265, 0.06556997366193265, 0.06556997366193265, 0.06556997366193265, 0.06556997366193265, 0.06556997366193265, 0.06556997366193265, 0.06556997366193265, 0.06556997366193265, 0.06556997366193265]","{""elitism_fraction"": 0.2, ""max_iterations"": 120, ""mutation_fraction"": 0.1, ""population_size"": 40}"
rosenbrock,Rosenbrock,54,1649,ea,Algoritmo evolutivo,2,"[-2.048, 2.048]","[1.0, 1.0]","[0.6567078004894475, 0.4142754737749579]",0.1467143938590397,0.6789129214165415,120,4840,"[1.2429085363339478, 1.2429085363339478, 1.2429085363339478, 1.2429085363339478, 1.2429085363339478, 0.371636577611966, 0.371636577611966, 0.371636577611966, 0.371636577611966, 0.371636577611966, 0.18072923297851093, 0.18072923297851093, 0.18072923297851093, 0.18072923297851093, 0.18072923297851093, 0.18072923297851093, 0.18072923297851093, 0.18072923297851093, 0.18072923297851093, 0.18072923297851093, 0.18072923297851093, 0.18072923297851093, 0.18072923297851093, 0.18072923297851093, 0.18072923297851093, 0.18072923297851093, 0.18072923297851093, 0.14983447140356954, 0.14983447140356954, 0.14983447140356954, 0.14983447140356954, 0.1467143938590397, 0.1467143938590397, 0.1467143938590397, 0.1467143938590397, 0.1467143938590397, 0.1467143938590397, 0.1467143938590397, 0.1467143938590397, 0.1467143938590397, 0.1467143938590397, 0.1467143938590397, 0.1467143938590397, 0.1467143938590397, 0.1467143938590397, 0.1467143938590397, 0.1467143938590397, 0.1467143938590397, 0.1467143938590397, 0.1467143938590397, 0.1467143938590397, 0.1467143938590397, 0.1467143938590397, 0.1467143938590397, 0.1467143938590397, 0.1467143938590397, 0.1467143938590397, 0.1467143938590397, 0.1467143938590397, 0.1467143938590397, 0.1467143938590397, 0.1467143938590397, 0.1467143938590397, 0.1467143938590397, 0.1467143938590397, 0.1467143938590397, 0.1467143938590397, 0.1467143938590397, 0.1467143938590397, 0.1467143938590397, 0.1467143938590397, 0.1467143938590397, 0.1467143938590397, 0.1467143938590397, 0.1467143938590397, 0.1467143938590397, 0.1467143938590397, 0.1467143938590397, 0.1467143938590397, 0.1467143938590397, 0.1467143938590397, 0.1467143938590397, 0.1467143938590397, 0.1467143938590397, 0.1467143938590397, 0.1467143938590397, 0.1467143938590397, 0.1467143938590397, 0.1467143938590397, 0.1467143938590397, 0.1467143938590397, 0.1467143938590397, 0.1467143938590397, 0.1467143938590397, 0.1467143938590397, 0.1467143938590397, 0.1467143938590397, 0.1467143938590397, 0.1467143938590397, 0.1467143938590397, 0.1467143938590397, 0.1467143938590397, 0.1467143938590397, 0.1467143938590397, 0.1467143938590397, 0.1467143938590397, 0.1467143938590397, 0.1467143938590397, 0.1467143938590397, 0.1467143938590397, 0.1467143938590397, 0.1467143938590397, 0.1467143938590397, 0.1467143938590397, 0.1467143938590397, 0.1467143938590397, 0.1467143938590397, 0.1467143938590397, 0.1467143938590397, 0.1467143938590397, 0.1467143938590397]","{""elitism_fraction"": 0.2, ""max_iterations"": 120, ""mutation_fraction"": 0.1, ""population_size"": 40}"
rosenbrock,Rosenbrock,55,1650,ea,Algoritmo evolutivo,2,"[-2.048, 2.048]","[1.0, 1.0]","[0.9060102357064488, 0.8207857868934112]",0.008834548590000296,0.2023655355325386,120,4840,"[0.8656126824220026, 0.8656126824220026, 0.8656126824220026, 0.7102585066186007, 0.7102585066186007, 0.7102585066186007, 0.10206289700827532, 0.011761118227169298, 0.011761118227169298, 0.011761118227169298, 0.011761118227169298, 0.011761118227169298, 0.011761118227169298, 0.011761118227169298, 0.011761118227169298, 0.011761118227169298, 0.011761118227169298, 0.011761118227169298, 0.011761118227169298, 0.011761118227169298, 0.011761118227169298, 0.011761118227169298, 0.01038182836508569, 0.01038182836508569, 0.01038182836508569, 0.01038182836508569, 0.008834548590000296, 0.008834548590000296, 0.008834548590000296, 0.008834548590000296, 0.008834548590000296, 0.008834548590000296, 0.008834548590000296, 0.008834548590000296, 0.008834548590000296, 0.008834548590000296, 0.008834548590000296, 0.008834548590000296, 0.008834548590000296, 0.008834548590000296, 0.008834548590000296, 0.008834548590000296, 0.008834548590000296, 0.008834548590000296, 0.008834548590000296, 0.008834548590000296, 0.008834548590000296, 0.008834548590000296, 0.008834548590000296, 0.008834548590000296, 0.008834548590000296, 0.008834548590000296, 0.008834548590000296, 0.008834548590000296, 0.008834548590000296, 0.008834548590000296, 0.008834548590000296, 0.008834548590000296, 0.008834548590000296, 0.008834548590000296, 0.008834548590000296, 0.008834548590000296, 0.008834548590000296, 0.008834548590000296, 0.008834548590000296, 0.008834548590000296, 0.008834548590000296, 0.008834548590000296, 0.008834548590000296, 0.008834548590000296, 0.008834548590000296, 0.008834548590000296, 0.008834548590000296, 0.008834548590000296, 0.008834548590000296, 0.008834548590000296, 0.008834548590000296, 0.008834548590000296, 0.008834548590000296, 0.008834548590000296, 0.008834548590000296, 0.008834548590000296, 0.008834548590000296, 0.008834548590000296, 0.008834548590000296, 0.008834548590000296, 0.008834548590000296, 0.008834548590000296, 0.008834548590000296, 0.008834548590000296, 0.008834548590000296, 0.008834548590000296, 0.008834548590000296, 0.008834548590000296, 0.008834548590000296, 0.008834548590000296, 0.008834548590000296, 0.008834548590000296, 0.008834548590000296, 0.008834548590000296, 0.008834548590000296, 0.008834548590000296, 0.008834548590000296, 0.008834548590000296, 0.008834548590000296, 0.008834548590000296, 0.008834548590000296, 0.008834548590000296, 0.008834548590000296, 0.008834548590000296, 0.008834548590000296, 0.008834548590000296, 0.008834548590000296, 0.008834548590000296, 0.008834548590000296, 0.008834548590000296, 0.008834548590000296, 0.008834548590000296, 0.008834548590000296, 0.008834548590000296, 0.008834548590000296]","{""elitism_fraction"": 0.2, ""max_iterations"": 120, ""mutation_fraction"": 0.1, ""population_size"": 40}"
rosenbrock,Rosenbrock,56,1651,ea,Algoritmo evolutivo,2,"[-2.048, 2.048]","[1.0, 1.0]","[1.0265703174549148, 1.0357399531354345]",0.03349110823939746,0.04453454860867018,120,4840,"[1.6106306632191745, 1.6106306632191745, 1.6106306632191745, 1.6106306632191745, 1.6106306632191745, 1.3560079306452704, 1.3560079306452704, 0.5034149504419322, 0.5034149504419322, 0.5034149504419322, 0.5034149504419322, 0.5034149504419322, 0.5034149504419322, 0.5034149504419322, 0.5034149504419322, 0.5034149504419322, 0.5034149504419322, 0.5034149504419322, 0.5034149504419322, 0.5034149504419322, 0.5034149504419322, 0.5034149504419322, 0.5034149504419322, 0.5034149504419322, 0.5034149504419322, 0.5034149504419322, 0.5034149504419322, 0.5034149504419322, 0.5034149504419322, 0.5034149504419322, 0.5034149504419322, 0.5034149504419322, 0.5034149504419322, 0.5034149504419322, 0.5034149504419322, 0.5034149504419322, 0.5034149504419322, 0.5034149504419322, 0.5034149504419322, 0.5034149504419322, 0.5034149504419322, 0.5034149504419322, 0.5034149504419322, 0.5034149504419322, 0.5034149504419322, 0.5034149504419322, 0.5034149504419322, 0.5034149504419322, 0.5034149504419322, 0.5034149504419322, 0.5034149504419322, 0.5034149504419322, 0.5034149504419322, 0.5034149504419322, 0.5034149504419322, 0.5034149504419322, 0.49231215005293194, 0.49231215005293194, 0.49231215005293194, 0.49231215005293194, 0.49231215005293194, 0.49231215005293194, 0.49231215005293194, 0.49231215005293194, 0.49231215005293194, 0.49231215005293194, 0.49231215005293194, 0.49231215005293194, 0.49231215005293194, 0.49231215005293194, 0.49231215005293194, 0.49231215005293194, 0.49231215005293194, 0.49231215005293194, 0.49231215005293194, 0.49231215005293194, 0.49231215005293194, 0.49231215005293194, 0.49231215005293194, 0.49231215005293194, 0.03349110823939746, 0.03349110823939746, 0.03349110823939746, 0.03349110823939746, 0.03349110823939746, 0.03349110823939746, 0.03349110823939746, 0.03349110823939746, 0.03349110823939746, 0.03349110823939746, 0.03349110823939746, 0.03349110823939746, 0.03349110823939746, 0.03349110823939746, 0.03349110823939746, 0.03349110823939746, 0.03349110823939746, 0.03349110823939746, 0.03349110823939746, 0.03349110823939746, 0.03349110823939746, 0.03349110823939746, 0.03349110823939746, 0.03349110823939746, 0.03349110823939746, 0.03349110823939746, 0.03349110823939746, 0.03349110823939746, 0.03349110823939746, 0.03349110823939746, 0.03349110823939746, 0.03349110823939746, 0.03349110823939746, 0.03349110823939746, 0.03349110823939746, 0.03349110823939746, 0.03349110823939746, 0.03349110823939746, 0.03349110823939746, 0.03349110823939746, 0.03349110823939746]","{""elitism_fraction"": 0.2, ""max_iterations"": 120, ""mutation_fraction"": 0.1, ""population_size"": 40}"
rosenbrock,Rosenbrock,57,1652,ea,Algoritmo evolutivo,2,"[-2.048, 2.048]","[1.0, 1.0]","[1.1530522275068447, 1.3313200514795858]",0.02374561352162622,0.3649629581988319,120,4840,"[2.1831895988817522, 2.1831895988817522, 0.6838763281798164, 0.6838763281798164, 0.6838763281798164, 0.6838763281798164, 0.6838763281798164, 0.6838763281798164, 0.6838763281798164, 0.6838763281798164, 0.6838763281798164, 0.6838763281798164, 0.6838763281798164, 0.6838763281798164, 0.6838763281798164, 0.6838763281798164, 0.6838763281798164, 0.6838763281798164, 0.6838763281798164, 0.2719777368856833, 0.2719777368856833, 0.2719777368856833, 0.2719777368856833, 0.2719777368856833, 0.2719777368856833, 0.2719777368856833, 0.2719777368856833, 0.2719777368856833, 0.2719777368856833, 0.2719777368856833, 0.2719777368856833, 0.2719777368856833, 0.2719777368856833, 0.2719777368856833, 0.2719777368856833, 0.2719777368856833, 0.2719777368856833, 0.2719777368856833, 0.2719777368856833, 0.2719777368856833, 0.2719777368856833, 0.2719777368856833, 0.2719777368856833, 0.2719777368856833, 0.2719777368856833, 0.2719777368856833, 0.2719777368856833, 0.2719777368856833, 0.2719777368856833, 0.2719777368856833, 0.2719777368856833, 0.12533055514154084, 0.12533055514154084, 0.12533055514154084, 0.12533055514154084, 0.12533055514154084, 0.12533055514154084, 0.12533055514154084, 0.12533055514154084, 0.12533055514154084, 0.12533055514154084, 0.12533055514154084, 0.12533055514154084, 0.12533055514154084, 0.08926755236013739, 0.08926755236013739, 0.08926755236013739, 0.08926755236013739, 0.08926755236013739, 0.08926755236013739, 0.08926755236013739, 0.08926755236013739, 0.08926755236013739, 0.08926755236013739, 0.08926755236013739, 0.08926755236013739, 0.08926755236013739, 0.08926755236013739, 0.08926755236013739, 0.08926755236013739, 0.08926755236013739, 0.08926755236013739, 0.08926755236013739, 0.08926755236013739, 0.02374561352162622, 0.02374561352162622, 0.02374561352162622, 0.02374561352162622, 0.02374561352162622, 0.02374561352162622, 0.02374561352162622, 0.02374561352162622, 0.02374561352162622, 0.02374561352162622, 0.02374561352162622, 0.02374561352162622, 0.02374561352162622, 0.02374561352162622, 0.02374561352162622, 0.02374561352162622, 0.02374561352162622, 0.02374561352162622, 0.02374561352162622, 0.02374561352162622, 0.02374561352162622, 0.02374561352162622, 0.02374561352162622, 0.02374561352162622, 0.02374561352162622, 0.02374561352162622, 0.02374561352162622, 0.02374561352162622, 0.02374561352162622, 0.02374561352162622, 0.02374561352162622, 0.02374561352162622, 0.02374561352162622, 0.02374561352162622, 0.02374561352162622, 0.02374561352162622, 0.02374561352162622]","{""elitism_fraction"": 0.2, ""max_iterations"": 120, ""mutation_fraction"": 0.1, ""population_size"": 40}"
rosenbrock,Rosenbrock,58,1653,ea,Algoritmo evolutivo,2,"[-2.048, 2.048]","[1.0, 1.0]","[1.130755229432575, 1.2774109561216846]",0.01724007516066345,0.30668186871791514,120,4840,"[0.49745200171666765, 0.49745200171666765, 0.49745200171666765, 0.49745200171666765, 0.49745200171666765, 0.49745200171666765, 0.49745200171666765, 0.49745200171666765, 0.49745200171666765, 0.49745200171666765, 0.49745200171666765, 0.49745200171666765, 0.49745200171666765, 0.49745200171666765, 0.49745200171666765, 0.49745200171666765, 0.49745200171666765, 0.49745200171666765, 0.49745200171666765, 0.49745200171666765, 0.49745200171666765, 0.49745200171666765, 0.49745200171666765, 0.49745200171666765, 0.49745200171666765, 0.49745200171666765, 0.49745200171666765, 0.49745200171666765, 0.49745200171666765, 0.49745200171666765, 0.49745200171666765, 0.49745200171666765, 0.4917612002441654, 0.4917612002441654, 0.4917612002441654, 0.4917612002441654, 0.4917612002441654, 0.4917612002441654, 0.4917612002441654, 0.4917612002441654, 0.4917612002441654, 0.4917612002441654, 0.4917612002441654, 0.4917612002441654, 0.4917612002441654, 0.4917612002441654, 0.4917612002441654, 0.4917612002441654, 0.4917612002441654, 0.4917612002441654, 0.4917612002441654, 0.4917612002441654, 0.4917612002441654, 0.4917612002441654, 0.4917612002441654, 0.4917612002441654, 0.4917612002441654, 0.4917612002441654, 0.4917612002441654, 0.4917612002441654, 0.4917612002441654, 0.4917612002441654, 0.4917612002441654, 0.4917612002441654, 0.4917612002441654, 0.4917612002441654, 0.4917612002441654, 0.4917612002441654, 0.4917612002441654, 0.4917612002441654, 0.4917612002441654, 0.4917612002441654, 0.4917612002441654, 0.2107765666178601, 0.2107765666178601, 0.2107765666178601, 0.2107765666178601, 0.2107765666178601, 0.2107765666178601, 0.2107765666178601, 0.2107765666178601, 0.2107765666178601, 0.2107765666178601, 0.2107765666178601, 0.2107765666178601, 0.2107765666178601, 0.2107765666178601, 0.2107765666178601, 0.2107765666178601, 0.2107765666178601, 0.2107765666178601, 0.2107765666178601, 0.15521338514685812, 0.15521338514685812, 0.058104550259959954, 0.058104550259959954, 0.03129277249750727, 0.03129277249750727, 0.03129277249750727, 0.03129277249750727, 0.03129277249750727, 0.03129277249750727, 0.03129277249750727, 0.03129277249750727, 0.01724007516066345, 0.01724007516066345, 0.01724007516066345, 0.01724007516066345, 0.01724007516066345, 0.01724007516066345, 0.01724007516066345, 0.01724007516066345, 0.01724007516066345, 0.01724007516066345, 0.01724007516066345, 0.01724007516066345, 0.01724007516066345, 0.01724007516066345, 0.01724007516066345, 0.01724007516066345, 0.01724007516066345]","{""elitism_fraction"": 0.2, ""max_iterations"": 120, ""mutation_fraction"": 0.1, ""population_size"": 40}"
rosenbrock,Rosenbrock,59,1654,ea,Algoritmo evolutivo,2,"[-2.048, 2.048]","[1.0, 1.0]","[1.0368021208707, 1.0724555911326337]",0.001980920383499212,0.08126628321118781,120,4840,"[0.8072690740621382, 0.8072690740621382, 0.5446047067784731, 0.5446047067784731, 0.5446047067784731, 0.23699985753898142, 0.23699985753898142, 0.23699985753898142, 0.23699985753898142, 0.23699985753898142, 0.048882225077989554, 0.048882225077989554, 0.048882225077989554, 0.002301556312312134, 0.002301556312312134, 0.002301556312312134, 0.002301556312312134, 0.002301556312312134, 0.002301556312312134, 0.002301556312312134, 0.002301556312312134, 0.002301556312312134, 0.002301556312312134, 0.002301556312312134, 0.002301556312312134, 0.002301556312312134, 0.002301556312312134, 0.002301556312312134, 0.002301556312312134, 0.002301556312312134, 0.002301556312312134, 0.002301556312312134, 0.002301556312312134, 0.002301556312312134, 0.002301556312312134, 0.002301556312312134, 0.002301556312312134, 0.002301556312312134, 0.002301556312312134, 0.002301556312312134, 0.002301556312312134, 0.002301556312312134, 0.002301556312312134, 0.002301556312312134, 0.002301556312312134, 0.002301556312312134, 0.002301556312312134, 0.002301556312312134, 0.002301556312312134, 0.002301556312312134, 0.002301556312312134, 0.002301556312312134, 0.002301556312312134, 0.002301556312312134, 0.002301556312312134, 0.002301556312312134, 0.002301556312312134, 0.002301556312312134, 0.002301556312312134, 0.002301556312312134, 0.002301556312312134, 0.002301556312312134, 0.002301556312312134, 0.002301556312312134, 0.002301556312312134, 0.002301556312312134, 0.002301556312312134, 0.002301556312312134, 0.002301556312312134, 0.002301556312312134, 0.002301556312312134, 0.002301556312312134, 0.002301556312312134, 0.002301556312312134, 0.002301556312312134, 0.002301556312312134, 0.002301556312312134, 0.002301556312312134, 0.002301556312312134, 0.002301556312312134, 0.002301556312312134, 0.002301556312312134, 0.002301556312312134, 0.002301556312312134, 0.002301556312312134, 0.002301556312312134, 0.002301556312312134, 0.002301556312312134, 0.002301556312312134, 0.002301556312312134, 0.002301556312312134, 0.002301556312312134, 0.002301556312312134, 0.002301556312312134, 0.002301556312312134, 0.002301556312312134, 0.002301556312312134, 0.002301556312312134, 0.002301556312312134, 0.002301556312312134, 0.002301556312312134, 0.002301556312312134, 0.002301556312312134, 0.002301556312312134, 0.002301556312312134, 0.002301556312312134, 0.001980920383499212, 0.001980920383499212, 0.001980920383499212, 0.001980920383499212, 0.001980920383499212, 0.001980920383499212, 0.001980920383499212, 0.001980920383499212, 0.001980920383499212, 0.001980920383499212, 0.001980920383499212, 0.001980920383499212, 0.001980920383499212, 0.001980920383499212, 0.001980920383499212]","{""elitism_fraction"": 0.2, ""max_iterations"": 120, ""mutation_fraction"": 0.1, ""population_size"": 40}"
rosenbrock,Rosenbrock,60,1646,ea,Algoritmo evolutivo,2,"[-2.048, 2.048]","[1.0, 1.0]","[0.8398861589655624, 0.7052928346358489]",0.025637785960314866,0.3353934337576904,120,4840,"[0.23900725422374175, 0.23900725422374175, 0.04721016211708898, 0.04721016211708898, 0.04721016211708898, 0.04721016211708898, 0.04721016211708898, 0.04721016211708898, 0.04721016211708898, 0.04721016211708898, 0.04721016211708898, 0.04721016211708898, 0.04721016211708898, 0.04721016211708898, 0.04721016211708898, 0.04721016211708898, 0.04721016211708898, 0.04721016211708898, 0.04721016211708898, 0.04721016211708898, 0.04721016211708898, 0.04721016211708898, 0.04721016211708898, 0.04721016211708898, 0.04721016211708898, 0.04721016211708898, 0.04721016211708898, 0.04721016211708898, 0.04721016211708898, 0.04721016211708898, 0.04721016211708898, 0.04721016211708898, 0.04721016211708898, 0.04721016211708898, 0.04721016211708898, 0.04721016211708898, 0.04721016211708898, 0.029480796640148438, 0.029480796640148438, 0.029480796640148438, 0.029480796640148438, 0.029480796640148438, 0.029480796640148438, 0.025637785960314866, 0.025637785960314866, 0.025637785960314866, 0.025637785960314866, 0.025637785960314866, 0.025637785960314866, 0.025637785960314866, 0.025637785960314866, 0.025637785960314866, 0.025637785960314866, 0.025637785960314866, 0.025637785960314866, 0.025637785960314866, 0.025637785960314866, 0.025637785960314866, 0.025637785960314866, 0.025637785960314866, 0.025637785960314866, 0.025637785960314866, 0.025637785960314866, 0.025637785960314866, 0.025637785960314866, 0.025637785960314866, 0.025637785960314866, 0.025637785960314866, 0.025637785960314866, 0.025637785960314866, 0.025637785960314866, 0.025637785960314866, 0.025637785960314866, 0.025637785960314866, 0.025637785960314866, 0.025637785960314866, 0.025637785960314866, 0.025637785960314866, 0.025637785960314866, 0.025637785960314866, 0.025637785960314866, 0.025637785960314866, 0.025637785960314866, 0.025637785960314866, 0.025637785960314866, 0.025637785960314866, 0.025637785960314866, 0.025637785960314866, 0.025637785960314866, 0.025637785960314866, 0.025637785960314866, 0.025637785960314866, 0.025637785960314866, 0.025637785960314866, 0.025637785960314866, 0.025637785960314866, 0.025637785960314866, 0.025637785960314866, 0.025637785960314866, 0.025637785960314866, 0.025637785960314866, 0.025637785960314866, 0.025637785960314866, 0.025637785960314866, 0.025637785960314866, 0.025637785960314866, 0.025637785960314866, 0.025637785960314866, 0.025637785960314866, 0.025637785960314866, 0.025637785960314866, 0.025637785960314866, 0.025637785960314866, 0.025637785960314866, 0.025637785960314866, 0.025637785960314866, 0.025637785960314866, 0.025637785960314866, 0.025637785960314866, 0.025637785960314866, 0.025637785960314866]","{""elitism_fraction"": 0.2, ""max_iterations"": 120, ""mutation_fraction"": 0.1, ""population_size"": 40}"
rosenbrock,Rosenbrock,61,1647,ea,Algoritmo evolutivo,2,"[-2.048, 2.048]","[1.0, 1.0]","[0.8704089533407662, 0.7573675991145055]",0.016799800147128507,0.2750714840431393,120,4840,"[0.19727695287590657, 0.19727695287590657, 0.19727695287590657, 0.19727695287590657, 0.19727695287590657, 0.19727695287590657, 0.19727695287590657, 0.19727695287590657, 0.05870035310489807, 0.05870035310489807, 0.05870035310489807, 0.05870035310489807, 0.05870035310489807, 0.05870035310489807, 0.05870035310489807, 0.025871283880523392, 0.025871283880523392, 0.025871283880523392, 0.025871283880523392, 0.025871283880523392, 0.016799800147128507, 0.016799800147128507, 0.016799800147128507, 0.016799800147128507, 0.016799800147128507, 0.016799800147128507, 0.016799800147128507, 0.016799800147128507, 0.016799800147128507, 0.016799800147128507, 0.016799800147128507, 0.016799800147128507, 0.016799800147128507, 0.016799800147128507, 0.016799800147128507, 0.016799800147128507, 0.016799800147128507, 0.016799800147128507, 0.016799800147128507, 0.016799800147128507, 0.016799800147128507, 0.016799800147128507, 0.016799800147128507, 0.016799800147128507, 0.016799800147128507, 0.016799800147128507, 0.016799800147128507, 0.016799800147128507, 0.016799800147128507, 0.016799800147128507, 0.016799800147128507, 0.016799800147128507, 0.016799800147128507, 0.016799800147128507, 0.016799800147128507, 0.016799800147128507, 0.016799800147128507, 0.016799800147128507, 0.016799800147128507, 0.016799800147128507, 0.016799800147128507, 0.016799800147128507, 0.016799800147128507, 0.016799800147128507, 0.016799800147128507, 0.016799800147128507, 0.016799800147128507, 0.016799800147128507, 0.016799800147128507, 0.016799800147128507, 0.016799800147128507, 0.016799800147128507, 0.016799800147128507, 0.016799800147128507, 0.016799800147128507, 0.016799800147128507, 0.016799800147128507, 0.016799800147128507, 0.016799800147128507, 0.016799800147128507, 0.016799800147128507, 0.016799800147128507, 0.016799800147128507, 0.016799800147128507, 0.016799800147128507, 0.016799800147128507, 0.016799800147128507, 0.016799800147128507, 0.016799800147128507, 0.016799800147128507, 0.016799800147128507, 0.016799800147128507, 0.016799800147128507, 0.016799800147128507, 0.016799800147128507, 0.016799800147128507, 0.016799800147128507, 0.016799800147128507, 0.016799800147128507, 0.016799800147128507, 0.016799800147128507, 0.016799800147128507, 0.016799800147128507, 0.016799800147128507, 0.016799800147128507, 0.016799800147128507, 0.016799800147128507, 0.016799800147128507, 0.016799800147128507, 0.016799800147128507, 0.016799800147128507, 0.016799800147128507, 0.016799800147128507, 0.016799800147128507, 0.016799800147128507, 0.016799800147128507, 0.016799800147128507, 0.016799800147128507, 0.016799800147128507, 0.016799800147128507, 0.016799800147128507]","{""elitism_fraction"": 0.2, ""max_iterations"": 120, ""mutation_fraction"": 0.1, ""population_size"": 40}"
rosenbrock,Rosenbrock,62,1648,ea,Algoritmo evolutivo,2,"[-2.048, 2.048]","[1.0, 1.0]","[1.210929443162573, 1.480868636789837]",0.06556997366193265,0.5250960634407663,120,4840,"[11.797588119187566, 2.092127486381083, 2.092127486381083, 2.092127486381083, 2.092127486381083, 2.092127486381083, 2.092127486381083, 2.092127486381083, 2.092127486381083, 1.0646229807094947, 0.9083513962691508, 0.9083513962691508, 0.9083513962691508, 0.9083513962691508, 0.9083513962691508, 0.9083513962691508, 0.9083513962691508, 0.9083513962691508, 0.9083513962691508, 0.9083513962691508, 0.9083513962691508, 0.9083513962691508, 0.12929696954278447, 0.12929696954278447, 0.12929696954278447, 0.12929696954278447, 0.12929696954278447, 0.12929696954278447, 0.12929696954278447, 0.12929696954278447, 0.12929696954278447, 0.12929696954278447, 0.12929696954278447, 0.12929696954278447, 0.12929696954278447, 0.12929696954278447, 0.12929696954278447, 0.12929696954278447, 0.12929696954278447, 0.12929696954278447, 0.06556997366193265, 0.06556997366193265, 0.06556997366193265, 0.06556997366193265, 0.06556997366193265, 0.06556997366193265, 0.06556997366193265, 0.06556997366193265, 0.06556997366193265, 0.06556997366193265, 0.06556997366193265, 0.06556997366193265, 0.06556997366193265, 0.06556997366193265, 0.06556997366193265, 0.06556997366193265, 0.06556997366193265, 0.06556997366193265, 0.06556997366193265, 0.06556997366193265, 0.06556997366193265, 0.06556997366193265, 0.06556997366193265, 0.06556997366193265, 0.06556997366193265, 0.06556997366193265, 0.06556997366193265, 0.06556997366193265, 0.06556997366193265, 0.06556997366193265, 0.06556997366193265, 0.06556997366193265, 0.06556997366193265, 0.06556997366193265, 0.06556997366193265, 0.06556997366193265, 0.06556997366193265, 0.06556997366193265, 0.06556997366193265, 0.06556997366193265, 0.06556997366193265, 0.06556997366193265, 0.06556997366193265, 0.06556997366193265, 0.06556997366193265, 0.06556997366193265, 0.06556997366193265, 0.06556997366193265, 0.06556997366193265, 0.06556997366193265, 0.06556997366193265, 0.06556997366193265, 0.06556997366193265, 0.06556997366193265, 0.06556997366193265, 0.06556997366193265, 0.06556997366193265, 0.06556997366193265, 0.06556997366193265, 0.06556997366193265, 0.06556997366193265, 0.06556997366193265, 0.06556997366193265, 0.06556997366193265, 0.06556997366193265, 0.06556997366193265, 0.06556997366193265, 0.06556997366193265, 0.06556997366193265, 0.06556997366193265, 0.06556997366193265, 0.06556997366193265, 0.06556997366193265, 0.06556997366193265, 0.06556997366193265, 0.06556997366193265, 0.06556997366193265, 0.06556997366193265, 0.06556997366193265, 0.06556997366193265, 0.06556997366193265]","{""elitism_fraction"": 0.2, ""max_iterations"": 120, ""mutation_fraction"": 0.1, ""population_size"": 40}"
rosenbrock,Rosenbrock,63,1649,ea,Algoritmo evolutivo,2,"[-2.048, 2.048]","[1.0, 1.0]","[0.6567078004894475, 0.4142754737749579]",0.1467143938590397,0.6789129214165415,120,4840,"[1.2429085363339478, 1.2429085363339478, 1.2429085363339478, 1.2429085363339478, 1.2429085363339478, 0.371636577611966, 0.371636577611966, 0.371636577611966, 0.371636577611966, 0.371636577611966, 0.18072923297851093, 0.18072923297851093, 0.18072923297851093, 0.18072923297851093, 0.18072923297851093, 0.18072923297851093, 0.18072923297851093, 0.18072923297851093, 0.18072923297851093, 0.18072923297851093, 0.18072923297851093, 0.18072923297851093, 0.18072923297851093, 0.18072923297851093, 0.18072923297851093, 0.18072923297851093, 0.18072923297851093, 0.14983447140356954, 0.14983447140356954, 0.14983447140356954, 0.14983447140356954, 0.1467143938590397, 0.1467143938590397, 0.1467143938590397, 0.1467143938590397, 0.1467143938590397, 0.1467143938590397, 0.1467143938590397, 0.1467143938590397, 0.1467143938590397, 0.1467143938590397, 0.1467143938590397, 0.1467143938590397, 0.1467143938590397, 0.1467143938590397, 0.1467143938590397, 0.1467143938590397, 0.1467143938590397, 0.1467143938590397, 0.1467143938590397, 0.1467143938590397, 0.1467143938590397, 0.1467143938590397, 0.1467143938590397, 0.1467143938590397, 0.1467143938590397, 0.1467143938590397, 0.1467143938590397, 0.1467143938590397, 0.1467143938590397, 0.1467143938590397, 0.1467143938590397, 0.1467143938590397, 0.1467143938590397, 0.1467143938590397, 0.1467143938590397, 0.1467143938590397, 0.1467143938590397, 0.1467143938590397, 0.1467143938590397, 0.1467143938590397, 0.1467143938590397, 0.1467143938590397, 0.1467143938590397, 0.1467143938590397, 0.1467143938590397, 0.1467143938590397, 0.1467143938590397, 0.1467143938590397, 0.1467143938590397, 0.1467143938590397, 0.1467143938590397, 0.1467143938590397, 0.1467143938590397, 0.1467143938590397, 0.1467143938590397, 0.1467143938590397, 0.1467143938590397, 0.1467143938590397, 0.1467143938590397, 0.1467143938590397, 0.1467143938590397, 0.1467143938590397, 0.1467143938590397, 0.1467143938590397, 0.1467143938590397, 0.1467143938590397, 0.1467143938590397, 0.1467143938590397, 0.1467143938590397, 0.1467143938590397, 0.1467143938590397, 0.1467143938590397, 0.1467143938590397, 0.1467143938590397, 0.1467143938590397, 0.1467143938590397, 0.1467143938590397, 0.1467143938590397, 0.1467143938590397, 0.1467143938590397, 0.1467143938590397, 0.1467143938590397, 0.1467143938590397, 0.1467143938590397, 0.1467143938590397, 0.1467143938590397, 0.1467143938590397, 0.1467143938590397, 0.1467143938590397, 0.1467143938590397]","{""elitism_fraction"": 0.2, ""max_iterations"": 120, ""mutation_fraction"": 0.1, ""population_size"": 40}"
rosenbrock,Rosenbrock,64,1650,ea,Algoritmo evolutivo,2,"[-2.048, 2.048]","[1.0, 1.0]","[0.9060102357064488, 0.8207857868934112]",0.008834548590000296,0.2023655355325386,120,4840,"[0.8656126824220026, 0.8656126824220026, 0.8656126824220026, 0.7102585066186007, 0.7102585066186007, 0.7102585066186007, 0.10206289700827532, 0.011761118227169298, 0.011761118227169298, 0.011761118227169298, 0.011761118227169298, 0.011761118227169298, 0.011761118227169298, 0.011761118227169298, 0.011761118227169298, 0.011761118227169298, 0.011761118227169298, 0.011761118227169298, 0.011761118227169298, 0.011761118227169298, 0.011761118227169298, 0.011761118227169298, 0.01038182836508569, 0.01038182836508569, 0.01038182836508569, 0.01038182836508569, 0.008834548590000296, 0.008834548590000296, 0.008834548590000296, 0.008834548590000296, 0.008834548590000296, 0.008834548590000296, 0.008834548590000296, 0.008834548590000296, 0.008834548590000296, 0.008834548590000296, 0.008834548590000296, 0.008834548590000296, 0.008834548590000296, 0.008834548590000296, 0.008834548590000296, 0.008834548590000296, 0.008834548590000296, 0.008834548590000296, 0.008834548590000296, 0.008834548590000296, 0.008834548590000296, 0.008834548590000296, 0.008834548590000296, 0.008834548590000296, 0.008834548590000296, 0.008834548590000296, 0.008834548590000296, 0.008834548590000296, 0.008834548590000296, 0.008834548590000296, 0.008834548590000296, 0.008834548590000296, 0.008834548590000296, 0.008834548590000296, 0.008834548590000296, 0.008834548590000296, 0.008834548590000296, 0.008834548590000296, 0.008834548590000296, 0.008834548590000296, 0.008834548590000296, 0.008834548590000296, 0.008834548590000296, 0.008834548590000296, 0.008834548590000296, 0.008834548590000296, 0.008834548590000296, 0.008834548590000296, 0.008834548590000296, 0.008834548590000296, 0.008834548590000296, 0.008834548590000296, 0.008834548590000296, 0.008834548590000296, 0.008834548590000296, 0.008834548590000296, 0.008834548590000296, 0.008834548590000296, 0.008834548590000296, 0.008834548590000296, 0.008834548590000296, 0.008834548590000296, 0.008834548590000296, 0.008834548590000296, 0.008834548590000296, 0.008834548590000296, 0.008834548590000296, 0.008834548590000296, 0.008834548590000296, 0.008834548590000296, 0.008834548590000296, 0.008834548590000296, 0.008834548590000296, 0.008834548590000296, 0.008834548590000296, 0.008834548590000296, 0.008834548590000296, 0.008834548590000296, 0.008834548590000296, 0.008834548590000296, 0.008834548590000296, 0.008834548590000296, 0.008834548590000296, 0.008834548590000296, 0.008834548590000296, 0.008834548590000296, 0.008834548590000296, 0.008834548590000296, 0.008834548590000296, 0.008834548590000296, 0.008834548590000296, 0.008834548590000296, 0.008834548590000296, 0.008834548590000296, 0.008834548590000296]","{""elitism_fraction"": 0.2, ""max_iterations"": 120, ""mutation_fraction"": 0.1, ""population_size"": 40}"
rosenbrock,Rosenbrock,65,1651,ea,Algoritmo evolutivo,2,"[-2.048, 2.048]","[1.0, 1.0]","[1.0265703174549148, 1.0357399531354345]",0.03349110823939746,0.04453454860867018,120,4840,"[1.6106306632191745, 1.6106306632191745, 1.6106306632191745, 1.6106306632191745, 1.6106306632191745, 1.3560079306452704, 1.3560079306452704, 0.5034149504419322, 0.5034149504419322, 0.5034149504419322, 0.5034149504419322, 0.5034149504419322, 0.5034149504419322, 0.5034149504419322, 0.5034149504419322, 0.5034149504419322, 0.5034149504419322, 0.5034149504419322, 0.5034149504419322, 0.5034149504419322, 0.5034149504419322, 0.5034149504419322, 0.5034149504419322, 0.5034149504419322, 0.5034149504419322, 0.5034149504419322, 0.5034149504419322, 0.5034149504419322, 0.5034149504419322, 0.5034149504419322, 0.5034149504419322, 0.5034149504419322, 0.5034149504419322, 0.5034149504419322, 0.5034149504419322, 0.5034149504419322, 0.5034149504419322, 0.5034149504419322, 0.5034149504419322, 0.5034149504419322, 0.5034149504419322, 0.5034149504419322, 0.5034149504419322, 0.5034149504419322, 0.5034149504419322, 0.5034149504419322, 0.5034149504419322, 0.5034149504419322, 0.5034149504419322, 0.5034149504419322, 0.5034149504419322, 0.5034149504419322, 0.5034149504419322, 0.5034149504419322, 0.5034149504419322, 0.5034149504419322, 0.49231215005293194, 0.49231215005293194, 0.49231215005293194, 0.49231215005293194, 0.49231215005293194, 0.49231215005293194, 0.49231215005293194, 0.49231215005293194, 0.49231215005293194, 0.49231215005293194, 0.49231215005293194, 0.49231215005293194, 0.49231215005293194, 0.49231215005293194, 0.49231215005293194, 0.49231215005293194, 0.49231215005293194, 0.49231215005293194, 0.49231215005293194, 0.49231215005293194, 0.49231215005293194, 0.49231215005293194, 0.49231215005293194, 0.49231215005293194, 0.03349110823939746, 0.03349110823939746, 0.03349110823939746, 0.03349110823939746, 0.03349110823939746, 0.03349110823939746, 0.03349110823939746, 0.03349110823939746, 0.03349110823939746, 0.03349110823939746, 0.03349110823939746, 0.03349110823939746, 0.03349110823939746, 0.03349110823939746, 0.03349110823939746, 0.03349110823939746, 0.03349110823939746, 0.03349110823939746, 0.03349110823939746, 0.03349110823939746, 0.03349110823939746, 0.03349110823939746, 0.03349110823939746, 0.03349110823939746, 0.03349110823939746, 0.03349110823939746, 0.03349110823939746, 0.03349110823939746, 0.03349110823939746, 0.03349110823939746, 0.03349110823939746, 0.03349110823939746, 0.03349110823939746, 0.03349110823939746, 0.03349110823939746, 0.03349110823939746, 0.03349110823939746, 0.03349110823939746, 0.03349110823939746, 0.03349110823939746, 0.03349110823939746]","{""elitism_fraction"": 0.2, ""max_iterations"": 120, ""mutation_fraction"": 0.1, ""population_size"": 40}"
rosenbrock,Rosenbrock,66,1652,ea,Algoritmo evolutivo,2,"[-2.048, 2.048]","[1.0, 1.0]","[1.1530522275068447, 1.3313200514795858]",0.02374561352162622,0.3649629581988319,120,4840,"[2.1831895988817522, 2.1831895988817522, 0.6838763281798164, 0.6838763281798164, 0.6838763281798164, 0.6838763281798164, 0.6838763281798164, 0.6838763281798164, 0.6838763281798164, 0.6838763281798164, 0.6838763281798164, 0.6838763281798164, 0.6838763281798164, 0.6838763281798164, 0.6838763281798164, 0.6838763281798164, 0.6838763281798164, 0.6838763281798164, 0.6838763281798164, 0.2719777368856833, 0.2719777368856833, 0.2719777368856833, 0.2719777368856833, 0.2719777368856833, 0.2719777368856833, 0.2719777368856833, 0.2719777368856833, 0.2719777368856833, 0.2719777368856833, 0.2719777368856833, 0.2719777368856833, 0.2719777368856833, 0.2719777368856833, 0.2719777368856833, 0.2719777368856833, 0.2719777368856833, 0.2719777368856833, 0.2719777368856833, 0.2719777368856833, 0.2719777368856833, 0.2719777368856833, 0.2719777368856833, 0.2719777368856833, 0.2719777368856833, 0.2719777368856833, 0.2719777368856833, 0.2719777368856833, 0.2719777368856833, 0.2719777368856833, 0.2719777368856833, 0.2719777368856833, 0.12533055514154084, 0.12533055514154084, 0.12533055514154084, 0.12533055514154084, 0.12533055514154084, 0.12533055514154084, 0.12533055514154084, 0.12533055514154084, 0.12533055514154084, 0.12533055514154084, 0.12533055514154084, 0.12533055514154084, 0.12533055514154084, 0.08926755236013739, 0.08926755236013739, 0.08926755236013739, 0.08926755236013739, 0.08926755236013739, 0.08926755236013739, 0.08926755236013739, 0.08926755236013739, 0.08926755236013739, 0.08926755236013739, 0.08926755236013739, 0.08926755236013739, 0.08926755236013739, 0.08926755236013739, 0.08926755236013739, 0.08926755236013739, 0.08926755236013739, 0.08926755236013739, 0.08926755236013739, 0.08926755236013739, 0.02374561352162622, 0.02374561352162622, 0.02374561352162622, 0.02374561352162622, 0.02374561352162622, 0.02374561352162622, 0.02374561352162622, 0.02374561352162622, 0.02374561352162622, 0.02374561352162622, 0.02374561352162622, 0.02374561352162622, 0.02374561352162622, 0.02374561352162622, 0.02374561352162622, 0.02374561352162622, 0.02374561352162622, 0.02374561352162622, 0.02374561352162622, 0.02374561352162622, 0.02374561352162622, 0.02374561352162622, 0.02374561352162622, 0.02374561352162622, 0.02374561352162622, 0.02374561352162622, 0.02374561352162622, 0.02374561352162622, 0.02374561352162622, 0.02374561352162622, 0.02374561352162622, 0.02374561352162622, 0.02374561352162622, 0.02374561352162622, 0.02374561352162622, 0.02374561352162622, 0.02374561352162622]","{""elitism_fraction"": 0.2, ""max_iterations"": 120, ""mutation_fraction"": 0.1, ""population_size"": 40}"
rosenbrock,Rosenbrock,67,1653,ea,Algoritmo evolutivo,2,"[-2.048, 2.048]","[1.0, 1.0]","[1.130755229432575, 1.2774109561216846]",0.01724007516066345,0.30668186871791514,120,4840,"[0.49745200171666765, 0.49745200171666765, 0.49745200171666765, 0.49745200171666765, 0.49745200171666765, 0.49745200171666765, 0.49745200171666765, 0.49745200171666765, 0.49745200171666765, 0.49745200171666765, 0.49745200171666765, 0.49745200171666765, 0.49745200171666765, 0.49745200171666765, 0.49745200171666765, 0.49745200171666765, 0.49745200171666765, 0.49745200171666765, 0.49745200171666765, 0.49745200171666765, 0.49745200171666765, 0.49745200171666765, 0.49745200171666765, 0.49745200171666765, 0.49745200171666765, 0.49745200171666765, 0.49745200171666765, 0.49745200171666765, 0.49745200171666765, 0.49745200171666765, 0.49745200171666765, 0.49745200171666765, 0.4917612002441654, 0.4917612002441654, 0.4917612002441654, 0.4917612002441654, 0.4917612002441654, 0.4917612002441654, 0.4917612002441654, 0.4917612002441654, 0.4917612002441654, 0.4917612002441654, 0.4917612002441654, 0.4917612002441654, 0.4917612002441654, 0.4917612002441654, 0.4917612002441654, 0.4917612002441654, 0.4917612002441654, 0.4917612002441654, 0.4917612002441654, 0.4917612002441654, 0.4917612002441654, 0.4917612002441654, 0.4917612002441654, 0.4917612002441654, 0.4917612002441654, 0.4917612002441654, 0.4917612002441654, 0.4917612002441654, 0.4917612002441654, 0.4917612002441654, 0.4917612002441654, 0.4917612002441654, 0.4917612002441654, 0.4917612002441654, 0.4917612002441654, 0.4917612002441654, 0.4917612002441654, 0.4917612002441654, 0.4917612002441654, 0.4917612002441654, 0.4917612002441654, 0.2107765666178601, 0.2107765666178601, 0.2107765666178601, 0.2107765666178601, 0.2107765666178601, 0.2107765666178601, 0.2107765666178601, 0.2107765666178601, 0.2107765666178601, 0.2107765666178601, 0.2107765666178601, 0.2107765666178601, 0.2107765666178601, 0.2107765666178601, 0.2107765666178601, 0.2107765666178601, 0.2107765666178601, 0.2107765666178601, 0.2107765666178601, 0.15521338514685812, 0.15521338514685812, 0.058104550259959954, 0.058104550259959954, 0.03129277249750727, 0.03129277249750727, 0.03129277249750727, 0.03129277249750727, 0.03129277249750727, 0.03129277249750727, 0.03129277249750727, 0.03129277249750727, 0.01724007516066345, 0.01724007516066345, 0.01724007516066345, 0.01724007516066345, 0.01724007516066345, 0.01724007516066345, 0.01724007516066345, 0.01724007516066345, 0.01724007516066345, 0.01724007516066345, 0.01724007516066345, 0.01724007516066345, 0.01724007516066345, 0.01724007516066345, 0.01724007516066345, 0.01724007516066345, 0.01724007516066345]","{""elitism_fraction"": 0.2, ""max_iterations"": 120, ""mutation_fraction"": 0.1, ""population_size"": 40}"
rosenbrock,Rosenbrock,68,1654,ea,Algoritmo evolutivo,2,"[-2.048, 2.048]","[1.0, 1.0]","[1.0368021208707, 1.0724555911326337]",0.001980920383499212,0.08126628321118781,120,4840,"[0.8072690740621382, 0.8072690740621382, 0.5446047067784731, 0.5446047067784731, 0.5446047067784731, 0.23699985753898142, 0.23699985753898142, 0.23699985753898142, 0.23699985753898142, 0.23699985753898142, 0.048882225077989554, 0.048882225077989554, 0.048882225077989554, 0.002301556312312134, 0.002301556312312134, 0.002301556312312134, 0.002301556312312134, 0.002301556312312134, 0.002301556312312134, 0.002301556312312134, 0.002301556312312134, 0.002301556312312134, 0.002301556312312134, 0.002301556312312134, 0.002301556312312134, 0.002301556312312134, 0.002301556312312134, 0.002301556312312134, 0.002301556312312134, 0.002301556312312134, 0.002301556312312134, 0.002301556312312134, 0.002301556312312134, 0.002301556312312134, 0.002301556312312134, 0.002301556312312134, 0.002301556312312134, 0.002301556312312134, 0.002301556312312134, 0.002301556312312134, 0.002301556312312134, 0.002301556312312134, 0.002301556312312134, 0.002301556312312134, 0.002301556312312134, 0.002301556312312134, 0.002301556312312134, 0.002301556312312134, 0.002301556312312134, 0.002301556312312134, 0.002301556312312134, 0.002301556312312134, 0.002301556312312134, 0.002301556312312134, 0.002301556312312134, 0.002301556312312134, 0.002301556312312134, 0.002301556312312134, 0.002301556312312134, 0.002301556312312134, 0.002301556312312134, 0.002301556312312134, 0.002301556312312134, 0.002301556312312134, 0.002301556312312134, 0.002301556312312134, 0.002301556312312134, 0.002301556312312134, 0.002301556312312134, 0.002301556312312134, 0.002301556312312134, 0.002301556312312134, 0.002301556312312134, 0.002301556312312134, 0.002301556312312134, 0.002301556312312134, 0.002301556312312134, 0.002301556312312134, 0.002301556312312134, 0.002301556312312134, 0.002301556312312134, 0.002301556312312134, 0.002301556312312134, 0.002301556312312134, 0.002301556312312134, 0.002301556312312134, 0.002301556312312134, 0.002301556312312134, 0.002301556312312134, 0.002301556312312134, 0.002301556312312134, 0.002301556312312134, 0.002301556312312134, 0.002301556312312134, 0.002301556312312134, 0.002301556312312134, 0.002301556312312134, 0.002301556312312134, 0.002301556312312134, 0.002301556312312134, 0.002301556312312134, 0.002301556312312134, 0.002301556312312134, 0.002301556312312134, 0.002301556312312134, 0.002301556312312134, 0.001980920383499212, 0.001980920383499212, 0.001980920383499212, 0.001980920383499212, 0.001980920383499212, 0.001980920383499212, 0.001980920383499212, 0.001980920383499212, 0.001980920383499212, 0.001980920383499212, 0.001980920383499212, 0.001980920383499212, 0.001980920383499212, 0.001980920383499212, 0.001980920383499212]","{""elitism_fraction"": 0.2, ""max_iterations"": 120, ""mutation_fraction"": 0.1, ""population_size"": 40}"
rosenbrock,Rosenbrock,69,1655,ea,Algoritmo evolutivo,2,"[-2.048, 2.048]","[1.0, 1.0]","[1.0045830522641896, 1.0040748925745335]",0.0026344799402483665,0.00613262729588896,120,4840,"[17.606838357455675, 2.819201555752543, 2.1813525200350403, 2.1813525200350403, 2.1813525200350403, 0.9979234716174311, 0.9979234716174311, 0.9979234716174311, 0.02013086698303242, 0.02013086698303242, 0.02013086698303242, 0.02013086698303242, 0.02013086698303242, 0.02013086698303242, 0.02013086698303242, 0.02013086698303242, 0.02013086698303242, 0.02013086698303242, 0.02013086698303242, 0.02013086698303242, 0.02013086698303242, 0.02013086698303242, 0.02013086698303242, 0.02013086698303242, 0.02013086698303242, 0.02013086698303242, 0.02013086698303242, 0.02013086698303242, 0.02013086698303242, 0.02013086698303242, 0.02013086698303242, 0.02013086698303242, 0.02013086698303242, 0.02013086698303242, 0.02013086698303242, 0.02013086698303242, 0.02013086698303242, 0.02013086698303242, 0.02013086698303242, 0.02013086698303242, 0.02013086698303242, 0.02013086698303242, 0.02013086698303242, 0.02013086698303242, 0.02013086698303242, 0.02013086698303242, 0.02013086698303242, 0.02013086698303242, 0.02013086698303242, 0.02013086698303242, 0.02013086698303242, 0.02013086698303242, 0.014042852617358475, 0.014042852617358475, 0.014042852617358475, 0.006846879415868388, 0.006846879415868388, 0.006846879415868388, 0.006846879415868388, 0.006846879415868388, 0.006846879415868388, 0.006846879415868388, 0.006846879415868388, 0.006846879415868388, 0.006846879415868388, 0.006846879415868388, 0.006846879415868388, 0.006846879415868388, 0.006846879415868388, 0.006846879415868388, 0.006846879415868388, 0.006846879415868388, 0.006846879415868388, 0.006846879415868388, 0.006846879415868388, 0.006846879415868388, 0.006846879415868388, 0.006846879415868388, 0.006846879415868388, 0.006846879415868388, 0.006846879415868388, 0.006846879415868388, 0.006846879415868388, 0.006846879415868388, 0.006846879415868388, 0.006846879415868388, 0.006846879415868388, 0.006846879415868388, 0.006846879415868388, 0.006846879415868388, 0.0026344799402483665, 0.0026344799402483665, 0.0026344799402483665, 0.0026344799402483665, 0.0026344799402483665, 0.0026344799402483665, 0.0026344799402483665, 0.0026344799402483665, 0.0026344799402483665, 0.0026344799402483665, 0.0026344799402483665, 0.0026344799402483665, 0.0026344799402483665, 0.0026344799402483665, 0.0026344799402483665, 0.0026344799402483665, 0.0026344799402483665, 0.0026344799402483665, 0.0026344799402483665, 0.0026344799402483665, 0.0026344799402483665, 0.0026344799402483665, 0.0026344799402483665, 0.0026344799402483665, 0.0026344799402483665, 0.0026344799402483665, 0.0026344799402483665, 0.0026344799402483665, 0.0026344799402483665, 0.0026344799402483665, 0.0026344799402483665]","{""elitism_fraction"": 0.2, ""max_iterations"": 120, ""mutation_fraction"": 0.1, ""population_size"": 40}"
rosenbrock,Rosenbrock,70,1647,ea,Algoritmo evolutivo,2,"[-2.048, 2.048]","[1.0, 1.0]","[0.8704089533407662, 0.7573675991145055]",0.016799800147128507,0.2750714840431393,120,4840,"[0.19727695287590657, 0.19727695287590657, 0.19727695287590657, 0.19727695287590657, 0.19727695287590657, 0.19727695287590657, 0.19727695287590657, 0.19727695287590657, 0.05870035310489807, 0.05870035310489807, 0.05870035310489807, 0.05870035310489807, 0.05870035310489807, 0.05870035310489807, 0.05870035310489807, 0.025871283880523392, 0.025871283880523392, 0.025871283880523392, 0.025871283880523392, 0.025871283880523392, 0.016799800147128507, 0.016799800147128507, 0.016799800147128507, 0.016799800147128507, 0.016799800147128507, 0.016799800147128507, 0.016799800147128507, 0.016799800147128507, 0.016799800147128507, 0.016799800147128507, 0.016799800147128507, 0.016799800147128507, 0.016799800147128507, 0.016799800147128507, 0.016799800147128507, 0.016799800147128507, 0.016799800147128507, 0.016799800147128507, 0.016799800147128507, 0.016799800147128507, 0.016799800147128507, 0.016799800147128507, 0.016799800147128507, 0.016799800147128507, 0.016799800147128507, 0.016799800147128507, 0.016799800147128507, 0.016799800147128507, 0.016799800147128507, 0.016799800147128507, 0.016799800147128507, 0.016799800147128507, 0.016799800147128507, 0.016799800147128507, 0.016799800147128507, 0.016799800147128507, 0.016799800147128507, 0.016799800147128507, 0.016799800147128507, 0.016799800147128507, 0.016799800147128507, 0.016799800147128507, 0.016799800147128507, 0.016799800147128507, 0.016799800147128507, 0.016799800147128507, 0.016799800147128507, 0.016799800147128507, 0.016799800147128507, 0.016799800147128507, 0.016799800147128507, 0.016799800147128507, 0.016799800147128507, 0.016799800147128507, 0.016799800147128507, 0.016799800147128507, 0.016799800147128507, 0.016799800147128507, 0.016799800147128507, 0.016799800147128507, 0.016799800147128507, 0.016799800147128507, 0.016799800147128507, 0.016799800147128507, 0.016799800147128507, 0.016799800147128507, 0.016799800147128507, 0.016799800147128507, 0.016799800147128507, 0.016799800147128507, 0.016799800147128507, 0.016799800147128507, 0.016799800147128507, 0.016799800147128507, 0.016799800147128507, 0.016799800147128507, 0.016799800147128507, 0.016799800147128507, 0.016799800147128507, 0.016799800147128507, 0.016799800147128507, 0.016799800147128507, 0.016799800147128507, 0.016799800147128507, 0.016799800147128507, 0.016799800147128507, 0.016799800147128507, 0.016799800147128507, 0.016799800147128507, 0.016799800147128507, 0.016799800147128507, 0.016799800147128507, 0.016799800147128507, 0.016799800147128507, 0.016799800147128507, 0.016799800147128507, 0.016799800147128507, 0.016799800147128507, 0.016799800147128507, 0.016799800147128507, 0.016799800147128507]","{""elitism_fraction"": 0.2, ""max_iterations"": 120, ""mutation_fraction"": 0.1, ""population_size"": 40}"
rosenbrock,Rosenbrock,71,1648,ea,Algoritmo evolutivo,2,"[-2.048, 2.048]","[1.0, 1.0]","[1.210929443162573, 1.480868636789837]",0.06556997366193265,0.5250960634407663,120,4840,"[11.797588119187566, 2.092127486381083, 2.092127486381083, 2.092127486381083, 2.092127486381083, 2.092127486381083, 2.092127486381083, 2.092127486381083, 2.092127486381083, 1.0646229807094947, 0.9083513962691508, 0.9083513962691508, 0.9083513962691508, 0.9083513962691508, 0.9083513962691508, 0.9083513962691508, 0.9083513962691508, 0.9083513962691508, 0.9083513962691508, 0.9083513962691508, 0.9083513962691508, 0.9083513962691508, 0.12929696954278447, 0.12929696954278447, 0.12929696954278447, 0.12929696954278447, 0.12929696954278447, 0.12929696954278447, 0.12929696954278447, 0.12929696954278447, 0.12929696954278447, 0.12929696954278447, 0.12929696954278447, 0.12929696954278447, 0.12929696954278447, 0.12929696954278447, 0.12929696954278447, 0.12929696954278447, 0.12929696954278447, 0.12929696954278447, 0.06556997366193265, 0.06556997366193265, 0.06556997366193265, 0.06556997366193265, 0.06556997366193265, 0.06556997366193265, 0.06556997366193265, 0.06556997366193265, 0.06556997366193265, 0.06556997366193265, 0.06556997366193265, 0.06556997366193265, 0.06556997366193265, 0.06556997366193265, 0.06556997366193265, 0.06556997366193265, 0.06556997366193265, 0.06556997366193265, 0.06556997366193265, 0.06556997366193265, 0.06556997366193265, 0.06556997366193265, 0.06556997366193265, 0.06556997366193265, 0.06556997366193265, 0.06556997366193265, 0.06556997366193265, 0.06556997366193265, 0.06556997366193265, 0.06556997366193265, 0.06556997366193265, 0.06556997366193265, 0.06556997366193265, 0.06556997366193265, 0.06556997366193265, 0.06556997366193265, 0.06556997366193265, 0.06556997366193265, 0.06556997366193265, 0.06556997366193265, 0.06556997366193265, 0.06556997366193265, 0.06556997366193265, 0.06556997366193265, 0.06556997366193265, 0.06556997366193265, 0.06556997366193265, 0.06556997366193265, 0.06556997366193265, 0.06556997366193265, 0.06556997366193265, 0.06556997366193265, 0.06556997366193265, 0.06556997366193265, 0.06556997366193265, 0.06556997366193265, 0.06556997366193265, 0.06556997366193265, 0.06556997366193265, 0.06556997366193265, 0.06556997366193265, 0.06556997366193265, 0.06556997366193265, 0.06556997366193265, 0.06556997366193265, 0.06556997366193265, 0.06556997366193265, 0.06556997366193265, 0.06556997366193265, 0.06556997366193265, 0.06556997366193265, 0.06556997366193265, 0.06556997366193265, 0.06556997366193265, 0.06556997366193265, 0.06556997366193265, 0.06556997366193265, 0.06556997366193265, 0.06556997366193265, 0.06556997366193265, 0.06556997366193265]","{""elitism_fraction"": 0.2, ""max_iterations"": 120, ""mutation_fraction"": 0.1, ""population_size"": 40}"
rosenbrock,Rosenbrock,72,1649,ea,Algoritmo evolutivo,2,"[-2.048, 2.048]","[1.0, 1.0]","[0.6567078004894475, 0.4142754737749579]",0.1467143938590397,0.6789129214165415,120,4840,"[1.2429085363339478, 1.2429085363339478, 1.2429085363339478, 1.2429085363339478, 1.2429085363339478, 0.371636577611966, 0.371636577611966, 0.371636577611966, 0.371636577611966, 0.371636577611966, 0.18072923297851093, 0.18072923297851093, 0.18072923297851093, 0.18072923297851093, 0.18072923297851093, 0.18072923297851093, 0.18072923297851093, 0.18072923297851093, 0.18072923297851093, 0.18072923297851093, 0.18072923297851093, 0.18072923297851093, 0.18072923297851093, 0.18072923297851093, 0.18072923297851093, 0.18072923297851093, 0.18072923297851093, 0.14983447140356954, 0.14983447140356954, 0.14983447140356954, 0.14983447140356954, 0.1467143938590397, 0.1467143938590397, 0.1467143938590397, 0.1467143938590397, 0.1467143938590397, 0.1467143938590397, 0.1467143938590397, 0.1467143938590397, 0.1467143938590397, 0.1467143938590397, 0.1467143938590397, 0.1467143938590397, 0.1467143938590397, 0.1467143938590397, 0.1467143938590397, 0.1467143938590397, 0.1467143938590397, 0.1467143938590397, 0.1467143938590397, 0.1467143938590397, 0.1467143938590397, 0.1467143938590397, 0.1467143938590397, 0.1467143938590397, 0.1467143938590397, 0.1467143938590397, 0.1467143938590397, 0.1467143938590397, 0.1467143938590397, 0.1467143938590397, 0.1467143938590397, 0.1467143938590397, 0.1467143938590397, 0.1467143938590397, 0.1467143938590397, 0.1467143938590397, 0.1467143938590397, 0.1467143938590397, 0.1467143938590397, 0.1467143938590397, 0.1467143938590397, 0.1467143938590397, 0.1467143938590397, 0.1467143938590397, 0.1467143938590397, 0.1467143938590397, 0.1467143938590397, 0.1467143938590397, 0.1467143938590397, 0.1467143938590397, 0.1467143938590397, 0.1467143938590397, 0.1467143938590397, 0.1467143938590397, 0.1467143938590397, 0.1467143938590397, 0.1467143938590397, 0.1467143938590397, 0.1467143938590397, 0.1467143938590397, 0.1467143938590397, 0.1467143938590397, 0.1467143938590397, 0.1467143938590397, 0.1467143938590397, 0.1467143938590397, 0.1467143938590397, 0.1467143938590397, 0.1467143938590397, 0.1467143938590397, 0.1467143938590397, 0.1467143938590397, 0.1467143938590397, 0.1467143938590397, 0.1467143938590397, 0.1467143938590397, 0.1467143938590397, 0.1467143938590397, 0.1467143938590397, 0.1467143938590397, 0.1467143938590397, 0.1467143938590397, 0.1467143938590397, 0.1467143938590397, 0.1467143938590397, 0.1467143938590397, 0.1467143938590397, 0.1467143938590397, 0.1467143938590397, 0.1467143938590397]","{""elitism_fraction"": 0.2, ""max_iterations"": 120, ""mutation_fraction"": 0.1, ""population_size"": 40}"
rosenbrock,Rosenbrock,73,1650,ea,Algoritmo evolutivo,2,"[-2.048, 2.048]","[1.0, 1.0]","[0.9060102357064488, 0.8207857868934112]",0.008834548590000296,0.2023655355325386,120,4840,"[0.8656126824220026, 0.8656126824220026, 0.8656126824220026, 0.7102585066186007, 0.7102585066186007, 0.7102585066186007, 0.10206289700827532, 0.011761118227169298, 0.011761118227169298, 0.011761118227169298, 0.011761118227169298, 0.011761118227169298, 0.011761118227169298, 0.011761118227169298, 0.011761118227169298, 0.011761118227169298, 0.011761118227169298, 0.011761118227169298, 0.011761118227169298, 0.011761118227169298, 0.011761118227169298, 0.011761118227169298, 0.01038182836508569, 0.01038182836508569, 0.01038182836508569, 0.01038182836508569, 0.008834548590000296, 0.008834548590000296, 0.008834548590000296, 0.008834548590000296, 0.008834548590000296, 0.008834548590000296, 0.008834548590000296, 0.008834548590000296, 0.008834548590000296, 0.008834548590000296, 0.008834548590000296, 0.008834548590000296, 0.008834548590000296, 0.008834548590000296, 0.008834548590000296, 0.008834548590000296, 0.008834548590000296, 0.008834548590000296, 0.008834548590000296, 0.008834548590000296, 0.008834548590000296, 0.008834548590000296, 0.008834548590000296, 0.008834548590000296, 0.008834548590000296, 0.008834548590000296, 0.008834548590000296, 0.008834548590000296, 0.008834548590000296, 0.008834548590000296, 0.008834548590000296, 0.008834548590000296, 0.008834548590000296, 0.008834548590000296, 0.008834548590000296, 0.008834548590000296, 0.008834548590000296, 0.008834548590000296, 0.008834548590000296, 0.008834548590000296, 0.008834548590000296, 0.008834548590000296, 0.008834548590000296, 0.008834548590000296, 0.008834548590000296, 0.008834548590000296, 0.008834548590000296, 0.008834548590000296, 0.008834548590000296, 0.008834548590000296, 0.008834548590000296, 0.008834548590000296, 0.008834548590000296, 0.008834548590000296, 0.008834548590000296, 0.008834548590000296, 0.008834548590000296, 0.008834548590000296, 0.008834548590000296, 0.008834548590000296, 0.008834548590000296, 0.008834548590000296, 0.008834548590000296, 0.008834548590000296, 0.008834548590000296, 0.008834548590000296, 0.008834548590000296, 0.008834548590000296, 0.008834548590000296, 0.008834548590000296, 0.008834548590000296, 0.008834548590000296, 0.008834548590000296, 0.008834548590000296, 0.008834548590000296, 0.008834548590000296, 0.008834548590000296, 0.008834548590000296, 0.008834548590000296, 0.008834548590000296, 0.008834548590000296, 0.008834548590000296, 0.008834548590000296, 0.008834548590000296, 0.008834548590000296, 0.008834548590000296, 0.008834548590000296, 0.008834548590000296, 0.008834548590000296, 0.008834548590000296, 0.008834548590000296, 0.008834548590000296, 0.008834548590000296, 0.008834548590000296, 0.008834548590000296]","{""elitism_fraction"": 0.2, ""max_iterations"": 120, ""mutation_fraction"": 0.1, ""population_size"": 40}"
rosenbrock,Rosenbrock,74,1651,ea,Algoritmo evolutivo,2,"[-2.048, 2.048]","[1.0, 1.0]","[1.0265703174549148, 1.0357399531354345]",0.03349110823939746,0.04453454860867018,120,4840,"[1.6106306632191745, 1.6106306632191745, 1.6106306632191745, 1.6106306632191745, 1.6106306632191745, 1.3560079306452704, 1.3560079306452704, 0.5034149504419322, 0.5034149504419322, 0.5034149504419322, 0.5034149504419322, 0.5034149504419322, 0.5034149504419322, 0.5034149504419322, 0.5034149504419322, 0.5034149504419322, 0.5034149504419322, 0.5034149504419322, 0.5034149504419322, 0.5034149504419322, 0.5034149504419322, 0.5034149504419322, 0.5034149504419322, 0.5034149504419322, 0.5034149504419322, 0.5034149504419322, 0.5034149504419322, 0.5034149504419322, 0.5034149504419322, 0.5034149504419322, 0.5034149504419322, 0.5034149504419322, 0.5034149504419322, 0.5034149504419322, 0.5034149504419322, 0.5034149504419322, 0.5034149504419322, 0.5034149504419322, 0.5034149504419322, 0.5034149504419322, 0.5034149504419322, 0.5034149504419322, 0.5034149504419322, 0.5034149504419322, 0.5034149504419322, 0.5034149504419322, 0.5034149504419322, 0.5034149504419322, 0.5034149504419322, 0.5034149504419322, 0.5034149504419322, 0.5034149504419322, 0.5034149504419322, 0.5034149504419322, 0.5034149504419322, 0.5034149504419322, 0.49231215005293194, 0.49231215005293194, 0.49231215005293194, 0.49231215005293194, 0.49231215005293194, 0.49231215005293194, 0.49231215005293194, 0.49231215005293194, 0.49231215005293194, 0.49231215005293194, 0.49231215005293194, 0.49231215005293194, 0.49231215005293194, 0.49231215005293194, 0.49231215005293194, 0.49231215005293194, 0.49231215005293194, 0.49231215005293194, 0.49231215005293194, 0.49231215005293194, 0.49231215005293194, 0.49231215005293194, 0.49231215005293194, 0.49231215005293194, 0.03349110823939746, 0.03349110823939746, 0.03349110823939746, 0.03349110823939746, 0.03349110823939746, 0.03349110823939746, 0.03349110823939746, 0.03349110823939746, 0.03349110823939746, 0.03349110823939746, 0.03349110823939746, 0.03349110823939746, 0.03349110823939746, 0.03349110823939746, 0.03349110823939746, 0.03349110823939746, 0.03349110823939746, 0.03349110823939746, 0.03349110823939746, 0.03349110823939746, 0.03349110823939746, 0.03349110823939746, 0.03349110823939746, 0.03349110823939746, 0.03349110823939746, 0.03349110823939746, 0.03349110823939746, 0.03349110823939746, 0.03349110823939746, 0.03349110823939746, 0.03349110823939746, 0.03349110823939746, 0.03349110823939746, 0.03349110823939746, 0.03349110823939746, 0.03349110823939746, 0.03349110823939746, 0.03349110823939746, 0.03349110823939746, 0.03349110823939746, 0.03349110823939746]","{""elitism_fraction"": 0.2, ""max_iterations"": 120, ""mutation_fraction"": 0.1, ""population_size"": 40}"
rosenbrock,Rosenbrock,75,1652,ea,Algoritmo evolutivo,2,"[-2.048, 2.048]","[1.0, 1.0]","[1.1530522275068447, 1.3313200514795858]",0.02374561352162622,0.3649629581988319,120,4840,"[2.1831895988817522, 2.1831895988817522, 0.6838763281798164, 0.6838763281798164, 0.6838763281798164, 0.6838763281798164, 0.6838763281798164, 0.6838763281798164, 0.6838763281798164, 0.6838763281798164, 0.6838763281798164, 0.6838763281798164, 0.6838763281798164, 0.6838763281798164, 0.6838763281798164, 0.6838763281798164, 0.6838763281798164, 0.6838763281798164, 0.6838763281798164, 0.2719777368856833, 0.2719777368856833, 0.2719777368856833, 0.2719777368856833, 0.2719777368856833, 0.2719777368856833, 0.2719777368856833, 0.2719777368856833, 0.2719777368856833, 0.2719777368856833, 0.2719777368856833, 0.2719777368856833, 0.2719777368856833, 0.2719777368856833, 0.2719777368856833, 0.2719777368856833, 0.2719777368856833, 0.2719777368856833, 0.2719777368856833, 0.2719777368856833, 0.2719777368856833, 0.2719777368856833, 0.2719777368856833, 0.2719777368856833, 0.2719777368856833, 0.2719777368856833, 0.2719777368856833, 0.2719777368856833, 0.2719777368856833, 0.2719777368856833, 0.2719777368856833, 0.2719777368856833, 0.12533055514154084, 0.12533055514154084, 0.12533055514154084, 0.12533055514154084, 0.12533055514154084, 0.12533055514154084, 0.12533055514154084, 0.12533055514154084, 0.12533055514154084, 0.12533055514154084, 0.12533055514154084, 0.12533055514154084, 0.12533055514154084, 0.08926755236013739, 0.08926755236013739, 0.08926755236013739, 0.08926755236013739, 0.08926755236013739, 0.08926755236013739, 0.08926755236013739, 0.08926755236013739, 0.08926755236013739, 0.08926755236013739, 0.08926755236013739, 0.08926755236013739, 0.08926755236013739, 0.08926755236013739, 0.08926755236013739, 0.08926755236013739, 0.08926755236013739, 0.08926755236013739, 0.08926755236013739, 0.08926755236013739, 0.02374561352162622, 0.02374561352162622, 0.02374561352162622, 0.02374561352162622, 0.02374561352162622, 0.02374561352162622, 0.02374561352162622, 0.02374561352162622, 0.02374561352162622, 0.02374561352162622, 0.02374561352162622, 0.02374561352162622, 0.02374561352162622, 0.02374561352162622, 0.02374561352162622, 0.02374561352162622, 0.02374561352162622, 0.02374561352162622, 0.02374561352162622, 0.02374561352162622, 0.02374561352162622, 0.02374561352162622, 0.02374561352162622, 0.02374561352162622, 0.02374561352162622, 0.02374561352162622, 0.02374561352162622, 0.02374561352162622, 0.02374561352162622, 0.02374561352162622, 0.02374561352162622, 0.02374561352162622, 0.02374561352162622, 0.02374561352162622, 0.02374561352162622, 0.02374561352162622, 0.02374561352162622]","{""elitism_fraction"": 0.2, ""max_iterations"": 120, ""mutation_fraction"": 0.1, ""population_size"": 40}"
rosenbrock,Rosenbrock,76,1653,ea,Algoritmo evolutivo,2,"[-2.048, 2.048]","[1.0, 1.0]","[1.130755229432575, 1.2774109561216846]",0.01724007516066345,0.30668186871791514,120,4840,"[0.49745200171666765, 0.49745200171666765, 0.49745200171666765, 0.49745200171666765, 0.49745200171666765, 0.49745200171666765, 0.49745200171666765, 0.49745200171666765, 0.49745200171666765, 0.49745200171666765, 0.49745200171666765, 0.49745200171666765, 0.49745200171666765, 0.49745200171666765, 0.49745200171666765, 0.49745200171666765, 0.49745200171666765, 0.49745200171666765, 0.49745200171666765, 0.49745200171666765, 0.49745200171666765, 0.49745200171666765, 0.49745200171666765, 0.49745200171666765, 0.49745200171666765, 0.49745200171666765, 0.49745200171666765, 0.49745200171666765, 0.49745200171666765, 0.49745200171666765, 0.49745200171666765, 0.49745200171666765, 0.4917612002441654, 0.4917612002441654, 0.4917612002441654, 0.4917612002441654, 0.4917612002441654, 0.4917612002441654, 0.4917612002441654, 0.4917612002441654, 0.4917612002441654, 0.4917612002441654, 0.4917612002441654, 0.4917612002441654, 0.4917612002441654, 0.4917612002441654, 0.4917612002441654, 0.4917612002441654, 0.4917612002441654, 0.4917612002441654, 0.4917612002441654, 0.4917612002441654, 0.4917612002441654, 0.4917612002441654, 0.4917612002441654, 0.4917612002441654, 0.4917612002441654, 0.4917612002441654, 0.4917612002441654, 0.4917612002441654, 0.4917612002441654, 0.4917612002441654, 0.4917612002441654, 0.4917612002441654, 0.4917612002441654, 0.4917612002441654, 0.4917612002441654, 0.4917612002441654, 0.4917612002441654, 0.4917612002441654, 0.4917612002441654, 0.4917612002441654, 0.4917612002441654, 0.2107765666178601, 0.2107765666178601, 0.2107765666178601, 0.2107765666178601, 0.2107765666178601, 0.2107765666178601, 0.2107765666178601, 0.2107765666178601, 0.2107765666178601, 0.2107765666178601, 0.2107765666178601, 0.2107765666178601, 0.2107765666178601, 0.2107765666178601, 0.2107765666178601, 0.2107765666178601, 0.2107765666178601, 0.2107765666178601, 0.2107765666178601, 0.15521338514685812, 0.15521338514685812, 0.058104550259959954, 0.058104550259959954, 0.03129277249750727, 0.03129277249750727, 0.03129277249750727, 0.03129277249750727, 0.03129277249750727, 0.03129277249750727, 0.03129277249750727, 0.03129277249750727, 0.01724007516066345, 0.01724007516066345, 0.01724007516066345, 0.01724007516066345, 0.01724007516066345, 0.01724007516066345, 0.01724007516066345, 0.01724007516066345, 0.01724007516066345, 0.01724007516066345, 0.01724007516066345, 0.01724007516066345, 0.01724007516066345, 0.01724007516066345, 0.01724007516066345, 0.01724007516066345, 0.01724007516066345]","{""elitism_fraction"": 0.2, ""max_iterations"": 120, ""mutation_fraction"": 0.1, ""population_size"": 40}"
rosenbrock,Rosenbrock,77,1654,ea,Algoritmo evolutivo,2,"[-2.048, 2.048]","[1.0, 1.0]","[1.0368021208707, 1.0724555911326337]",0.001980920383499212,0.08126628321118781,120,4840,"[0.8072690740621382, 0.8072690740621382, 0.5446047067784731, 0.5446047067784731, 0.5446047067784731, 0.23699985753898142, 0.23699985753898142, 0.23699985753898142, 0.23699985753898142, 0.23699985753898142, 0.048882225077989554, 0.048882225077989554, 0.048882225077989554, 0.002301556312312134, 0.002301556312312134, 0.002301556312312134, 0.002301556312312134, 0.002301556312312134, 0.002301556312312134, 0.002301556312312134, 0.002301556312312134, 0.002301556312312134, 0.002301556312312134, 0.002301556312312134, 0.002301556312312134, 0.002301556312312134, 0.002301556312312134, 0.002301556312312134, 0.002301556312312134, 0.002301556312312134, 0.002301556312312134, 0.002301556312312134, 0.002301556312312134, 0.002301556312312134, 0.002301556312312134, 0.002301556312312134, 0.002301556312312134, 0.002301556312312134, 0.002301556312312134, 0.002301556312312134, 0.002301556312312134, 0.002301556312312134, 0.002301556312312134, 0.002301556312312134, 0.002301556312312134, 0.002301556312312134, 0.002301556312312134, 0.002301556312312134, 0.002301556312312134, 0.002301556312312134, 0.002301556312312134, 0.002301556312312134, 0.002301556312312134, 0.002301556312312134, 0.002301556312312134, 0.002301556312312134, 0.002301556312312134, 0.002301556312312134, 0.002301556312312134, 0.002301556312312134, 0.002301556312312134, 0.002301556312312134, 0.002301556312312134, 0.002301556312312134, 0.002301556312312134, 0.002301556312312134, 0.002301556312312134, 0.002301556312312134, 0.002301556312312134, 0.002301556312312134, 0.002301556312312134, 0.002301556312312134, 0.002301556312312134, 0.002301556312312134, 0.002301556312312134, 0.002301556312312134, 0.002301556312312134, 0.002301556312312134, 0.002301556312312134, 0.002301556312312134, 0.002301556312312134, 0.002301556312312134, 0.002301556312312134, 0.002301556312312134, 0.002301556312312134, 0.002301556312312134, 0.002301556312312134, 0.002301556312312134, 0.002301556312312134, 0.002301556312312134, 0.002301556312312134, 0.002301556312312134, 0.002301556312312134, 0.002301556312312134, 0.002301556312312134, 0.002301556312312134, 0.002301556312312134, 0.002301556312312134, 0.002301556312312134, 0.002301556312312134, 0.002301556312312134, 0.002301556312312134, 0.002301556312312134, 0.002301556312312134, 0.002301556312312134, 0.002301556312312134, 0.001980920383499212, 0.001980920383499212, 0.001980920383499212, 0.001980920383499212, 0.001980920383499212, 0.001980920383499212, 0.001980920383499212, 0.001980920383499212, 0.001980920383499212, 0.001980920383499212, 0.001980920383499212, 0.001980920383499212, 0.001980920383499212, 0.001980920383499212, 0.001980920383499212]","{""elitism_fraction"": 0.2, ""max_iterations"": 120, ""mutation_fraction"": 0.1, ""population_size"": 40}"
rosenbrock,Rosenbrock,78,1655,ea,Algoritmo evolutivo,2,"[-2.048, 2.048]","[1.0, 1.0]","[1.0045830522641896, 1.0040748925745335]",0.0026344799402483665,0.00613262729588896,120,4840,"[17.606838357455675, 2.819201555752543, 2.1813525200350403, 2.1813525200350403, 2.1813525200350403, 0.9979234716174311, 0.9979234716174311, 0.9979234716174311, 0.02013086698303242, 0.02013086698303242, 0.02013086698303242, 0.02013086698303242, 0.02013086698303242, 0.02013086698303242, 0.02013086698303242, 0.02013086698303242, 0.02013086698303242, 0.02013086698303242, 0.02013086698303242, 0.02013086698303242, 0.02013086698303242, 0.02013086698303242, 0.02013086698303242, 0.02013086698303242, 0.02013086698303242, 0.02013086698303242, 0.02013086698303242, 0.02013086698303242, 0.02013086698303242, 0.02013086698303242, 0.02013086698303242, 0.02013086698303242, 0.02013086698303242, 0.02013086698303242, 0.02013086698303242, 0.02013086698303242, 0.02013086698303242, 0.02013086698303242, 0.02013086698303242, 0.02013086698303242, 0.02013086698303242, 0.02013086698303242, 0.02013086698303242, 0.02013086698303242, 0.02013086698303242, 0.02013086698303242, 0.02013086698303242, 0.02013086698303242, 0.02013086698303242, 0.02013086698303242, 0.02013086698303242, 0.02013086698303242, 0.014042852617358475, 0.014042852617358475, 0.014042852617358475, 0.006846879415868388, 0.006846879415868388, 0.006846879415868388, 0.006846879415868388, 0.006846879415868388, 0.006846879415868388, 0.006846879415868388, 0.006846879415868388, 0.006846879415868388, 0.006846879415868388, 0.006846879415868388, 0.006846879415868388, 0.006846879415868388, 0.006846879415868388, 0.006846879415868388, 0.006846879415868388, 0.006846879415868388, 0.006846879415868388, 0.006846879415868388, 0.006846879415868388, 0.006846879415868388, 0.006846879415868388, 0.006846879415868388, 0.006846879415868388, 0.006846879415868388, 0.006846879415868388, 0.006846879415868388, 0.006846879415868388, 0.006846879415868388, 0.006846879415868388, 0.006846879415868388, 0.006846879415868388, 0.006846879415868388, 0.006846879415868388, 0.006846879415868388, 0.0026344799402483665, 0.0026344799402483665, 0.0026344799402483665, 0.0026344799402483665, 0.0026344799402483665, 0.0026344799402483665, 0.0026344799402483665, 0.0026344799402483665, 0.0026344799402483665, 0.0026344799402483665, 0.0026344799402483665, 0.0026344799402483665, 0.0026344799402483665, 0.0026344799402483665, 0.0026344799402483665, 0.0026344799402483665, 0.0026344799402483665, 0.0026344799402483665, 0.0026344799402483665, 0.0026344799402483665, 0.0026344799402483665, 0.0026344799402483665, 0.0026344799402483665, 0.0026344799402483665, 0.0026344799402483665, 0.0026344799402483665, 0.0026344799402483665, 0.0026344799402483665, 0.0026344799402483665, 0.0026344799402483665, 0.0026344799402483665]","{""elitism_fraction"": 0.2, ""max_iterations"": 120, ""mutation_fraction"": 0.1, ""population_size"": 40}"
rosenbrock,Rosenbrock,79,1656,ea,Algoritmo evolutivo,2,"[-2.048, 2.048]","[1.0, 1.0]","[0.16358613956164492, 0.015956867663285745]",0.7112598311686328,1.291483268274291,120,4840,"[1.7683519792126499, 1.7683519792126499, 1.0009935001406658, 1.0009935001406658, 1.0009935001406658, 1.0009935001406658, 1.0009935001406658, 1.0009935001406658, 1.0009935001406658, 0.9864075582269549, 0.9864075582269549, 0.9864075582269549, 0.9864075582269549, 0.9025105385595136, 0.9025105385595136, 0.7641448150765049, 0.7641448150765049, 0.7641448150765049, 0.7641448150765049, 0.7641448150765049, 0.7641448150765049, 0.7641448150765049, 0.7641448150765049, 0.7641448150765049, 0.7641448150765049, 0.7641448150765049, 0.7641448150765049, 0.7641448150765049, 0.7641448150765049, 0.7641448150765049, 0.7641448150765049, 0.7641448150765049, 0.7641448150765049, 0.7641448150765049, 0.7641448150765049, 0.7641448150765049, 0.7641448150765049, 0.7641448150765049, 0.7641448150765049, 0.7641448150765049, 0.7641448150765049, 0.7641448150765049, 0.7641448150765049, 0.7641448150765049, 0.7641448150765049, 0.7641448150765049, 0.7641448150765049, 0.7641448150765049, 0.7641448150765049, 0.7641448150765049, 0.7641448150765049, 0.7641448150765049, 0.7641448150765049, 0.7641448150765049, 0.7641448150765049, 0.7641448150765049, 0.7641448150765049, 0.7641448150765049, 0.7641448150765049, 0.7641448150765049, 0.7641448150765049, 0.7641448150765049, 0.7641448150765049, 0.7641448150765049, 0.7641448150765049, 0.7641448150765049, 0.7641448150765049, 0.7641448150765049, 0.7641448150765049, 0.7297579518361723, 0.7297579518361723, 0.7297579518361723, 0.7297579518361723, 0.7297579518361723, 0.7297579518361723, 0.7297579518361723, 0.7297579518361723, 0.7297579518361723, 0.7297579518361723, 0.7297579518361723, 0.7112598311686328, 0.7112598311686328, 0.7112598311686328, 0.7112598311686328, 0.7112598311686328, 0.7112598311686328, 0.7112598311686328, 0.7112598311686328, 0.7112598311686328, 0.7112598311686328, 0.7112598311686328, 0.7112598311686328, 0.7112598311686328, 0.7112598311686328, 0.7112598311686328, 0.7112598311686328, 0.7112598311686328, 0.7112598311686328, 0.7112598311686328, 0.7112598311686328, 0.7112598311686328, 0.7112598311686328, 0.7112598311686328, 0.7112598311686328, 0.7112598311686328, 0.7112598311686328, 0.7112598311686328, 0.7112598311686328, 0.7112598311686328, 0.7112598311686328, 0.7112598311686328, 0.7112598311686328, 0.7112598311686328, 0.7112598311686328, 0.7112598311686328, 0.7112598311686328, 0.7112598311686328, 0.7112598311686328, 0.7112598311686328, 0.7112598311686328, 0.7112598311686328]","{""elitism_fraction"": 0.2, ""max_iterations"": 120, ""mutation_fraction"": 0.1, ""population_size"": 40}"
rosenbrock,Rosenbrock,80,1648,ea,Algoritmo evolutivo,2,"[-2.048, 2.048]","[1.0, 1.0]","[1.210929443162573, 1.480868636789837]",0.06556997366193265,0.5250960634407663,120,4840,"[11.797588119187566, 2.092127486381083, 2.092127486381083, 2.092127486381083, 2.092127486381083, 2.092127486381083, 2.092127486381083, 2.092127486381083, 2.092127486381083, 1.0646229807094947, 0.9083513962691508, 0.9083513962691508, 0.9083513962691508, 0.9083513962691508, 0.9083513962691508, 0.9083513962691508, 0.9083513962691508, 0.9083513962691508, 0.9083513962691508, 0.9083513962691508, 0.9083513962691508, 0.9083513962691508, 0.12929696954278447, 0.12929696954278447, 0.12929696954278447, 0.12929696954278447, 0.12929696954278447, 0.12929696954278447, 0.12929696954278447, 0.12929696954278447, 0.12929696954278447, 0.12929696954278447, 0.12929696954278447, 0.12929696954278447, 0.12929696954278447, 0.12929696954278447, 0.12929696954278447, 0.12929696954278447, 0.12929696954278447, 0.12929696954278447, 0.06556997366193265, 0.06556997366193265, 0.06556997366193265, 0.06556997366193265, 0.06556997366193265, 0.06556997366193265, 0.06556997366193265, 0.06556997366193265, 0.06556997366193265, 0.06556997366193265, 0.06556997366193265, 0.06556997366193265, 0.06556997366193265, 0.06556997366193265, 0.06556997366193265, 0.06556997366193265, 0.06556997366193265, 0.06556997366193265, 0.06556997366193265, 0.06556997366193265, 0.06556997366193265, 0.06556997366193265, 0.06556997366193265, 0.06556997366193265, 0.06556997366193265, 0.06556997366193265, 0.06556997366193265, 0.06556997366193265, 0.06556997366193265, 0.06556997366193265, 0.06556997366193265, 0.06556997366193265, 0.06556997366193265, 0.06556997366193265, 0.06556997366193265, 0.06556997366193265, 0.06556997366193265, 0.06556997366193265, 0.06556997366193265, 0.06556997366193265, 0.06556997366193265, 0.06556997366193265, 0.06556997366193265, 0.06556997366193265, 0.06556997366193265, 0.06556997366193265, 0.06556997366193265, 0.06556997366193265, 0.06556997366193265, 0.06556997366193265, 0.06556997366193265, 0.06556997366193265, 0.06556997366193265, 0.06556997366193265, 0.06556997366193265, 0.06556997366193265, 0.06556997366193265, 0.06556997366193265, 0.06556997366193265, 0.06556997366193265, 0.06556997366193265, 0.06556997366193265, 0.06556997366193265, 0.06556997366193265, 0.06556997366193265, 0.06556997366193265, 0.06556997366193265, 0.06556997366193265, 0.06556997366193265, 0.06556997366193265, 0.06556997366193265, 0.06556997366193265, 0.06556997366193265, 0.06556997366193265, 0.06556997366193265, 0.06556997366193265, 0.06556997366193265, 0.06556997366193265, 0.06556997366193265, 0.06556997366193265, 0.06556997366193265]","{""elitism_fraction"": 0.2, ""max_iterations"": 120, ""mutation_fraction"": 0.1, ""population_size"": 40}"
rosenbrock,Rosenbrock,81,1649,ea,Algoritmo evolutivo,2,"[-2.048, 2.048]","[1.0, 1.0]","[0.6567078004894475, 0.4142754737749579]",0.1467143938590397,0.6789129214165415,120,4840,"[1.2429085363339478, 1.2429085363339478, 1.2429085363339478, 1.2429085363339478, 1.2429085363339478, 0.371636577611966, 0.371636577611966, 0.371636577611966, 0.371636577611966, 0.371636577611966, 0.18072923297851093, 0.18072923297851093, 0.18072923297851093, 0.18072923297851093, 0.18072923297851093, 0.18072923297851093, 0.18072923297851093, 0.18072923297851093, 0.18072923297851093, 0.18072923297851093, 0.18072923297851093, 0.18072923297851093, 0.18072923297851093, 0.18072923297851093, 0.18072923297851093, 0.18072923297851093, 0.18072923297851093, 0.14983447140356954, 0.14983447140356954, 0.14983447140356954, 0.14983447140356954, 0.1467143938590397, 0.1467143938590397, 0.1467143938590397, 0.1467143938590397, 0.1467143938590397, 0.1467143938590397, 0.1467143938590397, 0.1467143938590397, 0.1467143938590397, 0.1467143938590397, 0.1467143938590397, 0.1467143938590397, 0.1467143938590397, 0.1467143938590397, 0.1467143938590397, 0.1467143938590397, 0.1467143938590397, 0.1467143938590397, 0.1467143938590397, 0.1467143938590397, 0.1467143938590397, 0.1467143938590397, 0.1467143938590397, 0.1467143938590397, 0.1467143938590397, 0.1467143938590397, 0.1467143938590397, 0.1467143938590397, 0.1467143938590397, 0.1467143938590397, 0.1467143938590397, 0.1467143938590397, 0.1467143938590397, 0.1467143938590397, 0.1467143938590397, 0.1467143938590397, 0.1467143938590397, 0.1467143938590397, 0.1467143938590397, 0.1467143938590397, 0.1467143938590397, 0.1467143938590397, 0.1467143938590397, 0.1467143938590397, 0.1467143938590397, 0.1467143938590397, 0.1467143938590397, 0.1467143938590397, 0.1467143938590397, 0.1467143938590397, 0.1467143938590397, 0.1467143938590397, 0.1467143938590397, 0.1467143938590397, 0.1467143938590397, 0.1467143938590397, 0.1467143938590397, 0.1467143938590397, 0.1467143938590397, 0.1467143938590397, 0.1467143938590397, 0.1467143938590397, 0.1467143938590397, 0.1467143938590397, 0.1467143938590397, 0.1467143938590397, 0.1467143938590397, 0.1467143938590397, 0.1467143938590397, 0.1467143938590397, 0.1467143938590397, 0.1467143938590397, 0.1467143938590397, 0.1467143938590397, 0.1467143938590397, 0.1467143938590397, 0.1467143938590397, 0.1467143938590397, 0.1467143938590397, 0.1467143938590397, 0.1467143938590397, 0.1467143938590397, 0.1467143938590397, 0.1467143938590397, 0.1467143938590397, 0.1467143938590397, 0.1467143938590397, 0.1467143938590397, 0.1467143938590397, 0.1467143938590397]","{""elitism_fraction"": 0.2, ""max_iterations"": 120, ""mutation_fraction"": 0.1, ""population_size"": 40}"
rosenbrock,Rosenbrock,82,1650,ea,Algoritmo evolutivo,2,"[-2.048, 2.048]","[1.0, 1.0]","[0.9060102357064488, 0.8207857868934112]",0.008834548590000296,0.2023655355325386,120,4840,"[0.8656126824220026, 0.8656126824220026, 0.8656126824220026, 0.7102585066186007, 0.7102585066186007, 0.7102585066186007, 0.10206289700827532, 0.011761118227169298, 0.011761118227169298, 0.011761118227169298, 0.011761118227169298, 0.011761118227169298, 0.011761118227169298, 0.011761118227169298, 0.011761118227169298, 0.011761118227169298, 0.011761118227169298, 0.011761118227169298, 0.011761118227169298, 0.011761118227169298, 0.011761118227169298, 0.011761118227169298, 0.01038182836508569, 0.01038182836508569, 0.01038182836508569, 0.01038182836508569, 0.008834548590000296, 0.008834548590000296, 0.008834548590000296, 0.008834548590000296, 0.008834548590000296, 0.008834548590000296, 0.008834548590000296, 0.008834548590000296, 0.008834548590000296, 0.008834548590000296, 0.008834548590000296, 0.008834548590000296, 0.008834548590000296, 0.008834548590000296, 0.008834548590000296, 0.008834548590000296, 0.008834548590000296, 0.008834548590000296, 0.008834548590000296, 0.008834548590000296, 0.008834548590000296, 0.008834548590000296, 0.008834548590000296, 0.008834548590000296, 0.008834548590000296, 0.008834548590000296, 0.008834548590000296, 0.008834548590000296, 0.008834548590000296, 0.008834548590000296, 0.008834548590000296, 0.008834548590000296, 0.008834548590000296, 0.008834548590000296, 0.008834548590000296, 0.008834548590000296, 0.008834548590000296, 0.008834548590000296, 0.008834548590000296, 0.008834548590000296, 0.008834548590000296, 0.008834548590000296, 0.008834548590000296, 0.008834548590000296, 0.008834548590000296, 0.008834548590000296, 0.008834548590000296, 0.008834548590000296, 0.008834548590000296, 0.008834548590000296, 0.008834548590000296, 0.008834548590000296, 0.008834548590000296, 0.008834548590000296, 0.008834548590000296, 0.008834548590000296, 0.008834548590000296, 0.008834548590000296, 0.008834548590000296, 0.008834548590000296, 0.008834548590000296, 0.008834548590000296, 0.008834548590000296, 0.008834548590000296, 0.008834548590000296, 0.008834548590000296, 0.008834548590000296, 0.008834548590000296, 0.008834548590000296, 0.008834548590000296, 0.008834548590000296, 0.008834548590000296, 0.008834548590000296, 0.008834548590000296, 0.008834548590000296, 0.008834548590000296, 0.008834548590000296, 0.008834548590000296, 0.008834548590000296, 0.008834548590000296, 0.008834548590000296, 0.008834548590000296, 0.008834548590000296, 0.008834548590000296, 0.008834548590000296, 0.008834548590000296, 0.008834548590000296, 0.008834548590000296, 0.008834548590000296, 0.008834548590000296, 0.008834548590000296, 0.008834548590000296, 0.008834548590000296, 0.008834548590000296, 0.008834548590000296]","{""elitism_fraction"": 0.2, ""max_iterations"": 120, ""mutation_fraction"": 0.1, ""population_size"": 40}"
rosenbrock,Rosenbrock,83,1651,ea,Algoritmo evolutivo,2,"[-2.048, 2.048]","[1.0, 1.0]","[1.0265703174549148, 1.0357399531354345]",0.03349110823939746,0.04453454860867018,120,4840,"[1.6106306632191745, 1.6106306632191745, 1.6106306632191745, 1.6106306632191745, 1.6106306632191745, 1.3560079306452704, 1.3560079306452704, 0.5034149504419322, 0.5034149504419322, 0.5034149504419322, 0.5034149504419322, 0.5034149504419322, 0.5034149504419322, 0.5034149504419322, 0.5034149504419322, 0.5034149504419322, 0.5034149504419322, 0.5034149504419322, 0.5034149504419322, 0.5034149504419322, 0.5034149504419322, 0.5034149504419322, 0.5034149504419322, 0.5034149504419322, 0.5034149504419322, 0.5034149504419322, 0.5034149504419322, 0.5034149504419322, 0.5034149504419322, 0.5034149504419322, 0.5034149504419322, 0.5034149504419322, 0.5034149504419322, 0.5034149504419322, 0.5034149504419322, 0.5034149504419322, 0.5034149504419322, 0.5034149504419322, 0.5034149504419322, 0.5034149504419322, 0.5034149504419322, 0.5034149504419322, 0.5034149504419322, 0.5034149504419322, 0.5034149504419322, 0.5034149504419322, 0.5034149504419322, 0.5034149504419322, 0.5034149504419322, 0.5034149504419322, 0.5034149504419322, 0.5034149504419322, 0.5034149504419322, 0.5034149504419322, 0.5034149504419322, 0.5034149504419322, 0.49231215005293194, 0.49231215005293194, 0.49231215005293194, 0.49231215005293194, 0.49231215005293194, 0.49231215005293194, 0.49231215005293194, 0.49231215005293194, 0.49231215005293194, 0.49231215005293194, 0.49231215005293194, 0.49231215005293194, 0.49231215005293194, 0.49231215005293194, 0.49231215005293194, 0.49231215005293194, 0.49231215005293194, 0.49231215005293194, 0.49231215005293194, 0.49231215005293194, 0.49231215005293194, 0.49231215005293194, 0.49231215005293194, 0.49231215005293194, 0.03349110823939746, 0.03349110823939746, 0.03349110823939746, 0.03349110823939746, 0.03349110823939746, 0.03349110823939746, 0.03349110823939746, 0.03349110823939746, 0.03349110823939746, 0.03349110823939746, 0.03349110823939746, 0.03349110823939746, 0.03349110823939746, 0.03349110823939746, 0.03349110823939746, 0.03349110823939746, 0.03349110823939746, 0.03349110823939746, 0.03349110823939746, 0.03349110823939746, 0.03349110823939746, 0.03349110823939746, 0.03349110823939746, 0.03349110823939746, 0.03349110823939746, 0.03349110823939746, 0.03349110823939746, 0.03349110823939746, 0.03349110823939746, 0.03349110823939746, 0.03349110823939746, 0.03349110823939746, 0.03349110823939746, 0.03349110823939746, 0.03349110823939746, 0.03349110823939746, 0.03349110823939746, 0.03349110823939746, 0.03349110823939746, 0.03349110823939746, 0.03349110823939746]","{""elitism_fraction"": 0.2, ""max_iterations"": 120, ""mutation_fraction"": 0.1, ""population_size"": 40}"
rosenbrock,Rosenbrock,84,1652,ea,Algoritmo evolutivo,2,"[-2.048, 2.048]","[1.0, 1.0]","[1.1530522275068447, 1.3313200514795858]",0.02374561352162622,0.3649629581988319,120,4840,"[2.1831895988817522, 2.1831895988817522, 0.6838763281798164, 0.6838763281798164, 0.6838763281798164, 0.6838763281798164, 0.6838763281798164, 0.6838763281798164, 0.6838763281798164, 0.6838763281798164, 0.6838763281798164, 0.6838763281798164, 0.6838763281798164, 0.6838763281798164, 0.6838763281798164, 0.6838763281798164, 0.6838763281798164, 0.6838763281798164, 0.6838763281798164, 0.2719777368856833, 0.2719777368856833, 0.2719777368856833, 0.2719777368856833, 0.2719777368856833, 0.2719777368856833, 0.2719777368856833, 0.2719777368856833, 0.2719777368856833, 0.2719777368856833, 0.2719777368856833, 0.2719777368856833, 0.2719777368856833, 0.2719777368856833, 0.2719777368856833, 0.2719777368856833, 0.2719777368856833, 0.2719777368856833, 0.2719777368856833, 0.2719777368856833, 0.2719777368856833, 0.2719777368856833, 0.2719777368856833, 0.2719777368856833, 0.2719777368856833, 0.2719777368856833, 0.2719777368856833, 0.2719777368856833, 0.2719777368856833, 0.2719777368856833, 0.2719777368856833, 0.2719777368856833, 0.12533055514154084, 0.12533055514154084, 0.12533055514154084, 0.12533055514154084, 0.12533055514154084, 0.12533055514154084, 0.12533055514154084, 0.12533055514154084, 0.12533055514154084, 0.12533055514154084, 0.12533055514154084, 0.12533055514154084, 0.12533055514154084, 0.08926755236013739, 0.08926755236013739, 0.08926755236013739, 0.08926755236013739, 0.08926755236013739, 0.08926755236013739, 0.08926755236013739, 0.08926755236013739, 0.08926755236013739, 0.08926755236013739, 0.08926755236013739, 0.08926755236013739, 0.08926755236013739, 0.08926755236013739, 0.08926755236013739, 0.08926755236013739, 0.08926755236013739, 0.08926755236013739, 0.08926755236013739, 0.08926755236013739, 0.02374561352162622, 0.02374561352162622, 0.02374561352162622, 0.02374561352162622, 0.02374561352162622, 0.02374561352162622, 0.02374561352162622, 0.02374561352162622, 0.02374561352162622, 0.02374561352162622, 0.02374561352162622, 0.02374561352162622, 0.02374561352162622, 0.02374561352162622, 0.02374561352162622, 0.02374561352162622, 0.02374561352162622, 0.02374561352162622, 0.02374561352162622, 0.02374561352162622, 0.02374561352162622, 0.02374561352162622, 0.02374561352162622, 0.02374561352162622, 0.02374561352162622, 0.02374561352162622, 0.02374561352162622, 0.02374561352162622, 0.02374561352162622, 0.02374561352162622, 0.02374561352162622, 0.02374561352162622, 0.02374561352162622, 0.02374561352162622, 0.02374561352162622, 0.02374561352162622, 0.02374561352162622]","{""elitism_fraction"": 0.2, ""max_iterations"": 120, ""mutation_fraction"": 0.1, ""population_size"": 40}"
rosenbrock,Rosenbrock,85,1653,ea,Algoritmo evolutivo,2,"[-2.048, 2.048]","[1.0, 1.0]","[1.130755229432575, 1.2774109561216846]",0.01724007516066345,0.30668186871791514,120,4840,"[0.49745200171666765, 0.49745200171666765, 0.49745200171666765, 0.49745200171666765, 0.49745200171666765, 0.49745200171666765, 0.49745200171666765, 0.49745200171666765, 0.49745200171666765, 0.49745200171666765, 0.49745200171666765, 0.49745200171666765, 0.49745200171666765, 0.49745200171666765, 0.49745200171666765, 0.49745200171666765, 0.49745200171666765, 0.49745200171666765, 0.49745200171666765, 0.49745200171666765, 0.49745200171666765, 0.49745200171666765, 0.49745200171666765, 0.49745200171666765, 0.49745200171666765, 0.49745200171666765, 0.49745200171666765, 0.49745200171666765, 0.49745200171666765, 0.49745200171666765, 0.49745200171666765, 0.49745200171666765, 0.4917612002441654, 0.4917612002441654, 0.4917612002441654, 0.4917612002441654, 0.4917612002441654, 0.4917612002441654, 0.4917612002441654, 0.4917612002441654, 0.4917612002441654, 0.4917612002441654, 0.4917612002441654, 0.4917612002441654, 0.4917612002441654, 0.4917612002441654, 0.4917612002441654, 0.4917612002441654, 0.4917612002441654, 0.4917612002441654, 0.4917612002441654, 0.4917612002441654, 0.4917612002441654, 0.4917612002441654, 0.4917612002441654, 0.4917612002441654, 0.4917612002441654, 0.4917612002441654, 0.4917612002441654, 0.4917612002441654, 0.4917612002441654, 0.4917612002441654, 0.4917612002441654, 0.4917612002441654, 0.4917612002441654, 0.4917612002441654, 0.4917612002441654, 0.4917612002441654, 0.4917612002441654, 0.4917612002441654, 0.4917612002441654, 0.4917612002441654, 0.4917612002441654, 0.2107765666178601, 0.2107765666178601, 0.2107765666178601, 0.2107765666178601, 0.2107765666178601, 0.2107765666178601, 0.2107765666178601, 0.2107765666178601, 0.2107765666178601, 0.2107765666178601, 0.2107765666178601, 0.2107765666178601, 0.2107765666178601, 0.2107765666178601, 0.2107765666178601, 0.2107765666178601, 0.2107765666178601, 0.2107765666178601, 0.2107765666178601, 0.15521338514685812, 0.15521338514685812, 0.058104550259959954, 0.058104550259959954, 0.03129277249750727, 0.03129277249750727, 0.03129277249750727, 0.03129277249750727, 0.03129277249750727, 0.03129277249750727, 0.03129277249750727, 0.03129277249750727, 0.01724007516066345, 0.01724007516066345, 0.01724007516066345, 0.01724007516066345, 0.01724007516066345, 0.01724007516066345, 0.01724007516066345, 0.01724007516066345, 0.01724007516066345, 0.01724007516066345, 0.01724007516066345, 0.01724007516066345, 0.01724007516066345, 0.01724007516066345, 0.01724007516066345, 0.01724007516066345, 0.01724007516066345]","{""elitism_fraction"": 0.2, ""max_iterations"": 120, ""mutation_fraction"": 0.1, ""population_size"": 40}"
rosenbrock,Rosenbrock,86,1654,ea,Algoritmo evolutivo,2,"[-2.048, 2.048]","[1.0, 1.0]","[1.0368021208707, 1.0724555911326337]",0.001980920383499212,0.08126628321118781,120,4840,"[0.8072690740621382, 0.8072690740621382, 0.5446047067784731, 0.5446047067784731, 0.5446047067784731, 0.23699985753898142, 0.23699985753898142, 0.23699985753898142, 0.23699985753898142, 0.23699985753898142, 0.048882225077989554, 0.048882225077989554, 0.048882225077989554, 0.002301556312312134, 0.002301556312312134, 0.002301556312312134, 0.002301556312312134, 0.002301556312312134, 0.002301556312312134, 0.002301556312312134, 0.002301556312312134, 0.002301556312312134, 0.002301556312312134, 0.002301556312312134, 0.002301556312312134, 0.002301556312312134, 0.002301556312312134, 0.002301556312312134, 0.002301556312312134, 0.002301556312312134, 0.002301556312312134, 0.002301556312312134, 0.002301556312312134, 0.002301556312312134, 0.002301556312312134, 0.002301556312312134, 0.002301556312312134, 0.002301556312312134, 0.002301556312312134, 0.002301556312312134, 0.002301556312312134, 0.002301556312312134, 0.002301556312312134, 0.002301556312312134, 0.002301556312312134, 0.002301556312312134, 0.002301556312312134, 0.002301556312312134, 0.002301556312312134, 0.002301556312312134, 0.002301556312312134, 0.002301556312312134, 0.002301556312312134, 0.002301556312312134, 0.002301556312312134, 0.002301556312312134, 0.002301556312312134, 0.002301556312312134, 0.002301556312312134, 0.002301556312312134, 0.002301556312312134, 0.002301556312312134, 0.002301556312312134, 0.002301556312312134, 0.002301556312312134, 0.002301556312312134, 0.002301556312312134, 0.002301556312312134, 0.002301556312312134, 0.002301556312312134, 0.002301556312312134, 0.002301556312312134, 0.002301556312312134, 0.002301556312312134, 0.002301556312312134, 0.002301556312312134, 0.002301556312312134, 0.002301556312312134, 0.002301556312312134, 0.002301556312312134, 0.002301556312312134, 0.002301556312312134, 0.002301556312312134, 0.002301556312312134, 0.002301556312312134, 0.002301556312312134, 0.002301556312312134, 0.002301556312312134, 0.002301556312312134, 0.002301556312312134, 0.002301556312312134, 0.002301556312312134, 0.002301556312312134, 0.002301556312312134, 0.002301556312312134, 0.002301556312312134, 0.002301556312312134, 0.002301556312312134, 0.002301556312312134, 0.002301556312312134, 0.002301556312312134, 0.002301556312312134, 0.002301556312312134, 0.002301556312312134, 0.002301556312312134, 0.002301556312312134, 0.001980920383499212, 0.001980920383499212, 0.001980920383499212, 0.001980920383499212, 0.001980920383499212, 0.001980920383499212, 0.001980920383499212, 0.001980920383499212, 0.001980920383499212, 0.001980920383499212, 0.001980920383499212, 0.001980920383499212, 0.001980920383499212, 0.001980920383499212, 0.001980920383499212]","{""elitism_fraction"": 0.2, ""max_iterations"": 120, ""mutation_fraction"": 0.1, ""population_size"": 40}"
rosenbrock,Rosenbrock,87,1655,ea,Algoritmo evolutivo,2,"[-2.048, 2.048]","[1.0, 1.0]","[1.0045830522641896, 1.0040748925745335]",0.0026344799402483665,0.00613262729588896,120,4840,"[17.606838357455675, 2.819201555752543, 2.1813525200350403, 2.1813525200350403, 2.1813525200350403, 0.9979234716174311, 0.9979234716174311, 0.9979234716174311, 0.02013086698303242, 0.02013086698303242, 0.02013086698303242, 0.02013086698303242, 0.02013086698303242, 0.02013086698303242, 0.02013086698303242, 0.02013086698303242, 0.02013086698303242, 0.02013086698303242, 0.02013086698303242, 0.02013086698303242, 0.02013086698303242, 0.02013086698303242, 0.02013086698303242, 0.02013086698303242, 0.02013086698303242, 0.02013086698303242, 0.02013086698303242, 0.02013086698303242, 0.02013086698303242, 0.02013086698303242, 0.02013086698303242, 0.02013086698303242, 0.02013086698303242, 0.02013086698303242, 0.02013086698303242, 0.02013086698303242, 0.02013086698303242, 0.02013086698303242, 0.02013086698303242, 0.02013086698303242, 0.02013086698303242, 0.02013086698303242, 0.02013086698303242, 0.02013086698303242, 0.02013086698303242, 0.02013086698303242, 0.02013086698303242, 0.02013086698303242, 0.02013086698303242, 0.02013086698303242, 0.02013086698303242, 0.02013086698303242, 0.014042852617358475, 0.014042852617358475, 0.014042852617358475, 0.006846879415868388, 0.006846879415868388, 0.006846879415868388, 0.006846879415868388, 0.006846879415868388, 0.006846879415868388, 0.006846879415868388, 0.006846879415868388, 0.006846879415868388, 0.006846879415868388, 0.006846879415868388, 0.006846879415868388, 0.006846879415868388, 0.006846879415868388, 0.006846879415868388, 0.006846879415868388, 0.006846879415868388, 0.006846879415868388, 0.006846879415868388, 0.006846879415868388, 0.006846879415868388, 0.006846879415868388, 0.006846879415868388, 0.006846879415868388, 0.006846879415868388, 0.006846879415868388, 0.006846879415868388, 0.006846879415868388, 0.006846879415868388, 0.006846879415868388, 0.006846879415868388, 0.006846879415868388, 0.006846879415868388, 0.006846879415868388, 0.006846879415868388, 0.0026344799402483665, 0.0026344799402483665, 0.0026344799402483665, 0.0026344799402483665, 0.0026344799402483665, 0.0026344799402483665, 0.0026344799402483665, 0.0026344799402483665, 0.0026344799402483665, 0.0026344799402483665, 0.0026344799402483665, 0.0026344799402483665, 0.0026344799402483665, 0.0026344799402483665, 0.0026344799402483665, 0.0026344799402483665, 0.0026344799402483665, 0.0026344799402483665, 0.0026344799402483665, 0.0026344799402483665, 0.0026344799402483665, 0.0026344799402483665, 0.0026344799402483665, 0.0026344799402483665, 0.0026344799402483665, 0.0026344799402483665, 0.0026344799402483665, 0.0026344799402483665, 0.0026344799402483665, 0.0026344799402483665, 0.0026344799402483665]","{""elitism_fraction"": 0.2, ""max_iterations"": 120, ""mutation_fraction"": 0.1, ""population_size"": 40}"
rosenbrock,Rosenbrock,88,1656,ea,Algoritmo evolutivo,2,"[-2.048, 2.048]","[1.0, 1.0]","[0.16358613956164492, 0.015956867663285745]",0.7112598311686328,1.291483268274291,120,4840,"[1.7683519792126499, 1.7683519792126499, 1.0009935001406658, 1.0009935001406658, 1.0009935001406658, 1.0009935001406658, 1.0009935001406658, 1.0009935001406658, 1.0009935001406658, 0.9864075582269549, 0.9864075582269549, 0.9864075582269549, 0.9864075582269549, 0.9025105385595136, 0.9025105385595136, 0.7641448150765049, 0.7641448150765049, 0.7641448150765049, 0.7641448150765049, 0.7641448150765049, 0.7641448150765049, 0.7641448150765049, 0.7641448150765049, 0.7641448150765049, 0.7641448150765049, 0.7641448150765049, 0.7641448150765049, 0.7641448150765049, 0.7641448150765049, 0.7641448150765049, 0.7641448150765049, 0.7641448150765049, 0.7641448150765049, 0.7641448150765049, 0.7641448150765049, 0.7641448150765049, 0.7641448150765049, 0.7641448150765049, 0.7641448150765049, 0.7641448150765049, 0.7641448150765049, 0.7641448150765049, 0.7641448150765049, 0.7641448150765049, 0.7641448150765049, 0.7641448150765049, 0.7641448150765049, 0.7641448150765049, 0.7641448150765049, 0.7641448150765049, 0.7641448150765049, 0.7641448150765049, 0.7641448150765049, 0.7641448150765049, 0.7641448150765049, 0.7641448150765049, 0.7641448150765049, 0.7641448150765049, 0.7641448150765049, 0.7641448150765049, 0.7641448150765049, 0.7641448150765049, 0.7641448150765049, 0.7641448150765049, 0.7641448150765049, 0.7641448150765049, 0.7641448150765049, 0.7641448150765049, 0.7641448150765049, 0.7297579518361723, 0.7297579518361723, 0.7297579518361723, 0.7297579518361723, 0.7297579518361723, 0.7297579518361723, 0.7297579518361723, 0.7297579518361723, 0.7297579518361723, 0.7297579518361723, 0.7297579518361723, 0.7112598311686328, 0.7112598311686328, 0.7112598311686328, 0.7112598311686328, 0.7112598311686328, 0.7112598311686328, 0.7112598311686328, 0.7112598311686328, 0.7112598311686328, 0.7112598311686328, 0.7112598311686328, 0.7112598311686328, 0.7112598311686328, 0.7112598311686328, 0.7112598311686328, 0.7112598311686328, 0.7112598311686328, 0.7112598311686328, 0.7112598311686328, 0.7112598311686328, 0.7112598311686328, 0.7112598311686328, 0.7112598311686328, 0.7112598311686328, 0.7112598311686328, 0.7112598311686328, 0.7112598311686328, 0.7112598311686328, 0.7112598311686328, 0.7112598311686328, 0.7112598311686328, 0.7112598311686328, 0.7112598311686328, 0.7112598311686328, 0.7112598311686328, 0.7112598311686328, 0.7112598311686328, 0.7112598311686328, 0.7112598311686328, 0.7112598311686328, 0.7112598311686328]","{""elitism_fraction"": 0.2, ""max_iterations"": 120, ""mutation_fraction"": 0.1, ""population_size"": 40}"
rosenbrock,Rosenbrock,89,1657,ea,Algoritmo evolutivo,2,"[-2.048, 2.048]","[1.0, 1.0]","[0.6814914917863142, 0.4779167013826471]",0.11963501888520262,0.6115706341050751,120,4840,"[1.7858594889458033, 1.7858594889458033, 0.22330165757566156, 0.22330165757566156, 0.22330165757566156, 0.22330165757566156, 0.22330165757566156, 0.22330165757566156, 0.17798966167076552, 0.17798966167076552, 0.17798966167076552, 0.17798966167076552, 0.17798966167076552, 0.17798966167076552, 0.17798966167076552, 0.17798966167076552, 0.17798966167076552, 0.17798966167076552, 0.17798966167076552, 0.17798966167076552, 0.17798966167076552, 0.17798966167076552, 0.17798966167076552, 0.17798966167076552, 0.17798966167076552, 0.17798966167076552, 0.17798966167076552, 0.1775711038496196, 0.1775711038496196, 0.1775711038496196, 0.1775711038496196, 0.1775711038496196, 0.1775711038496196, 0.1775711038496196, 0.1775711038496196, 0.1775711038496196, 0.1775711038496196, 0.1775711038496196, 0.1775711038496196, 0.1775711038496196, 0.1775711038496196, 0.1775711038496196, 0.1775711038496196, 0.1775711038496196, 0.1775711038496196, 0.1775711038496196, 0.1775711038496196, 0.1775711038496196, 0.1775711038496196, 0.1775711038496196, 0.1775711038496196, 0.1775711038496196, 0.1775711038496196, 0.1775711038496196, 0.1775711038496196, 0.1775711038496196, 0.1775711038496196, 0.1775711038496196, 0.1775711038496196, 0.1775711038496196, 0.1775711038496196, 0.1775711038496196, 0.1775711038496196, 0.1775711038496196, 0.1775711038496196, 0.1775711038496196, 0.1775711038496196, 0.1775711038496196, 0.1775711038496196, 0.1775711038496196, 0.1775711038496196, 0.1775711038496196, 0.1775711038496196, 0.1775711038496196, 0.16474067392097008, 0.16474067392097008, 0.16474067392097008, 0.16474067392097008, 0.16474067392097008, 0.16474067392097008, 0.16474067392097008, 0.16474067392097008, 0.16474067392097008, 0.16474067392097008, 0.16474067392097008, 0.16474067392097008, 0.16474067392097008, 0.16474067392097008, 0.16474067392097008, 0.16474067392097008, 0.11963501888520262, 0.11963501888520262, 0.11963501888520262, 0.11963501888520262, 0.11963501888520262, 0.11963501888520262, 0.11963501888520262, 0.11963501888520262, 0.11963501888520262, 0.11963501888520262, 0.11963501888520262, 0.11963501888520262, 0.11963501888520262, 0.11963501888520262, 0.11963501888520262, 0.11963501888520262, 0.11963501888520262, 0.11963501888520262, 0.11963501888520262, 0.11963501888520262, 0.11963501888520262, 0.11963501888520262, 0.11963501888520262, 0.11963501888520262, 0.11963501888520262, 0.11963501888520262, 0.11963501888520262, 0.11963501888520262, 0.11963501888520262, 0.11963501888520262, 0.11963501888520262]","{""elitism_fraction"": 0.2, ""max_iterations"": 120, ""mutation_fraction"": 0.1, ""population_size"": 40}"
rosenbrock,Rosenbrock,90,1649,ea,Algoritmo evolutivo,2,"[-2.048, 2.048]","[1.0, 1.0]","[0.6567078004894475, 0.4142754737749579]",0.1467143938590397,0.6789129214165415,120,4840,"[1.2429085363339478, 1.2429085363339478, 1.2429085363339478, 1.2429085363339478, 1.2429085363339478, 0.371636577611966, 0.371636577611966, 0.371636577611966, 0.371636577611966, 0.371636577611966, 0.18072923297851093, 0.18072923297851093, 0.18072923297851093, 0.18072923297851093, 0.18072923297851093, 0.18072923297851093, 0.18072923297851093, 0.18072923297851093, 0.18072923297851093, 0.18072923297851093, 0.18072923297851093, 0.18072923297851093, 0.18072923297851093, 0.18072923297851093, 0.18072923297851093, 0.18072923297851093, 0.18072923297851093, 0.14983447140356954, 0.14983447140356954, 0.14983447140356954, 0.14983447140356954, 0.1467143938590397, 0.1467143938590397, 0.1467143938590397, 0.1467143938590397, 0.1467143938590397, 0.1467143938590397, 0.1467143938590397, 0.1467143938590397, 0.1467143938590397, 0.1467143938590397, 0.1467143938590397, 0.1467143938590397, 0.1467143938590397, 0.1467143938590397, 0.1467143938590397, 0.1467143938590397, 0.1467143938590397, 0.1467143938590397, 0.1467143938590397, 0.1467143938590397, 0.1467143938590397, 0.1467143938590397, 0.1467143938590397, 0.1467143938590397, 0.1467143938590397, 0.1467143938590397, 0.1467143938590397, 0.1467143938590397, 0.1467143938590397, 0.1467143938590397, 0.1467143938590397, 0.1467143938590397, 0.1467143938590397, 0.1467143938590397, 0.1467143938590397, 0.1467143938590397, 0.1467143938590397, 0.1467143938590397, 0.1467143938590397, 0.1467143938590397, 0.1467143938590397, 0.1467143938590397, 0.1467143938590397, 0.1467143938590397, 0.1467143938590397, 0.1467143938590397, 0.1467143938590397, 0.1467143938590397, 0.1467143938590397, 0.1467143938590397, 0.1467143938590397, 0.1467143938590397, 0.1467143938590397, 0.1467143938590397, 0.1467143938590397, 0.1467143938590397, 0.1467143938590397, 0.1467143938590397, 0.1467143938590397, 0.1467143938590397, 0.1467143938590397, 0.1467143938590397, 0.1467143938590397, 0.1467143938590397, 0.1467143938590397, 0.1467143938590397, 0.1467143938590397, 0.1467143938590397, 0.1467143938590397, 0.1467143938590397, 0.1467143938590397, 0.1467143938590397, 0.1467143938590397, 0.1467143938590397, 0.1467143938590397, 0.1467143938590397, 0.1467143938590397, 0.1467143938590397, 0.1467143938590397, 0.1467143938590397, 0.1467143938590397, 0.1467143938590397, 0.1467143938590397, 0.1467143938590397, 0.1467143938590397, 0.1467143938590397, 0.1467143938590397, 0.1467143938590397, 0.1467143938590397, 0.1467143938590397]","{""elitism_fraction"": 0.2, ""max_iterations"": 120, ""mutation_fraction"": 0.1, ""population_size"": 40}"
rosenbrock,Rosenbrock,91,1650,ea,Algoritmo evolutivo,2,"[-2.048, 2.048]","[1.0, 1.0]","[0.9060102357064488, 0.8207857868934112]",0.008834548590000296,0.2023655355325386,120,4840,"[0.8656126824220026, 0.8656126824220026, 0.8656126824220026, 0.7102585066186007, 0.7102585066186007, 0.7102585066186007, 0.10206289700827532, 0.011761118227169298, 0.011761118227169298, 0.011761118227169298, 0.011761118227169298, 0.011761118227169298, 0.011761118227169298, 0.011761118227169298, 0.011761118227169298, 0.011761118227169298, 0.011761118227169298, 0.011761118227169298, 0.011761118227169298, 0.011761118227169298, 0.011761118227169298, 0.011761118227169298, 0.01038182836508569, 0.01038182836508569, 0.01038182836508569, 0.01038182836508569, 0.008834548590000296, 0.008834548590000296, 0.008834548590000296, 0.008834548590000296, 0.008834548590000296, 0.008834548590000296, 0.008834548590000296, 0.008834548590000296, 0.008834548590000296, 0.008834548590000296, 0.008834548590000296, 0.008834548590000296, 0.008834548590000296, 0.008834548590000296, 0.008834548590000296, 0.008834548590000296, 0.008834548590000296, 0.008834548590000296, 0.008834548590000296, 0.008834548590000296, 0.008834548590000296, 0.008834548590000296, 0.008834548590000296, 0.008834548590000296, 0.008834548590000296, 0.008834548590000296, 0.008834548590000296, 0.008834548590000296, 0.008834548590000296, 0.008834548590000296, 0.008834548590000296, 0.008834548590000296, 0.008834548590000296, 0.008834548590000296, 0.008834548590000296, 0.008834548590000296, 0.008834548590000296, 0.008834548590000296, 0.008834548590000296, 0.008834548590000296, 0.008834548590000296, 0.008834548590000296, 0.008834548590000296, 0.008834548590000296, 0.008834548590000296, 0.008834548590000296, 0.008834548590000296, 0.008834548590000296, 0.008834548590000296, 0.008834548590000296, 0.008834548590000296, 0.008834548590000296, 0.008834548590000296, 0.008834548590000296, 0.008834548590000296, 0.008834548590000296, 0.008834548590000296, 0.008834548590000296, 0.008834548590000296, 0.008834548590000296, 0.008834548590000296, 0.008834548590000296, 0.008834548590000296, 0.008834548590000296, 0.008834548590000296, 0.008834548590000296, 0.008834548590000296, 0.008834548590000296, 0.008834548590000296, 0.008834548590000296, 0.008834548590000296, 0.008834548590000296, 0.008834548590000296, 0.008834548590000296, 0.008834548590000296, 0.008834548590000296, 0.008834548590000296, 0.008834548590000296, 0.008834548590000296, 0.008834548590000296, 0.008834548590000296, 0.008834548590000296, 0.008834548590000296, 0.008834548590000296, 0.008834548590000296, 0.008834548590000296, 0.008834548590000296, 0.008834548590000296, 0.008834548590000296, 0.008834548590000296, 0.008834548590000296, 0.008834548590000296, 0.008834548590000296, 0.008834548590000296, 0.008834548590000296]","{""elitism_fraction"": 0.2, ""max_iterations"": 120, ""mutation_fraction"": 0.1, ""population_size"": 40}"
rosenbrock,Rosenbrock,92,1651,ea,Algoritmo evolutivo,2,"[-2.048, 2.048]","[1.0, 1.0]","[1.0265703174549148, 1.0357399531354345]",0.03349110823939746,0.04453454860867018,120,4840,"[1.6106306632191745, 1.6106306632191745, 1.6106306632191745, 1.6106306632191745, 1.6106306632191745, 1.3560079306452704, 1.3560079306452704, 0.5034149504419322, 0.5034149504419322, 0.5034149504419322, 0.5034149504419322, 0.5034149504419322, 0.5034149504419322, 0.5034149504419322, 0.5034149504419322, 0.5034149504419322, 0.5034149504419322, 0.5034149504419322, 0.5034149504419322, 0.5034149504419322, 0.5034149504419322, 0.5034149504419322, 0.5034149504419322, 0.5034149504419322, 0.5034149504419322, 0.5034149504419322, 0.5034149504419322, 0.5034149504419322, 0.5034149504419322, 0.5034149504419322, 0.5034149504419322, 0.5034149504419322, 0.5034149504419322, 0.5034149504419322, 0.5034149504419322, 0.5034149504419322, 0.5034149504419322, 0.5034149504419322, 0.5034149504419322, 0.5034149504419322, 0.5034149504419322, 0.5034149504419322, 0.5034149504419322, 0.5034149504419322, 0.5034149504419322, 0.5034149504419322, 0.5034149504419322, 0.5034149504419322, 0.5034149504419322, 0.5034149504419322, 0.5034149504419322, 0.5034149504419322, 0.5034149504419322, 0.5034149504419322, 0.5034149504419322, 0.5034149504419322, 0.49231215005293194, 0.49231215005293194, 0.49231215005293194, 0.49231215005293194, 0.49231215005293194, 0.49231215005293194, 0.49231215005293194, 0.49231215005293194, 0.49231215005293194, 0.49231215005293194, 0.49231215005293194, 0.49231215005293194, 0.49231215005293194, 0.49231215005293194, 0.49231215005293194, 0.49231215005293194, 0.49231215005293194, 0.49231215005293194, 0.49231215005293194, 0.49231215005293194, 0.49231215005293194, 0.49231215005293194, 0.49231215005293194, 0.49231215005293194, 0.03349110823939746, 0.03349110823939746, 0.03349110823939746, 0.03349110823939746, 0.03349110823939746, 0.03349110823939746, 0.03349110823939746, 0.03349110823939746, 0.03349110823939746, 0.03349110823939746, 0.03349110823939746, 0.03349110823939746, 0.03349110823939746, 0.03349110823939746, 0.03349110823939746, 0.03349110823939746, 0.03349110823939746, 0.03349110823939746, 0.03349110823939746, 0.03349110823939746, 0.03349110823939746, 0.03349110823939746, 0.03349110823939746, 0.03349110823939746, 0.03349110823939746, 0.03349110823939746, 0.03349110823939746, 0.03349110823939746, 0.03349110823939746, 0.03349110823939746, 0.03349110823939746, 0.03349110823939746, 0.03349110823939746, 0.03349110823939746, 0.03349110823939746, 0.03349110823939746, 0.03349110823939746, 0.03349110823939746, 0.03349110823939746, 0.03349110823939746, 0.03349110823939746]","{""elitism_fraction"": 0.2, ""max_iterations"": 120, ""mutation_fraction"": 0.1, ""population_size"": 40}"
rosenbrock,Rosenbrock,93,1652,ea,Algoritmo evolutivo,2,"[-2.048, 2.048]","[1.0, 1.0]","[1.1530522275068447, 1.3313200514795858]",0.02374561352162622,0.3649629581988319,120,4840,"[2.1831895988817522, 2.1831895988817522, 0.6838763281798164, 0.6838763281798164, 0.6838763281798164, 0.6838763281798164, 0.6838763281798164, 0.6838763281798164, 0.6838763281798164, 0.6838763281798164, 0.6838763281798164, 0.6838763281798164, 0.6838763281798164, 0.6838763281798164, 0.6838763281798164, 0.6838763281798164, 0.6838763281798164, 0.6838763281798164, 0.6838763281798164, 0.2719777368856833, 0.2719777368856833, 0.2719777368856833, 0.2719777368856833, 0.2719777368856833, 0.2719777368856833, 0.2719777368856833, 0.2719777368856833, 0.2719777368856833, 0.2719777368856833, 0.2719777368856833, 0.2719777368856833, 0.2719777368856833, 0.2719777368856833, 0.2719777368856833, 0.2719777368856833, 0.2719777368856833, 0.2719777368856833, 0.2719777368856833, 0.2719777368856833, 0.2719777368856833, 0.2719777368856833, 0.2719777368856833, 0.2719777368856833, 0.2719777368856833, 0.2719777368856833, 0.2719777368856833, 0.2719777368856833, 0.2719777368856833, 0.2719777368856833, 0.2719777368856833, 0.2719777368856833, 0.12533055514154084, 0.12533055514154084, 0.12533055514154084, 0.12533055514154084, 0.12533055514154084, 0.12533055514154084, 0.12533055514154084, 0.12533055514154084, 0.12533055514154084, 0.12533055514154084, 0.12533055514154084, 0.12533055514154084, 0.12533055514154084, 0.08926755236013739, 0.08926755236013739, 0.08926755236013739, 0.08926755236013739, 0.08926755236013739, 0.08926755236013739, 0.08926755236013739, 0.08926755236013739, 0.08926755236013739, 0.08926755236013739, 0.08926755236013739, 0.08926755236013739, 0.08926755236013739, 0.08926755236013739, 0.08926755236013739, 0.08926755236013739, 0.08926755236013739, 0.08926755236013739, 0.08926755236013739, 0.08926755236013739, 0.02374561352162622, 0.02374561352162622, 0.02374561352162622, 0.02374561352162622, 0.02374561352162622, 0.02374561352162622, 0.02374561352162622, 0.02374561352162622, 0.02374561352162622, 0.02374561352162622, 0.02374561352162622, 0.02374561352162622, 0.02374561352162622, 0.02374561352162622, 0.02374561352162622, 0.02374561352162622, 0.02374561352162622, 0.02374561352162622, 0.02374561352162622, 0.02374561352162622, 0.02374561352162622, 0.02374561352162622, 0.02374561352162622, 0.02374561352162622, 0.02374561352162622, 0.02374561352162622, 0.02374561352162622, 0.02374561352162622, 0.02374561352162622, 0.02374561352162622, 0.02374561352162622, 0.02374561352162622, 0.02374561352162622, 0.02374561352162622, 0.02374561352162622, 0.02374561352162622, 0.02374561352162622]","{""elitism_fraction"": 0.2, ""max_iterations"": 120, ""mutation_fraction"": 0.1, ""population_size"": 40}"
rosenbrock,Rosenbrock,94,1653,ea,Algoritmo evolutivo,2,"[-2.048, 2.048]","[1.0, 1.0]","[1.130755229432575, 1.2774109561216846]",0.01724007516066345,0.30668186871791514,120,4840,"[0.49745200171666765, 0.49745200171666765, 0.49745200171666765, 0.49745200171666765, 0.49745200171666765, 0.49745200171666765, 0.49745200171666765, 0.49745200171666765, 0.49745200171666765, 0.49745200171666765, 0.49745200171666765, 0.49745200171666765, 0.49745200171666765, 0.49745200171666765, 0.49745200171666765, 0.49745200171666765, 0.49745200171666765, 0.49745200171666765, 0.49745200171666765, 0.49745200171666765, 0.49745200171666765, 0.49745200171666765, 0.49745200171666765, 0.49745200171666765, 0.49745200171666765, 0.49745200171666765, 0.49745200171666765, 0.49745200171666765, 0.49745200171666765, 0.49745200171666765, 0.49745200171666765, 0.49745200171666765, 0.4917612002441654, 0.4917612002441654, 0.4917612002441654, 0.4917612002441654, 0.4917612002441654, 0.4917612002441654, 0.4917612002441654, 0.4917612002441654, 0.4917612002441654, 0.4917612002441654, 0.4917612002441654, 0.4917612002441654, 0.4917612002441654, 0.4917612002441654, 0.4917612002441654, 0.4917612002441654, 0.4917612002441654, 0.4917612002441654, 0.4917612002441654, 0.4917612002441654, 0.4917612002441654, 0.4917612002441654, 0.4917612002441654, 0.4917612002441654, 0.4917612002441654, 0.4917612002441654, 0.4917612002441654, 0.4917612002441654, 0.4917612002441654, 0.4917612002441654, 0.4917612002441654, 0.4917612002441654, 0.4917612002441654, 0.4917612002441654, 0.4917612002441654, 0.4917612002441654, 0.4917612002441654, 0.4917612002441654, 0.4917612002441654, 0.4917612002441654, 0.4917612002441654, 0.2107765666178601, 0.2107765666178601, 0.2107765666178601, 0.2107765666178601, 0.2107765666178601, 0.2107765666178601, 0.2107765666178601, 0.2107765666178601, 0.2107765666178601, 0.2107765666178601, 0.2107765666178601, 0.2107765666178601, 0.2107765666178601, 0.2107765666178601, 0.2107765666178601, 0.2107765666178601, 0.2107765666178601, 0.2107765666178601, 0.2107765666178601, 0.15521338514685812, 0.15521338514685812, 0.058104550259959954, 0.058104550259959954, 0.03129277249750727, 0.03129277249750727, 0.03129277249750727, 0.03129277249750727, 0.03129277249750727, 0.03129277249750727, 0.03129277249750727, 0.03129277249750727, 0.01724007516066345, 0.01724007516066345, 0.01724007516066345, 0.01724007516066345, 0.01724007516066345, 0.01724007516066345, 0.01724007516066345, 0.01724007516066345, 0.01724007516066345, 0.01724007516066345, 0.01724007516066345, 0.01724007516066345, 0.01724007516066345, 0.01724007516066345, 0.01724007516066345, 0.01724007516066345, 0.01724007516066345]","{""elitism_fraction"": 0.2, ""max_iterations"": 120, ""mutation_fraction"": 0.1, ""population_size"": 40}"
rosenbrock,Rosenbrock,95,1654,ea,Algoritmo evolutivo,2,"[-2.048, 2.048]","[1.0, 1.0]","[1.0368021208707, 1.0724555911326337]",0.001980920383499212,0.08126628321118781,120,4840,"[0.8072690740621382, 0.8072690740621382, 0.5446047067784731, 0.5446047067784731, 0.5446047067784731, 0.23699985753898142, 0.23699985753898142, 0.23699985753898142, 0.23699985753898142, 0.23699985753898142, 0.048882225077989554, 0.048882225077989554, 0.048882225077989554, 0.002301556312312134, 0.002301556312312134, 0.002301556312312134, 0.002301556312312134, 0.002301556312312134, 0.002301556312312134, 0.002301556312312134, 0.002301556312312134, 0.002301556312312134, 0.002301556312312134, 0.002301556312312134, 0.002301556312312134, 0.002301556312312134, 0.002301556312312134, 0.002301556312312134, 0.002301556312312134, 0.002301556312312134, 0.002301556312312134, 0.002301556312312134, 0.002301556312312134, 0.002301556312312134, 0.002301556312312134, 0.002301556312312134, 0.002301556312312134, 0.002301556312312134, 0.002301556312312134, 0.002301556312312134, 0.002301556312312134, 0.002301556312312134, 0.002301556312312134, 0.002301556312312134, 0.002301556312312134, 0.002301556312312134, 0.002301556312312134, 0.002301556312312134, 0.002301556312312134, 0.002301556312312134, 0.002301556312312134, 0.002301556312312134, 0.002301556312312134, 0.002301556312312134, 0.002301556312312134, 0.002301556312312134, 0.002301556312312134, 0.002301556312312134, 0.002301556312312134, 0.002301556312312134, 0.002301556312312134, 0.002301556312312134, 0.002301556312312134, 0.002301556312312134, 0.002301556312312134, 0.002301556312312134, 0.002301556312312134, 0.002301556312312134, 0.002301556312312134, 0.002301556312312134, 0.002301556312312134, 0.002301556312312134, 0.002301556312312134, 0.002301556312312134, 0.002301556312312134, 0.002301556312312134, 0.002301556312312134, 0.002301556312312134, 0.002301556312312134, 0.002301556312312134, 0.002301556312312134, 0.002301556312312134, 0.002301556312312134, 0.002301556312312134, 0.002301556312312134, 0.002301556312312134, 0.002301556312312134, 0.002301556312312134, 0.002301556312312134, 0.002301556312312134, 0.002301556312312134, 0.002301556312312134, 0.002301556312312134, 0.002301556312312134, 0.002301556312312134, 0.002301556312312134, 0.002301556312312134, 0.002301556312312134, 0.002301556312312134, 0.002301556312312134, 0.002301556312312134, 0.002301556312312134, 0.002301556312312134, 0.002301556312312134, 0.002301556312312134, 0.002301556312312134, 0.001980920383499212, 0.001980920383499212, 0.001980920383499212, 0.001980920383499212, 0.001980920383499212, 0.001980920383499212, 0.001980920383499212, 0.001980920383499212, 0.001980920383499212, 0.001980920383499212, 0.001980920383499212, 0.001980920383499212, 0.001980920383499212, 0.001980920383499212, 0.001980920383499212]","{""elitism_fraction"": 0.2, ""max_iterations"": 120, ""mutation_fraction"": 0.1, ""population_size"": 40}"
rosenbrock,Rosenbrock,96,1655,ea,Algoritmo evolutivo,2,"[-2.048, 2.048]","[1.0, 1.0]","[1.0045830522641896, 1.0040748925745335]",0.0026344799402483665,0.00613262729588896,120,4840,"[17.606838357455675, 2.819201555752543, 2.1813525200350403, 2.1813525200350403, 2.1813525200350403, 0.9979234716174311, 0.9979234716174311, 0.9979234716174311, 0.02013086698303242, 0.02013086698303242, 0.02013086698303242, 0.02013086698303242, 0.02013086698303242, 0.02013086698303242, 0.02013086698303242, 0.02013086698303242, 0.02013086698303242, 0.02013086698303242, 0.02013086698303242, 0.02013086698303242, 0.02013086698303242, 0.02013086698303242, 0.02013086698303242, 0.02013086698303242, 0.02013086698303242, 0.02013086698303242, 0.02013086698303242, 0.02013086698303242, 0.02013086698303242, 0.02013086698303242, 0.02013086698303242, 0.02013086698303242, 0.02013086698303242, 0.02013086698303242, 0.02013086698303242, 0.02013086698303242, 0.02013086698303242, 0.02013086698303242, 0.02013086698303242, 0.02013086698303242, 0.02013086698303242, 0.02013086698303242, 0.02013086698303242, 0.02013086698303242, 0.02013086698303242, 0.02013086698303242, 0.02013086698303242, 0.02013086698303242, 0.02013086698303242, 0.02013086698303242, 0.02013086698303242, 0.02013086698303242, 0.014042852617358475, 0.014042852617358475, 0.014042852617358475, 0.006846879415868388, 0.006846879415868388, 0.006846879415868388, 0.006846879415868388, 0.006846879415868388, 0.006846879415868388, 0.006846879415868388, 0.006846879415868388, 0.006846879415868388, 0.006846879415868388, 0.006846879415868388, 0.006846879415868388, 0.006846879415868388, 0.006846879415868388, 0.006846879415868388, 0.006846879415868388, 0.006846879415868388, 0.006846879415868388, 0.006846879415868388, 0.006846879415868388, 0.006846879415868388, 0.006846879415868388, 0.006846879415868388, 0.006846879415868388, 0.006846879415868388, 0.006846879415868388, 0.006846879415868388, 0.006846879415868388, 0.006846879415868388, 0.006846879415868388, 0.006846879415868388, 0.006846879415868388, 0.006846879415868388, 0.006846879415868388, 0.006846879415868388, 0.0026344799402483665, 0.0026344799402483665, 0.0026344799402483665, 0.0026344799402483665, 0.0026344799402483665, 0.0026344799402483665, 0.0026344799402483665, 0.0026344799402483665, 0.0026344799402483665, 0.0026344799402483665, 0.0026344799402483665, 0.0026344799402483665, 0.0026344799402483665, 0.0026344799402483665, 0.0026344799402483665, 0.0026344799402483665, 0.0026344799402483665, 0.0026344799402483665, 0.0026344799402483665, 0.0026344799402483665, 0.0026344799402483665, 0.0026344799402483665, 0.0026344799402483665, 0.0026344799402483665, 0.0026344799402483665, 0.0026344799402483665, 0.0026344799402483665, 0.0026344799402483665, 0.0026344799402483665, 0.0026344799402483665, 0.0026344799402483665]","{""elitism_fraction"": 0.2, ""max_iterations"": 120, ""mutation_fraction"": 0.1, ""population_size"": 40}"
rosenbrock,Rosenbrock,97,1656,ea,Algoritmo evolutivo,2,"[-2.048, 2.048]","[1.0, 1.0]","[0.16358613956164492, 0.015956867663285745]",0.7112598311686328,1.291483268274291,120,4840,"[1.7683519792126499, 1.7683519792126499, 1.0009935001406658, 1.0009935001406658, 1.0009935001406658, 1.0009935001406658, 1.0009935001406658, 1.0009935001406658, 1.0009935001406658, 0.9864075582269549, 0.9864075582269549, 0.9864075582269549, 0.9864075582269549, 0.9025105385595136, 0.9025105385595136, 0.7641448150765049, 0.7641448150765049, 0.7641448150765049, 0.7641448150765049, 0.7641448150765049, 0.7641448150765049, 0.7641448150765049, 0.7641448150765049, 0.7641448150765049, 0.7641448150765049, 0.7641448150765049, 0.7641448150765049, 0.7641448150765049, 0.7641448150765049, 0.7641448150765049, 0.7641448150765049, 0.7641448150765049, 0.7641448150765049, 0.7641448150765049, 0.7641448150765049, 0.7641448150765049, 0.7641448150765049, 0.7641448150765049, 0.7641448150765049, 0.7641448150765049, 0.7641448150765049, 0.7641448150765049, 0.7641448150765049, 0.7641448150765049, 0.7641448150765049, 0.7641448150765049, 0.7641448150765049, 0.7641448150765049, 0.7641448150765049, 0.7641448150765049, 0.7641448150765049, 0.7641448150765049, 0.7641448150765049, 0.7641448150765049, 0.7641448150765049, 0.7641448150765049, 0.7641448150765049, 0.7641448150765049, 0.7641448150765049, 0.7641448150765049, 0.7641448150765049, 0.7641448150765049, 0.7641448150765049, 0.7641448150765049, 0.7641448150765049, 0.7641448150765049, 0.7641448150765049, 0.7641448150765049, 0.7641448150765049, 0.7297579518361723, 0.7297579518361723, 0.7297579518361723, 0.7297579518361723, 0.7297579518361723, 0.7297579518361723, 0.7297579518361723, 0.7297579518361723, 0.7297579518361723, 0.7297579518361723, 0.7297579518361723, 0.7112598311686328, 0.7112598311686328, 0.7112598311686328, 0.7112598311686328, 0.7112598311686328, 0.7112598311686328, 0.7112598311686328, 0.7112598311686328, 0.7112598311686328, 0.7112598311686328, 0.7112598311686328, 0.7112598311686328, 0.7112598311686328, 0.7112598311686328, 0.7112598311686328, 0.7112598311686328, 0.7112598311686328, 0.7112598311686328, 0.7112598311686328, 0.7112598311686328, 0.7112598311686328, 0.7112598311686328, 0.7112598311686328, 0.7112598311686328, 0.7112598311686328, 0.7112598311686328, 0.7112598311686328, 0.7112598311686328, 0.7112598311686328, 0.7112598311686328, 0.7112598311686328, 0.7112598311686328, 0.7112598311686328, 0.7112598311686328, 0.7112598311686328, 0.7112598311686328, 0.7112598311686328, 0.7112598311686328, 0.7112598311686328, 0.7112598311686328, 0.7112598311686328]","{""elitism_fraction"": 0.2, ""max_iterations"": 120, ""mutation_fraction"": 0.1, ""population_size"": 40}"
rosenbrock,Rosenbrock,98,1657,ea,Algoritmo evolutivo,2,"[-2.048, 2.048]","[1.0, 1.0]","[0.6814914917863142, 0.4779167013826471]",0.11963501888520262,0.6115706341050751,120,4840,"[1.7858594889458033, 1.7858594889458033, 0.22330165757566156, 0.22330165757566156, 0.22330165757566156, 0.22330165757566156, 0.22330165757566156, 0.22330165757566156, 0.17798966167076552, 0.17798966167076552, 0.17798966167076552, 0.17798966167076552, 0.17798966167076552, 0.17798966167076552, 0.17798966167076552, 0.17798966167076552, 0.17798966167076552, 0.17798966167076552, 0.17798966167076552, 0.17798966167076552, 0.17798966167076552, 0.17798966167076552, 0.17798966167076552, 0.17798966167076552, 0.17798966167076552, 0.17798966167076552, 0.17798966167076552, 0.1775711038496196, 0.1775711038496196, 0.1775711038496196, 0.1775711038496196, 0.1775711038496196, 0.1775711038496196, 0.1775711038496196, 0.1775711038496196, 0.1775711038496196, 0.1775711038496196, 0.1775711038496196, 0.1775711038496196, 0.1775711038496196, 0.1775711038496196, 0.1775711038496196, 0.1775711038496196, 0.1775711038496196, 0.1775711038496196, 0.1775711038496196, 0.1775711038496196, 0.1775711038496196, 0.1775711038496196, 0.1775711038496196, 0.1775711038496196, 0.1775711038496196, 0.1775711038496196, 0.1775711038496196, 0.1775711038496196, 0.1775711038496196, 0.1775711038496196, 0.1775711038496196, 0.1775711038496196, 0.1775711038496196, 0.1775711038496196, 0.1775711038496196, 0.1775711038496196, 0.1775711038496196, 0.1775711038496196, 0.1775711038496196, 0.1775711038496196, 0.1775711038496196, 0.1775711038496196, 0.1775711038496196, 0.1775711038496196, 0.1775711038496196, 0.1775711038496196, 0.1775711038496196, 0.16474067392097008, 0.16474067392097008, 0.16474067392097008, 0.16474067392097008, 0.16474067392097008, 0.16474067392097008, 0.16474067392097008, 0.16474067392097008, 0.16474067392097008, 0.16474067392097008, 0.16474067392097008, 0.16474067392097008, 0.16474067392097008, 0.16474067392097008, 0.16474067392097008, 0.16474067392097008, 0.11963501888520262, 0.11963501888520262, 0.11963501888520262, 0.11963501888520262, 0.11963501888520262, 0.11963501888520262, 0.11963501888520262, 0.11963501888520262, 0.11963501888520262, 0.11963501888520262, 0.11963501888520262, 0.11963501888520262, 0.11963501888520262, 0.11963501888520262, 0.11963501888520262, 0.11963501888520262, 0.11963501888520262, 0.11963501888520262, 0.11963501888520262, 0.11963501888520262, 0.11963501888520262, 0.11963501888520262, 0.11963501888520262, 0.11963501888520262, 0.11963501888520262, 0.11963501888520262, 0.11963501888520262, 0.11963501888520262, 0.11963501888520262, 0.11963501888520262, 0.11963501888520262]","{""elitism_fraction"": 0.2, ""max_iterations"": 120, ""mutation_fraction"": 0.1, ""population_size"": 40}"
rosenbrock,Rosenbrock,99,1658,ea,Algoritmo evolutivo,2,"[-2.048, 2.048]","[1.0, 1.0]","[0.9480636556246917, 0.9058186012033884]",0.00758885610235626,0.10755240465167203,120,4840,"[0.747938685122543, 0.747938685122543, 0.747938685122543, 0.7166307288126795, 0.7166307288126795, 0.7166307288126795, 0.7166307288126795, 0.4059971849557121, 0.4059971849557121, 0.4059971849557121, 0.4059971849557121, 0.3631825405408682, 0.3631825405408682, 0.3631825405408682, 0.1812774558030266, 0.1812774558030266, 0.1812774558030266, 0.1812774558030266, 0.1812774558030266, 0.1812774558030266, 0.1812774558030266, 0.1812774558030266, 0.1812774558030266, 0.1812774558030266, 0.1812774558030266, 0.1812774558030266, 0.1812774558030266, 0.1812774558030266, 0.1812774558030266, 0.1812774558030266, 0.1812774558030266, 0.1812774558030266, 0.1812774558030266, 0.1812774558030266, 0.1812774558030266, 0.13133419624257492, 0.13133419624257492, 0.13133419624257492, 0.13133419624257492, 0.13133419624257492, 0.13133419624257492, 0.13133419624257492, 0.13133419624257492, 0.13133419624257492, 0.13133419624257492, 0.13133419624257492, 0.13133419624257492, 0.13133419624257492, 0.13133419624257492, 0.13133419624257492, 0.13133419624257492, 0.13133419624257492, 0.13133419624257492, 0.13133419624257492, 0.13133419624257492, 0.13133419624257492, 0.1152304710270094, 0.1152304710270094, 0.1152304710270094, 0.1152304710270094, 0.1152304710270094, 0.1152304710270094, 0.1152304710270094, 0.1152304710270094, 0.1152304710270094, 0.1152304710270094, 0.1152304710270094, 0.1152304710270094, 0.1152304710270094, 0.1152304710270094, 0.1152304710270094, 0.1152304710270094, 0.1152304710270094, 0.11438610606002184, 0.11438610606002184, 0.11438610606002184, 0.11438610606002184, 0.01766566425156512, 0.01766566425156512, 0.01766566425156512, 0.01766566425156512, 0.01766566425156512, 0.01766566425156512, 0.01766566425156512, 0.01766566425156512, 0.01766566425156512, 0.01766566425156512, 0.01766566425156512, 0.01766566425156512, 0.01766566425156512, 0.01766566425156512, 0.00758885610235626, 0.00758885610235626, 0.00758885610235626, 0.00758885610235626, 0.00758885610235626, 0.00758885610235626, 0.00758885610235626, 0.00758885610235626, 0.00758885610235626, 0.00758885610235626, 0.00758885610235626, 0.00758885610235626, 0.00758885610235626, 0.00758885610235626, 0.00758885610235626, 0.00758885610235626, 0.00758885610235626, 0.00758885610235626, 0.00758885610235626, 0.00758885610235626, 0.00758885610235626, 0.00758885610235626, 0.00758885610235626, 0.00758885610235626, 0.00758885610235626, 0.00758885610235626, 0.00758885610235626, 0.00758885610235626, 0.00758885610235626, 0.00758885610235626]","{""elitism_fraction"": 0.2, ""max_iterations"": 120, ""mutation_fraction"": 0.1, ""population_size"": 40}"
rosenbrock,Rosenbrock,100,1689,ea,Algoritmo evolutivo,2,"[-2.048, 2.048]","[1.0, 1.0]","[1.0356301575390097, 1.0873719510108475]",0.023298383908921083,0.09435764913188852,120,4840,"[4.972413787909335, 2.2518050154649845, 2.126378166666475, 2.126378166666475, 2.126378166666475, 1.1141112832391966, 1.1141112832391966, 1.1141112832391966, 1.1141112832391966, 1.1141112832391966, 1.1141112832391966, 0.6763094155887178, 0.6763094155887178, 0.6582703131964946, 0.5136256068532001, 0.5136256068532001, 0.5136256068532001, 0.5136256068532001, 0.5136256068532001, 0.3845245687346891, 0.3845245687346891, 0.3845245687346891, 0.3845245687346891, 0.3845245687346891, 0.3845245687346891, 0.3845245687346891, 0.3845245687346891, 0.3845245687346891, 0.3845245687346891, 0.3845245687346891, 0.3845245687346891, 0.3845245687346891, 0.3845245687346891, 0.3845245687346891, 0.3845245687346891, 0.3845245687346891, 0.3845245687346891, 0.3845245687346891, 0.3845245687346891, 0.3845245687346891, 0.3845245687346891, 0.3845245687346891, 0.3845245687346891, 0.3845245687346891, 0.3845245687346891, 0.3845245687346891, 0.3845245687346891, 0.3845245687346891, 0.3845245687346891, 0.3845245687346891, 0.3845245687346891, 0.3845245687346891, 0.3845245687346891, 0.3845245687346891, 0.3845245687346891, 0.3845245687346891, 0.3845245687346891, 0.3845245687346891, 0.3845245687346891, 0.3845245687346891, 0.3845245687346891, 0.3845245687346891, 0.3845245687346891, 0.3845245687346891, 0.3845245687346891, 0.3845245687346891, 0.3845245687346891, 0.3845245687346891, 0.3845245687346891, 0.3845245687346891, 0.3845245687346891, 0.3845245687346891, 0.3845245687346891, 0.3845245687346891, 0.3845245687346891, 0.06272173883561925, 0.06272173883561925, 0.06272173883561925, 0.06272173883561925, 0.06272173883561925, 0.06272173883561925, 0.06272173883561925, 0.06272173883561925, 0.06272173883561925, 0.06272173883561925, 0.06272173883561925, 0.06272173883561925, 0.06272173883561925, 0.06272173883561925, 0.06272173883561925, 0.06272173883561925, 0.06272173883561925, 0.06272173883561925, 0.06272173883561925, 0.06272173883561925, 0.06272173883561925, 0.06272173883561925, 0.06272173883561925, 0.06272173883561925, 0.06272173883561925, 0.06272173883561925, 0.06272173883561925, 0.06272173883561925, 0.06272173883561925, 0.06272173883561925, 0.06272173883561925, 0.06272173883561925, 0.06272173883561925, 0.06272173883561925, 0.06272173883561925, 0.023298383908921083, 0.023298383908921083, 0.023298383908921083, 0.023298383908921083, 0.023298383908921083, 0.023298383908921083, 0.023298383908921083, 0.023298383908921083, 0.023298383908921083, 0.023298383908921083, 0.023298383908921083]","{""elitism_fraction"": 0.2, ""max_iterations"": 120, ""mutation_fraction"": 0.1, ""population_size"": 40}"
