funcion,nombre_funcion,corrida,semilla,metodo,nombre_metodo,dimension,limites,optimo_conocido,mejor_solucion,mejor_valor,distancia_al_optimo,iteraciones,evaluaciones,best_values_history,parametros
rosenbrock,Rosenbrock,1,1594,ea,Algoritmo evolutivo,3,"[-2.048, 2.048]","[1.0, 1.0, 1.0]","[0.3124143871799703, 0.08140316525243207, -0.021987255920001836]",1.4247113336600679,1.5365715313737405,120,4840,"[16.556539683991748, 16.556539683991748, 16.556539683991748, 7.111237004638182, 2.655346301211825, 2.655346301211825, 2.655346301211825, 2.655346301211825, 2.655346301211825, 2.655346301211825, 1.494361883752037, 1.494361883752037, 1.494361883752037, 1.494361883752037, 1.494361883752037, 1.494361883752037, 1.494361883752037, 1.494361883752037, 1.494361883752037, 1.494361883752037, 1.494361883752037, 1.494361883752037, 1.494361883752037, 1.494361883752037, 1.494361883752037, 1.494361883752037, 1.494361883752037, 1.494361883752037, 1.494361883752037, 1.494361883752037, 1.494361883752037, 1.494361883752037, 1.494361883752037, 1.494361883752037, 1.494361883752037, 1.494361883752037, 1.494361883752037, 1.494361883752037, 1.494361883752037, 1.494361883752037, 1.494361883752037, 1.494361883752037, 1.494361883752037, 1.494361883752037, 1.494361883752037, 1.494361883752037, 1.494361883752037, 1.494361883752037, 1.494361883752037, 1.494361883752037, 1.494361883752037, 1.494361883752037, 1.4559525549687953, 1.4559525549687953, 1.4559525549687953, 1.4559525549687953, 1.4559525549687953, 1.4559525549687953, 1.4559525549687953, 1.4559525549687953, 1.4559525549687953, 1.4559525549687953, 1.4559525549687953, 1.4559525549687953, 1.4559525549687953, 1.4559525549687953, 1.4559525549687953, 1.4559525549687953, 1.4559525549687953, 1.4559525549687953, 1.4559525549687953, 1.4559525549687953, 1.4559525549687953, 1.4559525549687953, 1.4559525549687953, 1.4559525549687953, 1.4559525549687953, 1.4559525549687953, 1.4559525549687953, 1.4559525549687953, 1.4559525549687953, 1.4559525549687953, 1.4559525549687953, 1.4559525549687953, 1.4559525549687953, 1.4559525549687953, 1.4559525549687953, 1.4559525549687953, 1.4559525549687953, 1.4559525549687953, 1.4559525549687953, 1.4559525549687953, 1.4559525549687953, 1.4559525549687953, 1.4559525549687953, 1.4559525549687953, 1.4559525549687953, 1.4559525549687953, 1.4559525549687953, 1.4559525549687953, 1.4559525549687953, 1.4559525549687953, 1.4559525549687953, 1.4559525549687953, 1.4559525549687953, 1.4559525549687953, 1.4559525549687953, 1.4559525549687953, 1.4559525549687953, 1.4559525549687953, 1.4247113336600679, 1.4247113336600679, 1.4247113336600679, 1.4247113336600679, 1.4247113336600679, 1.4247113336600679, 1.4247113336600679, 1.4247113336600679, 1.4247113336600679, 1.4247113336600679, 1.4247113336600679]","{""elitism_fraction"": 0.2, ""max_iterations"": 120, ""mutation_fraction"": 0.1, ""population_size"": 40}"
rosenbrock,Rosenbrock,2,1595,ea,Algoritmo evolutivo,3,"[-2.048, 2.048]","[1.0, 1.0, 1.0]","[0.8436383671886989, 0.7857596079408484, 0.6246016436505095]",0.6236101799893242,0.4596431569761201,120,4840,"[24.48105310691294, 24.48105310691294, 24.48105310691294, 2.324135395363063, 2.324135395363063, 2.324135395363063, 2.324135395363063, 2.324135395363063, 2.324135395363063, 2.311322962480613, 2.311322962480613, 2.311322962480613, 2.311322962480613, 2.311322962480613, 2.311322962480613, 2.311322962480613, 1.4013461256723354, 1.4013461256723354, 1.4013461256723354, 0.9210014969424364, 0.9210014969424364, 0.9210014969424364, 0.9210014969424364, 0.9210014969424364, 0.9210014969424364, 0.9210014969424364, 0.9210014969424364, 0.9210014969424364, 0.9210014969424364, 0.9210014969424364, 0.9210014969424364, 0.9210014969424364, 0.9210014969424364, 0.9210014969424364, 0.9210014969424364, 0.9210014969424364, 0.9210014969424364, 0.9210014969424364, 0.9210014969424364, 0.9210014969424364, 0.9210014969424364, 0.9210014969424364, 0.9210014969424364, 0.9210014969424364, 0.9210014969424364, 0.9210014969424364, 0.9210014969424364, 0.9210014969424364, 0.9210014969424364, 0.9210014969424364, 0.9210014969424364, 0.9210014969424364, 0.9210014969424364, 0.9210014969424364, 0.9210014969424364, 0.8384379946247783, 0.8384379946247783, 0.8384379946247783, 0.8384379946247783, 0.8384379946247783, 0.8384379946247783, 0.8384379946247783, 0.8384379946247783, 0.8384379946247783, 0.8384379946247783, 0.8384379946247783, 0.8384379946247783, 0.8384379946247783, 0.8384379946247783, 0.8384379946247783, 0.8384379946247783, 0.6236101799893242, 0.6236101799893242, 0.6236101799893242, 0.6236101799893242, 0.6236101799893242, 0.6236101799893242, 0.6236101799893242, 0.6236101799893242, 0.6236101799893242, 0.6236101799893242, 0.6236101799893242, 0.6236101799893242, 0.6236101799893242, 0.6236101799893242, 0.6236101799893242, 0.6236101799893242, 0.6236101799893242, 0.6236101799893242, 0.6236101799893242, 0.6236101799893242, 0.6236101799893242, 0.6236101799893242, 0.6236101799893242, 0.6236101799893242, 0.6236101799893242, 0.6236101799893242, 0.6236101799893242, 0.6236101799893242, 0.6236101799893242, 0.6236101799893242, 0.6236101799893242, 0.6236101799893242, 0.6236101799893242, 0.6236101799893242, 0.6236101799893242, 0.6236101799893242, 0.6236101799893242, 0.6236101799893242, 0.6236101799893242, 0.6236101799893242, 0.6236101799893242, 0.6236101799893242, 0.6236101799893242, 0.6236101799893242, 0.6236101799893242, 0.6236101799893242, 0.6236101799893242, 0.6236101799893242, 0.6236101799893242, 0.6236101799893242]","{""elitism_fraction"": 0.2, ""max_iterations"": 120, ""mutation_fraction"": 0.1, ""population_size"": 40}"
rosenbrock,Rosenbrock,3,1596,ea,Algoritmo evolutivo,3,"[-2.048, 2.048]","[1.0, 1.0, 1.0]","[0.35588114899471046, 0.1317342292893926, -0.00992317384553365]",1.245761980939375,1.4794321072216512,120,4840,"[58.694777414383296, 58.694777414383296, 16.11172778102828, 5.663248790698651, 5.663248790698651, 5.663248790698651, 4.923940832645512, 4.923940832645512, 3.8426709045071785, 2.2690446259585464, 2.2690446259585464, 2.2690446259585464, 2.2690446259585464, 1.8176839090178083, 1.8176839090178083, 1.8176839090178083, 1.8176839090178083, 1.8176839090178083, 1.8176839090178083, 1.4912231668399973, 1.4912231668399973, 1.4912231668399973, 1.4912231668399973, 1.4912231668399973, 1.4912231668399973, 1.4912231668399973, 1.4912231668399973, 1.4912231668399973, 1.4912231668399973, 1.4912231668399973, 1.4912231668399973, 1.4912231668399973, 1.4912231668399973, 1.4912231668399973, 1.4912231668399973, 1.4912231668399973, 1.4912231668399973, 1.4912231668399973, 1.4912231668399973, 1.4912231668399973, 1.4912231668399973, 1.4912231668399973, 1.4912231668399973, 1.4912231668399973, 1.4912231668399973, 1.4912231668399973, 1.4912231668399973, 1.4912231668399973, 1.4912231668399973, 1.4912231668399973, 1.4912231668399973, 1.4912231668399973, 1.4912231668399973, 1.4912231668399973, 1.4912231668399973, 1.4912231668399973, 1.4912231668399973, 1.4912231668399973, 1.4912231668399973, 1.4912231668399973, 1.4912231668399973, 1.4912231668399973, 1.4912231668399973, 1.4912231668399973, 1.4912231668399973, 1.4912231668399973, 1.4912231668399973, 1.4912231668399973, 1.4912231668399973, 1.4912231668399973, 1.4912231668399973, 1.4912231668399973, 1.4912231668399973, 1.4484050585844592, 1.4484050585844592, 1.4484050585844592, 1.4484050585844592, 1.4484050585844592, 1.4484050585844592, 1.4484050585844592, 1.4484050585844592, 1.3221243894418941, 1.3221243894418941, 1.3221243894418941, 1.3221243894418941, 1.3221243894418941, 1.3221243894418941, 1.3221243894418941, 1.3221243894418941, 1.3221243894418941, 1.3221243894418941, 1.2633943807861228, 1.2633943807861228, 1.2633943807861228, 1.2633943807861228, 1.2633943807861228, 1.2633943807861228, 1.2633943807861228, 1.2633943807861228, 1.2633943807861228, 1.2633943807861228, 1.2633943807861228, 1.2633943807861228, 1.2633943807861228, 1.2633943807861228, 1.2633943807861228, 1.2633943807861228, 1.2633943807861228, 1.2633943807861228, 1.2633943807861228, 1.2633943807861228, 1.2633943807861228, 1.2633943807861228, 1.2633943807861228, 1.2633943807861228, 1.2633943807861228, 1.2633943807861228, 1.2633943807861228, 1.245761980939375, 1.245761980939375, 1.245761980939375]","{""elitism_fraction"": 0.2, ""max_iterations"": 120, ""mutation_fraction"": 0.1, ""population_size"": 40}"
rosenbrock,Rosenbrock,4,1597,ea,Algoritmo evolutivo,3,"[-2.048, 2.048]","[1.0, 1.0, 1.0]","[0.8515230574520603, 0.7258208117373948, 0.5130101354501053]",0.11633259426908797,0.5782549246820559,120,4840,"[36.43648910218, 36.43648910218, 36.43648910218, 36.43648910218, 5.230021024545124, 4.146370599417956, 4.146370599417956, 3.8562108826119443, 3.8562108826119443, 3.8562108826119443, 3.8562108826119443, 3.8562108826119443, 3.8562108826119443, 3.8562108826119443, 3.8562108826119443, 3.8562108826119443, 3.7947219979985367, 3.7947219979985367, 3.7947219979985367, 3.7947219979985367, 3.7947219979985367, 3.7947219979985367, 3.7947219979985367, 3.7947219979985367, 2.512218336279359, 2.512218336279359, 2.512218336279359, 2.445663606208778, 2.445663606208778, 2.445663606208778, 2.445663606208778, 2.445663606208778, 2.445663606208778, 2.445663606208778, 2.445663606208778, 2.445663606208778, 2.445663606208778, 2.445663606208778, 2.445663606208778, 2.445663606208778, 2.445663606208778, 2.445663606208778, 2.445663606208778, 2.445663606208778, 2.445663606208778, 2.445663606208778, 1.0225570966107445, 1.0225570966107445, 1.0225570966107445, 1.0225570966107445, 1.0225570966107445, 1.0225570966107445, 1.0225570966107445, 1.0225570966107445, 1.0225570966107445, 1.0225570966107445, 1.0225570966107445, 1.0225570966107445, 1.0225570966107445, 0.5122291401308199, 0.5122291401308199, 0.5122291401308199, 0.5122291401308199, 0.5122291401308199, 0.5122291401308199, 0.5122291401308199, 0.5122291401308199, 0.5122291401308199, 0.5122291401308199, 0.5122291401308199, 0.5122291401308199, 0.5122291401308199, 0.5122291401308199, 0.5122291401308199, 0.5122291401308199, 0.5122291401308199, 0.5122291401308199, 0.5122291401308199, 0.5122291401308199, 0.5122291401308199, 0.5122291401308199, 0.5122291401308199, 0.5122291401308199, 0.5122291401308199, 0.5122291401308199, 0.5122291401308199, 0.5122291401308199, 0.5122291401308199, 0.5122291401308199, 0.5122291401308199, 0.5122291401308199, 0.5122291401308199, 0.5122291401308199, 0.5122291401308199, 0.5122291401308199, 0.5122291401308199, 0.5122291401308199, 0.1495981745453117, 0.1495981745453117, 0.1495981745453117, 0.1495981745453117, 0.1495981745453117, 0.1495981745453117, 0.1495981745453117, 0.1495981745453117, 0.1495981745453117, 0.1495981745453117, 0.1495981745453117, 0.1495981745453117, 0.1495981745453117, 0.1495981745453117, 0.1495981745453117, 0.1495981745453117, 0.1495981745453117, 0.11633259426908797, 0.11633259426908797, 0.11633259426908797, 0.11633259426908797, 0.11633259426908797, 0.11633259426908797, 0.11633259426908797]","{""elitism_fraction"": 0.2, ""max_iterations"": 120, ""mutation_fraction"": 0.1, ""population_size"": 40}"
rosenbrock,Rosenbrock,5,1598,ea,Algoritmo evolutivo,3,"[-2.048, 2.048]","[1.0, 1.0, 1.0]","[0.35501225330647657, 0.1556784567126388, 0.00840508823152275]",1.2418303080656992,1.453323271295507,120,4840,"[7.627120854039798, 7.627120854039798, 4.038434146292435, 3.3636700505540302, 3.3636700505540302, 3.3636700505540302, 3.3636700505540302, 2.0982706173589287, 2.0982706173589287, 2.0982706173589287, 2.0982706173589287, 2.0982706173589287, 1.58723112563279, 1.58723112563279, 1.58723112563279, 1.58723112563279, 1.58723112563279, 1.58723112563279, 1.58723112563279, 1.58723112563279, 1.58723112563279, 1.58723112563279, 1.58723112563279, 1.58723112563279, 1.58723112563279, 1.58723112563279, 1.58723112563279, 1.58723112563279, 1.58723112563279, 1.58723112563279, 1.58723112563279, 1.58723112563279, 1.58723112563279, 1.58723112563279, 1.324528448384799, 1.324528448384799, 1.324528448384799, 1.324528448384799, 1.324528448384799, 1.324528448384799, 1.324528448384799, 1.324528448384799, 1.324528448384799, 1.324528448384799, 1.324528448384799, 1.324528448384799, 1.324528448384799, 1.324528448384799, 1.324528448384799, 1.324528448384799, 1.324528448384799, 1.324528448384799, 1.324528448384799, 1.324528448384799, 1.324528448384799, 1.324528448384799, 1.324528448384799, 1.324528448384799, 1.324528448384799, 1.324528448384799, 1.324528448384799, 1.324528448384799, 1.324528448384799, 1.324528448384799, 1.324528448384799, 1.324528448384799, 1.324528448384799, 1.324528448384799, 1.324528448384799, 1.324528448384799, 1.324528448384799, 1.324528448384799, 1.324528448384799, 1.324528448384799, 1.324528448384799, 1.324528448384799, 1.324528448384799, 1.324528448384799, 1.324528448384799, 1.324528448384799, 1.324528448384799, 1.324528448384799, 1.324528448384799, 1.324528448384799, 1.324528448384799, 1.324528448384799, 1.324528448384799, 1.324528448384799, 1.324528448384799, 1.324528448384799, 1.324528448384799, 1.324528448384799, 1.324528448384799, 1.324528448384799, 1.324528448384799, 1.324528448384799, 1.324528448384799, 1.324528448384799, 1.324528448384799, 1.324528448384799, 1.324528448384799, 1.324528448384799, 1.324528448384799, 1.2536388909906369, 1.2536388909906369, 1.2536388909906369, 1.2536388909906369, 1.2536388909906369, 1.2536388909906369, 1.2536388909906369, 1.2536388909906369, 1.2536388909906369, 1.2536388909906369, 1.2536388909906369, 1.2418303080656992, 1.2418303080656992, 1.2418303080656992, 1.2418303080656992, 1.2418303080656992, 1.2418303080656992, 1.2418303080656992]","{""elitism_fraction"": 0.2, ""max_iterations"": 120, ""mutation_fraction"": 0.1, ""population_size"": 40}"
rosenbrock,Rosenbrock,6,1599,ea,Algoritmo evolutivo,3,"[-2.048, 2.048]","[1.0, 1.0, 1.0]","[0.4754829055034193, 0.2184897675637698, 0.05797474293310101]",0.9021231964851739,1.3316486063423874,120,4840,"[33.59065047236109, 3.4310137680307466, 3.4310137680307466, 3.4310137680307466, 3.4310137680307466, 3.4310137680307466, 3.4310137680307466, 3.4310137680307466, 3.4310137680307466, 3.4310137680307466, 3.4310137680307466, 1.1932318824294799, 1.1932318824294799, 1.1932318824294799, 1.1932318824294799, 1.1932318824294799, 1.1932318824294799, 1.1932318824294799, 1.1932318824294799, 1.1932318824294799, 1.1932318824294799, 1.1932318824294799, 1.1932318824294799, 1.1932318824294799, 1.1932318824294799, 1.1932318824294799, 1.1932318824294799, 1.1932318824294799, 1.1932318824294799, 1.1932318824294799, 1.1932318824294799, 1.1932318824294799, 1.1932318824294799, 1.1932318824294799, 1.1932318824294799, 1.1932318824294799, 1.1932318824294799, 1.1932318824294799, 1.1932318824294799, 1.1932318824294799, 1.1932318824294799, 1.1932318824294799, 1.1932318824294799, 1.1932318824294799, 1.1932318824294799, 1.1932318824294799, 1.1932318824294799, 1.1932318824294799, 1.1932318824294799, 1.1932318824294799, 1.1932318824294799, 1.1932318824294799, 1.1932318824294799, 1.1932318824294799, 1.1932318824294799, 1.1932318824294799, 1.1932318824294799, 1.1932318824294799, 1.1932318824294799, 1.1932318824294799, 1.1932318824294799, 1.1932318824294799, 1.1932318824294799, 1.1932318824294799, 1.1932318824294799, 1.1932318824294799, 1.1932318824294799, 1.1932318824294799, 1.1932318824294799, 1.1932318824294799, 1.1932318824294799, 1.1932318824294799, 1.1932318824294799, 1.1932318824294799, 1.1932318824294799, 1.1932318824294799, 1.1932318824294799, 1.1932318824294799, 1.1932318824294799, 1.1932318824294799, 1.1932318824294799, 1.1932318824294799, 1.1932318824294799, 1.1932318824294799, 1.1932318824294799, 1.1932318824294799, 1.1932318824294799, 1.1932318824294799, 1.1932318824294799, 1.1932318824294799, 1.1932318824294799, 1.1932318824294799, 1.1932318824294799, 1.1932318824294799, 1.1932318824294799, 1.1932318824294799, 1.1932318824294799, 1.1932318824294799, 1.1932318824294799, 1.1932318824294799, 1.1932318824294799, 1.1932318824294799, 1.1932318824294799, 1.1932318824294799, 1.1932318824294799, 1.1932318824294799, 1.1932318824294799, 1.1932318824294799, 0.9021231964851739, 0.9021231964851739, 0.9021231964851739, 0.9021231964851739, 0.9021231964851739, 0.9021231964851739, 0.9021231964851739, 0.9021231964851739, 0.9021231964851739, 0.9021231964851739, 0.9021231964851739, 0.9021231964851739, 0.9021231964851739]","{""elitism_fraction"": 0.2, ""max_iterations"": 120, ""mutation_fraction"": 0.1, ""population_size"": 40}"
rosenbrock,Rosenbrock,7,1600,ea,Algoritmo evolutivo,3,"[-2.048, 2.048]","[1.0, 1.0, 1.0]","[0.2572150534901967, 0.06554383483655135, 0.00645898339561457]",1.4254435682342301,1.5530813092201017,120,4840,"[3.193129789145205, 3.193129789145205, 3.193129789145205, 2.990042567932434, 2.990042567932434, 2.990042567932434, 2.990042567932434, 2.990042567932434, 2.990042567932434, 2.990042567932434, 2.990042567932434, 2.990042567932434, 2.990042567932434, 2.990042567932434, 2.4296414434272045, 2.4296414434272045, 2.4296414434272045, 2.4296414434272045, 2.4296414434272045, 2.4296414434272045, 2.4296414434272045, 2.4296414434272045, 2.4296414434272045, 2.4296414434272045, 2.4296414434272045, 2.4296414434272045, 2.4296414434272045, 2.4296414434272045, 2.4296414434272045, 2.4296414434272045, 2.4296414434272045, 2.4296414434272045, 2.4296414434272045, 1.8925424719751285, 1.8925424719751285, 1.8925424719751285, 1.8925424719751285, 1.8925424719751285, 1.7744888088010766, 1.7744888088010766, 1.5033015019688314, 1.5033015019688314, 1.5033015019688314, 1.5033015019688314, 1.5033015019688314, 1.5033015019688314, 1.5033015019688314, 1.5033015019688314, 1.5033015019688314, 1.5033015019688314, 1.5033015019688314, 1.5033015019688314, 1.5033015019688314, 1.5033015019688314, 1.5033015019688314, 1.5033015019688314, 1.5033015019688314, 1.5033015019688314, 1.5033015019688314, 1.5033015019688314, 1.5033015019688314, 1.5033015019688314, 1.5033015019688314, 1.5033015019688314, 1.5033015019688314, 1.5033015019688314, 1.5033015019688314, 1.5033015019688314, 1.5033015019688314, 1.5033015019688314, 1.5033015019688314, 1.5033015019688314, 1.5033015019688314, 1.5033015019688314, 1.5033015019688314, 1.5033015019688314, 1.5033015019688314, 1.5033015019688314, 1.5033015019688314, 1.5033015019688314, 1.5033015019688314, 1.5033015019688314, 1.5033015019688314, 1.5033015019688314, 1.5033015019688314, 1.5033015019688314, 1.5033015019688314, 1.5033015019688314, 1.5033015019688314, 1.5033015019688314, 1.5033015019688314, 1.5033015019688314, 1.5033015019688314, 1.5033015019688314, 1.5033015019688314, 1.5033015019688314, 1.5033015019688314, 1.4829671026478026, 1.4829671026478026, 1.4829671026478026, 1.4342279003228529, 1.4342279003228529, 1.4342279003228529, 1.4342279003228529, 1.4342279003228529, 1.43303488841876, 1.43303488841876, 1.43303488841876, 1.43303488841876, 1.43303488841876, 1.43303488841876, 1.43303488841876, 1.43303488841876, 1.43303488841876, 1.43303488841876, 1.43303488841876, 1.43303488841876, 1.43303488841876, 1.43303488841876, 1.43303488841876, 1.4254435682342301]","{""elitism_fraction"": 0.2, ""max_iterations"": 120, ""mutation_fraction"": 0.1, ""population_size"": 40}"
rosenbrock,Rosenbrock,8,1601,ea,Algoritmo evolutivo,3,"[-2.048, 2.048]","[1.0, 1.0, 1.0]","[0.9091944335159328, 0.8354796270936702, 0.7050602819899159]",0.048084020296607,0.3497170874658516,120,4840,"[42.8962741431869, 42.8962741431869, 41.314261759498606, 8.187995177744929, 8.187995177744929, 8.187995177744929, 1.2680861571065605, 1.2680861571065605, 1.2680861571065605, 1.2680861571065605, 1.2680861571065605, 1.2680861571065605, 1.2680861571065605, 1.2680861571065605, 1.2680861571065605, 1.2680861571065605, 0.220148815977235, 0.220148815977235, 0.220148815977235, 0.220148815977235, 0.220148815977235, 0.220148815977235, 0.220148815977235, 0.220148815977235, 0.220148815977235, 0.08647039864735934, 0.08647039864735934, 0.08647039864735934, 0.08647039864735934, 0.08647039864735934, 0.08647039864735934, 0.08647039864735934, 0.08647039864735934, 0.08647039864735934, 0.08647039864735934, 0.08647039864735934, 0.08647039864735934, 0.08647039864735934, 0.08647039864735934, 0.08647039864735934, 0.08647039864735934, 0.08647039864735934, 0.08647039864735934, 0.08647039864735934, 0.08647039864735934, 0.08647039864735934, 0.08647039864735934, 0.08647039864735934, 0.06517866767446008, 0.06517866767446008, 0.06517866767446008, 0.06517866767446008, 0.06517866767446008, 0.06517866767446008, 0.06517866767446008, 0.06517866767446008, 0.06517866767446008, 0.06517866767446008, 0.06517866767446008, 0.06517866767446008, 0.06517866767446008, 0.06517866767446008, 0.06517866767446008, 0.06517866767446008, 0.06517866767446008, 0.06517866767446008, 0.06517866767446008, 0.06517866767446008, 0.06517866767446008, 0.06517866767446008, 0.06517866767446008, 0.06517866767446008, 0.06517866767446008, 0.06517866767446008, 0.06517866767446008, 0.06517866767446008, 0.06517866767446008, 0.06517866767446008, 0.06517866767446008, 0.06517866767446008, 0.06517866767446008, 0.06517866767446008, 0.06517866767446008, 0.048084020296607, 0.048084020296607, 0.048084020296607, 0.048084020296607, 0.048084020296607, 0.048084020296607, 0.048084020296607, 0.048084020296607, 0.048084020296607, 0.048084020296607, 0.048084020296607, 0.048084020296607, 0.048084020296607, 0.048084020296607, 0.048084020296607, 0.048084020296607, 0.048084020296607, 0.048084020296607, 0.048084020296607, 0.048084020296607, 0.048084020296607, 0.048084020296607, 0.048084020296607, 0.048084020296607, 0.048084020296607, 0.048084020296607, 0.048084020296607, 0.048084020296607, 0.048084020296607, 0.048084020296607, 0.048084020296607, 0.048084020296607, 0.048084020296607, 0.048084020296607, 0.048084020296607, 0.048084020296607, 0.048084020296607, 0.048084020296607]","{""elitism_fraction"": 0.2, ""max_iterations"": 120, ""mutation_fraction"": 0.1, ""population_size"": 40}"
rosenbrock,Rosenbrock,9,1602,ea,Algoritmo evolutivo,3,"[-2.048, 2.048]","[1.0, 1.0, 1.0]","[0.8310747589726457, 0.6945413490733192, 0.4853770285933181]",0.12422128780077467,0.6218340029151993,120,4840,"[67.46228132964555, 26.022343699272472, 26.022343699272472, 7.700740281966271, 7.700740281966271, 7.700740281966271, 5.501176798282812, 5.501176798282812, 5.501176798282812, 5.501176798282812, 5.501176798282812, 5.501176798282812, 1.270836788316564, 1.270836788316564, 1.270836788316564, 1.270836788316564, 0.5067316047575423, 0.5067316047575423, 0.5067316047575423, 0.5067316047575423, 0.5067316047575423, 0.5067316047575423, 0.5067316047575423, 0.5067316047575423, 0.5067316047575423, 0.5067316047575423, 0.5067316047575423, 0.5067316047575423, 0.5067316047575423, 0.5067316047575423, 0.5067316047575423, 0.5067316047575423, 0.5067316047575423, 0.5067316047575423, 0.5067316047575423, 0.5067316047575423, 0.4254326095269842, 0.4254326095269842, 0.4254326095269842, 0.4254326095269842, 0.4254326095269842, 0.4254326095269842, 0.4254326095269842, 0.4254326095269842, 0.4254326095269842, 0.4254326095269842, 0.4254326095269842, 0.4254326095269842, 0.4254326095269842, 0.1630168636558203, 0.1630168636558203, 0.1630168636558203, 0.1630168636558203, 0.13801702966520343, 0.13801702966520343, 0.13801702966520343, 0.13801702966520343, 0.13801702966520343, 0.13801702966520343, 0.13801702966520343, 0.13801702966520343, 0.13801702966520343, 0.13801702966520343, 0.13801702966520343, 0.13801702966520343, 0.13801702966520343, 0.13801702966520343, 0.13801702966520343, 0.13801702966520343, 0.13801702966520343, 0.13801702966520343, 0.13801702966520343, 0.13801702966520343, 0.13801702966520343, 0.13801702966520343, 0.13801702966520343, 0.13801702966520343, 0.13801702966520343, 0.13801702966520343, 0.13801702966520343, 0.13801702966520343, 0.13801702966520343, 0.13801702966520343, 0.13801702966520343, 0.13801702966520343, 0.13801702966520343, 0.13801702966520343, 0.13801702966520343, 0.13801702966520343, 0.13801702966520343, 0.13801702966520343, 0.13801702966520343, 0.13801702966520343, 0.13801702966520343, 0.13801702966520343, 0.13801702966520343, 0.13801702966520343, 0.13801702966520343, 0.13801702966520343, 0.13801702966520343, 0.13801702966520343, 0.12422128780077467, 0.12422128780077467, 0.12422128780077467, 0.12422128780077467, 0.12422128780077467, 0.12422128780077467, 0.12422128780077467, 0.12422128780077467, 0.12422128780077467, 0.12422128780077467, 0.12422128780077467, 0.12422128780077467, 0.12422128780077467, 0.12422128780077467, 0.12422128780077467, 0.12422128780077467, 0.12422128780077467, 0.12422128780077467, 0.12422128780077467, 0.12422128780077467]","{""elitism_fraction"": 0.2, ""max_iterations"": 120, ""mutation_fraction"": 0.1, ""population_size"": 40}"
rosenbrock,Rosenbrock,10,1642,ea,Algoritmo evolutivo,3,"[-2.048, 2.048]","[1.0, 1.0, 1.0]","[0.4215926267035468, 0.1737131021328664, 0.038862878658037836]",1.0264727597817442,1.3932299498259815,120,4840,"[5.990666808579185, 5.990666808579185, 5.990666808579185, 5.990666808579185, 5.990666808579185, 5.990666808579185, 5.990666808579185, 3.34905288400725, 2.5516261769612774, 2.337271704565774, 1.7285811314023625, 1.666748146378496, 1.666748146378496, 1.666748146378496, 1.666748146378496, 1.666748146378496, 1.246074350976829, 1.246074350976829, 1.246074350976829, 1.246074350976829, 1.246074350976829, 1.246074350976829, 1.246074350976829, 1.246074350976829, 1.246074350976829, 1.246074350976829, 1.246074350976829, 1.246074350976829, 1.246074350976829, 1.246074350976829, 1.246074350976829, 1.246074350976829, 1.246074350976829, 1.246074350976829, 1.246074350976829, 1.246074350976829, 1.246074350976829, 1.246074350976829, 1.246074350976829, 1.246074350976829, 1.246074350976829, 1.246074350976829, 1.246074350976829, 1.246074350976829, 1.246074350976829, 1.246074350976829, 1.246074350976829, 1.246074350976829, 1.246074350976829, 1.246074350976829, 1.246074350976829, 1.246074350976829, 1.246074350976829, 1.246074350976829, 1.246074350976829, 1.246074350976829, 1.246074350976829, 1.246074350976829, 1.246074350976829, 1.246074350976829, 1.246074350976829, 1.246074350976829, 1.246074350976829, 1.246074350976829, 1.246074350976829, 1.246074350976829, 1.246074350976829, 1.246074350976829, 1.246074350976829, 1.246074350976829, 1.246074350976829, 1.246074350976829, 1.246074350976829, 1.1307361778305185, 1.1307361778305185, 1.1307361778305185, 1.1307361778305185, 1.1307361778305185, 1.1307361778305185, 1.1307361778305185, 1.1307361778305185, 1.1307361778305185, 1.1307361778305185, 1.1307361778305185, 1.1307361778305185, 1.1307361778305185, 1.1307361778305185, 1.1307361778305185, 1.1307361778305185, 1.1307361778305185, 1.0264727597817442, 1.0264727597817442, 1.0264727597817442, 1.0264727597817442, 1.0264727597817442, 1.0264727597817442, 1.0264727597817442, 1.0264727597817442, 1.0264727597817442, 1.0264727597817442, 1.0264727597817442, 1.0264727597817442, 1.0264727597817442, 1.0264727597817442, 1.0264727597817442, 1.0264727597817442, 1.0264727597817442, 1.0264727597817442, 1.0264727597817442, 1.0264727597817442, 1.0264727597817442, 1.0264727597817442, 1.0264727597817442, 1.0264727597817442, 1.0264727597817442, 1.0264727597817442, 1.0264727597817442, 1.0264727597817442, 1.0264727597817442, 1.0264727597817442, 1.0264727597817442]","{""elitism_fraction"": 0.2, ""max_iterations"": 120, ""mutation_fraction"": 0.1, ""population_size"": 40}"
rosenbrock,Rosenbrock,11,1643,ea,Algoritmo evolutivo,3,"[-2.048, 2.048]","[1.0, 1.0, 1.0]","[0.7874260719576744, 0.6438781706383607, 0.4121094848337954]",0.22944703330197871,0.7194620838193002,120,4840,"[51.25679718759342, 44.085325379820866, 4.506520329388719, 4.506520329388719, 4.506520329388719, 4.506520329388719, 4.506520329388719, 2.937199852833381, 2.937199852833381, 2.937199852833381, 2.2490669962263468, 2.2490669962263468, 1.8178171634015292, 1.8178171634015292, 1.8178171634015292, 1.8178171634015292, 1.8178171634015292, 1.8178171634015292, 1.8178171634015292, 1.8178171634015292, 1.8178171634015292, 1.8178171634015292, 1.8178171634015292, 1.8178171634015292, 1.8178171634015292, 1.8178171634015292, 1.8178171634015292, 0.8150336522067066, 0.8150336522067066, 0.8150336522067066, 0.8150336522067066, 0.8150336522067066, 0.8150336522067066, 0.8150336522067066, 0.8150336522067066, 0.8150336522067066, 0.8150336522067066, 0.8150336522067066, 0.8150336522067066, 0.8150336522067066, 0.8150336522067066, 0.8150336522067066, 0.8150336522067066, 0.8150336522067066, 0.8150336522067066, 0.8150336522067066, 0.8150336522067066, 0.8150336522067066, 0.8150336522067066, 0.8150336522067066, 0.8150336522067066, 0.8150336522067066, 0.4081766620521353, 0.4081766620521353, 0.4081766620521353, 0.4081766620521353, 0.4081766620521353, 0.4081766620521353, 0.4081766620521353, 0.4081766620521353, 0.4081766620521353, 0.4081766620521353, 0.39866519294741365, 0.39866519294741365, 0.39866519294741365, 0.39866519294741365, 0.39866519294741365, 0.39866519294741365, 0.39866519294741365, 0.28337846458050303, 0.28337846458050303, 0.28337846458050303, 0.28337846458050303, 0.28337846458050303, 0.28337846458050303, 0.28337846458050303, 0.28337846458050303, 0.28337846458050303, 0.28337846458050303, 0.28337846458050303, 0.28337846458050303, 0.28337846458050303, 0.28337846458050303, 0.28337846458050303, 0.28337846458050303, 0.28337846458050303, 0.22944703330197871, 0.22944703330197871, 0.22944703330197871, 0.22944703330197871, 0.22944703330197871, 0.22944703330197871, 0.22944703330197871, 0.22944703330197871, 0.22944703330197871, 0.22944703330197871, 0.22944703330197871, 0.22944703330197871, 0.22944703330197871, 0.22944703330197871, 0.22944703330197871, 0.22944703330197871, 0.22944703330197871, 0.22944703330197871, 0.22944703330197871, 0.22944703330197871, 0.22944703330197871, 0.22944703330197871, 0.22944703330197871, 0.22944703330197871, 0.22944703330197871, 0.22944703330197871, 0.22944703330197871, 0.22944703330197871, 0.22944703330197871, 0.22944703330197871, 0.22944703330197871, 0.22944703330197871, 0.22944703330197871, 0.22944703330197871, 0.22944703330197871]","{""elitism_fraction"": 0.2, ""max_iterations"": 120, ""mutation_fraction"": 0.1, ""population_size"": 40}"
rosenbrock,Rosenbrock,12,1644,ea,Algoritmo evolutivo,3,"[-2.048, 2.048]","[1.0, 1.0, 1.0]","[0.7989412815591082, 0.6251314309775542, 0.4017911743924887]",0.21041517663674392,0.7340332767230298,120,4840,"[39.77949798563584, 33.4339589688044, 33.4339589688044, 33.4339589688044, 15.414983055026209, 15.414983055026209, 15.414983055026209, 8.872069620242984, 8.872069620242984, 3.11794177022669, 3.11794177022669, 3.11794177022669, 3.11794177022669, 3.11794177022669, 3.11794177022669, 3.11794177022669, 3.11794177022669, 3.11794177022669, 3.11794177022669, 3.11794177022669, 3.11794177022669, 2.6117250882114376, 2.6117250882114376, 2.6117250882114376, 2.6117250882114376, 2.6117250882114376, 2.6117250882114376, 2.6117250882114376, 2.6117250882114376, 2.067146482277409, 2.067146482277409, 2.067146482277409, 2.067146482277409, 2.067146482277409, 2.067146482277409, 2.067146482277409, 2.067146482277409, 2.067146482277409, 2.067146482277409, 2.067146482277409, 2.067146482277409, 2.067146482277409, 2.067146482277409, 2.067146482277409, 2.067146482277409, 2.067146482277409, 2.067146482277409, 2.067146482277409, 2.067146482277409, 0.9532660470126556, 0.9532660470126556, 0.9532660470126556, 0.9532660470126556, 0.9532660470126556, 0.9532660470126556, 0.9532660470126556, 0.9532660470126556, 0.9532660470126556, 0.9532660470126556, 0.736269964158525, 0.2462982585023576, 0.2462982585023576, 0.2462982585023576, 0.2462982585023576, 0.2462982585023576, 0.2462982585023576, 0.2462982585023576, 0.2462982585023576, 0.2462982585023576, 0.2462982585023576, 0.2462982585023576, 0.2462982585023576, 0.2462982585023576, 0.2462982585023576, 0.2462982585023576, 0.2462982585023576, 0.2462982585023576, 0.2462982585023576, 0.2462982585023576, 0.2462982585023576, 0.2462982585023576, 0.2462982585023576, 0.2462982585023576, 0.2462982585023576, 0.2462982585023576, 0.2462982585023576, 0.2462982585023576, 0.2462982585023576, 0.2462982585023576, 0.2462982585023576, 0.2462982585023576, 0.2462982585023576, 0.2462982585023576, 0.2462982585023576, 0.2462982585023576, 0.2462982585023576, 0.2462982585023576, 0.2462982585023576, 0.2462982585023576, 0.2462982585023576, 0.2462982585023576, 0.2462982585023576, 0.2462982585023576, 0.2462982585023576, 0.2462982585023576, 0.2462982585023576, 0.2462982585023576, 0.2462982585023576, 0.21041517663674392, 0.21041517663674392, 0.21041517663674392, 0.21041517663674392, 0.21041517663674392, 0.21041517663674392, 0.21041517663674392, 0.21041517663674392, 0.21041517663674392, 0.21041517663674392, 0.21041517663674392, 0.21041517663674392, 0.21041517663674392]","{""elitism_fraction"": 0.2, ""max_iterations"": 120, ""mutation_fraction"": 0.1, ""population_size"": 40}"
rosenbrock,Rosenbrock,13,1645,ea,Algoritmo evolutivo,3,"[-2.048, 2.048]","[1.0, 1.0, 1.0]","[0.448545337946046, 0.2525598593304683, 0.0926460055616185]",1.2099124586935284,1.2984838387166844,120,4840,"[35.54279275431125, 11.775086176143141, 11.775086176143141, 11.775086176143141, 11.775086176143141, 11.775086176143141, 11.533840242523425, 11.533840242523425, 9.942463601834218, 3.6373321189219765, 3.6373321189219765, 3.6373321189219765, 3.6373321189219765, 3.6373321189219765, 3.6373321189219765, 3.6373321189219765, 3.6373321189219765, 3.0198570946933465, 3.0198570946933465, 3.0198570946933465, 3.0198570946933465, 2.7830557727433174, 2.7830557727433174, 2.7830557727433174, 2.7830557727433174, 2.7830557727433174, 2.7830557727433174, 2.7830557727433174, 2.7830557727433174, 2.7830557727433174, 2.7830557727433174, 2.7830557727433174, 2.7830557727433174, 2.7830557727433174, 2.7830557727433174, 2.7830557727433174, 2.3542223899153485, 2.3542223899153485, 1.286827507021235, 1.286827507021235, 1.286827507021235, 1.286827507021235, 1.286827507021235, 1.286827507021235, 1.286827507021235, 1.286827507021235, 1.286827507021235, 1.286827507021235, 1.286827507021235, 1.286827507021235, 1.286827507021235, 1.286827507021235, 1.286827507021235, 1.286827507021235, 1.286827507021235, 1.286827507021235, 1.286827507021235, 1.286827507021235, 1.286827507021235, 1.286827507021235, 1.286827507021235, 1.286827507021235, 1.286827507021235, 1.286827507021235, 1.286827507021235, 1.286827507021235, 1.286827507021235, 1.286827507021235, 1.286827507021235, 1.286827507021235, 1.2139447270726968, 1.2139447270726968, 1.2139447270726968, 1.2139447270726968, 1.2139447270726968, 1.2139447270726968, 1.2139447270726968, 1.2139447270726968, 1.2139447270726968, 1.2139447270726968, 1.2139447270726968, 1.2139447270726968, 1.2139447270726968, 1.2139447270726968, 1.2139447270726968, 1.2139447270726968, 1.2139447270726968, 1.2139447270726968, 1.2139447270726968, 1.2139447270726968, 1.2139447270726968, 1.2139447270726968, 1.2139447270726968, 1.2139447270726968, 1.2139447270726968, 1.2139447270726968, 1.2139447270726968, 1.2139447270726968, 1.2139447270726968, 1.2139447270726968, 1.2139447270726968, 1.2139447270726968, 1.2139447270726968, 1.2139447270726968, 1.2139447270726968, 1.2139447270726968, 1.2139447270726968, 1.2139447270726968, 1.2099124586935284, 1.2099124586935284, 1.2099124586935284, 1.2099124586935284, 1.2099124586935284, 1.2099124586935284, 1.2099124586935284, 1.2099124586935284, 1.2099124586935284, 1.2099124586935284, 1.2099124586935284, 1.2099124586935284, 1.2099124586935284]","{""elitism_fraction"": 0.2, ""max_iterations"": 120, ""mutation_fraction"": 0.1, ""population_size"": 40}"
rosenbrock,Rosenbrock,14,1646,ea,Algoritmo evolutivo,3,"[-2.048, 2.048]","[1.0, 1.0, 1.0]","[0.6199832325674972, 0.4052284088627851, 0.1742935427831398]",0.551802559792064,1.0862583222435453,120,4840,"[15.613558086911564, 15.613558086911564, 15.613558086911564, 8.193798640277468, 8.193798640277468, 8.193798640277468, 7.660888950842957, 5.355739070821426, 5.355739070821426, 5.355739070821426, 5.325415600071093, 5.325415600071093, 3.4965522891503467, 3.4965522891503467, 3.4965522891503467, 3.1116100127499506, 3.108005178869031, 3.108005178869031, 3.108005178869031, 3.108005178869031, 3.108005178869031, 3.108005178869031, 3.108005178869031, 0.9900945444695594, 0.9900945444695594, 0.9900945444695594, 0.9900945444695594, 0.9900945444695594, 0.6846855289840739, 0.5875375152833178, 0.5875375152833178, 0.5875375152833178, 0.5875375152833178, 0.5875375152833178, 0.5875375152833178, 0.5875375152833178, 0.5875375152833178, 0.5875375152833178, 0.5875375152833178, 0.5875375152833178, 0.5875375152833178, 0.5875375152833178, 0.5875375152833178, 0.5875375152833178, 0.5875375152833178, 0.5875375152833178, 0.5875375152833178, 0.5875375152833178, 0.5875375152833178, 0.5875375152833178, 0.5875375152833178, 0.5875375152833178, 0.5875375152833178, 0.5875375152833178, 0.5875375152833178, 0.5875375152833178, 0.5875375152833178, 0.5875375152833178, 0.5875375152833178, 0.5875375152833178, 0.5875375152833178, 0.5875375152833178, 0.5875375152833178, 0.5875375152833178, 0.5875375152833178, 0.5875375152833178, 0.5875375152833178, 0.5875375152833178, 0.5875375152833178, 0.5875375152833178, 0.5875375152833178, 0.5875375152833178, 0.5875375152833178, 0.5875375152833178, 0.5875375152833178, 0.5875375152833178, 0.5875375152833178, 0.5875375152833178, 0.5875375152833178, 0.5875375152833178, 0.5875375152833178, 0.5875375152833178, 0.5875375152833178, 0.5875375152833178, 0.5875375152833178, 0.5875375152833178, 0.5875375152833178, 0.5875375152833178, 0.5875375152833178, 0.5875375152833178, 0.551802559792064, 0.551802559792064, 0.551802559792064, 0.551802559792064, 0.551802559792064, 0.551802559792064, 0.551802559792064, 0.551802559792064, 0.551802559792064, 0.551802559792064, 0.551802559792064, 0.551802559792064, 0.551802559792064, 0.551802559792064, 0.551802559792064, 0.551802559792064, 0.551802559792064, 0.551802559792064, 0.551802559792064, 0.551802559792064, 0.551802559792064, 0.551802559792064, 0.551802559792064, 0.551802559792064, 0.551802559792064, 0.551802559792064, 0.551802559792064, 0.551802559792064, 0.551802559792064, 0.551802559792064, 0.551802559792064]","{""elitism_fraction"": 0.2, ""max_iterations"": 120, ""mutation_fraction"": 0.1, ""population_size"": 40}"
rosenbrock,Rosenbrock,15,1647,ea,Algoritmo evolutivo,3,"[-2.048, 2.048]","[1.0, 1.0, 1.0]","[0.9929346161225894, 0.9734143988007138, 0.9510886419167144]",0.017656015352631994,0.05611626136882296,120,4840,"[8.671662018164241, 8.671662018164241, 6.601223882523806, 6.601223882523806, 6.601223882523806, 3.0760205693595157, 3.0760205693595157, 3.0645595120833917, 3.0645595120833917, 3.0645595120833917, 3.0645595120833917, 3.0645595120833917, 0.27511760014520115, 0.27511760014520115, 0.27511760014520115, 0.27511760014520115, 0.27511760014520115, 0.27511760014520115, 0.27511760014520115, 0.02814222079109613, 0.02814222079109613, 0.02814222079109613, 0.02814222079109613, 0.02814222079109613, 0.02814222079109613, 0.02814222079109613, 0.02814222079109613, 0.02814222079109613, 0.02814222079109613, 0.02814222079109613, 0.02814222079109613, 0.02814222079109613, 0.02814222079109613, 0.02814222079109613, 0.02814222079109613, 0.02814222079109613, 0.02814222079109613, 0.02814222079109613, 0.02814222079109613, 0.02814222079109613, 0.02814222079109613, 0.02814222079109613, 0.02814222079109613, 0.02814222079109613, 0.02814222079109613, 0.02814222079109613, 0.02814222079109613, 0.02814222079109613, 0.02814222079109613, 0.017656015352631994, 0.017656015352631994, 0.017656015352631994, 0.017656015352631994, 0.017656015352631994, 0.017656015352631994, 0.017656015352631994, 0.017656015352631994, 0.017656015352631994, 0.017656015352631994, 0.017656015352631994, 0.017656015352631994, 0.017656015352631994, 0.017656015352631994, 0.017656015352631994, 0.017656015352631994, 0.017656015352631994, 0.017656015352631994, 0.017656015352631994, 0.017656015352631994, 0.017656015352631994, 0.017656015352631994, 0.017656015352631994, 0.017656015352631994, 0.017656015352631994, 0.017656015352631994, 0.017656015352631994, 0.017656015352631994, 0.017656015352631994, 0.017656015352631994, 0.017656015352631994, 0.017656015352631994, 0.017656015352631994, 0.017656015352631994, 0.017656015352631994, 0.017656015352631994, 0.017656015352631994, 0.017656015352631994, 0.017656015352631994, 0.017656015352631994, 0.017656015352631994, 0.017656015352631994, 0.017656015352631994, 0.017656015352631994, 0.017656015352631994, 0.017656015352631994, 0.017656015352631994, 0.017656015352631994, 0.017656015352631994, 0.017656015352631994, 0.017656015352631994, 0.017656015352631994, 0.017656015352631994, 0.017656015352631994, 0.017656015352631994, 0.017656015352631994, 0.017656015352631994, 0.017656015352631994, 0.017656015352631994, 0.017656015352631994, 0.017656015352631994, 0.017656015352631994, 0.017656015352631994, 0.017656015352631994, 0.017656015352631994, 0.017656015352631994, 0.017656015352631994, 0.017656015352631994, 0.017656015352631994, 0.017656015352631994, 0.017656015352631994, 0.017656015352631994]","{""elitism_fraction"": 0.2, ""max_iterations"": 120, ""mutation_fraction"": 0.1, ""population_size"": 40}"
rosenbrock,Rosenbrock,16,1648,ea,Algoritmo evolutivo,3,"[-2.048, 2.048]","[1.0, 1.0, 1.0]","[0.8984846881153583, 0.8343217550300235, 0.6930536040711646]",0.11183243552405443,0.3632777578892892,120,4840,"[52.137436150658026, 26.18252302672296, 26.18252302672296, 26.18252302672296, 26.18252302672296, 7.1785039720209385, 4.654671691548962, 4.654671691548962, 3.719771462880683, 3.719771462880683, 3.719771462880683, 3.719771462880683, 3.719771462880683, 3.719771462880683, 3.719771462880683, 3.719771462880683, 3.719771462880683, 0.2853034088820703, 0.2853034088820703, 0.2853034088820703, 0.2853034088820703, 0.2853034088820703, 0.2853034088820703, 0.2853034088820703, 0.2853034088820703, 0.2853034088820703, 0.2853034088820703, 0.2853034088820703, 0.2853034088820703, 0.2853034088820703, 0.2853034088820703, 0.2853034088820703, 0.2853034088820703, 0.2853034088820703, 0.2853034088820703, 0.2853034088820703, 0.2853034088820703, 0.2853034088820703, 0.2853034088820703, 0.2853034088820703, 0.2853034088820703, 0.2853034088820703, 0.2853034088820703, 0.2853034088820703, 0.2853034088820703, 0.2853034088820703, 0.2853034088820703, 0.2853034088820703, 0.2853034088820703, 0.2853034088820703, 0.2853034088820703, 0.2853034088820703, 0.2853034088820703, 0.2853034088820703, 0.2853034088820703, 0.2853034088820703, 0.2853034088820703, 0.2853034088820703, 0.2853034088820703, 0.2853034088820703, 0.2853034088820703, 0.2853034088820703, 0.2853034088820703, 0.2853034088820703, 0.2853034088820703, 0.2853034088820703, 0.2853034088820703, 0.2853034088820703, 0.2853034088820703, 0.2853034088820703, 0.2032647217137149, 0.2032647217137149, 0.2032647217137149, 0.2032647217137149, 0.2032647217137149, 0.1729602729989252, 0.1729602729989252, 0.1729602729989252, 0.1729602729989252, 0.1729602729989252, 0.11183243552405443, 0.11183243552405443, 0.11183243552405443, 0.11183243552405443, 0.11183243552405443, 0.11183243552405443, 0.11183243552405443, 0.11183243552405443, 0.11183243552405443, 0.11183243552405443, 0.11183243552405443, 0.11183243552405443, 0.11183243552405443, 0.11183243552405443, 0.11183243552405443, 0.11183243552405443, 0.11183243552405443, 0.11183243552405443, 0.11183243552405443, 0.11183243552405443, 0.11183243552405443, 0.11183243552405443, 0.11183243552405443, 0.11183243552405443, 0.11183243552405443, 0.11183243552405443, 0.11183243552405443, 0.11183243552405443, 0.11183243552405443, 0.11183243552405443, 0.11183243552405443, 0.11183243552405443, 0.11183243552405443, 0.11183243552405443, 0.11183243552405443, 0.11183243552405443, 0.11183243552405443, 0.11183243552405443, 0.11183243552405443, 0.11183243552405443, 0.11183243552405443]","{""elitism_fraction"": 0.2, ""max_iterations"": 120, ""mutation_fraction"": 0.1, ""population_size"": 40}"
rosenbrock,Rosenbrock,17,1649,ea,Algoritmo evolutivo,3,"[-2.048, 2.048]","[1.0, 1.0, 1.0]","[0.9951025224604728, 0.9840603572657902, 0.9536523625634179]",0.025758287452177064,0.049256075693230844,120,4840,"[26.931435001628422, 22.69696136631812, 1.258509167689113, 1.258509167689113, 1.258509167689113, 1.258509167689113, 1.258509167689113, 1.258509167689113, 1.258509167689113, 1.258509167689113, 1.258509167689113, 1.258509167689113, 1.258509167689113, 1.258509167689113, 1.258509167689113, 1.258509167689113, 1.0107796039226784, 1.0107796039226784, 1.0107796039226784, 0.5581190295508657, 0.5581190295508657, 0.5581190295508657, 0.5581190295508657, 0.5581190295508657, 0.5581190295508657, 0.5581190295508657, 0.5581190295508657, 0.5581190295508657, 0.5581190295508657, 0.5581190295508657, 0.5581190295508657, 0.5581190295508657, 0.5581190295508657, 0.5581190295508657, 0.5581190295508657, 0.5581190295508657, 0.5581190295508657, 0.5581190295508657, 0.5581190295508657, 0.5581190295508657, 0.5581190295508657, 0.5581190295508657, 0.5581190295508657, 0.5581190295508657, 0.5581190295508657, 0.5581190295508657, 0.5581190295508657, 0.5581190295508657, 0.5581190295508657, 0.5581190295508657, 0.5581190295508657, 0.5581190295508657, 0.5581190295508657, 0.5581190295508657, 0.5581190295508657, 0.5581190295508657, 0.5581190295508657, 0.5581190295508657, 0.5581190295508657, 0.5581190295508657, 0.5581190295508657, 0.5581190295508657, 0.5581190295508657, 0.5581190295508657, 0.5581190295508657, 0.5581190295508657, 0.5581190295508657, 0.5581190295508657, 0.5581190295508657, 0.5581190295508657, 0.5581190295508657, 0.025758287452177064, 0.025758287452177064, 0.025758287452177064, 0.025758287452177064, 0.025758287452177064, 0.025758287452177064, 0.025758287452177064, 0.025758287452177064, 0.025758287452177064, 0.025758287452177064, 0.025758287452177064, 0.025758287452177064, 0.025758287452177064, 0.025758287452177064, 0.025758287452177064, 0.025758287452177064, 0.025758287452177064, 0.025758287452177064, 0.025758287452177064, 0.025758287452177064, 0.025758287452177064, 0.025758287452177064, 0.025758287452177064, 0.025758287452177064, 0.025758287452177064, 0.025758287452177064, 0.025758287452177064, 0.025758287452177064, 0.025758287452177064, 0.025758287452177064, 0.025758287452177064, 0.025758287452177064, 0.025758287452177064, 0.025758287452177064, 0.025758287452177064, 0.025758287452177064, 0.025758287452177064, 0.025758287452177064, 0.025758287452177064, 0.025758287452177064, 0.025758287452177064, 0.025758287452177064, 0.025758287452177064, 0.025758287452177064, 0.025758287452177064, 0.025758287452177064, 0.025758287452177064, 0.025758287452177064, 0.025758287452177064, 0.025758287452177064]","{""elitism_fraction"": 0.2, ""max_iterations"": 120, ""mutation_fraction"": 0.1, ""population_size"": 40}"
rosenbrock,Rosenbrock,18,1650,ea,Algoritmo evolutivo,3,"[-2.048, 2.048]","[1.0, 1.0, 1.0]","[0.5828918173739162, 0.3494641852396909, 0.11437201410044606]",0.6125988477161721,1.175377816579841,120,4840,"[2.526146600371985, 2.526146600371985, 2.526146600371985, 2.526146600371985, 2.526146600371985, 2.417246219800435, 2.3218883970220965, 2.3218883970220965, 2.3218883970220965, 2.3218883970220965, 2.2374084852128773, 2.2374084852128773, 2.2374084852128773, 2.2374084852128773, 1.9232509155115713, 1.9232509155115713, 1.9232509155115713, 1.9232509155115713, 1.9232509155115713, 1.9232509155115713, 1.9232509155115713, 1.8538345923332817, 1.27256642930107, 1.27256642930107, 1.27256642930107, 1.27256642930107, 1.27256642930107, 1.27256642930107, 1.27256642930107, 1.27256642930107, 1.27256642930107, 1.27256642930107, 1.27256642930107, 1.27256642930107, 1.27256642930107, 1.27256642930107, 1.27256642930107, 1.27256642930107, 1.27256642930107, 1.27256642930107, 1.27256642930107, 1.27256642930107, 1.27256642930107, 1.27256642930107, 1.27256642930107, 1.27256642930107, 1.27256642930107, 1.27256642930107, 1.27256642930107, 1.27256642930107, 1.27256642930107, 1.27256642930107, 1.27256642930107, 1.27256642930107, 1.27256642930107, 1.27256642930107, 1.27256642930107, 1.27256642930107, 1.27256642930107, 0.679851775170506, 0.679851775170506, 0.679851775170506, 0.6493602102817438, 0.6493602102817438, 0.6493602102817438, 0.6493602102817438, 0.6372083056645546, 0.6372083056645546, 0.6372083056645546, 0.6372083056645546, 0.6372083056645546, 0.6372083056645546, 0.6372083056645546, 0.6372083056645546, 0.6372083056645546, 0.6372083056645546, 0.6372083056645546, 0.6372083056645546, 0.6372083056645546, 0.6372083056645546, 0.6372083056645546, 0.6372083056645546, 0.6372083056645546, 0.6372083056645546, 0.6372083056645546, 0.6372083056645546, 0.6372083056645546, 0.6372083056645546, 0.6372083056645546, 0.6372083056645546, 0.6372083056645546, 0.6372083056645546, 0.6372083056645546, 0.6372083056645546, 0.6372083056645546, 0.6372083056645546, 0.6372083056645546, 0.6372083056645546, 0.6125988477161721, 0.6125988477161721, 0.6125988477161721, 0.6125988477161721, 0.6125988477161721, 0.6125988477161721, 0.6125988477161721, 0.6125988477161721, 0.6125988477161721, 0.6125988477161721, 0.6125988477161721, 0.6125988477161721, 0.6125988477161721, 0.6125988477161721, 0.6125988477161721, 0.6125988477161721, 0.6125988477161721, 0.6125988477161721, 0.6125988477161721, 0.6125988477161721, 0.6125988477161721, 0.6125988477161721, 0.6125988477161721]","{""elitism_fraction"": 0.2, ""max_iterations"": 120, ""mutation_fraction"": 0.1, ""population_size"": 40}"
rosenbrock,Rosenbrock,19,1651,ea,Algoritmo evolutivo,3,"[-2.048, 2.048]","[1.0, 1.0, 1.0]","[1.0008226486018974, 1.0102984907872576, 1.0560679322967115]",0.13266089768848874,0.05701182943254896,120,4840,"[9.506774182991263, 9.506774182991263, 9.506774182991263, 9.506774182991263, 9.506774182991263, 9.506774182991263, 6.076362540852399, 6.076362540852399, 6.076362540852399, 6.076362540852399, 2.748706306228315, 2.748706306228315, 2.748706306228315, 2.748706306228315, 2.748706306228315, 1.2218733470567498, 1.2218733470567498, 1.2218733470567498, 1.2218733470567498, 1.2218733470567498, 1.2218733470567498, 1.2218733470567498, 1.2218733470567498, 1.2218733470567498, 1.2218733470567498, 1.2218733470567498, 0.8907885303663213, 0.8907885303663213, 0.8907885303663213, 0.8907885303663213, 0.8907885303663213, 0.8907885303663213, 0.8907885303663213, 0.8907885303663213, 0.8907885303663213, 0.8907885303663213, 0.8907885303663213, 0.8907885303663213, 0.8907885303663213, 0.8907885303663213, 0.8907885303663213, 0.8783092096709604, 0.8783092096709604, 0.8783092096709604, 0.8783092096709604, 0.8783092096709604, 0.8783092096709604, 0.8783092096709604, 0.8783092096709604, 0.8783092096709604, 0.8783092096709604, 0.8783092096709604, 0.8783092096709604, 0.8783092096709604, 0.8783092096709604, 0.8783092096709604, 0.8783092096709604, 0.8783092096709604, 0.8783092096709604, 0.8783092096709604, 0.8783092096709604, 0.8783092096709604, 0.8783092096709604, 0.8783092096709604, 0.8783092096709604, 0.8783092096709604, 0.8783092096709604, 0.8783092096709604, 0.8783092096709604, 0.8783092096709604, 0.8783092096709604, 0.8783092096709604, 0.8783092096709604, 0.8783092096709604, 0.8783092096709604, 0.8783092096709604, 0.8783092096709604, 0.8783092096709604, 0.8783092096709604, 0.8783092096709604, 0.8783092096709604, 0.8783092096709604, 0.8783092096709604, 0.8783092096709604, 0.8783092096709604, 0.8783092096709604, 0.8783092096709604, 0.8783092096709604, 0.8783092096709604, 0.8783092096709604, 0.13266089768848874, 0.13266089768848874, 0.13266089768848874, 0.13266089768848874, 0.13266089768848874, 0.13266089768848874, 0.13266089768848874, 0.13266089768848874, 0.13266089768848874, 0.13266089768848874, 0.13266089768848874, 0.13266089768848874, 0.13266089768848874, 0.13266089768848874, 0.13266089768848874, 0.13266089768848874, 0.13266089768848874, 0.13266089768848874, 0.13266089768848874, 0.13266089768848874, 0.13266089768848874, 0.13266089768848874, 0.13266089768848874, 0.13266089768848874, 0.13266089768848874, 0.13266089768848874, 0.13266089768848874, 0.13266089768848874, 0.13266089768848874, 0.13266089768848874, 0.13266089768848874]","{""elitism_fraction"": 0.2, ""max_iterations"": 120, ""mutation_fraction"": 0.1, ""population_size"": 40}"
rosenbrock,Rosenbrock,20,1643,ea,Algoritmo evolutivo,3,"[-2.048, 2.048]","[1.0, 1.0, 1.0]","[0.7874260719576744, 0.6438781706383607, 0.4121094848337954]",0.22944703330197871,0.7194620838193002,120,4840,"[51.25679718759342, 44.085325379820866, 4.506520329388719, 4.506520329388719, 4.506520329388719, 4.506520329388719, 4.506520329388719, 2.937199852833381, 2.937199852833381, 2.937199852833381, 2.2490669962263468, 2.2490669962263468, 1.8178171634015292, 1.8178171634015292, 1.8178171634015292, 1.8178171634015292, 1.8178171634015292, 1.8178171634015292, 1.8178171634015292, 1.8178171634015292, 1.8178171634015292, 1.8178171634015292, 1.8178171634015292, 1.8178171634015292, 1.8178171634015292, 1.8178171634015292, 1.8178171634015292, 0.8150336522067066, 0.8150336522067066, 0.8150336522067066, 0.8150336522067066, 0.8150336522067066, 0.8150336522067066, 0.8150336522067066, 0.8150336522067066, 0.8150336522067066, 0.8150336522067066, 0.8150336522067066, 0.8150336522067066, 0.8150336522067066, 0.8150336522067066, 0.8150336522067066, 0.8150336522067066, 0.8150336522067066, 0.8150336522067066, 0.8150336522067066, 0.8150336522067066, 0.8150336522067066, 0.8150336522067066, 0.8150336522067066, 0.8150336522067066, 0.8150336522067066, 0.4081766620521353, 0.4081766620521353, 0.4081766620521353, 0.4081766620521353, 0.4081766620521353, 0.4081766620521353, 0.4081766620521353, 0.4081766620521353, 0.4081766620521353, 0.4081766620521353, 0.39866519294741365, 0.39866519294741365, 0.39866519294741365, 0.39866519294741365, 0.39866519294741365, 0.39866519294741365, 0.39866519294741365, 0.28337846458050303, 0.28337846458050303, 0.28337846458050303, 0.28337846458050303, 0.28337846458050303, 0.28337846458050303, 0.28337846458050303, 0.28337846458050303, 0.28337846458050303, 0.28337846458050303, 0.28337846458050303, 0.28337846458050303, 0.28337846458050303, 0.28337846458050303, 0.28337846458050303, 0.28337846458050303, 0.28337846458050303, 0.22944703330197871, 0.22944703330197871, 0.22944703330197871, 0.22944703330197871, 0.22944703330197871, 0.22944703330197871, 0.22944703330197871, 0.22944703330197871, 0.22944703330197871, 0.22944703330197871, 0.22944703330197871, 0.22944703330197871, 0.22944703330197871, 0.22944703330197871, 0.22944703330197871, 0.22944703330197871, 0.22944703330197871, 0.22944703330197871, 0.22944703330197871, 0.22944703330197871, 0.22944703330197871, 0.22944703330197871, 0.22944703330197871, 0.22944703330197871, 0.22944703330197871, 0.22944703330197871, 0.22944703330197871, 0.22944703330197871, 0.22944703330197871, 0.22944703330197871, 0.22944703330197871, 0.22944703330197871, 0.22944703330197871, 0.22944703330197871, 0.22944703330197871]","{""elitism_fraction"": 0.2, ""max_iterations"": 120, ""mutation_fraction"": 0.1, ""population_size"": 40}"
rosenbrock,Rosenbrock,21,1644,ea,Algoritmo evolutivo,3,"[-2.048, 2.048]","[1.0, 1.0, 1.0]","[0.7989412815591082, 0.6251314309775542, 0.4017911743924887]",0.21041517663674392,0.7340332767230298,120,4840,"[39.77949798563584, 33.4339589688044, 33.4339589688044, 33.4339589688044, 15.414983055026209, 15.414983055026209, 15.414983055026209, 8.872069620242984, 8.872069620242984, 3.11794177022669, 3.11794177022669, 3.11794177022669, 3.11794177022669, 3.11794177022669, 3.11794177022669, 3.11794177022669, 3.11794177022669, 3.11794177022669, 3.11794177022669, 3.11794177022669, 3.11794177022669, 2.6117250882114376, 2.6117250882114376, 2.6117250882114376, 2.6117250882114376, 2.6117250882114376, 2.6117250882114376, 2.6117250882114376, 2.6117250882114376, 2.067146482277409, 2.067146482277409, 2.067146482277409, 2.067146482277409, 2.067146482277409, 2.067146482277409, 2.067146482277409, 2.067146482277409, 2.067146482277409, 2.067146482277409, 2.067146482277409, 2.067146482277409, 2.067146482277409, 2.067146482277409, 2.067146482277409, 2.067146482277409, 2.067146482277409, 2.067146482277409, 2.067146482277409, 2.067146482277409, 0.9532660470126556, 0.9532660470126556, 0.9532660470126556, 0.9532660470126556, 0.9532660470126556, 0.9532660470126556, 0.9532660470126556, 0.9532660470126556, 0.9532660470126556, 0.9532660470126556, 0.736269964158525, 0.2462982585023576, 0.2462982585023576, 0.2462982585023576, 0.2462982585023576, 0.2462982585023576, 0.2462982585023576, 0.2462982585023576, 0.2462982585023576, 0.2462982585023576, 0.2462982585023576, 0.2462982585023576, 0.2462982585023576, 0.2462982585023576, 0.2462982585023576, 0.2462982585023576, 0.2462982585023576, 0.2462982585023576, 0.2462982585023576, 0.2462982585023576, 0.2462982585023576, 0.2462982585023576, 0.2462982585023576, 0.2462982585023576, 0.2462982585023576, 0.2462982585023576, 0.2462982585023576, 0.2462982585023576, 0.2462982585023576, 0.2462982585023576, 0.2462982585023576, 0.2462982585023576, 0.2462982585023576, 0.2462982585023576, 0.2462982585023576, 0.2462982585023576, 0.2462982585023576, 0.2462982585023576, 0.2462982585023576, 0.2462982585023576, 0.2462982585023576, 0.2462982585023576, 0.2462982585023576, 0.2462982585023576, 0.2462982585023576, 0.2462982585023576, 0.2462982585023576, 0.2462982585023576, 0.2462982585023576, 0.21041517663674392, 0.21041517663674392, 0.21041517663674392, 0.21041517663674392, 0.21041517663674392, 0.21041517663674392, 0.21041517663674392, 0.21041517663674392, 0.21041517663674392, 0.21041517663674392, 0.21041517663674392, 0.21041517663674392, 0.21041517663674392]","{""elitism_fraction"": 0.2, ""max_iterations"": 120, ""mutation_fraction"": 0.1, ""population_size"": 40}"
rosenbrock,Rosenbrock,22,1645,ea,Algoritmo evolutivo,3,"[-2.048, 2.048]","[1.0, 1.0, 1.0]","[0.448545337946046, 0.2525598593304683, 0.0926460055616185]",1.2099124586935284,1.2984838387166844,120,4840,"[35.54279275431125, 11.775086176143141, 11.775086176143141, 11.775086176143141, 11.775086176143141, 11.775086176143141, 11.533840242523425, 11.533840242523425, 9.942463601834218, 3.6373321189219765, 3.6373321189219765, 3.6373321189219765, 3.6373321189219765, 3.6373321189219765, 3.6373321189219765, 3.6373321189219765, 3.6373321189219765, 3.0198570946933465, 3.0198570946933465, 3.0198570946933465, 3.0198570946933465, 2.7830557727433174, 2.7830557727433174, 2.7830557727433174, 2.7830557727433174, 2.7830557727433174, 2.7830557727433174, 2.7830557727433174, 2.7830557727433174, 2.7830557727433174, 2.7830557727433174, 2.7830557727433174, 2.7830557727433174, 2.7830557727433174, 2.7830557727433174, 2.7830557727433174, 2.3542223899153485, 2.3542223899153485, 1.286827507021235, 1.286827507021235, 1.286827507021235, 1.286827507021235, 1.286827507021235, 1.286827507021235, 1.286827507021235, 1.286827507021235, 1.286827507021235, 1.286827507021235, 1.286827507021235, 1.286827507021235, 1.286827507021235, 1.286827507021235, 1.286827507021235, 1.286827507021235, 1.286827507021235, 1.286827507021235, 1.286827507021235, 1.286827507021235, 1.286827507021235, 1.286827507021235, 1.286827507021235, 1.286827507021235, 1.286827507021235, 1.286827507021235, 1.286827507021235, 1.286827507021235, 1.286827507021235, 1.286827507021235, 1.286827507021235, 1.286827507021235, 1.2139447270726968, 1.2139447270726968, 1.2139447270726968, 1.2139447270726968, 1.2139447270726968, 1.2139447270726968, 1.2139447270726968, 1.2139447270726968, 1.2139447270726968, 1.2139447270726968, 1.2139447270726968, 1.2139447270726968, 1.2139447270726968, 1.2139447270726968, 1.2139447270726968, 1.2139447270726968, 1.2139447270726968, 1.2139447270726968, 1.2139447270726968, 1.2139447270726968, 1.2139447270726968, 1.2139447270726968, 1.2139447270726968, 1.2139447270726968, 1.2139447270726968, 1.2139447270726968, 1.2139447270726968, 1.2139447270726968, 1.2139447270726968, 1.2139447270726968, 1.2139447270726968, 1.2139447270726968, 1.2139447270726968, 1.2139447270726968, 1.2139447270726968, 1.2139447270726968, 1.2139447270726968, 1.2139447270726968, 1.2099124586935284, 1.2099124586935284, 1.2099124586935284, 1.2099124586935284, 1.2099124586935284, 1.2099124586935284, 1.2099124586935284, 1.2099124586935284, 1.2099124586935284, 1.2099124586935284, 1.2099124586935284, 1.2099124586935284, 1.2099124586935284]","{""elitism_fraction"": 0.2, ""max_iterations"": 120, ""mutation_fraction"": 0.1, ""population_size"": 40}"
rosenbrock,Rosenbrock,23,1646,ea,Algoritmo evolutivo,3,"[-2.048, 2.048]","[1.0, 1.0, 1.0]","[0.6199832325674972, 0.4052284088627851, 0.1742935427831398]",0.551802559792064,1.0862583222435453,120,4840,"[15.613558086911564, 15.613558086911564, 15.613558086911564, 8.193798640277468, 8.193798640277468, 8.193798640277468, 7.660888950842957, 5.355739070821426, 5.355739070821426, 5.355739070821426, 5.325415600071093, 5.325415600071093, 3.4965522891503467, 3.4965522891503467, 3.4965522891503467, 3.1116100127499506, 3.108005178869031, 3.108005178869031, 3.108005178869031, 3.108005178869031, 3.108005178869031, 3.108005178869031, 3.108005178869031, 0.9900945444695594, 0.9900945444695594, 0.9900945444695594, 0.9900945444695594, 0.9900945444695594, 0.6846855289840739, 0.5875375152833178, 0.5875375152833178, 0.5875375152833178, 0.5875375152833178, 0.5875375152833178, 0.5875375152833178, 0.5875375152833178, 0.5875375152833178, 0.5875375152833178, 0.5875375152833178, 0.5875375152833178, 0.5875375152833178, 0.5875375152833178, 0.5875375152833178, 0.5875375152833178, 0.5875375152833178, 0.5875375152833178, 0.5875375152833178, 0.5875375152833178, 0.5875375152833178, 0.5875375152833178, 0.5875375152833178, 0.5875375152833178, 0.5875375152833178, 0.5875375152833178, 0.5875375152833178, 0.5875375152833178, 0.5875375152833178, 0.5875375152833178, 0.5875375152833178, 0.5875375152833178, 0.5875375152833178, 0.5875375152833178, 0.5875375152833178, 0.5875375152833178, 0.5875375152833178, 0.5875375152833178, 0.5875375152833178, 0.5875375152833178, 0.5875375152833178, 0.5875375152833178, 0.5875375152833178, 0.5875375152833178, 0.5875375152833178, 0.5875375152833178, 0.5875375152833178, 0.5875375152833178, 0.5875375152833178, 0.5875375152833178, 0.5875375152833178, 0.5875375152833178, 0.5875375152833178, 0.5875375152833178, 0.5875375152833178, 0.5875375152833178, 0.5875375152833178, 0.5875375152833178, 0.5875375152833178, 0.5875375152833178, 0.5875375152833178, 0.5875375152833178, 0.551802559792064, 0.551802559792064, 0.551802559792064, 0.551802559792064, 0.551802559792064, 0.551802559792064, 0.551802559792064, 0.551802559792064, 0.551802559792064, 0.551802559792064, 0.551802559792064, 0.551802559792064, 0.551802559792064, 0.551802559792064, 0.551802559792064, 0.551802559792064, 0.551802559792064, 0.551802559792064, 0.551802559792064, 0.551802559792064, 0.551802559792064, 0.551802559792064, 0.551802559792064, 0.551802559792064, 0.551802559792064, 0.551802559792064, 0.551802559792064, 0.551802559792064, 0.551802559792064, 0.551802559792064, 0.551802559792064]","{""elitism_fraction"": 0.2, ""max_iterations"": 120, ""mutation_fraction"": 0.1, ""population_size"": 40}"
rosenbrock,Rosenbrock,24,1647,ea,Algoritmo evolutivo,3,"[-2.048, 2.048]","[1.0, 1.0, 1.0]","[0.9929346161225894, 0.9734143988007138, 0.9510886419167144]",0.017656015352631994,0.05611626136882296,120,4840,"[8.671662018164241, 8.671662018164241, 6.601223882523806, 6.601223882523806, 6.601223882523806, 3.0760205693595157, 3.0760205693595157, 3.0645595120833917, 3.0645595120833917, 3.0645595120833917, 3.0645595120833917, 3.0645595120833917, 0.27511760014520115, 0.27511760014520115, 0.27511760014520115, 0.27511760014520115, 0.27511760014520115, 0.27511760014520115, 0.27511760014520115, 0.02814222079109613, 0.02814222079109613, 0.02814222079109613, 0.02814222079109613, 0.02814222079109613, 0.02814222079109613, 0.02814222079109613, 0.02814222079109613, 0.02814222079109613, 0.02814222079109613, 0.02814222079109613, 0.02814222079109613, 0.02814222079109613, 0.02814222079109613, 0.02814222079109613, 0.02814222079109613, 0.02814222079109613, 0.02814222079109613, 0.02814222079109613, 0.02814222079109613, 0.02814222079109613, 0.02814222079109613, 0.02814222079109613, 0.02814222079109613, 0.02814222079109613, 0.02814222079109613, 0.02814222079109613, 0.02814222079109613, 0.02814222079109613, 0.02814222079109613, 0.017656015352631994, 0.017656015352631994, 0.017656015352631994, 0.017656015352631994, 0.017656015352631994, 0.017656015352631994, 0.017656015352631994, 0.017656015352631994, 0.017656015352631994, 0.017656015352631994, 0.017656015352631994, 0.017656015352631994, 0.017656015352631994, 0.017656015352631994, 0.017656015352631994, 0.017656015352631994, 0.017656015352631994, 0.017656015352631994, 0.017656015352631994, 0.017656015352631994, 0.017656015352631994, 0.017656015352631994, 0.017656015352631994, 0.017656015352631994, 0.017656015352631994, 0.017656015352631994, 0.017656015352631994, 0.017656015352631994, 0.017656015352631994, 0.017656015352631994, 0.017656015352631994, 0.017656015352631994, 0.017656015352631994, 0.017656015352631994, 0.017656015352631994, 0.017656015352631994, 0.017656015352631994, 0.017656015352631994, 0.017656015352631994, 0.017656015352631994, 0.017656015352631994, 0.017656015352631994, 0.017656015352631994, 0.017656015352631994, 0.017656015352631994, 0.017656015352631994, 0.017656015352631994, 0.017656015352631994, 0.017656015352631994, 0.017656015352631994, 0.017656015352631994, 0.017656015352631994, 0.017656015352631994, 0.017656015352631994, 0.017656015352631994, 0.017656015352631994, 0.017656015352631994, 0.017656015352631994, 0.017656015352631994, 0.017656015352631994, 0.017656015352631994, 0.017656015352631994, 0.017656015352631994, 0.017656015352631994, 0.017656015352631994, 0.017656015352631994, 0.017656015352631994, 0.017656015352631994, 0.017656015352631994, 0.017656015352631994, 0.017656015352631994, 0.017656015352631994]","{""elitism_fraction"": 0.2, ""max_iterations"": 120, ""mutation_fraction"": 0.1, ""population_size"": 40}"
rosenbrock,Rosenbrock,25,1648,ea,Algoritmo evolutivo,3,"[-2.048, 2.048]","[1.0, 1.0, 1.0]","[0.8984846881153583, 0.8343217550300235, 0.6930536040711646]",0.11183243552405443,0.3632777578892892,120,4840,"[52.137436150658026, 26.18252302672296, 26.18252302672296, 26.18252302672296, 26.18252302672296, 7.1785039720209385, 4.654671691548962, 4.654671691548962, 3.719771462880683, 3.719771462880683, 3.719771462880683, 3.719771462880683, 3.719771462880683, 3.719771462880683, 3.719771462880683, 3.719771462880683, 3.719771462880683, 0.2853034088820703, 0.2853034088820703, 0.2853034088820703, 0.2853034088820703, 0.2853034088820703, 0.2853034088820703, 0.2853034088820703, 0.2853034088820703, 0.2853034088820703, 0.2853034088820703, 0.2853034088820703, 0.2853034088820703, 0.2853034088820703, 0.2853034088820703, 0.2853034088820703, 0.2853034088820703, 0.2853034088820703, 0.2853034088820703, 0.2853034088820703, 0.2853034088820703, 0.2853034088820703, 0.2853034088820703, 0.2853034088820703, 0.2853034088820703, 0.2853034088820703, 0.2853034088820703, 0.2853034088820703, 0.2853034088820703, 0.2853034088820703, 0.2853034088820703, 0.2853034088820703, 0.2853034088820703, 0.2853034088820703, 0.2853034088820703, 0.2853034088820703, 0.2853034088820703, 0.2853034088820703, 0.2853034088820703, 0.2853034088820703, 0.2853034088820703, 0.2853034088820703, 0.2853034088820703, 0.2853034088820703, 0.2853034088820703, 0.2853034088820703, 0.2853034088820703, 0.2853034088820703, 0.2853034088820703, 0.2853034088820703, 0.2853034088820703, 0.2853034088820703, 0.2853034088820703, 0.2853034088820703, 0.2032647217137149, 0.2032647217137149, 0.2032647217137149, 0.2032647217137149, 0.2032647217137149, 0.1729602729989252, 0.1729602729989252, 0.1729602729989252, 0.1729602729989252, 0.1729602729989252, 0.11183243552405443, 0.11183243552405443, 0.11183243552405443, 0.11183243552405443, 0.11183243552405443, 0.11183243552405443, 0.11183243552405443, 0.11183243552405443, 0.11183243552405443, 0.11183243552405443, 0.11183243552405443, 0.11183243552405443, 0.11183243552405443, 0.11183243552405443, 0.11183243552405443, 0.11183243552405443, 0.11183243552405443, 0.11183243552405443, 0.11183243552405443, 0.11183243552405443, 0.11183243552405443, 0.11183243552405443, 0.11183243552405443, 0.11183243552405443, 0.11183243552405443, 0.11183243552405443, 0.11183243552405443, 0.11183243552405443, 0.11183243552405443, 0.11183243552405443, 0.11183243552405443, 0.11183243552405443, 0.11183243552405443, 0.11183243552405443, 0.11183243552405443, 0.11183243552405443, 0.11183243552405443, 0.11183243552405443, 0.11183243552405443, 0.11183243552405443, 0.11183243552405443]","{""elitism_fraction"": 0.2, ""max_iterations"": 120, ""mutation_fraction"": 0.1, ""population_size"": 40}"
rosenbrock,Rosenbrock,26,1649,ea,Algoritmo evolutivo,3,"[-2.048, 2.048]","[1.0, 1.0, 1.0]","[0.9951025224604728, 0.9840603572657902, 0.9536523625634179]",0.025758287452177064,0.049256075693230844,120,4840,"[26.931435001628422, 22.69696136631812, 1.258509167689113, 1.258509167689113, 1.258509167689113, 1.258509167689113, 1.258509167689113, 1.258509167689113, 1.258509167689113, 1.258509167689113, 1.258509167689113, 1.258509167689113, 1.258509167689113, 1.258509167689113, 1.258509167689113, 1.258509167689113, 1.0107796039226784, 1.0107796039226784, 1.0107796039226784, 0.5581190295508657, 0.5581190295508657, 0.5581190295508657, 0.5581190295508657, 0.5581190295508657, 0.5581190295508657, 0.5581190295508657, 0.5581190295508657, 0.5581190295508657, 0.5581190295508657, 0.5581190295508657, 0.5581190295508657, 0.5581190295508657, 0.5581190295508657, 0.5581190295508657, 0.5581190295508657, 0.5581190295508657, 0.5581190295508657, 0.5581190295508657, 0.5581190295508657, 0.5581190295508657, 0.5581190295508657, 0.5581190295508657, 0.5581190295508657, 0.5581190295508657, 0.5581190295508657, 0.5581190295508657, 0.5581190295508657, 0.5581190295508657, 0.5581190295508657, 0.5581190295508657, 0.5581190295508657, 0.5581190295508657, 0.5581190295508657, 0.5581190295508657, 0.5581190295508657, 0.5581190295508657, 0.5581190295508657, 0.5581190295508657, 0.5581190295508657, 0.5581190295508657, 0.5581190295508657, 0.5581190295508657, 0.5581190295508657, 0.5581190295508657, 0.5581190295508657, 0.5581190295508657, 0.5581190295508657, 0.5581190295508657, 0.5581190295508657, 0.5581190295508657, 0.5581190295508657, 0.025758287452177064, 0.025758287452177064, 0.025758287452177064, 0.025758287452177064, 0.025758287452177064, 0.025758287452177064, 0.025758287452177064, 0.025758287452177064, 0.025758287452177064, 0.025758287452177064, 0.025758287452177064, 0.025758287452177064, 0.025758287452177064, 0.025758287452177064, 0.025758287452177064, 0.025758287452177064, 0.025758287452177064, 0.025758287452177064, 0.025758287452177064, 0.025758287452177064, 0.025758287452177064, 0.025758287452177064, 0.025758287452177064, 0.025758287452177064, 0.025758287452177064, 0.025758287452177064, 0.025758287452177064, 0.025758287452177064, 0.025758287452177064, 0.025758287452177064, 0.025758287452177064, 0.025758287452177064, 0.025758287452177064, 0.025758287452177064, 0.025758287452177064, 0.025758287452177064, 0.025758287452177064, 0.025758287452177064, 0.025758287452177064, 0.025758287452177064, 0.025758287452177064, 0.025758287452177064, 0.025758287452177064, 0.025758287452177064, 0.025758287452177064, 0.025758287452177064, 0.025758287452177064, 0.025758287452177064, 0.025758287452177064, 0.025758287452177064]","{""elitism_fraction"": 0.2, ""max_iterations"": 120, ""mutation_fraction"": 0.1, ""population_size"": 40}"
rosenbrock,Rosenbrock,27,1650,ea,Algoritmo evolutivo,3,"[-2.048, 2.048]","[1.0, 1.0, 1.0]","[0.5828918173739162, 0.3494641852396909, 0.11437201410044606]",0.6125988477161721,1.175377816579841,120,4840,"[2.526146600371985, 2.526146600371985, 2.526146600371985, 2.526146600371985, 2.526146600371985, 2.417246219800435, 2.3218883970220965, 2.3218883970220965, 2.3218883970220965, 2.3218883970220965, 2.2374084852128773, 2.2374084852128773, 2.2374084852128773, 2.2374084852128773, 1.9232509155115713, 1.9232509155115713, 1.9232509155115713, 1.9232509155115713, 1.9232509155115713, 1.9232509155115713, 1.9232509155115713, 1.8538345923332817, 1.27256642930107, 1.27256642930107, 1.27256642930107, 1.27256642930107, 1.27256642930107, 1.27256642930107, 1.27256642930107, 1.27256642930107, 1.27256642930107, 1.27256642930107, 1.27256642930107, 1.27256642930107, 1.27256642930107, 1.27256642930107, 1.27256642930107, 1.27256642930107, 1.27256642930107, 1.27256642930107, 1.27256642930107, 1.27256642930107, 1.27256642930107, 1.27256642930107, 1.27256642930107, 1.27256642930107, 1.27256642930107, 1.27256642930107, 1.27256642930107, 1.27256642930107, 1.27256642930107, 1.27256642930107, 1.27256642930107, 1.27256642930107, 1.27256642930107, 1.27256642930107, 1.27256642930107, 1.27256642930107, 1.27256642930107, 0.679851775170506, 0.679851775170506, 0.679851775170506, 0.6493602102817438, 0.6493602102817438, 0.6493602102817438, 0.6493602102817438, 0.6372083056645546, 0.6372083056645546, 0.6372083056645546, 0.6372083056645546, 0.6372083056645546, 0.6372083056645546, 0.6372083056645546, 0.6372083056645546, 0.6372083056645546, 0.6372083056645546, 0.6372083056645546, 0.6372083056645546, 0.6372083056645546, 0.6372083056645546, 0.6372083056645546, 0.6372083056645546, 0.6372083056645546, 0.6372083056645546, 0.6372083056645546, 0.6372083056645546, 0.6372083056645546, 0.6372083056645546, 0.6372083056645546, 0.6372083056645546, 0.6372083056645546, 0.6372083056645546, 0.6372083056645546, 0.6372083056645546, 0.6372083056645546, 0.6372083056645546, 0.6372083056645546, 0.6372083056645546, 0.6125988477161721, 0.6125988477161721, 0.6125988477161721, 0.6125988477161721, 0.6125988477161721, 0.6125988477161721, 0.6125988477161721, 0.6125988477161721, 0.6125988477161721, 0.6125988477161721, 0.6125988477161721, 0.6125988477161721, 0.6125988477161721, 0.6125988477161721, 0.6125988477161721, 0.6125988477161721, 0.6125988477161721, 0.6125988477161721, 0.6125988477161721, 0.6125988477161721, 0.6125988477161721, 0.6125988477161721, 0.6125988477161721]","{""elitism_fraction"": 0.2, ""max_iterations"": 120, ""mutation_fraction"": 0.1, ""population_size"": 40}"
rosenbrock,Rosenbrock,28,1651,ea,Algoritmo evolutivo,3,"[-2.048, 2.048]","[1.0, 1.0, 1.0]","[1.0008226486018974, 1.0102984907872576, 1.0560679322967115]",0.13266089768848874,0.05701182943254896,120,4840,"[9.506774182991263, 9.506774182991263, 9.506774182991263, 9.506774182991263, 9.506774182991263, 9.506774182991263, 6.076362540852399, 6.076362540852399, 6.076362540852399, 6.076362540852399, 2.748706306228315, 2.748706306228315, 2.748706306228315, 2.748706306228315, 2.748706306228315, 1.2218733470567498, 1.2218733470567498, 1.2218733470567498, 1.2218733470567498, 1.2218733470567498, 1.2218733470567498, 1.2218733470567498, 1.2218733470567498, 1.2218733470567498, 1.2218733470567498, 1.2218733470567498, 0.8907885303663213, 0.8907885303663213, 0.8907885303663213, 0.8907885303663213, 0.8907885303663213, 0.8907885303663213, 0.8907885303663213, 0.8907885303663213, 0.8907885303663213, 0.8907885303663213, 0.8907885303663213, 0.8907885303663213, 0.8907885303663213, 0.8907885303663213, 0.8907885303663213, 0.8783092096709604, 0.8783092096709604, 0.8783092096709604, 0.8783092096709604, 0.8783092096709604, 0.8783092096709604, 0.8783092096709604, 0.8783092096709604, 0.8783092096709604, 0.8783092096709604, 0.8783092096709604, 0.8783092096709604, 0.8783092096709604, 0.8783092096709604, 0.8783092096709604, 0.8783092096709604, 0.8783092096709604, 0.8783092096709604, 0.8783092096709604, 0.8783092096709604, 0.8783092096709604, 0.8783092096709604, 0.8783092096709604, 0.8783092096709604, 0.8783092096709604, 0.8783092096709604, 0.8783092096709604, 0.8783092096709604, 0.8783092096709604, 0.8783092096709604, 0.8783092096709604, 0.8783092096709604, 0.8783092096709604, 0.8783092096709604, 0.8783092096709604, 0.8783092096709604, 0.8783092096709604, 0.8783092096709604, 0.8783092096709604, 0.8783092096709604, 0.8783092096709604, 0.8783092096709604, 0.8783092096709604, 0.8783092096709604, 0.8783092096709604, 0.8783092096709604, 0.8783092096709604, 0.8783092096709604, 0.8783092096709604, 0.13266089768848874, 0.13266089768848874, 0.13266089768848874, 0.13266089768848874, 0.13266089768848874, 0.13266089768848874, 0.13266089768848874, 0.13266089768848874, 0.13266089768848874, 0.13266089768848874, 0.13266089768848874, 0.13266089768848874, 0.13266089768848874, 0.13266089768848874, 0.13266089768848874, 0.13266089768848874, 0.13266089768848874, 0.13266089768848874, 0.13266089768848874, 0.13266089768848874, 0.13266089768848874, 0.13266089768848874, 0.13266089768848874, 0.13266089768848874, 0.13266089768848874, 0.13266089768848874, 0.13266089768848874, 0.13266089768848874, 0.13266089768848874, 0.13266089768848874, 0.13266089768848874]","{""elitism_fraction"": 0.2, ""max_iterations"": 120, ""mutation_fraction"": 0.1, ""population_size"": 40}"
rosenbrock,Rosenbrock,29,1652,ea,Algoritmo evolutivo,3,"[-2.048, 2.048]","[1.0, 1.0, 1.0]","[0.4958865185200789, 0.245102692852059, 0.05927887359961348]",0.8241279003150692,1.3072706621832495,120,4840,"[17.251646601856873, 17.251646601856873, 17.251646601856873, 17.251646601856873, 17.251646601856873, 5.5557505695267855, 5.5557505695267855, 5.5557505695267855, 1.0441906626622175, 1.0441906626622175, 1.0441906626622175, 1.0441906626622175, 1.0441906626622175, 1.0441906626622175, 1.0441906626622175, 1.0441906626622175, 1.0441906626622175, 1.0441906626622175, 1.0441906626622175, 1.0441906626622175, 1.0441906626622175, 1.0441906626622175, 1.0441906626622175, 1.0441906626622175, 1.0441906626622175, 1.0441906626622175, 1.0441906626622175, 1.0441906626622175, 1.0441906626622175, 1.0441906626622175, 0.8261432393560024, 0.8261432393560024, 0.8261432393560024, 0.8261432393560024, 0.8261432393560024, 0.8261432393560024, 0.8261432393560024, 0.8261432393560024, 0.8261432393560024, 0.8261432393560024, 0.8261432393560024, 0.8261432393560024, 0.8261432393560024, 0.8241279003150692, 0.8241279003150692, 0.8241279003150692, 0.8241279003150692, 0.8241279003150692, 0.8241279003150692, 0.8241279003150692, 0.8241279003150692, 0.8241279003150692, 0.8241279003150692, 0.8241279003150692, 0.8241279003150692, 0.8241279003150692, 0.8241279003150692, 0.8241279003150692, 0.8241279003150692, 0.8241279003150692, 0.8241279003150692, 0.8241279003150692, 0.8241279003150692, 0.8241279003150692, 0.8241279003150692, 0.8241279003150692, 0.8241279003150692, 0.8241279003150692, 0.8241279003150692, 0.8241279003150692, 0.8241279003150692, 0.8241279003150692, 0.8241279003150692, 0.8241279003150692, 0.8241279003150692, 0.8241279003150692, 0.8241279003150692, 0.8241279003150692, 0.8241279003150692, 0.8241279003150692, 0.8241279003150692, 0.8241279003150692, 0.8241279003150692, 0.8241279003150692, 0.8241279003150692, 0.8241279003150692, 0.8241279003150692, 0.8241279003150692, 0.8241279003150692, 0.8241279003150692, 0.8241279003150692, 0.8241279003150692, 0.8241279003150692, 0.8241279003150692, 0.8241279003150692, 0.8241279003150692, 0.8241279003150692, 0.8241279003150692, 0.8241279003150692, 0.8241279003150692, 0.8241279003150692, 0.8241279003150692, 0.8241279003150692, 0.8241279003150692, 0.8241279003150692, 0.8241279003150692, 0.8241279003150692, 0.8241279003150692, 0.8241279003150692, 0.8241279003150692, 0.8241279003150692, 0.8241279003150692, 0.8241279003150692, 0.8241279003150692, 0.8241279003150692, 0.8241279003150692, 0.8241279003150692, 0.8241279003150692, 0.8241279003150692, 0.8241279003150692, 0.8241279003150692]","{""elitism_fraction"": 0.2, ""max_iterations"": 120, ""mutation_fraction"": 0.1, ""population_size"": 40}"
rosenbrock,Rosenbrock,30,1644,ea,Algoritmo evolutivo,3,"[-2.048, 2.048]","[1.0, 1.0, 1.0]","[0.7989412815591082, 0.6251314309775542, 0.4017911743924887]",0.21041517663674392,0.7340332767230298,120,4840,"[39.77949798563584, 33.4339589688044, 33.4339589688044, 33.4339589688044, 15.414983055026209, 15.414983055026209, 15.414983055026209, 8.872069620242984, 8.872069620242984, 3.11794177022669, 3.11794177022669, 3.11794177022669, 3.11794177022669, 3.11794177022669, 3.11794177022669, 3.11794177022669, 3.11794177022669, 3.11794177022669, 3.11794177022669, 3.11794177022669, 3.11794177022669, 2.6117250882114376, 2.6117250882114376, 2.6117250882114376, 2.6117250882114376, 2.6117250882114376, 2.6117250882114376, 2.6117250882114376, 2.6117250882114376, 2.067146482277409, 2.067146482277409, 2.067146482277409, 2.067146482277409, 2.067146482277409, 2.067146482277409, 2.067146482277409, 2.067146482277409, 2.067146482277409, 2.067146482277409, 2.067146482277409, 2.067146482277409, 2.067146482277409, 2.067146482277409, 2.067146482277409, 2.067146482277409, 2.067146482277409, 2.067146482277409, 2.067146482277409, 2.067146482277409, 0.9532660470126556, 0.9532660470126556, 0.9532660470126556, 0.9532660470126556, 0.9532660470126556, 0.9532660470126556, 0.9532660470126556, 0.9532660470126556, 0.9532660470126556, 0.9532660470126556, 0.736269964158525, 0.2462982585023576, 0.2462982585023576, 0.2462982585023576, 0.2462982585023576, 0.2462982585023576, 0.2462982585023576, 0.2462982585023576, 0.2462982585023576, 0.2462982585023576, 0.2462982585023576, 0.2462982585023576, 0.2462982585023576, 0.2462982585023576, 0.2462982585023576, 0.2462982585023576, 0.2462982585023576, 0.2462982585023576, 0.2462982585023576, 0.2462982585023576, 0.2462982585023576, 0.2462982585023576, 0.2462982585023576, 0.2462982585023576, 0.2462982585023576, 0.2462982585023576, 0.2462982585023576, 0.2462982585023576, 0.2462982585023576, 0.2462982585023576, 0.2462982585023576, 0.2462982585023576, 0.2462982585023576, 0.2462982585023576, 0.2462982585023576, 0.2462982585023576, 0.2462982585023576, 0.2462982585023576, 0.2462982585023576, 0.2462982585023576, 0.2462982585023576, 0.2462982585023576, 0.2462982585023576, 0.2462982585023576, 0.2462982585023576, 0.2462982585023576, 0.2462982585023576, 0.2462982585023576, 0.2462982585023576, 0.21041517663674392, 0.21041517663674392, 0.21041517663674392, 0.21041517663674392, 0.21041517663674392, 0.21041517663674392, 0.21041517663674392, 0.21041517663674392, 0.21041517663674392, 0.21041517663674392, 0.21041517663674392, 0.21041517663674392, 0.21041517663674392]","{""elitism_fraction"": 0.2, ""max_iterations"": 120, ""mutation_fraction"": 0.1, ""population_size"": 40}"
rosenbrock,Rosenbrock,31,1645,ea,Algoritmo evolutivo,3,"[-2.048, 2.048]","[1.0, 1.0, 1.0]","[0.448545337946046, 0.2525598593304683, 0.0926460055616185]",1.2099124586935284,1.2984838387166844,120,4840,"[35.54279275431125, 11.775086176143141, 11.775086176143141, 11.775086176143141, 11.775086176143141, 11.775086176143141, 11.533840242523425, 11.533840242523425, 9.942463601834218, 3.6373321189219765, 3.6373321189219765, 3.6373321189219765, 3.6373321189219765, 3.6373321189219765, 3.6373321189219765, 3.6373321189219765, 3.6373321189219765, 3.0198570946933465, 3.0198570946933465, 3.0198570946933465, 3.0198570946933465, 2.7830557727433174, 2.7830557727433174, 2.7830557727433174, 2.7830557727433174, 2.7830557727433174, 2.7830557727433174, 2.7830557727433174, 2.7830557727433174, 2.7830557727433174, 2.7830557727433174, 2.7830557727433174, 2.7830557727433174, 2.7830557727433174, 2.7830557727433174, 2.7830557727433174, 2.3542223899153485, 2.3542223899153485, 1.286827507021235, 1.286827507021235, 1.286827507021235, 1.286827507021235, 1.286827507021235, 1.286827507021235, 1.286827507021235, 1.286827507021235, 1.286827507021235, 1.286827507021235, 1.286827507021235, 1.286827507021235, 1.286827507021235, 1.286827507021235, 1.286827507021235, 1.286827507021235, 1.286827507021235, 1.286827507021235, 1.286827507021235, 1.286827507021235, 1.286827507021235, 1.286827507021235, 1.286827507021235, 1.286827507021235, 1.286827507021235, 1.286827507021235, 1.286827507021235, 1.286827507021235, 1.286827507021235, 1.286827507021235, 1.286827507021235, 1.286827507021235, 1.2139447270726968, 1.2139447270726968, 1.2139447270726968, 1.2139447270726968, 1.2139447270726968, 1.2139447270726968, 1.2139447270726968, 1.2139447270726968, 1.2139447270726968, 1.2139447270726968, 1.2139447270726968, 1.2139447270726968, 1.2139447270726968, 1.2139447270726968, 1.2139447270726968, 1.2139447270726968, 1.2139447270726968, 1.2139447270726968, 1.2139447270726968, 1.2139447270726968, 1.2139447270726968, 1.2139447270726968, 1.2139447270726968, 1.2139447270726968, 1.2139447270726968, 1.2139447270726968, 1.2139447270726968, 1.2139447270726968, 1.2139447270726968, 1.2139447270726968, 1.2139447270726968, 1.2139447270726968, 1.2139447270726968, 1.2139447270726968, 1.2139447270726968, 1.2139447270726968, 1.2139447270726968, 1.2139447270726968, 1.2099124586935284, 1.2099124586935284, 1.2099124586935284, 1.2099124586935284, 1.2099124586935284, 1.2099124586935284, 1.2099124586935284, 1.2099124586935284, 1.2099124586935284, 1.2099124586935284, 1.2099124586935284, 1.2099124586935284, 1.2099124586935284]","{""elitism_fraction"": 0.2, ""max_iterations"": 120, ""mutation_fraction"": 0.1, ""population_size"": 40}"
rosenbrock,Rosenbrock,32,1646,ea,Algoritmo evolutivo,3,"[-2.048, 2.048]","[1.0, 1.0, 1.0]","[0.6199832325674972, 0.4052284088627851, 0.1742935427831398]",0.551802559792064,1.0862583222435453,120,4840,"[15.613558086911564, 15.613558086911564, 15.613558086911564, 8.193798640277468, 8.193798640277468, 8.193798640277468, 7.660888950842957, 5.355739070821426, 5.355739070821426, 5.355739070821426, 5.325415600071093, 5.325415600071093, 3.4965522891503467, 3.4965522891503467, 3.4965522891503467, 3.1116100127499506, 3.108005178869031, 3.108005178869031, 3.108005178869031, 3.108005178869031, 3.108005178869031, 3.108005178869031, 3.108005178869031, 0.9900945444695594, 0.9900945444695594, 0.9900945444695594, 0.9900945444695594, 0.9900945444695594, 0.6846855289840739, 0.5875375152833178, 0.5875375152833178, 0.5875375152833178, 0.5875375152833178, 0.5875375152833178, 0.5875375152833178, 0.5875375152833178, 0.5875375152833178, 0.5875375152833178, 0.5875375152833178, 0.5875375152833178, 0.5875375152833178, 0.5875375152833178, 0.5875375152833178, 0.5875375152833178, 0.5875375152833178, 0.5875375152833178, 0.5875375152833178, 0.5875375152833178, 0.5875375152833178, 0.5875375152833178, 0.5875375152833178, 0.5875375152833178, 0.5875375152833178, 0.5875375152833178, 0.5875375152833178, 0.5875375152833178, 0.5875375152833178, 0.5875375152833178, 0.5875375152833178, 0.5875375152833178, 0.5875375152833178, 0.5875375152833178, 0.5875375152833178, 0.5875375152833178, 0.5875375152833178, 0.5875375152833178, 0.5875375152833178, 0.5875375152833178, 0.5875375152833178, 0.5875375152833178, 0.5875375152833178, 0.5875375152833178, 0.5875375152833178, 0.5875375152833178, 0.5875375152833178, 0.5875375152833178, 0.5875375152833178, 0.5875375152833178, 0.5875375152833178, 0.5875375152833178, 0.5875375152833178, 0.5875375152833178, 0.5875375152833178, 0.5875375152833178, 0.5875375152833178, 0.5875375152833178, 0.5875375152833178, 0.5875375152833178, 0.5875375152833178, 0.5875375152833178, 0.551802559792064, 0.551802559792064, 0.551802559792064, 0.551802559792064, 0.551802559792064, 0.551802559792064, 0.551802559792064, 0.551802559792064, 0.551802559792064, 0.551802559792064, 0.551802559792064, 0.551802559792064, 0.551802559792064, 0.551802559792064, 0.551802559792064, 0.551802559792064, 0.551802559792064, 0.551802559792064, 0.551802559792064, 0.551802559792064, 0.551802559792064, 0.551802559792064, 0.551802559792064, 0.551802559792064, 0.551802559792064, 0.551802559792064, 0.551802559792064, 0.551802559792064, 0.551802559792064, 0.551802559792064, 0.551802559792064]","{""elitism_fraction"": 0.2, ""max_iterations"": 120, ""mutation_fraction"": 0.1, ""population_size"": 40}"
rosenbrock,Rosenbrock,33,1647,ea,Algoritmo evolutivo,3,"[-2.048, 2.048]","[1.0, 1.0, 1.0]","[0.9929346161225894, 0.9734143988007138, 0.9510886419167144]",0.017656015352631994,0.05611626136882296,120,4840,"[8.671662018164241, 8.671662018164241, 6.601223882523806, 6.601223882523806, 6.601223882523806, 3.0760205693595157, 3.0760205693595157, 3.0645595120833917, 3.0645595120833917, 3.0645595120833917, 3.0645595120833917, 3.0645595120833917, 0.27511760014520115, 0.27511760014520115, 0.27511760014520115, 0.27511760014520115, 0.27511760014520115, 0.27511760014520115, 0.27511760014520115, 0.02814222079109613, 0.02814222079109613, 0.02814222079109613, 0.02814222079109613, 0.02814222079109613, 0.02814222079109613, 0.02814222079109613, 0.02814222079109613, 0.02814222079109613, 0.02814222079109613, 0.02814222079109613, 0.02814222079109613, 0.02814222079109613, 0.02814222079109613, 0.02814222079109613, 0.02814222079109613, 0.02814222079109613, 0.02814222079109613, 0.02814222079109613, 0.02814222079109613, 0.02814222079109613, 0.02814222079109613, 0.02814222079109613, 0.02814222079109613, 0.02814222079109613, 0.02814222079109613, 0.02814222079109613, 0.02814222079109613, 0.02814222079109613, 0.02814222079109613, 0.017656015352631994, 0.017656015352631994, 0.017656015352631994, 0.017656015352631994, 0.017656015352631994, 0.017656015352631994, 0.017656015352631994, 0.017656015352631994, 0.017656015352631994, 0.017656015352631994, 0.017656015352631994, 0.017656015352631994, 0.017656015352631994, 0.017656015352631994, 0.017656015352631994, 0.017656015352631994, 0.017656015352631994, 0.017656015352631994, 0.017656015352631994, 0.017656015352631994, 0.017656015352631994, 0.017656015352631994, 0.017656015352631994, 0.017656015352631994, 0.017656015352631994, 0.017656015352631994, 0.017656015352631994, 0.017656015352631994, 0.017656015352631994, 0.017656015352631994, 0.017656015352631994, 0.017656015352631994, 0.017656015352631994, 0.017656015352631994, 0.017656015352631994, 0.017656015352631994, 0.017656015352631994, 0.017656015352631994, 0.017656015352631994, 0.017656015352631994, 0.017656015352631994, 0.017656015352631994, 0.017656015352631994, 0.017656015352631994, 0.017656015352631994, 0.017656015352631994, 0.017656015352631994, 0.017656015352631994, 0.017656015352631994, 0.017656015352631994, 0.017656015352631994, 0.017656015352631994, 0.017656015352631994, 0.017656015352631994, 0.017656015352631994, 0.017656015352631994, 0.017656015352631994, 0.017656015352631994, 0.017656015352631994, 0.017656015352631994, 0.017656015352631994, 0.017656015352631994, 0.017656015352631994, 0.017656015352631994, 0.017656015352631994, 0.017656015352631994, 0.017656015352631994, 0.017656015352631994, 0.017656015352631994, 0.017656015352631994, 0.017656015352631994, 0.017656015352631994]","{""elitism_fraction"": 0.2, ""max_iterations"": 120, ""mutation_fraction"": 0.1, ""population_size"": 40}"
rosenbrock,Rosenbrock,34,1648,ea,Algoritmo evolutivo,3,"[-2.048, 2.048]","[1.0, 1.0, 1.0]","[0.8984846881153583, 0.8343217550300235, 0.6930536040711646]",0.11183243552405443,0.3632777578892892,120,4840,"[52.137436150658026, 26.18252302672296, 26.18252302672296, 26.18252302672296, 26.18252302672296, 7.1785039720209385, 4.654671691548962, 4.654671691548962, 3.719771462880683, 3.719771462880683, 3.719771462880683, 3.719771462880683, 3.719771462880683, 3.719771462880683, 3.719771462880683, 3.719771462880683, 3.719771462880683, 0.2853034088820703, 0.2853034088820703, 0.2853034088820703, 0.2853034088820703, 0.2853034088820703, 0.2853034088820703, 0.2853034088820703, 0.2853034088820703, 0.2853034088820703, 0.2853034088820703, 0.2853034088820703, 0.2853034088820703, 0.2853034088820703, 0.2853034088820703, 0.2853034088820703, 0.2853034088820703, 0.2853034088820703, 0.2853034088820703, 0.2853034088820703, 0.2853034088820703, 0.2853034088820703, 0.2853034088820703, 0.2853034088820703, 0.2853034088820703, 0.2853034088820703, 0.2853034088820703, 0.2853034088820703, 0.2853034088820703, 0.2853034088820703, 0.2853034088820703, 0.2853034088820703, 0.2853034088820703, 0.2853034088820703, 0.2853034088820703, 0.2853034088820703, 0.2853034088820703, 0.2853034088820703, 0.2853034088820703, 0.2853034088820703, 0.2853034088820703, 0.2853034088820703, 0.2853034088820703, 0.2853034088820703, 0.2853034088820703, 0.2853034088820703, 0.2853034088820703, 0.2853034088820703, 0.2853034088820703, 0.2853034088820703, 0.2853034088820703, 0.2853034088820703, 0.2853034088820703, 0.2853034088820703, 0.2032647217137149, 0.2032647217137149, 0.2032647217137149, 0.2032647217137149, 0.2032647217137149, 0.1729602729989252, 0.1729602729989252, 0.1729602729989252, 0.1729602729989252, 0.1729602729989252, 0.11183243552405443, 0.11183243552405443, 0.11183243552405443, 0.11183243552405443, 0.11183243552405443, 0.11183243552405443, 0.11183243552405443, 0.11183243552405443, 0.11183243552405443, 0.11183243552405443, 0.11183243552405443, 0.11183243552405443, 0.11183243552405443, 0.11183243552405443, 0.11183243552405443, 0.11183243552405443, 0.11183243552405443, 0.11183243552405443, 0.11183243552405443, 0.11183243552405443, 0.11183243552405443, 0.11183243552405443, 0.11183243552405443, 0.11183243552405443, 0.11183243552405443, 0.11183243552405443, 0.11183243552405443, 0.11183243552405443, 0.11183243552405443, 0.11183243552405443, 0.11183243552405443, 0.11183243552405443, 0.11183243552405443, 0.11183243552405443, 0.11183243552405443, 0.11183243552405443, 0.11183243552405443, 0.11183243552405443, 0.11183243552405443, 0.11183243552405443, 0.11183243552405443]","{""elitism_fraction"": 0.2, ""max_iterations"": 120, ""mutation_fraction"": 0.1, ""population_size"": 40}"
rosenbrock,Rosenbrock,35,1649,ea,Algoritmo evolutivo,3,"[-2.048, 2.048]","[1.0, 1.0, 1.0]","[0.9951025224604728, 0.9840603572657902, 0.9536523625634179]",0.025758287452177064,0.049256075693230844,120,4840,"[26.931435001628422, 22.69696136631812, 1.258509167689113, 1.258509167689113, 1.258509167689113, 1.258509167689113, 1.258509167689113, 1.258509167689113, 1.258509167689113, 1.258509167689113, 1.258509167689113, 1.258509167689113, 1.258509167689113, 1.258509167689113, 1.258509167689113, 1.258509167689113, 1.0107796039226784, 1.0107796039226784, 1.0107796039226784, 0.5581190295508657, 0.5581190295508657, 0.5581190295508657, 0.5581190295508657, 0.5581190295508657, 0.5581190295508657, 0.5581190295508657, 0.5581190295508657, 0.5581190295508657, 0.5581190295508657, 0.5581190295508657, 0.5581190295508657, 0.5581190295508657, 0.5581190295508657, 0.5581190295508657, 0.5581190295508657, 0.5581190295508657, 0.5581190295508657, 0.5581190295508657, 0.5581190295508657, 0.5581190295508657, 0.5581190295508657, 0.5581190295508657, 0.5581190295508657, 0.5581190295508657, 0.5581190295508657, 0.5581190295508657, 0.5581190295508657, 0.5581190295508657, 0.5581190295508657, 0.5581190295508657, 0.5581190295508657, 0.5581190295508657, 0.5581190295508657, 0.5581190295508657, 0.5581190295508657, 0.5581190295508657, 0.5581190295508657, 0.5581190295508657, 0.5581190295508657, 0.5581190295508657, 0.5581190295508657, 0.5581190295508657, 0.5581190295508657, 0.5581190295508657, 0.5581190295508657, 0.5581190295508657, 0.5581190295508657, 0.5581190295508657, 0.5581190295508657, 0.5581190295508657, 0.5581190295508657, 0.025758287452177064, 0.025758287452177064, 0.025758287452177064, 0.025758287452177064, 0.025758287452177064, 0.025758287452177064, 0.025758287452177064, 0.025758287452177064, 0.025758287452177064, 0.025758287452177064, 0.025758287452177064, 0.025758287452177064, 0.025758287452177064, 0.025758287452177064, 0.025758287452177064, 0.025758287452177064, 0.025758287452177064, 0.025758287452177064, 0.025758287452177064, 0.025758287452177064, 0.025758287452177064, 0.025758287452177064, 0.025758287452177064, 0.025758287452177064, 0.025758287452177064, 0.025758287452177064, 0.025758287452177064, 0.025758287452177064, 0.025758287452177064, 0.025758287452177064, 0.025758287452177064, 0.025758287452177064, 0.025758287452177064, 0.025758287452177064, 0.025758287452177064, 0.025758287452177064, 0.025758287452177064, 0.025758287452177064, 0.025758287452177064, 0.025758287452177064, 0.025758287452177064, 0.025758287452177064, 0.025758287452177064, 0.025758287452177064, 0.025758287452177064, 0.025758287452177064, 0.025758287452177064, 0.025758287452177064, 0.025758287452177064, 0.025758287452177064]","{""elitism_fraction"": 0.2, ""max_iterations"": 120, ""mutation_fraction"": 0.1, ""population_size"": 40}"
rosenbrock,Rosenbrock,36,1650,ea,Algoritmo evolutivo,3,"[-2.048, 2.048]","[1.0, 1.0, 1.0]","[0.5828918173739162, 0.3494641852396909, 0.11437201410044606]",0.6125988477161721,1.175377816579841,120,4840,"[2.526146600371985, 2.526146600371985, 2.526146600371985, 2.526146600371985, 2.526146600371985, 2.417246219800435, 2.3218883970220965, 2.3218883970220965, 2.3218883970220965, 2.3218883970220965, 2.2374084852128773, 2.2374084852128773, 2.2374084852128773, 2.2374084852128773, 1.9232509155115713, 1.9232509155115713, 1.9232509155115713, 1.9232509155115713, 1.9232509155115713, 1.9232509155115713, 1.9232509155115713, 1.8538345923332817, 1.27256642930107, 1.27256642930107, 1.27256642930107, 1.27256642930107, 1.27256642930107, 1.27256642930107, 1.27256642930107, 1.27256642930107, 1.27256642930107, 1.27256642930107, 1.27256642930107, 1.27256642930107, 1.27256642930107, 1.27256642930107, 1.27256642930107, 1.27256642930107, 1.27256642930107, 1.27256642930107, 1.27256642930107, 1.27256642930107, 1.27256642930107, 1.27256642930107, 1.27256642930107, 1.27256642930107, 1.27256642930107, 1.27256642930107, 1.27256642930107, 1.27256642930107, 1.27256642930107, 1.27256642930107, 1.27256642930107, 1.27256642930107, 1.27256642930107, 1.27256642930107, 1.27256642930107, 1.27256642930107, 1.27256642930107, 0.679851775170506, 0.679851775170506, 0.679851775170506, 0.6493602102817438, 0.6493602102817438, 0.6493602102817438, 0.6493602102817438, 0.6372083056645546, 0.6372083056645546, 0.6372083056645546, 0.6372083056645546, 0.6372083056645546, 0.6372083056645546, 0.6372083056645546, 0.6372083056645546, 0.6372083056645546, 0.6372083056645546, 0.6372083056645546, 0.6372083056645546, 0.6372083056645546, 0.6372083056645546, 0.6372083056645546, 0.6372083056645546, 0.6372083056645546, 0.6372083056645546, 0.6372083056645546, 0.6372083056645546, 0.6372083056645546, 0.6372083056645546, 0.6372083056645546, 0.6372083056645546, 0.6372083056645546, 0.6372083056645546, 0.6372083056645546, 0.6372083056645546, 0.6372083056645546, 0.6372083056645546, 0.6372083056645546, 0.6372083056645546, 0.6125988477161721, 0.6125988477161721, 0.6125988477161721, 0.6125988477161721, 0.6125988477161721, 0.6125988477161721, 0.6125988477161721, 0.6125988477161721, 0.6125988477161721, 0.6125988477161721, 0.6125988477161721, 0.6125988477161721, 0.6125988477161721, 0.6125988477161721, 0.6125988477161721, 0.6125988477161721, 0.6125988477161721, 0.6125988477161721, 0.6125988477161721, 0.6125988477161721, 0.6125988477161721, 0.6125988477161721, 0.6125988477161721]","{""elitism_fraction"": 0.2, ""max_iterations"": 120, ""mutation_fraction"": 0.1, ""population_size"": 40}"
rosenbrock,Rosenbrock,37,1651,ea,Algoritmo evolutivo,3,"[-2.048, 2.048]","[1.0, 1.0, 1.0]","[1.0008226486018974, 1.0102984907872576, 1.0560679322967115]",0.13266089768848874,0.05701182943254896,120,4840,"[9.506774182991263, 9.506774182991263, 9.506774182991263, 9.506774182991263, 9.506774182991263, 9.506774182991263, 6.076362540852399, 6.076362540852399, 6.076362540852399, 6.076362540852399, 2.748706306228315, 2.748706306228315, 2.748706306228315, 2.748706306228315, 2.748706306228315, 1.2218733470567498, 1.2218733470567498, 1.2218733470567498, 1.2218733470567498, 1.2218733470567498, 1.2218733470567498, 1.2218733470567498, 1.2218733470567498, 1.2218733470567498, 1.2218733470567498, 1.2218733470567498, 0.8907885303663213, 0.8907885303663213, 0.8907885303663213, 0.8907885303663213, 0.8907885303663213, 0.8907885303663213, 0.8907885303663213, 0.8907885303663213, 0.8907885303663213, 0.8907885303663213, 0.8907885303663213, 0.8907885303663213, 0.8907885303663213, 0.8907885303663213, 0.8907885303663213, 0.8783092096709604, 0.8783092096709604, 0.8783092096709604, 0.8783092096709604, 0.8783092096709604, 0.8783092096709604, 0.8783092096709604, 0.8783092096709604, 0.8783092096709604, 0.8783092096709604, 0.8783092096709604, 0.8783092096709604, 0.8783092096709604, 0.8783092096709604, 0.8783092096709604, 0.8783092096709604, 0.8783092096709604, 0.8783092096709604, 0.8783092096709604, 0.8783092096709604, 0.8783092096709604, 0.8783092096709604, 0.8783092096709604, 0.8783092096709604, 0.8783092096709604, 0.8783092096709604, 0.8783092096709604, 0.8783092096709604, 0.8783092096709604, 0.8783092096709604, 0.8783092096709604, 0.8783092096709604, 0.8783092096709604, 0.8783092096709604, 0.8783092096709604, 0.8783092096709604, 0.8783092096709604, 0.8783092096709604, 0.8783092096709604, 0.8783092096709604, 0.8783092096709604, 0.8783092096709604, 0.8783092096709604, 0.8783092096709604, 0.8783092096709604, 0.8783092096709604, 0.8783092096709604, 0.8783092096709604, 0.8783092096709604, 0.13266089768848874, 0.13266089768848874, 0.13266089768848874, 0.13266089768848874, 0.13266089768848874, 0.13266089768848874, 0.13266089768848874, 0.13266089768848874, 0.13266089768848874, 0.13266089768848874, 0.13266089768848874, 0.13266089768848874, 0.13266089768848874, 0.13266089768848874, 0.13266089768848874, 0.13266089768848874, 0.13266089768848874, 0.13266089768848874, 0.13266089768848874, 0.13266089768848874, 0.13266089768848874, 0.13266089768848874, 0.13266089768848874, 0.13266089768848874, 0.13266089768848874, 0.13266089768848874, 0.13266089768848874, 0.13266089768848874, 0.13266089768848874, 0.13266089768848874, 0.13266089768848874]","{""elitism_fraction"": 0.2, ""max_iterations"": 120, ""mutation_fraction"": 0.1, ""population_size"": 40}"
rosenbrock,Rosenbrock,38,1652,ea,Algoritmo evolutivo,3,"[-2.048, 2.048]","[1.0, 1.0, 1.0]","[0.4958865185200789, 0.245102692852059, 0.05927887359961348]",0.8241279003150692,1.3072706621832495,120,4840,"[17.251646601856873, 17.251646601856873, 17.251646601856873, 17.251646601856873, 17.251646601856873, 5.5557505695267855, 5.5557505695267855, 5.5557505695267855, 1.0441906626622175, 1.0441906626622175, 1.0441906626622175, 1.0441906626622175, 1.0441906626622175, 1.0441906626622175, 1.0441906626622175, 1.0441906626622175, 1.0441906626622175, 1.0441906626622175, 1.0441906626622175, 1.0441906626622175, 1.0441906626622175, 1.0441906626622175, 1.0441906626622175, 1.0441906626622175, 1.0441906626622175, 1.0441906626622175, 1.0441906626622175, 1.0441906626622175, 1.0441906626622175, 1.0441906626622175, 0.8261432393560024, 0.8261432393560024, 0.8261432393560024, 0.8261432393560024, 0.8261432393560024, 0.8261432393560024, 0.8261432393560024, 0.8261432393560024, 0.8261432393560024, 0.8261432393560024, 0.8261432393560024, 0.8261432393560024, 0.8261432393560024, 0.8241279003150692, 0.8241279003150692, 0.8241279003150692, 0.8241279003150692, 0.8241279003150692, 0.8241279003150692, 0.8241279003150692, 0.8241279003150692, 0.8241279003150692, 0.8241279003150692, 0.8241279003150692, 0.8241279003150692, 0.8241279003150692, 0.8241279003150692, 0.8241279003150692, 0.8241279003150692, 0.8241279003150692, 0.8241279003150692, 0.8241279003150692, 0.8241279003150692, 0.8241279003150692, 0.8241279003150692, 0.8241279003150692, 0.8241279003150692, 0.8241279003150692, 0.8241279003150692, 0.8241279003150692, 0.8241279003150692, 0.8241279003150692, 0.8241279003150692, 0.8241279003150692, 0.8241279003150692, 0.8241279003150692, 0.8241279003150692, 0.8241279003150692, 0.8241279003150692, 0.8241279003150692, 0.8241279003150692, 0.8241279003150692, 0.8241279003150692, 0.8241279003150692, 0.8241279003150692, 0.8241279003150692, 0.8241279003150692, 0.8241279003150692, 0.8241279003150692, 0.8241279003150692, 0.8241279003150692, 0.8241279003150692, 0.8241279003150692, 0.8241279003150692, 0.8241279003150692, 0.8241279003150692, 0.8241279003150692, 0.8241279003150692, 0.8241279003150692, 0.8241279003150692, 0.8241279003150692, 0.8241279003150692, 0.8241279003150692, 0.8241279003150692, 0.8241279003150692, 0.8241279003150692, 0.8241279003150692, 0.8241279003150692, 0.8241279003150692, 0.8241279003150692, 0.8241279003150692, 0.8241279003150692, 0.8241279003150692, 0.8241279003150692, 0.8241279003150692, 0.8241279003150692, 0.8241279003150692, 0.8241279003150692, 0.8241279003150692, 0.8241279003150692, 0.8241279003150692]","{""elitism_fraction"": 0.2, ""max_iterations"": 120, ""mutation_fraction"": 0.1, ""population_size"": 40}"
rosenbrock,Rosenbrock,39,1653,ea,Algoritmo evolutivo,3,"[-2.048, 2.048]","[1.0, 1.0, 1.0]","[0.7299664529192968, 0.5696009686198473, 0.3311250201641798]",0.3976792125419124,0.8399733218455981,120,4840,"[11.84033093606981, 11.84033093606981, 11.84033093606981, 11.84033093606981, 11.194386685278118, 11.194386685278118, 11.194386685278118, 2.6496257157440537, 0.5131848535784649, 0.5131848535784649, 0.5131848535784649, 0.5131848535784649, 0.5131848535784649, 0.5131848535784649, 0.5131848535784649, 0.5131848535784649, 0.5131848535784649, 0.5131848535784649, 0.5131848535784649, 0.5131848535784649, 0.5131848535784649, 0.5131848535784649, 0.5131848535784649, 0.5131848535784649, 0.5131848535784649, 0.5131848535784649, 0.5131848535784649, 0.5131848535784649, 0.5131848535784649, 0.5131848535784649, 0.5131848535784649, 0.5131848535784649, 0.5131848535784649, 0.5131848535784649, 0.5131848535784649, 0.5131848535784649, 0.5131848535784649, 0.5131848535784649, 0.5131848535784649, 0.5131848535784649, 0.5131848535784649, 0.5131848535784649, 0.5131848535784649, 0.5131848535784649, 0.5131848535784649, 0.5131848535784649, 0.5131848535784649, 0.5131848535784649, 0.5131848535784649, 0.5131848535784649, 0.5131848535784649, 0.5131848535784649, 0.5131848535784649, 0.5131848535784649, 0.5131848535784649, 0.5131848535784649, 0.5131848535784649, 0.5131848535784649, 0.5131848535784649, 0.5131848535784649, 0.5131848535784649, 0.5131848535784649, 0.5131848535784649, 0.5131848535784649, 0.5131848535784649, 0.5131848535784649, 0.5131848535784649, 0.5131848535784649, 0.5131848535784649, 0.5131848535784649, 0.5131848535784649, 0.5131848535784649, 0.5131848535784649, 0.5131848535784649, 0.5131848535784649, 0.5131848535784649, 0.5099699019884961, 0.5099699019884961, 0.5099699019884961, 0.5099699019884961, 0.5099699019884961, 0.5099699019884961, 0.5099699019884961, 0.5099699019884961, 0.5099699019884961, 0.5099699019884961, 0.5099699019884961, 0.5099699019884961, 0.5099699019884961, 0.5099699019884961, 0.5099699019884961, 0.5099699019884961, 0.5099699019884961, 0.5099699019884961, 0.5099699019884961, 0.5099699019884961, 0.5099699019884961, 0.5099699019884961, 0.5099699019884961, 0.5099699019884961, 0.5099699019884961, 0.5099699019884961, 0.5099699019884961, 0.5099699019884961, 0.5099699019884961, 0.5099699019884961, 0.5099699019884961, 0.5099699019884961, 0.5099699019884961, 0.5099699019884961, 0.5099699019884961, 0.3976792125419124, 0.3976792125419124, 0.3976792125419124, 0.3976792125419124, 0.3976792125419124, 0.3976792125419124, 0.3976792125419124, 0.3976792125419124, 0.3976792125419124, 0.3976792125419124]","{""elitism_fraction"": 0.2, ""max_iterations"": 120, ""mutation_fraction"": 0.1, ""population_size"": 40}"
rosenbrock,Rosenbrock,40,1645,ea,Algoritmo evolutivo,3,"[-2.048, 2.048]","[1.0, 1.0, 1.0]","[0.448545337946046, 0.2525598593304683, 0.0926460055616185]",1.2099124586935284,1.2984838387166844,120,4840,"[35.54279275431125, 11.775086176143141, 11.775086176143141, 11.775086176143141, 11.775086176143141, 11.775086176143141, 11.533840242523425, 11.533840242523425, 9.942463601834218, 3.6373321189219765, 3.6373321189219765, 3.6373321189219765, 3.6373321189219765, 3.6373321189219765, 3.6373321189219765, 3.6373321189219765, 3.6373321189219765, 3.0198570946933465, 3.0198570946933465, 3.0198570946933465, 3.0198570946933465, 2.7830557727433174, 2.7830557727433174, 2.7830557727433174, 2.7830557727433174, 2.7830557727433174, 2.7830557727433174, 2.7830557727433174, 2.7830557727433174, 2.7830557727433174, 2.7830557727433174, 2.7830557727433174, 2.7830557727433174, 2.7830557727433174, 2.7830557727433174, 2.7830557727433174, 2.3542223899153485, 2.3542223899153485, 1.286827507021235, 1.286827507021235, 1.286827507021235, 1.286827507021235, 1.286827507021235, 1.286827507021235, 1.286827507021235, 1.286827507021235, 1.286827507021235, 1.286827507021235, 1.286827507021235, 1.286827507021235, 1.286827507021235, 1.286827507021235, 1.286827507021235, 1.286827507021235, 1.286827507021235, 1.286827507021235, 1.286827507021235, 1.286827507021235, 1.286827507021235, 1.286827507021235, 1.286827507021235, 1.286827507021235, 1.286827507021235, 1.286827507021235, 1.286827507021235, 1.286827507021235, 1.286827507021235, 1.286827507021235, 1.286827507021235, 1.286827507021235, 1.2139447270726968, 1.2139447270726968, 1.2139447270726968, 1.2139447270726968, 1.2139447270726968, 1.2139447270726968, 1.2139447270726968, 1.2139447270726968, 1.2139447270726968, 1.2139447270726968, 1.2139447270726968, 1.2139447270726968, 1.2139447270726968, 1.2139447270726968, 1.2139447270726968, 1.2139447270726968, 1.2139447270726968, 1.2139447270726968, 1.2139447270726968, 1.2139447270726968, 1.2139447270726968, 1.2139447270726968, 1.2139447270726968, 1.2139447270726968, 1.2139447270726968, 1.2139447270726968, 1.2139447270726968, 1.2139447270726968, 1.2139447270726968, 1.2139447270726968, 1.2139447270726968, 1.2139447270726968, 1.2139447270726968, 1.2139447270726968, 1.2139447270726968, 1.2139447270726968, 1.2139447270726968, 1.2139447270726968, 1.2099124586935284, 1.2099124586935284, 1.2099124586935284, 1.2099124586935284, 1.2099124586935284, 1.2099124586935284, 1.2099124586935284, 1.2099124586935284, 1.2099124586935284, 1.2099124586935284, 1.2099124586935284, 1.2099124586935284, 1.2099124586935284]","{""elitism_fraction"": 0.2, ""max_iterations"": 120, ""mutation_fraction"": 0.1, ""population_size"": 40}"
rosenbrock,Rosenbrock,41,1646,ea,Algoritmo evolutivo,3,"[-2.048, 2.048]","[1.0, 1.0, 1.0]","[0.6199832325674972, 0.4052284088627851, 0.1742935427831398]",0.551802559792064,1.0862583222435453,120,4840,"[15.613558086911564, 15.613558086911564, 15.613558086911564, 8.193798640277468, 8.193798640277468, 8.193798640277468, 7.660888950842957, 5.355739070821426, 5.355739070821426, 5.355739070821426, 5.325415600071093, 5.325415600071093, 3.4965522891503467, 3.4965522891503467, 3.4965522891503467, 3.1116100127499506, 3.108005178869031, 3.108005178869031, 3.108005178869031, 3.108005178869031, 3.108005178869031, 3.108005178869031, 3.108005178869031, 0.9900945444695594, 0.9900945444695594, 0.9900945444695594, 0.9900945444695594, 0.9900945444695594, 0.6846855289840739, 0.5875375152833178, 0.5875375152833178, 0.5875375152833178, 0.5875375152833178, 0.5875375152833178, 0.5875375152833178, 0.5875375152833178, 0.5875375152833178, 0.5875375152833178, 0.5875375152833178, 0.5875375152833178, 0.5875375152833178, 0.5875375152833178, 0.5875375152833178, 0.5875375152833178, 0.5875375152833178, 0.5875375152833178, 0.5875375152833178, 0.5875375152833178, 0.5875375152833178, 0.5875375152833178, 0.5875375152833178, 0.5875375152833178, 0.5875375152833178, 0.5875375152833178, 0.5875375152833178, 0.5875375152833178, 0.5875375152833178, 0.5875375152833178, 0.5875375152833178, 0.5875375152833178, 0.5875375152833178, 0.5875375152833178, 0.5875375152833178, 0.5875375152833178, 0.5875375152833178, 0.5875375152833178, 0.5875375152833178, 0.5875375152833178, 0.5875375152833178, 0.5875375152833178, 0.5875375152833178, 0.5875375152833178, 0.5875375152833178, 0.5875375152833178, 0.5875375152833178, 0.5875375152833178, 0.5875375152833178, 0.5875375152833178, 0.5875375152833178, 0.5875375152833178, 0.5875375152833178, 0.5875375152833178, 0.5875375152833178, 0.5875375152833178, 0.5875375152833178, 0.5875375152833178, 0.5875375152833178, 0.5875375152833178, 0.5875375152833178, 0.5875375152833178, 0.551802559792064, 0.551802559792064, 0.551802559792064, 0.551802559792064, 0.551802559792064, 0.551802559792064, 0.551802559792064, 0.551802559792064, 0.551802559792064, 0.551802559792064, 0.551802559792064, 0.551802559792064, 0.551802559792064, 0.551802559792064, 0.551802559792064, 0.551802559792064, 0.551802559792064, 0.551802559792064, 0.551802559792064, 0.551802559792064, 0.551802559792064, 0.551802559792064, 0.551802559792064, 0.551802559792064, 0.551802559792064, 0.551802559792064, 0.551802559792064, 0.551802559792064, 0.551802559792064, 0.551802559792064, 0.551802559792064]","{""elitism_fraction"": 0.2, ""max_iterations"": 120, ""mutation_fraction"": 0.1, ""population_size"": 40}"
rosenbrock,Rosenbrock,42,1647,ea,Algoritmo evolutivo,3,"[-2.048, 2.048]","[1.0, 1.0, 1.0]","[0.9929346161225894, 0.9734143988007138, 0.9510886419167144]",0.017656015352631994,0.05611626136882296,120,4840,"[8.671662018164241, 8.671662018164241, 6.601223882523806, 6.601223882523806, 6.601223882523806, 3.0760205693595157, 3.0760205693595157, 3.0645595120833917, 3.0645595120833917, 3.0645595120833917, 3.0645595120833917, 3.0645595120833917, 0.27511760014520115, 0.27511760014520115, 0.27511760014520115, 0.27511760014520115, 0.27511760014520115, 0.27511760014520115, 0.27511760014520115, 0.02814222079109613, 0.02814222079109613, 0.02814222079109613, 0.02814222079109613, 0.02814222079109613, 0.02814222079109613, 0.02814222079109613, 0.02814222079109613, 0.02814222079109613, 0.02814222079109613, 0.02814222079109613, 0.02814222079109613, 0.02814222079109613, 0.02814222079109613, 0.02814222079109613, 0.02814222079109613, 0.02814222079109613, 0.02814222079109613, 0.02814222079109613, 0.02814222079109613, 0.02814222079109613, 0.02814222079109613, 0.02814222079109613, 0.02814222079109613, 0.02814222079109613, 0.02814222079109613, 0.02814222079109613, 0.02814222079109613, 0.02814222079109613, 0.02814222079109613, 0.017656015352631994, 0.017656015352631994, 0.017656015352631994, 0.017656015352631994, 0.017656015352631994, 0.017656015352631994, 0.017656015352631994, 0.017656015352631994, 0.017656015352631994, 0.017656015352631994, 0.017656015352631994, 0.017656015352631994, 0.017656015352631994, 0.017656015352631994, 0.017656015352631994, 0.017656015352631994, 0.017656015352631994, 0.017656015352631994, 0.017656015352631994, 0.017656015352631994, 0.017656015352631994, 0.017656015352631994, 0.017656015352631994, 0.017656015352631994, 0.017656015352631994, 0.017656015352631994, 0.017656015352631994, 0.017656015352631994, 0.017656015352631994, 0.017656015352631994, 0.017656015352631994, 0.017656015352631994, 0.017656015352631994, 0.017656015352631994, 0.017656015352631994, 0.017656015352631994, 0.017656015352631994, 0.017656015352631994, 0.017656015352631994, 0.017656015352631994, 0.017656015352631994, 0.017656015352631994, 0.017656015352631994, 0.017656015352631994, 0.017656015352631994, 0.017656015352631994, 0.017656015352631994, 0.017656015352631994, 0.017656015352631994, 0.017656015352631994, 0.017656015352631994, 0.017656015352631994, 0.017656015352631994, 0.017656015352631994, 0.017656015352631994, 0.017656015352631994, 0.017656015352631994, 0.017656015352631994, 0.017656015352631994, 0.017656015352631994, 0.017656015352631994, 0.017656015352631994, 0.017656015352631994, 0.017656015352631994, 0.017656015352631994, 0.017656015352631994, 0.017656015352631994, 0.017656015352631994, 0.017656015352631994, 0.017656015352631994, 0.017656015352631994, 0.017656015352631994]","{""elitism_fraction"": 0.2, ""max_iterations"": 120, ""mutation_fraction"": 0.1, ""population_size"": 40}"
rosenbrock,Rosenbrock,43,1648,ea,Algoritmo evolutivo,3,"[-2.048, 2.048]","[1.0, 1.0, 1.0]","[0.8984846881153583, 0.8343217550300235, 0.6930536040711646]",0.11183243552405443,0.3632777578892892,120,4840,"[52.137436150658026, 26.18252302672296, 26.18252302672296, 26.18252302672296, 26.18252302672296, 7.1785039720209385, 4.654671691548962, 4.654671691548962, 3.719771462880683, 3.719771462880683, 3.719771462880683, 3.719771462880683, 3.719771462880683, 3.719771462880683, 3.719771462880683, 3.719771462880683, 3.719771462880683, 0.2853034088820703, 0.2853034088820703, 0.2853034088820703, 0.2853034088820703, 0.2853034088820703, 0.2853034088820703, 0.2853034088820703, 0.2853034088820703, 0.2853034088820703, 0.2853034088820703, 0.2853034088820703, 0.2853034088820703, 0.2853034088820703, 0.2853034088820703, 0.2853034088820703, 0.2853034088820703, 0.2853034088820703, 0.2853034088820703, 0.2853034088820703, 0.2853034088820703, 0.2853034088820703, 0.2853034088820703, 0.2853034088820703, 0.2853034088820703, 0.2853034088820703, 0.2853034088820703, 0.2853034088820703, 0.2853034088820703, 0.2853034088820703, 0.2853034088820703, 0.2853034088820703, 0.2853034088820703, 0.2853034088820703, 0.2853034088820703, 0.2853034088820703, 0.2853034088820703, 0.2853034088820703, 0.2853034088820703, 0.2853034088820703, 0.2853034088820703, 0.2853034088820703, 0.2853034088820703, 0.2853034088820703, 0.2853034088820703, 0.2853034088820703, 0.2853034088820703, 0.2853034088820703, 0.2853034088820703, 0.2853034088820703, 0.2853034088820703, 0.2853034088820703, 0.2853034088820703, 0.2853034088820703, 0.2032647217137149, 0.2032647217137149, 0.2032647217137149, 0.2032647217137149, 0.2032647217137149, 0.1729602729989252, 0.1729602729989252, 0.1729602729989252, 0.1729602729989252, 0.1729602729989252, 0.11183243552405443, 0.11183243552405443, 0.11183243552405443, 0.11183243552405443, 0.11183243552405443, 0.11183243552405443, 0.11183243552405443, 0.11183243552405443, 0.11183243552405443, 0.11183243552405443, 0.11183243552405443, 0.11183243552405443, 0.11183243552405443, 0.11183243552405443, 0.11183243552405443, 0.11183243552405443, 0.11183243552405443, 0.11183243552405443, 0.11183243552405443, 0.11183243552405443, 0.11183243552405443, 0.11183243552405443, 0.11183243552405443, 0.11183243552405443, 0.11183243552405443, 0.11183243552405443, 0.11183243552405443, 0.11183243552405443, 0.11183243552405443, 0.11183243552405443, 0.11183243552405443, 0.11183243552405443, 0.11183243552405443, 0.11183243552405443, 0.11183243552405443, 0.11183243552405443, 0.11183243552405443, 0.11183243552405443, 0.11183243552405443, 0.11183243552405443, 0.11183243552405443]","{""elitism_fraction"": 0.2, ""max_iterations"": 120, ""mutation_fraction"": 0.1, ""population_size"": 40}"
rosenbrock,Rosenbrock,44,1649,ea,Algoritmo evolutivo,3,"[-2.048, 2.048]","[1.0, 1.0, 1.0]","[0.9951025224604728, 0.9840603572657902, 0.9536523625634179]",0.025758287452177064,0.049256075693230844,120,4840,"[26.931435001628422, 22.69696136631812, 1.258509167689113, 1.258509167689113, 1.258509167689113, 1.258509167689113, 1.258509167689113, 1.258509167689113, 1.258509167689113, 1.258509167689113, 1.258509167689113, 1.258509167689113, 1.258509167689113, 1.258509167689113, 1.258509167689113, 1.258509167689113, 1.0107796039226784, 1.0107796039226784, 1.0107796039226784, 0.5581190295508657, 0.5581190295508657, 0.5581190295508657, 0.5581190295508657, 0.5581190295508657, 0.5581190295508657, 0.5581190295508657, 0.5581190295508657, 0.5581190295508657, 0.5581190295508657, 0.5581190295508657, 0.5581190295508657, 0.5581190295508657, 0.5581190295508657, 0.5581190295508657, 0.5581190295508657, 0.5581190295508657, 0.5581190295508657, 0.5581190295508657, 0.5581190295508657, 0.5581190295508657, 0.5581190295508657, 0.5581190295508657, 0.5581190295508657, 0.5581190295508657, 0.5581190295508657, 0.5581190295508657, 0.5581190295508657, 0.5581190295508657, 0.5581190295508657, 0.5581190295508657, 0.5581190295508657, 0.5581190295508657, 0.5581190295508657, 0.5581190295508657, 0.5581190295508657, 0.5581190295508657, 0.5581190295508657, 0.5581190295508657, 0.5581190295508657, 0.5581190295508657, 0.5581190295508657, 0.5581190295508657, 0.5581190295508657, 0.5581190295508657, 0.5581190295508657, 0.5581190295508657, 0.5581190295508657, 0.5581190295508657, 0.5581190295508657, 0.5581190295508657, 0.5581190295508657, 0.025758287452177064, 0.025758287452177064, 0.025758287452177064, 0.025758287452177064, 0.025758287452177064, 0.025758287452177064, 0.025758287452177064, 0.025758287452177064, 0.025758287452177064, 0.025758287452177064, 0.025758287452177064, 0.025758287452177064, 0.025758287452177064, 0.025758287452177064, 0.025758287452177064, 0.025758287452177064, 0.025758287452177064, 0.025758287452177064, 0.025758287452177064, 0.025758287452177064, 0.025758287452177064, 0.025758287452177064, 0.025758287452177064, 0.025758287452177064, 0.025758287452177064, 0.025758287452177064, 0.025758287452177064, 0.025758287452177064, 0.025758287452177064, 0.025758287452177064, 0.025758287452177064, 0.025758287452177064, 0.025758287452177064, 0.025758287452177064, 0.025758287452177064, 0.025758287452177064, 0.025758287452177064, 0.025758287452177064, 0.025758287452177064, 0.025758287452177064, 0.025758287452177064, 0.025758287452177064, 0.025758287452177064, 0.025758287452177064, 0.025758287452177064, 0.025758287452177064, 0.025758287452177064, 0.025758287452177064, 0.025758287452177064, 0.025758287452177064]","{""elitism_fraction"": 0.2, ""max_iterations"": 120, ""mutation_fraction"": 0.1, ""population_size"": 40}"
rosenbrock,Rosenbrock,45,1650,ea,Algoritmo evolutivo,3,"[-2.048, 2.048]","[1.0, 1.0, 1.0]","[0.5828918173739162, 0.3494641852396909, 0.11437201410044606]",0.6125988477161721,1.175377816579841,120,4840,"[2.526146600371985, 2.526146600371985, 2.526146600371985, 2.526146600371985, 2.526146600371985, 2.417246219800435, 2.3218883970220965, 2.3218883970220965, 2.3218883970220965, 2.3218883970220965, 2.2374084852128773, 2.2374084852128773, 2.2374084852128773, 2.2374084852128773, 1.9232509155115713, 1.9232509155115713, 1.9232509155115713, 1.9232509155115713, 1.9232509155115713, 1.9232509155115713, 1.9232509155115713, 1.8538345923332817, 1.27256642930107, 1.27256642930107, 1.27256642930107, 1.27256642930107, 1.27256642930107, 1.27256642930107, 1.27256642930107, 1.27256642930107, 1.27256642930107, 1.27256642930107, 1.27256642930107, 1.27256642930107, 1.27256642930107, 1.27256642930107, 1.27256642930107, 1.27256642930107, 1.27256642930107, 1.27256642930107, 1.27256642930107, 1.27256642930107, 1.27256642930107, 1.27256642930107, 1.27256642930107, 1.27256642930107, 1.27256642930107, 1.27256642930107, 1.27256642930107, 1.27256642930107, 1.27256642930107, 1.27256642930107, 1.27256642930107, 1.27256642930107, 1.27256642930107, 1.27256642930107, 1.27256642930107, 1.27256642930107, 1.27256642930107, 0.679851775170506, 0.679851775170506, 0.679851775170506, 0.6493602102817438, 0.6493602102817438, 0.6493602102817438, 0.6493602102817438, 0.6372083056645546, 0.6372083056645546, 0.6372083056645546, 0.6372083056645546, 0.6372083056645546, 0.6372083056645546, 0.6372083056645546, 0.6372083056645546, 0.6372083056645546, 0.6372083056645546, 0.6372083056645546, 0.6372083056645546, 0.6372083056645546, 0.6372083056645546, 0.6372083056645546, 0.6372083056645546, 0.6372083056645546, 0.6372083056645546, 0.6372083056645546, 0.6372083056645546, 0.6372083056645546, 0.6372083056645546, 0.6372083056645546, 0.6372083056645546, 0.6372083056645546, 0.6372083056645546, 0.6372083056645546, 0.6372083056645546, 0.6372083056645546, 0.6372083056645546, 0.6372083056645546, 0.6372083056645546, 0.6125988477161721, 0.6125988477161721, 0.6125988477161721, 0.6125988477161721, 0.6125988477161721, 0.6125988477161721, 0.6125988477161721, 0.6125988477161721, 0.6125988477161721, 0.6125988477161721, 0.6125988477161721, 0.6125988477161721, 0.6125988477161721, 0.6125988477161721, 0.6125988477161721, 0.6125988477161721, 0.6125988477161721, 0.6125988477161721, 0.6125988477161721, 0.6125988477161721, 0.6125988477161721, 0.6125988477161721, 0.6125988477161721]","{""elitism_fraction"": 0.2, ""max_iterations"": 120, ""mutation_fraction"": 0.1, ""population_size"": 40}"
rosenbrock,Rosenbrock,46,1651,ea,Algoritmo evolutivo,3,"[-2.048, 2.048]","[1.0, 1.0, 1.0]","[1.0008226486018974, 1.0102984907872576, 1.0560679322967115]",0.13266089768848874,0.05701182943254896,120,4840,"[9.506774182991263, 9.506774182991263, 9.506774182991263, 9.506774182991263, 9.506774182991263, 9.506774182991263, 6.076362540852399, 6.076362540852399, 6.076362540852399, 6.076362540852399, 2.748706306228315, 2.748706306228315, 2.748706306228315, 2.748706306228315, 2.748706306228315, 1.2218733470567498, 1.2218733470567498, 1.2218733470567498, 1.2218733470567498, 1.2218733470567498, 1.2218733470567498, 1.2218733470567498, 1.2218733470567498, 1.2218733470567498, 1.2218733470567498, 1.2218733470567498, 0.8907885303663213, 0.8907885303663213, 0.8907885303663213, 0.8907885303663213, 0.8907885303663213, 0.8907885303663213, 0.8907885303663213, 0.8907885303663213, 0.8907885303663213, 0.8907885303663213, 0.8907885303663213, 0.8907885303663213, 0.8907885303663213, 0.8907885303663213, 0.8907885303663213, 0.8783092096709604, 0.8783092096709604, 0.8783092096709604, 0.8783092096709604, 0.8783092096709604, 0.8783092096709604, 0.8783092096709604, 0.8783092096709604, 0.8783092096709604, 0.8783092096709604, 0.8783092096709604, 0.8783092096709604, 0.8783092096709604, 0.8783092096709604, 0.8783092096709604, 0.8783092096709604, 0.8783092096709604, 0.8783092096709604, 0.8783092096709604, 0.8783092096709604, 0.8783092096709604, 0.8783092096709604, 0.8783092096709604, 0.8783092096709604, 0.8783092096709604, 0.8783092096709604, 0.8783092096709604, 0.8783092096709604, 0.8783092096709604, 0.8783092096709604, 0.8783092096709604, 0.8783092096709604, 0.8783092096709604, 0.8783092096709604, 0.8783092096709604, 0.8783092096709604, 0.8783092096709604, 0.8783092096709604, 0.8783092096709604, 0.8783092096709604, 0.8783092096709604, 0.8783092096709604, 0.8783092096709604, 0.8783092096709604, 0.8783092096709604, 0.8783092096709604, 0.8783092096709604, 0.8783092096709604, 0.8783092096709604, 0.13266089768848874, 0.13266089768848874, 0.13266089768848874, 0.13266089768848874, 0.13266089768848874, 0.13266089768848874, 0.13266089768848874, 0.13266089768848874, 0.13266089768848874, 0.13266089768848874, 0.13266089768848874, 0.13266089768848874, 0.13266089768848874, 0.13266089768848874, 0.13266089768848874, 0.13266089768848874, 0.13266089768848874, 0.13266089768848874, 0.13266089768848874, 0.13266089768848874, 0.13266089768848874, 0.13266089768848874, 0.13266089768848874, 0.13266089768848874, 0.13266089768848874, 0.13266089768848874, 0.13266089768848874, 0.13266089768848874, 0.13266089768848874, 0.13266089768848874, 0.13266089768848874]","{""elitism_fraction"": 0.2, ""max_iterations"": 120, ""mutation_fraction"": 0.1, ""population_size"": 40}"
rosenbrock,Rosenbrock,47,1652,ea,Algoritmo evolutivo,3,"[-2.048, 2.048]","[1.0, 1.0, 1.0]","[0.4958865185200789, 0.245102692852059, 0.05927887359961348]",0.8241279003150692,1.3072706621832495,120,4840,"[17.251646601856873, 17.251646601856873, 17.251646601856873, 17.251646601856873, 17.251646601856873, 5.5557505695267855, 5.5557505695267855, 5.5557505695267855, 1.0441906626622175, 1.0441906626622175, 1.0441906626622175, 1.0441906626622175, 1.0441906626622175, 1.0441906626622175, 1.0441906626622175, 1.0441906626622175, 1.0441906626622175, 1.0441906626622175, 1.0441906626622175, 1.0441906626622175, 1.0441906626622175, 1.0441906626622175, 1.0441906626622175, 1.0441906626622175, 1.0441906626622175, 1.0441906626622175, 1.0441906626622175, 1.0441906626622175, 1.0441906626622175, 1.0441906626622175, 0.8261432393560024, 0.8261432393560024, 0.8261432393560024, 0.8261432393560024, 0.8261432393560024, 0.8261432393560024, 0.8261432393560024, 0.8261432393560024, 0.8261432393560024, 0.8261432393560024, 0.8261432393560024, 0.8261432393560024, 0.8261432393560024, 0.8241279003150692, 0.8241279003150692, 0.8241279003150692, 0.8241279003150692, 0.8241279003150692, 0.8241279003150692, 0.8241279003150692, 0.8241279003150692, 0.8241279003150692, 0.8241279003150692, 0.8241279003150692, 0.8241279003150692, 0.8241279003150692, 0.8241279003150692, 0.8241279003150692, 0.8241279003150692, 0.8241279003150692, 0.8241279003150692, 0.8241279003150692, 0.8241279003150692, 0.8241279003150692, 0.8241279003150692, 0.8241279003150692, 0.8241279003150692, 0.8241279003150692, 0.8241279003150692, 0.8241279003150692, 0.8241279003150692, 0.8241279003150692, 0.8241279003150692, 0.8241279003150692, 0.8241279003150692, 0.8241279003150692, 0.8241279003150692, 0.8241279003150692, 0.8241279003150692, 0.8241279003150692, 0.8241279003150692, 0.8241279003150692, 0.8241279003150692, 0.8241279003150692, 0.8241279003150692, 0.8241279003150692, 0.8241279003150692, 0.8241279003150692, 0.8241279003150692, 0.8241279003150692, 0.8241279003150692, 0.8241279003150692, 0.8241279003150692, 0.8241279003150692, 0.8241279003150692, 0.8241279003150692, 0.8241279003150692, 0.8241279003150692, 0.8241279003150692, 0.8241279003150692, 0.8241279003150692, 0.8241279003150692, 0.8241279003150692, 0.8241279003150692, 0.8241279003150692, 0.8241279003150692, 0.8241279003150692, 0.8241279003150692, 0.8241279003150692, 0.8241279003150692, 0.8241279003150692, 0.8241279003150692, 0.8241279003150692, 0.8241279003150692, 0.8241279003150692, 0.8241279003150692, 0.8241279003150692, 0.8241279003150692, 0.8241279003150692, 0.8241279003150692, 0.8241279003150692]","{""elitism_fraction"": 0.2, ""max_iterations"": 120, ""mutation_fraction"": 0.1, ""population_size"": 40}"
rosenbrock,Rosenbrock,48,1653,ea,Algoritmo evolutivo,3,"[-2.048, 2.048]","[1.0, 1.0, 1.0]","[0.7299664529192968, 0.5696009686198473, 0.3311250201641798]",0.3976792125419124,0.8399733218455981,120,4840,"[11.84033093606981, 11.84033093606981, 11.84033093606981, 11.84033093606981, 11.194386685278118, 11.194386685278118, 11.194386685278118, 2.6496257157440537, 0.5131848535784649, 0.5131848535784649, 0.5131848535784649, 0.5131848535784649, 0.5131848535784649, 0.5131848535784649, 0.5131848535784649, 0.5131848535784649, 0.5131848535784649, 0.5131848535784649, 0.5131848535784649, 0.5131848535784649, 0.5131848535784649, 0.5131848535784649, 0.5131848535784649, 0.5131848535784649, 0.5131848535784649, 0.5131848535784649, 0.5131848535784649, 0.5131848535784649, 0.5131848535784649, 0.5131848535784649, 0.5131848535784649, 0.5131848535784649, 0.5131848535784649, 0.5131848535784649, 0.5131848535784649, 0.5131848535784649, 0.5131848535784649, 0.5131848535784649, 0.5131848535784649, 0.5131848535784649, 0.5131848535784649, 0.5131848535784649, 0.5131848535784649, 0.5131848535784649, 0.5131848535784649, 0.5131848535784649, 0.5131848535784649, 0.5131848535784649, 0.5131848535784649, 0.5131848535784649, 0.5131848535784649, 0.5131848535784649, 0.5131848535784649, 0.5131848535784649, 0.5131848535784649, 0.5131848535784649, 0.5131848535784649, 0.5131848535784649, 0.5131848535784649, 0.5131848535784649, 0.5131848535784649, 0.5131848535784649, 0.5131848535784649, 0.5131848535784649, 0.5131848535784649, 0.5131848535784649, 0.5131848535784649, 0.5131848535784649, 0.5131848535784649, 0.5131848535784649, 0.5131848535784649, 0.5131848535784649, 0.5131848535784649, 0.5131848535784649, 0.5131848535784649, 0.5131848535784649, 0.5099699019884961, 0.5099699019884961, 0.5099699019884961, 0.5099699019884961, 0.5099699019884961, 0.5099699019884961, 0.5099699019884961, 0.5099699019884961, 0.5099699019884961, 0.5099699019884961, 0.5099699019884961, 0.5099699019884961, 0.5099699019884961, 0.5099699019884961, 0.5099699019884961, 0.5099699019884961, 0.5099699019884961, 0.5099699019884961, 0.5099699019884961, 0.5099699019884961, 0.5099699019884961, 0.5099699019884961, 0.5099699019884961, 0.5099699019884961, 0.5099699019884961, 0.5099699019884961, 0.5099699019884961, 0.5099699019884961, 0.5099699019884961, 0.5099699019884961, 0.5099699019884961, 0.5099699019884961, 0.5099699019884961, 0.5099699019884961, 0.5099699019884961, 0.3976792125419124, 0.3976792125419124, 0.3976792125419124, 0.3976792125419124, 0.3976792125419124, 0.3976792125419124, 0.3976792125419124, 0.3976792125419124, 0.3976792125419124, 0.3976792125419124]","{""elitism_fraction"": 0.2, ""max_iterations"": 120, ""mutation_fraction"": 0.1, ""population_size"": 40}"
rosenbrock,Rosenbrock,49,1654,ea,Algoritmo evolutivo,3,"[-2.048, 2.048]","[1.0, 1.0, 1.0]","[0.25868276357197884, 0.05309443231445732, -0.017570677341015806]",1.5068610776842744,1.5753194858578408,120,4840,"[27.61429571462295, 13.084630694718456, 13.084630694718456, 13.084630694718456, 11.046169721110573, 2.3435720840527288, 2.3435720840527288, 2.3435720840527288, 2.3435720840527288, 2.3435720840527288, 2.3339829298276595, 1.695298602932049, 1.695298602932049, 1.695298602932049, 1.695298602932049, 1.695298602932049, 1.695298602932049, 1.695298602932049, 1.695298602932049, 1.695298602932049, 1.695298602932049, 1.695298602932049, 1.695298602932049, 1.695298602932049, 1.695298602932049, 1.695298602932049, 1.695298602932049, 1.695298602932049, 1.695298602932049, 1.695298602932049, 1.695298602932049, 1.695298602932049, 1.695298602932049, 1.695298602932049, 1.695298602932049, 1.695298602932049, 1.695298602932049, 1.695298602932049, 1.695298602932049, 1.695298602932049, 1.695298602932049, 1.695298602932049, 1.695298602932049, 1.695298602932049, 1.695298602932049, 1.695298602932049, 1.695298602932049, 1.695298602932049, 1.695298602932049, 1.695298602932049, 1.695298602932049, 1.695298602932049, 1.695298602932049, 1.695298602932049, 1.695298602932049, 1.695298602932049, 1.695298602932049, 1.6214803593469234, 1.6214803593469234, 1.6214803593469234, 1.6214803593469234, 1.571475240976128, 1.571475240976128, 1.571475240976128, 1.571475240976128, 1.571475240976128, 1.571475240976128, 1.571475240976128, 1.571475240976128, 1.571475240976128, 1.571475240976128, 1.571475240976128, 1.571475240976128, 1.571475240976128, 1.571475240976128, 1.571475240976128, 1.5068610776842744, 1.5068610776842744, 1.5068610776842744, 1.5068610776842744, 1.5068610776842744, 1.5068610776842744, 1.5068610776842744, 1.5068610776842744, 1.5068610776842744, 1.5068610776842744, 1.5068610776842744, 1.5068610776842744, 1.5068610776842744, 1.5068610776842744, 1.5068610776842744, 1.5068610776842744, 1.5068610776842744, 1.5068610776842744, 1.5068610776842744, 1.5068610776842744, 1.5068610776842744, 1.5068610776842744, 1.5068610776842744, 1.5068610776842744, 1.5068610776842744, 1.5068610776842744, 1.5068610776842744, 1.5068610776842744, 1.5068610776842744, 1.5068610776842744, 1.5068610776842744, 1.5068610776842744, 1.5068610776842744, 1.5068610776842744, 1.5068610776842744, 1.5068610776842744, 1.5068610776842744, 1.5068610776842744, 1.5068610776842744, 1.5068610776842744, 1.5068610776842744, 1.5068610776842744, 1.5068610776842744, 1.5068610776842744, 1.5068610776842744]","{""elitism_fraction"": 0.2, ""max_iterations"": 120, ""mutation_fraction"": 0.1, ""population_size"": 40}"
rosenbrock,Rosenbrock,50,1646,ea,Algoritmo evolutivo,3,"[-2.048, 2.048]","[1.0, 1.0, 1.0]","[0.6199832325674972, 0.4052284088627851, 0.1742935427831398]",0.551802559792064,1.0862583222435453,120,4840,"[15.613558086911564, 15.613558086911564, 15.613558086911564, 8.193798640277468, 8.193798640277468, 8.193798640277468, 7.660888950842957, 5.355739070821426, 5.355739070821426, 5.355739070821426, 5.325415600071093, 5.325415600071093, 3.4965522891503467, 3.4965522891503467, 3.4965522891503467, 3.1116100127499506, 3.108005178869031, 3.108005178869031, 3.108005178869031, 3.108005178869031, 3.108005178869031, 3.108005178869031, 3.108005178869031, 0.9900945444695594, 0.9900945444695594, 0.9900945444695594, 0.9900945444695594, 0.9900945444695594, 0.6846855289840739, 0.5875375152833178, 0.5875375152833178, 0.5875375152833178, 0.5875375152833178, 0.5875375152833178, 0.5875375152833178, 0.5875375152833178, 0.5875375152833178, 0.5875375152833178, 0.5875375152833178, 0.5875375152833178, 0.5875375152833178, 0.5875375152833178, 0.5875375152833178, 0.5875375152833178, 0.5875375152833178, 0.5875375152833178, 0.5875375152833178, 0.5875375152833178, 0.5875375152833178, 0.5875375152833178, 0.5875375152833178, 0.5875375152833178, 0.5875375152833178, 0.5875375152833178, 0.5875375152833178, 0.5875375152833178, 0.5875375152833178, 0.5875375152833178, 0.5875375152833178, 0.5875375152833178, 0.5875375152833178, 0.5875375152833178, 0.5875375152833178, 0.5875375152833178, 0.5875375152833178, 0.5875375152833178, 0.5875375152833178, 0.5875375152833178, 0.5875375152833178, 0.5875375152833178, 0.5875375152833178, 0.5875375152833178, 0.5875375152833178, 0.5875375152833178, 0.5875375152833178, 0.5875375152833178, 0.5875375152833178, 0.5875375152833178, 0.5875375152833178, 0.5875375152833178, 0.5875375152833178, 0.5875375152833178, 0.5875375152833178, 0.5875375152833178, 0.5875375152833178, 0.5875375152833178, 0.5875375152833178, 0.5875375152833178, 0.5875375152833178, 0.5875375152833178, 0.551802559792064, 0.551802559792064, 0.551802559792064, 0.551802559792064, 0.551802559792064, 0.551802559792064, 0.551802559792064, 0.551802559792064, 0.551802559792064, 0.551802559792064, 0.551802559792064, 0.551802559792064, 0.551802559792064, 0.551802559792064, 0.551802559792064, 0.551802559792064, 0.551802559792064, 0.551802559792064, 0.551802559792064, 0.551802559792064, 0.551802559792064, 0.551802559792064, 0.551802559792064, 0.551802559792064, 0.551802559792064, 0.551802559792064, 0.551802559792064, 0.551802559792064, 0.551802559792064, 0.551802559792064, 0.551802559792064]","{""elitism_fraction"": 0.2, ""max_iterations"": 120, ""mutation_fraction"": 0.1, ""population_size"": 40}"
rosenbrock,Rosenbrock,51,1647,ea,Algoritmo evolutivo,3,"[-2.048, 2.048]","[1.0, 1.0, 1.0]","[0.9929346161225894, 0.9734143988007138, 0.9510886419167144]",0.017656015352631994,0.05611626136882296,120,4840,"[8.671662018164241, 8.671662018164241, 6.601223882523806, 6.601223882523806, 6.601223882523806, 3.0760205693595157, 3.0760205693595157, 3.0645595120833917, 3.0645595120833917, 3.0645595120833917, 3.0645595120833917, 3.0645595120833917, 0.27511760014520115, 0.27511760014520115, 0.27511760014520115, 0.27511760014520115, 0.27511760014520115, 0.27511760014520115, 0.27511760014520115, 0.02814222079109613, 0.02814222079109613, 0.02814222079109613, 0.02814222079109613, 0.02814222079109613, 0.02814222079109613, 0.02814222079109613, 0.02814222079109613, 0.02814222079109613, 0.02814222079109613, 0.02814222079109613, 0.02814222079109613, 0.02814222079109613, 0.02814222079109613, 0.02814222079109613, 0.02814222079109613, 0.02814222079109613, 0.02814222079109613, 0.02814222079109613, 0.02814222079109613, 0.02814222079109613, 0.02814222079109613, 0.02814222079109613, 0.02814222079109613, 0.02814222079109613, 0.02814222079109613, 0.02814222079109613, 0.02814222079109613, 0.02814222079109613, 0.02814222079109613, 0.017656015352631994, 0.017656015352631994, 0.017656015352631994, 0.017656015352631994, 0.017656015352631994, 0.017656015352631994, 0.017656015352631994, 0.017656015352631994, 0.017656015352631994, 0.017656015352631994, 0.017656015352631994, 0.017656015352631994, 0.017656015352631994, 0.017656015352631994, 0.017656015352631994, 0.017656015352631994, 0.017656015352631994, 0.017656015352631994, 0.017656015352631994, 0.017656015352631994, 0.017656015352631994, 0.017656015352631994, 0.017656015352631994, 0.017656015352631994, 0.017656015352631994, 0.017656015352631994, 0.017656015352631994, 0.017656015352631994, 0.017656015352631994, 0.017656015352631994, 0.017656015352631994, 0.017656015352631994, 0.017656015352631994, 0.017656015352631994, 0.017656015352631994, 0.017656015352631994, 0.017656015352631994, 0.017656015352631994, 0.017656015352631994, 0.017656015352631994, 0.017656015352631994, 0.017656015352631994, 0.017656015352631994, 0.017656015352631994, 0.017656015352631994, 0.017656015352631994, 0.017656015352631994, 0.017656015352631994, 0.017656015352631994, 0.017656015352631994, 0.017656015352631994, 0.017656015352631994, 0.017656015352631994, 0.017656015352631994, 0.017656015352631994, 0.017656015352631994, 0.017656015352631994, 0.017656015352631994, 0.017656015352631994, 0.017656015352631994, 0.017656015352631994, 0.017656015352631994, 0.017656015352631994, 0.017656015352631994, 0.017656015352631994, 0.017656015352631994, 0.017656015352631994, 0.017656015352631994, 0.017656015352631994, 0.017656015352631994, 0.017656015352631994, 0.017656015352631994]","{""elitism_fraction"": 0.2, ""max_iterations"": 120, ""mutation_fraction"": 0.1, ""population_size"": 40}"
rosenbrock,Rosenbrock,52,1648,ea,Algoritmo evolutivo,3,"[-2.048, 2.048]","[1.0, 1.0, 1.0]","[0.8984846881153583, 0.8343217550300235, 0.6930536040711646]",0.11183243552405443,0.3632777578892892,120,4840,"[52.137436150658026, 26.18252302672296, 26.18252302672296, 26.18252302672296, 26.18252302672296, 7.1785039720209385, 4.654671691548962, 4.654671691548962, 3.719771462880683, 3.719771462880683, 3.719771462880683, 3.719771462880683, 3.719771462880683, 3.719771462880683, 3.719771462880683, 3.719771462880683, 3.719771462880683, 0.2853034088820703, 0.2853034088820703, 0.2853034088820703, 0.2853034088820703, 0.2853034088820703, 0.2853034088820703, 0.2853034088820703, 0.2853034088820703, 0.2853034088820703, 0.2853034088820703, 0.2853034088820703, 0.2853034088820703, 0.2853034088820703, 0.2853034088820703, 0.2853034088820703, 0.2853034088820703, 0.2853034088820703, 0.2853034088820703, 0.2853034088820703, 0.2853034088820703, 0.2853034088820703, 0.2853034088820703, 0.2853034088820703, 0.2853034088820703, 0.2853034088820703, 0.2853034088820703, 0.2853034088820703, 0.2853034088820703, 0.2853034088820703, 0.2853034088820703, 0.2853034088820703, 0.2853034088820703, 0.2853034088820703, 0.2853034088820703, 0.2853034088820703, 0.2853034088820703, 0.2853034088820703, 0.2853034088820703, 0.2853034088820703, 0.2853034088820703, 0.2853034088820703, 0.2853034088820703, 0.2853034088820703, 0.2853034088820703, 0.2853034088820703, 0.2853034088820703, 0.2853034088820703, 0.2853034088820703, 0.2853034088820703, 0.2853034088820703, 0.2853034088820703, 0.2853034088820703, 0.2853034088820703, 0.2032647217137149, 0.2032647217137149, 0.2032647217137149, 0.2032647217137149, 0.2032647217137149, 0.1729602729989252, 0.1729602729989252, 0.1729602729989252, 0.1729602729989252, 0.1729602729989252, 0.11183243552405443, 0.11183243552405443, 0.11183243552405443, 0.11183243552405443, 0.11183243552405443, 0.11183243552405443, 0.11183243552405443, 0.11183243552405443, 0.11183243552405443, 0.11183243552405443, 0.11183243552405443, 0.11183243552405443, 0.11183243552405443, 0.11183243552405443, 0.11183243552405443, 0.11183243552405443, 0.11183243552405443, 0.11183243552405443, 0.11183243552405443, 0.11183243552405443, 0.11183243552405443, 0.11183243552405443, 0.11183243552405443, 0.11183243552405443, 0.11183243552405443, 0.11183243552405443, 0.11183243552405443, 0.11183243552405443, 0.11183243552405443, 0.11183243552405443, 0.11183243552405443, 0.11183243552405443, 0.11183243552405443, 0.11183243552405443, 0.11183243552405443, 0.11183243552405443, 0.11183243552405443, 0.11183243552405443, 0.11183243552405443, 0.11183243552405443, 0.11183243552405443]","{""elitism_fraction"": 0.2, ""max_iterations"": 120, ""mutation_fraction"": 0.1, ""population_size"": 40}"
rosenbrock,Rosenbrock,53,1649,ea,Algoritmo evolutivo,3,"[-2.048, 2.048]","[1.0, 1.0, 1.0]","[0.9951025224604728, 0.9840603572657902, 0.9536523625634179]",0.025758287452177064,0.049256075693230844,120,4840,"[26.931435001628422, 22.69696136631812, 1.258509167689113, 1.258509167689113, 1.258509167689113, 1.258509167689113, 1.258509167689113, 1.258509167689113, 1.258509167689113, 1.258509167689113, 1.258509167689113, 1.258509167689113, 1.258509167689113, 1.258509167689113, 1.258509167689113, 1.258509167689113, 1.0107796039226784, 1.0107796039226784, 1.0107796039226784, 0.5581190295508657, 0.5581190295508657, 0.5581190295508657, 0.5581190295508657, 0.5581190295508657, 0.5581190295508657, 0.5581190295508657, 0.5581190295508657, 0.5581190295508657, 0.5581190295508657, 0.5581190295508657, 0.5581190295508657, 0.5581190295508657, 0.5581190295508657, 0.5581190295508657, 0.5581190295508657, 0.5581190295508657, 0.5581190295508657, 0.5581190295508657, 0.5581190295508657, 0.5581190295508657, 0.5581190295508657, 0.5581190295508657, 0.5581190295508657, 0.5581190295508657, 0.5581190295508657, 0.5581190295508657, 0.5581190295508657, 0.5581190295508657, 0.5581190295508657, 0.5581190295508657, 0.5581190295508657, 0.5581190295508657, 0.5581190295508657, 0.5581190295508657, 0.5581190295508657, 0.5581190295508657, 0.5581190295508657, 0.5581190295508657, 0.5581190295508657, 0.5581190295508657, 0.5581190295508657, 0.5581190295508657, 0.5581190295508657, 0.5581190295508657, 0.5581190295508657, 0.5581190295508657, 0.5581190295508657, 0.5581190295508657, 0.5581190295508657, 0.5581190295508657, 0.5581190295508657, 0.025758287452177064, 0.025758287452177064, 0.025758287452177064, 0.025758287452177064, 0.025758287452177064, 0.025758287452177064, 0.025758287452177064, 0.025758287452177064, 0.025758287452177064, 0.025758287452177064, 0.025758287452177064, 0.025758287452177064, 0.025758287452177064, 0.025758287452177064, 0.025758287452177064, 0.025758287452177064, 0.025758287452177064, 0.025758287452177064, 0.025758287452177064, 0.025758287452177064, 0.025758287452177064, 0.025758287452177064, 0.025758287452177064, 0.025758287452177064, 0.025758287452177064, 0.025758287452177064, 0.025758287452177064, 0.025758287452177064, 0.025758287452177064, 0.025758287452177064, 0.025758287452177064, 0.025758287452177064, 0.025758287452177064, 0.025758287452177064, 0.025758287452177064, 0.025758287452177064, 0.025758287452177064, 0.025758287452177064, 0.025758287452177064, 0.025758287452177064, 0.025758287452177064, 0.025758287452177064, 0.025758287452177064, 0.025758287452177064, 0.025758287452177064, 0.025758287452177064, 0.025758287452177064, 0.025758287452177064, 0.025758287452177064, 0.025758287452177064]","{""elitism_fraction"": 0.2, ""max_iterations"": 120, ""mutation_fraction"": 0.1, ""population_size"": 40}"
rosenbrock,Rosenbrock,54,1650,ea,Algoritmo evolutivo,3,"[-2.048, 2.048]","[1.0, 1.0, 1.0]","[0.5828918173739162, 0.3494641852396909, 0.11437201410044606]",0.6125988477161721,1.175377816579841,120,4840,"[2.526146600371985, 2.526146600371985, 2.526146600371985, 2.526146600371985, 2.526146600371985, 2.417246219800435, 2.3218883970220965, 2.3218883970220965, 2.3218883970220965, 2.3218883970220965, 2.2374084852128773, 2.2374084852128773, 2.2374084852128773, 2.2374084852128773, 1.9232509155115713, 1.9232509155115713, 1.9232509155115713, 1.9232509155115713, 1.9232509155115713, 1.9232509155115713, 1.9232509155115713, 1.8538345923332817, 1.27256642930107, 1.27256642930107, 1.27256642930107, 1.27256642930107, 1.27256642930107, 1.27256642930107, 1.27256642930107, 1.27256642930107, 1.27256642930107, 1.27256642930107, 1.27256642930107, 1.27256642930107, 1.27256642930107, 1.27256642930107, 1.27256642930107, 1.27256642930107, 1.27256642930107, 1.27256642930107, 1.27256642930107, 1.27256642930107, 1.27256642930107, 1.27256642930107, 1.27256642930107, 1.27256642930107, 1.27256642930107, 1.27256642930107, 1.27256642930107, 1.27256642930107, 1.27256642930107, 1.27256642930107, 1.27256642930107, 1.27256642930107, 1.27256642930107, 1.27256642930107, 1.27256642930107, 1.27256642930107, 1.27256642930107, 0.679851775170506, 0.679851775170506, 0.679851775170506, 0.6493602102817438, 0.6493602102817438, 0.6493602102817438, 0.6493602102817438, 0.6372083056645546, 0.6372083056645546, 0.6372083056645546, 0.6372083056645546, 0.6372083056645546, 0.6372083056645546, 0.6372083056645546, 0.6372083056645546, 0.6372083056645546, 0.6372083056645546, 0.6372083056645546, 0.6372083056645546, 0.6372083056645546, 0.6372083056645546, 0.6372083056645546, 0.6372083056645546, 0.6372083056645546, 0.6372083056645546, 0.6372083056645546, 0.6372083056645546, 0.6372083056645546, 0.6372083056645546, 0.6372083056645546, 0.6372083056645546, 0.6372083056645546, 0.6372083056645546, 0.6372083056645546, 0.6372083056645546, 0.6372083056645546, 0.6372083056645546, 0.6372083056645546, 0.6372083056645546, 0.6125988477161721, 0.6125988477161721, 0.6125988477161721, 0.6125988477161721, 0.6125988477161721, 0.6125988477161721, 0.6125988477161721, 0.6125988477161721, 0.6125988477161721, 0.6125988477161721, 0.6125988477161721, 0.6125988477161721, 0.6125988477161721, 0.6125988477161721, 0.6125988477161721, 0.6125988477161721, 0.6125988477161721, 0.6125988477161721, 0.6125988477161721, 0.6125988477161721, 0.6125988477161721, 0.6125988477161721, 0.6125988477161721]","{""elitism_fraction"": 0.2, ""max_iterations"": 120, ""mutation_fraction"": 0.1, ""population_size"": 40}"
rosenbrock,Rosenbrock,55,1651,ea,Algoritmo evolutivo,3,"[-2.048, 2.048]","[1.0, 1.0, 1.0]","[1.0008226486018974, 1.0102984907872576, 1.0560679322967115]",0.13266089768848874,0.05701182943254896,120,4840,"[9.506774182991263, 9.506774182991263, 9.506774182991263, 9.506774182991263, 9.506774182991263, 9.506774182991263, 6.076362540852399, 6.076362540852399, 6.076362540852399, 6.076362540852399, 2.748706306228315, 2.748706306228315, 2.748706306228315, 2.748706306228315, 2.748706306228315, 1.2218733470567498, 1.2218733470567498, 1.2218733470567498, 1.2218733470567498, 1.2218733470567498, 1.2218733470567498, 1.2218733470567498, 1.2218733470567498, 1.2218733470567498, 1.2218733470567498, 1.2218733470567498, 0.8907885303663213, 0.8907885303663213, 0.8907885303663213, 0.8907885303663213, 0.8907885303663213, 0.8907885303663213, 0.8907885303663213, 0.8907885303663213, 0.8907885303663213, 0.8907885303663213, 0.8907885303663213, 0.8907885303663213, 0.8907885303663213, 0.8907885303663213, 0.8907885303663213, 0.8783092096709604, 0.8783092096709604, 0.8783092096709604, 0.8783092096709604, 0.8783092096709604, 0.8783092096709604, 0.8783092096709604, 0.8783092096709604, 0.8783092096709604, 0.8783092096709604, 0.8783092096709604, 0.8783092096709604, 0.8783092096709604, 0.8783092096709604, 0.8783092096709604, 0.8783092096709604, 0.8783092096709604, 0.8783092096709604, 0.8783092096709604, 0.8783092096709604, 0.8783092096709604, 0.8783092096709604, 0.8783092096709604, 0.8783092096709604, 0.8783092096709604, 0.8783092096709604, 0.8783092096709604, 0.8783092096709604, 0.8783092096709604, 0.8783092096709604, 0.8783092096709604, 0.8783092096709604, 0.8783092096709604, 0.8783092096709604, 0.8783092096709604, 0.8783092096709604, 0.8783092096709604, 0.8783092096709604, 0.8783092096709604, 0.8783092096709604, 0.8783092096709604, 0.8783092096709604, 0.8783092096709604, 0.8783092096709604, 0.8783092096709604, 0.8783092096709604, 0.8783092096709604, 0.8783092096709604, 0.8783092096709604, 0.13266089768848874, 0.13266089768848874, 0.13266089768848874, 0.13266089768848874, 0.13266089768848874, 0.13266089768848874, 0.13266089768848874, 0.13266089768848874, 0.13266089768848874, 0.13266089768848874, 0.13266089768848874, 0.13266089768848874, 0.13266089768848874, 0.13266089768848874, 0.13266089768848874, 0.13266089768848874, 0.13266089768848874, 0.13266089768848874, 0.13266089768848874, 0.13266089768848874, 0.13266089768848874, 0.13266089768848874, 0.13266089768848874, 0.13266089768848874, 0.13266089768848874, 0.13266089768848874, 0.13266089768848874, 0.13266089768848874, 0.13266089768848874, 0.13266089768848874, 0.13266089768848874]","{""elitism_fraction"": 0.2, ""max_iterations"": 120, ""mutation_fraction"": 0.1, ""population_size"": 40}"
rosenbrock,Rosenbrock,56,1652,ea,Algoritmo evolutivo,3,"[-2.048, 2.048]","[1.0, 1.0, 1.0]","[0.4958865185200789, 0.245102692852059, 0.05927887359961348]",0.8241279003150692,1.3072706621832495,120,4840,"[17.251646601856873, 17.251646601856873, 17.251646601856873, 17.251646601856873, 17.251646601856873, 5.5557505695267855, 5.5557505695267855, 5.5557505695267855, 1.0441906626622175, 1.0441906626622175, 1.0441906626622175, 1.0441906626622175, 1.0441906626622175, 1.0441906626622175, 1.0441906626622175, 1.0441906626622175, 1.0441906626622175, 1.0441906626622175, 1.0441906626622175, 1.0441906626622175, 1.0441906626622175, 1.0441906626622175, 1.0441906626622175, 1.0441906626622175, 1.0441906626622175, 1.0441906626622175, 1.0441906626622175, 1.0441906626622175, 1.0441906626622175, 1.0441906626622175, 0.8261432393560024, 0.8261432393560024, 0.8261432393560024, 0.8261432393560024, 0.8261432393560024, 0.8261432393560024, 0.8261432393560024, 0.8261432393560024, 0.8261432393560024, 0.8261432393560024, 0.8261432393560024, 0.8261432393560024, 0.8261432393560024, 0.8241279003150692, 0.8241279003150692, 0.8241279003150692, 0.8241279003150692, 0.8241279003150692, 0.8241279003150692, 0.8241279003150692, 0.8241279003150692, 0.8241279003150692, 0.8241279003150692, 0.8241279003150692, 0.8241279003150692, 0.8241279003150692, 0.8241279003150692, 0.8241279003150692, 0.8241279003150692, 0.8241279003150692, 0.8241279003150692, 0.8241279003150692, 0.8241279003150692, 0.8241279003150692, 0.8241279003150692, 0.8241279003150692, 0.8241279003150692, 0.8241279003150692, 0.8241279003150692, 0.8241279003150692, 0.8241279003150692, 0.8241279003150692, 0.8241279003150692, 0.8241279003150692, 0.8241279003150692, 0.8241279003150692, 0.8241279003150692, 0.8241279003150692, 0.8241279003150692, 0.8241279003150692, 0.8241279003150692, 0.8241279003150692, 0.8241279003150692, 0.8241279003150692, 0.8241279003150692, 0.8241279003150692, 0.8241279003150692, 0.8241279003150692, 0.8241279003150692, 0.8241279003150692, 0.8241279003150692, 0.8241279003150692, 0.8241279003150692, 0.8241279003150692, 0.8241279003150692, 0.8241279003150692, 0.8241279003150692, 0.8241279003150692, 0.8241279003150692, 0.8241279003150692, 0.8241279003150692, 0.8241279003150692, 0.8241279003150692, 0.8241279003150692, 0.8241279003150692, 0.8241279003150692, 0.8241279003150692, 0.8241279003150692, 0.8241279003150692, 0.8241279003150692, 0.8241279003150692, 0.8241279003150692, 0.8241279003150692, 0.8241279003150692, 0.8241279003150692, 0.8241279003150692, 0.8241279003150692, 0.8241279003150692, 0.8241279003150692, 0.8241279003150692, 0.8241279003150692]","{""elitism_fraction"": 0.2, ""max_iterations"": 120, ""mutation_fraction"": 0.1, ""population_size"": 40}"
rosenbrock,Rosenbrock,57,1653,ea,Algoritmo evolutivo,3,"[-2.048, 2.048]","[1.0, 1.0, 1.0]","[0.7299664529192968, 0.5696009686198473, 0.3311250201641798]",0.3976792125419124,0.8399733218455981,120,4840,"[11.84033093606981, 11.84033093606981, 11.84033093606981, 11.84033093606981, 11.194386685278118, 11.194386685278118, 11.194386685278118, 2.6496257157440537, 0.5131848535784649, 0.5131848535784649, 0.5131848535784649, 0.5131848535784649, 0.5131848535784649, 0.5131848535784649, 0.5131848535784649, 0.5131848535784649, 0.5131848535784649, 0.5131848535784649, 0.5131848535784649, 0.5131848535784649, 0.5131848535784649, 0.5131848535784649, 0.5131848535784649, 0.5131848535784649, 0.5131848535784649, 0.5131848535784649, 0.5131848535784649, 0.5131848535784649, 0.5131848535784649, 0.5131848535784649, 0.5131848535784649, 0.5131848535784649, 0.5131848535784649, 0.5131848535784649, 0.5131848535784649, 0.5131848535784649, 0.5131848535784649, 0.5131848535784649, 0.5131848535784649, 0.5131848535784649, 0.5131848535784649, 0.5131848535784649, 0.5131848535784649, 0.5131848535784649, 0.5131848535784649, 0.5131848535784649, 0.5131848535784649, 0.5131848535784649, 0.5131848535784649, 0.5131848535784649, 0.5131848535784649, 0.5131848535784649, 0.5131848535784649, 0.5131848535784649, 0.5131848535784649, 0.5131848535784649, 0.5131848535784649, 0.5131848535784649, 0.5131848535784649, 0.5131848535784649, 0.5131848535784649, 0.5131848535784649, 0.5131848535784649, 0.5131848535784649, 0.5131848535784649, 0.5131848535784649, 0.5131848535784649, 0.5131848535784649, 0.5131848535784649, 0.5131848535784649, 0.5131848535784649, 0.5131848535784649, 0.5131848535784649, 0.5131848535784649, 0.5131848535784649, 0.5131848535784649, 0.5099699019884961, 0.5099699019884961, 0.5099699019884961, 0.5099699019884961, 0.5099699019884961, 0.5099699019884961, 0.5099699019884961, 0.5099699019884961, 0.5099699019884961, 0.5099699019884961, 0.5099699019884961, 0.5099699019884961, 0.5099699019884961, 0.5099699019884961, 0.5099699019884961, 0.5099699019884961, 0.5099699019884961, 0.5099699019884961, 0.5099699019884961, 0.5099699019884961, 0.5099699019884961, 0.5099699019884961, 0.5099699019884961, 0.5099699019884961, 0.5099699019884961, 0.5099699019884961, 0.5099699019884961, 0.5099699019884961, 0.5099699019884961, 0.5099699019884961, 0.5099699019884961, 0.5099699019884961, 0.5099699019884961, 0.5099699019884961, 0.5099699019884961, 0.3976792125419124, 0.3976792125419124, 0.3976792125419124, 0.3976792125419124, 0.3976792125419124, 0.3976792125419124, 0.3976792125419124, 0.3976792125419124, 0.3976792125419124, 0.3976792125419124]","{""elitism_fraction"": 0.2, ""max_iterations"": 120, ""mutation_fraction"": 0.1, ""population_size"": 40}"
rosenbrock,Rosenbrock,58,1654,ea,Algoritmo evolutivo,3,"[-2.048, 2.048]","[1.0, 1.0, 1.0]","[0.25868276357197884, 0.05309443231445732, -0.017570677341015806]",1.5068610776842744,1.5753194858578408,120,4840,"[27.61429571462295, 13.084630694718456, 13.084630694718456, 13.084630694718456, 11.046169721110573, 2.3435720840527288, 2.3435720840527288, 2.3435720840527288, 2.3435720840527288, 2.3435720840527288, 2.3339829298276595, 1.695298602932049, 1.695298602932049, 1.695298602932049, 1.695298602932049, 1.695298602932049, 1.695298602932049, 1.695298602932049, 1.695298602932049, 1.695298602932049, 1.695298602932049, 1.695298602932049, 1.695298602932049, 1.695298602932049, 1.695298602932049, 1.695298602932049, 1.695298602932049, 1.695298602932049, 1.695298602932049, 1.695298602932049, 1.695298602932049, 1.695298602932049, 1.695298602932049, 1.695298602932049, 1.695298602932049, 1.695298602932049, 1.695298602932049, 1.695298602932049, 1.695298602932049, 1.695298602932049, 1.695298602932049, 1.695298602932049, 1.695298602932049, 1.695298602932049, 1.695298602932049, 1.695298602932049, 1.695298602932049, 1.695298602932049, 1.695298602932049, 1.695298602932049, 1.695298602932049, 1.695298602932049, 1.695298602932049, 1.695298602932049, 1.695298602932049, 1.695298602932049, 1.695298602932049, 1.6214803593469234, 1.6214803593469234, 1.6214803593469234, 1.6214803593469234, 1.571475240976128, 1.571475240976128, 1.571475240976128, 1.571475240976128, 1.571475240976128, 1.571475240976128, 1.571475240976128, 1.571475240976128, 1.571475240976128, 1.571475240976128, 1.571475240976128, 1.571475240976128, 1.571475240976128, 1.571475240976128, 1.571475240976128, 1.5068610776842744, 1.5068610776842744, 1.5068610776842744, 1.5068610776842744, 1.5068610776842744, 1.5068610776842744, 1.5068610776842744, 1.5068610776842744, 1.5068610776842744, 1.5068610776842744, 1.5068610776842744, 1.5068610776842744, 1.5068610776842744, 1.5068610776842744, 1.5068610776842744, 1.5068610776842744, 1.5068610776842744, 1.5068610776842744, 1.5068610776842744, 1.5068610776842744, 1.5068610776842744, 1.5068610776842744, 1.5068610776842744, 1.5068610776842744, 1.5068610776842744, 1.5068610776842744, 1.5068610776842744, 1.5068610776842744, 1.5068610776842744, 1.5068610776842744, 1.5068610776842744, 1.5068610776842744, 1.5068610776842744, 1.5068610776842744, 1.5068610776842744, 1.5068610776842744, 1.5068610776842744, 1.5068610776842744, 1.5068610776842744, 1.5068610776842744, 1.5068610776842744, 1.5068610776842744, 1.5068610776842744, 1.5068610776842744, 1.5068610776842744]","{""elitism_fraction"": 0.2, ""max_iterations"": 120, ""mutation_fraction"": 0.1, ""population_size"": 40}"
rosenbrock,Rosenbrock,59,1655,ea,Algoritmo evolutivo,3,"[-2.048, 2.048]","[1.0, 1.0, 1.0]","[1.0045830522641896, 0.9987756716964973, 1.0027792261747006]",0.01359381456916485,0.005497949252329697,120,4840,"[70.51534818583089, 24.4208254784976, 5.15114113695615, 5.15114113695615, 5.15114113695615, 0.5381273219783318, 0.5381273219783318, 0.5381273219783318, 0.5381273219783318, 0.5381273219783318, 0.5381273219783318, 0.5381273219783318, 0.5381273219783318, 0.22252852575573026, 0.22252852575573026, 0.22252852575573026, 0.22252852575573026, 0.22252852575573026, 0.22252852575573026, 0.22252852575573026, 0.22252852575573026, 0.04020657069734361, 0.04020657069734361, 0.04020657069734361, 0.04020657069734361, 0.04020657069734361, 0.04020657069734361, 0.04020657069734361, 0.04020657069734361, 0.04020657069734361, 0.04020657069734361, 0.04020657069734361, 0.04020657069734361, 0.04020657069734361, 0.04020657069734361, 0.04020657069734361, 0.04020657069734361, 0.04020657069734361, 0.04020657069734361, 0.04020657069734361, 0.04020657069734361, 0.04020657069734361, 0.04020657069734361, 0.04020657069734361, 0.04020657069734361, 0.04020657069734361, 0.04020657069734361, 0.04020657069734361, 0.04020657069734361, 0.04020657069734361, 0.04020657069734361, 0.04020657069734361, 0.04020657069734361, 0.04020657069734361, 0.04020657069734361, 0.04020657069734361, 0.04020657069734361, 0.04020657069734361, 0.04020657069734361, 0.04020657069734361, 0.04020657069734361, 0.04020657069734361, 0.04020657069734361, 0.04020657069734361, 0.04020657069734361, 0.04020657069734361, 0.04020657069734361, 0.04020657069734361, 0.04020657069734361, 0.04020657069734361, 0.04020657069734361, 0.04020657069734361, 0.04020657069734361, 0.04020657069734361, 0.01359381456916485, 0.01359381456916485, 0.01359381456916485, 0.01359381456916485, 0.01359381456916485, 0.01359381456916485, 0.01359381456916485, 0.01359381456916485, 0.01359381456916485, 0.01359381456916485, 0.01359381456916485, 0.01359381456916485, 0.01359381456916485, 0.01359381456916485, 0.01359381456916485, 0.01359381456916485, 0.01359381456916485, 0.01359381456916485, 0.01359381456916485, 0.01359381456916485, 0.01359381456916485, 0.01359381456916485, 0.01359381456916485, 0.01359381456916485, 0.01359381456916485, 0.01359381456916485, 0.01359381456916485, 0.01359381456916485, 0.01359381456916485, 0.01359381456916485, 0.01359381456916485, 0.01359381456916485, 0.01359381456916485, 0.01359381456916485, 0.01359381456916485, 0.01359381456916485, 0.01359381456916485, 0.01359381456916485, 0.01359381456916485, 0.01359381456916485, 0.01359381456916485, 0.01359381456916485, 0.01359381456916485, 0.01359381456916485, 0.01359381456916485, 0.01359381456916485, 0.01359381456916485]","{""elitism_fraction"": 0.2, ""max_iterations"": 120, ""mutation_fraction"": 0.1, ""population_size"": 40}"
rosenbrock,Rosenbrock,60,1647,ea,Algoritmo evolutivo,3,"[-2.048, 2.048]","[1.0, 1.0, 1.0]","[0.9929346161225894, 0.9734143988007138, 0.9510886419167144]",0.017656015352631994,0.05611626136882296,120,4840,"[8.671662018164241, 8.671662018164241, 6.601223882523806, 6.601223882523806, 6.601223882523806, 3.0760205693595157, 3.0760205693595157, 3.0645595120833917, 3.0645595120833917, 3.0645595120833917, 3.0645595120833917, 3.0645595120833917, 0.27511760014520115, 0.27511760014520115, 0.27511760014520115, 0.27511760014520115, 0.27511760014520115, 0.27511760014520115, 0.27511760014520115, 0.02814222079109613, 0.02814222079109613, 0.02814222079109613, 0.02814222079109613, 0.02814222079109613, 0.02814222079109613, 0.02814222079109613, 0.02814222079109613, 0.02814222079109613, 0.02814222079109613, 0.02814222079109613, 0.02814222079109613, 0.02814222079109613, 0.02814222079109613, 0.02814222079109613, 0.02814222079109613, 0.02814222079109613, 0.02814222079109613, 0.02814222079109613, 0.02814222079109613, 0.02814222079109613, 0.02814222079109613, 0.02814222079109613, 0.02814222079109613, 0.02814222079109613, 0.02814222079109613, 0.02814222079109613, 0.02814222079109613, 0.02814222079109613, 0.02814222079109613, 0.017656015352631994, 0.017656015352631994, 0.017656015352631994, 0.017656015352631994, 0.017656015352631994, 0.017656015352631994, 0.017656015352631994, 0.017656015352631994, 0.017656015352631994, 0.017656015352631994, 0.017656015352631994, 0.017656015352631994, 0.017656015352631994, 0.017656015352631994, 0.017656015352631994, 0.017656015352631994, 0.017656015352631994, 0.017656015352631994, 0.017656015352631994, 0.017656015352631994, 0.017656015352631994, 0.017656015352631994, 0.017656015352631994, 0.017656015352631994, 0.017656015352631994, 0.017656015352631994, 0.017656015352631994, 0.017656015352631994, 0.017656015352631994, 0.017656015352631994, 0.017656015352631994, 0.017656015352631994, 0.017656015352631994, 0.017656015352631994, 0.017656015352631994, 0.017656015352631994, 0.017656015352631994, 0.017656015352631994, 0.017656015352631994, 0.017656015352631994, 0.017656015352631994, 0.017656015352631994, 0.017656015352631994, 0.017656015352631994, 0.017656015352631994, 0.017656015352631994, 0.017656015352631994, 0.017656015352631994, 0.017656015352631994, 0.017656015352631994, 0.017656015352631994, 0.017656015352631994, 0.017656015352631994, 0.017656015352631994, 0.017656015352631994, 0.017656015352631994, 0.017656015352631994, 0.017656015352631994, 0.017656015352631994, 0.017656015352631994, 0.017656015352631994, 0.017656015352631994, 0.017656015352631994, 0.017656015352631994, 0.017656015352631994, 0.017656015352631994, 0.017656015352631994, 0.017656015352631994, 0.017656015352631994, 0.017656015352631994, 0.017656015352631994, 0.017656015352631994]","{""elitism_fraction"": 0.2, ""max_iterations"": 120, ""mutation_fraction"": 0.1, ""population_size"": 40}"
rosenbrock,Rosenbrock,61,1648,ea,Algoritmo evolutivo,3,"[-2.048, 2.048]","[1.0, 1.0, 1.0]","[0.8984846881153583, 0.8343217550300235, 0.6930536040711646]",0.11183243552405443,0.3632777578892892,120,4840,"[52.137436150658026, 26.18252302672296, 26.18252302672296, 26.18252302672296, 26.18252302672296, 7.1785039720209385, 4.654671691548962, 4.654671691548962, 3.719771462880683, 3.719771462880683, 3.719771462880683, 3.719771462880683, 3.719771462880683, 3.719771462880683, 3.719771462880683, 3.719771462880683, 3.719771462880683, 0.2853034088820703, 0.2853034088820703, 0.2853034088820703, 0.2853034088820703, 0.2853034088820703, 0.2853034088820703, 0.2853034088820703, 0.2853034088820703, 0.2853034088820703, 0.2853034088820703, 0.2853034088820703, 0.2853034088820703, 0.2853034088820703, 0.2853034088820703, 0.2853034088820703, 0.2853034088820703, 0.2853034088820703, 0.2853034088820703, 0.2853034088820703, 0.2853034088820703, 0.2853034088820703, 0.2853034088820703, 0.2853034088820703, 0.2853034088820703, 0.2853034088820703, 0.2853034088820703, 0.2853034088820703, 0.2853034088820703, 0.2853034088820703, 0.2853034088820703, 0.2853034088820703, 0.2853034088820703, 0.2853034088820703, 0.2853034088820703, 0.2853034088820703, 0.2853034088820703, 0.2853034088820703, 0.2853034088820703, 0.2853034088820703, 0.2853034088820703, 0.2853034088820703, 0.2853034088820703, 0.2853034088820703, 0.2853034088820703, 0.2853034088820703, 0.2853034088820703, 0.2853034088820703, 0.2853034088820703, 0.2853034088820703, 0.2853034088820703, 0.2853034088820703, 0.2853034088820703, 0.2853034088820703, 0.2032647217137149, 0.2032647217137149, 0.2032647217137149, 0.2032647217137149, 0.2032647217137149, 0.1729602729989252, 0.1729602729989252, 0.1729602729989252, 0.1729602729989252, 0.1729602729989252, 0.11183243552405443, 0.11183243552405443, 0.11183243552405443, 0.11183243552405443, 0.11183243552405443, 0.11183243552405443, 0.11183243552405443, 0.11183243552405443, 0.11183243552405443, 0.11183243552405443, 0.11183243552405443, 0.11183243552405443, 0.11183243552405443, 0.11183243552405443, 0.11183243552405443, 0.11183243552405443, 0.11183243552405443, 0.11183243552405443, 0.11183243552405443, 0.11183243552405443, 0.11183243552405443, 0.11183243552405443, 0.11183243552405443, 0.11183243552405443, 0.11183243552405443, 0.11183243552405443, 0.11183243552405443, 0.11183243552405443, 0.11183243552405443, 0.11183243552405443, 0.11183243552405443, 0.11183243552405443, 0.11183243552405443, 0.11183243552405443, 0.11183243552405443, 0.11183243552405443, 0.11183243552405443, 0.11183243552405443, 0.11183243552405443, 0.11183243552405443, 0.11183243552405443]","{""elitism_fraction"": 0.2, ""max_iterations"": 120, ""mutation_fraction"": 0.1, ""population_size"": 40}"
rosenbrock,Rosenbrock,62,1649,ea,Algoritmo evolutivo,3,"[-2.048, 2.048]","[1.0, 1.0, 1.0]","[0.9951025224604728, 0.9840603572657902, 0.9536523625634179]",0.025758287452177064,0.049256075693230844,120,4840,"[26.931435001628422, 22.69696136631812, 1.258509167689113, 1.258509167689113, 1.258509167689113, 1.258509167689113, 1.258509167689113, 1.258509167689113, 1.258509167689113, 1.258509167689113, 1.258509167689113, 1.258509167689113, 1.258509167689113, 1.258509167689113, 1.258509167689113, 1.258509167689113, 1.0107796039226784, 1.0107796039226784, 1.0107796039226784, 0.5581190295508657, 0.5581190295508657, 0.5581190295508657, 0.5581190295508657, 0.5581190295508657, 0.5581190295508657, 0.5581190295508657, 0.5581190295508657, 0.5581190295508657, 0.5581190295508657, 0.5581190295508657, 0.5581190295508657, 0.5581190295508657, 0.5581190295508657, 0.5581190295508657, 0.5581190295508657, 0.5581190295508657, 0.5581190295508657, 0.5581190295508657, 0.5581190295508657, 0.5581190295508657, 0.5581190295508657, 0.5581190295508657, 0.5581190295508657, 0.5581190295508657, 0.5581190295508657, 0.5581190295508657, 0.5581190295508657, 0.5581190295508657, 0.5581190295508657, 0.5581190295508657, 0.5581190295508657, 0.5581190295508657, 0.5581190295508657, 0.5581190295508657, 0.5581190295508657, 0.5581190295508657, 0.5581190295508657, 0.5581190295508657, 0.5581190295508657, 0.5581190295508657, 0.5581190295508657, 0.5581190295508657, 0.5581190295508657, 0.5581190295508657, 0.5581190295508657, 0.5581190295508657, 0.5581190295508657, 0.5581190295508657, 0.5581190295508657, 0.5581190295508657, 0.5581190295508657, 0.025758287452177064, 0.025758287452177064, 0.025758287452177064, 0.025758287452177064, 0.025758287452177064, 0.025758287452177064, 0.025758287452177064, 0.025758287452177064, 0.025758287452177064, 0.025758287452177064, 0.025758287452177064, 0.025758287452177064, 0.025758287452177064, 0.025758287452177064, 0.025758287452177064, 0.025758287452177064, 0.025758287452177064, 0.025758287452177064, 0.025758287452177064, 0.025758287452177064, 0.025758287452177064, 0.025758287452177064, 0.025758287452177064, 0.025758287452177064, 0.025758287452177064, 0.025758287452177064, 0.025758287452177064, 0.025758287452177064, 0.025758287452177064, 0.025758287452177064, 0.025758287452177064, 0.025758287452177064, 0.025758287452177064, 0.025758287452177064, 0.025758287452177064, 0.025758287452177064, 0.025758287452177064, 0.025758287452177064, 0.025758287452177064, 0.025758287452177064, 0.025758287452177064, 0.025758287452177064, 0.025758287452177064, 0.025758287452177064, 0.025758287452177064, 0.025758287452177064, 0.025758287452177064, 0.025758287452177064, 0.025758287452177064, 0.025758287452177064]","{""elitism_fraction"": 0.2, ""max_iterations"": 120, ""mutation_fraction"": 0.1, ""population_size"": 40}"
rosenbrock,Rosenbrock,63,1650,ea,Algoritmo evolutivo,3,"[-2.048, 2.048]","[1.0, 1.0, 1.0]","[0.5828918173739162, 0.3494641852396909, 0.11437201410044606]",0.6125988477161721,1.175377816579841,120,4840,"[2.526146600371985, 2.526146600371985, 2.526146600371985, 2.526146600371985, 2.526146600371985, 2.417246219800435, 2.3218883970220965, 2.3218883970220965, 2.3218883970220965, 2.3218883970220965, 2.2374084852128773, 2.2374084852128773, 2.2374084852128773, 2.2374084852128773, 1.9232509155115713, 1.9232509155115713, 1.9232509155115713, 1.9232509155115713, 1.9232509155115713, 1.9232509155115713, 1.9232509155115713, 1.8538345923332817, 1.27256642930107, 1.27256642930107, 1.27256642930107, 1.27256642930107, 1.27256642930107, 1.27256642930107, 1.27256642930107, 1.27256642930107, 1.27256642930107, 1.27256642930107, 1.27256642930107, 1.27256642930107, 1.27256642930107, 1.27256642930107, 1.27256642930107, 1.27256642930107, 1.27256642930107, 1.27256642930107, 1.27256642930107, 1.27256642930107, 1.27256642930107, 1.27256642930107, 1.27256642930107, 1.27256642930107, 1.27256642930107, 1.27256642930107, 1.27256642930107, 1.27256642930107, 1.27256642930107, 1.27256642930107, 1.27256642930107, 1.27256642930107, 1.27256642930107, 1.27256642930107, 1.27256642930107, 1.27256642930107, 1.27256642930107, 0.679851775170506, 0.679851775170506, 0.679851775170506, 0.6493602102817438, 0.6493602102817438, 0.6493602102817438, 0.6493602102817438, 0.6372083056645546, 0.6372083056645546, 0.6372083056645546, 0.6372083056645546, 0.6372083056645546, 0.6372083056645546, 0.6372083056645546, 0.6372083056645546, 0.6372083056645546, 0.6372083056645546, 0.6372083056645546, 0.6372083056645546, 0.6372083056645546, 0.6372083056645546, 0.6372083056645546, 0.6372083056645546, 0.6372083056645546, 0.6372083056645546, 0.6372083056645546, 0.6372083056645546, 0.6372083056645546, 0.6372083056645546, 0.6372083056645546, 0.6372083056645546, 0.6372083056645546, 0.6372083056645546, 0.6372083056645546, 0.6372083056645546, 0.6372083056645546, 0.6372083056645546, 0.6372083056645546, 0.6372083056645546, 0.6125988477161721, 0.6125988477161721, 0.6125988477161721, 0.6125988477161721, 0.6125988477161721, 0.6125988477161721, 0.6125988477161721, 0.6125988477161721, 0.6125988477161721, 0.6125988477161721, 0.6125988477161721, 0.6125988477161721, 0.6125988477161721, 0.6125988477161721, 0.6125988477161721, 0.6125988477161721, 0.6125988477161721, 0.6125988477161721, 0.6125988477161721, 0.6125988477161721, 0.6125988477161721, 0.6125988477161721, 0.6125988477161721]","{""elitism_fraction"": 0.2, ""max_iterations"": 120, ""mutation_fraction"": 0.1, ""population_size"": 40}"
rosenbrock,Rosenbrock,64,1651,ea,Algoritmo evolutivo,3,"[-2.048, 2.048]","[1.0, 1.0, 1.0]","[1.0008226486018974, 1.0102984907872576, 1.0560679322967115]",0.13266089768848874,0.05701182943254896,120,4840,"[9.506774182991263, 9.506774182991263, 9.506774182991263, 9.506774182991263, 9.506774182991263, 9.506774182991263, 6.076362540852399, 6.076362540852399, 6.076362540852399, 6.076362540852399, 2.748706306228315, 2.748706306228315, 2.748706306228315, 2.748706306228315, 2.748706306228315, 1.2218733470567498, 1.2218733470567498, 1.2218733470567498, 1.2218733470567498, 1.2218733470567498, 1.2218733470567498, 1.2218733470567498, 1.2218733470567498, 1.2218733470567498, 1.2218733470567498, 1.2218733470567498, 0.8907885303663213, 0.8907885303663213, 0.8907885303663213, 0.8907885303663213, 0.8907885303663213, 0.8907885303663213, 0.8907885303663213, 0.8907885303663213, 0.8907885303663213, 0.8907885303663213, 0.8907885303663213, 0.8907885303663213, 0.8907885303663213, 0.8907885303663213, 0.8907885303663213, 0.8783092096709604, 0.8783092096709604, 0.8783092096709604, 0.8783092096709604, 0.8783092096709604, 0.8783092096709604, 0.8783092096709604, 0.8783092096709604, 0.8783092096709604, 0.8783092096709604, 0.8783092096709604, 0.8783092096709604, 0.8783092096709604, 0.8783092096709604, 0.8783092096709604, 0.8783092096709604, 0.8783092096709604, 0.8783092096709604, 0.8783092096709604, 0.8783092096709604, 0.8783092096709604, 0.8783092096709604, 0.8783092096709604, 0.8783092096709604, 0.8783092096709604, 0.8783092096709604, 0.8783092096709604, 0.8783092096709604, 0.8783092096709604, 0.8783092096709604, 0.8783092096709604, 0.8783092096709604, 0.8783092096709604, 0.8783092096709604, 0.8783092096709604, 0.8783092096709604, 0.8783092096709604, 0.8783092096709604, 0.8783092096709604, 0.8783092096709604, 0.8783092096709604, 0.8783092096709604, 0.8783092096709604, 0.8783092096709604, 0.8783092096709604, 0.8783092096709604, 0.8783092096709604, 0.8783092096709604, 0.8783092096709604, 0.13266089768848874, 0.13266089768848874, 0.13266089768848874, 0.13266089768848874, 0.13266089768848874, 0.13266089768848874, 0.13266089768848874, 0.13266089768848874, 0.13266089768848874, 0.13266089768848874, 0.13266089768848874, 0.13266089768848874, 0.13266089768848874, 0.13266089768848874, 0.13266089768848874, 0.13266089768848874, 0.13266089768848874, 0.13266089768848874, 0.13266089768848874, 0.13266089768848874, 0.13266089768848874, 0.13266089768848874, 0.13266089768848874, 0.13266089768848874, 0.13266089768848874, 0.13266089768848874, 0.13266089768848874, 0.13266089768848874, 0.13266089768848874, 0.13266089768848874, 0.13266089768848874]","{""elitism_fraction"": 0.2, ""max_iterations"": 120, ""mutation_fraction"": 0.1, ""population_size"": 40}"
rosenbrock,Rosenbrock,65,1652,ea,Algoritmo evolutivo,3,"[-2.048, 2.048]","[1.0, 1.0, 1.0]","[0.4958865185200789, 0.245102692852059, 0.05927887359961348]",0.8241279003150692,1.3072706621832495,120,4840,"[17.251646601856873, 17.251646601856873, 17.251646601856873, 17.251646601856873, 17.251646601856873, 5.5557505695267855, 5.5557505695267855, 5.5557505695267855, 1.0441906626622175, 1.0441906626622175, 1.0441906626622175, 1.0441906626622175, 1.0441906626622175, 1.0441906626622175, 1.0441906626622175, 1.0441906626622175, 1.0441906626622175, 1.0441906626622175, 1.0441906626622175, 1.0441906626622175, 1.0441906626622175, 1.0441906626622175, 1.0441906626622175, 1.0441906626622175, 1.0441906626622175, 1.0441906626622175, 1.0441906626622175, 1.0441906626622175, 1.0441906626622175, 1.0441906626622175, 0.8261432393560024, 0.8261432393560024, 0.8261432393560024, 0.8261432393560024, 0.8261432393560024, 0.8261432393560024, 0.8261432393560024, 0.8261432393560024, 0.8261432393560024, 0.8261432393560024, 0.8261432393560024, 0.8261432393560024, 0.8261432393560024, 0.8241279003150692, 0.8241279003150692, 0.8241279003150692, 0.8241279003150692, 0.8241279003150692, 0.8241279003150692, 0.8241279003150692, 0.8241279003150692, 0.8241279003150692, 0.8241279003150692, 0.8241279003150692, 0.8241279003150692, 0.8241279003150692, 0.8241279003150692, 0.8241279003150692, 0.8241279003150692, 0.8241279003150692, 0.8241279003150692, 0.8241279003150692, 0.8241279003150692, 0.8241279003150692, 0.8241279003150692, 0.8241279003150692, 0.8241279003150692, 0.8241279003150692, 0.8241279003150692, 0.8241279003150692, 0.8241279003150692, 0.8241279003150692, 0.8241279003150692, 0.8241279003150692, 0.8241279003150692, 0.8241279003150692, 0.8241279003150692, 0.8241279003150692, 0.8241279003150692, 0.8241279003150692, 0.8241279003150692, 0.8241279003150692, 0.8241279003150692, 0.8241279003150692, 0.8241279003150692, 0.8241279003150692, 0.8241279003150692, 0.8241279003150692, 0.8241279003150692, 0.8241279003150692, 0.8241279003150692, 0.8241279003150692, 0.8241279003150692, 0.8241279003150692, 0.8241279003150692, 0.8241279003150692, 0.8241279003150692, 0.8241279003150692, 0.8241279003150692, 0.8241279003150692, 0.8241279003150692, 0.8241279003150692, 0.8241279003150692, 0.8241279003150692, 0.8241279003150692, 0.8241279003150692, 0.8241279003150692, 0.8241279003150692, 0.8241279003150692, 0.8241279003150692, 0.8241279003150692, 0.8241279003150692, 0.8241279003150692, 0.8241279003150692, 0.8241279003150692, 0.8241279003150692, 0.8241279003150692, 0.8241279003150692, 0.8241279003150692, 0.8241279003150692, 0.8241279003150692]","{""elitism_fraction"": 0.2, ""max_iterations"": 120, ""mutation_fraction"": 0.1, ""population_size"": 40}"
rosenbrock,Rosenbrock,66,1653,ea,Algoritmo evolutivo,3,"[-2.048, 2.048]","[1.0, 1.0, 1.0]","[0.7299664529192968, 0.5696009686198473, 0.3311250201641798]",0.3976792125419124,0.8399733218455981,120,4840,"[11.84033093606981, 11.84033093606981, 11.84033093606981, 11.84033093606981, 11.194386685278118, 11.194386685278118, 11.194386685278118, 2.6496257157440537, 0.5131848535784649, 0.5131848535784649, 0.5131848535784649, 0.5131848535784649, 0.5131848535784649, 0.5131848535784649, 0.5131848535784649, 0.5131848535784649, 0.5131848535784649, 0.5131848535784649, 0.5131848535784649, 0.5131848535784649, 0.5131848535784649, 0.5131848535784649, 0.5131848535784649, 0.5131848535784649, 0.5131848535784649, 0.5131848535784649, 0.5131848535784649, 0.5131848535784649, 0.5131848535784649, 0.5131848535784649, 0.5131848535784649, 0.5131848535784649, 0.5131848535784649, 0.5131848535784649, 0.5131848535784649, 0.5131848535784649, 0.5131848535784649, 0.5131848535784649, 0.5131848535784649, 0.5131848535784649, 0.5131848535784649, 0.5131848535784649, 0.5131848535784649, 0.5131848535784649, 0.5131848535784649, 0.5131848535784649, 0.5131848535784649, 0.5131848535784649, 0.5131848535784649, 0.5131848535784649, 0.5131848535784649, 0.5131848535784649, 0.5131848535784649, 0.5131848535784649, 0.5131848535784649, 0.5131848535784649, 0.5131848535784649, 0.5131848535784649, 0.5131848535784649, 0.5131848535784649, 0.5131848535784649, 0.5131848535784649, 0.5131848535784649, 0.5131848535784649, 0.5131848535784649, 0.5131848535784649, 0.5131848535784649, 0.5131848535784649, 0.5131848535784649, 0.5131848535784649, 0.5131848535784649, 0.5131848535784649, 0.5131848535784649, 0.5131848535784649, 0.5131848535784649, 0.5131848535784649, 0.5099699019884961, 0.5099699019884961, 0.5099699019884961, 0.5099699019884961, 0.5099699019884961, 0.5099699019884961, 0.5099699019884961, 0.5099699019884961, 0.5099699019884961, 0.5099699019884961, 0.5099699019884961, 0.5099699019884961, 0.5099699019884961, 0.5099699019884961, 0.5099699019884961, 0.5099699019884961, 0.5099699019884961, 0.5099699019884961, 0.5099699019884961, 0.5099699019884961, 0.5099699019884961, 0.5099699019884961, 0.5099699019884961, 0.5099699019884961, 0.5099699019884961, 0.5099699019884961, 0.5099699019884961, 0.5099699019884961, 0.5099699019884961, 0.5099699019884961, 0.5099699019884961, 0.5099699019884961, 0.5099699019884961, 0.5099699019884961, 0.5099699019884961, 0.3976792125419124, 0.3976792125419124, 0.3976792125419124, 0.3976792125419124, 0.3976792125419124, 0.3976792125419124, 0.3976792125419124, 0.3976792125419124, 0.3976792125419124, 0.3976792125419124]","{""elitism_fraction"": 0.2, ""max_iterations"": 120, ""mutation_fraction"": 0.1, ""population_size"": 40}"
rosenbrock,Rosenbrock,67,1654,ea,Algoritmo evolutivo,3,"[-2.048, 2.048]","[1.0, 1.0, 1.0]","[0.25868276357197884, 0.05309443231445732, -0.017570677341015806]",1.5068610776842744,1.5753194858578408,120,4840,"[27.61429571462295, 13.084630694718456, 13.084630694718456, 13.084630694718456, 11.046169721110573, 2.3435720840527288, 2.3435720840527288, 2.3435720840527288, 2.3435720840527288, 2.3435720840527288, 2.3339829298276595, 1.695298602932049, 1.695298602932049, 1.695298602932049, 1.695298602932049, 1.695298602932049, 1.695298602932049, 1.695298602932049, 1.695298602932049, 1.695298602932049, 1.695298602932049, 1.695298602932049, 1.695298602932049, 1.695298602932049, 1.695298602932049, 1.695298602932049, 1.695298602932049, 1.695298602932049, 1.695298602932049, 1.695298602932049, 1.695298602932049, 1.695298602932049, 1.695298602932049, 1.695298602932049, 1.695298602932049, 1.695298602932049, 1.695298602932049, 1.695298602932049, 1.695298602932049, 1.695298602932049, 1.695298602932049, 1.695298602932049, 1.695298602932049, 1.695298602932049, 1.695298602932049, 1.695298602932049, 1.695298602932049, 1.695298602932049, 1.695298602932049, 1.695298602932049, 1.695298602932049, 1.695298602932049, 1.695298602932049, 1.695298602932049, 1.695298602932049, 1.695298602932049, 1.695298602932049, 1.6214803593469234, 1.6214803593469234, 1.6214803593469234, 1.6214803593469234, 1.571475240976128, 1.571475240976128, 1.571475240976128, 1.571475240976128, 1.571475240976128, 1.571475240976128, 1.571475240976128, 1.571475240976128, 1.571475240976128, 1.571475240976128, 1.571475240976128, 1.571475240976128, 1.571475240976128, 1.571475240976128, 1.571475240976128, 1.5068610776842744, 1.5068610776842744, 1.5068610776842744, 1.5068610776842744, 1.5068610776842744, 1.5068610776842744, 1.5068610776842744, 1.5068610776842744, 1.5068610776842744, 1.5068610776842744, 1.5068610776842744, 1.5068610776842744, 1.5068610776842744, 1.5068610776842744, 1.5068610776842744, 1.5068610776842744, 1.5068610776842744, 1.5068610776842744, 1.5068610776842744, 1.5068610776842744, 1.5068610776842744, 1.5068610776842744, 1.5068610776842744, 1.5068610776842744, 1.5068610776842744, 1.5068610776842744, 1.5068610776842744, 1.5068610776842744, 1.5068610776842744, 1.5068610776842744, 1.5068610776842744, 1.5068610776842744, 1.5068610776842744, 1.5068610776842744, 1.5068610776842744, 1.5068610776842744, 1.5068610776842744, 1.5068610776842744, 1.5068610776842744, 1.5068610776842744, 1.5068610776842744, 1.5068610776842744, 1.5068610776842744, 1.5068610776842744, 1.5068610776842744]","{""elitism_fraction"": 0.2, ""max_iterations"": 120, ""mutation_fraction"": 0.1, ""population_size"": 40}"
rosenbrock,Rosenbrock,68,1655,ea,Algoritmo evolutivo,3,"[-2.048, 2.048]","[1.0, 1.0, 1.0]","[1.0045830522641896, 0.9987756716964973, 1.0027792261747006]",0.01359381456916485,0.005497949252329697,120,4840,"[70.51534818583089, 24.4208254784976, 5.15114113695615, 5.15114113695615, 5.15114113695615, 0.5381273219783318, 0.5381273219783318, 0.5381273219783318, 0.5381273219783318, 0.5381273219783318, 0.5381273219783318, 0.5381273219783318, 0.5381273219783318, 0.22252852575573026, 0.22252852575573026, 0.22252852575573026, 0.22252852575573026, 0.22252852575573026, 0.22252852575573026, 0.22252852575573026, 0.22252852575573026, 0.04020657069734361, 0.04020657069734361, 0.04020657069734361, 0.04020657069734361, 0.04020657069734361, 0.04020657069734361, 0.04020657069734361, 0.04020657069734361, 0.04020657069734361, 0.04020657069734361, 0.04020657069734361, 0.04020657069734361, 0.04020657069734361, 0.04020657069734361, 0.04020657069734361, 0.04020657069734361, 0.04020657069734361, 0.04020657069734361, 0.04020657069734361, 0.04020657069734361, 0.04020657069734361, 0.04020657069734361, 0.04020657069734361, 0.04020657069734361, 0.04020657069734361, 0.04020657069734361, 0.04020657069734361, 0.04020657069734361, 0.04020657069734361, 0.04020657069734361, 0.04020657069734361, 0.04020657069734361, 0.04020657069734361, 0.04020657069734361, 0.04020657069734361, 0.04020657069734361, 0.04020657069734361, 0.04020657069734361, 0.04020657069734361, 0.04020657069734361, 0.04020657069734361, 0.04020657069734361, 0.04020657069734361, 0.04020657069734361, 0.04020657069734361, 0.04020657069734361, 0.04020657069734361, 0.04020657069734361, 0.04020657069734361, 0.04020657069734361, 0.04020657069734361, 0.04020657069734361, 0.04020657069734361, 0.01359381456916485, 0.01359381456916485, 0.01359381456916485, 0.01359381456916485, 0.01359381456916485, 0.01359381456916485, 0.01359381456916485, 0.01359381456916485, 0.01359381456916485, 0.01359381456916485, 0.01359381456916485, 0.01359381456916485, 0.01359381456916485, 0.01359381456916485, 0.01359381456916485, 0.01359381456916485, 0.01359381456916485, 0.01359381456916485, 0.01359381456916485, 0.01359381456916485, 0.01359381456916485, 0.01359381456916485, 0.01359381456916485, 0.01359381456916485, 0.01359381456916485, 0.01359381456916485, 0.01359381456916485, 0.01359381456916485, 0.01359381456916485, 0.01359381456916485, 0.01359381456916485, 0.01359381456916485, 0.01359381456916485, 0.01359381456916485, 0.01359381456916485, 0.01359381456916485, 0.01359381456916485, 0.01359381456916485, 0.01359381456916485, 0.01359381456916485, 0.01359381456916485, 0.01359381456916485, 0.01359381456916485, 0.01359381456916485, 0.01359381456916485, 0.01359381456916485, 0.01359381456916485]","{""elitism_fraction"": 0.2, ""max_iterations"": 120, ""mutation_fraction"": 0.1, ""population_size"": 40}"
rosenbrock,Rosenbrock,69,1656,ea,Algoritmo evolutivo,3,"[-2.048, 2.048]","[1.0, 1.0, 1.0]","[0.19497768463957588, 0.02807818996258238, 0.0025843397550495695]",1.6028920766493746,1.6085804090428737,120,4840,"[85.63949883286901, 56.20525531801623, 16.91491817162025, 9.39014115651824, 9.39014115651824, 9.39014115651824, 5.66380245559599, 5.66380245559599, 5.66380245559599, 5.66380245559599, 5.66380245559599, 5.66380245559599, 5.444933969157303, 5.444933969157303, 5.444933969157303, 5.444933969157303, 5.444933969157303, 5.444933969157303, 5.444933969157303, 5.444933969157303, 5.444933969157303, 5.444933969157303, 5.418282606786726, 5.418282606786726, 5.418282606786726, 5.418282606786726, 5.418282606786726, 5.418282606786726, 5.418282606786726, 5.418282606786726, 5.418282606786726, 5.418282606786726, 3.945325338901671, 3.945325338901671, 3.945325338901671, 3.945325338901671, 3.945325338901671, 3.945325338901671, 2.1676490774128427, 2.1676490774128427, 2.1676490774128427, 2.1676490774128427, 2.1676490774128427, 2.1676490774128427, 2.1467929963120915, 2.1467929963120915, 2.1467929963120915, 2.1467929963120915, 2.1467929963120915, 2.0399994753076087, 2.0399994753076087, 2.0399994753076087, 2.019143394206858, 2.019143394206858, 2.019143394206858, 2.019143394206858, 2.019143394206858, 2.019143394206858, 2.019143394206858, 2.019143394206858, 2.019143394206858, 2.019143394206858, 2.019143394206858, 2.019143394206858, 2.019143394206858, 2.019143394206858, 2.019143394206858, 2.019143394206858, 2.019143394206858, 2.019143394206858, 2.019143394206858, 2.019143394206858, 2.019143394206858, 2.019143394206858, 2.019143394206858, 2.019143394206858, 2.019143394206858, 2.019143394206858, 2.0141398163958604, 2.0141398163958604, 2.0141398163958604, 2.0141398163958604, 2.0141398163958604, 2.0141398163958604, 2.0141398163958604, 2.0141398163958604, 2.0141398163958604, 2.0141398163958604, 2.0141398163958604, 2.0141398163958604, 2.0141398163958604, 2.0141398163958604, 1.8010565235287435, 1.8010565235287435, 1.8010565235287435, 1.8010565235287435, 1.8010565235287435, 1.8010565235287435, 1.8010565235287435, 1.8010565235287435, 1.8010565235287435, 1.8010565235287435, 1.6258436082792778, 1.6258436082792778, 1.6258436082792778, 1.6258436082792778, 1.6258436082792778, 1.6258436082792778, 1.6258436082792778, 1.6258436082792778, 1.6258436082792778, 1.6028920766493746, 1.6028920766493746, 1.6028920766493746, 1.6028920766493746, 1.6028920766493746, 1.6028920766493746, 1.6028920766493746, 1.6028920766493746, 1.6028920766493746, 1.6028920766493746]","{""elitism_fraction"": 0.2, ""max_iterations"": 120, ""mutation_fraction"": 0.1, ""population_size"": 40}"
rosenbrock,Rosenbrock,70,1648,ea,Algoritmo evolutivo,3,"[-2.048, 2.048]","[1.0, 1.0, 1.0]","[0.8984846881153583, 0.8343217550300235, 0.6930536040711646]",0.11183243552405443,0.3632777578892892,120,4840,"[52.137436150658026, 26.18252302672296, 26.18252302672296, 26.18252302672296, 26.18252302672296, 7.1785039720209385, 4.654671691548962, 4.654671691548962, 3.719771462880683, 3.719771462880683, 3.719771462880683, 3.719771462880683, 3.719771462880683, 3.719771462880683, 3.719771462880683, 3.719771462880683, 3.719771462880683, 0.2853034088820703, 0.2853034088820703, 0.2853034088820703, 0.2853034088820703, 0.2853034088820703, 0.2853034088820703, 0.2853034088820703, 0.2853034088820703, 0.2853034088820703, 0.2853034088820703, 0.2853034088820703, 0.2853034088820703, 0.2853034088820703, 0.2853034088820703, 0.2853034088820703, 0.2853034088820703, 0.2853034088820703, 0.2853034088820703, 0.2853034088820703, 0.2853034088820703, 0.2853034088820703, 0.2853034088820703, 0.2853034088820703, 0.2853034088820703, 0.2853034088820703, 0.2853034088820703, 0.2853034088820703, 0.2853034088820703, 0.2853034088820703, 0.2853034088820703, 0.2853034088820703, 0.2853034088820703, 0.2853034088820703, 0.2853034088820703, 0.2853034088820703, 0.2853034088820703, 0.2853034088820703, 0.2853034088820703, 0.2853034088820703, 0.2853034088820703, 0.2853034088820703, 0.2853034088820703, 0.2853034088820703, 0.2853034088820703, 0.2853034088820703, 0.2853034088820703, 0.2853034088820703, 0.2853034088820703, 0.2853034088820703, 0.2853034088820703, 0.2853034088820703, 0.2853034088820703, 0.2853034088820703, 0.2032647217137149, 0.2032647217137149, 0.2032647217137149, 0.2032647217137149, 0.2032647217137149, 0.1729602729989252, 0.1729602729989252, 0.1729602729989252, 0.1729602729989252, 0.1729602729989252, 0.11183243552405443, 0.11183243552405443, 0.11183243552405443, 0.11183243552405443, 0.11183243552405443, 0.11183243552405443, 0.11183243552405443, 0.11183243552405443, 0.11183243552405443, 0.11183243552405443, 0.11183243552405443, 0.11183243552405443, 0.11183243552405443, 0.11183243552405443, 0.11183243552405443, 0.11183243552405443, 0.11183243552405443, 0.11183243552405443, 0.11183243552405443, 0.11183243552405443, 0.11183243552405443, 0.11183243552405443, 0.11183243552405443, 0.11183243552405443, 0.11183243552405443, 0.11183243552405443, 0.11183243552405443, 0.11183243552405443, 0.11183243552405443, 0.11183243552405443, 0.11183243552405443, 0.11183243552405443, 0.11183243552405443, 0.11183243552405443, 0.11183243552405443, 0.11183243552405443, 0.11183243552405443, 0.11183243552405443, 0.11183243552405443, 0.11183243552405443, 0.11183243552405443]","{""elitism_fraction"": 0.2, ""max_iterations"": 120, ""mutation_fraction"": 0.1, ""population_size"": 40}"
rosenbrock,Rosenbrock,71,1649,ea,Algoritmo evolutivo,3,"[-2.048, 2.048]","[1.0, 1.0, 1.0]","[0.9951025224604728, 0.9840603572657902, 0.9536523625634179]",0.025758287452177064,0.049256075693230844,120,4840,"[26.931435001628422, 22.69696136631812, 1.258509167689113, 1.258509167689113, 1.258509167689113, 1.258509167689113, 1.258509167689113, 1.258509167689113, 1.258509167689113, 1.258509167689113, 1.258509167689113, 1.258509167689113, 1.258509167689113, 1.258509167689113, 1.258509167689113, 1.258509167689113, 1.0107796039226784, 1.0107796039226784, 1.0107796039226784, 0.5581190295508657, 0.5581190295508657, 0.5581190295508657, 0.5581190295508657, 0.5581190295508657, 0.5581190295508657, 0.5581190295508657, 0.5581190295508657, 0.5581190295508657, 0.5581190295508657, 0.5581190295508657, 0.5581190295508657, 0.5581190295508657, 0.5581190295508657, 0.5581190295508657, 0.5581190295508657, 0.5581190295508657, 0.5581190295508657, 0.5581190295508657, 0.5581190295508657, 0.5581190295508657, 0.5581190295508657, 0.5581190295508657, 0.5581190295508657, 0.5581190295508657, 0.5581190295508657, 0.5581190295508657, 0.5581190295508657, 0.5581190295508657, 0.5581190295508657, 0.5581190295508657, 0.5581190295508657, 0.5581190295508657, 0.5581190295508657, 0.5581190295508657, 0.5581190295508657, 0.5581190295508657, 0.5581190295508657, 0.5581190295508657, 0.5581190295508657, 0.5581190295508657, 0.5581190295508657, 0.5581190295508657, 0.5581190295508657, 0.5581190295508657, 0.5581190295508657, 0.5581190295508657, 0.5581190295508657, 0.5581190295508657, 0.5581190295508657, 0.5581190295508657, 0.5581190295508657, 0.025758287452177064, 0.025758287452177064, 0.025758287452177064, 0.025758287452177064, 0.025758287452177064, 0.025758287452177064, 0.025758287452177064, 0.025758287452177064, 0.025758287452177064, 0.025758287452177064, 0.025758287452177064, 0.025758287452177064, 0.025758287452177064, 0.025758287452177064, 0.025758287452177064, 0.025758287452177064, 0.025758287452177064, 0.025758287452177064, 0.025758287452177064, 0.025758287452177064, 0.025758287452177064, 0.025758287452177064, 0.025758287452177064, 0.025758287452177064, 0.025758287452177064, 0.025758287452177064, 0.025758287452177064, 0.025758287452177064, 0.025758287452177064, 0.025758287452177064, 0.025758287452177064, 0.025758287452177064, 0.025758287452177064, 0.025758287452177064, 0.025758287452177064, 0.025758287452177064, 0.025758287452177064, 0.025758287452177064, 0.025758287452177064, 0.025758287452177064, 0.025758287452177064, 0.025758287452177064, 0.025758287452177064, 0.025758287452177064, 0.025758287452177064, 0.025758287452177064, 0.025758287452177064, 0.025758287452177064, 0.025758287452177064, 0.025758287452177064]","{""elitism_fraction"": 0.2, ""max_iterations"": 120, ""mutation_fraction"": 0.1, ""population_size"": 40}"
rosenbrock,Rosenbrock,72,1650,ea,Algoritmo evolutivo,3,"[-2.048, 2.048]","[1.0, 1.0, 1.0]","[0.5828918173739162, 0.3494641852396909, 0.11437201410044606]",0.6125988477161721,1.175377816579841,120,4840,"[2.526146600371985, 2.526146600371985, 2.526146600371985, 2.526146600371985, 2.526146600371985, 2.417246219800435, 2.3218883970220965, 2.3218883970220965, 2.3218883970220965, 2.3218883970220965, 2.2374084852128773, 2.2374084852128773, 2.2374084852128773, 2.2374084852128773, 1.9232509155115713, 1.9232509155115713, 1.9232509155115713, 1.9232509155115713, 1.9232509155115713, 1.9232509155115713, 1.9232509155115713, 1.8538345923332817, 1.27256642930107, 1.27256642930107, 1.27256642930107, 1.27256642930107, 1.27256642930107, 1.27256642930107, 1.27256642930107, 1.27256642930107, 1.27256642930107, 1.27256642930107, 1.27256642930107, 1.27256642930107, 1.27256642930107, 1.27256642930107, 1.27256642930107, 1.27256642930107, 1.27256642930107, 1.27256642930107, 1.27256642930107, 1.27256642930107, 1.27256642930107, 1.27256642930107, 1.27256642930107, 1.27256642930107, 1.27256642930107, 1.27256642930107, 1.27256642930107, 1.27256642930107, 1.27256642930107, 1.27256642930107, 1.27256642930107, 1.27256642930107, 1.27256642930107, 1.27256642930107, 1.27256642930107, 1.27256642930107, 1.27256642930107, 0.679851775170506, 0.679851775170506, 0.679851775170506, 0.6493602102817438, 0.6493602102817438, 0.6493602102817438, 0.6493602102817438, 0.6372083056645546, 0.6372083056645546, 0.6372083056645546, 0.6372083056645546, 0.6372083056645546, 0.6372083056645546, 0.6372083056645546, 0.6372083056645546, 0.6372083056645546, 0.6372083056645546, 0.6372083056645546, 0.6372083056645546, 0.6372083056645546, 0.6372083056645546, 0.6372083056645546, 0.6372083056645546, 0.6372083056645546, 0.6372083056645546, 0.6372083056645546, 0.6372083056645546, 0.6372083056645546, 0.6372083056645546, 0.6372083056645546, 0.6372083056645546, 0.6372083056645546, 0.6372083056645546, 0.6372083056645546, 0.6372083056645546, 0.6372083056645546, 0.6372083056645546, 0.6372083056645546, 0.6372083056645546, 0.6125988477161721, 0.6125988477161721, 0.6125988477161721, 0.6125988477161721, 0.6125988477161721, 0.6125988477161721, 0.6125988477161721, 0.6125988477161721, 0.6125988477161721, 0.6125988477161721, 0.6125988477161721, 0.6125988477161721, 0.6125988477161721, 0.6125988477161721, 0.6125988477161721, 0.6125988477161721, 0.6125988477161721, 0.6125988477161721, 0.6125988477161721, 0.6125988477161721, 0.6125988477161721, 0.6125988477161721, 0.6125988477161721]","{""elitism_fraction"": 0.2, ""max_iterations"": 120, ""mutation_fraction"": 0.1, ""population_size"": 40}"
rosenbrock,Rosenbrock,73,1651,ea,Algoritmo evolutivo,3,"[-2.048, 2.048]","[1.0, 1.0, 1.0]","[1.0008226486018974, 1.0102984907872576, 1.0560679322967115]",0.13266089768848874,0.05701182943254896,120,4840,"[9.506774182991263, 9.506774182991263, 9.506774182991263, 9.506774182991263, 9.506774182991263, 9.506774182991263, 6.076362540852399, 6.076362540852399, 6.076362540852399, 6.076362540852399, 2.748706306228315, 2.748706306228315, 2.748706306228315, 2.748706306228315, 2.748706306228315, 1.2218733470567498, 1.2218733470567498, 1.2218733470567498, 1.2218733470567498, 1.2218733470567498, 1.2218733470567498, 1.2218733470567498, 1.2218733470567498, 1.2218733470567498, 1.2218733470567498, 1.2218733470567498, 0.8907885303663213, 0.8907885303663213, 0.8907885303663213, 0.8907885303663213, 0.8907885303663213, 0.8907885303663213, 0.8907885303663213, 0.8907885303663213, 0.8907885303663213, 0.8907885303663213, 0.8907885303663213, 0.8907885303663213, 0.8907885303663213, 0.8907885303663213, 0.8907885303663213, 0.8783092096709604, 0.8783092096709604, 0.8783092096709604, 0.8783092096709604, 0.8783092096709604, 0.8783092096709604, 0.8783092096709604, 0.8783092096709604, 0.8783092096709604, 0.8783092096709604, 0.8783092096709604, 0.8783092096709604, 0.8783092096709604, 0.8783092096709604, 0.8783092096709604, 0.8783092096709604, 0.8783092096709604, 0.8783092096709604, 0.8783092096709604, 0.8783092096709604, 0.8783092096709604, 0.8783092096709604, 0.8783092096709604, 0.8783092096709604, 0.8783092096709604, 0.8783092096709604, 0.8783092096709604, 0.8783092096709604, 0.8783092096709604, 0.8783092096709604, 0.8783092096709604, 0.8783092096709604, 0.8783092096709604, 0.8783092096709604, 0.8783092096709604, 0.8783092096709604, 0.8783092096709604, 0.8783092096709604, 0.8783092096709604, 0.8783092096709604, 0.8783092096709604, 0.8783092096709604, 0.8783092096709604, 0.8783092096709604, 0.8783092096709604, 0.8783092096709604, 0.8783092096709604, 0.8783092096709604, 0.8783092096709604, 0.13266089768848874, 0.13266089768848874, 0.13266089768848874, 0.13266089768848874, 0.13266089768848874, 0.13266089768848874, 0.13266089768848874, 0.13266089768848874, 0.13266089768848874, 0.13266089768848874, 0.13266089768848874, 0.13266089768848874, 0.13266089768848874, 0.13266089768848874, 0.13266089768848874, 0.13266089768848874, 0.13266089768848874, 0.13266089768848874, 0.13266089768848874, 0.13266089768848874, 0.13266089768848874, 0.13266089768848874, 0.13266089768848874, 0.13266089768848874, 0.13266089768848874, 0.13266089768848874, 0.13266089768848874, 0.13266089768848874, 0.13266089768848874, 0.13266089768848874, 0.13266089768848874]","{""elitism_fraction"": 0.2, ""max_iterations"": 120, ""mutation_fraction"": 0.1, ""population_size"": 40}"
rosenbrock,Rosenbrock,74,1652,ea,Algoritmo evolutivo,3,"[-2.048, 2.048]","[1.0, 1.0, 1.0]","[0.4958865185200789, 0.245102692852059, 0.05927887359961348]",0.8241279003150692,1.3072706621832495,120,4840,"[17.251646601856873, 17.251646601856873, 17.251646601856873, 17.251646601856873, 17.251646601856873, 5.5557505695267855, 5.5557505695267855, 5.5557505695267855, 1.0441906626622175, 1.0441906626622175, 1.0441906626622175, 1.0441906626622175, 1.0441906626622175, 1.0441906626622175, 1.0441906626622175, 1.0441906626622175, 1.0441906626622175, 1.0441906626622175, 1.0441906626622175, 1.0441906626622175, 1.0441906626622175, 1.0441906626622175, 1.0441906626622175, 1.0441906626622175, 1.0441906626622175, 1.0441906626622175, 1.0441906626622175, 1.0441906626622175, 1.0441906626622175, 1.0441906626622175, 0.8261432393560024, 0.8261432393560024, 0.8261432393560024, 0.8261432393560024, 0.8261432393560024, 0.8261432393560024, 0.8261432393560024, 0.8261432393560024, 0.8261432393560024, 0.8261432393560024, 0.8261432393560024, 0.8261432393560024, 0.8261432393560024, 0.8241279003150692, 0.8241279003150692, 0.8241279003150692, 0.8241279003150692, 0.8241279003150692, 0.8241279003150692, 0.8241279003150692, 0.8241279003150692, 0.8241279003150692, 0.8241279003150692, 0.8241279003150692, 0.8241279003150692, 0.8241279003150692, 0.8241279003150692, 0.8241279003150692, 0.8241279003150692, 0.8241279003150692, 0.8241279003150692, 0.8241279003150692, 0.8241279003150692, 0.8241279003150692, 0.8241279003150692, 0.8241279003150692, 0.8241279003150692, 0.8241279003150692, 0.8241279003150692, 0.8241279003150692, 0.8241279003150692, 0.8241279003150692, 0.8241279003150692, 0.8241279003150692, 0.8241279003150692, 0.8241279003150692, 0.8241279003150692, 0.8241279003150692, 0.8241279003150692, 0.8241279003150692, 0.8241279003150692, 0.8241279003150692, 0.8241279003150692, 0.8241279003150692, 0.8241279003150692, 0.8241279003150692, 0.8241279003150692, 0.8241279003150692, 0.8241279003150692, 0.8241279003150692, 0.8241279003150692, 0.8241279003150692, 0.8241279003150692, 0.8241279003150692, 0.8241279003150692, 0.8241279003150692, 0.8241279003150692, 0.8241279003150692, 0.8241279003150692, 0.8241279003150692, 0.8241279003150692, 0.8241279003150692, 0.8241279003150692, 0.8241279003150692, 0.8241279003150692, 0.8241279003150692, 0.8241279003150692, 0.8241279003150692, 0.8241279003150692, 0.8241279003150692, 0.8241279003150692, 0.8241279003150692, 0.8241279003150692, 0.8241279003150692, 0.8241279003150692, 0.8241279003150692, 0.8241279003150692, 0.8241279003150692, 0.8241279003150692, 0.8241279003150692, 0.8241279003150692]","{""elitism_fraction"": 0.2, ""max_iterations"": 120, ""mutation_fraction"": 0.1, ""population_size"": 40}"
rosenbrock,Rosenbrock,75,1653,ea,Algoritmo evolutivo,3,"[-2.048, 2.048]","[1.0, 1.0, 1.0]","[0.7299664529192968, 0.5696009686198473, 0.3311250201641798]",0.3976792125419124,0.8399733218455981,120,4840,"[11.84033093606981, 11.84033093606981, 11.84033093606981, 11.84033093606981, 11.194386685278118, 11.194386685278118, 11.194386685278118, 2.6496257157440537, 0.5131848535784649, 0.5131848535784649, 0.5131848535784649, 0.5131848535784649, 0.5131848535784649, 0.5131848535784649, 0.5131848535784649, 0.5131848535784649, 0.5131848535784649, 0.5131848535784649, 0.5131848535784649, 0.5131848535784649, 0.5131848535784649, 0.5131848535784649, 0.5131848535784649, 0.5131848535784649, 0.5131848535784649, 0.5131848535784649, 0.5131848535784649, 0.5131848535784649, 0.5131848535784649, 0.5131848535784649, 0.5131848535784649, 0.5131848535784649, 0.5131848535784649, 0.5131848535784649, 0.5131848535784649, 0.5131848535784649, 0.5131848535784649, 0.5131848535784649, 0.5131848535784649, 0.5131848535784649, 0.5131848535784649, 0.5131848535784649, 0.5131848535784649, 0.5131848535784649, 0.5131848535784649, 0.5131848535784649, 0.5131848535784649, 0.5131848535784649, 0.5131848535784649, 0.5131848535784649, 0.5131848535784649, 0.5131848535784649, 0.5131848535784649, 0.5131848535784649, 0.5131848535784649, 0.5131848535784649, 0.5131848535784649, 0.5131848535784649, 0.5131848535784649, 0.5131848535784649, 0.5131848535784649, 0.5131848535784649, 0.5131848535784649, 0.5131848535784649, 0.5131848535784649, 0.5131848535784649, 0.5131848535784649, 0.5131848535784649, 0.5131848535784649, 0.5131848535784649, 0.5131848535784649, 0.5131848535784649, 0.5131848535784649, 0.5131848535784649, 0.5131848535784649, 0.5131848535784649, 0.5099699019884961, 0.5099699019884961, 0.5099699019884961, 0.5099699019884961, 0.5099699019884961, 0.5099699019884961, 0.5099699019884961, 0.5099699019884961, 0.5099699019884961, 0.5099699019884961, 0.5099699019884961, 0.5099699019884961, 0.5099699019884961, 0.5099699019884961, 0.5099699019884961, 0.5099699019884961, 0.5099699019884961, 0.5099699019884961, 0.5099699019884961, 0.5099699019884961, 0.5099699019884961, 0.5099699019884961, 0.5099699019884961, 0.5099699019884961, 0.5099699019884961, 0.5099699019884961, 0.5099699019884961, 0.5099699019884961, 0.5099699019884961, 0.5099699019884961, 0.5099699019884961, 0.5099699019884961, 0.5099699019884961, 0.5099699019884961, 0.5099699019884961, 0.3976792125419124, 0.3976792125419124, 0.3976792125419124, 0.3976792125419124, 0.3976792125419124, 0.3976792125419124, 0.3976792125419124, 0.3976792125419124, 0.3976792125419124, 0.3976792125419124]","{""elitism_fraction"": 0.2, ""max_iterations"": 120, ""mutation_fraction"": 0.1, ""population_size"": 40}"
rosenbrock,Rosenbrock,76,1654,ea,Algoritmo evolutivo,3,"[-2.048, 2.048]","[1.0, 1.0, 1.0]","[0.25868276357197884, 0.05309443231445732, -0.017570677341015806]",1.5068610776842744,1.5753194858578408,120,4840,"[27.61429571462295, 13.084630694718456, 13.084630694718456, 13.084630694718456, 11.046169721110573, 2.3435720840527288, 2.3435720840527288, 2.3435720840527288, 2.3435720840527288, 2.3435720840527288, 2.3339829298276595, 1.695298602932049, 1.695298602932049, 1.695298602932049, 1.695298602932049, 1.695298602932049, 1.695298602932049, 1.695298602932049, 1.695298602932049, 1.695298602932049, 1.695298602932049, 1.695298602932049, 1.695298602932049, 1.695298602932049, 1.695298602932049, 1.695298602932049, 1.695298602932049, 1.695298602932049, 1.695298602932049, 1.695298602932049, 1.695298602932049, 1.695298602932049, 1.695298602932049, 1.695298602932049, 1.695298602932049, 1.695298602932049, 1.695298602932049, 1.695298602932049, 1.695298602932049, 1.695298602932049, 1.695298602932049, 1.695298602932049, 1.695298602932049, 1.695298602932049, 1.695298602932049, 1.695298602932049, 1.695298602932049, 1.695298602932049, 1.695298602932049, 1.695298602932049, 1.695298602932049, 1.695298602932049, 1.695298602932049, 1.695298602932049, 1.695298602932049, 1.695298602932049, 1.695298602932049, 1.6214803593469234, 1.6214803593469234, 1.6214803593469234, 1.6214803593469234, 1.571475240976128, 1.571475240976128, 1.571475240976128, 1.571475240976128, 1.571475240976128, 1.571475240976128, 1.571475240976128, 1.571475240976128, 1.571475240976128, 1.571475240976128, 1.571475240976128, 1.571475240976128, 1.571475240976128, 1.571475240976128, 1.571475240976128, 1.5068610776842744, 1.5068610776842744, 1.5068610776842744, 1.5068610776842744, 1.5068610776842744, 1.5068610776842744, 1.5068610776842744, 1.5068610776842744, 1.5068610776842744, 1.5068610776842744, 1.5068610776842744, 1.5068610776842744, 1.5068610776842744, 1.5068610776842744, 1.5068610776842744, 1.5068610776842744, 1.5068610776842744, 1.5068610776842744, 1.5068610776842744, 1.5068610776842744, 1.5068610776842744, 1.5068610776842744, 1.5068610776842744, 1.5068610776842744, 1.5068610776842744, 1.5068610776842744, 1.5068610776842744, 1.5068610776842744, 1.5068610776842744, 1.5068610776842744, 1.5068610776842744, 1.5068610776842744, 1.5068610776842744, 1.5068610776842744, 1.5068610776842744, 1.5068610776842744, 1.5068610776842744, 1.5068610776842744, 1.5068610776842744, 1.5068610776842744, 1.5068610776842744, 1.5068610776842744, 1.5068610776842744, 1.5068610776842744, 1.5068610776842744]","{""elitism_fraction"": 0.2, ""max_iterations"": 120, ""mutation_fraction"": 0.1, ""population_size"": 40}"
rosenbrock,Rosenbrock,77,1655,ea,Algoritmo evolutivo,3,"[-2.048, 2.048]","[1.0, 1.0, 1.0]","[1.0045830522641896, 0.9987756716964973, 1.0027792261747006]",0.01359381456916485,0.005497949252329697,120,4840,"[70.51534818583089, 24.4208254784976, 5.15114113695615, 5.15114113695615, 5.15114113695615, 0.5381273219783318, 0.5381273219783318, 0.5381273219783318, 0.5381273219783318, 0.5381273219783318, 0.5381273219783318, 0.5381273219783318, 0.5381273219783318, 0.22252852575573026, 0.22252852575573026, 0.22252852575573026, 0.22252852575573026, 0.22252852575573026, 0.22252852575573026, 0.22252852575573026, 0.22252852575573026, 0.04020657069734361, 0.04020657069734361, 0.04020657069734361, 0.04020657069734361, 0.04020657069734361, 0.04020657069734361, 0.04020657069734361, 0.04020657069734361, 0.04020657069734361, 0.04020657069734361, 0.04020657069734361, 0.04020657069734361, 0.04020657069734361, 0.04020657069734361, 0.04020657069734361, 0.04020657069734361, 0.04020657069734361, 0.04020657069734361, 0.04020657069734361, 0.04020657069734361, 0.04020657069734361, 0.04020657069734361, 0.04020657069734361, 0.04020657069734361, 0.04020657069734361, 0.04020657069734361, 0.04020657069734361, 0.04020657069734361, 0.04020657069734361, 0.04020657069734361, 0.04020657069734361, 0.04020657069734361, 0.04020657069734361, 0.04020657069734361, 0.04020657069734361, 0.04020657069734361, 0.04020657069734361, 0.04020657069734361, 0.04020657069734361, 0.04020657069734361, 0.04020657069734361, 0.04020657069734361, 0.04020657069734361, 0.04020657069734361, 0.04020657069734361, 0.04020657069734361, 0.04020657069734361, 0.04020657069734361, 0.04020657069734361, 0.04020657069734361, 0.04020657069734361, 0.04020657069734361, 0.04020657069734361, 0.01359381456916485, 0.01359381456916485, 0.01359381456916485, 0.01359381456916485, 0.01359381456916485, 0.01359381456916485, 0.01359381456916485, 0.01359381456916485, 0.01359381456916485, 0.01359381456916485, 0.01359381456916485, 0.01359381456916485, 0.01359381456916485, 0.01359381456916485, 0.01359381456916485, 0.01359381456916485, 0.01359381456916485, 0.01359381456916485, 0.01359381456916485, 0.01359381456916485, 0.01359381456916485, 0.01359381456916485, 0.01359381456916485, 0.01359381456916485, 0.01359381456916485, 0.01359381456916485, 0.01359381456916485, 0.01359381456916485, 0.01359381456916485, 0.01359381456916485, 0.01359381456916485, 0.01359381456916485, 0.01359381456916485, 0.01359381456916485, 0.01359381456916485, 0.01359381456916485, 0.01359381456916485, 0.01359381456916485, 0.01359381456916485, 0.01359381456916485, 0.01359381456916485, 0.01359381456916485, 0.01359381456916485, 0.01359381456916485, 0.01359381456916485, 0.01359381456916485, 0.01359381456916485]","{""elitism_fraction"": 0.2, ""max_iterations"": 120, ""mutation_fraction"": 0.1, ""population_size"": 40}"
rosenbrock,Rosenbrock,78,1656,ea,Algoritmo evolutivo,3,"[-2.048, 2.048]","[1.0, 1.0, 1.0]","[0.19497768463957588, 0.02807818996258238, 0.0025843397550495695]",1.6028920766493746,1.6085804090428737,120,4840,"[85.63949883286901, 56.20525531801623, 16.91491817162025, 9.39014115651824, 9.39014115651824, 9.39014115651824, 5.66380245559599, 5.66380245559599, 5.66380245559599, 5.66380245559599, 5.66380245559599, 5.66380245559599, 5.444933969157303, 5.444933969157303, 5.444933969157303, 5.444933969157303, 5.444933969157303, 5.444933969157303, 5.444933969157303, 5.444933969157303, 5.444933969157303, 5.444933969157303, 5.418282606786726, 5.418282606786726, 5.418282606786726, 5.418282606786726, 5.418282606786726, 5.418282606786726, 5.418282606786726, 5.418282606786726, 5.418282606786726, 5.418282606786726, 3.945325338901671, 3.945325338901671, 3.945325338901671, 3.945325338901671, 3.945325338901671, 3.945325338901671, 2.1676490774128427, 2.1676490774128427, 2.1676490774128427, 2.1676490774128427, 2.1676490774128427, 2.1676490774128427, 2.1467929963120915, 2.1467929963120915, 2.1467929963120915, 2.1467929963120915, 2.1467929963120915, 2.0399994753076087, 2.0399994753076087, 2.0399994753076087, 2.019143394206858, 2.019143394206858, 2.019143394206858, 2.019143394206858, 2.019143394206858, 2.019143394206858, 2.019143394206858, 2.019143394206858, 2.019143394206858, 2.019143394206858, 2.019143394206858, 2.019143394206858, 2.019143394206858, 2.019143394206858, 2.019143394206858, 2.019143394206858, 2.019143394206858, 2.019143394206858, 2.019143394206858, 2.019143394206858, 2.019143394206858, 2.019143394206858, 2.019143394206858, 2.019143394206858, 2.019143394206858, 2.019143394206858, 2.0141398163958604, 2.0141398163958604, 2.0141398163958604, 2.0141398163958604, 2.0141398163958604, 2.0141398163958604, 2.0141398163958604, 2.0141398163958604, 2.0141398163958604, 2.0141398163958604, 2.0141398163958604, 2.0141398163958604, 2.0141398163958604, 2.0141398163958604, 1.8010565235287435, 1.8010565235287435, 1.8010565235287435, 1.8010565235287435, 1.8010565235287435, 1.8010565235287435, 1.8010565235287435, 1.8010565235287435, 1.8010565235287435, 1.8010565235287435, 1.6258436082792778, 1.6258436082792778, 1.6258436082792778, 1.6258436082792778, 1.6258436082792778, 1.6258436082792778, 1.6258436082792778, 1.6258436082792778, 1.6258436082792778, 1.6028920766493746, 1.6028920766493746, 1.6028920766493746, 1.6028920766493746, 1.6028920766493746, 1.6028920766493746, 1.6028920766493746, 1.6028920766493746, 1.6028920766493746, 1.6028920766493746]","{""elitism_fraction"": 0.2, ""max_iterations"": 120, ""mutation_fraction"": 0.1, ""population_size"": 40}"
rosenbrock,Rosenbrock,79,1657,ea,Algoritmo evolutivo,3,"[-2.048, 2.048]","[1.0, 1.0, 1.0]","[0.6374637662237115, 0.42423174181000434, 0.2055898677708221]",0.5605059237635621,1.0459584437864713,120,4840,"[60.29704443262758, 10.89491327499803, 10.89491327499803, 4.862604593960507, 4.862604593960507, 4.862604593960507, 4.862604593960507, 4.862604593960507, 4.862604593960507, 4.862604593960507, 4.862604593960507, 2.218943536443062, 2.218943536443062, 2.218943536443062, 2.218943536443062, 2.218943536443062, 2.218943536443062, 2.218943536443062, 2.218943536443062, 2.218943536443062, 2.1327051773904495, 2.1327051773904495, 2.1327051773904495, 2.1327051773904495, 2.1327051773904495, 2.1327051773904495, 2.1327051773904495, 2.1327051773904495, 2.1327051773904495, 2.1327051773904495, 2.1327051773904495, 2.1327051773904495, 2.1327051773904495, 2.1327051773904495, 2.1327051773904495, 2.1327051773904495, 2.1327051773904495, 2.1327051773904495, 2.1327051773904495, 2.1327051773904495, 2.1327051773904495, 2.1327051773904495, 2.1327051773904495, 2.1327051773904495, 1.8504113216179017, 1.8504113216179017, 1.8504113216179017, 1.8504113216179017, 1.8504113216179017, 1.8504113216179017, 1.8504113216179017, 1.8504113216179017, 1.8504113216179017, 1.8504113216179017, 1.8504113216179017, 1.8504113216179017, 1.8504113216179017, 1.8504113216179017, 1.7102546774919025, 1.7102546774919025, 1.7102546774919025, 1.7102546774919025, 1.7102546774919025, 1.2828578602519398, 1.1427012161259407, 1.1427012161259407, 1.1427012161259407, 1.1427012161259407, 1.1427012161259407, 1.1427012161259407, 1.1427012161259407, 1.1427012161259407, 1.1427012161259407, 1.1427012161259407, 1.1427012161259407, 1.1427012161259407, 1.1427012161259407, 1.1427012161259407, 0.8359415359279629, 0.8359415359279629, 0.8359415359279629, 0.8359415359279629, 0.8359415359279629, 0.8359415359279629, 0.8359415359279629, 0.8359415359279629, 0.8359415359279629, 0.8359415359279629, 0.8359415359279629, 0.8359415359279629, 0.8359415359279629, 0.8359415359279629, 0.8359415359279629, 0.8359415359279629, 0.5605059237635621, 0.5605059237635621, 0.5605059237635621, 0.5605059237635621, 0.5605059237635621, 0.5605059237635621, 0.5605059237635621, 0.5605059237635621, 0.5605059237635621, 0.5605059237635621, 0.5605059237635621, 0.5605059237635621, 0.5605059237635621, 0.5605059237635621, 0.5605059237635621, 0.5605059237635621, 0.5605059237635621, 0.5605059237635621, 0.5605059237635621, 0.5605059237635621, 0.5605059237635621, 0.5605059237635621, 0.5605059237635621, 0.5605059237635621, 0.5605059237635621, 0.5605059237635621, 0.5605059237635621]","{""elitism_fraction"": 0.2, ""max_iterations"": 120, ""mutation_fraction"": 0.1, ""population_size"": 40}"
rosenbrock,Rosenbrock,80,1649,ea,Algoritmo evolutivo,3,"[-2.048, 2.048]","[1.0, 1.0, 1.0]","[0.9951025224604728, 0.9840603572657902, 0.9536523625634179]",0.025758287452177064,0.049256075693230844,120,4840,"[26.931435001628422, 22.69696136631812, 1.258509167689113, 1.258509167689113, 1.258509167689113, 1.258509167689113, 1.258509167689113, 1.258509167689113, 1.258509167689113, 1.258509167689113, 1.258509167689113, 1.258509167689113, 1.258509167689113, 1.258509167689113, 1.258509167689113, 1.258509167689113, 1.0107796039226784, 1.0107796039226784, 1.0107796039226784, 0.5581190295508657, 0.5581190295508657, 0.5581190295508657, 0.5581190295508657, 0.5581190295508657, 0.5581190295508657, 0.5581190295508657, 0.5581190295508657, 0.5581190295508657, 0.5581190295508657, 0.5581190295508657, 0.5581190295508657, 0.5581190295508657, 0.5581190295508657, 0.5581190295508657, 0.5581190295508657, 0.5581190295508657, 0.5581190295508657, 0.5581190295508657, 0.5581190295508657, 0.5581190295508657, 0.5581190295508657, 0.5581190295508657, 0.5581190295508657, 0.5581190295508657, 0.5581190295508657, 0.5581190295508657, 0.5581190295508657, 0.5581190295508657, 0.5581190295508657, 0.5581190295508657, 0.5581190295508657, 0.5581190295508657, 0.5581190295508657, 0.5581190295508657, 0.5581190295508657, 0.5581190295508657, 0.5581190295508657, 0.5581190295508657, 0.5581190295508657, 0.5581190295508657, 0.5581190295508657, 0.5581190295508657, 0.5581190295508657, 0.5581190295508657, 0.5581190295508657, 0.5581190295508657, 0.5581190295508657, 0.5581190295508657, 0.5581190295508657, 0.5581190295508657, 0.5581190295508657, 0.025758287452177064, 0.025758287452177064, 0.025758287452177064, 0.025758287452177064, 0.025758287452177064, 0.025758287452177064, 0.025758287452177064, 0.025758287452177064, 0.025758287452177064, 0.025758287452177064, 0.025758287452177064, 0.025758287452177064, 0.025758287452177064, 0.025758287452177064, 0.025758287452177064, 0.025758287452177064, 0.025758287452177064, 0.025758287452177064, 0.025758287452177064, 0.025758287452177064, 0.025758287452177064, 0.025758287452177064, 0.025758287452177064, 0.025758287452177064, 0.025758287452177064, 0.025758287452177064, 0.025758287452177064, 0.025758287452177064, 0.025758287452177064, 0.025758287452177064, 0.025758287452177064, 0.025758287452177064, 0.025758287452177064, 0.025758287452177064, 0.025758287452177064, 0.025758287452177064, 0.025758287452177064, 0.025758287452177064, 0.025758287452177064, 0.025758287452177064, 0.025758287452177064, 0.025758287452177064, 0.025758287452177064, 0.025758287452177064, 0.025758287452177064, 0.025758287452177064, 0.025758287452177064, 0.025758287452177064, 0.025758287452177064, 0.025758287452177064]","{""elitism_fraction"": 0.2, ""max_iterations"": 120, ""mutation_fraction"": 0.1, ""population_size"": 40}"
rosenbrock,Rosenbrock,81,1650,ea,Algoritmo evolutivo,3,"[-2.048, 2.048]","[1.0, 1.0, 1.0]","[0.5828918173739162, 0.3494641852396909, 0.11437201410044606]",0.6125988477161721,1.175377816579841,120,4840,"[2.526146600371985, 2.526146600371985, 2.526146600371985, 2.526146600371985, 2.526146600371985, 2.417246219800435, 2.3218883970220965, 2.3218883970220965, 2.3218883970220965, 2.3218883970220965, 2.2374084852128773, 2.2374084852128773, 2.2374084852128773, 2.2374084852128773, 1.9232509155115713, 1.9232509155115713, 1.9232509155115713, 1.9232509155115713, 1.9232509155115713, 1.9232509155115713, 1.9232509155115713, 1.8538345923332817, 1.27256642930107, 1.27256642930107, 1.27256642930107, 1.27256642930107, 1.27256642930107, 1.27256642930107, 1.27256642930107, 1.27256642930107, 1.27256642930107, 1.27256642930107, 1.27256642930107, 1.27256642930107, 1.27256642930107, 1.27256642930107, 1.27256642930107, 1.27256642930107, 1.27256642930107, 1.27256642930107, 1.27256642930107, 1.27256642930107, 1.27256642930107, 1.27256642930107, 1.27256642930107, 1.27256642930107, 1.27256642930107, 1.27256642930107, 1.27256642930107, 1.27256642930107, 1.27256642930107, 1.27256642930107, 1.27256642930107, 1.27256642930107, 1.27256642930107, 1.27256642930107, 1.27256642930107, 1.27256642930107, 1.27256642930107, 0.679851775170506, 0.679851775170506, 0.679851775170506, 0.6493602102817438, 0.6493602102817438, 0.6493602102817438, 0.6493602102817438, 0.6372083056645546, 0.6372083056645546, 0.6372083056645546, 0.6372083056645546, 0.6372083056645546, 0.6372083056645546, 0.6372083056645546, 0.6372083056645546, 0.6372083056645546, 0.6372083056645546, 0.6372083056645546, 0.6372083056645546, 0.6372083056645546, 0.6372083056645546, 0.6372083056645546, 0.6372083056645546, 0.6372083056645546, 0.6372083056645546, 0.6372083056645546, 0.6372083056645546, 0.6372083056645546, 0.6372083056645546, 0.6372083056645546, 0.6372083056645546, 0.6372083056645546, 0.6372083056645546, 0.6372083056645546, 0.6372083056645546, 0.6372083056645546, 0.6372083056645546, 0.6372083056645546, 0.6372083056645546, 0.6125988477161721, 0.6125988477161721, 0.6125988477161721, 0.6125988477161721, 0.6125988477161721, 0.6125988477161721, 0.6125988477161721, 0.6125988477161721, 0.6125988477161721, 0.6125988477161721, 0.6125988477161721, 0.6125988477161721, 0.6125988477161721, 0.6125988477161721, 0.6125988477161721, 0.6125988477161721, 0.6125988477161721, 0.6125988477161721, 0.6125988477161721, 0.6125988477161721, 0.6125988477161721, 0.6125988477161721, 0.6125988477161721]","{""elitism_fraction"": 0.2, ""max_iterations"": 120, ""mutation_fraction"": 0.1, ""population_size"": 40}"
rosenbrock,Rosenbrock,82,1651,ea,Algoritmo evolutivo,3,"[-2.048, 2.048]","[1.0, 1.0, 1.0]","[1.0008226486018974, 1.0102984907872576, 1.0560679322967115]",0.13266089768848874,0.05701182943254896,120,4840,"[9.506774182991263, 9.506774182991263, 9.506774182991263, 9.506774182991263, 9.506774182991263, 9.506774182991263, 6.076362540852399, 6.076362540852399, 6.076362540852399, 6.076362540852399, 2.748706306228315, 2.748706306228315, 2.748706306228315, 2.748706306228315, 2.748706306228315, 1.2218733470567498, 1.2218733470567498, 1.2218733470567498, 1.2218733470567498, 1.2218733470567498, 1.2218733470567498, 1.2218733470567498, 1.2218733470567498, 1.2218733470567498, 1.2218733470567498, 1.2218733470567498, 0.8907885303663213, 0.8907885303663213, 0.8907885303663213, 0.8907885303663213, 0.8907885303663213, 0.8907885303663213, 0.8907885303663213, 0.8907885303663213, 0.8907885303663213, 0.8907885303663213, 0.8907885303663213, 0.8907885303663213, 0.8907885303663213, 0.8907885303663213, 0.8907885303663213, 0.8783092096709604, 0.8783092096709604, 0.8783092096709604, 0.8783092096709604, 0.8783092096709604, 0.8783092096709604, 0.8783092096709604, 0.8783092096709604, 0.8783092096709604, 0.8783092096709604, 0.8783092096709604, 0.8783092096709604, 0.8783092096709604, 0.8783092096709604, 0.8783092096709604, 0.8783092096709604, 0.8783092096709604, 0.8783092096709604, 0.8783092096709604, 0.8783092096709604, 0.8783092096709604, 0.8783092096709604, 0.8783092096709604, 0.8783092096709604, 0.8783092096709604, 0.8783092096709604, 0.8783092096709604, 0.8783092096709604, 0.8783092096709604, 0.8783092096709604, 0.8783092096709604, 0.8783092096709604, 0.8783092096709604, 0.8783092096709604, 0.8783092096709604, 0.8783092096709604, 0.8783092096709604, 0.8783092096709604, 0.8783092096709604, 0.8783092096709604, 0.8783092096709604, 0.8783092096709604, 0.8783092096709604, 0.8783092096709604, 0.8783092096709604, 0.8783092096709604, 0.8783092096709604, 0.8783092096709604, 0.8783092096709604, 0.13266089768848874, 0.13266089768848874, 0.13266089768848874, 0.13266089768848874, 0.13266089768848874, 0.13266089768848874, 0.13266089768848874, 0.13266089768848874, 0.13266089768848874, 0.13266089768848874, 0.13266089768848874, 0.13266089768848874, 0.13266089768848874, 0.13266089768848874, 0.13266089768848874, 0.13266089768848874, 0.13266089768848874, 0.13266089768848874, 0.13266089768848874, 0.13266089768848874, 0.13266089768848874, 0.13266089768848874, 0.13266089768848874, 0.13266089768848874, 0.13266089768848874, 0.13266089768848874, 0.13266089768848874, 0.13266089768848874, 0.13266089768848874, 0.13266089768848874, 0.13266089768848874]","{""elitism_fraction"": 0.2, ""max_iterations"": 120, ""mutation_fraction"": 0.1, ""population_size"": 40}"
rosenbrock,Rosenbrock,83,1652,ea,Algoritmo evolutivo,3,"[-2.048, 2.048]","[1.0, 1.0, 1.0]","[0.4958865185200789, 0.245102692852059, 0.05927887359961348]",0.8241279003150692,1.3072706621832495,120,4840,"[17.251646601856873, 17.251646601856873, 17.251646601856873, 17.251646601856873, 17.251646601856873, 5.5557505695267855, 5.5557505695267855, 5.5557505695267855, 1.0441906626622175, 1.0441906626622175, 1.0441906626622175, 1.0441906626622175, 1.0441906626622175, 1.0441906626622175, 1.0441906626622175, 1.0441906626622175, 1.0441906626622175, 1.0441906626622175, 1.0441906626622175, 1.0441906626622175, 1.0441906626622175, 1.0441906626622175, 1.0441906626622175, 1.0441906626622175, 1.0441906626622175, 1.0441906626622175, 1.0441906626622175, 1.0441906626622175, 1.0441906626622175, 1.0441906626622175, 0.8261432393560024, 0.8261432393560024, 0.8261432393560024, 0.8261432393560024, 0.8261432393560024, 0.8261432393560024, 0.8261432393560024, 0.8261432393560024, 0.8261432393560024, 0.8261432393560024, 0.8261432393560024, 0.8261432393560024, 0.8261432393560024, 0.8241279003150692, 0.8241279003150692, 0.8241279003150692, 0.8241279003150692, 0.8241279003150692, 0.8241279003150692, 0.8241279003150692, 0.8241279003150692, 0.8241279003150692, 0.8241279003150692, 0.8241279003150692, 0.8241279003150692, 0.8241279003150692, 0.8241279003150692, 0.8241279003150692, 0.8241279003150692, 0.8241279003150692, 0.8241279003150692, 0.8241279003150692, 0.8241279003150692, 0.8241279003150692, 0.8241279003150692, 0.8241279003150692, 0.8241279003150692, 0.8241279003150692, 0.8241279003150692, 0.8241279003150692, 0.8241279003150692, 0.8241279003150692, 0.8241279003150692, 0.8241279003150692, 0.8241279003150692, 0.8241279003150692, 0.8241279003150692, 0.8241279003150692, 0.8241279003150692, 0.8241279003150692, 0.8241279003150692, 0.8241279003150692, 0.8241279003150692, 0.8241279003150692, 0.8241279003150692, 0.8241279003150692, 0.8241279003150692, 0.8241279003150692, 0.8241279003150692, 0.8241279003150692, 0.8241279003150692, 0.8241279003150692, 0.8241279003150692, 0.8241279003150692, 0.8241279003150692, 0.8241279003150692, 0.8241279003150692, 0.8241279003150692, 0.8241279003150692, 0.8241279003150692, 0.8241279003150692, 0.8241279003150692, 0.8241279003150692, 0.8241279003150692, 0.8241279003150692, 0.8241279003150692, 0.8241279003150692, 0.8241279003150692, 0.8241279003150692, 0.8241279003150692, 0.8241279003150692, 0.8241279003150692, 0.8241279003150692, 0.8241279003150692, 0.8241279003150692, 0.8241279003150692, 0.8241279003150692, 0.8241279003150692, 0.8241279003150692, 0.8241279003150692, 0.8241279003150692]","{""elitism_fraction"": 0.2, ""max_iterations"": 120, ""mutation_fraction"": 0.1, ""population_size"": 40}"
rosenbrock,Rosenbrock,84,1653,ea,Algoritmo evolutivo,3,"[-2.048, 2.048]","[1.0, 1.0, 1.0]","[0.7299664529192968, 0.5696009686198473, 0.3311250201641798]",0.3976792125419124,0.8399733218455981,120,4840,"[11.84033093606981, 11.84033093606981, 11.84033093606981, 11.84033093606981, 11.194386685278118, 11.194386685278118, 11.194386685278118, 2.6496257157440537, 0.5131848535784649, 0.5131848535784649, 0.5131848535784649, 0.5131848535784649, 0.5131848535784649, 0.5131848535784649, 0.5131848535784649, 0.5131848535784649, 0.5131848535784649, 0.5131848535784649, 0.5131848535784649, 0.5131848535784649, 0.5131848535784649, 0.5131848535784649, 0.5131848535784649, 0.5131848535784649, 0.5131848535784649, 0.5131848535784649, 0.5131848535784649, 0.5131848535784649, 0.5131848535784649, 0.5131848535784649, 0.5131848535784649, 0.5131848535784649, 0.5131848535784649, 0.5131848535784649, 0.5131848535784649, 0.5131848535784649, 0.5131848535784649, 0.5131848535784649, 0.5131848535784649, 0.5131848535784649, 0.5131848535784649, 0.5131848535784649, 0.5131848535784649, 0.5131848535784649, 0.5131848535784649, 0.5131848535784649, 0.5131848535784649, 0.5131848535784649, 0.5131848535784649, 0.5131848535784649, 0.5131848535784649, 0.5131848535784649, 0.5131848535784649, 0.5131848535784649, 0.5131848535784649, 0.5131848535784649, 0.5131848535784649, 0.5131848535784649, 0.5131848535784649, 0.5131848535784649, 0.5131848535784649, 0.5131848535784649, 0.5131848535784649, 0.5131848535784649, 0.5131848535784649, 0.5131848535784649, 0.5131848535784649, 0.5131848535784649, 0.5131848535784649, 0.5131848535784649, 0.5131848535784649, 0.5131848535784649, 0.5131848535784649, 0.5131848535784649, 0.5131848535784649, 0.5131848535784649, 0.5099699019884961, 0.5099699019884961, 0.5099699019884961, 0.5099699019884961, 0.5099699019884961, 0.5099699019884961, 0.5099699019884961, 0.5099699019884961, 0.5099699019884961, 0.5099699019884961, 0.5099699019884961, 0.5099699019884961, 0.5099699019884961, 0.5099699019884961, 0.5099699019884961, 0.5099699019884961, 0.5099699019884961, 0.5099699019884961, 0.5099699019884961, 0.5099699019884961, 0.5099699019884961, 0.5099699019884961, 0.5099699019884961, 0.5099699019884961, 0.5099699019884961, 0.5099699019884961, 0.5099699019884961, 0.5099699019884961, 0.5099699019884961, 0.5099699019884961, 0.5099699019884961, 0.5099699019884961, 0.5099699019884961, 0.5099699019884961, 0.5099699019884961, 0.3976792125419124, 0.3976792125419124, 0.3976792125419124, 0.3976792125419124, 0.3976792125419124, 0.3976792125419124, 0.3976792125419124, 0.3976792125419124, 0.3976792125419124, 0.3976792125419124]","{""elitism_fraction"": 0.2, ""max_iterations"": 120, ""mutation_fraction"": 0.1, ""population_size"": 40}"
rosenbrock,Rosenbrock,85,1654,ea,Algoritmo evolutivo,3,"[-2.048, 2.048]","[1.0, 1.0, 1.0]","[0.25868276357197884, 0.05309443231445732, -0.017570677341015806]",1.5068610776842744,1.5753194858578408,120,4840,"[27.61429571462295, 13.084630694718456, 13.084630694718456, 13.084630694718456, 11.046169721110573, 2.3435720840527288, 2.3435720840527288, 2.3435720840527288, 2.3435720840527288, 2.3435720840527288, 2.3339829298276595, 1.695298602932049, 1.695298602932049, 1.695298602932049, 1.695298602932049, 1.695298602932049, 1.695298602932049, 1.695298602932049, 1.695298602932049, 1.695298602932049, 1.695298602932049, 1.695298602932049, 1.695298602932049, 1.695298602932049, 1.695298602932049, 1.695298602932049, 1.695298602932049, 1.695298602932049, 1.695298602932049, 1.695298602932049, 1.695298602932049, 1.695298602932049, 1.695298602932049, 1.695298602932049, 1.695298602932049, 1.695298602932049, 1.695298602932049, 1.695298602932049, 1.695298602932049, 1.695298602932049, 1.695298602932049, 1.695298602932049, 1.695298602932049, 1.695298602932049, 1.695298602932049, 1.695298602932049, 1.695298602932049, 1.695298602932049, 1.695298602932049, 1.695298602932049, 1.695298602932049, 1.695298602932049, 1.695298602932049, 1.695298602932049, 1.695298602932049, 1.695298602932049, 1.695298602932049, 1.6214803593469234, 1.6214803593469234, 1.6214803593469234, 1.6214803593469234, 1.571475240976128, 1.571475240976128, 1.571475240976128, 1.571475240976128, 1.571475240976128, 1.571475240976128, 1.571475240976128, 1.571475240976128, 1.571475240976128, 1.571475240976128, 1.571475240976128, 1.571475240976128, 1.571475240976128, 1.571475240976128, 1.571475240976128, 1.5068610776842744, 1.5068610776842744, 1.5068610776842744, 1.5068610776842744, 1.5068610776842744, 1.5068610776842744, 1.5068610776842744, 1.5068610776842744, 1.5068610776842744, 1.5068610776842744, 1.5068610776842744, 1.5068610776842744, 1.5068610776842744, 1.5068610776842744, 1.5068610776842744, 1.5068610776842744, 1.5068610776842744, 1.5068610776842744, 1.5068610776842744, 1.5068610776842744, 1.5068610776842744, 1.5068610776842744, 1.5068610776842744, 1.5068610776842744, 1.5068610776842744, 1.5068610776842744, 1.5068610776842744, 1.5068610776842744, 1.5068610776842744, 1.5068610776842744, 1.5068610776842744, 1.5068610776842744, 1.5068610776842744, 1.5068610776842744, 1.5068610776842744, 1.5068610776842744, 1.5068610776842744, 1.5068610776842744, 1.5068610776842744, 1.5068610776842744, 1.5068610776842744, 1.5068610776842744, 1.5068610776842744, 1.5068610776842744, 1.5068610776842744]","{""elitism_fraction"": 0.2, ""max_iterations"": 120, ""mutation_fraction"": 0.1, ""population_size"": 40}"
rosenbrock,Rosenbrock,86,1655,ea,Algoritmo evolutivo,3,"[-2.048, 2.048]","[1.0, 1.0, 1.0]","[1.0045830522641896, 0.9987756716964973, 1.0027792261747006]",0.01359381456916485,0.005497949252329697,120,4840,"[70.51534818583089, 24.4208254784976, 5.15114113695615, 5.15114113695615, 5.15114113695615, 0.5381273219783318, 0.5381273219783318, 0.5381273219783318, 0.5381273219783318, 0.5381273219783318, 0.5381273219783318, 0.5381273219783318, 0.5381273219783318, 0.22252852575573026, 0.22252852575573026, 0.22252852575573026, 0.22252852575573026, 0.22252852575573026, 0.22252852575573026, 0.22252852575573026, 0.22252852575573026, 0.04020657069734361, 0.04020657069734361, 0.04020657069734361, 0.04020657069734361, 0.04020657069734361, 0.04020657069734361, 0.04020657069734361, 0.04020657069734361, 0.04020657069734361, 0.04020657069734361, 0.04020657069734361, 0.04020657069734361, 0.04020657069734361, 0.04020657069734361, 0.04020657069734361, 0.04020657069734361, 0.04020657069734361, 0.04020657069734361, 0.04020657069734361, 0.04020657069734361, 0.04020657069734361, 0.04020657069734361, 0.04020657069734361, 0.04020657069734361, 0.04020657069734361, 0.04020657069734361, 0.04020657069734361, 0.04020657069734361, 0.04020657069734361, 0.04020657069734361, 0.04020657069734361, 0.04020657069734361, 0.04020657069734361, 0.04020657069734361, 0.04020657069734361, 0.04020657069734361, 0.04020657069734361, 0.04020657069734361, 0.04020657069734361, 0.04020657069734361, 0.04020657069734361, 0.04020657069734361, 0.04020657069734361, 0.04020657069734361, 0.04020657069734361, 0.04020657069734361, 0.04020657069734361, 0.04020657069734361, 0.04020657069734361, 0.04020657069734361, 0.04020657069734361, 0.04020657069734361, 0.04020657069734361, 0.01359381456916485, 0.01359381456916485, 0.01359381456916485, 0.01359381456916485, 0.01359381456916485, 0.01359381456916485, 0.01359381456916485, 0.01359381456916485, 0.01359381456916485, 0.01359381456916485, 0.01359381456916485, 0.01359381456916485, 0.01359381456916485, 0.01359381456916485, 0.01359381456916485, 0.01359381456916485, 0.01359381456916485, 0.01359381456916485, 0.01359381456916485, 0.01359381456916485, 0.01359381456916485, 0.01359381456916485, 0.01359381456916485, 0.01359381456916485, 0.01359381456916485, 0.01359381456916485, 0.01359381456916485, 0.01359381456916485, 0.01359381456916485, 0.01359381456916485, 0.01359381456916485, 0.01359381456916485, 0.01359381456916485, 0.01359381456916485, 0.01359381456916485, 0.01359381456916485, 0.01359381456916485, 0.01359381456916485, 0.01359381456916485, 0.01359381456916485, 0.01359381456916485, 0.01359381456916485, 0.01359381456916485, 0.01359381456916485, 0.01359381456916485, 0.01359381456916485, 0.01359381456916485]","{""elitism_fraction"": 0.2, ""max_iterations"": 120, ""mutation_fraction"": 0.1, ""population_size"": 40}"
rosenbrock,Rosenbrock,87,1656,ea,Algoritmo evolutivo,3,"[-2.048, 2.048]","[1.0, 1.0, 1.0]","[0.19497768463957588, 0.02807818996258238, 0.0025843397550495695]",1.6028920766493746,1.6085804090428737,120,4840,"[85.63949883286901, 56.20525531801623, 16.91491817162025, 9.39014115651824, 9.39014115651824, 9.39014115651824, 5.66380245559599, 5.66380245559599, 5.66380245559599, 5.66380245559599, 5.66380245559599, 5.66380245559599, 5.444933969157303, 5.444933969157303, 5.444933969157303, 5.444933969157303, 5.444933969157303, 5.444933969157303, 5.444933969157303, 5.444933969157303, 5.444933969157303, 5.444933969157303, 5.418282606786726, 5.418282606786726, 5.418282606786726, 5.418282606786726, 5.418282606786726, 5.418282606786726, 5.418282606786726, 5.418282606786726, 5.418282606786726, 5.418282606786726, 3.945325338901671, 3.945325338901671, 3.945325338901671, 3.945325338901671, 3.945325338901671, 3.945325338901671, 2.1676490774128427, 2.1676490774128427, 2.1676490774128427, 2.1676490774128427, 2.1676490774128427, 2.1676490774128427, 2.1467929963120915, 2.1467929963120915, 2.1467929963120915, 2.1467929963120915, 2.1467929963120915, 2.0399994753076087, 2.0399994753076087, 2.0399994753076087, 2.019143394206858, 2.019143394206858, 2.019143394206858, 2.019143394206858, 2.019143394206858, 2.019143394206858, 2.019143394206858, 2.019143394206858, 2.019143394206858, 2.019143394206858, 2.019143394206858, 2.019143394206858, 2.019143394206858, 2.019143394206858, 2.019143394206858, 2.019143394206858, 2.019143394206858, 2.019143394206858, 2.019143394206858, 2.019143394206858, 2.019143394206858, 2.019143394206858, 2.019143394206858, 2.019143394206858, 2.019143394206858, 2.019143394206858, 2.0141398163958604, 2.0141398163958604, 2.0141398163958604, 2.0141398163958604, 2.0141398163958604, 2.0141398163958604, 2.0141398163958604, 2.0141398163958604, 2.0141398163958604, 2.0141398163958604, 2.0141398163958604, 2.0141398163958604, 2.0141398163958604, 2.0141398163958604, 1.8010565235287435, 1.8010565235287435, 1.8010565235287435, 1.8010565235287435, 1.8010565235287435, 1.8010565235287435, 1.8010565235287435, 1.8010565235287435, 1.8010565235287435, 1.8010565235287435, 1.6258436082792778, 1.6258436082792778, 1.6258436082792778, 1.6258436082792778, 1.6258436082792778, 1.6258436082792778, 1.6258436082792778, 1.6258436082792778, 1.6258436082792778, 1.6028920766493746, 1.6028920766493746, 1.6028920766493746, 1.6028920766493746, 1.6028920766493746, 1.6028920766493746, 1.6028920766493746, 1.6028920766493746, 1.6028920766493746, 1.6028920766493746]","{""elitism_fraction"": 0.2, ""max_iterations"": 120, ""mutation_fraction"": 0.1, ""population_size"": 40}"
rosenbrock,Rosenbrock,88,1657,ea,Algoritmo evolutivo,3,"[-2.048, 2.048]","[1.0, 1.0, 1.0]","[0.6374637662237115, 0.42423174181000434, 0.2055898677708221]",0.5605059237635621,1.0459584437864713,120,4840,"[60.29704443262758, 10.89491327499803, 10.89491327499803, 4.862604593960507, 4.862604593960507, 4.862604593960507, 4.862604593960507, 4.862604593960507, 4.862604593960507, 4.862604593960507, 4.862604593960507, 2.218943536443062, 2.218943536443062, 2.218943536443062, 2.218943536443062, 2.218943536443062, 2.218943536443062, 2.218943536443062, 2.218943536443062, 2.218943536443062, 2.1327051773904495, 2.1327051773904495, 2.1327051773904495, 2.1327051773904495, 2.1327051773904495, 2.1327051773904495, 2.1327051773904495, 2.1327051773904495, 2.1327051773904495, 2.1327051773904495, 2.1327051773904495, 2.1327051773904495, 2.1327051773904495, 2.1327051773904495, 2.1327051773904495, 2.1327051773904495, 2.1327051773904495, 2.1327051773904495, 2.1327051773904495, 2.1327051773904495, 2.1327051773904495, 2.1327051773904495, 2.1327051773904495, 2.1327051773904495, 1.8504113216179017, 1.8504113216179017, 1.8504113216179017, 1.8504113216179017, 1.8504113216179017, 1.8504113216179017, 1.8504113216179017, 1.8504113216179017, 1.8504113216179017, 1.8504113216179017, 1.8504113216179017, 1.8504113216179017, 1.8504113216179017, 1.8504113216179017, 1.7102546774919025, 1.7102546774919025, 1.7102546774919025, 1.7102546774919025, 1.7102546774919025, 1.2828578602519398, 1.1427012161259407, 1.1427012161259407, 1.1427012161259407, 1.1427012161259407, 1.1427012161259407, 1.1427012161259407, 1.1427012161259407, 1.1427012161259407, 1.1427012161259407, 1.1427012161259407, 1.1427012161259407, 1.1427012161259407, 1.1427012161259407, 1.1427012161259407, 0.8359415359279629, 0.8359415359279629, 0.8359415359279629, 0.8359415359279629, 0.8359415359279629, 0.8359415359279629, 0.8359415359279629, 0.8359415359279629, 0.8359415359279629, 0.8359415359279629, 0.8359415359279629, 0.8359415359279629, 0.8359415359279629, 0.8359415359279629, 0.8359415359279629, 0.8359415359279629, 0.5605059237635621, 0.5605059237635621, 0.5605059237635621, 0.5605059237635621, 0.5605059237635621, 0.5605059237635621, 0.5605059237635621, 0.5605059237635621, 0.5605059237635621, 0.5605059237635621, 0.5605059237635621, 0.5605059237635621, 0.5605059237635621, 0.5605059237635621, 0.5605059237635621, 0.5605059237635621, 0.5605059237635621, 0.5605059237635621, 0.5605059237635621, 0.5605059237635621, 0.5605059237635621, 0.5605059237635621, 0.5605059237635621, 0.5605059237635621, 0.5605059237635621, 0.5605059237635621, 0.5605059237635621]","{""elitism_fraction"": 0.2, ""max_iterations"": 120, ""mutation_fraction"": 0.1, ""population_size"": 40}"
rosenbrock,Rosenbrock,89,1658,ea,Algoritmo evolutivo,3,"[-2.048, 2.048]","[1.0, 1.0, 1.0]","[0.7533034508623984, 0.5841144366924462, 0.343767638570994]",0.2622013264812305,0.8151447118829466,120,4840,"[4.922768526662653, 4.922768526662653, 4.922768526662653, 4.922768526662653, 4.922768526662653, 4.922768526662653, 4.922768526662653, 4.922768526662653, 4.922768526662653, 3.8430439723666767, 3.8430439723666767, 3.8430439723666767, 3.8430439723666767, 3.8430439723666767, 3.8430439723666767, 3.8430439723666767, 3.8430439723666767, 3.8430439723666767, 3.8430439723666767, 3.8430439723666767, 3.8430439723666767, 3.8430439723666767, 3.8430439723666767, 3.8430439723666767, 3.8430439723666767, 3.8430439723666767, 0.9168351468313525, 0.7944004799332569, 0.7944004799332569, 0.7944004799332569, 0.7944004799332569, 0.7944004799332569, 0.7944004799332569, 0.7944004799332569, 0.7944004799332569, 0.7944004799332569, 0.7944004799332569, 0.7112892693113686, 0.7112892693113686, 0.7112892693113686, 0.7112892693113686, 0.7112892693113686, 0.7112892693113686, 0.7112892693113686, 0.7112892693113686, 0.7112892693113686, 0.7112892693113686, 0.7112892693113686, 0.7112892693113686, 0.7112892693113686, 0.7112892693113686, 0.7112892693113686, 0.7112892693113686, 0.7112892693113686, 0.7112892693113686, 0.7112892693113686, 0.7112892693113686, 0.7112892693113686, 0.7112892693113686, 0.7112892693113686, 0.7112892693113686, 0.7112892693113686, 0.7112892693113686, 0.322602239739603, 0.322602239739603, 0.322602239739603, 0.322602239739603, 0.322602239739603, 0.322602239739603, 0.322602239739603, 0.322602239739603, 0.322602239739603, 0.322602239739603, 0.31120851150893314, 0.31120851150893314, 0.31120851150893314, 0.31120851150893314, 0.31120851150893314, 0.31120851150893314, 0.31120851150893314, 0.31120851150893314, 0.31120851150893314, 0.31120851150893314, 0.31120851150893314, 0.31120851150893314, 0.31120851150893314, 0.31120851150893314, 0.31120851150893314, 0.31120851150893314, 0.31120851150893314, 0.31120851150893314, 0.31120851150893314, 0.31120851150893314, 0.31120851150893314, 0.31120851150893314, 0.31120851150893314, 0.31120851150893314, 0.31120851150893314, 0.31120851150893314, 0.31120851150893314, 0.31120851150893314, 0.31120851150893314, 0.31120851150893314, 0.31120851150893314, 0.31120851150893314, 0.31120851150893314, 0.31120851150893314, 0.31120851150893314, 0.31120851150893314, 0.31120851150893314, 0.31120851150893314, 0.31120851150893314, 0.2622013264812305, 0.2622013264812305, 0.2622013264812305, 0.2622013264812305, 0.2622013264812305, 0.2622013264812305, 0.2622013264812305, 0.2622013264812305, 0.2622013264812305]","{""elitism_fraction"": 0.2, ""max_iterations"": 120, ""mutation_fraction"": 0.1, ""population_size"": 40}"
rosenbrock,Rosenbrock,90,1650,ea,Algoritmo evolutivo,3,"[-2.048, 2.048]","[1.0, 1.0, 1.0]","[0.5828918173739162, 0.3494641852396909, 0.11437201410044606]",0.6125988477161721,1.175377816579841,120,4840,"[2.526146600371985, 2.526146600371985, 2.526146600371985, 2.526146600371985, 2.526146600371985, 2.417246219800435, 2.3218883970220965, 2.3218883970220965, 2.3218883970220965, 2.3218883970220965, 2.2374084852128773, 2.2374084852128773, 2.2374084852128773, 2.2374084852128773, 1.9232509155115713, 1.9232509155115713, 1.9232509155115713, 1.9232509155115713, 1.9232509155115713, 1.9232509155115713, 1.9232509155115713, 1.8538345923332817, 1.27256642930107, 1.27256642930107, 1.27256642930107, 1.27256642930107, 1.27256642930107, 1.27256642930107, 1.27256642930107, 1.27256642930107, 1.27256642930107, 1.27256642930107, 1.27256642930107, 1.27256642930107, 1.27256642930107, 1.27256642930107, 1.27256642930107, 1.27256642930107, 1.27256642930107, 1.27256642930107, 1.27256642930107, 1.27256642930107, 1.27256642930107, 1.27256642930107, 1.27256642930107, 1.27256642930107, 1.27256642930107, 1.27256642930107, 1.27256642930107, 1.27256642930107, 1.27256642930107, 1.27256642930107, 1.27256642930107, 1.27256642930107, 1.27256642930107, 1.27256642930107, 1.27256642930107, 1.27256642930107, 1.27256642930107, 0.679851775170506, 0.679851775170506, 0.679851775170506, 0.6493602102817438, 0.6493602102817438, 0.6493602102817438, 0.6493602102817438, 0.6372083056645546, 0.6372083056645546, 0.6372083056645546, 0.6372083056645546, 0.6372083056645546, 0.6372083056645546, 0.6372083056645546, 0.6372083056645546, 0.6372083056645546, 0.6372083056645546, 0.6372083056645546, 0.6372083056645546, 0.6372083056645546, 0.6372083056645546, 0.6372083056645546, 0.6372083056645546, 0.6372083056645546, 0.6372083056645546, 0.6372083056645546, 0.6372083056645546, 0.6372083056645546, 0.6372083056645546, 0.6372083056645546, 0.6372083056645546, 0.6372083056645546, 0.6372083056645546, 0.6372083056645546, 0.6372083056645546, 0.6372083056645546, 0.6372083056645546, 0.6372083056645546, 0.6372083056645546, 0.6125988477161721, 0.6125988477161721, 0.6125988477161721, 0.6125988477161721, 0.6125988477161721, 0.6125988477161721, 0.6125988477161721, 0.6125988477161721, 0.6125988477161721, 0.6125988477161721, 0.6125988477161721, 0.6125988477161721, 0.6125988477161721, 0.6125988477161721, 0.6125988477161721, 0.6125988477161721, 0.6125988477161721, 0.6125988477161721, 0.6125988477161721, 0.6125988477161721, 0.6125988477161721, 0.6125988477161721, 0.6125988477161721]","{""elitism_fraction"": 0.2, ""max_iterations"": 120, ""mutation_fraction"": 0.1, ""population_size"": 40}"
rosenbrock,Rosenbrock,91,1651,ea,Algoritmo evolutivo,3,"[-2.048, 2.048]","[1.0, 1.0, 1.0]","[1.0008226486018974, 1.0102984907872576, 1.0560679322967115]",0.13266089768848874,0.05701182943254896,120,4840,"[9.506774182991263, 9.506774182991263, 9.506774182991263, 9.506774182991263, 9.506774182991263, 9.506774182991263, 6.076362540852399, 6.076362540852399, 6.076362540852399, 6.076362540852399, 2.748706306228315, 2.748706306228315, 2.748706306228315, 2.748706306228315, 2.748706306228315, 1.2218733470567498, 1.2218733470567498, 1.2218733470567498, 1.2218733470567498, 1.2218733470567498, 1.2218733470567498, 1.2218733470567498, 1.2218733470567498, 1.2218733470567498, 1.2218733470567498, 1.2218733470567498, 0.8907885303663213, 0.8907885303663213, 0.8907885303663213, 0.8907885303663213, 0.8907885303663213, 0.8907885303663213, 0.8907885303663213, 0.8907885303663213, 0.8907885303663213, 0.8907885303663213, 0.8907885303663213, 0.8907885303663213, 0.8907885303663213, 0.8907885303663213, 0.8907885303663213, 0.8783092096709604, 0.8783092096709604, 0.8783092096709604, 0.8783092096709604, 0.8783092096709604, 0.8783092096709604, 0.8783092096709604, 0.8783092096709604, 0.8783092096709604, 0.8783092096709604, 0.8783092096709604, 0.8783092096709604, 0.8783092096709604, 0.8783092096709604, 0.8783092096709604, 0.8783092096709604, 0.8783092096709604, 0.8783092096709604, 0.8783092096709604, 0.8783092096709604, 0.8783092096709604, 0.8783092096709604, 0.8783092096709604, 0.8783092096709604, 0.8783092096709604, 0.8783092096709604, 0.8783092096709604, 0.8783092096709604, 0.8783092096709604, 0.8783092096709604, 0.8783092096709604, 0.8783092096709604, 0.8783092096709604, 0.8783092096709604, 0.8783092096709604, 0.8783092096709604, 0.8783092096709604, 0.8783092096709604, 0.8783092096709604, 0.8783092096709604, 0.8783092096709604, 0.8783092096709604, 0.8783092096709604, 0.8783092096709604, 0.8783092096709604, 0.8783092096709604, 0.8783092096709604, 0.8783092096709604, 0.8783092096709604, 0.13266089768848874, 0.13266089768848874, 0.13266089768848874, 0.13266089768848874, 0.13266089768848874, 0.13266089768848874, 0.13266089768848874, 0.13266089768848874, 0.13266089768848874, 0.13266089768848874, 0.13266089768848874, 0.13266089768848874, 0.13266089768848874, 0.13266089768848874, 0.13266089768848874, 0.13266089768848874, 0.13266089768848874, 0.13266089768848874, 0.13266089768848874, 0.13266089768848874, 0.13266089768848874, 0.13266089768848874, 0.13266089768848874, 0.13266089768848874, 0.13266089768848874, 0.13266089768848874, 0.13266089768848874, 0.13266089768848874, 0.13266089768848874, 0.13266089768848874, 0.13266089768848874]","{""elitism_fraction"": 0.2, ""max_iterations"": 120, ""mutation_fraction"": 0.1, ""population_size"": 40}"
rosenbrock,Rosenbrock,92,1652,ea,Algoritmo evolutivo,3,"[-2.048, 2.048]","[1.0, 1.0, 1.0]","[0.4958865185200789, 0.245102692852059, 0.05927887359961348]",0.8241279003150692,1.3072706621832495,120,4840,"[17.251646601856873, 17.251646601856873, 17.251646601856873, 17.251646601856873, 17.251646601856873, 5.5557505695267855, 5.5557505695267855, 5.5557505695267855, 1.0441906626622175, 1.0441906626622175, 1.0441906626622175, 1.0441906626622175, 1.0441906626622175, 1.0441906626622175, 1.0441906626622175, 1.0441906626622175, 1.0441906626622175, 1.0441906626622175, 1.0441906626622175, 1.0441906626622175, 1.0441906626622175, 1.0441906626622175, 1.0441906626622175, 1.0441906626622175, 1.0441906626622175, 1.0441906626622175, 1.0441906626622175, 1.0441906626622175, 1.0441906626622175, 1.0441906626622175, 0.8261432393560024, 0.8261432393560024, 0.8261432393560024, 0.8261432393560024, 0.8261432393560024, 0.8261432393560024, 0.8261432393560024, 0.8261432393560024, 0.8261432393560024, 0.8261432393560024, 0.8261432393560024, 0.8261432393560024, 0.8261432393560024, 0.8241279003150692, 0.8241279003150692, 0.8241279003150692, 0.8241279003150692, 0.8241279003150692, 0.8241279003150692, 0.8241279003150692, 0.8241279003150692, 0.8241279003150692, 0.8241279003150692, 0.8241279003150692, 0.8241279003150692, 0.8241279003150692, 0.8241279003150692, 0.8241279003150692, 0.8241279003150692, 0.8241279003150692, 0.8241279003150692, 0.8241279003150692, 0.8241279003150692, 0.8241279003150692, 0.8241279003150692, 0.8241279003150692, 0.8241279003150692, 0.8241279003150692, 0.8241279003150692, 0.8241279003150692, 0.8241279003150692, 0.8241279003150692, 0.8241279003150692, 0.8241279003150692, 0.8241279003150692, 0.8241279003150692, 0.8241279003150692, 0.8241279003150692, 0.8241279003150692, 0.8241279003150692, 0.8241279003150692, 0.8241279003150692, 0.8241279003150692, 0.8241279003150692, 0.8241279003150692, 0.8241279003150692, 0.8241279003150692, 0.8241279003150692, 0.8241279003150692, 0.8241279003150692, 0.8241279003150692, 0.8241279003150692, 0.8241279003150692, 0.8241279003150692, 0.8241279003150692, 0.8241279003150692, 0.8241279003150692, 0.8241279003150692, 0.8241279003150692, 0.8241279003150692, 0.8241279003150692, 0.8241279003150692, 0.8241279003150692, 0.8241279003150692, 0.8241279003150692, 0.8241279003150692, 0.8241279003150692, 0.8241279003150692, 0.8241279003150692, 0.8241279003150692, 0.8241279003150692, 0.8241279003150692, 0.8241279003150692, 0.8241279003150692, 0.8241279003150692, 0.8241279003150692, 0.8241279003150692, 0.8241279003150692, 0.8241279003150692, 0.8241279003150692, 0.8241279003150692]","{""elitism_fraction"": 0.2, ""max_iterations"": 120, ""mutation_fraction"": 0.1, ""population_size"": 40}"
rosenbrock,Rosenbrock,93,1653,ea,Algoritmo evolutivo,3,"[-2.048, 2.048]","[1.0, 1.0, 1.0]","[0.7299664529192968, 0.5696009686198473, 0.3311250201641798]",0.3976792125419124,0.8399733218455981,120,4840,"[11.84033093606981, 11.84033093606981, 11.84033093606981, 11.84033093606981, 11.194386685278118, 11.194386685278118, 11.194386685278118, 2.6496257157440537, 0.5131848535784649, 0.5131848535784649, 0.5131848535784649, 0.5131848535784649, 0.5131848535784649, 0.5131848535784649, 0.5131848535784649, 0.5131848535784649, 0.5131848535784649, 0.5131848535784649, 0.5131848535784649, 0.5131848535784649, 0.5131848535784649, 0.5131848535784649, 0.5131848535784649, 0.5131848535784649, 0.5131848535784649, 0.5131848535784649, 0.5131848535784649, 0.5131848535784649, 0.5131848535784649, 0.5131848535784649, 0.5131848535784649, 0.5131848535784649, 0.5131848535784649, 0.5131848535784649, 0.5131848535784649, 0.5131848535784649, 0.5131848535784649, 0.5131848535784649, 0.5131848535784649, 0.5131848535784649, 0.5131848535784649, 0.5131848535784649, 0.5131848535784649, 0.5131848535784649, 0.5131848535784649, 0.5131848535784649, 0.5131848535784649, 0.5131848535784649, 0.5131848535784649, 0.5131848535784649, 0.5131848535784649, 0.5131848535784649, 0.5131848535784649, 0.5131848535784649, 0.5131848535784649, 0.5131848535784649, 0.5131848535784649, 0.5131848535784649, 0.5131848535784649, 0.5131848535784649, 0.5131848535784649, 0.5131848535784649, 0.5131848535784649, 0.5131848535784649, 0.5131848535784649, 0.5131848535784649, 0.5131848535784649, 0.5131848535784649, 0.5131848535784649, 0.5131848535784649, 0.5131848535784649, 0.5131848535784649, 0.5131848535784649, 0.5131848535784649, 0.5131848535784649, 0.5131848535784649, 0.5099699019884961, 0.5099699019884961, 0.5099699019884961, 0.5099699019884961, 0.5099699019884961, 0.5099699019884961, 0.5099699019884961, 0.5099699019884961, 0.5099699019884961, 0.5099699019884961, 0.5099699019884961, 0.5099699019884961, 0.5099699019884961, 0.5099699019884961, 0.5099699019884961, 0.5099699019884961, 0.5099699019884961, 0.5099699019884961, 0.5099699019884961, 0.5099699019884961, 0.5099699019884961, 0.5099699019884961, 0.5099699019884961, 0.5099699019884961, 0.5099699019884961, 0.5099699019884961, 0.5099699019884961, 0.5099699019884961, 0.5099699019884961, 0.5099699019884961, 0.5099699019884961, 0.5099699019884961, 0.5099699019884961, 0.5099699019884961, 0.5099699019884961, 0.3976792125419124, 0.3976792125419124, 0.3976792125419124, 0.3976792125419124, 0.3976792125419124, 0.3976792125419124, 0.3976792125419124, 0.3976792125419124, 0.3976792125419124, 0.3976792125419124]","{""elitism_fraction"": 0.2, ""max_iterations"": 120, ""mutation_fraction"": 0.1, ""population_size"": 40}"
rosenbrock,Rosenbrock,94,1654,ea,Algoritmo evolutivo,3,"[-2.048, 2.048]","[1.0, 1.0, 1.0]","[0.25868276357197884, 0.05309443231445732, -0.017570677341015806]",1.5068610776842744,1.5753194858578408,120,4840,"[27.61429571462295, 13.084630694718456, 13.084630694718456, 13.084630694718456, 11.046169721110573, 2.3435720840527288, 2.3435720840527288, 2.3435720840527288, 2.3435720840527288, 2.3435720840527288, 2.3339829298276595, 1.695298602932049, 1.695298602932049, 1.695298602932049, 1.695298602932049, 1.695298602932049, 1.695298602932049, 1.695298602932049, 1.695298602932049, 1.695298602932049, 1.695298602932049, 1.695298602932049, 1.695298602932049, 1.695298602932049, 1.695298602932049, 1.695298602932049, 1.695298602932049, 1.695298602932049, 1.695298602932049, 1.695298602932049, 1.695298602932049, 1.695298602932049, 1.695298602932049, 1.695298602932049, 1.695298602932049, 1.695298602932049, 1.695298602932049, 1.695298602932049, 1.695298602932049, 1.695298602932049, 1.695298602932049, 1.695298602932049, 1.695298602932049, 1.695298602932049, 1.695298602932049, 1.695298602932049, 1.695298602932049, 1.695298602932049, 1.695298602932049, 1.695298602932049, 1.695298602932049, 1.695298602932049, 1.695298602932049, 1.695298602932049, 1.695298602932049, 1.695298602932049, 1.695298602932049, 1.6214803593469234, 1.6214803593469234, 1.6214803593469234, 1.6214803593469234, 1.571475240976128, 1.571475240976128, 1.571475240976128, 1.571475240976128, 1.571475240976128, 1.571475240976128, 1.571475240976128, 1.571475240976128, 1.571475240976128, 1.571475240976128, 1.571475240976128, 1.571475240976128, 1.571475240976128, 1.571475240976128, 1.571475240976128, 1.5068610776842744, 1.5068610776842744, 1.5068610776842744, 1.5068610776842744, 1.5068610776842744, 1.5068610776842744, 1.5068610776842744, 1.5068610776842744, 1.5068610776842744, 1.5068610776842744, 1.5068610776842744, 1.5068610776842744, 1.5068610776842744, 1.5068610776842744, 1.5068610776842744, 1.5068610776842744, 1.5068610776842744, 1.5068610776842744, 1.5068610776842744, 1.5068610776842744, 1.5068610776842744, 1.5068610776842744, 1.5068610776842744, 1.5068610776842744, 1.5068610776842744, 1.5068610776842744, 1.5068610776842744, 1.5068610776842744, 1.5068610776842744, 1.5068610776842744, 1.5068610776842744, 1.5068610776842744, 1.5068610776842744, 1.5068610776842744, 1.5068610776842744, 1.5068610776842744, 1.5068610776842744, 1.5068610776842744, 1.5068610776842744, 1.5068610776842744, 1.5068610776842744, 1.5068610776842744, 1.5068610776842744, 1.5068610776842744, 1.5068610776842744]","{""elitism_fraction"": 0.2, ""max_iterations"": 120, ""mutation_fraction"": 0.1, ""population_size"": 40}"
rosenbrock,Rosenbrock,95,1655,ea,Algoritmo evolutivo,3,"[-2.048, 2.048]","[1.0, 1.0, 1.0]","[1.0045830522641896, 0.9987756716964973, 1.0027792261747006]",0.01359381456916485,0.005497949252329697,120,4840,"[70.51534818583089, 24.4208254784976, 5.15114113695615, 5.15114113695615, 5.15114113695615, 0.5381273219783318, 0.5381273219783318, 0.5381273219783318, 0.5381273219783318, 0.5381273219783318, 0.5381273219783318, 0.5381273219783318, 0.5381273219783318, 0.22252852575573026, 0.22252852575573026, 0.22252852575573026, 0.22252852575573026, 0.22252852575573026, 0.22252852575573026, 0.22252852575573026, 0.22252852575573026, 0.04020657069734361, 0.04020657069734361, 0.04020657069734361, 0.04020657069734361, 0.04020657069734361, 0.04020657069734361, 0.04020657069734361, 0.04020657069734361, 0.04020657069734361, 0.04020657069734361, 0.04020657069734361, 0.04020657069734361, 0.04020657069734361, 0.04020657069734361, 0.04020657069734361, 0.04020657069734361, 0.04020657069734361, 0.04020657069734361, 0.04020657069734361, 0.04020657069734361, 0.04020657069734361, 0.04020657069734361, 0.04020657069734361, 0.04020657069734361, 0.04020657069734361, 0.04020657069734361, 0.04020657069734361, 0.04020657069734361, 0.04020657069734361, 0.04020657069734361, 0.04020657069734361, 0.04020657069734361, 0.04020657069734361, 0.04020657069734361, 0.04020657069734361, 0.04020657069734361, 0.04020657069734361, 0.04020657069734361, 0.04020657069734361, 0.04020657069734361, 0.04020657069734361, 0.04020657069734361, 0.04020657069734361, 0.04020657069734361, 0.04020657069734361, 0.04020657069734361, 0.04020657069734361, 0.04020657069734361, 0.04020657069734361, 0.04020657069734361, 0.04020657069734361, 0.04020657069734361, 0.04020657069734361, 0.01359381456916485, 0.01359381456916485, 0.01359381456916485, 0.01359381456916485, 0.01359381456916485, 0.01359381456916485, 0.01359381456916485, 0.01359381456916485, 0.01359381456916485, 0.01359381456916485, 0.01359381456916485, 0.01359381456916485, 0.01359381456916485, 0.01359381456916485, 0.01359381456916485, 0.01359381456916485, 0.01359381456916485, 0.01359381456916485, 0.01359381456916485, 0.01359381456916485, 0.01359381456916485, 0.01359381456916485, 0.01359381456916485, 0.01359381456916485, 0.01359381456916485, 0.01359381456916485, 0.01359381456916485, 0.01359381456916485, 0.01359381456916485, 0.01359381456916485, 0.01359381456916485, 0.01359381456916485, 0.01359381456916485, 0.01359381456916485, 0.01359381456916485, 0.01359381456916485, 0.01359381456916485, 0.01359381456916485, 0.01359381456916485, 0.01359381456916485, 0.01359381456916485, 0.01359381456916485, 0.01359381456916485, 0.01359381456916485, 0.01359381456916485, 0.01359381456916485, 0.01359381456916485]","{""elitism_fraction"": 0.2, ""max_iterations"": 120, ""mutation_fraction"": 0.1, ""population_size"": 40}"
rosenbrock,Rosenbrock,96,1656,ea,Algoritmo evolutivo,3,"[-2.048, 2.048]","[1.0, 1.0, 1.0]","[0.19497768463957588, 0.02807818996258238, 0.0025843397550495695]",1.6028920766493746,1.6085804090428737,120,4840,"[85.63949883286901, 56.20525531801623, 16.91491817162025, 9.39014115651824, 9.39014115651824, 9.39014115651824, 5.66380245559599, 5.66380245559599, 5.66380245559599, 5.66380245559599, 5.66380245559599, 5.66380245559599, 5.444933969157303, 5.444933969157303, 5.444933969157303, 5.444933969157303, 5.444933969157303, 5.444933969157303, 5.444933969157303, 5.444933969157303, 5.444933969157303, 5.444933969157303, 5.418282606786726, 5.418282606786726, 5.418282606786726, 5.418282606786726, 5.418282606786726, 5.418282606786726, 5.418282606786726, 5.418282606786726, 5.418282606786726, 5.418282606786726, 3.945325338901671, 3.945325338901671, 3.945325338901671, 3.945325338901671, 3.945325338901671, 3.945325338901671, 2.1676490774128427, 2.1676490774128427, 2.1676490774128427, 2.1676490774128427, 2.1676490774128427, 2.1676490774128427, 2.1467929963120915, 2.1467929963120915, 2.1467929963120915, 2.1467929963120915, 2.1467929963120915, 2.0399994753076087, 2.0399994753076087, 2.0399994753076087, 2.019143394206858, 2.019143394206858, 2.019143394206858, 2.019143394206858, 2.019143394206858, 2.019143394206858, 2.019143394206858, 2.019143394206858, 2.019143394206858, 2.019143394206858, 2.019143394206858, 2.019143394206858, 2.019143394206858, 2.019143394206858, 2.019143394206858, 2.019143394206858, 2.019143394206858, 2.019143394206858, 2.019143394206858, 2.019143394206858, 2.019143394206858, 2.019143394206858, 2.019143394206858, 2.019143394206858, 2.019143394206858, 2.019143394206858, 2.0141398163958604, 2.0141398163958604, 2.0141398163958604, 2.0141398163958604, 2.0141398163958604, 2.0141398163958604, 2.0141398163958604, 2.0141398163958604, 2.0141398163958604, 2.0141398163958604, 2.0141398163958604, 2.0141398163958604, 2.0141398163958604, 2.0141398163958604, 1.8010565235287435, 1.8010565235287435, 1.8010565235287435, 1.8010565235287435, 1.8010565235287435, 1.8010565235287435, 1.8010565235287435, 1.8010565235287435, 1.8010565235287435, 1.8010565235287435, 1.6258436082792778, 1.6258436082792778, 1.6258436082792778, 1.6258436082792778, 1.6258436082792778, 1.6258436082792778, 1.6258436082792778, 1.6258436082792778, 1.6258436082792778, 1.6028920766493746, 1.6028920766493746, 1.6028920766493746, 1.6028920766493746, 1.6028920766493746, 1.6028920766493746, 1.6028920766493746, 1.6028920766493746, 1.6028920766493746, 1.6028920766493746]","{""elitism_fraction"": 0.2, ""max_iterations"": 120, ""mutation_fraction"": 0.1, ""population_size"": 40}"
rosenbrock,Rosenbrock,97,1657,ea,Algoritmo evolutivo,3,"[-2.048, 2.048]","[1.0, 1.0, 1.0]","[0.6374637662237115, 0.42423174181000434, 0.2055898677708221]",0.5605059237635621,1.0459584437864713,120,4840,"[60.29704443262758, 10.89491327499803, 10.89491327499803, 4.862604593960507, 4.862604593960507, 4.862604593960507, 4.862604593960507, 4.862604593960507, 4.862604593960507, 4.862604593960507, 4.862604593960507, 2.218943536443062, 2.218943536443062, 2.218943536443062, 2.218943536443062, 2.218943536443062, 2.218943536443062, 2.218943536443062, 2.218943536443062, 2.218943536443062, 2.1327051773904495, 2.1327051773904495, 2.1327051773904495, 2.1327051773904495, 2.1327051773904495, 2.1327051773904495, 2.1327051773904495, 2.1327051773904495, 2.1327051773904495, 2.1327051773904495, 2.1327051773904495, 2.1327051773904495, 2.1327051773904495, 2.1327051773904495, 2.1327051773904495, 2.1327051773904495, 2.1327051773904495, 2.1327051773904495, 2.1327051773904495, 2.1327051773904495, 2.1327051773904495, 2.1327051773904495, 2.1327051773904495, 2.1327051773904495, 1.8504113216179017, 1.8504113216179017, 1.8504113216179017, 1.8504113216179017, 1.8504113216179017, 1.8504113216179017, 1.8504113216179017, 1.8504113216179017, 1.8504113216179017, 1.8504113216179017, 1.8504113216179017, 1.8504113216179017, 1.8504113216179017, 1.8504113216179017, 1.7102546774919025, 1.7102546774919025, 1.7102546774919025, 1.7102546774919025, 1.7102546774919025, 1.2828578602519398, 1.1427012161259407, 1.1427012161259407, 1.1427012161259407, 1.1427012161259407, 1.1427012161259407, 1.1427012161259407, 1.1427012161259407, 1.1427012161259407, 1.1427012161259407, 1.1427012161259407, 1.1427012161259407, 1.1427012161259407, 1.1427012161259407, 1.1427012161259407, 0.8359415359279629, 0.8359415359279629, 0.8359415359279629, 0.8359415359279629, 0.8359415359279629, 0.8359415359279629, 0.8359415359279629, 0.8359415359279629, 0.8359415359279629, 0.8359415359279629, 0.8359415359279629, 0.8359415359279629, 0.8359415359279629, 0.8359415359279629, 0.8359415359279629, 0.8359415359279629, 0.5605059237635621, 0.5605059237635621, 0.5605059237635621, 0.5605059237635621, 0.5605059237635621, 0.5605059237635621, 0.5605059237635621, 0.5605059237635621, 0.5605059237635621, 0.5605059237635621, 0.5605059237635621, 0.5605059237635621, 0.5605059237635621, 0.5605059237635621, 0.5605059237635621, 0.5605059237635621, 0.5605059237635621, 0.5605059237635621, 0.5605059237635621, 0.5605059237635621, 0.5605059237635621, 0.5605059237635621, 0.5605059237635621, 0.5605059237635621, 0.5605059237635621, 0.5605059237635621, 0.5605059237635621]","{""elitism_fraction"": 0.2, ""max_iterations"": 120, ""mutation_fraction"": 0.1, ""population_size"": 40}"
rosenbrock,Rosenbrock,98,1658,ea,Algoritmo evolutivo,3,"[-2.048, 2.048]","[1.0, 1.0, 1.0]","[0.7533034508623984, 0.5841144366924462, 0.343767638570994]",0.2622013264812305,0.8151447118829466,120,4840,"[4.922768526662653, 4.922768526662653, 4.922768526662653, 4.922768526662653, 4.922768526662653, 4.922768526662653, 4.922768526662653, 4.922768526662653, 4.922768526662653, 3.8430439723666767, 3.8430439723666767, 3.8430439723666767, 3.8430439723666767, 3.8430439723666767, 3.8430439723666767, 3.8430439723666767, 3.8430439723666767, 3.8430439723666767, 3.8430439723666767, 3.8430439723666767, 3.8430439723666767, 3.8430439723666767, 3.8430439723666767, 3.8430439723666767, 3.8430439723666767, 3.8430439723666767, 0.9168351468313525, 0.7944004799332569, 0.7944004799332569, 0.7944004799332569, 0.7944004799332569, 0.7944004799332569, 0.7944004799332569, 0.7944004799332569, 0.7944004799332569, 0.7944004799332569, 0.7944004799332569, 0.7112892693113686, 0.7112892693113686, 0.7112892693113686, 0.7112892693113686, 0.7112892693113686, 0.7112892693113686, 0.7112892693113686, 0.7112892693113686, 0.7112892693113686, 0.7112892693113686, 0.7112892693113686, 0.7112892693113686, 0.7112892693113686, 0.7112892693113686, 0.7112892693113686, 0.7112892693113686, 0.7112892693113686, 0.7112892693113686, 0.7112892693113686, 0.7112892693113686, 0.7112892693113686, 0.7112892693113686, 0.7112892693113686, 0.7112892693113686, 0.7112892693113686, 0.7112892693113686, 0.322602239739603, 0.322602239739603, 0.322602239739603, 0.322602239739603, 0.322602239739603, 0.322602239739603, 0.322602239739603, 0.322602239739603, 0.322602239739603, 0.322602239739603, 0.31120851150893314, 0.31120851150893314, 0.31120851150893314, 0.31120851150893314, 0.31120851150893314, 0.31120851150893314, 0.31120851150893314, 0.31120851150893314, 0.31120851150893314, 0.31120851150893314, 0.31120851150893314, 0.31120851150893314, 0.31120851150893314, 0.31120851150893314, 0.31120851150893314, 0.31120851150893314, 0.31120851150893314, 0.31120851150893314, 0.31120851150893314, 0.31120851150893314, 0.31120851150893314, 0.31120851150893314, 0.31120851150893314, 0.31120851150893314, 0.31120851150893314, 0.31120851150893314, 0.31120851150893314, 0.31120851150893314, 0.31120851150893314, 0.31120851150893314, 0.31120851150893314, 0.31120851150893314, 0.31120851150893314, 0.31120851150893314, 0.31120851150893314, 0.31120851150893314, 0.31120851150893314, 0.31120851150893314, 0.31120851150893314, 0.2622013264812305, 0.2622013264812305, 0.2622013264812305, 0.2622013264812305, 0.2622013264812305, 0.2622013264812305, 0.2622013264812305, 0.2622013264812305, 0.2622013264812305]","{""elitism_fraction"": 0.2, ""max_iterations"": 120, ""mutation_fraction"": 0.1, ""population_size"": 40}"
rosenbrock,Rosenbrock,99,1659,ea,Algoritmo evolutivo,3,"[-2.048, 2.048]","[1.0, 1.0, 1.0]","[0.3034184153039634, 0.0988798290290589, 0.022825597853894486]",1.3189167590405215,1.5007042609648107,120,4840,"[10.689167840274589, 1.4109414768161794, 1.4109414768161794, 1.4109414768161794, 1.4109414768161794, 1.4109414768161794, 1.4109414768161794, 1.4109414768161794, 1.4109414768161794, 1.4109414768161794, 1.4109414768161794, 1.4109414768161794, 1.4109414768161794, 1.4109414768161794, 1.4109414768161794, 1.4109414768161794, 1.4109414768161794, 1.4109414768161794, 1.4109414768161794, 1.4109414768161794, 1.4109414768161794, 1.4109414768161794, 1.4109414768161794, 1.4109414768161794, 1.4109414768161794, 1.4109414768161794, 1.4109414768161794, 1.4109414768161794, 1.4109414768161794, 1.4109414768161794, 1.4108019288826124, 1.4108019288826124, 1.4108019288826124, 1.4108019288826124, 1.4108019288826124, 1.4108019288826124, 1.4108019288826124, 1.4108019288826124, 1.324456497855492, 1.324456497855492, 1.324456497855492, 1.324316949921925, 1.324316949921925, 1.324316949921925, 1.324316949921925, 1.324316949921925, 1.324316949921925, 1.324316949921925, 1.324316949921925, 1.324316949921925, 1.324316949921925, 1.324316949921925, 1.324316949921925, 1.324316949921925, 1.324316949921925, 1.324316949921925, 1.3189167590405215, 1.3189167590405215, 1.3189167590405215, 1.3189167590405215, 1.3189167590405215, 1.3189167590405215, 1.3189167590405215, 1.3189167590405215, 1.3189167590405215, 1.3189167590405215, 1.3189167590405215, 1.3189167590405215, 1.3189167590405215, 1.3189167590405215, 1.3189167590405215, 1.3189167590405215, 1.3189167590405215, 1.3189167590405215, 1.3189167590405215, 1.3189167590405215, 1.3189167590405215, 1.3189167590405215, 1.3189167590405215, 1.3189167590405215, 1.3189167590405215, 1.3189167590405215, 1.3189167590405215, 1.3189167590405215, 1.3189167590405215, 1.3189167590405215, 1.3189167590405215, 1.3189167590405215, 1.3189167590405215, 1.3189167590405215, 1.3189167590405215, 1.3189167590405215, 1.3189167590405215, 1.3189167590405215, 1.3189167590405215, 1.3189167590405215, 1.3189167590405215, 1.3189167590405215, 1.3189167590405215, 1.3189167590405215, 1.3189167590405215, 1.3189167590405215, 1.3189167590405215, 1.3189167590405215, 1.3189167590405215, 1.3189167590405215, 1.3189167590405215, 1.3189167590405215, 1.3189167590405215, 1.3189167590405215, 1.3189167590405215, 1.3189167590405215, 1.3189167590405215, 1.3189167590405215, 1.3189167590405215, 1.3189167590405215, 1.3189167590405215, 1.3189167590405215, 1.3189167590405215, 1.3189167590405215, 1.3189167590405215]","{""elitism_fraction"": 0.2, ""max_iterations"": 120, ""mutation_fraction"": 0.1, ""population_size"": 40}"
rosenbrock,Rosenbrock,100,1690,ea,Algoritmo evolutivo,3,"[-2.048, 2.048]","[1.0, 1.0, 1.0]","[1.0948576492168982, 1.2036699999440108, 1.4234565995655686]",0.11727401658642977,0.4793693087878945,120,4840,"[0.19865037591282986, 0.19865037591282986, 0.19865037591282986, 0.19865037591282986, 0.19865037591282986, 0.19865037591282986, 0.19865037591282986, 0.19865037591282986, 0.19865037591282986, 0.19865037591282986, 0.19865037591282986, 0.19865037591282986, 0.19865037591282986, 0.19865037591282986, 0.19865037591282986, 0.19865037591282986, 0.19865037591282986, 0.19865037591282986, 0.19865037591282986, 0.19865037591282986, 0.19865037591282986, 0.19865037591282986, 0.19865037591282986, 0.19865037591282986, 0.19865037591282986, 0.19865037591282986, 0.19865037591282986, 0.19865037591282986, 0.19865037591282986, 0.19865037591282986, 0.19865037591282986, 0.19865037591282986, 0.19865037591282986, 0.19865037591282986, 0.19865037591282986, 0.19865037591282986, 0.19865037591282986, 0.19865037591282986, 0.19865037591282986, 0.19865037591282986, 0.19865037591282986, 0.19865037591282986, 0.19865037591282986, 0.19865037591282986, 0.19865037591282986, 0.19865037591282986, 0.19865037591282986, 0.19865037591282986, 0.19865037591282986, 0.19865037591282986, 0.19865037591282986, 0.19865037591282986, 0.19865037591282986, 0.19865037591282986, 0.19865037591282986, 0.19865037591282986, 0.19865037591282986, 0.19865037591282986, 0.19865037591282986, 0.19865037591282986, 0.19865037591282986, 0.19865037591282986, 0.19865037591282986, 0.19865037591282986, 0.19865037591282986, 0.19865037591282986, 0.19865037591282986, 0.19865037591282986, 0.19865037591282986, 0.19865037591282986, 0.19865037591282986, 0.19865037591282986, 0.19865037591282986, 0.19865037591282986, 0.19865037591282986, 0.19865037591282986, 0.19865037591282986, 0.19865037591282986, 0.19865037591282986, 0.19865037591282986, 0.19865037591282986, 0.19865037591282986, 0.19865037591282986, 0.19865037591282986, 0.19865037591282986, 0.19865037591282986, 0.19865037591282986, 0.19865037591282986, 0.19865037591282986, 0.11727401658642977, 0.11727401658642977, 0.11727401658642977, 0.11727401658642977, 0.11727401658642977, 0.11727401658642977, 0.11727401658642977, 0.11727401658642977, 0.11727401658642977, 0.11727401658642977, 0.11727401658642977, 0.11727401658642977, 0.11727401658642977, 0.11727401658642977, 0.11727401658642977, 0.11727401658642977, 0.11727401658642977, 0.11727401658642977, 0.11727401658642977, 0.11727401658642977, 0.11727401658642977, 0.11727401658642977, 0.11727401658642977, 0.11727401658642977, 0.11727401658642977, 0.11727401658642977, 0.11727401658642977, 0.11727401658642977, 0.11727401658642977, 0.11727401658642977, 0.11727401658642977, 0.11727401658642977]","{""elitism_fraction"": 0.2, ""max_iterations"": 120, ""mutation_fraction"": 0.1, ""population_size"": 40}"
