funcion,nombre_funcion,corrida,semilla,metodo,dimension,limites,posicion_inicial,posicion_final,valor_final,iteraciones,evaluaciones,parametros
goldstein_price,Goldstein-Price,1,2756,gradient,2,"[-1.5, 1.5]","[0.46678147946520676, 1.3863374852114507]","[1.095636113004444, 0.7344185311243888]",853.3893816841,5000,5002,"{""max_iterations"": 5000, ""rate"": 1e-07, ""tolerance"": 1e-06}"
goldstein_price,Goldstein-Price,2,2757,gradient,2,"[-1.5, 1.5]","[0.5468888700906862, -0.42041417200512]","[0.595387150489611, -0.6043336975522993]",59.36459859695667,5000,5002,"{""max_iterations"": 5000, ""rate"": 1e-07, ""tolerance"": 1e-06}"
goldstein_price,Goldstein-Price,3,2758,gradient,2,"[-1.5, 1.5]","[0.00658755688643109, 0.8459045906587668]","[0.13156871890721925, 0.0719738171247586]",738.1690354743369,5000,5002,"{""max_iterations"": 5000, ""rate"": 1e-07, ""tolerance"": 1e-06}"
goldstein_price,Goldstein-Price,4,2759,gradient,2,"[-1.5, 1.5]","[1.1866055183988569, 0.7102889485615247]","[1.181069201794776, 0.7881671724983329]",840.4999839818048,5000,5002,"{""max_iterations"": 5000, ""rate"": 1e-07, ""tolerance"": 1e-06}"
goldstein_price,Goldstein-Price,5,2760,gradient,2,"[-1.5, 1.5]","[1.4875368692611244, 0.611063514735644]","[1.758785629247386, 0.1730320992008717]",84.23836541786599,5000,5002,"{""max_iterations"": 5000, ""rate"": 1e-07, ""tolerance"": 1e-06}"
goldstein_price,Goldstein-Price,6,2761,gradient,2,"[-1.5, 1.5]","[0.08026613962049023, 0.9874626667746238]","[0.4221825843339333, 0.27667233320137435]",954.9315822669829,5000,5002,"{""max_iterations"": 5000, ""rate"": 1e-07, ""tolerance"": 1e-06}"
goldstein_price,Goldstein-Price,7,2762,gradient,2,"[-1.5, 1.5]","[0.7536274390370279, 0.05263014765269847]","[0.9680133295377962, -0.3550054664867028]",93.11612700646353,5000,5002,"{""max_iterations"": 5000, ""rate"": 1e-07, ""tolerance"": 1e-06}"
goldstein_price,Goldstein-Price,8,2763,gradient,2,"[-1.5, 1.5]","[-1.4432606719259051, -0.9937257999883169]","[-0.6913266830029031, -0.3848748001453643]",37.92064207721309,5000,5002,"{""max_iterations"": 5000, ""rate"": 1e-07, ""tolerance"": 1e-06}"
goldstein_price,Goldstein-Price,9,2764,gradient,2,"[-1.5, 1.5]","[-0.2704132487873727, 1.389200791760202]","[0.29990864174290083, 0.1910905866471563]",887.3131169198989,5000,5002,"{""max_iterations"": 5000, ""rate"": 1e-07, ""tolerance"": 1e-06}"
goldstein_price,Goldstein-Price,10,2804,gradient,2,"[-1.5, 1.5]","[0.3338422553755369, 0.7508625584209705]","[0.5640433279753085, 0.37521188639375425]",988.6495094412548,5000,5002,"{""max_iterations"": 5000, ""rate"": 1e-07, ""tolerance"": 1e-06}"
goldstein_price,Goldstein-Price,11,2805,gradient,2,"[-1.5, 1.5]","[1.3553231509291468, -1.407292442704596]","[0.14586019344101728, -1.1239334720449645]",25.70539426996481,5000,5002,"{""max_iterations"": 5000, ""rate"": 1e-07, ""tolerance"": 1e-06}"
goldstein_price,Goldstein-Price,12,2806,gradient,2,"[-1.5, 1.5]","[-0.9247316837228614, 0.29899029223955753]","[-0.803704692022496, -0.20636479176861544]",66.13152358408237,5000,5002,"{""max_iterations"": 5000, ""rate"": 1e-07, ""tolerance"": 1e-06}"
goldstein_price,Goldstein-Price,13,2807,gradient,2,"[-1.5, 1.5]","[0.4399680690601562, -0.6374935466432464]","[0.42741011595374034, -0.7169864893155629]",38.3025763996437,5000,5002,"{""max_iterations"": 5000, ""rate"": 1e-07, ""tolerance"": 1e-06}"
goldstein_price,Goldstein-Price,14,2808,gradient,2,"[-1.5, 1.5]","[-0.04968778712030297, -0.5987556055434694]","[-0.12702752871810682, -0.7976179929216053]",22.215800293139772,5000,5002,"{""max_iterations"": 5000, ""rate"": 1e-07, ""tolerance"": 1e-06}"
goldstein_price,Goldstein-Price,15,2809,gradient,2,"[-1.5, 1.5]","[1.2589459302346961, 0.5330810268728641]","[1.1823457454704835, 0.7796046693307223]",841.085614812385,5000,5002,"{""max_iterations"": 5000, ""rate"": 1e-07, ""tolerance"": 1e-06}"
goldstein_price,Goldstein-Price,16,2810,gradient,2,"[-1.5, 1.5]","[0.4736211375777484, -0.18661732568934797]","[0.59533529823894, -0.6041478233972828]",59.37103687329627,5000,5002,"{""max_iterations"": 5000, ""rate"": 1e-07, ""tolerance"": 1e-06}"
goldstein_price,Goldstein-Price,17,2811,gradient,2,"[-1.5, 1.5]","[-0.6185517623938617, 1.1644756623097536]","[-0.4778096931777728, -0.33304858111480584]",64.76257784862926,5000,5002,"{""max_iterations"": 5000, ""rate"": 1e-07, ""tolerance"": 1e-06}"
goldstein_price,Goldstein-Price,18,2812,gradient,2,"[-1.5, 1.5]","[0.9173694649204429, -0.2653791175799709]","[0.9551809863765586, -0.3635908060483763]",92.42960903639543,5000,5002,"{""max_iterations"": 5000, ""rate"": 1e-07, ""tolerance"": 1e-06}"
goldstein_price,Goldstein-Price,19,2813,gradient,2,"[-1.5, 1.5]","[-1.207082181456792, 0.2632446527118635]","[-0.8311321200372368, -0.1790612013689376]",80.67982273035967,5000,5002,"{""max_iterations"": 5000, ""rate"": 1e-07, ""tolerance"": 1e-06}"
goldstein_price,Goldstein-Price,20,2805,gradient,2,"[-1.5, 1.5]","[1.3553231509291468, -1.407292442704596]","[0.14586019344101728, -1.1239334720449645]",25.70539426996481,5000,5002,"{""max_iterations"": 5000, ""rate"": 1e-07, ""tolerance"": 1e-06}"
goldstein_price,Goldstein-Price,21,2806,gradient,2,"[-1.5, 1.5]","[-0.9247316837228614, 0.29899029223955753]","[-0.803704692022496, -0.20636479176861544]",66.13152358408237,5000,5002,"{""max_iterations"": 5000, ""rate"": 1e-07, ""tolerance"": 1e-06}"
goldstein_price,Goldstein-Price,22,2807,gradient,2,"[-1.5, 1.5]","[0.4399680690601562, -0.6374935466432464]","[0.42741011595374034, -0.7169864893155629]",38.3025763996437,5000,5002,"{""max_iterations"": 5000, ""rate"": 1e-07, ""tolerance"": 1e-06}"
goldstein_price,Goldstein-Price,23,2808,gradient,2,"[-1.5, 1.5]","[-0.04968778712030297, -0.5987556055434694]","[-0.12702752871810682, -0.7976179929216053]",22.215800293139772,5000,5002,"{""max_iterations"": 5000, ""rate"": 1e-07, ""tolerance"": 1e-06}"
goldstein_price,Goldstein-Price,24,2809,gradient,2,"[-1.5, 1.5]","[1.2589459302346961, 0.5330810268728641]","[1.1823457454704835, 0.7796046693307223]",841.085614812385,5000,5002,"{""max_iterations"": 5000, ""rate"": 1e-07, ""tolerance"": 1e-06}"
goldstein_price,Goldstein-Price,25,2810,gradient,2,"[-1.5, 1.5]","[0.4736211375777484, -0.18661732568934797]","[0.59533529823894, -0.6041478233972828]",59.37103687329627,5000,5002,"{""max_iterations"": 5000, ""rate"": 1e-07, ""tolerance"": 1e-06}"
goldstein_price,Goldstein-Price,26,2811,gradient,2,"[-1.5, 1.5]","[-0.6185517623938617, 1.1644756623097536]","[-0.4778096931777728, -0.33304858111480584]",64.76257784862926,5000,5002,"{""max_iterations"": 5000, ""rate"": 1e-07, ""tolerance"": 1e-06}"
goldstein_price,Goldstein-Price,27,2812,gradient,2,"[-1.5, 1.5]","[0.9173694649204429, -0.2653791175799709]","[0.9551809863765586, -0.3635908060483763]",92.42960903639543,5000,5002,"{""max_iterations"": 5000, ""rate"": 1e-07, ""tolerance"": 1e-06}"
goldstein_price,Goldstein-Price,28,2813,gradient,2,"[-1.5, 1.5]","[-1.207082181456792, 0.2632446527118635]","[-0.8311321200372368, -0.1790612013689376]",80.67982273035967,5000,5002,"{""max_iterations"": 5000, ""rate"": 1e-07, ""tolerance"": 1e-06}"
goldstein_price,Goldstein-Price,29,2814,gradient,2,"[-1.5, 1.5]","[-0.23930210123204754, -0.5848609789770237]","[-0.304382231880281, -0.6794361224830061]",32.87529232308733,5000,5002,"{""max_iterations"": 5000, ""rate"": 1e-07, ""tolerance"": 1e-06}"
goldstein_price,Goldstein-Price,30,2806,gradient,2,"[-1.5, 1.5]","[-0.9247316837228614, 0.29899029223955753]","[-0.803704692022496, -0.20636479176861544]",66.13152358408237,5000,5002,"{""max_iterations"": 5000, ""rate"": 1e-07, ""tolerance"": 1e-06}"
goldstein_price,Goldstein-Price,31,2807,gradient,2,"[-1.5, 1.5]","[0.4399680690601562, -0.6374935466432464]","[0.42741011595374034, -0.7169864893155629]",38.3025763996437,5000,5002,"{""max_iterations"": 5000, ""rate"": 1e-07, ""tolerance"": 1e-06}"
goldstein_price,Goldstein-Price,32,2808,gradient,2,"[-1.5, 1.5]","[-0.04968778712030297, -0.5987556055434694]","[-0.12702752871810682, -0.7976179929216053]",22.215800293139772,5000,5002,"{""max_iterations"": 5000, ""rate"": 1e-07, ""tolerance"": 1e-06}"
goldstein_price,Goldstein-Price,33,2809,gradient,2,"[-1.5, 1.5]","[1.2589459302346961, 0.5330810268728641]","[1.1823457454704835, 0.7796046693307223]",841.085614812385,5000,5002,"{""max_iterations"": 5000, ""rate"": 1e-07, ""tolerance"": 1e-06}"
goldstein_price,Goldstein-Price,34,2810,gradient,2,"[-1.5, 1.5]","[0.4736211375777484, -0.18661732568934797]","[0.59533529823894, -0.6041478233972828]",59.37103687329627,5000,5002,"{""max_iterations"": 5000, ""rate"": 1e-07, ""tolerance"": 1e-06}"
goldstein_price,Goldstein-Price,35,2811,gradient,2,"[-1.5, 1.5]","[-0.6185517623938617, 1.1644756623097536]","[-0.4778096931777728, -0.33304858111480584]",64.76257784862926,5000,5002,"{""max_iterations"": 5000, ""rate"": 1e-07, ""tolerance"": 1e-06}"
goldstein_price,Goldstein-Price,36,2812,gradient,2,"[-1.5, 1.5]","[0.9173694649204429, -0.2653791175799709]","[0.9551809863765586, -0.3635908060483763]",92.42960903639543,5000,5002,"{""max_iterations"": 5000, ""rate"": 1e-07, ""tolerance"": 1e-06}"
goldstein_price,Goldstein-Price,37,2813,gradient,2,"[-1.5, 1.5]","[-1.207082181456792, 0.2632446527118635]","[-0.8311321200372368, -0.1790612013689376]",80.67982273035967,5000,5002,"{""max_iterations"": 5000, ""rate"": 1e-07, ""tolerance"": 1e-06}"
goldstein_price,Goldstein-Price,38,2814,gradient,2,"[-1.5, 1.5]","[-0.23930210123204754, -0.5848609789770237]","[-0.304382231880281, -0.6794361224830061]",32.87529232308733,5000,5002,"{""max_iterations"": 5000, ""rate"": 1e-07, ""tolerance"": 1e-06}"
goldstein_price,Goldstein-Price,39,2815,gradient,2,"[-1.5, 1.5]","[-0.4384213572865383, -0.94310160842283]","[-0.2089772507638186, -0.8834531313857377]",21.451668841166573,5000,5002,"{""max_iterations"": 5000, ""rate"": 1e-07, ""tolerance"": 1e-06}"
goldstein_price,Goldstein-Price,40,2807,gradient,2,"[-1.5, 1.5]","[0.4399680690601562, -0.6374935466432464]","[0.42741011595374034, -0.7169864893155629]",38.3025763996437,5000,5002,"{""max_iterations"": 5000, ""rate"": 1e-07, ""tolerance"": 1e-06}"
goldstein_price,Goldstein-Price,41,2808,gradient,2,"[-1.5, 1.5]","[-0.04968778712030297, -0.5987556055434694]","[-0.12702752871810682, -0.7976179929216053]",22.215800293139772,5000,5002,"{""max_iterations"": 5000, ""rate"": 1e-07, ""tolerance"": 1e-06}"
goldstein_price,Goldstein-Price,42,2809,gradient,2,"[-1.5, 1.5]","[1.2589459302346961, 0.5330810268728641]","[1.1823457454704835, 0.7796046693307223]",841.085614812385,5000,5002,"{""max_iterations"": 5000, ""rate"": 1e-07, ""tolerance"": 1e-06}"
goldstein_price,Goldstein-Price,43,2810,gradient,2,"[-1.5, 1.5]","[0.4736211375777484, -0.18661732568934797]","[0.59533529823894, -0.6041478233972828]",59.37103687329627,5000,5002,"{""max_iterations"": 5000, ""rate"": 1e-07, ""tolerance"": 1e-06}"
goldstein_price,Goldstein-Price,44,2811,gradient,2,"[-1.5, 1.5]","[-0.6185517623938617, 1.1644756623097536]","[-0.4778096931777728, -0.33304858111480584]",64.76257784862926,5000,5002,"{""max_iterations"": 5000, ""rate"": 1e-07, ""tolerance"": 1e-06}"
goldstein_price,Goldstein-Price,45,2812,gradient,2,"[-1.5, 1.5]","[0.9173694649204429, -0.2653791175799709]","[0.9551809863765586, -0.3635908060483763]",92.42960903639543,5000,5002,"{""max_iterations"": 5000, ""rate"": 1e-07, ""tolerance"": 1e-06}"
goldstein_price,Goldstein-Price,46,2813,gradient,2,"[-1.5, 1.5]","[-1.207082181456792, 0.2632446527118635]","[-0.8311321200372368, -0.1790612013689376]",80.67982273035967,5000,5002,"{""max_iterations"": 5000, ""rate"": 1e-07, ""tolerance"": 1e-06}"
goldstein_price,Goldstein-Price,47,2814,gradient,2,"[-1.5, 1.5]","[-0.23930210123204754, -0.5848609789770237]","[-0.304382231880281, -0.6794361224830061]",32.87529232308733,5000,5002,"{""max_iterations"": 5000, ""rate"": 1e-07, ""tolerance"": 1e-06}"
goldstein_price,Goldstein-Price,48,2815,gradient,2,"[-1.5, 1.5]","[-0.4384213572865383, -0.94310160842283]","[-0.2089772507638186, -0.8834531313857377]",21.451668841166573,5000,5002,"{""max_iterations"": 5000, ""rate"": 1e-07, ""tolerance"": 1e-06}"
goldstein_price,Goldstein-Price,49,2816,gradient,2,"[-1.5, 1.5]","[-0.7378140058012055, 1.4305898141008053]","[-0.4838809656437248, -0.3341984490972677]",62.27278537698101,5000,5002,"{""max_iterations"": 5000, ""rate"": 1e-07, ""tolerance"": 1e-06}"
goldstein_price,Goldstein-Price,50,2808,gradient,2,"[-1.5, 1.5]","[-0.04968778712030297, -0.5987556055434694]","[-0.12702752871810682, -0.7976179929216053]",22.215800293139772,5000,5002,"{""max_iterations"": 5000, ""rate"": 1e-07, ""tolerance"": 1e-06}"
goldstein_price,Goldstein-Price,51,2809,gradient,2,"[-1.5, 1.5]","[1.2589459302346961, 0.5330810268728641]","[1.1823457454704835, 0.7796046693307223]",841.085614812385,5000,5002,"{""max_iterations"": 5000, ""rate"": 1e-07, ""tolerance"": 1e-06}"
goldstein_price,Goldstein-Price,52,2810,gradient,2,"[-1.5, 1.5]","[0.4736211375777484, -0.18661732568934797]","[0.59533529823894, -0.6041478233972828]",59.37103687329627,5000,5002,"{""max_iterations"": 5000, ""rate"": 1e-07, ""tolerance"": 1e-06}"
goldstein_price,Goldstein-Price,53,2811,gradient,2,"[-1.5, 1.5]","[-0.6185517623938617, 1.1644756623097536]","[-0.4778096931777728, -0.33304858111480584]",64.76257784862926,5000,5002,"{""max_iterations"": 5000, ""rate"": 1e-07, ""tolerance"": 1e-06}"
goldstein_price,Goldstein-Price,54,2812,gradient,2,"[-1.5, 1.5]","[0.9173694649204429, -0.2653791175799709]","[0.9551809863765586, -0.3635908060483763]",92.42960903639543,5000,5002,"{""max_iterations"": 5000, ""rate"": 1e-07, ""tolerance"": 1e-06}"
goldstein_price,Goldstein-Price,55,2813,gradient,2,"[-1.5, 1.5]","[-1.207082181456792, 0.2632446527118635]","[-0.8311321200372368, -0.1790612013689376]",80.67982273035967,5000,5002,"{""max_iterations"": 5000, ""rate"": 1e-07, ""tolerance"": 1e-06}"
goldstein_price,Goldstein-Price,56,2814,gradient,2,"[-1.5, 1.5]","[-0.23930210123204754, -0.5848609789770237]","[-0.304382231880281, -0.6794361224830061]",32.87529232308733,5000,5002,"{""max_iterations"": 5000, ""rate"": 1e-07, ""tolerance"": 1e-06}"
goldstein_price,Goldstein-Price,57,2815,gradient,2,"[-1.5, 1.5]","[-0.4384213572865383, -0.94310160842283]","[-0.2089772507638186, -0.8834531313857377]",21.451668841166573,5000,5002,"{""max_iterations"": 5000, ""rate"": 1e-07, ""tolerance"": 1e-06}"
goldstein_price,Goldstein-Price,58,2816,gradient,2,"[-1.5, 1.5]","[-0.7378140058012055, 1.4305898141008053]","[-0.4838809656437248, -0.3341984490972677]",62.27278537698101,5000,5002,"{""max_iterations"": 5000, ""rate"": 1e-07, ""tolerance"": 1e-06}"
goldstein_price,Goldstein-Price,59,2817,gradient,2,"[-1.5, 1.5]","[0.8203490613458007, -1.2085633899824098]","[0.14180621307270685, -1.0345628221887124]",13.382774146348087,5000,5002,"{""max_iterations"": 5000, ""rate"": 1e-07, ""tolerance"": 1e-06}"
goldstein_price,Goldstein-Price,60,2809,gradient,2,"[-1.5, 1.5]","[1.2589459302346961, 0.5330810268728641]","[1.1823457454704835, 0.7796046693307223]",841.085614812385,5000,5002,"{""max_iterations"": 5000, ""rate"": 1e-07, ""tolerance"": 1e-06}"
goldstein_price,Goldstein-Price,61,2810,gradient,2,"[-1.5, 1.5]","[0.4736211375777484, -0.18661732568934797]","[0.59533529823894, -0.6041478233972828]",59.37103687329627,5000,5002,"{""max_iterations"": 5000, ""rate"": 1e-07, ""tolerance"": 1e-06}"
goldstein_price,Goldstein-Price,62,2811,gradient,2,"[-1.5, 1.5]","[-0.6185517623938617, 1.1644756623097536]","[-0.4778096931777728, -0.33304858111480584]",64.76257784862926,5000,5002,"{""max_iterations"": 5000, ""rate"": 1e-07, ""tolerance"": 1e-06}"
goldstein_price,Goldstein-Price,63,2812,gradient,2,"[-1.5, 1.5]","[0.9173694649204429, -0.2653791175799709]","[0.9551809863765586, -0.3635908060483763]",92.42960903639543,5000,5002,"{""max_iterations"": 5000, ""rate"": 1e-07, ""tolerance"": 1e-06}"
goldstein_price,Goldstein-Price,64,2813,gradient,2,"[-1.5, 1.5]","[-1.207082181456792, 0.2632446527118635]","[-0.8311321200372368, -0.1790612013689376]",80.67982273035967,5000,5002,"{""max_iterations"": 5000, ""rate"": 1e-07, ""tolerance"": 1e-06}"
goldstein_price,Goldstein-Price,65,2814,gradient,2,"[-1.5, 1.5]","[-0.23930210123204754, -0.5848609789770237]","[-0.304382231880281, -0.6794361224830061]",32.87529232308733,5000,5002,"{""max_iterations"": 5000, ""rate"": 1e-07, ""tolerance"": 1e-06}"
goldstein_price,Goldstein-Price,66,2815,gradient,2,"[-1.5, 1.5]","[-0.4384213572865383, -0.94310160842283]","[-0.2089772507638186, -0.8834531313857377]",21.451668841166573,5000,5002,"{""max_iterations"": 5000, ""rate"": 1e-07, ""tolerance"": 1e-06}"
goldstein_price,Goldstein-Price,67,2816,gradient,2,"[-1.5, 1.5]","[-0.7378140058012055, 1.4305898141008053]","[-0.4838809656437248, -0.3341984490972677]",62.27278537698101,5000,5002,"{""max_iterations"": 5000, ""rate"": 1e-07, ""tolerance"": 1e-06}"
goldstein_price,Goldstein-Price,68,2817,gradient,2,"[-1.5, 1.5]","[0.8203490613458007, -1.2085633899824098]","[0.14180621307270685, -1.0345628221887124]",13.382774146348087,5000,5002,"{""max_iterations"": 5000, ""rate"": 1e-07, ""tolerance"": 1e-06}"
goldstein_price,Goldstein-Price,69,2818,gradient,2,"[-1.5, 1.5]","[0.27624679237310756, -1.105753875883806]","[0.11724435289255176, -1.0436691764734511]",10.492143026389963,5000,5002,"{""max_iterations"": 5000, ""rate"": 1e-07, ""tolerance"": 1e-06}"
goldstein_price,Goldstein-Price,70,2810,gradient,2,"[-1.5, 1.5]","[0.4736211375777484, -0.18661732568934797]","[0.59533529823894, -0.6041478233972828]",59.37103687329627,5000,5002,"{""max_iterations"": 5000, ""rate"": 1e-07, ""tolerance"": 1e-06}"
goldstein_price,Goldstein-Price,71,2811,gradient,2,"[-1.5, 1.5]","[-0.6185517623938617, 1.1644756623097536]","[-0.4778096931777728, -0.33304858111480584]",64.76257784862926,5000,5002,"{""max_iterations"": 5000, ""rate"": 1e-07, ""tolerance"": 1e-06}"
goldstein_price,Goldstein-Price,72,2812,gradient,2,"[-1.5, 1.5]","[0.9173694649204429, -0.2653791175799709]","[0.9551809863765586, -0.3635908060483763]",92.42960903639543,5000,5002,"{""max_iterations"": 5000, ""rate"": 1e-07, ""tolerance"": 1e-06}"
goldstein_price,Goldstein-Price,73,2813,gradient,2,"[-1.5, 1.5]","[-1.207082181456792, 0.2632446527118635]","[-0.8311321200372368, -0.1790612013689376]",80.67982273035967,5000,5002,"{""max_iterations"": 5000, ""rate"": 1e-07, ""tolerance"": 1e-06}"
goldstein_price,Goldstein-Price,74,2814,gradient,2,"[-1.5, 1.5]","[-0.23930210123204754, -0.5848609789770237]","[-0.304382231880281, -0.6794361224830061]",32.87529232308733,5000,5002,"{""max_iterations"": 5000, ""rate"": 1e-07, ""tolerance"": 1e-06}"
goldstein_price,Goldstein-Price,75,2815,gradient,2,"[-1.5, 1.5]","[-0.4384213572865383, -0.94310160842283]","[-0.2089772507638186, -0.8834531313857377]",21.451668841166573,5000,5002,"{""max_iterations"": 5000, ""rate"": 1e-07, ""tolerance"": 1e-06}"
goldstein_price,Goldstein-Price,76,2816,gradient,2,"[-1.5, 1.5]","[-0.7378140058012055, 1.4305898141008053]","[-0.4838809656437248, -0.3341984490972677]",62.27278537698101,5000,5002,"{""max_iterations"": 5000, ""rate"": 1e-07, ""tolerance"": 1e-06}"
goldstein_price,Goldstein-Price,77,2817,gradient,2,"[-1.5, 1.5]","[0.8203490613458007, -1.2085633899824098]","[0.14180621307270685, -1.0345628221887124]",13.382774146348087,5000,5002,"{""max_iterations"": 5000, ""rate"": 1e-07, ""tolerance"": 1e-06}"
goldstein_price,Goldstein-Price,78,2818,gradient,2,"[-1.5, 1.5]","[0.27624679237310756, -1.105753875883806]","[0.11724435289255176, -1.0436691764734511]",10.492143026389963,5000,5002,"{""max_iterations"": 5000, ""rate"": 1e-07, ""tolerance"": 1e-06}"
goldstein_price,Goldstein-Price,79,2819,gradient,2,"[-1.5, 1.5]","[1.4775107319176906, 0.31645280083352123]","[1.6470285054896667, 0.09825238844969393]",86.74873668857049,5000,5002,"{""max_iterations"": 5000, ""rate"": 1e-07, ""tolerance"": 1e-06}"
goldstein_price,Goldstein-Price,80,2811,gradient,2,"[-1.5, 1.5]","[-0.6185517623938617, 1.1644756623097536]","[-0.4778096931777728, -0.33304858111480584]",64.76257784862926,5000,5002,"{""max_iterations"": 5000, ""rate"": 1e-07, ""tolerance"": 1e-06}"
goldstein_price,Goldstein-Price,81,2812,gradient,2,"[-1.5, 1.5]","[0.9173694649204429, -0.2653791175799709]","[0.9551809863765586, -0.3635908060483763]",92.42960903639543,5000,5002,"{""max_iterations"": 5000, ""rate"": 1e-07, ""tolerance"": 1e-06}"
goldstein_price,Goldstein-Price,82,2813,gradient,2,"[-1.5, 1.5]","[-1.207082181456792, 0.2632446527118635]","[-0.8311321200372368, -0.1790612013689376]",80.67982273035967,5000,5002,"{""max_iterations"": 5000, ""rate"": 1e-07, ""tolerance"": 1e-06}"
goldstein_price,Goldstein-Price,83,2814,gradient,2,"[-1.5, 1.5]","[-0.23930210123204754, -0.5848609789770237]","[-0.304382231880281, -0.6794361224830061]",32.87529232308733,5000,5002,"{""max_iterations"": 5000, ""rate"": 1e-07, ""tolerance"": 1e-06}"
goldstein_price,Goldstein-Price,84,2815,gradient,2,"[-1.5, 1.5]","[-0.4384213572865383, -0.94310160842283]","[-0.2089772507638186, -0.8834531313857377]",21.451668841166573,5000,5002,"{""max_iterations"": 5000, ""rate"": 1e-07, ""tolerance"": 1e-06}"
goldstein_price,Goldstein-Price,85,2816,gradient,2,"[-1.5, 1.5]","[-0.7378140058012055, 1.4305898141008053]","[-0.4838809656437248, -0.3341984490972677]",62.27278537698101,5000,5002,"{""max_iterations"": 5000, ""rate"": 1e-07, ""tolerance"": 1e-06}"
goldstein_price,Goldstein-Price,86,2817,gradient,2,"[-1.5, 1.5]","[0.8203490613458007, -1.2085633899824098]","[0.14180621307270685, -1.0345628221887124]",13.382774146348087,5000,5002,"{""max_iterations"": 5000, ""rate"": 1e-07, ""tolerance"": 1e-06}"
goldstein_price,Goldstein-Price,87,2818,gradient,2,"[-1.5, 1.5]","[0.27624679237310756, -1.105753875883806]","[0.11724435289255176, -1.0436691764734511]",10.492143026389963,5000,5002,"{""max_iterations"": 5000, ""rate"": 1e-07, ""tolerance"": 1e-06}"
goldstein_price,Goldstein-Price,88,2819,gradient,2,"[-1.5, 1.5]","[1.4775107319176906, 0.31645280083352123]","[1.6470285054896667, 0.09825238844969393]",86.74873668857049,5000,5002,"{""max_iterations"": 5000, ""rate"": 1e-07, ""tolerance"": 1e-06}"
goldstein_price,Goldstein-Price,89,2820,gradient,2,"[-1.5, 1.5]","[0.41021444140839125, -0.06743762845302959]","[0.3725007499315978, -0.6830180280353191]",53.32133231951959,5000,5002,"{""max_iterations"": 5000, ""rate"": 1e-07, ""tolerance"": 1e-06}"
goldstein_price,Goldstein-Price,90,2812,gradient,2,"[-1.5, 1.5]","[0.9173694649204429, -0.2653791175799709]","[0.9551809863765586, -0.3635908060483763]",92.42960903639543,5000,5002,"{""max_iterations"": 5000, ""rate"": 1e-07, ""tolerance"": 1e-06}"
goldstein_price,Goldstein-Price,91,2813,gradient,2,"[-1.5, 1.5]","[-1.207082181456792, 0.2632446527118635]","[-0.8311321200372368, -0.1790612013689376]",80.67982273035967,5000,5002,"{""max_iterations"": 5000, ""rate"": 1e-07, ""tolerance"": 1e-06}"
goldstein_price,Goldstein-Price,92,2814,gradient,2,"[-1.5, 1.5]","[-0.23930210123204754, -0.5848609789770237]","[-0.304382231880281, -0.6794361224830061]",32.87529232308733,5000,5002,"{""max_iterations"": 5000, ""rate"": 1e-07, ""tolerance"": 1e-06}"
goldstein_price,Goldstein-Price,93,2815,gradient,2,"[-1.5, 1.5]","[-0.4384213572865383, -0.94310160842283]","[-0.2089772507638186, -0.8834531313857377]",21.451668841166573,5000,5002,"{""max_iterations"": 5000, ""rate"": 1e-07, ""tolerance"": 1e-06}"
goldstein_price,Goldstein-Price,94,2816,gradient,2,"[-1.5, 1.5]","[-0.7378140058012055, 1.4305898141008053]","[-0.4838809656437248, -0.3341984490972677]",62.27278537698101,5000,5002,"{""max_iterations"": 5000, ""rate"": 1e-07, ""tolerance"": 1e-06}"
goldstein_price,Goldstein-Price,95,2817,gradient,2,"[-1.5, 1.5]","[0.8203490613458007, -1.2085633899824098]","[0.14180621307270685, -1.0345628221887124]",13.382774146348087,5000,5002,"{""max_iterations"": 5000, ""rate"": 1e-07, ""tolerance"": 1e-06}"
goldstein_price,Goldstein-Price,96,2818,gradient,2,"[-1.5, 1.5]","[0.27624679237310756, -1.105753875883806]","[0.11724435289255176, -1.0436691764734511]",10.492143026389963,5000,5002,"{""max_iterations"": 5000, ""rate"": 1e-07, ""tolerance"": 1e-06}"
goldstein_price,Goldstein-Price,97,2819,gradient,2,"[-1.5, 1.5]","[1.4775107319176906, 0.31645280083352123]","[1.6470285054896667, 0.09825238844969393]",86.74873668857049,5000,5002,"{""max_iterations"": 5000, ""rate"": 1e-07, ""tolerance"": 1e-06}"
goldstein_price,Goldstein-Price,98,2820,gradient,2,"[-1.5, 1.5]","[0.41021444140839125, -0.06743762845302959]","[0.3725007499315978, -0.6830180280353191]",53.32133231951959,5000,5002,"{""max_iterations"": 5000, ""rate"": 1e-07, ""tolerance"": 1e-06}"
goldstein_price,Goldstein-Price,99,2821,gradient,2,"[-1.5, 1.5]","[0.48188760319836055, -1.1596582481191928]","[0.12974824571185065, -1.0755704356920293]",15.409562395814707,5000,5002,"{""max_iterations"": 5000, ""rate"": 1e-07, ""tolerance"": 1e-06}"
goldstein_price,Goldstein-Price,100,2852,gradient,2,"[-1.5, 1.5]","[0.517306158514621, -1.276638401887594]","[0.1481524247134073, -1.1295533530586526]",27.31065048550892,5000,5002,"{""max_iterations"": 5000, ""rate"": 1e-07, ""tolerance"": 1e-06}"
goldstein_price,Goldstein-Price,101,2853,gradient,2,"[-1.5, 1.5]","[-1.3522661002622114, -0.04207644128025212]","[-0.8110799715469749, -0.19904990727679028]",69.71198076945232,5000,5002,"{""max_iterations"": 5000, ""rate"": 1e-07, ""tolerance"": 1e-06}"
goldstein_price,Goldstein-Price,102,2854,gradient,2,"[-1.5, 1.5]","[-0.40734655540793874, 0.5383056879024437]","[-0.4834645148567391, -0.3357280478145711]",61.91432568806044,5000,5002,"{""max_iterations"": 5000, ""rate"": 1e-07, ""tolerance"": 1e-06}"
goldstein_price,Goldstein-Price,103,2855,gradient,2,"[-1.5, 1.5]","[0.4934702903309143, 0.7490873073822466]","[0.7689930600311573, 0.516186508718275]",964.1658419979656,5000,5002,"{""max_iterations"": 5000, ""rate"": 1e-07, ""tolerance"": 1e-06}"
goldstein_price,Goldstein-Price,104,2856,gradient,2,"[-1.5, 1.5]","[-1.0720438038298816, -0.7439636390458004]","[-0.6728391187259919, -0.38462587287323335]",34.55597576692703,5000,5002,"{""max_iterations"": 5000, ""rate"": 1e-07, ""tolerance"": 1e-06}"
goldstein_price,Goldstein-Price,105,2857,gradient,2,"[-1.5, 1.5]","[-0.43651268169901636, 1.1741719092769247]","[-0.26620807109090094, -0.21630721979769899]",244.29628832824457,5000,5002,"{""max_iterations"": 5000, ""rate"": 1e-07, ""tolerance"": 1e-06}"
goldstein_price,Goldstein-Price,106,2858,gradient,2,"[-1.5, 1.5]","[-0.3786269496548371, -1.410116737028586]","[-0.3171244736115931, -1.2072432562664603]",42.10562917161528,5000,5002,"{""max_iterations"": 5000, ""rate"": 1e-07, ""tolerance"": 1e-06}"
goldstein_price,Goldstein-Price,107,2859,gradient,2,"[-1.5, 1.5]","[0.8698513119766127, -1.3878590120762353]","[0.17390747209118823, -1.1575125607893895]",40.007489615370325,5000,5002,"{""max_iterations"": 5000, ""rate"": 1e-07, ""tolerance"": 1e-06}"
goldstein_price,Goldstein-Price,108,2860,gradient,2,"[-1.5, 1.5]","[-0.6894093064059326, 0.03932861791287223]","[-0.7212295207081919, -0.27954029392864294]",40.48562643769749,5000,5002,"{""max_iterations"": 5000, ""rate"": 1e-07, ""tolerance"": 1e-06}"
goldstein_price,Goldstein-Price,109,2861,gradient,2,"[-1.5, 1.5]","[0.5325373238301756, 0.9670238437134886]","[0.9544233461620865, 0.6416032980733496]",899.0167384373731,5000,5002,"{""max_iterations"": 5000, ""rate"": 1e-07, ""tolerance"": 1e-06}"
goldstein_price,Goldstein-Price,110,2853,gradient,2,"[-1.5, 1.5]","[-1.3522661002622114, -0.04207644128025212]","[-0.8110799715469749, -0.19904990727679028]",69.71198076945232,5000,5002,"{""max_iterations"": 5000, ""rate"": 1e-07, ""tolerance"": 1e-06}"
goldstein_price,Goldstein-Price,111,2854,gradient,2,"[-1.5, 1.5]","[-0.40734655540793874, 0.5383056879024437]","[-0.4834645148567391, -0.3357280478145711]",61.91432568806044,5000,5002,"{""max_iterations"": 5000, ""rate"": 1e-07, ""tolerance"": 1e-06}"
goldstein_price,Goldstein-Price,112,2855,gradient,2,"[-1.5, 1.5]","[0.4934702903309143, 0.7490873073822466]","[0.7689930600311573, 0.516186508718275]",964.1658419979656,5000,5002,"{""max_iterations"": 5000, ""rate"": 1e-07, ""tolerance"": 1e-06}"
goldstein_price,Goldstein-Price,113,2856,gradient,2,"[-1.5, 1.5]","[-1.0720438038298816, -0.7439636390458004]","[-0.6728391187259919, -0.38462587287323335]",34.55597576692703,5000,5002,"{""max_iterations"": 5000, ""rate"": 1e-07, ""tolerance"": 1e-06}"
goldstein_price,Goldstein-Price,114,2857,gradient,2,"[-1.5, 1.5]","[-0.43651268169901636, 1.1741719092769247]","[-0.26620807109090094, -0.21630721979769899]",244.29628832824457,5000,5002,"{""max_iterations"": 5000, ""rate"": 1e-07, ""tolerance"": 1e-06}"
goldstein_price,Goldstein-Price,115,2858,gradient,2,"[-1.5, 1.5]","[-0.3786269496548371, -1.410116737028586]","[-0.3171244736115931, -1.2072432562664603]",42.10562917161528,5000,5002,"{""max_iterations"": 5000, ""rate"": 1e-07, ""tolerance"": 1e-06}"
goldstein_price,Goldstein-Price,116,2859,gradient,2,"[-1.5, 1.5]","[0.8698513119766127, -1.3878590120762353]","[0.17390747209118823, -1.1575125607893895]",40.007489615370325,5000,5002,"{""max_iterations"": 5000, ""rate"": 1e-07, ""tolerance"": 1e-06}"
goldstein_price,Goldstein-Price,117,2860,gradient,2,"[-1.5, 1.5]","[-0.6894093064059326, 0.03932861791287223]","[-0.7212295207081919, -0.27954029392864294]",40.48562643769749,5000,5002,"{""max_iterations"": 5000, ""rate"": 1e-07, ""tolerance"": 1e-06}"
goldstein_price,Goldstein-Price,118,2861,gradient,2,"[-1.5, 1.5]","[0.5325373238301756, 0.9670238437134886]","[0.9544233461620865, 0.6416032980733496]",899.0167384373731,5000,5002,"{""max_iterations"": 5000, ""rate"": 1e-07, ""tolerance"": 1e-06}"
goldstein_price,Goldstein-Price,119,2862,gradient,2,"[-1.5, 1.5]","[0.28944340684842307, 0.3494493617612606]","[0.09319026192890144, 0.04437686019062769]",696.1763898321956,5000,5002,"{""max_iterations"": 5000, ""rate"": 1e-07, ""tolerance"": 1e-06}"
goldstein_price,Goldstein-Price,120,2854,gradient,2,"[-1.5, 1.5]","[-0.40734655540793874, 0.5383056879024437]","[-0.4834645148567391, -0.3357280478145711]",61.91432568806044,5000,5002,"{""max_iterations"": 5000, ""rate"": 1e-07, ""tolerance"": 1e-06}"
goldstein_price,Goldstein-Price,121,2855,gradient,2,"[-1.5, 1.5]","[0.4934702903309143, 0.7490873073822466]","[0.7689930600311573, 0.516186508718275]",964.1658419979656,5000,5002,"{""max_iterations"": 5000, ""rate"": 1e-07, ""tolerance"": 1e-06}"
goldstein_price,Goldstein-Price,122,2856,gradient,2,"[-1.5, 1.5]","[-1.0720438038298816, -0.7439636390458004]","[-0.6728391187259919, -0.38462587287323335]",34.55597576692703,5000,5002,"{""max_iterations"": 5000, ""rate"": 1e-07, ""tolerance"": 1e-06}"
goldstein_price,Goldstein-Price,123,2857,gradient,2,"[-1.5, 1.5]","[-0.43651268169901636, 1.1741719092769247]","[-0.26620807109090094, -0.21630721979769899]",244.29628832824457,5000,5002,"{""max_iterations"": 5000, ""rate"": 1e-07, ""tolerance"": 1e-06}"
goldstein_price,Goldstein-Price,124,2858,gradient,2,"[-1.5, 1.5]","[-0.3786269496548371, -1.410116737028586]","[-0.3171244736115931, -1.2072432562664603]",42.10562917161528,5000,5002,"{""max_iterations"": 5000, ""rate"": 1e-07, ""tolerance"": 1e-06}"
goldstein_price,Goldstein-Price,125,2859,gradient,2,"[-1.5, 1.5]","[0.8698513119766127, -1.3878590120762353]","[0.17390747209118823, -1.1575125607893895]",40.007489615370325,5000,5002,"{""max_iterations"": 5000, ""rate"": 1e-07, ""tolerance"": 1e-06}"
goldstein_price,Goldstein-Price,126,2860,gradient,2,"[-1.5, 1.5]","[-0.6894093064059326, 0.03932861791287223]","[-0.7212295207081919, -0.27954029392864294]",40.48562643769749,5000,5002,"{""max_iterations"": 5000, ""rate"": 1e-07, ""tolerance"": 1e-06}"
goldstein_price,Goldstein-Price,127,2861,gradient,2,"[-1.5, 1.5]","[0.5325373238301756, 0.9670238437134886]","[0.9544233461620865, 0.6416032980733496]",899.0167384373731,5000,5002,"{""max_iterations"": 5000, ""rate"": 1e-07, ""tolerance"": 1e-06}"
goldstein_price,Goldstein-Price,128,2862,gradient,2,"[-1.5, 1.5]","[0.28944340684842307, 0.3494493617612606]","[0.09319026192890144, 0.04437686019062769]",696.1763898321956,5000,5002,"{""max_iterations"": 5000, ""rate"": 1e-07, ""tolerance"": 1e-06}"
goldstein_price,Goldstein-Price,129,2863,gradient,2,"[-1.5, 1.5]","[-0.4722248969728242, -1.4828472706446387]","[-0.37726994473639336, -1.2478325254900693]",61.32021434520096,5000,5002,"{""max_iterations"": 5000, ""rate"": 1e-07, ""tolerance"": 1e-06}"
goldstein_price,Goldstein-Price,130,2855,gradient,2,"[-1.5, 1.5]","[0.4934702903309143, 0.7490873073822466]","[0.7689930600311573, 0.516186508718275]",964.1658419979656,5000,5002,"{""max_iterations"": 5000, ""rate"": 1e-07, ""tolerance"": 1e-06}"
goldstein_price,Goldstein-Price,131,2856,gradient,2,"[-1.5, 1.5]","[-1.0720438038298816, -0.7439636390458004]","[-0.6728391187259919, -0.38462587287323335]",34.55597576692703,5000,5002,"{""max_iterations"": 5000, ""rate"": 1e-07, ""tolerance"": 1e-06}"
goldstein_price,Goldstein-Price,132,2857,gradient,2,"[-1.5, 1.5]","[-0.43651268169901636, 1.1741719092769247]","[-0.26620807109090094, -0.21630721979769899]",244.29628832824457,5000,5002,"{""max_iterations"": 5000, ""rate"": 1e-07, ""tolerance"": 1e-06}"
goldstein_price,Goldstein-Price,133,2858,gradient,2,"[-1.5, 1.5]","[-0.3786269496548371, -1.410116737028586]","[-0.3171244736115931, -1.2072432562664603]",42.10562917161528,5000,5002,"{""max_iterations"": 5000, ""rate"": 1e-07, ""tolerance"": 1e-06}"
goldstein_price,Goldstein-Price,134,2859,gradient,2,"[-1.5, 1.5]","[0.8698513119766127, -1.3878590120762353]","[0.17390747209118823, -1.1575125607893895]",40.007489615370325,5000,5002,"{""max_iterations"": 5000, ""rate"": 1e-07, ""tolerance"": 1e-06}"
goldstein_price,Goldstein-Price,135,2860,gradient,2,"[-1.5, 1.5]","[-0.6894093064059326, 0.03932861791287223]","[-0.7212295207081919, -0.27954029392864294]",40.48562643769749,5000,5002,"{""max_iterations"": 5000, ""rate"": 1e-07, ""tolerance"": 1e-06}"
goldstein_price,Goldstein-Price,136,2861,gradient,2,"[-1.5, 1.5]","[0.5325373238301756, 0.9670238437134886]","[0.9544233461620865, 0.6416032980733496]",899.0167384373731,5000,5002,"{""max_iterations"": 5000, ""rate"": 1e-07, ""tolerance"": 1e-06}"
goldstein_price,Goldstein-Price,137,2862,gradient,2,"[-1.5, 1.5]","[0.28944340684842307, 0.3494493617612606]","[0.09319026192890144, 0.04437686019062769]",696.1763898321956,5000,5002,"{""max_iterations"": 5000, ""rate"": 1e-07, ""tolerance"": 1e-06}"
goldstein_price,Goldstein-Price,138,2863,gradient,2,"[-1.5, 1.5]","[-0.4722248969728242, -1.4828472706446387]","[-0.37726994473639336, -1.2478325254900693]",61.32021434520096,5000,5002,"{""max_iterations"": 5000, ""rate"": 1e-07, ""tolerance"": 1e-06}"
goldstein_price,Goldstein-Price,139,2864,gradient,2,"[-1.5, 1.5]","[-1.280835299131502, 0.20416055080136264]","[-0.8319454907038546, -0.178248268396175]",81.16439520638166,5000,5002,"{""max_iterations"": 5000, ""rate"": 1e-07, ""tolerance"": 1e-06}"
goldstein_price,Goldstein-Price,140,2856,gradient,2,"[-1.5, 1.5]","[-1.0720438038298816, -0.7439636390458004]","[-0.6728391187259919, -0.38462587287323335]",34.55597576692703,5000,5002,"{""max_iterations"": 5000, ""rate"": 1e-07, ""tolerance"": 1e-06}"
goldstein_price,Goldstein-Price,141,2857,gradient,2,"[-1.5, 1.5]","[-0.43651268169901636, 1.1741719092769247]","[-0.26620807109090094, -0.21630721979769899]",244.29628832824457,5000,5002,"{""max_iterations"": 5000, ""rate"": 1e-07, ""tolerance"": 1e-06}"
goldstein_price,Goldstein-Price,142,2858,gradient,2,"[-1.5, 1.5]","[-0.3786269496548371, -1.410116737028586]","[-0.3171244736115931, -1.2072432562664603]",42.10562917161528,5000,5002,"{""max_iterations"": 5000, ""rate"": 1e-07, ""tolerance"": 1e-06}"
goldstein_price,Goldstein-Price,143,2859,gradient,2,"[-1.5, 1.5]","[0.8698513119766127, -1.3878590120762353]","[0.17390747209118823, -1.1575125607893895]",40.007489615370325,5000,5002,"{""max_iterations"": 5000, ""rate"": 1e-07, ""tolerance"": 1e-06}"
goldstein_price,Goldstein-Price,144,2860,gradient,2,"[-1.5, 1.5]","[-0.6894093064059326, 0.03932861791287223]","[-0.7212295207081919, -0.27954029392864294]",40.48562643769749,5000,5002,"{""max_iterations"": 5000, ""rate"": 1e-07, ""tolerance"": 1e-06}"
goldstein_price,Goldstein-Price,145,2861,gradient,2,"[-1.5, 1.5]","[0.5325373238301756, 0.9670238437134886]","[0.9544233461620865, 0.6416032980733496]",899.0167384373731,5000,5002,"{""max_iterations"": 5000, ""rate"": 1e-07, ""tolerance"": 1e-06}"
goldstein_price,Goldstein-Price,146,2862,gradient,2,"[-1.5, 1.5]","[0.28944340684842307, 0.3494493617612606]","[0.09319026192890144, 0.04437686019062769]",696.1763898321956,5000,5002,"{""max_iterations"": 5000, ""rate"": 1e-07, ""tolerance"": 1e-06}"
goldstein_price,Goldstein-Price,147,2863,gradient,2,"[-1.5, 1.5]","[-0.4722248969728242, -1.4828472706446387]","[-0.37726994473639336, -1.2478325254900693]",61.32021434520096,5000,5002,"{""max_iterations"": 5000, ""rate"": 1e-07, ""tolerance"": 1e-06}"
goldstein_price,Goldstein-Price,148,2864,gradient,2,"[-1.5, 1.5]","[-1.280835299131502, 0.20416055080136264]","[-0.8319454907038546, -0.178248268396175]",81.16439520638166,5000,5002,"{""max_iterations"": 5000, ""rate"": 1e-07, ""tolerance"": 1e-06}"
goldstein_price,Goldstein-Price,149,2865,gradient,2,"[-1.5, 1.5]","[1.4239415995531726, 0.054595840640787596]","[1.4857532081892297, -0.009241321134505695]",92.58877173819164,5000,5002,"{""max_iterations"": 5000, ""rate"": 1e-07, ""tolerance"": 1e-06}"
goldstein_price,Goldstein-Price,150,2857,gradient,2,"[-1.5, 1.5]","[-0.43651268169901636, 1.1741719092769247]","[-0.26620807109090094, -0.21630721979769899]",244.29628832824457,5000,5002,"{""max_iterations"": 5000, ""rate"": 1e-07, ""tolerance"": 1e-06}"
goldstein_price,Goldstein-Price,151,2858,gradient,2,"[-1.5, 1.5]","[-0.3786269496548371, -1.410116737028586]","[-0.3171244736115931, -1.2072432562664603]",42.10562917161528,5000,5002,"{""max_iterations"": 5000, ""rate"": 1e-07, ""tolerance"": 1e-06}"
goldstein_price,Goldstein-Price,152,2859,gradient,2,"[-1.5, 1.5]","[0.8698513119766127, -1.3878590120762353]","[0.17390747209118823, -1.1575125607893895]",40.007489615370325,5000,5002,"{""max_iterations"": 5000, ""rate"": 1e-07, ""tolerance"": 1e-06}"
goldstein_price,Goldstein-Price,153,2860,gradient,2,"[-1.5, 1.5]","[-0.6894093064059326, 0.03932861791287223]","[-0.7212295207081919, -0.27954029392864294]",40.48562643769749,5000,5002,"{""max_iterations"": 5000, ""rate"": 1e-07, ""tolerance"": 1e-06}"
goldstein_price,Goldstein-Price,154,2861,gradient,2,"[-1.5, 1.5]","[0.5325373238301756, 0.9670238437134886]","[0.9544233461620865, 0.6416032980733496]",899.0167384373731,5000,5002,"{""max_iterations"": 5000, ""rate"": 1e-07, ""tolerance"": 1e-06}"
goldstein_price,Goldstein-Price,155,2862,gradient,2,"[-1.5, 1.5]","[0.28944340684842307, 0.3494493617612606]","[0.09319026192890144, 0.04437686019062769]",696.1763898321956,5000,5002,"{""max_iterations"": 5000, ""rate"": 1e-07, ""tolerance"": 1e-06}"
goldstein_price,Goldstein-Price,156,2863,gradient,2,"[-1.5, 1.5]","[-0.4722248969728242, -1.4828472706446387]","[-0.37726994473639336, -1.2478325254900693]",61.32021434520096,5000,5002,"{""max_iterations"": 5000, ""rate"": 1e-07, ""tolerance"": 1e-06}"
goldstein_price,Goldstein-Price,157,2864,gradient,2,"[-1.5, 1.5]","[-1.280835299131502, 0.20416055080136264]","[-0.8319454907038546, -0.178248268396175]",81.16439520638166,5000,5002,"{""max_iterations"": 5000, ""rate"": 1e-07, ""tolerance"": 1e-06}"
goldstein_price,Goldstein-Price,158,2865,gradient,2,"[-1.5, 1.5]","[1.4239415995531726, 0.054595840640787596]","[1.4857532081892297, -0.009241321134505695]",92.58877173819164,5000,5002,"{""max_iterations"": 5000, ""rate"": 1e-07, ""tolerance"": 1e-06}"
goldstein_price,Goldstein-Price,159,2866,gradient,2,"[-1.5, 1.5]","[-0.06294407553392634, -0.10663931852550723]","[-0.42328450888769253, -0.36475963722361754]",75.11057971649205,5000,5002,"{""max_iterations"": 5000, ""rate"": 1e-07, ""tolerance"": 1e-06}"
goldstein_price,Goldstein-Price,160,2858,gradient,2,"[-1.5, 1.5]","[-0.3786269496548371, -1.410116737028586]","[-0.3171244736115931, -1.2072432562664603]",42.10562917161528,5000,5002,"{""max_iterations"": 5000, ""rate"": 1e-07, ""tolerance"": 1e-06}"
goldstein_price,Goldstein-Price,161,2859,gradient,2,"[-1.5, 1.5]","[0.8698513119766127, -1.3878590120762353]","[0.17390747209118823, -1.1575125607893895]",40.007489615370325,5000,5002,"{""max_iterations"": 5000, ""rate"": 1e-07, ""tolerance"": 1e-06}"
goldstein_price,Goldstein-Price,162,2860,gradient,2,"[-1.5, 1.5]","[-0.6894093064059326, 0.03932861791287223]","[-0.7212295207081919, -0.27954029392864294]",40.48562643769749,5000,5002,"{""max_iterations"": 5000, ""rate"": 1e-07, ""tolerance"": 1e-06}"
goldstein_price,Goldstein-Price,163,2861,gradient,2,"[-1.5, 1.5]","[0.5325373238301756, 0.9670238437134886]","[0.9544233461620865, 0.6416032980733496]",899.0167384373731,5000,5002,"{""max_iterations"": 5000, ""rate"": 1e-07, ""tolerance"": 1e-06}"
goldstein_price,Goldstein-Price,164,2862,gradient,2,"[-1.5, 1.5]","[0.28944340684842307, 0.3494493617612606]","[0.09319026192890144, 0.04437686019062769]",696.1763898321956,5000,5002,"{""max_iterations"": 5000, ""rate"": 1e-07, ""tolerance"": 1e-06}"
goldstein_price,Goldstein-Price,165,2863,gradient,2,"[-1.5, 1.5]","[-0.4722248969728242, -1.4828472706446387]","[-0.37726994473639336, -1.2478325254900693]",61.32021434520096,5000,5002,"{""max_iterations"": 5000, ""rate"": 1e-07, ""tolerance"": 1e-06}"
goldstein_price,Goldstein-Price,166,2864,gradient,2,"[-1.5, 1.5]","[-1.280835299131502, 0.20416055080136264]","[-0.8319454907038546, -0.178248268396175]",81.16439520638166,5000,5002,"{""max_iterations"": 5000, ""rate"": 1e-07, ""tolerance"": 1e-06}"
goldstein_price,Goldstein-Price,167,2865,gradient,2,"[-1.5, 1.5]","[1.4239415995531726, 0.054595840640787596]","[1.4857532081892297, -0.009241321134505695]",92.58877173819164,5000,5002,"{""max_iterations"": 5000, ""rate"": 1e-07, ""tolerance"": 1e-06}"
goldstein_price,Goldstein-Price,168,2866,gradient,2,"[-1.5, 1.5]","[-0.06294407553392634, -0.10663931852550723]","[-0.42328450888769253, -0.36475963722361754]",75.11057971649205,5000,5002,"{""max_iterations"": 5000, ""rate"": 1e-07, ""tolerance"": 1e-06}"
goldstein_price,Goldstein-Price,169,2867,gradient,2,"[-1.5, 1.5]","[0.12315104267063859, 1.3814872618358738]","[0.8933962893120364, 0.6006638318607397]",922.0893411741217,5000,5002,"{""max_iterations"": 5000, ""rate"": 1e-07, ""tolerance"": 1e-06}"
goldstein_price,Goldstein-Price,170,2859,gradient,2,"[-1.5, 1.5]","[0.8698513119766127, -1.3878590120762353]","[0.17390747209118823, -1.1575125607893895]",40.007489615370325,5000,5002,"{""max_iterations"": 5000, ""rate"": 1e-07, ""tolerance"": 1e-06}"
goldstein_price,Goldstein-Price,171,2860,gradient,2,"[-1.5, 1.5]","[-0.6894093064059326, 0.03932861791287223]","[-0.7212295207081919, -0.27954029392864294]",40.48562643769749,5000,5002,"{""max_iterations"": 5000, ""rate"": 1e-07, ""tolerance"": 1e-06}"
goldstein_price,Goldstein-Price,172,2861,gradient,2,"[-1.5, 1.5]","[0.5325373238301756, 0.9670238437134886]","[0.9544233461620865, 0.6416032980733496]",899.0167384373731,5000,5002,"{""max_iterations"": 5000, ""rate"": 1e-07, ""tolerance"": 1e-06}"
goldstein_price,Goldstein-Price,173,2862,gradient,2,"[-1.5, 1.5]","[0.28944340684842307, 0.3494493617612606]","[0.09319026192890144, 0.04437686019062769]",696.1763898321956,5000,5002,"{""max_iterations"": 5000, ""rate"": 1e-07, ""tolerance"": 1e-06}"
goldstein_price,Goldstein-Price,174,2863,gradient,2,"[-1.5, 1.5]","[-0.4722248969728242, -1.4828472706446387]","[-0.37726994473639336, -1.2478325254900693]",61.32021434520096,5000,5002,"{""max_iterations"": 5000, ""rate"": 1e-07, ""tolerance"": 1e-06}"
goldstein_price,Goldstein-Price,175,2864,gradient,2,"[-1.5, 1.5]","[-1.280835299131502, 0.20416055080136264]","[-0.8319454907038546, -0.178248268396175]",81.16439520638166,5000,5002,"{""max_iterations"": 5000, ""rate"": 1e-07, ""tolerance"": 1e-06}"
goldstein_price,Goldstein-Price,176,2865,gradient,2,"[-1.5, 1.5]","[1.4239415995531726, 0.054595840640787596]","[1.4857532081892297, -0.009241321134505695]",92.58877173819164,5000,5002,"{""max_iterations"": 5000, ""rate"": 1e-07, ""tolerance"": 1e-06}"
goldstein_price,Goldstein-Price,177,2866,gradient,2,"[-1.5, 1.5]","[-0.06294407553392634, -0.10663931852550723]","[-0.42328450888769253, -0.36475963722361754]",75.11057971649205,5000,5002,"{""max_iterations"": 5000, ""rate"": 1e-07, ""tolerance"": 1e-06}"
goldstein_price,Goldstein-Price,178,2867,gradient,2,"[-1.5, 1.5]","[0.12315104267063859, 1.3814872618358738]","[0.8933962893120364, 0.6006638318607397]",922.0893411741217,5000,5002,"{""max_iterations"": 5000, ""rate"": 1e-07, ""tolerance"": 1e-06}"
goldstein_price,Goldstein-Price,179,2868,gradient,2,"[-1.5, 1.5]","[0.22331747407788605, 0.9582344146039898]","[0.616615116547331, 0.41154885600259583]",989.7183747779673,5000,5002,"{""max_iterations"": 5000, ""rate"": 1e-07, ""tolerance"": 1e-06}"
goldstein_price,Goldstein-Price,180,2860,gradient,2,"[-1.5, 1.5]","[-0.6894093064059326, 0.03932861791287223]","[-0.7212295207081919, -0.27954029392864294]",40.48562643769749,5000,5002,"{""max_iterations"": 5000, ""rate"": 1e-07, ""tolerance"": 1e-06}"
goldstein_price,Goldstein-Price,181,2861,gradient,2,"[-1.5, 1.5]","[0.5325373238301756, 0.9670238437134886]","[0.9544233461620865, 0.6416032980733496]",899.0167384373731,5000,5002,"{""max_iterations"": 5000, ""rate"": 1e-07, ""tolerance"": 1e-06}"
goldstein_price,Goldstein-Price,182,2862,gradient,2,"[-1.5, 1.5]","[0.28944340684842307, 0.3494493617612606]","[0.09319026192890144, 0.04437686019062769]",696.1763898321956,5000,5002,"{""max_iterations"": 5000, ""rate"": 1e-07, ""tolerance"": 1e-06}"
goldstein_price,Goldstein-Price,183,2863,gradient,2,"[-1.5, 1.5]","[-0.4722248969728242, -1.4828472706446387]","[-0.37726994473639336, -1.2478325254900693]",61.32021434520096,5000,5002,"{""max_iterations"": 5000, ""rate"": 1e-07, ""tolerance"": 1e-06}"
goldstein_price,Goldstein-Price,184,2864,gradient,2,"[-1.5, 1.5]","[-1.280835299131502, 0.20416055080136264]","[-0.8319454907038546, -0.178248268396175]",81.16439520638166,5000,5002,"{""max_iterations"": 5000, ""rate"": 1e-07, ""tolerance"": 1e-06}"
goldstein_price,Goldstein-Price,185,2865,gradient,2,"[-1.5, 1.5]","[1.4239415995531726, 0.054595840640787596]","[1.4857532081892297, -0.009241321134505695]",92.58877173819164,5000,5002,"{""max_iterations"": 5000, ""rate"": 1e-07, ""tolerance"": 1e-06}"
goldstein_price,Goldstein-Price,186,2866,gradient,2,"[-1.5, 1.5]","[-0.06294407553392634, -0.10663931852550723]","[-0.42328450888769253, -0.36475963722361754]",75.11057971649205,5000,5002,"{""max_iterations"": 5000, ""rate"": 1e-07, ""tolerance"": 1e-06}"
goldstein_price,Goldstein-Price,187,2867,gradient,2,"[-1.5, 1.5]","[0.12315104267063859, 1.3814872618358738]","[0.8933962893120364, 0.6006638318607397]",922.0893411741217,5000,5002,"{""max_iterations"": 5000, ""rate"": 1e-07, ""tolerance"": 1e-06}"
goldstein_price,Goldstein-Price,188,2868,gradient,2,"[-1.5, 1.5]","[0.22331747407788605, 0.9582344146039898]","[0.616615116547331, 0.41154885600259583]",989.7183747779673,5000,5002,"{""max_iterations"": 5000, ""rate"": 1e-07, ""tolerance"": 1e-06}"
goldstein_price,Goldstein-Price,189,2869,gradient,2,"[-1.5, 1.5]","[-1.4887314979521944, -0.5540619176553848]","[-0.6911546398954692, -0.3706439553080917]",36.1501167792786,5000,5002,"{""max_iterations"": 5000, ""rate"": 1e-07, ""tolerance"": 1e-06}"
goldstein_price,Goldstein-Price,190,2861,gradient,2,"[-1.5, 1.5]","[0.5325373238301756, 0.9670238437134886]","[0.9544233461620865, 0.6416032980733496]",899.0167384373731,5000,5002,"{""max_iterations"": 5000, ""rate"": 1e-07, ""tolerance"": 1e-06}"
goldstein_price,Goldstein-Price,191,2862,gradient,2,"[-1.5, 1.5]","[0.28944340684842307, 0.3494493617612606]","[0.09319026192890144, 0.04437686019062769]",696.1763898321956,5000,5002,"{""max_iterations"": 5000, ""rate"": 1e-07, ""tolerance"": 1e-06}"
goldstein_price,Goldstein-Price,192,2863,gradient,2,"[-1.5, 1.5]","[-0.4722248969728242, -1.4828472706446387]","[-0.37726994473639336, -1.2478325254900693]",61.32021434520096,5000,5002,"{""max_iterations"": 5000, ""rate"": 1e-07, ""tolerance"": 1e-06}"
goldstein_price,Goldstein-Price,193,2864,gradient,2,"[-1.5, 1.5]","[-1.280835299131502, 0.20416055080136264]","[-0.8319454907038546, -0.178248268396175]",81.16439520638166,5000,5002,"{""max_iterations"": 5000, ""rate"": 1e-07, ""tolerance"": 1e-06}"
goldstein_price,Goldstein-Price,194,2865,gradient,2,"[-1.5, 1.5]","[1.4239415995531726, 0.054595840640787596]","[1.4857532081892297, -0.009241321134505695]",92.58877173819164,5000,5002,"{""max_iterations"": 5000, ""rate"": 1e-07, ""tolerance"": 1e-06}"
goldstein_price,Goldstein-Price,195,2866,gradient,2,"[-1.5, 1.5]","[-0.06294407553392634, -0.10663931852550723]","[-0.42328450888769253, -0.36475963722361754]",75.11057971649205,5000,5002,"{""max_iterations"": 5000, ""rate"": 1e-07, ""tolerance"": 1e-06}"
goldstein_price,Goldstein-Price,196,2867,gradient,2,"[-1.5, 1.5]","[0.12315104267063859, 1.3814872618358738]","[0.8933962893120364, 0.6006638318607397]",922.0893411741217,5000,5002,"{""max_iterations"": 5000, ""rate"": 1e-07, ""tolerance"": 1e-06}"
goldstein_price,Goldstein-Price,197,2868,gradient,2,"[-1.5, 1.5]","[0.22331747407788605, 0.9582344146039898]","[0.616615116547331, 0.41154885600259583]",989.7183747779673,5000,5002,"{""max_iterations"": 5000, ""rate"": 1e-07, ""tolerance"": 1e-06}"
goldstein_price,Goldstein-Price,198,2869,gradient,2,"[-1.5, 1.5]","[-1.4887314979521944, -0.5540619176553848]","[-0.6911546398954692, -0.3706439553080917]",36.1501167792786,5000,5002,"{""max_iterations"": 5000, ""rate"": 1e-07, ""tolerance"": 1e-06}"
goldstein_price,Goldstein-Price,199,2870,gradient,2,"[-1.5, 1.5]","[1.3666304174501311, -0.03586307453526505]","[1.4017979662515805, -0.0652583045438614]",95.49597328149726,5000,5002,"{""max_iterations"": 5000, ""rate"": 1e-07, ""tolerance"": 1e-06}"
goldstein_price,Goldstein-Price,200,2853,gradient,2,"[-1.5, 1.5]","[-1.3522661002622114, -0.04207644128025212]","[-0.8110799715469749, -0.19904990727679028]",69.71198076945232,5000,5002,"{""max_iterations"": 5000, ""rate"": 1e-07, ""tolerance"": 1e-06}"
goldstein_price,Goldstein-Price,201,2854,gradient,2,"[-1.5, 1.5]","[-0.40734655540793874, 0.5383056879024437]","[-0.4834645148567391, -0.3357280478145711]",61.91432568806044,5000,5002,"{""max_iterations"": 5000, ""rate"": 1e-07, ""tolerance"": 1e-06}"
goldstein_price,Goldstein-Price,202,2855,gradient,2,"[-1.5, 1.5]","[0.4934702903309143, 0.7490873073822466]","[0.7689930600311573, 0.516186508718275]",964.1658419979656,5000,5002,"{""max_iterations"": 5000, ""rate"": 1e-07, ""tolerance"": 1e-06}"
goldstein_price,Goldstein-Price,203,2856,gradient,2,"[-1.5, 1.5]","[-1.0720438038298816, -0.7439636390458004]","[-0.6728391187259919, -0.38462587287323335]",34.55597576692703,5000,5002,"{""max_iterations"": 5000, ""rate"": 1e-07, ""tolerance"": 1e-06}"
goldstein_price,Goldstein-Price,204,2857,gradient,2,"[-1.5, 1.5]","[-0.43651268169901636, 1.1741719092769247]","[-0.26620807109090094, -0.21630721979769899]",244.29628832824457,5000,5002,"{""max_iterations"": 5000, ""rate"": 1e-07, ""tolerance"": 1e-06}"
goldstein_price,Goldstein-Price,205,2858,gradient,2,"[-1.5, 1.5]","[-0.3786269496548371, -1.410116737028586]","[-0.3171244736115931, -1.2072432562664603]",42.10562917161528,5000,5002,"{""max_iterations"": 5000, ""rate"": 1e-07, ""tolerance"": 1e-06}"
goldstein_price,Goldstein-Price,206,2859,gradient,2,"[-1.5, 1.5]","[0.8698513119766127, -1.3878590120762353]","[0.17390747209118823, -1.1575125607893895]",40.007489615370325,5000,5002,"{""max_iterations"": 5000, ""rate"": 1e-07, ""tolerance"": 1e-06}"
goldstein_price,Goldstein-Price,207,2860,gradient,2,"[-1.5, 1.5]","[-0.6894093064059326, 0.03932861791287223]","[-0.7212295207081919, -0.27954029392864294]",40.48562643769749,5000,5002,"{""max_iterations"": 5000, ""rate"": 1e-07, ""tolerance"": 1e-06}"
goldstein_price,Goldstein-Price,208,2861,gradient,2,"[-1.5, 1.5]","[0.5325373238301756, 0.9670238437134886]","[0.9544233461620865, 0.6416032980733496]",899.0167384373731,5000,5002,"{""max_iterations"": 5000, ""rate"": 1e-07, ""tolerance"": 1e-06}"
goldstein_price,Goldstein-Price,209,2862,gradient,2,"[-1.5, 1.5]","[0.28944340684842307, 0.3494493617612606]","[0.09319026192890144, 0.04437686019062769]",696.1763898321956,5000,5002,"{""max_iterations"": 5000, ""rate"": 1e-07, ""tolerance"": 1e-06}"
goldstein_price,Goldstein-Price,210,2854,gradient,2,"[-1.5, 1.5]","[-0.40734655540793874, 0.5383056879024437]","[-0.4834645148567391, -0.3357280478145711]",61.91432568806044,5000,5002,"{""max_iterations"": 5000, ""rate"": 1e-07, ""tolerance"": 1e-06}"
goldstein_price,Goldstein-Price,211,2855,gradient,2,"[-1.5, 1.5]","[0.4934702903309143, 0.7490873073822466]","[0.7689930600311573, 0.516186508718275]",964.1658419979656,5000,5002,"{""max_iterations"": 5000, ""rate"": 1e-07, ""tolerance"": 1e-06}"
goldstein_price,Goldstein-Price,212,2856,gradient,2,"[-1.5, 1.5]","[-1.0720438038298816, -0.7439636390458004]","[-0.6728391187259919, -0.38462587287323335]",34.55597576692703,5000,5002,"{""max_iterations"": 5000, ""rate"": 1e-07, ""tolerance"": 1e-06}"
goldstein_price,Goldstein-Price,213,2857,gradient,2,"[-1.5, 1.5]","[-0.43651268169901636, 1.1741719092769247]","[-0.26620807109090094, -0.21630721979769899]",244.29628832824457,5000,5002,"{""max_iterations"": 5000, ""rate"": 1e-07, ""tolerance"": 1e-06}"
goldstein_price,Goldstein-Price,214,2858,gradient,2,"[-1.5, 1.5]","[-0.3786269496548371, -1.410116737028586]","[-0.3171244736115931, -1.2072432562664603]",42.10562917161528,5000,5002,"{""max_iterations"": 5000, ""rate"": 1e-07, ""tolerance"": 1e-06}"
goldstein_price,Goldstein-Price,215,2859,gradient,2,"[-1.5, 1.5]","[0.8698513119766127, -1.3878590120762353]","[0.17390747209118823, -1.1575125607893895]",40.007489615370325,5000,5002,"{""max_iterations"": 5000, ""rate"": 1e-07, ""tolerance"": 1e-06}"
goldstein_price,Goldstein-Price,216,2860,gradient,2,"[-1.5, 1.5]","[-0.6894093064059326, 0.03932861791287223]","[-0.7212295207081919, -0.27954029392864294]",40.48562643769749,5000,5002,"{""max_iterations"": 5000, ""rate"": 1e-07, ""tolerance"": 1e-06}"
goldstein_price,Goldstein-Price,217,2861,gradient,2,"[-1.5, 1.5]","[0.5325373238301756, 0.9670238437134886]","[0.9544233461620865, 0.6416032980733496]",899.0167384373731,5000,5002,"{""max_iterations"": 5000, ""rate"": 1e-07, ""tolerance"": 1e-06}"
goldstein_price,Goldstein-Price,218,2862,gradient,2,"[-1.5, 1.5]","[0.28944340684842307, 0.3494493617612606]","[0.09319026192890144, 0.04437686019062769]",696.1763898321956,5000,5002,"{""max_iterations"": 5000, ""rate"": 1e-07, ""tolerance"": 1e-06}"
goldstein_price,Goldstein-Price,219,2863,gradient,2,"[-1.5, 1.5]","[-0.4722248969728242, -1.4828472706446387]","[-0.37726994473639336, -1.2478325254900693]",61.32021434520096,5000,5002,"{""max_iterations"": 5000, ""rate"": 1e-07, ""tolerance"": 1e-06}"
goldstein_price,Goldstein-Price,220,2855,gradient,2,"[-1.5, 1.5]","[0.4934702903309143, 0.7490873073822466]","[0.7689930600311573, 0.516186508718275]",964.1658419979656,5000,5002,"{""max_iterations"": 5000, ""rate"": 1e-07, ""tolerance"": 1e-06}"
goldstein_price,Goldstein-Price,221,2856,gradient,2,"[-1.5, 1.5]","[-1.0720438038298816, -0.7439636390458004]","[-0.6728391187259919, -0.38462587287323335]",34.55597576692703,5000,5002,"{""max_iterations"": 5000, ""rate"": 1e-07, ""tolerance"": 1e-06}"
goldstein_price,Goldstein-Price,222,2857,gradient,2,"[-1.5, 1.5]","[-0.43651268169901636, 1.1741719092769247]","[-0.26620807109090094, -0.21630721979769899]",244.29628832824457,5000,5002,"{""max_iterations"": 5000, ""rate"": 1e-07, ""tolerance"": 1e-06}"
goldstein_price,Goldstein-Price,223,2858,gradient,2,"[-1.5, 1.5]","[-0.3786269496548371, -1.410116737028586]","[-0.3171244736115931, -1.2072432562664603]",42.10562917161528,5000,5002,"{""max_iterations"": 5000, ""rate"": 1e-07, ""tolerance"": 1e-06}"
goldstein_price,Goldstein-Price,224,2859,gradient,2,"[-1.5, 1.5]","[0.8698513119766127, -1.3878590120762353]","[0.17390747209118823, -1.1575125607893895]",40.007489615370325,5000,5002,"{""max_iterations"": 5000, ""rate"": 1e-07, ""tolerance"": 1e-06}"
goldstein_price,Goldstein-Price,225,2860,gradient,2,"[-1.5, 1.5]","[-0.6894093064059326, 0.03932861791287223]","[-0.7212295207081919, -0.27954029392864294]",40.48562643769749,5000,5002,"{""max_iterations"": 5000, ""rate"": 1e-07, ""tolerance"": 1e-06}"
goldstein_price,Goldstein-Price,226,2861,gradient,2,"[-1.5, 1.5]","[0.5325373238301756, 0.9670238437134886]","[0.9544233461620865, 0.6416032980733496]",899.0167384373731,5000,5002,"{""max_iterations"": 5000, ""rate"": 1e-07, ""tolerance"": 1e-06}"
goldstein_price,Goldstein-Price,227,2862,gradient,2,"[-1.5, 1.5]","[0.28944340684842307, 0.3494493617612606]","[0.09319026192890144, 0.04437686019062769]",696.1763898321956,5000,5002,"{""max_iterations"": 5000, ""rate"": 1e-07, ""tolerance"": 1e-06}"
goldstein_price,Goldstein-Price,228,2863,gradient,2,"[-1.5, 1.5]","[-0.4722248969728242, -1.4828472706446387]","[-0.37726994473639336, -1.2478325254900693]",61.32021434520096,5000,5002,"{""max_iterations"": 5000, ""rate"": 1e-07, ""tolerance"": 1e-06}"
goldstein_price,Goldstein-Price,229,2864,gradient,2,"[-1.5, 1.5]","[-1.280835299131502, 0.20416055080136264]","[-0.8319454907038546, -0.178248268396175]",81.16439520638166,5000,5002,"{""max_iterations"": 5000, ""rate"": 1e-07, ""tolerance"": 1e-06}"
goldstein_price,Goldstein-Price,230,2856,gradient,2,"[-1.5, 1.5]","[-1.0720438038298816, -0.7439636390458004]","[-0.6728391187259919, -0.38462587287323335]",34.55597576692703,5000,5002,"{""max_iterations"": 5000, ""rate"": 1e-07, ""tolerance"": 1e-06}"
goldstein_price,Goldstein-Price,231,2857,gradient,2,"[-1.5, 1.5]","[-0.43651268169901636, 1.1741719092769247]","[-0.26620807109090094, -0.21630721979769899]",244.29628832824457,5000,5002,"{""max_iterations"": 5000, ""rate"": 1e-07, ""tolerance"": 1e-06}"
goldstein_price,Goldstein-Price,232,2858,gradient,2,"[-1.5, 1.5]","[-0.3786269496548371, -1.410116737028586]","[-0.3171244736115931, -1.2072432562664603]",42.10562917161528,5000,5002,"{""max_iterations"": 5000, ""rate"": 1e-07, ""tolerance"": 1e-06}"
goldstein_price,Goldstein-Price,233,2859,gradient,2,"[-1.5, 1.5]","[0.8698513119766127, -1.3878590120762353]","[0.17390747209118823, -1.1575125607893895]",40.007489615370325,5000,5002,"{""max_iterations"": 5000, ""rate"": 1e-07, ""tolerance"": 1e-06}"
goldstein_price,Goldstein-Price,234,2860,gradient,2,"[-1.5, 1.5]","[-0.6894093064059326, 0.03932861791287223]","[-0.7212295207081919, -0.27954029392864294]",40.48562643769749,5000,5002,"{""max_iterations"": 5000, ""rate"": 1e-07, ""tolerance"": 1e-06}"
goldstein_price,Goldstein-Price,235,2861,gradient,2,"[-1.5, 1.5]","[0.5325373238301756, 0.9670238437134886]","[0.9544233461620865, 0.6416032980733496]",899.0167384373731,5000,5002,"{""max_iterations"": 5000, ""rate"": 1e-07, ""tolerance"": 1e-06}"
goldstein_price,Goldstein-Price,236,2862,gradient,2,"[-1.5, 1.5]","[0.28944340684842307, 0.3494493617612606]","[0.09319026192890144, 0.04437686019062769]",696.1763898321956,5000,5002,"{""max_iterations"": 5000, ""rate"": 1e-07, ""tolerance"": 1e-06}"
goldstein_price,Goldstein-Price,237,2863,gradient,2,"[-1.5, 1.5]","[-0.4722248969728242, -1.4828472706446387]","[-0.37726994473639336, -1.2478325254900693]",61.32021434520096,5000,5002,"{""max_iterations"": 5000, ""rate"": 1e-07, ""tolerance"": 1e-06}"
goldstein_price,Goldstein-Price,238,2864,gradient,2,"[-1.5, 1.5]","[-1.280835299131502, 0.20416055080136264]","[-0.8319454907038546, -0.178248268396175]",81.16439520638166,5000,5002,"{""max_iterations"": 5000, ""rate"": 1e-07, ""tolerance"": 1e-06}"
goldstein_price,Goldstein-Price,239,2865,gradient,2,"[-1.5, 1.5]","[1.4239415995531726, 0.054595840640787596]","[1.4857532081892297, -0.009241321134505695]",92.58877173819164,5000,5002,"{""max_iterations"": 5000, ""rate"": 1e-07, ""tolerance"": 1e-06}"
goldstein_price,Goldstein-Price,240,2857,gradient,2,"[-1.5, 1.5]","[-0.43651268169901636, 1.1741719092769247]","[-0.26620807109090094, -0.21630721979769899]",244.29628832824457,5000,5002,"{""max_iterations"": 5000, ""rate"": 1e-07, ""tolerance"": 1e-06}"
goldstein_price,Goldstein-Price,241,2858,gradient,2,"[-1.5, 1.5]","[-0.3786269496548371, -1.410116737028586]","[-0.3171244736115931, -1.2072432562664603]",42.10562917161528,5000,5002,"{""max_iterations"": 5000, ""rate"": 1e-07, ""tolerance"": 1e-06}"
goldstein_price,Goldstein-Price,242,2859,gradient,2,"[-1.5, 1.5]","[0.8698513119766127, -1.3878590120762353]","[0.17390747209118823, -1.1575125607893895]",40.007489615370325,5000,5002,"{""max_iterations"": 5000, ""rate"": 1e-07, ""tolerance"": 1e-06}"
goldstein_price,Goldstein-Price,243,2860,gradient,2,"[-1.5, 1.5]","[-0.6894093064059326, 0.03932861791287223]","[-0.7212295207081919, -0.27954029392864294]",40.48562643769749,5000,5002,"{""max_iterations"": 5000, ""rate"": 1e-07, ""tolerance"": 1e-06}"
goldstein_price,Goldstein-Price,244,2861,gradient,2,"[-1.5, 1.5]","[0.5325373238301756, 0.9670238437134886]","[0.9544233461620865, 0.6416032980733496]",899.0167384373731,5000,5002,"{""max_iterations"": 5000, ""rate"": 1e-07, ""tolerance"": 1e-06}"
goldstein_price,Goldstein-Price,245,2862,gradient,2,"[-1.5, 1.5]","[0.28944340684842307, 0.3494493617612606]","[0.09319026192890144, 0.04437686019062769]",696.1763898321956,5000,5002,"{""max_iterations"": 5000, ""rate"": 1e-07, ""tolerance"": 1e-06}"
goldstein_price,Goldstein-Price,246,2863,gradient,2,"[-1.5, 1.5]","[-0.4722248969728242, -1.4828472706446387]","[-0.37726994473639336, -1.2478325254900693]",61.32021434520096,5000,5002,"{""max_iterations"": 5000, ""rate"": 1e-07, ""tolerance"": 1e-06}"
goldstein_price,Goldstein-Price,247,2864,gradient,2,"[-1.5, 1.5]","[-1.280835299131502, 0.20416055080136264]","[-0.8319454907038546, -0.178248268396175]",81.16439520638166,5000,5002,"{""max_iterations"": 5000, ""rate"": 1e-07, ""tolerance"": 1e-06}"
goldstein_price,Goldstein-Price,248,2865,gradient,2,"[-1.5, 1.5]","[1.4239415995531726, 0.054595840640787596]","[1.4857532081892297, -0.009241321134505695]",92.58877173819164,5000,5002,"{""max_iterations"": 5000, ""rate"": 1e-07, ""tolerance"": 1e-06}"
goldstein_price,Goldstein-Price,249,2866,gradient,2,"[-1.5, 1.5]","[-0.06294407553392634, -0.10663931852550723]","[-0.42328450888769253, -0.36475963722361754]",75.11057971649205,5000,5002,"{""max_iterations"": 5000, ""rate"": 1e-07, ""tolerance"": 1e-06}"
goldstein_price,Goldstein-Price,250,2858,gradient,2,"[-1.5, 1.5]","[-0.3786269496548371, -1.410116737028586]","[-0.3171244736115931, -1.2072432562664603]",42.10562917161528,5000,5002,"{""max_iterations"": 5000, ""rate"": 1e-07, ""tolerance"": 1e-06}"
goldstein_price,Goldstein-Price,251,2859,gradient,2,"[-1.5, 1.5]","[0.8698513119766127, -1.3878590120762353]","[0.17390747209118823, -1.1575125607893895]",40.007489615370325,5000,5002,"{""max_iterations"": 5000, ""rate"": 1e-07, ""tolerance"": 1e-06}"
goldstein_price,Goldstein-Price,252,2860,gradient,2,"[-1.5, 1.5]","[-0.6894093064059326, 0.03932861791287223]","[-0.7212295207081919, -0.27954029392864294]",40.48562643769749,5000,5002,"{""max_iterations"": 5000, ""rate"": 1e-07, ""tolerance"": 1e-06}"
goldstein_price,Goldstein-Price,253,2861,gradient,2,"[-1.5, 1.5]","[0.5325373238301756, 0.9670238437134886]","[0.9544233461620865, 0.6416032980733496]",899.0167384373731,5000,5002,"{""max_iterations"": 5000, ""rate"": 1e-07, ""tolerance"": 1e-06}"
goldstein_price,Goldstein-Price,254,2862,gradient,2,"[-1.5, 1.5]","[0.28944340684842307, 0.3494493617612606]","[0.09319026192890144, 0.04437686019062769]",696.1763898321956,5000,5002,"{""max_iterations"": 5000, ""rate"": 1e-07, ""tolerance"": 1e-06}"
goldstein_price,Goldstein-Price,255,2863,gradient,2,"[-1.5, 1.5]","[-0.4722248969728242, -1.4828472706446387]","[-0.37726994473639336, -1.2478325254900693]",61.32021434520096,5000,5002,"{""max_iterations"": 5000, ""rate"": 1e-07, ""tolerance"": 1e-06}"
goldstein_price,Goldstein-Price,256,2864,gradient,2,"[-1.5, 1.5]","[-1.280835299131502, 0.20416055080136264]","[-0.8319454907038546, -0.178248268396175]",81.16439520638166,5000,5002,"{""max_iterations"": 5000, ""rate"": 1e-07, ""tolerance"": 1e-06}"
goldstein_price,Goldstein-Price,257,2865,gradient,2,"[-1.5, 1.5]","[1.4239415995531726, 0.054595840640787596]","[1.4857532081892297, -0.009241321134505695]",92.58877173819164,5000,5002,"{""max_iterations"": 5000, ""rate"": 1e-07, ""tolerance"": 1e-06}"
goldstein_price,Goldstein-Price,258,2866,gradient,2,"[-1.5, 1.5]","[-0.06294407553392634, -0.10663931852550723]","[-0.42328450888769253, -0.36475963722361754]",75.11057971649205,5000,5002,"{""max_iterations"": 5000, ""rate"": 1e-07, ""tolerance"": 1e-06}"
goldstein_price,Goldstein-Price,259,2867,gradient,2,"[-1.5, 1.5]","[0.12315104267063859, 1.3814872618358738]","[0.8933962893120364, 0.6006638318607397]",922.0893411741217,5000,5002,"{""max_iterations"": 5000, ""rate"": 1e-07, ""tolerance"": 1e-06}"
goldstein_price,Goldstein-Price,260,2859,gradient,2,"[-1.5, 1.5]","[0.8698513119766127, -1.3878590120762353]","[0.17390747209118823, -1.1575125607893895]",40.007489615370325,5000,5002,"{""max_iterations"": 5000, ""rate"": 1e-07, ""tolerance"": 1e-06}"
goldstein_price,Goldstein-Price,261,2860,gradient,2,"[-1.5, 1.5]","[-0.6894093064059326, 0.03932861791287223]","[-0.7212295207081919, -0.27954029392864294]",40.48562643769749,5000,5002,"{""max_iterations"": 5000, ""rate"": 1e-07, ""tolerance"": 1e-06}"
goldstein_price,Goldstein-Price,262,2861,gradient,2,"[-1.5, 1.5]","[0.5325373238301756, 0.9670238437134886]","[0.9544233461620865, 0.6416032980733496]",899.0167384373731,5000,5002,"{""max_iterations"": 5000, ""rate"": 1e-07, ""tolerance"": 1e-06}"
goldstein_price,Goldstein-Price,263,2862,gradient,2,"[-1.5, 1.5]","[0.28944340684842307, 0.3494493617612606]","[0.09319026192890144, 0.04437686019062769]",696.1763898321956,5000,5002,"{""max_iterations"": 5000, ""rate"": 1e-07, ""tolerance"": 1e-06}"
goldstein_price,Goldstein-Price,264,2863,gradient,2,"[-1.5, 1.5]","[-0.4722248969728242, -1.4828472706446387]","[-0.37726994473639336, -1.2478325254900693]",61.32021434520096,5000,5002,"{""max_iterations"": 5000, ""rate"": 1e-07, ""tolerance"": 1e-06}"
goldstein_price,Goldstein-Price,265,2864,gradient,2,"[-1.5, 1.5]","[-1.280835299131502, 0.20416055080136264]","[-0.8319454907038546, -0.178248268396175]",81.16439520638166,5000,5002,"{""max_iterations"": 5000, ""rate"": 1e-07, ""tolerance"": 1e-06}"
goldstein_price,Goldstein-Price,266,2865,gradient,2,"[-1.5, 1.5]","[1.4239415995531726, 0.054595840640787596]","[1.4857532081892297, -0.009241321134505695]",92.58877173819164,5000,5002,"{""max_iterations"": 5000, ""rate"": 1e-07, ""tolerance"": 1e-06}"
goldstein_price,Goldstein-Price,267,2866,gradient,2,"[-1.5, 1.5]","[-0.06294407553392634, -0.10663931852550723]","[-0.42328450888769253, -0.36475963722361754]",75.11057971649205,5000,5002,"{""max_iterations"": 5000, ""rate"": 1e-07, ""tolerance"": 1e-06}"
goldstein_price,Goldstein-Price,268,2867,gradient,2,"[-1.5, 1.5]","[0.12315104267063859, 1.3814872618358738]","[0.8933962893120364, 0.6006638318607397]",922.0893411741217,5000,5002,"{""max_iterations"": 5000, ""rate"": 1e-07, ""tolerance"": 1e-06}"
goldstein_price,Goldstein-Price,269,2868,gradient,2,"[-1.5, 1.5]","[0.22331747407788605, 0.9582344146039898]","[0.616615116547331, 0.41154885600259583]",989.7183747779673,5000,5002,"{""max_iterations"": 5000, ""rate"": 1e-07, ""tolerance"": 1e-06}"
goldstein_price,Goldstein-Price,270,2860,gradient,2,"[-1.5, 1.5]","[-0.6894093064059326, 0.03932861791287223]","[-0.7212295207081919, -0.27954029392864294]",40.48562643769749,5000,5002,"{""max_iterations"": 5000, ""rate"": 1e-07, ""tolerance"": 1e-06}"
goldstein_price,Goldstein-Price,271,2861,gradient,2,"[-1.5, 1.5]","[0.5325373238301756, 0.9670238437134886]","[0.9544233461620865, 0.6416032980733496]",899.0167384373731,5000,5002,"{""max_iterations"": 5000, ""rate"": 1e-07, ""tolerance"": 1e-06}"
goldstein_price,Goldstein-Price,272,2862,gradient,2,"[-1.5, 1.5]","[0.28944340684842307, 0.3494493617612606]","[0.09319026192890144, 0.04437686019062769]",696.1763898321956,5000,5002,"{""max_iterations"": 5000, ""rate"": 1e-07, ""tolerance"": 1e-06}"
goldstein_price,Goldstein-Price,273,2863,gradient,2,"[-1.5, 1.5]","[-0.4722248969728242, -1.4828472706446387]","[-0.37726994473639336, -1.2478325254900693]",61.32021434520096,5000,5002,"{""max_iterations"": 5000, ""rate"": 1e-07, ""tolerance"": 1e-06}"
goldstein_price,Goldstein-Price,274,2864,gradient,2,"[-1.5, 1.5]","[-1.280835299131502, 0.20416055080136264]","[-0.8319454907038546, -0.178248268396175]",81.16439520638166,5000,5002,"{""max_iterations"": 5000, ""rate"": 1e-07, ""tolerance"": 1e-06}"
goldstein_price,Goldstein-Price,275,2865,gradient,2,"[-1.5, 1.5]","[1.4239415995531726, 0.054595840640787596]","[1.4857532081892297, -0.009241321134505695]",92.58877173819164,5000,5002,"{""max_iterations"": 5000, ""rate"": 1e-07, ""tolerance"": 1e-06}"
goldstein_price,Goldstein-Price,276,2866,gradient,2,"[-1.5, 1.5]","[-0.06294407553392634, -0.10663931852550723]","[-0.42328450888769253, -0.36475963722361754]",75.11057971649205,5000,5002,"{""max_iterations"": 5000, ""rate"": 1e-07, ""tolerance"": 1e-06}"
goldstein_price,Goldstein-Price,277,2867,gradient,2,"[-1.5, 1.5]","[0.12315104267063859, 1.3814872618358738]","[0.8933962893120364, 0.6006638318607397]",922.0893411741217,5000,5002,"{""max_iterations"": 5000, ""rate"": 1e-07, ""tolerance"": 1e-06}"
goldstein_price,Goldstein-Price,278,2868,gradient,2,"[-1.5, 1.5]","[0.22331747407788605, 0.9582344146039898]","[0.616615116547331, 0.41154885600259583]",989.7183747779673,5000,5002,"{""max_iterations"": 5000, ""rate"": 1e-07, ""tolerance"": 1e-06}"
goldstein_price,Goldstein-Price,279,2869,gradient,2,"[-1.5, 1.5]","[-1.4887314979521944, -0.5540619176553848]","[-0.6911546398954692, -0.3706439553080917]",36.1501167792786,5000,5002,"{""max_iterations"": 5000, ""rate"": 1e-07, ""tolerance"": 1e-06}"
goldstein_price,Goldstein-Price,280,2861,gradient,2,"[-1.5, 1.5]","[0.5325373238301756, 0.9670238437134886]","[0.9544233461620865, 0.6416032980733496]",899.0167384373731,5000,5002,"{""max_iterations"": 5000, ""rate"": 1e-07, ""tolerance"": 1e-06}"
goldstein_price,Goldstein-Price,281,2862,gradient,2,"[-1.5, 1.5]","[0.28944340684842307, 0.3494493617612606]","[0.09319026192890144, 0.04437686019062769]",696.1763898321956,5000,5002,"{""max_iterations"": 5000, ""rate"": 1e-07, ""tolerance"": 1e-06}"
goldstein_price,Goldstein-Price,282,2863,gradient,2,"[-1.5, 1.5]","[-0.4722248969728242, -1.4828472706446387]","[-0.37726994473639336, -1.2478325254900693]",61.32021434520096,5000,5002,"{""max_iterations"": 5000, ""rate"": 1e-07, ""tolerance"": 1e-06}"
goldstein_price,Goldstein-Price,283,2864,gradient,2,"[-1.5, 1.5]","[-1.280835299131502, 0.20416055080136264]","[-0.8319454907038546, -0.178248268396175]",81.16439520638166,5000,5002,"{""max_iterations"": 5000, ""rate"": 1e-07, ""tolerance"": 1e-06}"
goldstein_price,Goldstein-Price,284,2865,gradient,2,"[-1.5, 1.5]","[1.4239415995531726, 0.054595840640787596]","[1.4857532081892297, -0.009241321134505695]",92.58877173819164,5000,5002,"{""max_iterations"": 5000, ""rate"": 1e-07, ""tolerance"": 1e-06}"
goldstein_price,Goldstein-Price,285,2866,gradient,2,"[-1.5, 1.5]","[-0.06294407553392634, -0.10663931852550723]","[-0.42328450888769253, -0.36475963722361754]",75.11057971649205,5000,5002,"{""max_iterations"": 5000, ""rate"": 1e-07, ""tolerance"": 1e-06}"
goldstein_price,Goldstein-Price,286,2867,gradient,2,"[-1.5, 1.5]","[0.12315104267063859, 1.3814872618358738]","[0.8933962893120364, 0.6006638318607397]",922.0893411741217,5000,5002,"{""max_iterations"": 5000, ""rate"": 1e-07, ""tolerance"": 1e-06}"
goldstein_price,Goldstein-Price,287,2868,gradient,2,"[-1.5, 1.5]","[0.22331747407788605, 0.9582344146039898]","[0.616615116547331, 0.41154885600259583]",989.7183747779673,5000,5002,"{""max_iterations"": 5000, ""rate"": 1e-07, ""tolerance"": 1e-06}"
goldstein_price,Goldstein-Price,288,2869,gradient,2,"[-1.5, 1.5]","[-1.4887314979521944, -0.5540619176553848]","[-0.6911546398954692, -0.3706439553080917]",36.1501167792786,5000,5002,"{""max_iterations"": 5000, ""rate"": 1e-07, ""tolerance"": 1e-06}"
goldstein_price,Goldstein-Price,289,2870,gradient,2,"[-1.5, 1.5]","[1.3666304174501311, -0.03586307453526505]","[1.4017979662515805, -0.0652583045438614]",95.49597328149726,5000,5002,"{""max_iterations"": 5000, ""rate"": 1e-07, ""tolerance"": 1e-06}"
goldstein_price,Goldstein-Price,290,2862,gradient,2,"[-1.5, 1.5]","[0.28944340684842307, 0.3494493617612606]","[0.09319026192890144, 0.04437686019062769]",696.1763898321956,5000,5002,"{""max_iterations"": 5000, ""rate"": 1e-07, ""tolerance"": 1e-06}"
goldstein_price,Goldstein-Price,291,2863,gradient,2,"[-1.5, 1.5]","[-0.4722248969728242, -1.4828472706446387]","[-0.37726994473639336, -1.2478325254900693]",61.32021434520096,5000,5002,"{""max_iterations"": 5000, ""rate"": 1e-07, ""tolerance"": 1e-06}"
goldstein_price,Goldstein-Price,292,2864,gradient,2,"[-1.5, 1.5]","[-1.280835299131502, 0.20416055080136264]","[-0.8319454907038546, -0.178248268396175]",81.16439520638166,5000,5002,"{""max_iterations"": 5000, ""rate"": 1e-07, ""tolerance"": 1e-06}"
goldstein_price,Goldstein-Price,293,2865,gradient,2,"[-1.5, 1.5]","[1.4239415995531726, 0.054595840640787596]","[1.4857532081892297, -0.009241321134505695]",92.58877173819164,5000,5002,"{""max_iterations"": 5000, ""rate"": 1e-07, ""tolerance"": 1e-06}"
goldstein_price,Goldstein-Price,294,2866,gradient,2,"[-1.5, 1.5]","[-0.06294407553392634, -0.10663931852550723]","[-0.42328450888769253, -0.36475963722361754]",75.11057971649205,5000,5002,"{""max_iterations"": 5000, ""rate"": 1e-07, ""tolerance"": 1e-06}"
goldstein_price,Goldstein-Price,295,2867,gradient,2,"[-1.5, 1.5]","[0.12315104267063859, 1.3814872618358738]","[0.8933962893120364, 0.6006638318607397]",922.0893411741217,5000,5002,"{""max_iterations"": 5000, ""rate"": 1e-07, ""tolerance"": 1e-06}"
goldstein_price,Goldstein-Price,296,2868,gradient,2,"[-1.5, 1.5]","[0.22331747407788605, 0.9582344146039898]","[0.616615116547331, 0.41154885600259583]",989.7183747779673,5000,5002,"{""max_iterations"": 5000, ""rate"": 1e-07, ""tolerance"": 1e-06}"
goldstein_price,Goldstein-Price,297,2869,gradient,2,"[-1.5, 1.5]","[-1.4887314979521944, -0.5540619176553848]","[-0.6911546398954692, -0.3706439553080917]",36.1501167792786,5000,5002,"{""max_iterations"": 5000, ""rate"": 1e-07, ""tolerance"": 1e-06}"
goldstein_price,Goldstein-Price,298,2870,gradient,2,"[-1.5, 1.5]","[1.3666304174501311, -0.03586307453526505]","[1.4017979662515805, -0.0652583045438614]",95.49597328149726,5000,5002,"{""max_iterations"": 5000, ""rate"": 1e-07, ""tolerance"": 1e-06}"
goldstein_price,Goldstein-Price,299,2871,gradient,2,"[-1.5, 1.5]","[1.4009939779248732, 0.8768470373907835]","[1.2516226754736304, 0.8311156982631509]",844.0219104594811,5000,5002,"{""max_iterations"": 5000, ""rate"": 1e-07, ""tolerance"": 1e-06}"
goldstein_price,Goldstein-Price,300,2854,gradient,2,"[-1.5, 1.5]","[-0.40734655540793874, 0.5383056879024437]","[-0.4834645148567391, -0.3357280478145711]",61.91432568806044,5000,5002,"{""max_iterations"": 5000, ""rate"": 1e-07, ""tolerance"": 1e-06}"
goldstein_price,Goldstein-Price,301,2855,gradient,2,"[-1.5, 1.5]","[0.4934702903309143, 0.7490873073822466]","[0.7689930600311573, 0.516186508718275]",964.1658419979656,5000,5002,"{""max_iterations"": 5000, ""rate"": 1e-07, ""tolerance"": 1e-06}"
goldstein_price,Goldstein-Price,302,2856,gradient,2,"[-1.5, 1.5]","[-1.0720438038298816, -0.7439636390458004]","[-0.6728391187259919, -0.38462587287323335]",34.55597576692703,5000,5002,"{""max_iterations"": 5000, ""rate"": 1e-07, ""tolerance"": 1e-06}"
goldstein_price,Goldstein-Price,303,2857,gradient,2,"[-1.5, 1.5]","[-0.43651268169901636, 1.1741719092769247]","[-0.26620807109090094, -0.21630721979769899]",244.29628832824457,5000,5002,"{""max_iterations"": 5000, ""rate"": 1e-07, ""tolerance"": 1e-06}"
goldstein_price,Goldstein-Price,304,2858,gradient,2,"[-1.5, 1.5]","[-0.3786269496548371, -1.410116737028586]","[-0.3171244736115931, -1.2072432562664603]",42.10562917161528,5000,5002,"{""max_iterations"": 5000, ""rate"": 1e-07, ""tolerance"": 1e-06}"
goldstein_price,Goldstein-Price,305,2859,gradient,2,"[-1.5, 1.5]","[0.8698513119766127, -1.3878590120762353]","[0.17390747209118823, -1.1575125607893895]",40.007489615370325,5000,5002,"{""max_iterations"": 5000, ""rate"": 1e-07, ""tolerance"": 1e-06}"
goldstein_price,Goldstein-Price,306,2860,gradient,2,"[-1.5, 1.5]","[-0.6894093064059326, 0.03932861791287223]","[-0.7212295207081919, -0.27954029392864294]",40.48562643769749,5000,5002,"{""max_iterations"": 5000, ""rate"": 1e-07, ""tolerance"": 1e-06}"
goldstein_price,Goldstein-Price,307,2861,gradient,2,"[-1.5, 1.5]","[0.5325373238301756, 0.9670238437134886]","[0.9544233461620865, 0.6416032980733496]",899.0167384373731,5000,5002,"{""max_iterations"": 5000, ""rate"": 1e-07, ""tolerance"": 1e-06}"
goldstein_price,Goldstein-Price,308,2862,gradient,2,"[-1.5, 1.5]","[0.28944340684842307, 0.3494493617612606]","[0.09319026192890144, 0.04437686019062769]",696.1763898321956,5000,5002,"{""max_iterations"": 5000, ""rate"": 1e-07, ""tolerance"": 1e-06}"
goldstein_price,Goldstein-Price,309,2863,gradient,2,"[-1.5, 1.5]","[-0.4722248969728242, -1.4828472706446387]","[-0.37726994473639336, -1.2478325254900693]",61.32021434520096,5000,5002,"{""max_iterations"": 5000, ""rate"": 1e-07, ""tolerance"": 1e-06}"
goldstein_price,Goldstein-Price,310,2855,gradient,2,"[-1.5, 1.5]","[0.4934702903309143, 0.7490873073822466]","[0.7689930600311573, 0.516186508718275]",964.1658419979656,5000,5002,"{""max_iterations"": 5000, ""rate"": 1e-07, ""tolerance"": 1e-06}"
goldstein_price,Goldstein-Price,311,2856,gradient,2,"[-1.5, 1.5]","[-1.0720438038298816, -0.7439636390458004]","[-0.6728391187259919, -0.38462587287323335]",34.55597576692703,5000,5002,"{""max_iterations"": 5000, ""rate"": 1e-07, ""tolerance"": 1e-06}"
goldstein_price,Goldstein-Price,312,2857,gradient,2,"[-1.5, 1.5]","[-0.43651268169901636, 1.1741719092769247]","[-0.26620807109090094, -0.21630721979769899]",244.29628832824457,5000,5002,"{""max_iterations"": 5000, ""rate"": 1e-07, ""tolerance"": 1e-06}"
goldstein_price,Goldstein-Price,313,2858,gradient,2,"[-1.5, 1.5]","[-0.3786269496548371, -1.410116737028586]","[-0.3171244736115931, -1.2072432562664603]",42.10562917161528,5000,5002,"{""max_iterations"": 5000, ""rate"": 1e-07, ""tolerance"": 1e-06}"
goldstein_price,Goldstein-Price,314,2859,gradient,2,"[-1.5, 1.5]","[0.8698513119766127, -1.3878590120762353]","[0.17390747209118823, -1.1575125607893895]",40.007489615370325,5000,5002,"{""max_iterations"": 5000, ""rate"": 1e-07, ""tolerance"": 1e-06}"
goldstein_price,Goldstein-Price,315,2860,gradient,2,"[-1.5, 1.5]","[-0.6894093064059326, 0.03932861791287223]","[-0.7212295207081919, -0.27954029392864294]",40.48562643769749,5000,5002,"{""max_iterations"": 5000, ""rate"": 1e-07, ""tolerance"": 1e-06}"
goldstein_price,Goldstein-Price,316,2861,gradient,2,"[-1.5, 1.5]","[0.5325373238301756, 0.9670238437134886]","[0.9544233461620865, 0.6416032980733496]",899.0167384373731,5000,5002,"{""max_iterations"": 5000, ""rate"": 1e-07, ""tolerance"": 1e-06}"
goldstein_price,Goldstein-Price,317,2862,gradient,2,"[-1.5, 1.5]","[0.28944340684842307, 0.3494493617612606]","[0.09319026192890144, 0.04437686019062769]",696.1763898321956,5000,5002,"{""max_iterations"": 5000, ""rate"": 1e-07, ""tolerance"": 1e-06}"
goldstein_price,Goldstein-Price,318,2863,gradient,2,"[-1.5, 1.5]","[-0.4722248969728242, -1.4828472706446387]","[-0.37726994473639336, -1.2478325254900693]",61.32021434520096,5000,5002,"{""max_iterations"": 5000, ""rate"": 1e-07, ""tolerance"": 1e-06}"
goldstein_price,Goldstein-Price,319,2864,gradient,2,"[-1.5, 1.5]","[-1.280835299131502, 0.20416055080136264]","[-0.8319454907038546, -0.178248268396175]",81.16439520638166,5000,5002,"{""max_iterations"": 5000, ""rate"": 1e-07, ""tolerance"": 1e-06}"
goldstein_price,Goldstein-Price,320,2856,gradient,2,"[-1.5, 1.5]","[-1.0720438038298816, -0.7439636390458004]","[-0.6728391187259919, -0.38462587287323335]",34.55597576692703,5000,5002,"{""max_iterations"": 5000, ""rate"": 1e-07, ""tolerance"": 1e-06}"
goldstein_price,Goldstein-Price,321,2857,gradient,2,"[-1.5, 1.5]","[-0.43651268169901636, 1.1741719092769247]","[-0.26620807109090094, -0.21630721979769899]",244.29628832824457,5000,5002,"{""max_iterations"": 5000, ""rate"": 1e-07, ""tolerance"": 1e-06}"
goldstein_price,Goldstein-Price,322,2858,gradient,2,"[-1.5, 1.5]","[-0.3786269496548371, -1.410116737028586]","[-0.3171244736115931, -1.2072432562664603]",42.10562917161528,5000,5002,"{""max_iterations"": 5000, ""rate"": 1e-07, ""tolerance"": 1e-06}"
goldstein_price,Goldstein-Price,323,2859,gradient,2,"[-1.5, 1.5]","[0.8698513119766127, -1.3878590120762353]","[0.17390747209118823, -1.1575125607893895]",40.007489615370325,5000,5002,"{""max_iterations"": 5000, ""rate"": 1e-07, ""tolerance"": 1e-06}"
goldstein_price,Goldstein-Price,324,2860,gradient,2,"[-1.5, 1.5]","[-0.6894093064059326, 0.03932861791287223]","[-0.7212295207081919, -0.27954029392864294]",40.48562643769749,5000,5002,"{""max_iterations"": 5000, ""rate"": 1e-07, ""tolerance"": 1e-06}"
goldstein_price,Goldstein-Price,325,2861,gradient,2,"[-1.5, 1.5]","[0.5325373238301756, 0.9670238437134886]","[0.9544233461620865, 0.6416032980733496]",899.0167384373731,5000,5002,"{""max_iterations"": 5000, ""rate"": 1e-07, ""tolerance"": 1e-06}"
goldstein_price,Goldstein-Price,326,2862,gradient,2,"[-1.5, 1.5]","[0.28944340684842307, 0.3494493617612606]","[0.09319026192890144, 0.04437686019062769]",696.1763898321956,5000,5002,"{""max_iterations"": 5000, ""rate"": 1e-07, ""tolerance"": 1e-06}"
goldstein_price,Goldstein-Price,327,2863,gradient,2,"[-1.5, 1.5]","[-0.4722248969728242, -1.4828472706446387]","[-0.37726994473639336, -1.2478325254900693]",61.32021434520096,5000,5002,"{""max_iterations"": 5000, ""rate"": 1e-07, ""tolerance"": 1e-06}"
goldstein_price,Goldstein-Price,328,2864,gradient,2,"[-1.5, 1.5]","[-1.280835299131502, 0.20416055080136264]","[-0.8319454907038546, -0.178248268396175]",81.16439520638166,5000,5002,"{""max_iterations"": 5000, ""rate"": 1e-07, ""tolerance"": 1e-06}"
goldstein_price,Goldstein-Price,329,2865,gradient,2,"[-1.5, 1.5]","[1.4239415995531726, 0.054595840640787596]","[1.4857532081892297, -0.009241321134505695]",92.58877173819164,5000,5002,"{""max_iterations"": 5000, ""rate"": 1e-07, ""tolerance"": 1e-06}"
goldstein_price,Goldstein-Price,330,2857,gradient,2,"[-1.5, 1.5]","[-0.43651268169901636, 1.1741719092769247]","[-0.26620807109090094, -0.21630721979769899]",244.29628832824457,5000,5002,"{""max_iterations"": 5000, ""rate"": 1e-07, ""tolerance"": 1e-06}"
goldstein_price,Goldstein-Price,331,2858,gradient,2,"[-1.5, 1.5]","[-0.3786269496548371, -1.410116737028586]","[-0.3171244736115931, -1.2072432562664603]",42.10562917161528,5000,5002,"{""max_iterations"": 5000, ""rate"": 1e-07, ""tolerance"": 1e-06}"
goldstein_price,Goldstein-Price,332,2859,gradient,2,"[-1.5, 1.5]","[0.8698513119766127, -1.3878590120762353]","[0.17390747209118823, -1.1575125607893895]",40.007489615370325,5000,5002,"{""max_iterations"": 5000, ""rate"": 1e-07, ""tolerance"": 1e-06}"
goldstein_price,Goldstein-Price,333,2860,gradient,2,"[-1.5, 1.5]","[-0.6894093064059326, 0.03932861791287223]","[-0.7212295207081919, -0.27954029392864294]",40.48562643769749,5000,5002,"{""max_iterations"": 5000, ""rate"": 1e-07, ""tolerance"": 1e-06}"
goldstein_price,Goldstein-Price,334,2861,gradient,2,"[-1.5, 1.5]","[0.5325373238301756, 0.9670238437134886]","[0.9544233461620865, 0.6416032980733496]",899.0167384373731,5000,5002,"{""max_iterations"": 5000, ""rate"": 1e-07, ""tolerance"": 1e-06}"
goldstein_price,Goldstein-Price,335,2862,gradient,2,"[-1.5, 1.5]","[0.28944340684842307, 0.3494493617612606]","[0.09319026192890144, 0.04437686019062769]",696.1763898321956,5000,5002,"{""max_iterations"": 5000, ""rate"": 1e-07, ""tolerance"": 1e-06}"
goldstein_price,Goldstein-Price,336,2863,gradient,2,"[-1.5, 1.5]","[-0.4722248969728242, -1.4828472706446387]","[-0.37726994473639336, -1.2478325254900693]",61.32021434520096,5000,5002,"{""max_iterations"": 5000, ""rate"": 1e-07, ""tolerance"": 1e-06}"
goldstein_price,Goldstein-Price,337,2864,gradient,2,"[-1.5, 1.5]","[-1.280835299131502, 0.20416055080136264]","[-0.8319454907038546, -0.178248268396175]",81.16439520638166,5000,5002,"{""max_iterations"": 5000, ""rate"": 1e-07, ""tolerance"": 1e-06}"
goldstein_price,Goldstein-Price,338,2865,gradient,2,"[-1.5, 1.5]","[1.4239415995531726, 0.054595840640787596]","[1.4857532081892297, -0.009241321134505695]",92.58877173819164,5000,5002,"{""max_iterations"": 5000, ""rate"": 1e-07, ""tolerance"": 1e-06}"
goldstein_price,Goldstein-Price,339,2866,gradient,2,"[-1.5, 1.5]","[-0.06294407553392634, -0.10663931852550723]","[-0.42328450888769253, -0.36475963722361754]",75.11057971649205,5000,5002,"{""max_iterations"": 5000, ""rate"": 1e-07, ""tolerance"": 1e-06}"
goldstein_price,Goldstein-Price,340,2858,gradient,2,"[-1.5, 1.5]","[-0.3786269496548371, -1.410116737028586]","[-0.3171244736115931, -1.2072432562664603]",42.10562917161528,5000,5002,"{""max_iterations"": 5000, ""rate"": 1e-07, ""tolerance"": 1e-06}"
goldstein_price,Goldstein-Price,341,2859,gradient,2,"[-1.5, 1.5]","[0.8698513119766127, -1.3878590120762353]","[0.17390747209118823, -1.1575125607893895]",40.007489615370325,5000,5002,"{""max_iterations"": 5000, ""rate"": 1e-07, ""tolerance"": 1e-06}"
goldstein_price,Goldstein-Price,342,2860,gradient,2,"[-1.5, 1.5]","[-0.6894093064059326, 0.03932861791287223]","[-0.7212295207081919, -0.27954029392864294]",40.48562643769749,5000,5002,"{""max_iterations"": 5000, ""rate"": 1e-07, ""tolerance"": 1e-06}"
goldstein_price,Goldstein-Price,343,2861,gradient,2,"[-1.5, 1.5]","[0.5325373238301756, 0.9670238437134886]","[0.9544233461620865, 0.6416032980733496]",899.0167384373731,5000,5002,"{""max_iterations"": 5000, ""rate"": 1e-07, ""tolerance"": 1e-06}"
goldstein_price,Goldstein-Price,344,2862,gradient,2,"[-1.5, 1.5]","[0.28944340684842307, 0.3494493617612606]","[0.09319026192890144, 0.04437686019062769]",696.1763898321956,5000,5002,"{""max_iterations"": 5000, ""rate"": 1e-07, ""tolerance"": 1e-06}"
goldstein_price,Goldstein-Price,345,2863,gradient,2,"[-1.5, 1.5]","[-0.4722248969728242, -1.4828472706446387]","[-0.37726994473639336, -1.2478325254900693]",61.32021434520096,5000,5002,"{""max_iterations"": 5000, ""rate"": 1e-07, ""tolerance"": 1e-06}"
goldstein_price,Goldstein-Price,346,2864,gradient,2,"[-1.5, 1.5]","[-1.280835299131502, 0.20416055080136264]","[-0.8319454907038546, -0.178248268396175]",81.16439520638166,5000,5002,"{""max_iterations"": 5000, ""rate"": 1e-07, ""tolerance"": 1e-06}"
goldstein_price,Goldstein-Price,347,2865,gradient,2,"[-1.5, 1.5]","[1.4239415995531726, 0.054595840640787596]","[1.4857532081892297, -0.009241321134505695]",92.58877173819164,5000,5002,"{""max_iterations"": 5000, ""rate"": 1e-07, ""tolerance"": 1e-06}"
goldstein_price,Goldstein-Price,348,2866,gradient,2,"[-1.5, 1.5]","[-0.06294407553392634, -0.10663931852550723]","[-0.42328450888769253, -0.36475963722361754]",75.11057971649205,5000,5002,"{""max_iterations"": 5000, ""rate"": 1e-07, ""tolerance"": 1e-06}"
goldstein_price,Goldstein-Price,349,2867,gradient,2,"[-1.5, 1.5]","[0.12315104267063859, 1.3814872618358738]","[0.8933962893120364, 0.6006638318607397]",922.0893411741217,5000,5002,"{""max_iterations"": 5000, ""rate"": 1e-07, ""tolerance"": 1e-06}"
goldstein_price,Goldstein-Price,350,2859,gradient,2,"[-1.5, 1.5]","[0.8698513119766127, -1.3878590120762353]","[0.17390747209118823, -1.1575125607893895]",40.007489615370325,5000,5002,"{""max_iterations"": 5000, ""rate"": 1e-07, ""tolerance"": 1e-06}"
goldstein_price,Goldstein-Price,351,2860,gradient,2,"[-1.5, 1.5]","[-0.6894093064059326, 0.03932861791287223]","[-0.7212295207081919, -0.27954029392864294]",40.48562643769749,5000,5002,"{""max_iterations"": 5000, ""rate"": 1e-07, ""tolerance"": 1e-06}"
goldstein_price,Goldstein-Price,352,2861,gradient,2,"[-1.5, 1.5]","[0.5325373238301756, 0.9670238437134886]","[0.9544233461620865, 0.6416032980733496]",899.0167384373731,5000,5002,"{""max_iterations"": 5000, ""rate"": 1e-07, ""tolerance"": 1e-06}"
goldstein_price,Goldstein-Price,353,2862,gradient,2,"[-1.5, 1.5]","[0.28944340684842307, 0.3494493617612606]","[0.09319026192890144, 0.04437686019062769]",696.1763898321956,5000,5002,"{""max_iterations"": 5000, ""rate"": 1e-07, ""tolerance"": 1e-06}"
goldstein_price,Goldstein-Price,354,2863,gradient,2,"[-1.5, 1.5]","[-0.4722248969728242, -1.4828472706446387]","[-0.37726994473639336, -1.2478325254900693]",61.32021434520096,5000,5002,"{""max_iterations"": 5000, ""rate"": 1e-07, ""tolerance"": 1e-06}"
goldstein_price,Goldstein-Price,355,2864,gradient,2,"[-1.5, 1.5]","[-1.280835299131502, 0.20416055080136264]","[-0.8319454907038546, -0.178248268396175]",81.16439520638166,5000,5002,"{""max_iterations"": 5000, ""rate"": 1e-07, ""tolerance"": 1e-06}"
goldstein_price,Goldstein-Price,356,2865,gradient,2,"[-1.5, 1.5]","[1.4239415995531726, 0.054595840640787596]","[1.4857532081892297, -0.009241321134505695]",92.58877173819164,5000,5002,"{""max_iterations"": 5000, ""rate"": 1e-07, ""tolerance"": 1e-06}"
goldstein_price,Goldstein-Price,357,2866,gradient,2,"[-1.5, 1.5]","[-0.06294407553392634, -0.10663931852550723]","[-0.42328450888769253, -0.36475963722361754]",75.11057971649205,5000,5002,"{""max_iterations"": 5000, ""rate"": 1e-07, ""tolerance"": 1e-06}"
goldstein_price,Goldstein-Price,358,2867,gradient,2,"[-1.5, 1.5]","[0.12315104267063859, 1.3814872618358738]","[0.8933962893120364, 0.6006638318607397]",922.0893411741217,5000,5002,"{""max_iterations"": 5000, ""rate"": 1e-07, ""tolerance"": 1e-06}"
goldstein_price,Goldstein-Price,359,2868,gradient,2,"[-1.5, 1.5]","[0.22331747407788605, 0.9582344146039898]","[0.616615116547331, 0.41154885600259583]",989.7183747779673,5000,5002,"{""max_iterations"": 5000, ""rate"": 1e-07, ""tolerance"": 1e-06}"
goldstein_price,Goldstein-Price,360,2860,gradient,2,"[-1.5, 1.5]","[-0.6894093064059326, 0.03932861791287223]","[-0.7212295207081919, -0.27954029392864294]",40.48562643769749,5000,5002,"{""max_iterations"": 5000, ""rate"": 1e-07, ""tolerance"": 1e-06}"
goldstein_price,Goldstein-Price,361,2861,gradient,2,"[-1.5, 1.5]","[0.5325373238301756, 0.9670238437134886]","[0.9544233461620865, 0.6416032980733496]",899.0167384373731,5000,5002,"{""max_iterations"": 5000, ""rate"": 1e-07, ""tolerance"": 1e-06}"
goldstein_price,Goldstein-Price,362,2862,gradient,2,"[-1.5, 1.5]","[0.28944340684842307, 0.3494493617612606]","[0.09319026192890144, 0.04437686019062769]",696.1763898321956,5000,5002,"{""max_iterations"": 5000, ""rate"": 1e-07, ""tolerance"": 1e-06}"
goldstein_price,Goldstein-Price,363,2863,gradient,2,"[-1.5, 1.5]","[-0.4722248969728242, -1.4828472706446387]","[-0.37726994473639336, -1.2478325254900693]",61.32021434520096,5000,5002,"{""max_iterations"": 5000, ""rate"": 1e-07, ""tolerance"": 1e-06}"
goldstein_price,Goldstein-Price,364,2864,gradient,2,"[-1.5, 1.5]","[-1.280835299131502, 0.20416055080136264]","[-0.8319454907038546, -0.178248268396175]",81.16439520638166,5000,5002,"{""max_iterations"": 5000, ""rate"": 1e-07, ""tolerance"": 1e-06}"
goldstein_price,Goldstein-Price,365,2865,gradient,2,"[-1.5, 1.5]","[1.4239415995531726, 0.054595840640787596]","[1.4857532081892297, -0.009241321134505695]",92.58877173819164,5000,5002,"{""max_iterations"": 5000, ""rate"": 1e-07, ""tolerance"": 1e-06}"
goldstein_price,Goldstein-Price,366,2866,gradient,2,"[-1.5, 1.5]","[-0.06294407553392634, -0.10663931852550723]","[-0.42328450888769253, -0.36475963722361754]",75.11057971649205,5000,5002,"{""max_iterations"": 5000, ""rate"": 1e-07, ""tolerance"": 1e-06}"
goldstein_price,Goldstein-Price,367,2867,gradient,2,"[-1.5, 1.5]","[0.12315104267063859, 1.3814872618358738]","[0.8933962893120364, 0.6006638318607397]",922.0893411741217,5000,5002,"{""max_iterations"": 5000, ""rate"": 1e-07, ""tolerance"": 1e-06}"
goldstein_price,Goldstein-Price,368,2868,gradient,2,"[-1.5, 1.5]","[0.22331747407788605, 0.9582344146039898]","[0.616615116547331, 0.41154885600259583]",989.7183747779673,5000,5002,"{""max_iterations"": 5000, ""rate"": 1e-07, ""tolerance"": 1e-06}"
goldstein_price,Goldstein-Price,369,2869,gradient,2,"[-1.5, 1.5]","[-1.4887314979521944, -0.5540619176553848]","[-0.6911546398954692, -0.3706439553080917]",36.1501167792786,5000,5002,"{""max_iterations"": 5000, ""rate"": 1e-07, ""tolerance"": 1e-06}"
goldstein_price,Goldstein-Price,370,2861,gradient,2,"[-1.5, 1.5]","[0.5325373238301756, 0.9670238437134886]","[0.9544233461620865, 0.6416032980733496]",899.0167384373731,5000,5002,"{""max_iterations"": 5000, ""rate"": 1e-07, ""tolerance"": 1e-06}"
goldstein_price,Goldstein-Price,371,2862,gradient,2,"[-1.5, 1.5]","[0.28944340684842307, 0.3494493617612606]","[0.09319026192890144, 0.04437686019062769]",696.1763898321956,5000,5002,"{""max_iterations"": 5000, ""rate"": 1e-07, ""tolerance"": 1e-06}"
goldstein_price,Goldstein-Price,372,2863,gradient,2,"[-1.5, 1.5]","[-0.4722248969728242, -1.4828472706446387]","[-0.37726994473639336, -1.2478325254900693]",61.32021434520096,5000,5002,"{""max_iterations"": 5000, ""rate"": 1e-07, ""tolerance"": 1e-06}"
goldstein_price,Goldstein-Price,373,2864,gradient,2,"[-1.5, 1.5]","[-1.280835299131502, 0.20416055080136264]","[-0.8319454907038546, -0.178248268396175]",81.16439520638166,5000,5002,"{""max_iterations"": 5000, ""rate"": 1e-07, ""tolerance"": 1e-06}"
goldstein_price,Goldstein-Price,374,2865,gradient,2,"[-1.5, 1.5]","[1.4239415995531726, 0.054595840640787596]","[1.4857532081892297, -0.009241321134505695]",92.58877173819164,5000,5002,"{""max_iterations"": 5000, ""rate"": 1e-07, ""tolerance"": 1e-06}"
goldstein_price,Goldstein-Price,375,2866,gradient,2,"[-1.5, 1.5]","[-0.06294407553392634, -0.10663931852550723]","[-0.42328450888769253, -0.36475963722361754]",75.11057971649205,5000,5002,"{""max_iterations"": 5000, ""rate"": 1e-07, ""tolerance"": 1e-06}"
goldstein_price,Goldstein-Price,376,2867,gradient,2,"[-1.5, 1.5]","[0.12315104267063859, 1.3814872618358738]","[0.8933962893120364, 0.6006638318607397]",922.0893411741217,5000,5002,"{""max_iterations"": 5000, ""rate"": 1e-07, ""tolerance"": 1e-06}"
goldstein_price,Goldstein-Price,377,2868,gradient,2,"[-1.5, 1.5]","[0.22331747407788605, 0.9582344146039898]","[0.616615116547331, 0.41154885600259583]",989.7183747779673,5000,5002,"{""max_iterations"": 5000, ""rate"": 1e-07, ""tolerance"": 1e-06}"
goldstein_price,Goldstein-Price,378,2869,gradient,2,"[-1.5, 1.5]","[-1.4887314979521944, -0.5540619176553848]","[-0.6911546398954692, -0.3706439553080917]",36.1501167792786,5000,5002,"{""max_iterations"": 5000, ""rate"": 1e-07, ""tolerance"": 1e-06}"
goldstein_price,Goldstein-Price,379,2870,gradient,2,"[-1.5, 1.5]","[1.3666304174501311, -0.03586307453526505]","[1.4017979662515805, -0.0652583045438614]",95.49597328149726,5000,5002,"{""max_iterations"": 5000, ""rate"": 1e-07, ""tolerance"": 1e-06}"
goldstein_price,Goldstein-Price,380,2862,gradient,2,"[-1.5, 1.5]","[0.28944340684842307, 0.3494493617612606]","[0.09319026192890144, 0.04437686019062769]",696.1763898321956,5000,5002,"{""max_iterations"": 5000, ""rate"": 1e-07, ""tolerance"": 1e-06}"
goldstein_price,Goldstein-Price,381,2863,gradient,2,"[-1.5, 1.5]","[-0.4722248969728242, -1.4828472706446387]","[-0.37726994473639336, -1.2478325254900693]",61.32021434520096,5000,5002,"{""max_iterations"": 5000, ""rate"": 1e-07, ""tolerance"": 1e-06}"
goldstein_price,Goldstein-Price,382,2864,gradient,2,"[-1.5, 1.5]","[-1.280835299131502, 0.20416055080136264]","[-0.8319454907038546, -0.178248268396175]",81.16439520638166,5000,5002,"{""max_iterations"": 5000, ""rate"": 1e-07, ""tolerance"": 1e-06}"
goldstein_price,Goldstein-Price,383,2865,gradient,2,"[-1.5, 1.5]","[1.4239415995531726, 0.054595840640787596]","[1.4857532081892297, -0.009241321134505695]",92.58877173819164,5000,5002,"{""max_iterations"": 5000, ""rate"": 1e-07, ""tolerance"": 1e-06}"
goldstein_price,Goldstein-Price,384,2866,gradient,2,"[-1.5, 1.5]","[-0.06294407553392634, -0.10663931852550723]","[-0.42328450888769253, -0.36475963722361754]",75.11057971649205,5000,5002,"{""max_iterations"": 5000, ""rate"": 1e-07, ""tolerance"": 1e-06}"
goldstein_price,Goldstein-Price,385,2867,gradient,2,"[-1.5, 1.5]","[0.12315104267063859, 1.3814872618358738]","[0.8933962893120364, 0.6006638318607397]",922.0893411741217,5000,5002,"{""max_iterations"": 5000, ""rate"": 1e-07, ""tolerance"": 1e-06}"
goldstein_price,Goldstein-Price,386,2868,gradient,2,"[-1.5, 1.5]","[0.22331747407788605, 0.9582344146039898]","[0.616615116547331, 0.41154885600259583]",989.7183747779673,5000,5002,"{""max_iterations"": 5000, ""rate"": 1e-07, ""tolerance"": 1e-06}"
goldstein_price,Goldstein-Price,387,2869,gradient,2,"[-1.5, 1.5]","[-1.4887314979521944, -0.5540619176553848]","[-0.6911546398954692, -0.3706439553080917]",36.1501167792786,5000,5002,"{""max_iterations"": 5000, ""rate"": 1e-07, ""tolerance"": 1e-06}"
goldstein_price,Goldstein-Price,388,2870,gradient,2,"[-1.5, 1.5]","[1.3666304174501311, -0.03586307453526505]","[1.4017979662515805, -0.0652583045438614]",95.49597328149726,5000,5002,"{""max_iterations"": 5000, ""rate"": 1e-07, ""tolerance"": 1e-06}"
goldstein_price,Goldstein-Price,389,2871,gradient,2,"[-1.5, 1.5]","[1.4009939779248732, 0.8768470373907835]","[1.2516226754736304, 0.8311156982631509]",844.0219104594811,5000,5002,"{""max_iterations"": 5000, ""rate"": 1e-07, ""tolerance"": 1e-06}"
goldstein_price,Goldstein-Price,390,2863,gradient,2,"[-1.5, 1.5]","[-0.4722248969728242, -1.4828472706446387]","[-0.37726994473639336, -1.2478325254900693]",61.32021434520096,5000,5002,"{""max_iterations"": 5000, ""rate"": 1e-07, ""tolerance"": 1e-06}"
goldstein_price,Goldstein-Price,391,2864,gradient,2,"[-1.5, 1.5]","[-1.280835299131502, 0.20416055080136264]","[-0.8319454907038546, -0.178248268396175]",81.16439520638166,5000,5002,"{""max_iterations"": 5000, ""rate"": 1e-07, ""tolerance"": 1e-06}"
goldstein_price,Goldstein-Price,392,2865,gradient,2,"[-1.5, 1.5]","[1.4239415995531726, 0.054595840640787596]","[1.4857532081892297, -0.009241321134505695]",92.58877173819164,5000,5002,"{""max_iterations"": 5000, ""rate"": 1e-07, ""tolerance"": 1e-06}"
goldstein_price,Goldstein-Price,393,2866,gradient,2,"[-1.5, 1.5]","[-0.06294407553392634, -0.10663931852550723]","[-0.42328450888769253, -0.36475963722361754]",75.11057971649205,5000,5002,"{""max_iterations"": 5000, ""rate"": 1e-07, ""tolerance"": 1e-06}"
goldstein_price,Goldstein-Price,394,2867,gradient,2,"[-1.5, 1.5]","[0.12315104267063859, 1.3814872618358738]","[0.8933962893120364, 0.6006638318607397]",922.0893411741217,5000,5002,"{""max_iterations"": 5000, ""rate"": 1e-07, ""tolerance"": 1e-06}"
goldstein_price,Goldstein-Price,395,2868,gradient,2,"[-1.5, 1.5]","[0.22331747407788605, 0.9582344146039898]","[0.616615116547331, 0.41154885600259583]",989.7183747779673,5000,5002,"{""max_iterations"": 5000, ""rate"": 1e-07, ""tolerance"": 1e-06}"
goldstein_price,Goldstein-Price,396,2869,gradient,2,"[-1.5, 1.5]","[-1.4887314979521944, -0.5540619176553848]","[-0.6911546398954692, -0.3706439553080917]",36.1501167792786,5000,5002,"{""max_iterations"": 5000, ""rate"": 1e-07, ""tolerance"": 1e-06}"
goldstein_price,Goldstein-Price,397,2870,gradient,2,"[-1.5, 1.5]","[1.3666304174501311, -0.03586307453526505]","[1.4017979662515805, -0.0652583045438614]",95.49597328149726,5000,5002,"{""max_iterations"": 5000, ""rate"": 1e-07, ""tolerance"": 1e-06}"
goldstein_price,Goldstein-Price,398,2871,gradient,2,"[-1.5, 1.5]","[1.4009939779248732, 0.8768470373907835]","[1.2516226754736304, 0.8311156982631509]",844.0219104594811,5000,5002,"{""max_iterations"": 5000, ""rate"": 1e-07, ""tolerance"": 1e-06}"
goldstein_price,Goldstein-Price,399,2872,gradient,2,"[-1.5, 1.5]","[-0.42472993572874507, 0.49310055703478417]","[-0.5051856884718844, -0.3394432071007931]",53.87546272009573,5000,5002,"{""max_iterations"": 5000, ""rate"": 1e-07, ""tolerance"": 1e-06}"
goldstein_price,Goldstein-Price,400,2855,gradient,2,"[-1.5, 1.5]","[0.4934702903309143, 0.7490873073822466]","[0.7689930600311573, 0.516186508718275]",964.1658419979656,5000,5002,"{""max_iterations"": 5000, ""rate"": 1e-07, ""tolerance"": 1e-06}"
goldstein_price,Goldstein-Price,401,2856,gradient,2,"[-1.5, 1.5]","[-1.0720438038298816, -0.7439636390458004]","[-0.6728391187259919, -0.38462587287323335]",34.55597576692703,5000,5002,"{""max_iterations"": 5000, ""rate"": 1e-07, ""tolerance"": 1e-06}"
goldstein_price,Goldstein-Price,402,2857,gradient,2,"[-1.5, 1.5]","[-0.43651268169901636, 1.1741719092769247]","[-0.26620807109090094, -0.21630721979769899]",244.29628832824457,5000,5002,"{""max_iterations"": 5000, ""rate"": 1e-07, ""tolerance"": 1e-06}"
goldstein_price,Goldstein-Price,403,2858,gradient,2,"[-1.5, 1.5]","[-0.3786269496548371, -1.410116737028586]","[-0.3171244736115931, -1.2072432562664603]",42.10562917161528,5000,5002,"{""max_iterations"": 5000, ""rate"": 1e-07, ""tolerance"": 1e-06}"
goldstein_price,Goldstein-Price,404,2859,gradient,2,"[-1.5, 1.5]","[0.8698513119766127, -1.3878590120762353]","[0.17390747209118823, -1.1575125607893895]",40.007489615370325,5000,5002,"{""max_iterations"": 5000, ""rate"": 1e-07, ""tolerance"": 1e-06}"
goldstein_price,Goldstein-Price,405,2860,gradient,2,"[-1.5, 1.5]","[-0.6894093064059326, 0.03932861791287223]","[-0.7212295207081919, -0.27954029392864294]",40.48562643769749,5000,5002,"{""max_iterations"": 5000, ""rate"": 1e-07, ""tolerance"": 1e-06}"
goldstein_price,Goldstein-Price,406,2861,gradient,2,"[-1.5, 1.5]","[0.5325373238301756, 0.9670238437134886]","[0.9544233461620865, 0.6416032980733496]",899.0167384373731,5000,5002,"{""max_iterations"": 5000, ""rate"": 1e-07, ""tolerance"": 1e-06}"
goldstein_price,Goldstein-Price,407,2862,gradient,2,"[-1.5, 1.5]","[0.28944340684842307, 0.3494493617612606]","[0.09319026192890144, 0.04437686019062769]",696.1763898321956,5000,5002,"{""max_iterations"": 5000, ""rate"": 1e-07, ""tolerance"": 1e-06}"
goldstein_price,Goldstein-Price,408,2863,gradient,2,"[-1.5, 1.5]","[-0.4722248969728242, -1.4828472706446387]","[-0.37726994473639336, -1.2478325254900693]",61.32021434520096,5000,5002,"{""max_iterations"": 5000, ""rate"": 1e-07, ""tolerance"": 1e-06}"
goldstein_price,Goldstein-Price,409,2864,gradient,2,"[-1.5, 1.5]","[-1.280835299131502, 0.20416055080136264]","[-0.8319454907038546, -0.178248268396175]",81.16439520638166,5000,5002,"{""max_iterations"": 5000, ""rate"": 1e-07, ""tolerance"": 1e-06}"
goldstein_price,Goldstein-Price,410,2856,gradient,2,"[-1.5, 1.5]","[-1.0720438038298816, -0.7439636390458004]","[-0.6728391187259919, -0.38462587287323335]",34.55597576692703,5000,5002,"{""max_iterations"": 5000, ""rate"": 1e-07, ""tolerance"": 1e-06}"
goldstein_price,Goldstein-Price,411,2857,gradient,2,"[-1.5, 1.5]","[-0.43651268169901636, 1.1741719092769247]","[-0.26620807109090094, -0.21630721979769899]",244.29628832824457,5000,5002,"{""max_iterations"": 5000, ""rate"": 1e-07, ""tolerance"": 1e-06}"
goldstein_price,Goldstein-Price,412,2858,gradient,2,"[-1.5, 1.5]","[-0.3786269496548371, -1.410116737028586]","[-0.3171244736115931, -1.2072432562664603]",42.10562917161528,5000,5002,"{""max_iterations"": 5000, ""rate"": 1e-07, ""tolerance"": 1e-06}"
goldstein_price,Goldstein-Price,413,2859,gradient,2,"[-1.5, 1.5]","[0.8698513119766127, -1.3878590120762353]","[0.17390747209118823, -1.1575125607893895]",40.007489615370325,5000,5002,"{""max_iterations"": 5000, ""rate"": 1e-07, ""tolerance"": 1e-06}"
goldstein_price,Goldstein-Price,414,2860,gradient,2,"[-1.5, 1.5]","[-0.6894093064059326, 0.03932861791287223]","[-0.7212295207081919, -0.27954029392864294]",40.48562643769749,5000,5002,"{""max_iterations"": 5000, ""rate"": 1e-07, ""tolerance"": 1e-06}"
goldstein_price,Goldstein-Price,415,2861,gradient,2,"[-1.5, 1.5]","[0.5325373238301756, 0.9670238437134886]","[0.9544233461620865, 0.6416032980733496]",899.0167384373731,5000,5002,"{""max_iterations"": 5000, ""rate"": 1e-07, ""tolerance"": 1e-06}"
goldstein_price,Goldstein-Price,416,2862,gradient,2,"[-1.5, 1.5]","[0.28944340684842307, 0.3494493617612606]","[0.09319026192890144, 0.04437686019062769]",696.1763898321956,5000,5002,"{""max_iterations"": 5000, ""rate"": 1e-07, ""tolerance"": 1e-06}"
goldstein_price,Goldstein-Price,417,2863,gradient,2,"[-1.5, 1.5]","[-0.4722248969728242, -1.4828472706446387]","[-0.37726994473639336, -1.2478325254900693]",61.32021434520096,5000,5002,"{""max_iterations"": 5000, ""rate"": 1e-07, ""tolerance"": 1e-06}"
goldstein_price,Goldstein-Price,418,2864,gradient,2,"[-1.5, 1.5]","[-1.280835299131502, 0.20416055080136264]","[-0.8319454907038546, -0.178248268396175]",81.16439520638166,5000,5002,"{""max_iterations"": 5000, ""rate"": 1e-07, ""tolerance"": 1e-06}"
goldstein_price,Goldstein-Price,419,2865,gradient,2,"[-1.5, 1.5]","[1.4239415995531726, 0.054595840640787596]","[1.4857532081892297, -0.009241321134505695]",92.58877173819164,5000,5002,"{""max_iterations"": 5000, ""rate"": 1e-07, ""tolerance"": 1e-06}"
goldstein_price,Goldstein-Price,420,2857,gradient,2,"[-1.5, 1.5]","[-0.43651268169901636, 1.1741719092769247]","[-0.26620807109090094, -0.21630721979769899]",244.29628832824457,5000,5002,"{""max_iterations"": 5000, ""rate"": 1e-07, ""tolerance"": 1e-06}"
goldstein_price,Goldstein-Price,421,2858,gradient,2,"[-1.5, 1.5]","[-0.3786269496548371, -1.410116737028586]","[-0.3171244736115931, -1.2072432562664603]",42.10562917161528,5000,5002,"{""max_iterations"": 5000, ""rate"": 1e-07, ""tolerance"": 1e-06}"
goldstein_price,Goldstein-Price,422,2859,gradient,2,"[-1.5, 1.5]","[0.8698513119766127, -1.3878590120762353]","[0.17390747209118823, -1.1575125607893895]",40.007489615370325,5000,5002,"{""max_iterations"": 5000, ""rate"": 1e-07, ""tolerance"": 1e-06}"
goldstein_price,Goldstein-Price,423,2860,gradient,2,"[-1.5, 1.5]","[-0.6894093064059326, 0.03932861791287223]","[-0.7212295207081919, -0.27954029392864294]",40.48562643769749,5000,5002,"{""max_iterations"": 5000, ""rate"": 1e-07, ""tolerance"": 1e-06}"
goldstein_price,Goldstein-Price,424,2861,gradient,2,"[-1.5, 1.5]","[0.5325373238301756, 0.9670238437134886]","[0.9544233461620865, 0.6416032980733496]",899.0167384373731,5000,5002,"{""max_iterations"": 5000, ""rate"": 1e-07, ""tolerance"": 1e-06}"
goldstein_price,Goldstein-Price,425,2862,gradient,2,"[-1.5, 1.5]","[0.28944340684842307, 0.3494493617612606]","[0.09319026192890144, 0.04437686019062769]",696.1763898321956,5000,5002,"{""max_iterations"": 5000, ""rate"": 1e-07, ""tolerance"": 1e-06}"
goldstein_price,Goldstein-Price,426,2863,gradient,2,"[-1.5, 1.5]","[-0.4722248969728242, -1.4828472706446387]","[-0.37726994473639336, -1.2478325254900693]",61.32021434520096,5000,5002,"{""max_iterations"": 5000, ""rate"": 1e-07, ""tolerance"": 1e-06}"
goldstein_price,Goldstein-Price,427,2864,gradient,2,"[-1.5, 1.5]","[-1.280835299131502, 0.20416055080136264]","[-0.8319454907038546, -0.178248268396175]",81.16439520638166,5000,5002,"{""max_iterations"": 5000, ""rate"": 1e-07, ""tolerance"": 1e-06}"
goldstein_price,Goldstein-Price,428,2865,gradient,2,"[-1.5, 1.5]","[1.4239415995531726, 0.054595840640787596]","[1.4857532081892297, -0.009241321134505695]",92.58877173819164,5000,5002,"{""max_iterations"": 5000, ""rate"": 1e-07, ""tolerance"": 1e-06}"
goldstein_price,Goldstein-Price,429,2866,gradient,2,"[-1.5, 1.5]","[-0.06294407553392634, -0.10663931852550723]","[-0.42328450888769253, -0.36475963722361754]",75.11057971649205,5000,5002,"{""max_iterations"": 5000, ""rate"": 1e-07, ""tolerance"": 1e-06}"
goldstein_price,Goldstein-Price,430,2858,gradient,2,"[-1.5, 1.5]","[-0.3786269496548371, -1.410116737028586]","[-0.3171244736115931, -1.2072432562664603]",42.10562917161528,5000,5002,"{""max_iterations"": 5000, ""rate"": 1e-07, ""tolerance"": 1e-06}"
goldstein_price,Goldstein-Price,431,2859,gradient,2,"[-1.5, 1.5]","[0.8698513119766127, -1.3878590120762353]","[0.17390747209118823, -1.1575125607893895]",40.007489615370325,5000,5002,"{""max_iterations"": 5000, ""rate"": 1e-07, ""tolerance"": 1e-06}"
goldstein_price,Goldstein-Price,432,2860,gradient,2,"[-1.5, 1.5]","[-0.6894093064059326, 0.03932861791287223]","[-0.7212295207081919, -0.27954029392864294]",40.48562643769749,5000,5002,"{""max_iterations"": 5000, ""rate"": 1e-07, ""tolerance"": 1e-06}"
goldstein_price,Goldstein-Price,433,2861,gradient,2,"[-1.5, 1.5]","[0.5325373238301756, 0.9670238437134886]","[0.9544233461620865, 0.6416032980733496]",899.0167384373731,5000,5002,"{""max_iterations"": 5000, ""rate"": 1e-07, ""tolerance"": 1e-06}"
goldstein_price,Goldstein-Price,434,2862,gradient,2,"[-1.5, 1.5]","[0.28944340684842307, 0.3494493617612606]","[0.09319026192890144, 0.04437686019062769]",696.1763898321956,5000,5002,"{""max_iterations"": 5000, ""rate"": 1e-07, ""tolerance"": 1e-06}"
goldstein_price,Goldstein-Price,435,2863,gradient,2,"[-1.5, 1.5]","[-0.4722248969728242, -1.4828472706446387]","[-0.37726994473639336, -1.2478325254900693]",61.32021434520096,5000,5002,"{""max_iterations"": 5000, ""rate"": 1e-07, ""tolerance"": 1e-06}"
goldstein_price,Goldstein-Price,436,2864,gradient,2,"[-1.5, 1.5]","[-1.280835299131502, 0.20416055080136264]","[-0.8319454907038546, -0.178248268396175]",81.16439520638166,5000,5002,"{""max_iterations"": 5000, ""rate"": 1e-07, ""tolerance"": 1e-06}"
goldstein_price,Goldstein-Price,437,2865,gradient,2,"[-1.5, 1.5]","[1.4239415995531726, 0.054595840640787596]","[1.4857532081892297, -0.009241321134505695]",92.58877173819164,5000,5002,"{""max_iterations"": 5000, ""rate"": 1e-07, ""tolerance"": 1e-06}"
goldstein_price,Goldstein-Price,438,2866,gradient,2,"[-1.5, 1.5]","[-0.06294407553392634, -0.10663931852550723]","[-0.42328450888769253, -0.36475963722361754]",75.11057971649205,5000,5002,"{""max_iterations"": 5000, ""rate"": 1e-07, ""tolerance"": 1e-06}"
goldstein_price,Goldstein-Price,439,2867,gradient,2,"[-1.5, 1.5]","[0.12315104267063859, 1.3814872618358738]","[0.8933962893120364, 0.6006638318607397]",922.0893411741217,5000,5002,"{""max_iterations"": 5000, ""rate"": 1e-07, ""tolerance"": 1e-06}"
goldstein_price,Goldstein-Price,440,2859,gradient,2,"[-1.5, 1.5]","[0.8698513119766127, -1.3878590120762353]","[0.17390747209118823, -1.1575125607893895]",40.007489615370325,5000,5002,"{""max_iterations"": 5000, ""rate"": 1e-07, ""tolerance"": 1e-06}"
goldstein_price,Goldstein-Price,441,2860,gradient,2,"[-1.5, 1.5]","[-0.6894093064059326, 0.03932861791287223]","[-0.7212295207081919, -0.27954029392864294]",40.48562643769749,5000,5002,"{""max_iterations"": 5000, ""rate"": 1e-07, ""tolerance"": 1e-06}"
goldstein_price,Goldstein-Price,442,2861,gradient,2,"[-1.5, 1.5]","[0.5325373238301756, 0.9670238437134886]","[0.9544233461620865, 0.6416032980733496]",899.0167384373731,5000,5002,"{""max_iterations"": 5000, ""rate"": 1e-07, ""tolerance"": 1e-06}"
goldstein_price,Goldstein-Price,443,2862,gradient,2,"[-1.5, 1.5]","[0.28944340684842307, 0.3494493617612606]","[0.09319026192890144, 0.04437686019062769]",696.1763898321956,5000,5002,"{""max_iterations"": 5000, ""rate"": 1e-07, ""tolerance"": 1e-06}"
goldstein_price,Goldstein-Price,444,2863,gradient,2,"[-1.5, 1.5]","[-0.4722248969728242, -1.4828472706446387]","[-0.37726994473639336, -1.2478325254900693]",61.32021434520096,5000,5002,"{""max_iterations"": 5000, ""rate"": 1e-07, ""tolerance"": 1e-06}"
goldstein_price,Goldstein-Price,445,2864,gradient,2,"[-1.5, 1.5]","[-1.280835299131502, 0.20416055080136264]","[-0.8319454907038546, -0.178248268396175]",81.16439520638166,5000,5002,"{""max_iterations"": 5000, ""rate"": 1e-07, ""tolerance"": 1e-06}"
goldstein_price,Goldstein-Price,446,2865,gradient,2,"[-1.5, 1.5]","[1.4239415995531726, 0.054595840640787596]","[1.4857532081892297, -0.009241321134505695]",92.58877173819164,5000,5002,"{""max_iterations"": 5000, ""rate"": 1e-07, ""tolerance"": 1e-06}"
goldstein_price,Goldstein-Price,447,2866,gradient,2,"[-1.5, 1.5]","[-0.06294407553392634, -0.10663931852550723]","[-0.42328450888769253, -0.36475963722361754]",75.11057971649205,5000,5002,"{""max_iterations"": 5000, ""rate"": 1e-07, ""tolerance"": 1e-06}"
goldstein_price,Goldstein-Price,448,2867,gradient,2,"[-1.5, 1.5]","[0.12315104267063859, 1.3814872618358738]","[0.8933962893120364, 0.6006638318607397]",922.0893411741217,5000,5002,"{""max_iterations"": 5000, ""rate"": 1e-07, ""tolerance"": 1e-06}"
goldstein_price,Goldstein-Price,449,2868,gradient,2,"[-1.5, 1.5]","[0.22331747407788605, 0.9582344146039898]","[0.616615116547331, 0.41154885600259583]",989.7183747779673,5000,5002,"{""max_iterations"": 5000, ""rate"": 1e-07, ""tolerance"": 1e-06}"
goldstein_price,Goldstein-Price,450,2860,gradient,2,"[-1.5, 1.5]","[-0.6894093064059326, 0.03932861791287223]","[-0.7212295207081919, -0.27954029392864294]",40.48562643769749,5000,5002,"{""max_iterations"": 5000, ""rate"": 1e-07, ""tolerance"": 1e-06}"
goldstein_price,Goldstein-Price,451,2861,gradient,2,"[-1.5, 1.5]","[0.5325373238301756, 0.9670238437134886]","[0.9544233461620865, 0.6416032980733496]",899.0167384373731,5000,5002,"{""max_iterations"": 5000, ""rate"": 1e-07, ""tolerance"": 1e-06}"
goldstein_price,Goldstein-Price,452,2862,gradient,2,"[-1.5, 1.5]","[0.28944340684842307, 0.3494493617612606]","[0.09319026192890144, 0.04437686019062769]",696.1763898321956,5000,5002,"{""max_iterations"": 5000, ""rate"": 1e-07, ""tolerance"": 1e-06}"
goldstein_price,Goldstein-Price,453,2863,gradient,2,"[-1.5, 1.5]","[-0.4722248969728242, -1.4828472706446387]","[-0.37726994473639336, -1.2478325254900693]",61.32021434520096,5000,5002,"{""max_iterations"": 5000, ""rate"": 1e-07, ""tolerance"": 1e-06}"
goldstein_price,Goldstein-Price,454,2864,gradient,2,"[-1.5, 1.5]","[-1.280835299131502, 0.20416055080136264]","[-0.8319454907038546, -0.178248268396175]",81.16439520638166,5000,5002,"{""max_iterations"": 5000, ""rate"": 1e-07, ""tolerance"": 1e-06}"
goldstein_price,Goldstein-Price,455,2865,gradient,2,"[-1.5, 1.5]","[1.4239415995531726, 0.054595840640787596]","[1.4857532081892297, -0.009241321134505695]",92.58877173819164,5000,5002,"{""max_iterations"": 5000, ""rate"": 1e-07, ""tolerance"": 1e-06}"
goldstein_price,Goldstein-Price,456,2866,gradient,2,"[-1.5, 1.5]","[-0.06294407553392634, -0.10663931852550723]","[-0.42328450888769253, -0.36475963722361754]",75.11057971649205,5000,5002,"{""max_iterations"": 5000, ""rate"": 1e-07, ""tolerance"": 1e-06}"
goldstein_price,Goldstein-Price,457,2867,gradient,2,"[-1.5, 1.5]","[0.12315104267063859, 1.3814872618358738]","[0.8933962893120364, 0.6006638318607397]",922.0893411741217,5000,5002,"{""max_iterations"": 5000, ""rate"": 1e-07, ""tolerance"": 1e-06}"
goldstein_price,Goldstein-Price,458,2868,gradient,2,"[-1.5, 1.5]","[0.22331747407788605, 0.9582344146039898]","[0.616615116547331, 0.41154885600259583]",989.7183747779673,5000,5002,"{""max_iterations"": 5000, ""rate"": 1e-07, ""tolerance"": 1e-06}"
goldstein_price,Goldstein-Price,459,2869,gradient,2,"[-1.5, 1.5]","[-1.4887314979521944, -0.5540619176553848]","[-0.6911546398954692, -0.3706439553080917]",36.1501167792786,5000,5002,"{""max_iterations"": 5000, ""rate"": 1e-07, ""tolerance"": 1e-06}"
goldstein_price,Goldstein-Price,460,2861,gradient,2,"[-1.5, 1.5]","[0.5325373238301756, 0.9670238437134886]","[0.9544233461620865, 0.6416032980733496]",899.0167384373731,5000,5002,"{""max_iterations"": 5000, ""rate"": 1e-07, ""tolerance"": 1e-06}"
goldstein_price,Goldstein-Price,461,2862,gradient,2,"[-1.5, 1.5]","[0.28944340684842307, 0.3494493617612606]","[0.09319026192890144, 0.04437686019062769]",696.1763898321956,5000,5002,"{""max_iterations"": 5000, ""rate"": 1e-07, ""tolerance"": 1e-06}"
goldstein_price,Goldstein-Price,462,2863,gradient,2,"[-1.5, 1.5]","[-0.4722248969728242, -1.4828472706446387]","[-0.37726994473639336, -1.2478325254900693]",61.32021434520096,5000,5002,"{""max_iterations"": 5000, ""rate"": 1e-07, ""tolerance"": 1e-06}"
goldstein_price,Goldstein-Price,463,2864,gradient,2,"[-1.5, 1.5]","[-1.280835299131502, 0.20416055080136264]","[-0.8319454907038546, -0.178248268396175]",81.16439520638166,5000,5002,"{""max_iterations"": 5000, ""rate"": 1e-07, ""tolerance"": 1e-06}"
goldstein_price,Goldstein-Price,464,2865,gradient,2,"[-1.5, 1.5]","[1.4239415995531726, 0.054595840640787596]","[1.4857532081892297, -0.009241321134505695]",92.58877173819164,5000,5002,"{""max_iterations"": 5000, ""rate"": 1e-07, ""tolerance"": 1e-06}"
goldstein_price,Goldstein-Price,465,2866,gradient,2,"[-1.5, 1.5]","[-0.06294407553392634, -0.10663931852550723]","[-0.42328450888769253, -0.36475963722361754]",75.11057971649205,5000,5002,"{""max_iterations"": 5000, ""rate"": 1e-07, ""tolerance"": 1e-06}"
goldstein_price,Goldstein-Price,466,2867,gradient,2,"[-1.5, 1.5]","[0.12315104267063859, 1.3814872618358738]","[0.8933962893120364, 0.6006638318607397]",922.0893411741217,5000,5002,"{""max_iterations"": 5000, ""rate"": 1e-07, ""tolerance"": 1e-06}"
goldstein_price,Goldstein-Price,467,2868,gradient,2,"[-1.5, 1.5]","[0.22331747407788605, 0.9582344146039898]","[0.616615116547331, 0.41154885600259583]",989.7183747779673,5000,5002,"{""max_iterations"": 5000, ""rate"": 1e-07, ""tolerance"": 1e-06}"
goldstein_price,Goldstein-Price,468,2869,gradient,2,"[-1.5, 1.5]","[-1.4887314979521944, -0.5540619176553848]","[-0.6911546398954692, -0.3706439553080917]",36.1501167792786,5000,5002,"{""max_iterations"": 5000, ""rate"": 1e-07, ""tolerance"": 1e-06}"
goldstein_price,Goldstein-Price,469,2870,gradient,2,"[-1.5, 1.5]","[1.3666304174501311, -0.03586307453526505]","[1.4017979662515805, -0.0652583045438614]",95.49597328149726,5000,5002,"{""max_iterations"": 5000, ""rate"": 1e-07, ""tolerance"": 1e-06}"
goldstein_price,Goldstein-Price,470,2862,gradient,2,"[-1.5, 1.5]","[0.28944340684842307, 0.3494493617612606]","[0.09319026192890144, 0.04437686019062769]",696.1763898321956,5000,5002,"{""max_iterations"": 5000, ""rate"": 1e-07, ""tolerance"": 1e-06}"
goldstein_price,Goldstein-Price,471,2863,gradient,2,"[-1.5, 1.5]","[-0.4722248969728242, -1.4828472706446387]","[-0.37726994473639336, -1.2478325254900693]",61.32021434520096,5000,5002,"{""max_iterations"": 5000, ""rate"": 1e-07, ""tolerance"": 1e-06}"
goldstein_price,Goldstein-Price,472,2864,gradient,2,"[-1.5, 1.5]","[-1.280835299131502, 0.20416055080136264]","[-0.8319454907038546, -0.178248268396175]",81.16439520638166,5000,5002,"{""max_iterations"": 5000, ""rate"": 1e-07, ""tolerance"": 1e-06}"
goldstein_price,Goldstein-Price,473,2865,gradient,2,"[-1.5, 1.5]","[1.4239415995531726, 0.054595840640787596]","[1.4857532081892297, -0.009241321134505695]",92.58877173819164,5000,5002,"{""max_iterations"": 5000, ""rate"": 1e-07, ""tolerance"": 1e-06}"
goldstein_price,Goldstein-Price,474,2866,gradient,2,"[-1.5, 1.5]","[-0.06294407553392634, -0.10663931852550723]","[-0.42328450888769253, -0.36475963722361754]",75.11057971649205,5000,5002,"{""max_iterations"": 5000, ""rate"": 1e-07, ""tolerance"": 1e-06}"
goldstein_price,Goldstein-Price,475,2867,gradient,2,"[-1.5, 1.5]","[0.12315104267063859, 1.3814872618358738]","[0.8933962893120364, 0.6006638318607397]",922.0893411741217,5000,5002,"{""max_iterations"": 5000, ""rate"": 1e-07, ""tolerance"": 1e-06}"
goldstein_price,Goldstein-Price,476,2868,gradient,2,"[-1.5, 1.5]","[0.22331747407788605, 0.9582344146039898]","[0.616615116547331, 0.41154885600259583]",989.7183747779673,5000,5002,"{""max_iterations"": 5000, ""rate"": 1e-07, ""tolerance"": 1e-06}"
goldstein_price,Goldstein-Price,477,2869,gradient,2,"[-1.5, 1.5]","[-1.4887314979521944, -0.5540619176553848]","[-0.6911546398954692, -0.3706439553080917]",36.1501167792786,5000,5002,"{""max_iterations"": 5000, ""rate"": 1e-07, ""tolerance"": 1e-06}"
goldstein_price,Goldstein-Price,478,2870,gradient,2,"[-1.5, 1.5]","[1.3666304174501311, -0.03586307453526505]","[1.4017979662515805, -0.0652583045438614]",95.49597328149726,5000,5002,"{""max_iterations"": 5000, ""rate"": 1e-07, ""tolerance"": 1e-06}"
goldstein_price,Goldstein-Price,479,2871,gradient,2,"[-1.5, 1.5]","[1.4009939779248732, 0.8768470373907835]","[1.2516226754736304, 0.8311156982631509]",844.0219104594811,5000,5002,"{""max_iterations"": 5000, ""rate"": 1e-07, ""tolerance"": 1e-06}"
goldstein_price,Goldstein-Price,480,2863,gradient,2,"[-1.5, 1.5]","[-0.4722248969728242, -1.4828472706446387]","[-0.37726994473639336, -1.2478325254900693]",61.32021434520096,5000,5002,"{""max_iterations"": 5000, ""rate"": 1e-07, ""tolerance"": 1e-06}"
goldstein_price,Goldstein-Price,481,2864,gradient,2,"[-1.5, 1.5]","[-1.280835299131502, 0.20416055080136264]","[-0.8319454907038546, -0.178248268396175]",81.16439520638166,5000,5002,"{""max_iterations"": 5000, ""rate"": 1e-07, ""tolerance"": 1e-06}"
goldstein_price,Goldstein-Price,482,2865,gradient,2,"[-1.5, 1.5]","[1.4239415995531726, 0.054595840640787596]","[1.4857532081892297, -0.009241321134505695]",92.58877173819164,5000,5002,"{""max_iterations"": 5000, ""rate"": 1e-07, ""tolerance"": 1e-06}"
goldstein_price,Goldstein-Price,483,2866,gradient,2,"[-1.5, 1.5]","[-0.06294407553392634, -0.10663931852550723]","[-0.42328450888769253, -0.36475963722361754]",75.11057971649205,5000,5002,"{""max_iterations"": 5000, ""rate"": 1e-07, ""tolerance"": 1e-06}"
goldstein_price,Goldstein-Price,484,2867,gradient,2,"[-1.5, 1.5]","[0.12315104267063859, 1.3814872618358738]","[0.8933962893120364, 0.6006638318607397]",922.0893411741217,5000,5002,"{""max_iterations"": 5000, ""rate"": 1e-07, ""tolerance"": 1e-06}"
goldstein_price,Goldstein-Price,485,2868,gradient,2,"[-1.5, 1.5]","[0.22331747407788605, 0.9582344146039898]","[0.616615116547331, 0.41154885600259583]",989.7183747779673,5000,5002,"{""max_iterations"": 5000, ""rate"": 1e-07, ""tolerance"": 1e-06}"
goldstein_price,Goldstein-Price,486,2869,gradient,2,"[-1.5, 1.5]","[-1.4887314979521944, -0.5540619176553848]","[-0.6911546398954692, -0.3706439553080917]",36.1501167792786,5000,5002,"{""max_iterations"": 5000, ""rate"": 1e-07, ""tolerance"": 1e-06}"
goldstein_price,Goldstein-Price,487,2870,gradient,2,"[-1.5, 1.5]","[1.3666304174501311, -0.03586307453526505]","[1.4017979662515805, -0.0652583045438614]",95.49597328149726,5000,5002,"{""max_iterations"": 5000, ""rate"": 1e-07, ""tolerance"": 1e-06}"
goldstein_price,Goldstein-Price,488,2871,gradient,2,"[-1.5, 1.5]","[1.4009939779248732, 0.8768470373907835]","[1.2516226754736304, 0.8311156982631509]",844.0219104594811,5000,5002,"{""max_iterations"": 5000, ""rate"": 1e-07, ""tolerance"": 1e-06}"
goldstein_price,Goldstein-Price,489,2872,gradient,2,"[-1.5, 1.5]","[-0.42472993572874507, 0.49310055703478417]","[-0.5051856884718844, -0.3394432071007931]",53.87546272009573,5000,5002,"{""max_iterations"": 5000, ""rate"": 1e-07, ""tolerance"": 1e-06}"
goldstein_price,Goldstein-Price,490,2864,gradient,2,"[-1.5, 1.5]","[-1.280835299131502, 0.20416055080136264]","[-0.8319454907038546, -0.178248268396175]",81.16439520638166,5000,5002,"{""max_iterations"": 5000, ""rate"": 1e-07, ""tolerance"": 1e-06}"
goldstein_price,Goldstein-Price,491,2865,gradient,2,"[-1.5, 1.5]","[1.4239415995531726, 0.054595840640787596]","[1.4857532081892297, -0.009241321134505695]",92.58877173819164,5000,5002,"{""max_iterations"": 5000, ""rate"": 1e-07, ""tolerance"": 1e-06}"
goldstein_price,Goldstein-Price,492,2866,gradient,2,"[-1.5, 1.5]","[-0.06294407553392634, -0.10663931852550723]","[-0.42328450888769253, -0.36475963722361754]",75.11057971649205,5000,5002,"{""max_iterations"": 5000, ""rate"": 1e-07, ""tolerance"": 1e-06}"
goldstein_price,Goldstein-Price,493,2867,gradient,2,"[-1.5, 1.5]","[0.12315104267063859, 1.3814872618358738]","[0.8933962893120364, 0.6006638318607397]",922.0893411741217,5000,5002,"{""max_iterations"": 5000, ""rate"": 1e-07, ""tolerance"": 1e-06}"
goldstein_price,Goldstein-Price,494,2868,gradient,2,"[-1.5, 1.5]","[0.22331747407788605, 0.9582344146039898]","[0.616615116547331, 0.41154885600259583]",989.7183747779673,5000,5002,"{""max_iterations"": 5000, ""rate"": 1e-07, ""tolerance"": 1e-06}"
goldstein_price,Goldstein-Price,495,2869,gradient,2,"[-1.5, 1.5]","[-1.4887314979521944, -0.5540619176553848]","[-0.6911546398954692, -0.3706439553080917]",36.1501167792786,5000,5002,"{""max_iterations"": 5000, ""rate"": 1e-07, ""tolerance"": 1e-06}"
goldstein_price,Goldstein-Price,496,2870,gradient,2,"[-1.5, 1.5]","[1.3666304174501311, -0.03586307453526505]","[1.4017979662515805, -0.0652583045438614]",95.49597328149726,5000,5002,"{""max_iterations"": 5000, ""rate"": 1e-07, ""tolerance"": 1e-06}"
goldstein_price,Goldstein-Price,497,2871,gradient,2,"[-1.5, 1.5]","[1.4009939779248732, 0.8768470373907835]","[1.2516226754736304, 0.8311156982631509]",844.0219104594811,5000,5002,"{""max_iterations"": 5000, ""rate"": 1e-07, ""tolerance"": 1e-06}"
goldstein_price,Goldstein-Price,498,2872,gradient,2,"[-1.5, 1.5]","[-0.42472993572874507, 0.49310055703478417]","[-0.5051856884718844, -0.3394432071007931]",53.87546272009573,5000,5002,"{""max_iterations"": 5000, ""rate"": 1e-07, ""tolerance"": 1e-06}"
goldstein_price,Goldstein-Price,499,2873,gradient,2,"[-1.5, 1.5]","[0.42171256501984944, 1.2024645480559668]","[1.0040813921044662, 0.6746086947105819]",880.917777357762,5000,5002,"{""max_iterations"": 5000, ""rate"": 1e-07, ""tolerance"": 1e-06}"
goldstein_price,Goldstein-Price,500,2856,gradient,2,"[-1.5, 1.5]","[-1.0720438038298816, -0.7439636390458004]","[-0.6728391187259919, -0.38462587287323335]",34.55597576692703,5000,5002,"{""max_iterations"": 5000, ""rate"": 1e-07, ""tolerance"": 1e-06}"
