This is LuaHBTeX, Version 1.22.0 (TeX Live 2025)  (format=lualatex 2025.10.10)  28 JUL 2026 22:07
 restricted system commands enabled.
**reporte_tecnico.tex
(./reporte_tecnico.tex
LaTeX2e <2025-06-01> patch level 1
L3 programming layer <2025-09-02>
Lua module: luaotfload 2024-12-03 v3.29 Lua based OpenType font support
Lua module: lualibs 2023-07-13 v2.76 ConTeXt Lua standard libraries.
Lua module: lualibs-extended 2023-07-13 v2.76 ConTeXt Lua libraries -- extended collection.
luaotfload | conf : Root cache directory is "C:/Users/CARLOS/AppData/Roaming/TinyTeX/texmf-var/luatex-cache/generic/names".
luaotfload | init : Loading fontloader "fontloader-2023-12-28.lua" from kpse-resolved path "c:/Users/CARLOS/AppData/Roaming/TinyTeX/texmf-dist/tex/luatex/luaotfload/fontloader-2023-12-28.lua".
Lua-only attribute luaotfload@noligature = 1
luaotfload | init : Context OpenType loader version 3.134
Inserting `luaotfload.node_processor' in `pre_linebreak_filter'.
Inserting `luaotfload.node_processor' in `hpack_filter'.
Inserting `luaotfload.glyph_stream' in `glyph_stream_provider'.
Inserting `luaotfload.define_font' in `define_font'.
Lua-only attribute luaotfload_color_attribute = 2
luaotfload | conf : Root cache directory is "C:/Users/CARLOS/AppData/Roaming/TinyTeX/texmf-var/luatex-cache/generic/names".
Inserting `luaotfload.harf.strip_prefix' in `find_opentype_file'.
Inserting `luaotfload.harf.strip_prefix' in `find_truetype_file'.
Removing  `luaotfload.glyph_stream' from `glyph_stream_provider'.
Inserting `luaotfload.harf.glyphstream' in `glyph_stream_provider'.
Inserting `luaotfload.harf.finalize_vlist' in `post_linebreak_filter'.
Inserting `luaotfload.harf.finalize_hlist' in `hpack_filter'.
Inserting `luaotfload.cleanup_files' in `wrapup_run'.
Inserting `luaotfload.harf.finalize_unicode' in `finish_pdffile'.
Inserting `luaotfload.glyphinfo' in `glyph_info'.
Lua-only attribute luaotfload.letterspace_done = 3
Inserting `luaotfload.aux.set_sscale_dimens' in `luaotfload.patch_font'.
Inserting `luaotfload.aux.set_font_index' in `luaotfload.patch_font'.
Inserting `luaotfload.aux.patch_cambria_domh' in `luaotfload.patch_font'.
Inserting `luaotfload.aux.fixup_fontdata' in `luaotfload.patch_font_unsafe'.
Inserting `luaotfload.aux.set_capheight' in `luaotfload.patch_font'.
Inserting `luaotfload.aux.set_xheight' in `luaotfload.patch_font'.
Inserting `luaotfload.rewrite_fontname' in `luaotfload.patch_font'.
Inserting `tracingstacklevels' in `input_level_string'. (c:/Users/CARLOS/AppData/Roaming/TinyTeX/texmf-dist/tex/latex/koma-script/scrartcl.cls
Document Class: scrartcl 2025/09/09 v3.48 KOMA-Script document class (article)
(c:/Users/CARLOS/AppData/Roaming/TinyTeX/texmf-dist/tex/latex/koma-script/scrkbase.sty
Package: scrkbase 2025/09/09 v3.48 KOMA-Script package (KOMA-Script-dependent basics and keyval usage)
(c:/Users/CARLOS/AppData/Roaming/TinyTeX/texmf-dist/tex/latex/koma-script/scrbase.sty
Package: scrbase 2025/09/09 v3.48 KOMA-Script package (KOMA-Script-independent basics and keyval usage)
(c:/Users/CARLOS/AppData/Roaming/TinyTeX/texmf-dist/tex/latex/koma-script/scrlfile.sty
Package: scrlfile 2025/09/09 v3.48 KOMA-Script package (file load hooks)
(c:/Users/CARLOS/AppData/Roaming/TinyTeX/texmf-dist/tex/latex/koma-script/scrlfile-hook.sty
Package: scrlfile-hook 2025/09/09 v3.48 KOMA-Script package (using LaTeX hooks)
(c:/Users/CARLOS/AppData/Roaming/TinyTeX/texmf-dist/tex/latex/koma-script/scrlogo.sty
Package: scrlogo 2025/09/09 v3.48 KOMA-Script package (logo)
))) (c:/Users/CARLOS/AppData/Roaming/TinyTeX/texmf-dist/tex/latex/graphics/keyval.sty
Package: keyval 2022/05/29 v1.15 key=value parser (DPC)
\KV@toks@=\toks17
)
Applying: [2021/05/01] Usage of raw or classic option list on input line 254.
Already applied: [0000/00/00] Usage of raw or classic option list on input line 370.
)) (c:/Users/CARLOS/AppData/Roaming/TinyTeX/texmf-dist/tex/latex/koma-script/tocbasic.sty
Package: tocbasic 2025/09/09 v3.48 KOMA-Script package (handling toc-files)
\scr@dte@tocline@numberwidth=\skip49
\scr@dte@tocline@numbox=\box53
)
Package tocbasic Info: omitting babel extension for `toc'
(tocbasic)             because of feature `nobabel' available
(tocbasic)             for `toc' on input line 141.
Package scrartcl Info: You've used standard option `12pt'.
(scrartcl)             This is correct!
(scrartcl)             Internally I'm using `fontsize=12pt'.
(scrartcl)             If you'd like to set the option with \KOMAoptions,
(scrartcl)             you'd have to use `fontsize=12pt' there
(scrartcl)             instead of `12pt', too.
Class scrartcl Info: File `scrsize12pt.clo' used to setup font sizes on input line 2486.
(c:/Users/CARLOS/AppData/Roaming/TinyTeX/texmf-dist/tex/latex/koma-script/scrsize12pt.clo
File: scrsize12pt.clo 2025/09/09 v3.48 KOMA-Script font size class option (12pt)
luaotfload | db : Font names database loaded from C:/Users/CARLOS/AppData/Roaming/TinyTeX/texmf-var/luatex-cache/generic/names/luaotfload-names.luc.gz) (c:/Users/CARLOS/AppData/Roaming/TinyTeX/texmf-dist/tex/latex/koma-script/typearea.sty
Package: typearea 2025/09/09 v3.48 KOMA-Script package (type area)
\ta@bcor=\skip50
\ta@div=\count273
Package typearea Info: You've used standard option `letterpaper'.
(typearea)             This is correct!
(typearea)             Internally I'm using `paper=letter'.
(typearea)             If you'd like to set the option with \KOMAoptions,
(typearea)             you'd have to use `paper=letter' there
(typearea)             instead of `letterpaper', too.
\ta@hblk=\skip51
\ta@vblk=\skip52
\ta@temp=\skip53
\footheight=\skip54
Package typearea Info: These are the values describing the layout:
(typearea)             DIV  = 11
(typearea)             BCOR = 0.0pt
(typearea)             \paperwidth      = 614.295pt
(typearea)              \textwidth      = 446.76004pt
(typearea)              DIV departure   = -6%
(typearea)              \evensidemargin = 11.49748pt
(typearea)              \oddsidemargin  = 11.49748pt
(typearea)             \paperheight     = 794.96999pt
(typearea)              \textheight     = 592.0pt
(typearea)              \topmargin      = -39.875pt
(typearea)              \headheight     = 18.125pt
(typearea)              \headsep        = 21.75pt
(typearea)              \topskip        = 12.0pt
(typearea)              \footskip       = 50.75pt
(typearea)              \baselineskip   = 14.5pt
(typearea)              on input line 1807.
)
\c@part=\count274
\c@section=\count275
\c@subsection=\count276
\c@subsubsection=\count277
\c@paragraph=\count278
\c@subparagraph=\count279
\scr@dte@section@maxnumwidth=\skip55
Class scrartcl Info: using compatibility default `runin=bysign'
(scrartcl)           for `\section on input line 5161.
Class scrartcl Info: using compatibility default `afterindent=bysign'
(scrartcl)           for `\section on input line 5161.
\scr@dte@part@maxnumwidth=\skip56
Class scrartcl Info: using compatibility default `afterindent=false'
(scrartcl)           for `\part on input line 5169.
\scr@dte@subsection@maxnumwidth=\skip57
Class scrartcl Info: using compatibility default `runin=bysign'
(scrartcl)           for `\subsection on input line 5179.
Class scrartcl Info: using compatibility default `afterindent=bysign'
(scrartcl)           for `\subsection on input line 5179.
\scr@dte@subsubsection@maxnumwidth=\skip58
Class scrartcl Info: using compatibility default `runin=bysign'
(scrartcl)           for `\subsubsection on input line 5189.
Class scrartcl Info: using compatibility default `afterindent=bysign'
(scrartcl)           for `\subsubsection on input line 5189.
\scr@dte@paragraph@maxnumwidth=\skip59
Class scrartcl Info: using compatibility default `runin=bysign'
(scrartcl)           for `\paragraph on input line 5200.
Class scrartcl Info: using compatibility default `afterindent=bysign'
(scrartcl)           for `\paragraph on input line 5200.
\scr@dte@subparagraph@maxnumwidth=\skip60
Class scrartcl Info: using compatibility default `runin=bysign'
(scrartcl)           for `\subparagraph on input line 5210.
Class scrartcl Info: using compatibility default `afterindent=bysign'
(scrartcl)           for `\subparagraph on input line 5210.
\abovecaptionskip=\skip61
\belowcaptionskip=\skip62
\c@pti@nb@sid@b@x=\box54
Package tocbasic Info: omitting babel extension for `lof'
(tocbasic)             because of feature `nobabel' available
(tocbasic)             for `lof' on input line 6410.
\scr@dte@figure@maxnumwidth=\skip63
\c@figure=\count280
Package tocbasic Info: omitting babel extension for `lot'
(tocbasic)             because of feature `nobabel' available
(tocbasic)             for `lot' on input line 6422.
\scr@dte@table@maxnumwidth=\skip64
\c@table=\count281
Class scrartcl Info: Redefining `\numberline' on input line 6592.
\bibindent=\dimen147
) (c:/Users/CARLOS/AppData/Roaming/TinyTeX/texmf-dist/tex/latex/xcolor/xcolor.sty
Package: xcolor 2024/09/29 v3.02 LaTeX color extensions (UK)
(c:/Users/CARLOS/AppData/Roaming/TinyTeX/texmf-dist/tex/latex/graphics-cfg/color.cfg
File: color.cfg 2016/01/02 v1.6 sample color configuration
)
Package xcolor Info: Driver file: luatex.def on input line 274.
(c:/Users/CARLOS/AppData/Roaming/TinyTeX/texmf-dist/tex/latex/graphics-def/luatex.def
File: luatex.def 2025/09/29 v1.2f Graphics/color driver for luatex
) (c:/Users/CARLOS/AppData/Roaming/TinyTeX/texmf-dist/tex/latex/graphics/mathcolor.ltx)
Package xcolor Info: Model `cmy' substituted by `cmy0' on input line 1349.
Package xcolor Info: Model `hsb' substituted by `rgb' on input line 1353.
Package xcolor Info: Model `RGB' extended on input line 1365.
Package xcolor Info: Model `HTML' substituted by `rgb' on input line 1367.
Package xcolor Info: Model `Hsb' substituted by `hsb' on input line 1368.
Package xcolor Info: Model `tHsb' substituted by `hsb' on input line 1369.
Package xcolor Info: Model `HSB' substituted by `hsb' on input line 1370.
Package xcolor Info: Model `Gray' substituted by `gray' on input line 1371.
Package xcolor Info: Model `wave' substituted by `hsb' on input line 1372.
) (c:/Users/CARLOS/AppData/Roaming/TinyTeX/texmf-dist/tex/latex/graphics/dvipsnam.def
File: dvipsnam.def 2016/06/17 v3.0m Driver-dependent file (DPC,SPQR)
) (c:/Users/CARLOS/AppData/Roaming/TinyTeX/texmf-dist/tex/latex/xcolor/svgnam.def
File: svgnam.def 2024/09/29 v3.02 Predefined colors according to SVG 1.1 (UK)
) (c:/Users/CARLOS/AppData/Roaming/TinyTeX/texmf-dist/tex/latex/xcolor/x11nam.def
File: x11nam.def 2024/09/29 v3.02 Predefined colors according to Unix/X11 (UK)
) (c:/Users/CARLOS/AppData/Roaming/TinyTeX/texmf-dist/tex/latex/geometry/geometry.sty
Package: geometry 2020/01/02 v5.9 Page Geometry
(c:/Users/CARLOS/AppData/Roaming/TinyTeX/texmf-dist/tex/generic/iftex/ifvtex.sty
Package: ifvtex 2019/10/25 v1.7 ifvtex legacy package. Use iftex instead.
(c:/Users/CARLOS/AppData/Roaming/TinyTeX/texmf-dist/tex/generic/iftex/iftex.sty
Package: iftex 2024/12/12 v1.0g TeX engine tests
))
\Gm@cnth=\count282
\Gm@cntv=\count283
\c@Gm@tempcnt=\count284
\Gm@bindingoffset=\dimen148
\Gm@wd@mp=\dimen149
\Gm@odd@mp=\dimen150
\Gm@even@mp=\dimen151
\Gm@layoutwidth=\dimen152
\Gm@layoutheight=\dimen153
\Gm@layouthoffset=\dimen154
\Gm@layoutvoffset=\dimen155
\Gm@dimlist=\toks18
) (c:/Users/CARLOS/AppData/Roaming/TinyTeX/texmf-dist/tex/latex/amsmath/amsmath.sty
Package: amsmath 2025/06/16 v2.17y AMS math features
\@mathmargin=\skip65
For additional information on amsmath, use the `?' option.
(c:/Users/CARLOS/AppData/Roaming/TinyTeX/texmf-dist/tex/latex/amsmath/amstext.sty
Package: amstext 2024/11/17 v2.01 AMS text
(c:/Users/CARLOS/AppData/Roaming/TinyTeX/texmf-dist/tex/latex/amsmath/amsgen.sty
File: amsgen.sty 1999/11/30 v2.0 generic functions
\@emptytoks=\toks19
\ex@=\dimen156
)) (c:/Users/CARLOS/AppData/Roaming/TinyTeX/texmf-dist/tex/latex/amsmath/amsbsy.sty
Package: amsbsy 1999/11/29 v1.2d Bold Symbols
\pmbraise@=\dimen157
) (c:/Users/CARLOS/AppData/Roaming/TinyTeX/texmf-dist/tex/latex/amsmath/amsopn.sty
Package: amsopn 2022/04/08 v2.04 operator names
)
\inf@bad=\count285
LaTeX Info: Redefining \frac on input line 235.
\uproot@=\count286
\leftroot@=\count287
LaTeX Info: Redefining \overline on input line 398.
LaTeX Info: Redefining \colon on input line 409.
\classnum@=\count288
\DOTSCASE@=\count289
LaTeX Info: Redefining \ldots on input line 495.
LaTeX Info: Redefining \dots on input line 498.
LaTeX Info: Redefining \cdots on input line 619.
\Mathstrutbox@=\box55
\strutbox@=\box56
LaTeX Info: Redefining \big on input line 721.
LaTeX Info: Redefining \Big on input line 722.
LaTeX Info: Redefining \bigg on input line 723.
LaTeX Info: Redefining \Bigg on input line 724.
\big@size=\dimen158
LaTeX Font Info:    Redeclaring font encoding OML on input line 742.
LaTeX Font Info:    Redeclaring font encoding OMS on input line 743.
\macc@depth=\count290
LaTeX Info: Redefining \bmod on input line 904.
LaTeX Info: Redefining \pmod on input line 909.
LaTeX Info: Redefining \smash on input line 939.
LaTeX Info: Redefining \relbar on input line 969.
LaTeX Info: Redefining \Relbar on input line 970.
\c@MaxMatrixCols=\count291
\dotsspace@=\muskip17
\c@parentequation=\count292
\dspbrk@lvl=\count293
\tag@help=\toks20
\row@=\count294
\column@=\count295
\maxfields@=\count296
\andhelp@=\toks21
\eqnshift@=\dimen159
\alignsep@=\dimen160
\tagshift@=\dimen161
\tagwidth@=\dimen162
\totwidth@=\dimen163
\lineht@=\dimen164
\@envbody=\toks22
\multlinegap=\skip66
\multlinetaggap=\skip67
\mathdisplay@stack=\toks23
LaTeX Info: Redefining \[ on input line 2949.
LaTeX Info: Redefining \] on input line 2950.
) (c:/Users/CARLOS/AppData/Roaming/TinyTeX/texmf-dist/tex/latex/amsfonts/amssymb.sty
Package: amssymb 2013/01/14 v3.01 AMS font symbols
(c:/Users/CARLOS/AppData/Roaming/TinyTeX/texmf-dist/tex/latex/amsfonts/amsfonts.sty
Package: amsfonts 2013/01/14 v3.01 Basic AMSFonts support
\symAMSa=\mathgroup4
\symAMSb=\mathgroup5
LaTeX Font Info:    Redeclaring math symbol \hbar on input line 98.
LaTeX Font Info:    Overwriting math alphabet `\mathfrak' in version `bold'
(Font)                  U/euf/m/n --> U/euf/b/n on input line 106.
)) (c:/Users/CARLOS/AppData/Roaming/TinyTeX/texmf-dist/tex/latex/unicode-math/unicode-math.sty (c:/Users/CARLOS/AppData/Roaming/TinyTeX/texmf-dist/tex/latex/l3kernel/expl3.sty
Package: expl3 2025-09-02 L3 programming layer (loader) 
(c:/Users/CARLOS/AppData/Roaming/TinyTeX/texmf-dist/tex/latex/l3backend/l3backend-luatex.def
File: l3backend-luatex.def 2025-06-09 L3 backend support: PDF output (LuaTeX)
\l__color_backend_stack_int=\count297
Inserting `l3color' in `luaotfload.parse_color'.))
Package: unicode-math 2023/08/13 v0.8r Unicode maths in XeLaTeX and LuaLaTeX
(c:/Users/CARLOS/AppData/Roaming/TinyTeX/texmf-dist/tex/latex/unicode-math/unicode-math-luatex.sty
Package: unicode-math-luatex 2023/08/13 v0.8r Unicode maths in XeLaTeX and LuaLaTeX
(c:/Users/CARLOS/AppData/Roaming/TinyTeX/texmf-dist/tex/latex/l3packages/xparse/xparse.sty
Package: xparse 2024-08-16 L3 Experimental document command parser
) (c:/Users/CARLOS/AppData/Roaming/TinyTeX/texmf-dist/tex/latex/l3packages/l3keys2e/l3keys2e.sty
Package: l3keys2e 2024-08-16 LaTeX2e option processing using LaTeX3 keys
) (c:/Users/CARLOS/AppData/Roaming/TinyTeX/texmf-dist/tex/latex/fontspec/fontspec.sty
Package: fontspec 2025/09/29 v2.9g Font selection for XeLaTeX and LuaLaTeX
Lua module: fontspec 2025/09/29 v2.9g Font selection for XeLaTeX and LuaLaTeX (c:/Users/CARLOS/AppData/Roaming/TinyTeX/texmf-dist/tex/latex/fontspec/fontspec-luatex.sty
Package: fontspec-luatex 2025/09/29 v2.9g Font selection for XeLaTeX and LuaLaTeX
\l__fontspec_script_int=\count298
\l__fontspec_language_int=\count299
\l__fontspec_strnum_int=\count300
\l__fontspec_tmp_int=\count301
\l__fontspec_tmpa_int=\count302
\l__fontspec_tmpb_int=\count303
\l__fontspec_tmpc_int=\count304
\l__fontspec_em_int=\count305
\l__fontspec_emdef_int=\count306
\l__fontspec_strong_int=\count307
\l__fontspec_strongdef_int=\count308
\l__fontspec_tmpa_dim=\dimen165
\l__fontspec_tmpb_dim=\dimen166
\l__fontspec_tmpc_dim=\dimen167
(c:/Users/CARLOS/AppData/Roaming/TinyTeX/texmf-dist/tex/latex/base/fontenc.sty
Package: fontenc 2024/12/21 v2.1c Standard LaTeX package
) (c:/Users/CARLOS/AppData/Roaming/TinyTeX/texmf-dist/tex/latex/fontspec/fontspec.cfg))) (c:/Users/CARLOS/AppData/Roaming/TinyTeX/texmf-dist/tex/latex/base/fix-cm.sty
Package: fix-cm 2020/11/24 v1.1t fixes to LaTeX
(c:/Users/CARLOS/AppData/Roaming/TinyTeX/texmf-dist/tex/latex/base/ts1enc.def
File: ts1enc.def 2001/06/05 v3.0e (jk/car/fm) Standard LaTeX file
LaTeX Font Info:    Redeclaring font encoding TS1 on input line 47.
LaTeX Encoding Info:    Redeclaring text command \capitalcedilla (encoding TS1) on input line 49.
LaTeX Encoding Info:    Redeclaring text command \capitalogonek (encoding TS1) on input line 52.
LaTeX Encoding Info:    Redeclaring text command \capitalgrave (encoding TS1) on input line 55.
LaTeX Encoding Info:    Redeclaring text command \capitalacute (encoding TS1) on input line 56.
LaTeX Encoding Info:    Redeclaring text command \capitalcircumflex (encoding TS1) on input line 57.
LaTeX Encoding Info:    Redeclaring text command \capitaltilde (encoding TS1) on input line 58.
LaTeX Encoding Info:    Redeclaring text command \capitaldieresis (encoding TS1) on input line 59.
LaTeX Encoding Info:    Redeclaring text command \capitalhungarumlaut (encoding TS1) on input line 60.
LaTeX Encoding Info:    Redeclaring text command \capitalring (encoding TS1) on input line 61.
LaTeX Encoding Info:    Redeclaring text command \capitalcaron (encoding TS1) on input line 62.
LaTeX Encoding Info:    Redeclaring text command \capitalbreve (encoding TS1) on input line 63.
LaTeX Encoding Info:    Redeclaring text command \capitalmacron (encoding TS1) on input line 64.
LaTeX Encoding Info:    Redeclaring text command \capitaldotaccent (encoding TS1) on input line 65.
LaTeX Encoding Info:    Redeclaring text command \t (encoding TS1) on input line 66.
LaTeX Encoding Info:    Redeclaring text command \capitaltie (encoding TS1) on input line 67.
LaTeX Encoding Info:    Redeclaring text command \newtie (encoding TS1) on input line 68.
LaTeX Encoding Info:    Redeclaring text command \capitalnewtie (encoding TS1) on input line 69.
LaTeX Encoding Info:    Redeclaring text symbol \textcapitalcompwordmark (encoding TS1) on input line 70.
LaTeX Encoding Info:    Redeclaring text symbol \textascendercompwordmark (encoding TS1) on input line 71.
LaTeX Encoding Info:    Redeclaring text symbol \textquotestraightbase (encoding TS1) on input line 72.
LaTeX Encoding Info:    Redeclaring text symbol \textquotestraightdblbase (encoding TS1) on input line 73.
LaTeX Encoding Info:    Redeclaring text symbol \texttwelveudash (encoding TS1) on input line 74.
LaTeX Encoding Info:    Redeclaring text symbol \textthreequartersemdash (encoding TS1) on input line 75.
LaTeX Encoding Info:    Redeclaring text symbol \textleftarrow (encoding TS1) on input line 76.
LaTeX Encoding Info:    Redeclaring text symbol \textrightarrow (encoding TS1) on input line 77.
LaTeX Encoding Info:    Redeclaring text symbol \textblank (encoding TS1) on input line 78.
LaTeX Encoding Info:    Redeclaring text symbol \textdollar (encoding TS1) on input line 79.
LaTeX Encoding Info:    Redeclaring text symbol \textquotesingle (encoding TS1) on input line 80.
LaTeX Encoding Info:    Redeclaring text command \textasteriskcentered (encoding TS1) on input line 81.
LaTeX Encoding Info:    Redeclaring text symbol \textdblhyphen (encoding TS1) on input line 92.
LaTeX Encoding Info:    Redeclaring text symbol \textfractionsolidus (encoding TS1) on input line 93.
LaTeX Encoding Info:    Redeclaring text symbol \textzerooldstyle (encoding TS1) on input line 94.
LaTeX Encoding Info:    Redeclaring text symbol \textoneoldstyle (encoding TS1) on input line 95.
LaTeX Encoding Info:    Redeclaring text symbol \texttwooldstyle (encoding TS1) on input line 96.
LaTeX Encoding Info:    Redeclaring text symbol \textthreeoldstyle (encoding TS1) on input line 97.
LaTeX Encoding Info:    Redeclaring text symbol \textfouroldstyle (encoding TS1) on input line 98.
LaTeX Encoding Info:    Redeclaring text symbol \textfiveoldstyle (encoding TS1) on input line 99.
LaTeX Encoding Info:    Redeclaring text symbol \textsixoldstyle (encoding TS1) on input line 100.
LaTeX Encoding Info:    Redeclaring text symbol \textsevenoldstyle (encoding TS1) on input line 101.
LaTeX Encoding Info:    Redeclaring text symbol \texteightoldstyle (encoding TS1) on input line 102.
LaTeX Encoding Info:    Redeclaring text symbol \textnineoldstyle (encoding TS1) on input line 103.
LaTeX Encoding Info:    Redeclaring text symbol \textlangle (encoding TS1) on input line 104.
LaTeX Encoding Info:    Redeclaring text symbol \textminus (encoding TS1) on input line 105.
LaTeX Encoding Info:    Redeclaring text symbol \textrangle (encoding TS1) on input line 106.
LaTeX Encoding Info:    Redeclaring text symbol \textmho (encoding TS1) on input line 107.
LaTeX Encoding Info:    Redeclaring text symbol \textbigcircle (encoding TS1) on input line 108.
LaTeX Encoding Info:    Redeclaring text command \textcircled (encoding TS1) on input line 109.
LaTeX Encoding Info:    Redeclaring text symbol \textohm (encoding TS1) on input line 115.
LaTeX Encoding Info:    Redeclaring text symbol \textlbrackdbl (encoding TS1) on input line 116.
LaTeX Encoding Info:    Redeclaring text symbol \textrbrackdbl (encoding TS1) on input line 117.
LaTeX Encoding Info:    Redeclaring text symbol \textuparrow (encoding TS1) on input line 118.
LaTeX Encoding Info:    Redeclaring text symbol \textdownarrow (encoding TS1) on input line 119.
LaTeX Encoding Info:    Redeclaring text symbol \textasciigrave (encoding TS1) on input line 120.
LaTeX Encoding Info:    Redeclaring text symbol \textborn (encoding TS1) on input line 121.
LaTeX Encoding Info:    Redeclaring text symbol \textdivorced (encoding TS1) on input line 122.
LaTeX Encoding Info:    Redeclaring text symbol \textdied (encoding TS1) on input line 123.
LaTeX Encoding Info:    Redeclaring text symbol \textleaf (encoding TS1) on input line 124.
LaTeX Encoding Info:    Redeclaring text symbol \textmarried (encoding TS1) on input line 125.
LaTeX Encoding Info:    Redeclaring text symbol \textmusicalnote (encoding TS1) on input line 126.
LaTeX Encoding Info:    Redeclaring text symbol \texttildelow (encoding TS1) on input line 127.
LaTeX Encoding Info:    Redeclaring text symbol \textdblhyphenchar (encoding TS1) on input line 128.
LaTeX Encoding Info:    Redeclaring text symbol \textasciibreve (encoding TS1) on input line 129.
LaTeX Encoding Info:    Redeclaring text symbol \textasciicaron (encoding TS1) on input line 130.
LaTeX Encoding Info:    Redeclaring text symbol \textacutedbl (encoding TS1) on input line 131.
LaTeX Encoding Info:    Redeclaring text symbol \textgravedbl (encoding TS1) on input line 132.
LaTeX Encoding Info:    Redeclaring text symbol \textdagger (encoding TS1) on input line 133.
LaTeX Encoding Info:    Redeclaring text symbol \textdaggerdbl (encoding TS1) on input line 134.
LaTeX Encoding Info:    Redeclaring text symbol \textbardbl (encoding TS1) on input line 135.
LaTeX Encoding Info:    Redeclaring text symbol \textperthousand (encoding TS1) on input line 136.
LaTeX Encoding Info:    Redeclaring text symbol \textbullet (encoding TS1) on input line 137.
LaTeX Encoding Info:    Redeclaring text symbol \textcelsius (encoding TS1) on input line 138.
LaTeX Encoding Info:    Redeclaring text symbol \textdollaroldstyle (encoding TS1) on input line 139.
LaTeX Encoding Info:    Redeclaring text symbol \textcentoldstyle (encoding TS1) on input line 140.
LaTeX Encoding Info:    Redeclaring text symbol \textflorin (encoding TS1) on input line 141.
LaTeX Encoding Info:    Redeclaring text symbol \textcolonmonetary (encoding TS1) on input line 142.
LaTeX Encoding Info:    Redeclaring text symbol \textwon (encoding TS1) on input line 143.
LaTeX Encoding Info:    Redeclaring text symbol \textnaira (encoding TS1) on input line 144.
LaTeX Encoding Info:    Redeclaring text symbol \textguarani (encoding TS1) on input line 145.
LaTeX Encoding Info:    Redeclaring text symbol \textpeso (encoding TS1) on input line 146.
LaTeX Encoding Info:    Redeclaring text symbol \textlira (encoding TS1) on input line 147.
LaTeX Encoding Info:    Redeclaring text symbol \textrecipe (encoding TS1) on input line 148.
LaTeX Encoding Info:    Redeclaring text symbol \textinterrobang (encoding TS1) on input line 149.
LaTeX Encoding Info:    Redeclaring text symbol \textinterrobangdown (encoding TS1) on input line 150.
LaTeX Encoding Info:    Redeclaring text symbol \textdong (encoding TS1) on input line 151.
LaTeX Encoding Info:    Redeclaring text symbol \texttrademark (encoding TS1) on input line 152.
LaTeX Encoding Info:    Redeclaring text symbol \textpertenthousand (encoding TS1) on input line 153.
LaTeX Encoding Info:    Redeclaring text symbol \textpilcrow (encoding TS1) on input line 154.
LaTeX Encoding Info:    Redeclaring text symbol \textbaht (encoding TS1) on input line 155.
LaTeX Encoding Info:    Redeclaring text symbol \textnumero (encoding TS1) on input line 156.
LaTeX Encoding Info:    Redeclaring text symbol \textdiscount (encoding TS1) on input line 157.
LaTeX Encoding Info:    Redeclaring text symbol \textestimated (encoding TS1) on input line 158.
LaTeX Encoding Info:    Redeclaring text symbol \textopenbullet (encoding TS1) on input line 159.
LaTeX Encoding Info:    Redeclaring text symbol \textservicemark (encoding TS1) on input line 160.
LaTeX Encoding Info:    Redeclaring text symbol \textlquill (encoding TS1) on input line 161.
LaTeX Encoding Info:    Redeclaring text symbol \textrquill (encoding TS1) on input line 162.
LaTeX Encoding Info:    Redeclaring text symbol \textcent (encoding TS1) on input line 163.
LaTeX Encoding Info:    Redeclaring text symbol \textsterling (encoding TS1) on input line 164.
LaTeX Encoding Info:    Redeclaring text symbol \textcurrency (encoding TS1) on input line 165.
LaTeX Encoding Info:    Redeclaring text symbol \textyen (encoding TS1) on input line 166.
LaTeX Encoding Info:    Redeclaring text symbol \textbrokenbar (encoding TS1) on input line 167.
LaTeX Encoding Info:    Redeclaring text symbol \textsection (encoding TS1) on input line 168.
LaTeX Encoding Info:    Redeclaring text symbol \textasciidieresis (encoding TS1) on input line 169.
LaTeX Encoding Info:    Redeclaring text symbol \textcopyright (encoding TS1) on input line 170.
LaTeX Encoding Info:    Redeclaring text symbol \textordfeminine (encoding TS1) on input line 171.
LaTeX Encoding Info:    Redeclaring text symbol \textcopyleft (encoding TS1) on input line 172.
LaTeX Encoding Info:    Redeclaring text symbol \textlnot (encoding TS1) on input line 173.
LaTeX Encoding Info:    Redeclaring text symbol \textcircledP (encoding TS1) on input line 174.
LaTeX Encoding Info:    Redeclaring text symbol \textregistered (encoding TS1) on input line 175.
LaTeX Encoding Info:    Redeclaring text symbol \textasciimacron (encoding TS1) on input line 176.
LaTeX Encoding Info:    Redeclaring text symbol \textdegree (encoding TS1) on input line 177.
LaTeX Encoding Info:    Redeclaring text symbol \textpm (encoding TS1) on input line 178.
LaTeX Encoding Info:    Redeclaring text symbol \texttwosuperior (encoding TS1) on input line 179.
LaTeX Encoding Info:    Redeclaring text symbol \textthreesuperior (encoding TS1) on input line 180.
LaTeX Encoding Info:    Redeclaring text symbol \textasciiacute (encoding TS1) on input line 181.
LaTeX Encoding Info:    Redeclaring text symbol \textmu (encoding TS1) on input line 182.
LaTeX Encoding Info:    Redeclaring text symbol \textparagraph (encoding TS1) on input line 183.
LaTeX Encoding Info:    Redeclaring text symbol \textperiodcentered (encoding TS1) on input line 184.
LaTeX Encoding Info:    Redeclaring text symbol \textreferencemark (encoding TS1) on input line 185.
LaTeX Encoding Info:    Redeclaring text symbol \textonesuperior (encoding TS1) on input line 186.
LaTeX Encoding Info:    Redeclaring text symbol \textordmasculine (encoding TS1) on input line 187.
LaTeX Encoding Info:    Redeclaring text symbol \textsurd (encoding TS1) on input line 188.
LaTeX Encoding Info:    Redeclaring text symbol \textonequarter (encoding TS1) on input line 189.
LaTeX Encoding Info:    Redeclaring text symbol \textonehalf (encoding TS1) on input line 190.
LaTeX Encoding Info:    Redeclaring text symbol \textthreequarters (encoding TS1) on input line 191.
LaTeX Encoding Info:    Redeclaring text symbol \texteuro (encoding TS1) on input line 192.
LaTeX Encoding Info:    Redeclaring text symbol \texttimes (encoding TS1) on input line 193.
LaTeX Encoding Info:    Redeclaring text symbol \textdiv (encoding TS1) on input line 194.
)) (c:/Users/CARLOS/AppData/Roaming/TinyTeX/texmf-dist/tex/lualatex/lualatex-math/lualatex-math.sty
Package: lualatex-math 2022/01/01 v1.12 Patches for mathematics typesetting with LuaLaTeX
(c:/Users/CARLOS/AppData/Roaming/TinyTeX/texmf-dist/tex/latex/etoolbox/etoolbox.sty
Package: etoolbox 2025/10/02 v2.5m e-TeX tools for LaTeX (JAW)
\etb@tempcnta=\count309
)
Lua module: lualatex-math 2013/08/03 v1.3 Patches for mathematics typesetting with LuaLaTeX)
\g__um_fam_int=\count310
\g__um_fonts_used_int=\count311
\l__um_primecount_int=\count312
\g__um_primekern_muskip=\muskip18
(c:/Users/CARLOS/AppData/Roaming/TinyTeX/texmf-dist/tex/latex/unicode-math/unicode-math-table.tex))) (c:/Users/CARLOS/AppData/Roaming/TinyTeX/texmf-dist/tex/latex/lm/lmodern.sty
Package: lmodern 2015/05/01 v1.6.1 Latin Modern Fonts
LaTeX Font Info:    Overwriting symbol font `operators' in version `normal'
(Font)                  OT1/cmr/m/n --> OT1/lmr/m/n on input line 22.
LaTeX Font Info:    Overwriting symbol font `letters' in version `normal'
(Font)                  OML/cmm/m/it --> OML/lmm/m/it on input line 23.
LaTeX Font Info:    Overwriting symbol font `symbols' in version `normal'
(Font)                  OMS/cmsy/m/n --> OMS/lmsy/m/n on input line 24.
LaTeX Font Info:    Overwriting symbol font `largesymbols' in version `normal'
(Font)                  OMX/cmex/m/n --> OMX/lmex/m/n on input line 25.
LaTeX Font Info:    Overwriting symbol font `operators' in version `bold'
(Font)                  OT1/cmr/bx/n --> OT1/lmr/bx/n on input line 26.
LaTeX Font Info:    Overwriting symbol font `letters' in version `bold'
(Font)                  OML/cmm/b/it --> OML/lmm/b/it on input line 27.
LaTeX Font Info:    Overwriting symbol font `symbols' in version `bold'
(Font)                  OMS/cmsy/b/n --> OMS/lmsy/b/n on input line 28.
LaTeX Font Info:    Overwriting symbol font `largesymbols' in version `bold'
(Font)                  OMX/cmex/m/n --> OMX/lmex/m/n on input line 29.
LaTeX Font Info:    Overwriting math alphabet `\mathbf' in version `normal'
(Font)                  OT1/cmr/bx/n --> OT1/lmr/bx/n on input line 31.
LaTeX Font Info:    Overwriting math alphabet `\mathsf' in version `normal'
(Font)                  OT1/cmss/m/n --> OT1/lmss/m/n on input line 32.
LaTeX Font Info:    Overwriting math alphabet `\mathit' in version `normal'
(Font)                  OT1/cmr/m/it --> OT1/lmr/m/it on input line 33.
LaTeX Font Info:    Overwriting math alphabet `\mathtt' in version `normal'
(Font)                  OT1/cmtt/m/n --> OT1/lmtt/m/n on input line 34.
LaTeX Font Info:    Overwriting math alphabet `\mathbf' in version `bold'
(Font)                  OT1/cmr/bx/n --> OT1/lmr/bx/n on input line 35.
LaTeX Font Info:    Overwriting math alphabet `\mathsf' in version `bold'
(Font)                  OT1/cmss/bx/n --> OT1/lmss/bx/n on input line 36.
LaTeX Font Info:    Overwriting math alphabet `\mathit' in version `bold'
(Font)                  OT1/cmr/bx/it --> OT1/lmr/bx/it on input line 37.
LaTeX Font Info:    Overwriting math alphabet `\mathtt' in version `bold'
(Font)                  OT1/cmtt/m/n --> OT1/lmtt/m/n on input line 38.
)
luaotfload | cache : Lookup cache loaded from C:/Users/CARLOS/AppData/Roaming/TinyTeX/texmf-var/luatex-cache/generic/names/luaotfload-lookup-cache.luc.

Package fontspec Info: 
(fontspec)             Times New Roman scale = 0.9636299023440277.


Package fontspec Info: 
(fontspec)             Times New Roman scale = 1.


Package fontspec Info: 
(fontspec)             Times New Roman scale = 0.9636299023440277.


Package fontspec Info: 
(fontspec)             Times New Roman scale = 1.


Package fontspec Info: 
(fontspec)             Times New Roman scale = 0.9636299023440277.


Package fontspec Info: 
(fontspec)             Times New Roman scale = 1.


Package fontspec Info: 
(fontspec)             Times New Roman/B scale = 0.9440481727713549.


Package fontspec Info: 
(fontspec)             Times New Roman/B scale = 1.


Package fontspec Info: 
(fontspec)             Times New Roman/B scale = 0.9440481727713549.


Package fontspec Info: 
(fontspec)             Times New Roman/B scale = 1.


Package fontspec Info: 
(fontspec)             Times New Roman/I scale = 1.001912475428977.


Package fontspec Info: 
(fontspec)             Times New Roman/I scale = 1.


Package fontspec Info: 
(fontspec)             Times New Roman/I scale = 1.001912475428977.


Package fontspec Info: 
(fontspec)             Times New Roman/I scale = 1.


Package fontspec Info: 
(fontspec)             Times New Roman/BI scale = 0.9818519945425632.


Package fontspec Info: 
(fontspec)             Times New Roman/BI scale = 1.


Package fontspec Info: 
(fontspec)             Times New Roman/BI scale = 0.9818519945425632.


Package fontspec Info: 
(fontspec)             Times New Roman/BI scale = 1.


Package fontspec Info: 
(fontspec)             Font family 'TimesNewRoman(0)' created for font 'Times
(fontspec)             New Roman' with options
(fontspec)             [Scale=MatchLowercase,Ligatures=TeX,Scale=1].
(fontspec)              
(fontspec)              This font family consists of the following NFSS
(fontspec)             series/shapes:
(fontspec)              
(fontspec)             - 'normal' (m/n) with NFSS spec.: <->s*[1]"name:Times
(fontspec)             New Roman:mode=node;script=latn;language=dflt;+tlig;"
(fontspec)             - 'small caps'  (m/sc) with NFSS spec.:
(fontspec)             <->s*[1]"name:Times New
(fontspec)             Roman:mode=node;script=latn;language=dflt;+tlig;+smcp;"
(fontspec)             - 'bold' (b/n) with NFSS spec.: <->s*[1]"name:Times New
(fontspec)             Roman/B:mode=node;script=latn;language=dflt;+tlig;"
(fontspec)             - 'bold small caps'  (b/sc) with NFSS spec.:
(fontspec)             <->s*[1]"name:Times New
(fontspec)             Roman/B:mode=node;script=latn;language=dflt;+tlig;+smcp;"
(fontspec)             - 'italic' (m/it) with NFSS spec.: <->s*[1]"name:Times
(fontspec)             New Roman/I:mode=node;script=latn;language=dflt;+tlig;"
(fontspec)             - 'italic small caps'  (m/scit) with NFSS spec.:
(fontspec)             <->s*[1]"name:Times New
(fontspec)             Roman/I:mode=node;script=latn;language=dflt;+tlig;+smcp;"
(fontspec)             - 'bold italic' (b/it) with NFSS spec.:
(fontspec)             <->s*[1]"name:Times New
(fontspec)             Roman/BI:mode=node;script=latn;language=dflt;+tlig;"
(fontspec)             - 'bold italic small caps'  (b/scit) with NFSS spec.:
(fontspec)             <->s*[1]"name:Times New
(fontspec)             Roman/BI:mode=node;script=latn;language=dflt;+tlig;+smcp;"

LaTeX Font Info:    Font shape `TU/TimesNewRoman(0)/m/n' will be
(Font)              scaled to size 12.0pt on input line 30.

Package fontspec Info: 
(fontspec)             Times New Roman scale = 0.9999971570313723.


Package fontspec Info: 
(fontspec)             Times New Roman scale = 0.9999971570313723.


Package fontspec Info: 
(fontspec)             Times New Roman scale = 0.9999971570313723.


Package fontspec Info: 
(fontspec)             Times New Roman/B scale = 0.9796764157853839.


Package fontspec Info: 
(fontspec)             Times New Roman/B scale = 0.9796764157853839.


Package fontspec Info: 
(fontspec)             Times New Roman/I scale = 1.039724508949025.


Package fontspec Info: 
(fontspec)             Times New Roman/I scale = 1.039724508949025.


Package fontspec Info: 
(fontspec)             Times New Roman/BI scale = 1.018906948383191.


Package fontspec Info: 
(fontspec)             Times New Roman/BI scale = 1.018906948383191.


Package fontspec Info: 
(fontspec)             Font family 'TimesNewRoman(1)' created for font 'Times
(fontspec)             New Roman' with options
(fontspec)             [Scale=MatchLowercase,Renderer=Basic].
(fontspec)              
(fontspec)              This font family consists of the following NFSS
(fontspec)             series/shapes:
(fontspec)              
(fontspec)             - 'normal' (m/n) with NFSS spec.:
(fontspec)             <->s*[0.9999971570313723]"name:Times New
(fontspec)             Roman:mode=base;script=latn;language=dflt;"
(fontspec)             - 'small caps'  (m/sc) with NFSS spec.:
(fontspec)             <->s*[0.9999971570313723]"name:Times New
(fontspec)             Roman:mode=base;script=latn;language=dflt;+smcp;"
(fontspec)             - 'bold' (b/n) with NFSS spec.:
(fontspec)             <->s*[0.9796764157853839]"name:Times New
(fontspec)             Roman/B:mode=base;script=latn;language=dflt;"
(fontspec)             - 'bold small caps'  (b/sc) with NFSS spec.:
(fontspec)             <->s*[0.9796764157853839]"name:Times New
(fontspec)             Roman/B:mode=base;script=latn;language=dflt;+smcp;"
(fontspec)             - 'italic' (m/it) with NFSS spec.:
(fontspec)             <->s*[1.039724508949025]"name:Times New
(fontspec)             Roman/I:mode=base;script=latn;language=dflt;"
(fontspec)             - 'italic small caps'  (m/scit) with NFSS spec.:
(fontspec)             <->s*[1.039724508949025]"name:Times New
(fontspec)             Roman/I:mode=base;script=latn;language=dflt;+smcp;"
(fontspec)             - 'bold italic' (b/it) with NFSS spec.:
(fontspec)             <->s*[1.018906948383191]"name:Times New
(fontspec)             Roman/BI:mode=base;script=latn;language=dflt;"
(fontspec)             - 'bold italic small caps'  (b/scit) with NFSS spec.:
(fontspec)             <->s*[1.018906948383191]"name:Times New
(fontspec)             Roman/BI:mode=base;script=latn;language=dflt;+smcp;"

LaTeX Font Info:    Overwriting math alphabet `\mathrm' in version `normal'
(Font)                  OT1/lmr/m/n --> TU/TimesNewRoman(1)/m/n on input line 30.
LaTeX Font Info:    Overwriting math alphabet `\mathit' in version `normal'
(Font)                  OT1/lmr/m/it --> TU/TimesNewRoman(1)/m/it on input line 30.
LaTeX Font Info:    Overwriting math alphabet `\mathbf' in version `normal'
(Font)                  OT1/lmr/bx/n --> TU/TimesNewRoman(1)/b/n on input line 30.
(c:/Users/CARLOS/AppData/Roaming/TinyTeX/texmf-dist/tex/latex/upquote/upquote.sty
Package: upquote 2012/04/19 v1.3 upright-quote and grave-accent glyphs in verbatim
(c:/Users/CARLOS/AppData/Roaming/TinyTeX/texmf-dist/tex/latex/base/textcomp.sty
Package: textcomp 2024/04/24 v2.1b Standard LaTeX package
)) (c:/Users/CARLOS/AppData/Roaming/TinyTeX/texmf-dist/tex/latex/microtype/microtype.sty
Package: microtype 2025/07/09 v3.2b Micro-typographical refinements (RS)
\MT@toks=\toks24
\MT@tempbox=\box57
\MT@count=\count313
LaTeX Info: Redefining \noprotrusionifhmode on input line 1087.
LaTeX Info: Redefining \leftprotrusion on input line 1088.
\MT@prot@toks=\toks25
LaTeX Info: Redefining \rightprotrusion on input line 1107.
LaTeX Info: Redefining \textls on input line 1449.
\MT@outer@kern=\dimen168
LaTeX Info: Redefining \microtypecontext on input line 2053.
LaTeX Info: Redefining \textmicrotypecontext on input line 2070.
\MT@listname@count=\count314
(c:/Users/CARLOS/AppData/Roaming/TinyTeX/texmf-dist/tex/latex/microtype/microtype-luatex.def
File: microtype-luatex.def 2025/07/09 v3.2b Definitions specific to luatex (RS)
Lua module: microtype 2025/07/09 v3.2b microtype module.
Module microtype Info: overwriting function `keepligature' on input line 63
LaTeX Info: Redefining \lsstyle on input line 779.
LaTeX Info: Redefining \lslig on input line 779.
\MT@outer@space=\skip68
)
Package microtype Info: Loading configuration file microtype.cfg.
(c:/Users/CARLOS/AppData/Roaming/TinyTeX/texmf-dist/tex/latex/microtype/microtype.cfg
File: microtype.cfg 2025/07/09 v3.2b microtype main configuration file (RS)
)
LaTeX Info: Redefining \microtypesetup on input line 3065.
) (c:/Users/CARLOS/AppData/Roaming/TinyTeX/texmf-dist/tex/latex/fancyvrb/fancyvrb.sty
Package: fancyvrb 2025/07/28 4.6 verbatim text (tvz,hv)
\FV@CodeLineNo=\count315
\FV@InFile=\read2
\FV@TabBox=\box58
\c@FancyVerbLine=\count316
\FV@StepNumber=\count317
\FV@OutFile=\write3
) (c:/Users/CARLOS/AppData/Roaming/TinyTeX/texmf-dist/tex/latex/framed/framed.sty
Package: framed 2011/10/22 v 0.96: framed or shaded text with page breaks
\OuterFrameSep=\skip69
\fb@frw=\dimen169
\fb@frh=\dimen170
\FrameRule=\dimen171
\FrameSep=\dimen172
) (c:/Users/CARLOS/AppData/Roaming/TinyTeX/texmf-dist/tex/latex/tools/longtable.sty
Package: longtable 2024-12-18 v4.23 Multi-page Table package (DPC)
\LTleft=\skip70
\LTright=\skip71
\LTpre=\skip72
\LTpost=\skip73
\LTchunksize=\count318
\LTcapwidth=\dimen173
\LT@head=\box59
\LT@firsthead=\box60
\LT@foot=\box61
\LT@lastfoot=\box62
\LT@gbox=\box63
\LT@cols=\count319
\LT@rows=\count320
\c@LT@tables=\count321
\c@LT@chunks=\count322
\LT@p@ftn=\toks26
)
Class scrartcl Info: longtable captions redefined on input line 113.
(c:/Users/CARLOS/AppData/Roaming/TinyTeX/texmf-dist/tex/latex/booktabs/booktabs.sty
Package: booktabs 2020/01/12 v1.61803398 Publication quality tables
\heavyrulewidth=\dimen174
\lightrulewidth=\dimen175
\cmidrulewidth=\dimen176
\belowrulesep=\dimen177
\belowbottomsep=\dimen178
\aboverulesep=\dimen179
\abovetopsep=\dimen180
\cmidrulesep=\dimen181
\cmidrulekern=\dimen182
\defaultaddspace=\dimen183
\@cmidla=\count323
\@cmidlb=\count324
\@aboverulesep=\dimen184
\@belowrulesep=\dimen185
\@thisruleclass=\count325
\@lastruleclass=\count326
\@thisrulewidth=\dimen186
) (c:/Users/CARLOS/AppData/Roaming/TinyTeX/texmf-dist/tex/latex/tools/array.sty
Package: array 2025/06/08 v2.6j Tabular extension package (FMi)
\col@sep=\dimen187
\ar@mcellbox=\box64
\extrarowheight=\dimen188
\NC@list=\toks27
\extratabsurround=\skip74
\backup@length=\skip75
\ar@cellbox=\box65
)
\c@none=\count327
(c:/Users/CARLOS/AppData/Roaming/TinyTeX/texmf-dist/tex/latex/tools/calc.sty
Package: calc 2025/03/01 v4.3b Infix arithmetic (KKT,FJ)
\calc@Acount=\count328
\calc@Bcount=\count329
\calc@Adimen=\dimen189
\calc@Bdimen=\dimen190
\calc@Askip=\skip76
\calc@Bskip=\skip77
LaTeX Info: Redefining \setlength on input line 86.
LaTeX Info: Redefining \addtolength on input line 87.
\calc@Ccount=\count330
\calc@Cskip=\skip78
) (c:/Users/CARLOS/AppData/Roaming/TinyTeX/texmf-dist/tex/latex/mdwtools/footnote.sty
Package: footnote 1997/01/28 1.13 Save footnotes around boxes
\fn@notes=\box66
\fn@width=\dimen191
) (c:/Users/CARLOS/AppData/Roaming/TinyTeX/texmf-dist/tex/latex/graphics/graphicx.sty
Package: graphicx 2024/12/31 v1.2e Enhanced LaTeX Graphics (DPC,SPQR)
(c:/Users/CARLOS/AppData/Roaming/TinyTeX/texmf-dist/tex/latex/graphics/graphics.sty
Package: graphics 2024/08/06 v1.4g Standard LaTeX Graphics (DPC,SPQR)
(c:/Users/CARLOS/AppData/Roaming/TinyTeX/texmf-dist/tex/latex/graphics/trig.sty
Package: trig 2023/12/02 v1.11 sin cos tan (DPC)
) (c:/Users/CARLOS/AppData/Roaming/TinyTeX/texmf-dist/tex/latex/graphics-cfg/graphics.cfg
File: graphics.cfg 2016/06/04 v1.11 sample graphics configuration
)
Package graphics Info: Driver file: luatex.def on input line 106.
)
\Gin@req@height=\dimen192
\Gin@req@width=\dimen193
)
\pandoc@box=\box67
\cslhangindent=\skip79
\csllabelwidth=\skip80
(c:/Users/CARLOS/AppData/Roaming/TinyTeX/texmf-dist/tex/latex/tools/indentfirst.sty
Package: indentfirst 2023/07/02 v1.03 Indent first paragraph (DPC)
) (c:/Users/CARLOS/AppData/Roaming/TinyTeX/texmf-dist/tex/latex/setspace/setspace.sty
Package: setspace 2022/12/04 v6.7b set line spacing
) (c:/Users/CARLOS/AppData/Roaming/TinyTeX/texmf-dist/tex/latex/caption/caption.sty
Package: caption 2023/08/05 v3.6o Customizing captions (AR)
(c:/Users/CARLOS/AppData/Roaming/TinyTeX/texmf-dist/tex/latex/caption/caption3.sty
Package: caption3 2023/07/31 v2.4d caption3 kernel (AR)
\caption@tempdima=\dimen194
\captionmargin=\dimen195
\caption@leftmargin=\dimen196
\caption@rightmargin=\dimen197
\caption@width=\dimen198
\caption@indent=\dimen199
\caption@parindent=\dimen256
\caption@hangindent=\dimen257
Package caption Info: Unknown document class (or package),
(caption)             standard defaults will be used.
Package caption Info: \@makecaption = \long macro:#1#2->\@abovecaptionbreak \vskip \abovecaptionskip \@abovecaptionbreak \@@makecaption \@firstofone {#1}{#2}\@belowcaptionbreak \vskip \belowcaptionskip \@belowcaptionbreak  on input line 1175.
)

Package caption Warning: Unknown document class (or package),
(caption)                standard defaults will be used.
See the caption package documentation for explanation.

\c@caption@flags=\count331
\c@continuedfloat=\count332
Package caption Info: longtable package is loaded.
(c:/Users/CARLOS/AppData/Roaming/TinyTeX/texmf-dist/tex/latex/caption/ltcaption.sty
Package: ltcaption 2021/01/08 v1.4c longtable captions (AR)
)) (c:/Users/CARLOS/AppData/Roaming/TinyTeX/texmf-dist/tex/latex/float/float.sty
Package: float 2001/11/08 v1.3d Float enhancements (AL)
\c@float@type=\count333
\float@exts=\toks28
\float@box=\box68
\@float@everytoks=\toks29
\@floatcapt=\box69
)
\@float@every@codelisting=\toks30
\c@codelisting=\count334
(c:/Users/CARLOS/AppData/Roaming/TinyTeX/texmf-dist/tex/latex/caption/subcaption.sty
Package: subcaption 2023/07/28 v1.6b Sub-captions (AR)
Package caption Info: New subtype `subfigure' on input line 238.
\c@subfigure=\count335
Package caption Info: New subtype `subtable' on input line 238.
\c@subtable=\count336
) (c:/Users/CARLOS/AppData/Roaming/TinyTeX/texmf-dist/tex/latex/bookmark/bookmark.sty
Package: bookmark 2023-12-10 v1.31 PDF bookmarks (HO)
(c:/Users/CARLOS/AppData/Roaming/TinyTeX/texmf-dist/tex/latex/hyperref/hyperref.sty
Package: hyperref 2025-07-12 v7.01o Hypertext links for LaTeX
(c:/Users/CARLOS/AppData/Roaming/TinyTeX/texmf-dist/tex/latex/kvsetkeys/kvsetkeys.sty
Package: kvsetkeys 2022-10-05 v1.19 Key value parser (HO)
) (c:/Users/CARLOS/AppData/Roaming/TinyTeX/texmf-dist/tex/generic/kvdefinekeys/kvdefinekeys.sty
Package: kvdefinekeys 2019-12-19 v1.6 Define keys (HO)
) (c:/Users/CARLOS/AppData/Roaming/TinyTeX/texmf-dist/tex/generic/pdfescape/pdfescape.sty
Package: pdfescape 2019/12/09 v1.15 Implements pdfTeX's escape features (HO)
(c:/Users/CARLOS/AppData/Roaming/TinyTeX/texmf-dist/tex/generic/ltxcmds/ltxcmds.sty
Package: ltxcmds 2023-12-04 v1.26 LaTeX kernel commands for general use (HO)
) (c:/Users/CARLOS/AppData/Roaming/TinyTeX/texmf-dist/tex/generic/pdftexcmds/pdftexcmds.sty
Package: pdftexcmds 2020-06-27 v0.33 Utility functions of pdfTeX for LuaTeX (HO)
(c:/Users/CARLOS/AppData/Roaming/TinyTeX/texmf-dist/tex/generic/infwarerr/infwarerr.sty
Package: infwarerr 2019/12/03 v1.5 Providing info/warning/error messages (HO)
)
Package pdftexcmds Info: \pdf@primitive is available.
Package pdftexcmds Info: \pdf@ifprimitive is available.
Package pdftexcmds Info: \pdfdraftmode found.
\pdftexcmds@toks=\toks31
)) (c:/Users/CARLOS/AppData/Roaming/TinyTeX/texmf-dist/tex/latex/hycolor/hycolor.sty
Package: hycolor 2020-01-27 v1.10 Color options for hyperref/bookmark (HO)
) (c:/Users/CARLOS/AppData/Roaming/TinyTeX/texmf-dist/tex/latex/hyperref/nameref.sty
Package: nameref 2025-06-21 v2.57 Cross-referencing by name of section
(c:/Users/CARLOS/AppData/Roaming/TinyTeX/texmf-dist/tex/latex/refcount/refcount.sty
Package: refcount 2019/12/15 v3.6 Data extraction from label references (HO)
) (c:/Users/CARLOS/AppData/Roaming/TinyTeX/texmf-dist/tex/generic/gettitlestring/gettitlestring.sty
Package: gettitlestring 2019/12/15 v1.6 Cleanup title references (HO)
(c:/Users/CARLOS/AppData/Roaming/TinyTeX/texmf-dist/tex/latex/kvoptions/kvoptions.sty
Package: kvoptions 2022-06-15 v3.15 Key value format for package options (HO)
))
\c@section@level=\count337
) (c:/Users/CARLOS/AppData/Roaming/TinyTeX/texmf-dist/tex/generic/stringenc/stringenc.sty
Package: stringenc 2019/11/29 v1.12 Convert strings between diff. encodings (HO)
)
\@linkdim=\dimen258
\Hy@linkcounter=\count338
\Hy@pagecounter=\count339
(c:/Users/CARLOS/AppData/Roaming/TinyTeX/texmf-dist/tex/latex/hyperref/pd1enc.def
File: pd1enc.def 2025-07-12 v7.01o Hyperref: PDFDocEncoding definition (HO)
) (c:/Users/CARLOS/AppData/Roaming/TinyTeX/texmf-dist/tex/generic/intcalc/intcalc.sty
Package: intcalc 2019/12/15 v1.3 Expandable calculations with integers (HO)
)
\Hy@SavedSpaceFactor=\count340
(c:/Users/CARLOS/AppData/Roaming/TinyTeX/texmf-dist/tex/latex/hyperref/puenc.def
File: puenc.def 2025-07-12 v7.01o Hyperref: PDF Unicode definition (HO)
)
Package hyperref Info: Option `unicode' set `true' on input line 4066.
Package hyperref Info: Hyper figures OFF on input line 4195.
Package hyperref Info: Link nesting OFF on input line 4200.
Package hyperref Info: Hyper index ON on input line 4203.
Package hyperref Info: Plain pages OFF on input line 4210.
Package hyperref Info: Backreferencing OFF on input line 4215.
Package hyperref Info: Implicit mode ON; LaTeX internals redefined.
Package hyperref Info: Bookmarks ON on input line 4462.
\c@Hy@tempcnt=\count341
(c:/Users/CARLOS/AppData/Roaming/TinyTeX/texmf-dist/tex/latex/url/url.sty
\Urlmuskip=\muskip19
Package: url 2013/09/16  ver 3.4  Verb mode for urls, etc.
)
LaTeX Info: Redefining \url on input line 4801.
\XeTeXLinkMargin=\dimen259
(c:/Users/CARLOS/AppData/Roaming/TinyTeX/texmf-dist/tex/generic/bitset/bitset.sty
Package: bitset 2019/12/09 v1.3 Handle bit-vector datatype (HO)
(c:/Users/CARLOS/AppData/Roaming/TinyTeX/texmf-dist/tex/generic/bigintcalc/bigintcalc.sty
Package: bigintcalc 2019/12/15 v1.5 Expandable calculations on big integers (HO)
))
\Fld@menulength=\count342
\Field@Width=\dimen260
\Fld@charsize=\dimen261
Package hyperref Info: Hyper figures OFF on input line 6078.
Package hyperref Info: Link nesting OFF on input line 6083.
Package hyperref Info: Hyper index ON on input line 6086.
Package hyperref Info: backreferencing OFF on input line 6093.
Package hyperref Info: Link coloring OFF on input line 6098.
Package hyperref Info: Link coloring with OCG OFF on input line 6103.
Package hyperref Info: PDF/A mode OFF on input line 6108.
\Hy@abspage=\count343
\c@Item=\count344
\c@Hfootnote=\count345
)
Package hyperref Info: Driver (autodetected): hluatex.
(c:/Users/CARLOS/AppData/Roaming/TinyTeX/texmf-dist/tex/latex/hyperref/hluatex.def
File: hluatex.def 2025-07-12 v7.01o Hyperref driver for luaTeX
\Fld@listcount=\count346
\c@bookmark@seq@number=\count347
(c:/Users/CARLOS/AppData/Roaming/TinyTeX/texmf-dist/tex/latex/rerunfilecheck/rerunfilecheck.sty
Package: rerunfilecheck 2025-06-21 v1.11 Rerun checks for auxiliary files (HO)
(c:/Users/CARLOS/AppData/Roaming/TinyTeX/texmf-dist/tex/generic/uniquecounter/uniquecounter.sty
Package: uniquecounter 2019/12/15 v1.4 Provide unlimited unique counter (HO)
)
Package uniquecounter Info: New unique counter `rerunfilecheck' on input line 284.
)
\Hy@SectionHShift=\skip81
) (c:/Users/CARLOS/AppData/Roaming/TinyTeX/texmf-dist/tex/latex/bookmark/bkm-pdftex.def
File: bkm-pdftex.def 2023-12-10 v1.31 bookmark driver for pdfTeX and luaTeX (HO)
\BKM@id=\count348
))
Package hyperref Info: Option `colorlinks' set `true' on input line 247.
No file reporte_tecnico.aux.

\openout1 = reporte_tecnico.aux
LaTeX Font Info:    Checking defaults for OML/cmm/m/it on input line 260.
LaTeX Font Info:    ... okay on input line 260.
LaTeX Font Info:    Checking defaults for OMS/cmsy/m/n on input line 260.
LaTeX Font Info:    ... okay on input line 260.
LaTeX Font Info:    Checking defaults for OT1/cmr/m/n on input line 260.
LaTeX Font Info:    ... okay on input line 260.
LaTeX Font Info:    Checking defaults for T1/cmr/m/n on input line 260.
LaTeX Font Info:    ... okay on input line 260.
LaTeX Font Info:    Checking defaults for TS1/cmr/m/n on input line 260.
LaTeX Font Info:    ... okay on input line 260.
LaTeX Font Info:    Checking defaults for TU/lmr/m/n on input line 260.
LaTeX Font Info:    ... okay on input line 260.
LaTeX Font Info:    Checking defaults for OMX/cmex/m/n on input line 260.
LaTeX Font Info:    ... okay on input line 260.
LaTeX Font Info:    Checking defaults for U/cmr/m/n on input line 260.
LaTeX Font Info:    ... okay on input line 260.
LaTeX Font Info:    Checking defaults for PD1/pdf/m/n on input line 260.
LaTeX Font Info:    ... okay on input line 260.
LaTeX Font Info:    Checking defaults for PU/pdf/m/n on input line 260.
LaTeX Font Info:    ... okay on input line 260.
Package scrbase Info: activating english \abstractname on input line 260.
Package scrbase Info: activating english \partname on input line 260.
Package scrbase Info: activating english \figurename on input line 260.
Package scrbase Info: activating english \tablename on input line 260.
Package scrbase Info: activating english \contentsname on input line 260.
Package scrbase Info: activating english \listfigurename on input line 260.
Package scrbase Info: activating english \listtablename on input line 260.
Package scrbase Info: activating english \refname on input line 260.
Package scrbase Info: activating english \indexname on input line 260.
(c:/Users/CARLOS/AppData/Roaming/TinyTeX/texmf-dist/tex/latex/epstopdf-pkg/epstopdf-base.sty
Package: epstopdf-base 2020-01-24 v2.11 Base part for package epstopdf
Package epstopdf-base Info: Redefining graphics rule for `.eps' on input line 485.
(c:/Users/CARLOS/AppData/Roaming/TinyTeX/texmf-dist/tex/latex/latexconfig/epstopdf-sys.cfg
File: epstopdf-sys.cfg 2010/07/13 v1.3 Configuration of (r)epstopdf for TeX Live
))
*geometry* driver: auto-detecting
*geometry* detected driver: luatex
*geometry* verbose mode - [ preamble ] result:
* driver: luatex
* paper: letterpaper
* layout: <same size as paper>
* layoutoffset:(h,v)=(0.0pt,0.0pt)
* modes: 
* h-part:(L,W,R)=(72.2698pt, 469.75539pt, 72.2698pt)
* v-part:(T,H,B)=(72.2698pt, 650.43037pt, 72.2698pt)
* \paperwidth=614.295pt
* \paperheight=794.96999pt
* \textwidth=469.75539pt
* \textheight=650.43037pt
* \oddsidemargin=-0.00018pt
* \evensidemargin=-0.00018pt
* \topmargin=-39.87518pt
* \headheight=18.125pt
* \headsep=21.75pt
* \topskip=12.0pt
* \footskip=50.75pt
* \marginparwidth=55.84499pt
* \marginparsep=12.8401pt
* \columnsep=10.0pt
* \skip\footins=10.8pt plus 4.0pt minus 2.0pt
* \hoffset=0.0pt
* \voffset=0.0pt
* \mag=1000
* \@twocolumnfalse
* \@twosidefalse
* \@mparswitchfalse
* \@reversemarginfalse
* (1in=72.27pt=25.4mm, 1cm=28.453pt)

LaTeX Font Info:    Overwriting math alphabet `\mathsf' in version `normal'
(Font)                  OT1/lmss/m/n --> TU/lmss/m/n on input line 260.
LaTeX Font Info:    Overwriting math alphabet `\mathsf' in version `bold'
(Font)                  OT1/lmss/bx/n --> TU/lmss/b/n on input line 260.
LaTeX Font Info:    Overwriting math alphabet `\mathtt' in version `normal'
(Font)                  OT1/lmtt/m/n --> TU/lmtt/m/n on input line 260.
LaTeX Font Info:    Overwriting math alphabet `\mathtt' in version `bold'
(Font)                  OT1/lmtt/m/n --> TU/lmtt/b/n on input line 260.

Package fontspec Info: 
(fontspec)             latinmodern-math scale = 1.037736795366909.


Package fontspec Info: 
(fontspec)             latinmodern-math scale = 1.037736795366909.


Package fontspec Info: 
(fontspec)             latinmodern-math scale = 1.037736795366909.


Package fontspec Info: 
(fontspec)             Font family 'latinmodern-math.otf(0)' created for font
(fontspec)             'latinmodern-math.otf' with options
(fontspec)             [Scale=MatchLowercase,Renderer=Basic,BoldItalicFont={},ItalicFont={},SmallCapsFont={},Script=Math,RawFeature={mathfontdimen=xetex},BoldFont={latinmodern-math.otf}].
(fontspec)              
(fontspec)              This font family consists of the following NFSS
(fontspec)             series/shapes:
(fontspec)              
(fontspec)             - 'normal' (m/n) with NFSS spec.:
(fontspec)             <->s*[1.037736795366909]"[latinmodern-math.otf]:mode=base;script=math;language=dflt;mathfontdimen=xetex;"
(fontspec)             - 'bold' (b/n) with NFSS spec.:
(fontspec)             <->s*[1.037736795366909]"[latinmodern-math.otf]:mode=base;script=math;language=dflt;mathfontdimen=xetex;"

LaTeX Font Info:    Font shape `TU/latinmodern-math.otf(0)/m/n' will be
(Font)              scaled to size 12.45282pt on input line 260.

Package fontspec Info: 
(fontspec)             latinmodern-math scale = 1.037736795366909.


Package fontspec Info: 
(fontspec)             latinmodern-math scale = 1.037736795366909.


Package fontspec Info: 
(fontspec)             latinmodern-math scale = 1.037736795366909.


Package fontspec Info: 
(fontspec)             latinmodern-math scale = 1.037736795366909.


Package fontspec Info: 
(fontspec)             latinmodern-math scale = 1.037736795366909.


Package fontspec Info: 
(fontspec)             Font family 'latinmodern-math.otf(1)' created for font
(fontspec)             'latinmodern-math.otf' with options
(fontspec)             [Scale=MatchLowercase,Renderer=Basic,BoldItalicFont={},ItalicFont={},SmallCapsFont={},Script=Math,SizeFeatures={{Size=10.2-},{Size=7.2-10.2,Font=latinmodern-math.otf,Style=MathScript},{Size=-7.2,Font=latinmodern-math.otf,Style=MathScriptScript}},RawFeature={mathfontdimen=xetex},BoldFont={latinmodern-math.otf}].
(fontspec)              
(fontspec)              This font family consists of the following NFSS
(fontspec)             series/shapes:
(fontspec)              
(fontspec)             - 'normal' (m/n) with NFSS spec.:
(fontspec)             <10.2->s*[1.037736795366909]"[latinmodern-math.otf]:mode=base;script=math;language=dflt;mathfontdimen=xetex;"<7.2-10.2>s*[1.037736795366909]"[latinmodern-math.otf]:mode=base;script=math;language=dflt;mathfontdimen=xetex;+ssty=0;"<-7.2>s*[1.037736795366909]"[latinmodern-math.otf]:mode=base;script=math;language=dflt;mathfontdimen=xetex;+ssty=1;"
(fontspec)             - 'bold' (b/n) with NFSS spec.:
(fontspec)             <->s*[1.037736795366909]"[latinmodern-math.otf]:mode=base;script=math;language=dflt;mathfontdimen=xetex;"

LaTeX Font Info:    Font shape `TU/latinmodern-math.otf(1)/m/n' will be
(Font)              scaled to size 12.45282pt on input line 260.
LaTeX Font Info:    Encoding `OT1' has changed to `TU' for symbol font
(Font)              `operators' in the math version `normal' on input line 260.
LaTeX Font Info:    Overwriting symbol font `operators' in version `normal'
(Font)                  OT1/lmr/m/n --> TU/latinmodern-math.otf(1)/m/n on input line 260.
LaTeX Font Info:    Encoding `OT1' has changed to `TU' for symbol font
(Font)              `operators' in the math version `bold' on input line 260.
LaTeX Font Info:    Overwriting symbol font `operators' in version `bold'
(Font)                  OT1/lmr/bx/n --> TU/latinmodern-math.otf(1)/b/n on input line 260.

Package fontspec Info: 
(fontspec)             latinmodern-math scale = 1.037736795366909.


Package fontspec Info: 
(fontspec)             latinmodern-math scale = 1.037736795366909.


Package fontspec Info: 
(fontspec)             latinmodern-math scale = 1.037736795366909.


Package fontspec Info: 
(fontspec)             latinmodern-math scale = 1.037736795366909.


Package fontspec Info: 
(fontspec)             latinmodern-math scale = 1.037736795366909.


Package fontspec Info: 
(fontspec)             Font family 'latinmodern-math.otf(2)' created for font
(fontspec)             'latinmodern-math.otf' with options
(fontspec)             [Scale=MatchLowercase,Renderer=Basic,BoldItalicFont={},ItalicFont={},SmallCapsFont={},Script=Math,SizeFeatures={{Size=10.2-},{Size=7.2-10.2,Font=latinmodern-math.otf,Style=MathScript},{Size=-7.2,Font=latinmodern-math.otf,Style=MathScriptScript}},RawFeature={mathfontdimen=xetex},BoldFont={latinmodern-math.otf},RawFeature={mathfontdimen=tex2}].
(fontspec)              
(fontspec)              This font family consists of the following NFSS
(fontspec)             series/shapes:
(fontspec)              
(fontspec)             - 'normal' (m/n) with NFSS spec.:
(fontspec)             <10.2->s*[1.037736795366909]"[latinmodern-math.otf]:mode=base;script=math;language=dflt;mathfontdimen=xetex;mathfontdimen=tex2;"<7.2-10.2>s*[1.037736795366909]"[latinmodern-math.otf]:mode=base;script=math;language=dflt;mathfontdimen=xetex;mathfontdimen=tex2;+ssty=0;"<-7.2>s*[1.037736795366909]"[latinmodern-math.otf]:mode=base;script=math;language=dflt;mathfontdimen=xetex;mathfontdimen=tex2;+ssty=1;"
(fontspec)             - 'bold' (b/n) with NFSS spec.:
(fontspec)             <->s*[1.037736795366909]"[latinmodern-math.otf]:mode=base;script=math;language=dflt;mathfontdimen=xetex;mathfontdimen=tex2;"

LaTeX Font Info:    Encoding `OMS' has changed to `TU' for symbol font
(Font)              `symbols' in the math version `normal' on input line 260.
LaTeX Font Info:    Overwriting symbol font `symbols' in version `normal'
(Font)                  OMS/lmsy/m/n --> TU/latinmodern-math.otf(2)/m/n on input line 260.
LaTeX Font Info:    Encoding `OMS' has changed to `TU' for symbol font
(Font)              `symbols' in the math version `bold' on input line 260.
LaTeX Font Info:    Overwriting symbol font `symbols' in version `bold'
(Font)                  OMS/lmsy/b/n --> TU/latinmodern-math.otf(2)/b/n on input line 260.

Package fontspec Info: 
(fontspec)             latinmodern-math scale = 1.037736795366909.


Package fontspec Info: 
(fontspec)             latinmodern-math scale = 1.037736795366909.


Package fontspec Info: 
(fontspec)             latinmodern-math scale = 1.037736795366909.


Package fontspec Info: 
(fontspec)             latinmodern-math scale = 1.037736795366909.


Package fontspec Info: 
(fontspec)             latinmodern-math scale = 1.037736795366909.


Package fontspec Info: 
(fontspec)             Font family 'latinmodern-math.otf(3)' created for font
(fontspec)             'latinmodern-math.otf' with options
(fontspec)             [Scale=MatchLowercase,Renderer=Basic,BoldItalicFont={},ItalicFont={},SmallCapsFont={},Script=Math,SizeFeatures={{Size=10.2-},{Size=7.2-10.2,Font=latinmodern-math.otf,Style=MathScript},{Size=-7.2,Font=latinmodern-math.otf,Style=MathScriptScript}},RawFeature={mathfontdimen=xetex},BoldFont={latinmodern-math.otf},RawFeature={mathfontdimen=tex3}].
(fontspec)              
(fontspec)              This font family consists of the following NFSS
(fontspec)             series/shapes:
(fontspec)              
(fontspec)             - 'normal' (m/n) with NFSS spec.:
(fontspec)             <10.2->s*[1.037736795366909]"[latinmodern-math.otf]:mode=base;script=math;language=dflt;mathfontdimen=xetex;mathfontdimen=tex3;"<7.2-10.2>s*[1.037736795366909]"[latinmodern-math.otf]:mode=base;script=math;language=dflt;mathfontdimen=xetex;mathfontdimen=tex3;+ssty=0;"<-7.2>s*[1.037736795366909]"[latinmodern-math.otf]:mode=base;script=math;language=dflt;mathfontdimen=xetex;mathfontdimen=tex3;+ssty=1;"
(fontspec)             - 'bold' (b/n) with NFSS spec.:
(fontspec)             <->s*[1.037736795366909]"[latinmodern-math.otf]:mode=base;script=math;language=dflt;mathfontdimen=xetex;mathfontdimen=tex3;"

LaTeX Font Info:    Encoding `OMX' has changed to `TU' for symbol font
(Font)              `largesymbols' in the math version `normal' on input line 260.
LaTeX Font Info:    Overwriting symbol font `largesymbols' in version `normal'
(Font)                  OMX/lmex/m/n --> TU/latinmodern-math.otf(3)/m/n on input line 260.
LaTeX Font Info:    Encoding `OMX' has changed to `TU' for symbol font
(Font)              `largesymbols' in the math version `bold' on input line 260.
LaTeX Font Info:    Overwriting symbol font `largesymbols' in version `bold'
(Font)                  OMX/lmex/m/n --> TU/latinmodern-math.otf(3)/b/n on input line 260.
LaTeX Font Info:    Font shape `TU/latinmodern-math.otf(1)/m/n' will be
(Font)              scaled to size 8.71696pt on input line 260.
LaTeX Font Info:    Font shape `TU/latinmodern-math.otf(1)/m/n' will be
(Font)              scaled to size 6.22641pt on input line 260.
LaTeX Font Info:    Trying to load font information for OML+lmm on input line 260.
(c:/Users/CARLOS/AppData/Roaming/TinyTeX/texmf-dist/tex/latex/lm/omllmm.fd
File: omllmm.fd 2015/05/01 v1.6.1 Font defs for Latin Modern
)
LaTeX Font Info:    Font shape `TU/latinmodern-math.otf(2)/m/n' will be
(Font)              scaled to size 12.45282pt on input line 260.
LaTeX Font Info:    Font shape `TU/latinmodern-math.otf(2)/m/n' will be
(Font)              scaled to size 8.71696pt on input line 260.
LaTeX Font Info:    Font shape `TU/latinmodern-math.otf(2)/m/n' will be
(Font)              scaled to size 6.22641pt on input line 260.
LaTeX Font Info:    Font shape `TU/latinmodern-math.otf(3)/m/n' will be
(Font)              scaled to size 12.45282pt on input line 260.
LaTeX Font Info:    Font shape `TU/latinmodern-math.otf(3)/m/n' will be
(Font)              scaled to size 8.71696pt on input line 260.
LaTeX Font Info:    Font shape `TU/latinmodern-math.otf(3)/m/n' will be
(Font)              scaled to size 6.22641pt on input line 260.
LaTeX Font Info:    Trying to load font information for U+msa on input line 260.
(c:/Users/CARLOS/AppData/Roaming/TinyTeX/texmf-dist/tex/latex/amsfonts/umsa.fd
File: umsa.fd 2013/01/14 v3.01 AMS symbols A
)
LaTeX Font Info:    Trying to load font information for U+msb on input line 260.
(c:/Users/CARLOS/AppData/Roaming/TinyTeX/texmf-dist/tex/latex/amsfonts/umsb.fd
File: umsb.fd 2013/01/14 v3.01 AMS symbols B
)
LaTeX Info: Redefining \microtypecontext on input line 260.
Package microtype Info: Applying patch `item' on input line 260.
Package microtype Info: Applying patch `toc' on input line 260.
Package microtype Info: Applying patch `eqnum' on input line 260.
Package microtype Info: Applying patch `footnote' on input line 260.
Package microtype Info: Applying patch `verbatim' on input line 260.
LaTeX Info: Redefining \microtypesetup on input line 260.
Package microtype Info: Generating PDF output.
Package microtype Info: Character protrusion enabled (level 2).
Package microtype Info: Using protrusion set `basicmath'.
Package microtype Info: Automatic font expansion enabled (level 2),
(microtype)             stretch: 20, shrink: 20, step: 1, non-selected.
Package microtype Info: Using default expansion set `alltext-nott'.
Package microtype Info: Patching command `\showhyphens'.
Package microtype Info: No adjustment of tracking.
Package microtype Info: No adjustment of spacing.
Package microtype Info: No adjustment of kerning.
Package microtype Info: Loading generic protrusion settings for font family
(microtype)             `TimesNewRoman' (encoding: TU).
(microtype)             For optimal results, create family-specific settings.
(microtype)             See the microtype manual for details.
Package caption Info: Begin \AtBeginDocument code.
Package caption Info: float package is loaded.
Package caption Info: hyperref package is loaded.
Package caption Info: End \AtBeginDocument code.
Package hyperref Info: Link coloring ON on input line 260.
Package microtype Info: Loading generic protrusion settings for font family
(microtype)             `lmss' (encoding: TU).
(microtype)             For optimal results, create family-specific settings.
(microtype)             See the microtype manual for details.
LaTeX Font Info:    Font shape `TU/TimesNewRoman(0)/m/n' will be
(Font)              scaled to size 17.28pt on input line 262.
LaTeX Font Info:    Font shape `TU/latinmodern-math.otf(1)/m/n' will be
(Font)              scaled to size 17.93205pt on input line 262.
LaTeX Font Info:    Font shape `TU/latinmodern-math.otf(1)/m/n' will be
(Font)              scaled to size 10.37735pt on input line 262.
LaTeX Font Info:    Font shape `TU/latinmodern-math.otf(2)/m/n' will be
(Font)              scaled to size 17.93205pt on input line 262.
LaTeX Font Info:    Font shape `TU/latinmodern-math.otf(2)/m/n' will be
(Font)              scaled to size 10.37735pt on input line 262.
LaTeX Font Info:    Font shape `TU/latinmodern-math.otf(3)/m/n' will be
(Font)              scaled to size 17.93205pt on input line 262.
LaTeX Font Info:    Font shape `TU/latinmodern-math.otf(3)/m/n' will be
(Font)              scaled to size 10.37735pt on input line 262.
(c:/Users/CARLOS/AppData/Roaming/TinyTeX/texmf-dist/tex/latex/microtype/mt-msa.cfg
File: mt-msa.cfg 2006/02/04 v1.1 microtype config. file: AMS symbols (a) (RS)
) (c:/Users/CARLOS/AppData/Roaming/TinyTeX/texmf-dist/tex/latex/microtype/mt-msb.cfg
File: mt-msb.cfg 2005/06/01 v1.0 microtype config. file: AMS symbols (b) (RS)
)
Package tocbasic Info: character protrusion at toc deactivated on input line 266.
No file reporte_tecnico.toc.
\tf@toc=\write4

\openout4 = reporte_tecnico.toc
LaTeX Font Info:    Font shape `TU/TimesNewRoman(0)/b/n' will be
(Font)              scaled to size 12.0pt on input line 279.


[1


{c:/Users/CARLOS/AppData/Roaming/TinyTeX/texmf-var/fonts/map/pdftex/updmap/pdftex.map}]

[2]

[3]
LaTeX Font Info:    Font shape `TU/TimesNewRoman(1)/b/n' will be
(Font)              scaled to size 11.7561pt on input line 362.
LaTeX Font Info:    Font shape `TU/TimesNewRoman(1)/b/n' will be
(Font)              scaled to size 8.22926pt on input line 362.
LaTeX Font Info:    Font shape `TU/TimesNewRoman(1)/b/n' will be
(Font)              scaled to size 5.87805pt on input line 362.
LaTeX Font Info:    Font shape `TU/TimesNewRoman(1)/m/n' will be
(Font)              scaled to size 12.0pt on input line 362.
LaTeX Font Info:    Font shape `TU/TimesNewRoman(1)/m/n' will be
(Font)              scaled to size 8.4pt on input line 362.
LaTeX Font Info:    Font shape `TU/TimesNewRoman(1)/m/n' will be
(Font)              scaled to size 6.0pt on input line 362.


[4]
Underfull \hbox (badness 5302) in paragraph at lines 429--431
[]\TU/TimesNewRoman(0)/m/n/12 Sus mín-i-mos glob-ales se en-cuen-tran aprox-i-mada-mente en $\TU/latinmodern-math.otf(1)/m/n/12 (0.0898, −0.7126)$ \TU/TimesNewRoman(0)/m/n/12 y
 []



[5]

[6]

[7]
<assets/numerica/gradientes/images/rosenbrock/rosenbrock_mapa_calor_y_superficie.png, id=62, 972.39285pt x 425.30894pt>
File: assets/numerica/gradientes/images/rosenbrock/rosenbrock_mapa_calor_y_superficie.png Graphic file (type png)
<use assets/numerica/gradientes/images/rosenbrock/rosenbrock_mapa_calor_y_superficie.png>
Package luatex.def Info: assets/numerica/gradientes/images/rosenbrock/rosenbrock_mapa_calor_y_superficie.png  used on input line 522.
(luatex.def)             Requested size: 972.39047pt x 425.3079pt.

Overfull \hbox (48.13501pt too wide) in paragraph at lines 522--523
[][] 
 []

<assets/numerica/gradientes/images/rastrigin/rastrigin_mapa_calor_y_superficie.png, id=63, 955.77075pt x 425.30894pt>
File: assets/numerica/gradientes/images/rastrigin/rastrigin_mapa_calor_y_superficie.png Graphic file (type png)
<use assets/numerica/gradientes/images/rastrigin/rastrigin_mapa_calor_y_superficie.png>
Package luatex.def Info: assets/numerica/gradientes/images/rastrigin/rastrigin_mapa_calor_y_superficie.png  used on input line 546.
(luatex.def)             Requested size: 955.76843pt x 425.3079pt.

Overfull \hbox (48.14072pt too wide) in paragraph at lines 546--547
[][] 
 []



[8<./assets/numerica/gradientes/images/rosenbrock/rosenbrock_mapa_calor_y_superficie.png>]
<assets/numerica/gradientes/images/schwefel/schwefel_mapa_calor_y_superficie.png, id=72, 964.44315pt x 425.30894pt>
File: assets/numerica/gradientes/images/schwefel/schwefel_mapa_calor_y_superficie.png Graphic file (type png)
<use assets/numerica/gradientes/images/schwefel/schwefel_mapa_calor_y_superficie.png>
Package luatex.def Info: assets/numerica/gradientes/images/schwefel/schwefel_mapa_calor_y_superficie.png  used on input line 570.
(luatex.def)             Requested size: 964.4408pt x 425.3079pt.

Overfull \hbox (48.1355pt too wide) in paragraph at lines 570--571
[][] 
 []



[9<./assets/numerica/gradientes/images/rastrigin/rastrigin_mapa_calor_y_superficie.png><./assets/numerica/gradientes/images/schwefel/schwefel_mapa_calor_y_superficie.png>]
<assets/numerica/gradientes/images/griewank/griewank_mapa_calor_y_superficie.png, id=81, 965.5272pt x 425.30894pt>
File: assets/numerica/gradientes/images/griewank/griewank_mapa_calor_y_superficie.png Graphic file (type png)
<use assets/numerica/gradientes/images/griewank/griewank_mapa_calor_y_superficie.png>
Package luatex.def Info: assets/numerica/gradientes/images/griewank/griewank_mapa_calor_y_superficie.png  used on input line 594.
(luatex.def)             Requested size: 965.52484pt x 425.3079pt.

Overfull \hbox (48.13313pt too wide) in paragraph at lines 594--595
[][] 
 []

<assets/numerica/gradientes/images/goldstein_price/goldstein_price_mapa_calor_y_superficie.png, id=82, 958.3002pt x 425.30894pt>
File: assets/numerica/gradientes/images/goldstein_price/goldstein_price_mapa_calor_y_superficie.png Graphic file (type png)
<use assets/numerica/gradientes/images/goldstein_price/goldstein_price_mapa_calor_y_superficie.png>
Package luatex.def Info: assets/numerica/gradientes/images/goldstein_price/goldstein_price_mapa_calor_y_superficie.png  used on input line 613.
(luatex.def)             Requested size: 958.29787pt x 425.3079pt.

Overfull \hbox (48.14104pt too wide) in paragraph at lines 613--614
[][] 
 []



[10<./assets/numerica/gradientes/images/griewank/griewank_mapa_calor_y_superficie.png>]
<assets/numerica/gradientes/images/six_hump_camel/six_hump_camel_mapa_calor_y_superficie.png, id=92, 963.3591pt x 425.30894pt>
File: assets/numerica/gradientes/images/six_hump_camel/six_hump_camel_mapa_calor_y_superficie.png Graphic file (type png)
<use assets/numerica/gradientes/images/six_hump_camel/six_hump_camel_mapa_calor_y_superficie.png>
Package luatex.def Info: assets/numerica/gradientes/images/six_hump_camel/six_hump_camel_mapa_calor_y_superficie.png  used on input line 632.
(luatex.def)             Requested size: 963.35677pt x 425.3079pt.

Overfull \hbox (48.13669pt too wide) in paragraph at lines 632--633
[][] 
 []



[11<./assets/numerica/gradientes/images/goldstein_price/goldstein_price_mapa_calor_y_superficie.png><./assets/numerica/gradientes/images/six_hump_camel/six_hump_camel_mapa_calor_y_superficie.png>]

[12]
Overfull \hbox (2.57611pt too wide) in paragraph at lines 779--779
 []|\TU/TimesNewRoman(0)/m/n/12 10002.00|
 []


Overfull \hbox (2.57611pt too wide) in paragraph at lines 780--781
 []|\TU/TimesNewRoman(0)/m/n/12 10000.00|
 []


Overfull \hbox (2.57611pt too wide) in paragraph at lines 781--781
 []|\TU/TimesNewRoman(0)/m/n/12 10002.00|
 []


Overfull \hbox (2.57611pt too wide) in paragraph at lines 782--783
 []|\TU/TimesNewRoman(0)/m/n/12 10000.00|
 []


Overfull \hbox (2.57611pt too wide) in paragraph at lines 783--783
 []|\TU/TimesNewRoman(0)/m/n/12 10002.00|
 []


Overfull \hbox (2.57611pt too wide) in paragraph at lines 784--785
 []|\TU/TimesNewRoman(0)/m/n/12 10000.00|
 []


Overfull \hbox (2.57611pt too wide) in paragraph at lines 785--785
 []|\TU/TimesNewRoman(0)/m/n/12 10002.00|
 []


Overfull \hbox (2.57611pt too wide) in paragraph at lines 786--787
 []|\TU/TimesNewRoman(0)/m/n/12 10000.00|
 []


Overfull \hbox (2.57611pt too wide) in paragraph at lines 787--787
 []|\TU/TimesNewRoman(0)/m/n/12 10002.00|
 []


Overfull \hbox (2.57611pt too wide) in paragraph at lines 788--789
 []|\TU/TimesNewRoman(0)/m/n/12 10000.00|
 []


Overfull \hbox (2.57611pt too wide) in paragraph at lines 789--789
 []|\TU/TimesNewRoman(0)/m/n/12 10002.00|
 []


Overfull \hbox (2.57611pt too wide) in paragraph at lines 790--791
 []|\TU/TimesNewRoman(0)/m/n/12 10000.00|
 []



[13]

[14]

[15]
<assets/numerica/gradientes/images/rosenbrock/rosenbrock_figura_a_histograma_solucion_final_2d.png, id=132, 1293.633pt x 322.3242pt>
File: assets/numerica/gradientes/images/rosenbrock/rosenbrock_figura_a_histograma_solucion_final_2d.png Graphic file (type png)
<use assets/numerica/gradientes/images/rosenbrock/rosenbrock_figura_a_histograma_solucion_final_2d.png>
Package luatex.def Info: assets/numerica/gradientes/images/rosenbrock/rosenbrock_figura_a_histograma_solucion_final_2d.png  used on input line 967.
(luatex.def)             Requested size: 1293.62984pt x 322.32341pt.

Overfull \hbox (48.13379pt too wide) in paragraph at lines 967--968
[][] 
 []

<assets/numerica/gradientes/images/rosenbrock/rosenbrock_figura_a_histograma_solucion_final_3d.png, id=133, 1292.9103pt x 322.3242pt>
File: assets/numerica/gradientes/images/rosenbrock/rosenbrock_figura_a_histograma_solucion_final_3d.png Graphic file (type png)
<use assets/numerica/gradientes/images/rosenbrock/rosenbrock_figura_a_histograma_solucion_final_3d.png>
Package luatex.def Info: assets/numerica/gradientes/images/rosenbrock/rosenbrock_figura_a_histograma_solucion_final_3d.png  used on input line 971.
(luatex.def)             Requested size: 1292.90714pt x 322.32341pt.

Overfull \hbox (48.12782pt too wide) in paragraph at lines 971--972
[][] 
 []



[16<./assets/numerica/gradientes/images/rosenbrock/rosenbrock_figura_a_histograma_solucion_final_2d.png><./assets/numerica/gradientes/images/rosenbrock/rosenbrock_figura_a_histograma_solucion_final_3d.png>]
<assets/numerica/gradientes/images/rastrigin/rastrigin_figura_a_histograma_solucion_final_2d.png, id=143, 1293.633pt x 322.3242pt>
File: assets/numerica/gradientes/images/rastrigin/rastrigin_figura_a_histograma_solucion_final_2d.png Graphic file (type png)
<use assets/numerica/gradientes/images/rastrigin/rastrigin_figura_a_histograma_solucion_final_2d.png>
Package luatex.def Info: assets/numerica/gradientes/images/rastrigin/rastrigin_figura_a_histograma_solucion_final_2d.png  used on input line 991.
(luatex.def)             Requested size: 1293.62984pt x 322.32341pt.

Overfull \hbox (48.13379pt too wide) in paragraph at lines 991--992
[][] 
 []

<assets/numerica/gradientes/images/rastrigin/rastrigin_figura_a_histograma_solucion_final_3d.png, id=144, 1293.633pt x 322.3242pt>
File: assets/numerica/gradientes/images/rastrigin/rastrigin_figura_a_histograma_solucion_final_3d.png Graphic file (type png)
<use assets/numerica/gradientes/images/rastrigin/rastrigin_figura_a_histograma_solucion_final_3d.png>
Package luatex.def Info: assets/numerica/gradientes/images/rastrigin/rastrigin_figura_a_histograma_solucion_final_3d.png  used on input line 995.
(luatex.def)             Requested size: 1293.62984pt x 322.32341pt.

Overfull \hbox (48.13379pt too wide) in paragraph at lines 995--996
[][] 
 []



[17<./assets/numerica/gradientes/images/rastrigin/rastrigin_figura_a_histograma_solucion_final_2d.png><./assets/numerica/gradientes/images/rastrigin/rastrigin_figura_a_histograma_solucion_final_3d.png>]
<assets/numerica/gradientes/images/schwefel/schwefel_figura_a_histograma_solucion_final_2d.png, id=155, 1293.633pt x 322.3242pt>
File: assets/numerica/gradientes/images/schwefel/schwefel_figura_a_histograma_solucion_final_2d.png Graphic file (type png)
<use assets/numerica/gradientes/images/schwefel/schwefel_figura_a_histograma_solucion_final_2d.png>
Package luatex.def Info: assets/numerica/gradientes/images/schwefel/schwefel_figura_a_histograma_solucion_final_2d.png  used on input line 1013.
(luatex.def)             Requested size: 1293.62984pt x 322.32341pt.

Overfull \hbox (48.13379pt too wide) in paragraph at lines 1013--1014
[][] 
 []

<assets/numerica/gradientes/images/schwefel/schwefel_figura_a_histograma_solucion_final_3d.png, id=156, 1293.633pt x 322.3242pt>
File: assets/numerica/gradientes/images/schwefel/schwefel_figura_a_histograma_solucion_final_3d.png Graphic file (type png)
<use assets/numerica/gradientes/images/schwefel/schwefel_figura_a_histograma_solucion_final_3d.png>
Package luatex.def Info: assets/numerica/gradientes/images/schwefel/schwefel_figura_a_histograma_solucion_final_3d.png  used on input line 1017.
(luatex.def)             Requested size: 1293.62984pt x 322.32341pt.

Overfull \hbox (48.13379pt too wide) in paragraph at lines 1017--1018
[][] 
 []



[18<./assets/numerica/gradientes/images/schwefel/schwefel_figura_a_histograma_solucion_final_2d.png><./assets/numerica/gradientes/images/schwefel/schwefel_figura_a_histograma_solucion_final_3d.png>]
<assets/numerica/gradientes/images/griewank/griewank_figura_a_histograma_solucion_final_2d.png, id=166, 1293.633pt x 322.3242pt>
File: assets/numerica/gradientes/images/griewank/griewank_figura_a_histograma_solucion_final_2d.png Graphic file (type png)
<use assets/numerica/gradientes/images/griewank/griewank_figura_a_histograma_solucion_final_2d.png>
Package luatex.def Info: assets/numerica/gradientes/images/griewank/griewank_figura_a_histograma_solucion_final_2d.png  used on input line 1035.
(luatex.def)             Requested size: 1293.62984pt x 322.32341pt.

Overfull \hbox (48.13379pt too wide) in paragraph at lines 1035--1036
[][] 
 []

<assets/numerica/gradientes/images/griewank/griewank_figura_a_histograma_solucion_final_3d.png, id=167, 1293.633pt x 322.3242pt>
File: assets/numerica/gradientes/images/griewank/griewank_figura_a_histograma_solucion_final_3d.png Graphic file (type png)
<use assets/numerica/gradientes/images/griewank/griewank_figura_a_histograma_solucion_final_3d.png>
Package luatex.def Info: assets/numerica/gradientes/images/griewank/griewank_figura_a_histograma_solucion_final_3d.png  used on input line 1039.
(luatex.def)             Requested size: 1293.62984pt x 322.32341pt.

Overfull \hbox (48.13379pt too wide) in paragraph at lines 1039--1040
[][] 
 []



[19<./assets/numerica/gradientes/images/griewank/griewank_figura_a_histograma_solucion_final_2d.png><./assets/numerica/gradientes/images/griewank/griewank_figura_a_histograma_solucion_final_3d.png>]
<assets/numerica/gradientes/images/goldstein_price/goldstein_price_figura_a_histograma_solucion_final_2d.png, id=177, 1291.4649pt x 322.3242pt>
File: assets/numerica/gradientes/images/goldstein_price/goldstein_price_figura_a_histograma_solucion_final_2d.png Graphic file (type png)
<use assets/numerica/gradientes/images/goldstein_price/goldstein_price_figura_a_histograma_solucion_final_2d.png>
Package luatex.def Info: assets/numerica/gradientes/images/goldstein_price/goldstein_price_figura_a_histograma_solucion_final_2d.png  used on input line 1059.
(luatex.def)             Requested size: 1291.46176pt x 322.32341pt.

Overfull \hbox (48.13475pt too wide) in paragraph at lines 1059--1060
[][] 
 []

<assets/numerica/gradientes/images/six_hump_camel/six_hump_camel_figura_a_histograma_solucion_final_2d.png, id=178, 1293.633pt x 322.3242pt>
File: assets/numerica/gradientes/images/six_hump_camel/six_hump_camel_figura_a_histograma_solucion_final_2d.png Graphic file (type png)
<use assets/numerica/gradientes/images/six_hump_camel/six_hump_camel_figura_a_histograma_solucion_final_2d.png>
Package luatex.def Info: assets/numerica/gradientes/images/six_hump_camel/six_hump_camel_figura_a_histograma_solucion_final_2d.png  used on input line 1075.
(luatex.def)             Requested size: 1293.62984pt x 322.32341pt.

Overfull \hbox (48.13379pt too wide) in paragraph at lines 1075--1076
[][] 
 []



[20<./assets/numerica/gradientes/images/goldstein_price/goldstein_price_figura_a_histograma_solucion_final_2d.png>]

[21<./assets/numerica/gradientes/images/six_hump_camel/six_hump_camel_figura_a_histograma_solucion_final_2d.png>]
<assets/numerica/gradientes/images/rosenbrock/rosenbrock_figura_b_histograma_evaluaciones_2d.png, id=195, 1293.633pt x 322.3242pt>
File: assets/numerica/gradientes/images/rosenbrock/rosenbrock_figura_b_histograma_evaluaciones_2d.png Graphic file (type png)
<use assets/numerica/gradientes/images/rosenbrock/rosenbrock_figura_b_histograma_evaluaciones_2d.png>
Package luatex.def Info: assets/numerica/gradientes/images/rosenbrock/rosenbrock_figura_b_histograma_evaluaciones_2d.png  used on input line 1113.
(luatex.def)             Requested size: 1293.62984pt x 322.32341pt.

Overfull \hbox (48.13379pt too wide) in paragraph at lines 1113--1114
[][] 
 []

<assets/numerica/gradientes/images/rosenbrock/rosenbrock_figura_b_histograma_evaluaciones_3d.png, id=196, 1293.633pt x 322.3242pt>
File: assets/numerica/gradientes/images/rosenbrock/rosenbrock_figura_b_histograma_evaluaciones_3d.png Graphic file (type png)
<use assets/numerica/gradientes/images/rosenbrock/rosenbrock_figura_b_histograma_evaluaciones_3d.png>
Package luatex.def Info: assets/numerica/gradientes/images/rosenbrock/rosenbrock_figura_b_histograma_evaluaciones_3d.png  used on input line 1117.
(luatex.def)             Requested size: 1293.62984pt x 322.32341pt.

Overfull \hbox (48.13379pt too wide) in paragraph at lines 1117--1118
[][] 
 []

<assets/numerica/gradientes/images/rastrigin/rastrigin_figura_b_histograma_evaluaciones_2d.png, id=197, 1293.633pt x 322.3242pt>
File: assets/numerica/gradientes/images/rastrigin/rastrigin_figura_b_histograma_evaluaciones_2d.png Graphic file (type png)
<use assets/numerica/gradientes/images/rastrigin/rastrigin_figura_b_histograma_evaluaciones_2d.png>
Package luatex.def Info: assets/numerica/gradientes/images/rastrigin/rastrigin_figura_b_histograma_evaluaciones_2d.png  used on input line 1131.
(luatex.def)             Requested size: 1293.62984pt x 322.32341pt.


[22<./assets/numerica/gradientes/images/rosenbrock/rosenbrock_figura_b_histograma_evaluaciones_2d.png><./assets/numerica/gradientes/images/rosenbrock/rosenbrock_figura_b_histograma_evaluaciones_3d.png>]
Overfull \hbox (48.13379pt too wide) in paragraph at lines 1131--1132
[][] 
 []

<assets/numerica/gradientes/images/rastrigin/rastrigin_figura_b_histograma_evaluaciones_3d.png, id=208, 1293.633pt x 322.3242pt>
File: assets/numerica/gradientes/images/rastrigin/rastrigin_figura_b_histograma_evaluaciones_3d.png Graphic file (type png)
<use assets/numerica/gradientes/images/rastrigin/rastrigin_figura_b_histograma_evaluaciones_3d.png>
Package luatex.def Info: assets/numerica/gradientes/images/rastrigin/rastrigin_figura_b_histograma_evaluaciones_3d.png  used on input line 1135.
(luatex.def)             Requested size: 1293.62984pt x 322.32341pt.

Overfull \hbox (48.13379pt too wide) in paragraph at lines 1135--1136
[][] 
 []

<assets/numerica/gradientes/images/schwefel/schwefel_figura_b_histograma_evaluaciones_2d.png, id=209, 1293.633pt x 322.3242pt>
File: assets/numerica/gradientes/images/schwefel/schwefel_figura_b_histograma_evaluaciones_2d.png Graphic file (type png)
<use assets/numerica/gradientes/images/schwefel/schwefel_figura_b_histograma_evaluaciones_2d.png>
Package luatex.def Info: assets/numerica/gradientes/images/schwefel/schwefel_figura_b_histograma_evaluaciones_2d.png  used on input line 1150.
(luatex.def)             Requested size: 1293.62984pt x 322.32341pt.

Overfull \hbox (48.13379pt too wide) in paragraph at lines 1150--1151
[][] 
 []



[23<./assets/numerica/gradientes/images/rastrigin/rastrigin_figura_b_histograma_evaluaciones_2d.png><./assets/numerica/gradientes/images/rastrigin/rastrigin_figura_b_histograma_evaluaciones_3d.png>]
<assets/numerica/gradientes/images/schwefel/schwefel_figura_b_histograma_evaluaciones_3d.png, id=220, 1293.633pt x 322.3242pt>
File: assets/numerica/gradientes/images/schwefel/schwefel_figura_b_histograma_evaluaciones_3d.png Graphic file (type png)
<use assets/numerica/gradientes/images/schwefel/schwefel_figura_b_histograma_evaluaciones_3d.png>
Package luatex.def Info: assets/numerica/gradientes/images/schwefel/schwefel_figura_b_histograma_evaluaciones_3d.png  used on input line 1154.
(luatex.def)             Requested size: 1293.62984pt x 322.32341pt.

Overfull \hbox (48.13379pt too wide) in paragraph at lines 1154--1155
[][] 
 []

<assets/numerica/gradientes/images/griewank/griewank_figura_b_histograma_evaluaciones_2d.png, id=221, 1293.633pt x 322.3242pt>
File: assets/numerica/gradientes/images/griewank/griewank_figura_b_histograma_evaluaciones_2d.png Graphic file (type png)
<use assets/numerica/gradientes/images/griewank/griewank_figura_b_histograma_evaluaciones_2d.png>
Package luatex.def Info: assets/numerica/gradientes/images/griewank/griewank_figura_b_histograma_evaluaciones_2d.png  used on input line 1168.
(luatex.def)             Requested size: 1293.62984pt x 322.32341pt.

Overfull \hbox (48.13379pt too wide) in paragraph at lines 1168--1169
[][] 
 []



[24<./assets/numerica/gradientes/images/schwefel/schwefel_figura_b_histograma_evaluaciones_2d.png><./assets/numerica/gradientes/images/schwefel/schwefel_figura_b_histograma_evaluaciones_3d.png>]
<assets/numerica/gradientes/images/griewank/griewank_figura_b_histograma_evaluaciones_3d.png, id=231, 1293.633pt x 322.3242pt>
File: assets/numerica/gradientes/images/griewank/griewank_figura_b_histograma_evaluaciones_3d.png Graphic file (type png)
<use assets/numerica/gradientes/images/griewank/griewank_figura_b_histograma_evaluaciones_3d.png>
Package luatex.def Info: assets/numerica/gradientes/images/griewank/griewank_figura_b_histograma_evaluaciones_3d.png  used on input line 1172.
(luatex.def)             Requested size: 1293.62984pt x 322.32341pt.

Overfull \hbox (48.13379pt too wide) in paragraph at lines 1172--1173
[][] 
 []

<assets/numerica/gradientes/images/goldstein_price/goldstein_price_figura_b_histograma_evaluaciones_2d.png, id=232, 1293.633pt x 322.3242pt>
File: assets/numerica/gradientes/images/goldstein_price/goldstein_price_figura_b_histograma_evaluaciones_2d.png Graphic file (type png)
<use assets/numerica/gradientes/images/goldstein_price/goldstein_price_figura_b_histograma_evaluaciones_2d.png>
Package luatex.def Info: assets/numerica/gradientes/images/goldstein_price/goldstein_price_figura_b_histograma_evaluaciones_2d.png  used on input line 1190.
(luatex.def)             Requested size: 1293.62984pt x 322.32341pt.

Overfull \hbox (48.13379pt too wide) in paragraph at lines 1190--1191
[][] 
 []



[25<./assets/numerica/gradientes/images/griewank/griewank_figura_b_histograma_evaluaciones_2d.png><./assets/numerica/gradientes/images/griewank/griewank_figura_b_histograma_evaluaciones_3d.png>]
<assets/numerica/gradientes/images/six_hump_camel/six_hump_camel_figura_b_histograma_evaluaciones_2d.png, id=242, 1293.633pt x 322.3242pt>
File: assets/numerica/gradientes/images/six_hump_camel/six_hump_camel_figura_b_histograma_evaluaciones_2d.png Graphic file (type png)
<use assets/numerica/gradientes/images/six_hump_camel/six_hump_camel_figura_b_histograma_evaluaciones_2d.png>
Package luatex.def Info: assets/numerica/gradientes/images/six_hump_camel/six_hump_camel_figura_b_histograma_evaluaciones_2d.png  used on input line 1201.
(luatex.def)             Requested size: 1293.62984pt x 322.32341pt.

Overfull \hbox (48.13379pt too wide) in paragraph at lines 1201--1202
[][] 
 []



[26<./assets/numerica/gradientes/images/goldstein_price/goldstein_price_figura_b_histograma_evaluaciones_2d.png><./assets/numerica/gradientes/images/six_hump_camel/six_hump_camel_figura_b_histograma_evaluaciones_2d.png>]

[27]

Package longtable Warning: Column widths have changed
(longtable)                in none 13 on input line 1286.



[28]

Package longtable Warning: Column widths have changed
(longtable)                in none 14 on input line 1304.


Package longtable Warning: Column widths have changed
(longtable)                in none 15 on input line 1321.


Overfull \hbox (365.82216pt too wide) in paragraph at lines 1333--1335
[]\TU/TimesNewRoman(0)/m/n/12 La sigu-iente tabla fue con-stru-ida a par-tir de \TU/lmtt/m/n/12 trabajo_carlos/1. optimizacion_numerica/heuristicos/datos/figuras/tabla_resumen_heuristicos.csv\TU/TimesNewRoman(0)/m/n/12 . 
 []



[29]

[30]
<assets/numerica/heuristicos/images/rosenbrock/rosenbrock_2d_3d_corridas.png, id=280, 1149.093pt x 317.0244pt>
File: assets/numerica/heuristicos/images/rosenbrock/rosenbrock_2d_3d_corridas.png Graphic file (type png)
<use assets/numerica/heuristicos/images/rosenbrock/rosenbrock_2d_3d_corridas.png>
Package luatex.def Info: assets/numerica/heuristicos/images/rosenbrock/rosenbrock_2d_3d_corridas.png  used on input line 1421.
(luatex.def)             Requested size: 1149.09021pt x 317.02362pt.

Overfull \hbox (48.14328pt too wide) in paragraph at lines 1421--1422
[][] 
 []



[31]
<assets/numerica/heuristicos/images/rastrigin/rastrigin_2d_3d_corridas.png, id=289, 1149.093pt x 317.0244pt>
File: assets/numerica/heuristicos/images/rastrigin/rastrigin_2d_3d_corridas.png Graphic file (type png)
<use assets/numerica/heuristicos/images/rastrigin/rastrigin_2d_3d_corridas.png>
Package luatex.def Info: assets/numerica/heuristicos/images/rastrigin/rastrigin_2d_3d_corridas.png  used on input line 1430.
(luatex.def)             Requested size: 1149.09021pt x 317.02362pt.

Overfull \hbox (48.14328pt too wide) in paragraph at lines 1430--1431
[][] 
 []

<assets/numerica/heuristicos/images/schwefel/schwefel_2d_3d_corridas.png, id=290, 1149.093pt x 317.0244pt>
File: assets/numerica/heuristicos/images/schwefel/schwefel_2d_3d_corridas.png Graphic file (type png)
<use assets/numerica/heuristicos/images/schwefel/schwefel_2d_3d_corridas.png>
Package luatex.def Info: assets/numerica/heuristicos/images/schwefel/schwefel_2d_3d_corridas.png  used on input line 1439.
(luatex.def)             Requested size: 1149.09021pt x 317.02362pt.

Overfull \hbox (48.14328pt too wide) in paragraph at lines 1439--1440
[][] 
 []



[32<./assets/numerica/heuristicos/images/rosenbrock/rosenbrock_2d_3d_corridas.png><./assets/numerica/heuristicos/images/rastrigin/rastrigin_2d_3d_corridas.png>]
<assets/numerica/heuristicos/images/griewank/griewank_2d_3d_corridas.png, id=299, 1149.093pt x 317.0244pt>
File: assets/numerica/heuristicos/images/griewank/griewank_2d_3d_corridas.png Graphic file (type png)
<use assets/numerica/heuristicos/images/griewank/griewank_2d_3d_corridas.png>
Package luatex.def Info: assets/numerica/heuristicos/images/griewank/griewank_2d_3d_corridas.png  used on input line 1448.
(luatex.def)             Requested size: 1149.09021pt x 317.02362pt.

Overfull \hbox (48.14328pt too wide) in paragraph at lines 1448--1449
[][] 
 []

<assets/numerica/heuristicos/images/goldstein-price/goldstein-price_2d_3d_corridas.png, id=300, 1149.093pt x 317.0244pt>
File: assets/numerica/heuristicos/images/goldstein-price/goldstein-price_2d_3d_corridas.png Graphic file (type png)
<use assets/numerica/heuristicos/images/goldstein-price/goldstein-price_2d_3d_corridas.png>
Package luatex.def Info: assets/numerica/heuristicos/images/goldstein-price/goldstein-price_2d_3d_corridas.png  used on input line 1457.
(luatex.def)             Requested size: 1149.09021pt x 317.02362pt.

Overfull \hbox (48.14328pt too wide) in paragraph at lines 1457--1458
[][] 
 []



[33<./assets/numerica/heuristicos/images/schwefel/schwefel_2d_3d_corridas.png><./assets/numerica/heuristicos/images/griewank/griewank_2d_3d_corridas.png>]
<assets/numerica/heuristicos/images/six-hump camel/six-hump camel_2d_3d_corridas.png, id=309, 1149.093pt x 317.0244pt>
File: assets/numerica/heuristicos/images/six-hump camel/six-hump camel_2d_3d_corridas.png Graphic file (type png)
<use assets/numerica/heuristicos/images/six-hump camel/six-hump camel_2d_3d_corridas.png>
Package luatex.def Info: assets/numerica/heuristicos/images/six-hump camel/six-hump camel_2d_3d_corridas.png  used on input line 1466.
(luatex.def)             Requested size: 1149.09021pt x 317.02362pt.

Overfull \hbox (48.14328pt too wide) in paragraph at lines 1466--1467
[][] 
 []

<assets/numerica/heuristicos/images/rosenbrock/convergencia_rosenbrock_2d_3d.png, id=310, 1003.3485pt x 353.1594pt>
File: assets/numerica/heuristicos/images/rosenbrock/convergencia_rosenbrock_2d_3d.png Graphic file (type png)
<use assets/numerica/heuristicos/images/rosenbrock/convergencia_rosenbrock_2d_3d.png>
Package luatex.def Info: assets/numerica/heuristicos/images/rosenbrock/convergencia_rosenbrock_2d_3d.png  used on input line 1477.
(luatex.def)             Requested size: 1003.34605pt x 353.15851pt.

Overfull \hbox (48.13171pt too wide) in paragraph at lines 1477--1478
[][] 
 []



[34<./assets/numerica/heuristicos/images/goldstein-price/goldstein-price_2d_3d_corridas.png><./assets/numerica/heuristicos/images/six-hump camel/six-hump camel_2d_3d_corridas.png>]
<assets/numerica/heuristicos/images/schwefel/convergencia_schwefel_2d_3d.png, id=321, 1003.3485pt x 353.1594pt>
File: assets/numerica/heuristicos/images/schwefel/convergencia_schwefel_2d_3d.png Graphic file (type png)
<use assets/numerica/heuristicos/images/schwefel/convergencia_schwefel_2d_3d.png>
Package luatex.def Info: assets/numerica/heuristicos/images/schwefel/convergencia_schwefel_2d_3d.png  used on input line 1481.
(luatex.def)             Requested size: 1003.34605pt x 353.15851pt.

Overfull \hbox (48.13171pt too wide) in paragraph at lines 1481--1482
[][] 
 []

<assets/numerica/heuristicos/images/rastrigin/convergencia_rastrigin_2d_3d.png, id=322, 1003.3485pt x 353.1594pt>
File: assets/numerica/heuristicos/images/rastrigin/convergencia_rastrigin_2d_3d.png Graphic file (type png)
<use assets/numerica/heuristicos/images/rastrigin/convergencia_rastrigin_2d_3d.png>
Package luatex.def Info: assets/numerica/heuristicos/images/rastrigin/convergencia_rastrigin_2d_3d.png  used on input line 1485.
(luatex.def)             Requested size: 1003.34605pt x 353.15851pt.

Overfull \hbox (48.13171pt too wide) in paragraph at lines 1485--1486
[][] 
 []

<assets/numerica/heuristicos/images/griewank/convergencia_griewank_2d_3d.png, id=323, 1003.3485pt x 353.1594pt>
File: assets/numerica/heuristicos/images/griewank/convergencia_griewank_2d_3d.png Graphic file (type png)
<use assets/numerica/heuristicos/images/griewank/convergencia_griewank_2d_3d.png>
Package luatex.def Info: assets/numerica/heuristicos/images/griewank/convergencia_griewank_2d_3d.png  used on input line 1489.
(luatex.def)             Requested size: 1003.34605pt x 353.15851pt.


[35<./assets/numerica/heuristicos/images/rosenbrock/convergencia_rosenbrock_2d_3d.png><./assets/numerica/heuristicos/images/schwefel/convergencia_schwefel_2d_3d.png><./assets/numerica/heuristicos/images/rastrigin/convergencia_rastrigin_2d_3d.png>]
Overfull \hbox (48.13171pt too wide) in paragraph at lines 1489--1490
[][] 
 []

<assets/numerica/heuristicos/images/goldstein-price/convergencia_goldstein-price_2d_3d.png, id=333, 1003.5894pt x 353.1594pt>
File: assets/numerica/heuristicos/images/goldstein-price/convergencia_goldstein-price_2d_3d.png Graphic file (type png)
<use assets/numerica/heuristicos/images/goldstein-price/convergencia_goldstein-price_2d_3d.png>
Package luatex.def Info: assets/numerica/heuristicos/images/goldstein-price/convergencia_goldstein-price_2d_3d.png  used on input line 1493.
(luatex.def)             Requested size: 1003.58696pt x 353.15851pt.

Overfull \hbox (48.13731pt too wide) in paragraph at lines 1493--1494
[][] 
 []

<assets/numerica/heuristicos/images/six-hump camel/convergencia_six-hump camel_2d_3d.png, id=334, 1003.5894pt x 353.1594pt>
File: assets/numerica/heuristicos/images/six-hump camel/convergencia_six-hump camel_2d_3d.png Graphic file (type png)
<use assets/numerica/heuristicos/images/six-hump camel/convergencia_six-hump camel_2d_3d.png>
Package luatex.def Info: assets/numerica/heuristicos/images/six-hump camel/convergencia_six-hump camel_2d_3d.png  used on input line 1497.
(luatex.def)             Requested size: 1003.58696pt x 353.15851pt.

Overfull \hbox (48.13731pt too wide) in paragraph at lines 1497--1498
[][] 
 []



[36<./assets/numerica/heuristicos/images/griewank/convergencia_griewank_2d_3d.png><./assets/numerica/heuristicos/images/goldstein-price/convergencia_goldstein-price_2d_3d.png>]

[37<./assets/numerica/heuristicos/images/six-hump camel/convergencia_six-hump camel_2d_3d.png>]
<assets/comparacion/rosenbrock_lineas_por_n.png, id=350, 998.0487pt x 229.8186pt>
File: assets/comparacion/rosenbrock_lineas_por_n.png Graphic file (type png)
<use assets/comparacion/rosenbrock_lineas_por_n.png>
Package luatex.def Info: assets/comparacion/rosenbrock_lineas_por_n.png  used on input line 1562.
(luatex.def)             Requested size: 998.04628pt x 229.81804pt.
<assets/comparacion/rosenbrock_lineas_desviacion_por_n.png, id=351, 1003.1076pt x 229.8186pt>
File: assets/comparacion/rosenbrock_lineas_desviacion_por_n.png Graphic file (type png)
<use assets/comparacion/rosenbrock_lineas_desviacion_por_n.png>
Package luatex.def Info: assets/comparacion/rosenbrock_lineas_desviacion_por_n.png  used on input line 1563.
(luatex.def)             Requested size: 1003.10516pt x 229.81804pt.

Overfull \hbox (108.52336pt too wide) in paragraph at lines 1560--1564
\TU/TimesNewRoman(0)/m/n/12 y evolu-ción difer-en-cial []
 []



[38<./assets/comparacion/rosenbrock_lineas_por_n.png>]
<assets/comparacion/rastrigin_lineas_por_n.png, id=358, 1003.46895pt x 229.8186pt>
File: assets/comparacion/rastrigin_lineas_por_n.png Graphic file (type png)
<use assets/comparacion/rastrigin_lineas_por_n.png>
Package luatex.def Info: assets/comparacion/rastrigin_lineas_por_n.png  used on input line 1582.
(luatex.def)             Requested size: 1003.4665pt x 229.81804pt.
<assets/comparacion/rastrigin_lineas_desviacion_por_n.png, id=359, 1003.1076pt x 229.8186pt>
File: assets/comparacion/rastrigin_lineas_desviacion_por_n.png Graphic file (type png)
<use assets/comparacion/rastrigin_lineas_desviacion_por_n.png>
Package luatex.def Info: assets/comparacion/rastrigin_lineas_desviacion_por_n.png  used on input line 1583.
(luatex.def)             Requested size: 1003.10516pt x 229.81804pt.

Overfull \hbox (251.7186pt too wide) in paragraph at lines 1581--1584
[]\TU/lmtt/m/n/12 Rastrigin 2D y 3D\TU/TimesNewRoman(0)/m/n/12 : gra-di-ente vs EA vs PSO vs DE []
 []



[39<./assets/comparacion/rosenbrock_lineas_desviacion_por_n.png><./assets/comparacion/rastrigin_lineas_por_n.png><./assets/comparacion/rastrigin_lineas_desviacion_por_n.png>]
<assets/comparacion/schwefel_lineas_por_n.png, id=367, 1003.46895pt x 229.8186pt>
File: assets/comparacion/schwefel_lineas_por_n.png Graphic file (type png)
<use assets/comparacion/schwefel_lineas_por_n.png>
Package luatex.def Info: assets/comparacion/schwefel_lineas_por_n.png  used on input line 1602.
(luatex.def)             Requested size: 1003.4665pt x 229.81804pt.
<assets/comparacion/schwefel_lineas_desviacion_por_n.png, id=368, 1003.1076pt x 229.8186pt>
File: assets/comparacion/schwefel_lineas_desviacion_por_n.png Graphic file (type png)
<use assets/comparacion/schwefel_lineas_desviacion_por_n.png>
Package luatex.def Info: assets/comparacion/schwefel_lineas_desviacion_por_n.png  used on input line 1603.
(luatex.def)             Requested size: 1003.10516pt x 229.81804pt.

Overfull \hbox (245.5386pt too wide) in paragraph at lines 1601--1604
[]\TU/lmtt/m/n/12 Schwefel 2D y 3D\TU/TimesNewRoman(0)/m/n/12 : gra-di-ente vs EA vs PSO vs DE []
 []

<assets/comparacion/griewank_lineas_por_n.png, id=369, 1003.46895pt x 229.8186pt>
File: assets/comparacion/griewank_lineas_por_n.png Graphic file (type png)
<use assets/comparacion/griewank_lineas_por_n.png>
Package luatex.def Info: assets/comparacion/griewank_lineas_por_n.png  used on input line 1623.
(luatex.def)             Requested size: 1003.4665pt x 229.81804pt.
<assets/comparacion/griewank_lineas_desviacion_por_n.png, id=370, 1002.74625pt x 229.8186pt>
File: assets/comparacion/griewank_lineas_desviacion_por_n.png Graphic file (type png)
<use assets/comparacion/griewank_lineas_desviacion_por_n.png>
Package luatex.def Info: assets/comparacion/griewank_lineas_desviacion_por_n.png  used on input line 1624.
(luatex.def)             Requested size: 1002.7438pt x 229.81804pt.

Overfull \hbox (245.5386pt too wide) in paragraph at lines 1622--1625
[]\TU/lmtt/m/n/12 Griewank 2D y 3D\TU/TimesNewRoman(0)/m/n/12 : gra-di-ente vs EA vs PSO vs DE []
 []



[40<./assets/comparacion/schwefel_lineas_por_n.png><./assets/comparacion/schwefel_lineas_desviacion_por_n.png><./assets/comparacion/griewank_lineas_por_n.png>]

[41<./assets/comparacion/griewank_lineas_desviacion_por_n.png>]

[42]

Package longtable Warning: Column widths have changed
(longtable)                in none 18 on input line 1726.



[43]

! LaTeX Error: Unknown graphics extension: .gif.

See the LaTeX manual or LaTeX Companion for explanation.
Type  H <return>  for immediate help.
 ...                                              
                                                  
l.1783 ...imacion_de_rastrigin_2d_semilla_1612.gif}}
                                                  

Here is how much of LuaTeX's memory you used:
 25965 strings out of 476291
 100000,1373583 words of node,token memory allocated
 10623 words of node memory still in use:
   37 hlist, 1 vlist, 4 rule, 95 disc, 4 local_par, 2 dir, 192 glue, 30 kern, 17 penalty, 5 margin_kern, 985 glyph, 61 attribute, 69 glue_spec, 61 attribute_list, 1 temp, 3 if_stack, 2 write, 1 pdf_dest, 7 pdf_colorstack nodes
   avail lists: 1:1,2:1657,3:631,4:85,5:260,6:290,7:3805,8:52,9:1926,10:16,11:373,12:1
 47521 multiletter control sequences out of 65536+600000
 84 fonts using 37317927 bytes
 108i,16n,116p,11236b,488s stack positions out of 10000i,1000n,20000p,200000b,200000s
!  ==> Fatal error occurred, no output PDF file produced!
