funcion,nombre_funcion,corrida,semilla,metodo,nombre_metodo,dimension,limites,optimo_conocido,mejor_solucion,mejor_valor,distancia_al_optimo,iteraciones,evaluaciones,best_values_history,parametros
griewank,Griewank,1,1370,ea,Algoritmo evolutivo,3,"[-600.0, 600.0]","[0.0, 0.0, 0.0]","[-0.2410074445410828, -21.91090800778659, -6.910025469788479]",0.5042815209384038,22.975953218683575,140,7050,"[21.55768908212032, 21.55768908212032, 5.930851859032062, 2.7053482701373746, 2.7053482701373746, 2.7053482701373746, 2.1437527323032812, 2.1437527323032812, 2.1437527323032812, 2.1437527323032812, 1.5372646631033153, 1.5372646631033153, 0.8686670875855025, 0.8686670875855025, 0.8686670875855025, 0.8686670875855025, 0.8686670875855025, 0.8686670875855025, 0.8686670875855025, 0.8686670875855025, 0.8686670875855025, 0.8686670875855025, 0.6787492533707343, 0.6787492533707343, 0.6787492533707343, 0.6787492533707343, 0.6787492533707343, 0.6787492533707343, 0.6787492533707343, 0.5929784098278954, 0.5929784098278954, 0.5929784098278954, 0.5929784098278954, 0.5929784098278954, 0.5929784098278954, 0.5929784098278954, 0.5929784098278954, 0.5929784098278954, 0.5929784098278954, 0.5929784098278954, 0.5929784098278954, 0.5929784098278954, 0.5929784098278954, 0.5929784098278954, 0.5929784098278954, 0.5929784098278954, 0.5929784098278954, 0.5929784098278954, 0.5929784098278954, 0.5929784098278954, 0.5929784098278954, 0.5929784098278954, 0.5929784098278954, 0.5929784098278954, 0.5929784098278954, 0.5929784098278954, 0.5929784098278954, 0.5929784098278954, 0.5929784098278954, 0.5929784098278954, 0.5929784098278954, 0.5929784098278954, 0.5929784098278954, 0.5929784098278954, 0.5929784098278954, 0.5929784098278954, 0.5929784098278954, 0.5929784098278954, 0.5929784098278954, 0.5929784098278954, 0.5929784098278954, 0.5929784098278954, 0.5929784098278954, 0.5929784098278954, 0.5929784098278954, 0.5929784098278954, 0.5929784098278954, 0.5929784098278954, 0.5929784098278954, 0.5929784098278954, 0.5042815209384038, 0.5042815209384038, 0.5042815209384038, 0.5042815209384038, 0.5042815209384038, 0.5042815209384038, 0.5042815209384038, 0.5042815209384038, 0.5042815209384038, 0.5042815209384038, 0.5042815209384038, 0.5042815209384038, 0.5042815209384038, 0.5042815209384038, 0.5042815209384038, 0.5042815209384038, 0.5042815209384038, 0.5042815209384038, 0.5042815209384038, 0.5042815209384038, 0.5042815209384038, 0.5042815209384038, 0.5042815209384038, 0.5042815209384038, 0.5042815209384038, 0.5042815209384038, 0.5042815209384038, 0.5042815209384038, 0.5042815209384038, 0.5042815209384038, 0.5042815209384038, 0.5042815209384038, 0.5042815209384038, 0.5042815209384038, 0.5042815209384038, 0.5042815209384038, 0.5042815209384038, 0.5042815209384038, 0.5042815209384038, 0.5042815209384038, 0.5042815209384038, 0.5042815209384038, 0.5042815209384038, 0.5042815209384038, 0.5042815209384038, 0.5042815209384038, 0.5042815209384038, 0.5042815209384038, 0.5042815209384038, 0.5042815209384038, 0.5042815209384038, 0.5042815209384038, 0.5042815209384038, 0.5042815209384038, 0.5042815209384038, 0.5042815209384038, 0.5042815209384038, 0.5042815209384038, 0.5042815209384038, 0.5042815209384038, 0.5042815209384038]","{""elitism_fraction"": 0.2, ""max_iterations"": 140, ""mutation_fraction"": 0.1, ""population_size"": 50}"
griewank,Griewank,2,1371,ea,Algoritmo evolutivo,3,"[-600.0, 600.0]","[0.0, 0.0, 0.0]","[-13.327427187774106, 1.7990010294007561, -0.31336797556514284]",0.8356206346169396,13.451948544256151,140,7050,"[3.3608332583830314, 3.3608332583830314, 3.3608332583830314, 3.1106470363609113, 1.8148936050126405, 1.8148936050126405, 1.8148936050126405, 1.8148936050126405, 1.8148936050126405, 1.8148936050126405, 1.8148936050126405, 1.8148936050126405, 1.8148936050126405, 1.8148936050126405, 1.8148936050126405, 1.8148936050126405, 1.8148936050126405, 1.8148936050126405, 1.8148936050126405, 1.8148936050126405, 1.8148936050126405, 1.8148936050126405, 1.8148936050126405, 1.8148936050126405, 1.8148936050126405, 1.8148936050126405, 1.8148936050126405, 1.8148936050126405, 1.8148936050126405, 1.8148936050126405, 1.8148936050126405, 1.8148936050126405, 1.8148936050126405, 1.8148936050126405, 1.8148936050126405, 1.8148936050126405, 1.8148936050126405, 1.8148936050126405, 1.8148936050126405, 1.8148936050126405, 1.8148936050126405, 1.8148936050126405, 1.8148936050126405, 1.2856085183964465, 1.2856085183964465, 1.2856085183964465, 1.2856085183964465, 1.2856085183964465, 1.2856085183964465, 1.2856085183964465, 1.2856085183964465, 1.2856085183964465, 1.2856085183964465, 1.2856085183964465, 1.2856085183964465, 1.2856085183964465, 1.0950308314184474, 1.0950308314184474, 1.0950308314184474, 1.0950308314184474, 1.0950308314184474, 1.0950308314184474, 1.0950308314184474, 1.0950308314184474, 1.0950308314184474, 1.0950308314184474, 1.0950308314184474, 0.9022685971155431, 0.9022685971155431, 0.9022685971155431, 0.9022685971155431, 0.9022685971155431, 0.9022685971155431, 0.9022685971155431, 0.9022685971155431, 0.9022685971155431, 0.9022685971155431, 0.9022685971155431, 0.9022685971155431, 0.9022685971155431, 0.9022685971155431, 0.9022685971155431, 0.9022685971155431, 0.9022685971155431, 0.9022685971155431, 0.9022685971155431, 0.9022685971155431, 0.8356206346169396, 0.8356206346169396, 0.8356206346169396, 0.8356206346169396, 0.8356206346169396, 0.8356206346169396, 0.8356206346169396, 0.8356206346169396, 0.8356206346169396, 0.8356206346169396, 0.8356206346169396, 0.8356206346169396, 0.8356206346169396, 0.8356206346169396, 0.8356206346169396, 0.8356206346169396, 0.8356206346169396, 0.8356206346169396, 0.8356206346169396, 0.8356206346169396, 0.8356206346169396, 0.8356206346169396, 0.8356206346169396, 0.8356206346169396, 0.8356206346169396, 0.8356206346169396, 0.8356206346169396, 0.8356206346169396, 0.8356206346169396, 0.8356206346169396, 0.8356206346169396, 0.8356206346169396, 0.8356206346169396, 0.8356206346169396, 0.8356206346169396, 0.8356206346169396, 0.8356206346169396, 0.8356206346169396, 0.8356206346169396, 0.8356206346169396, 0.8356206346169396, 0.8356206346169396, 0.8356206346169396, 0.8356206346169396, 0.8356206346169396, 0.8356206346169396, 0.8356206346169396, 0.8356206346169396, 0.8356206346169396, 0.8356206346169396, 0.8356206346169396, 0.8356206346169396, 0.8356206346169396, 0.8356206346169396]","{""elitism_fraction"": 0.2, ""max_iterations"": 140, ""mutation_fraction"": 0.1, ""population_size"": 50}"
griewank,Griewank,3,1372,ea,Algoritmo evolutivo,3,"[-600.0, 600.0]","[0.0, 0.0, 0.0]","[3.5113228818389643, 4.788310961050911, 22.036523012069893]",0.2365139484717239,22.82248138791512,140,7050,"[6.783300797657582, 6.783300797657582, 6.783300797657582, 6.783300797657582, 6.783300797657582, 6.783300797657582, 6.783300797657582, 5.397316823408357, 4.436646485282967, 4.4168671936514645, 4.4168671936514645, 4.4168671936514645, 3.0190657128448004, 3.0190657128448004, 2.3809937158856775, 2.3809937158856775, 2.3809937158856775, 0.9637851698181562, 0.9637851698181562, 0.8293830233614382, 0.8293830233614382, 0.8293830233614382, 0.8293830233614382, 0.8293830233614382, 0.8293830233614382, 0.8293830233614382, 0.8293830233614382, 0.8293830233614382, 0.8293830233614382, 0.8293830233614382, 0.8293830233614382, 0.8293830233614382, 0.8293830233614382, 0.8293830233614382, 0.8293830233614382, 0.8293830233614382, 0.4653633005658966, 0.4653633005658966, 0.4653633005658966, 0.4653633005658966, 0.4653633005658966, 0.4653633005658966, 0.4653633005658966, 0.4653633005658966, 0.4653633005658966, 0.4653633005658966, 0.4653633005658966, 0.4653633005658966, 0.4653633005658966, 0.4653633005658966, 0.4653633005658966, 0.4653633005658966, 0.4653633005658966, 0.4653633005658966, 0.4653633005658966, 0.4653633005658966, 0.4653633005658966, 0.4653633005658966, 0.4653633005658966, 0.4653633005658966, 0.4653633005658966, 0.4653633005658966, 0.4653633005658966, 0.4653633005658966, 0.4653633005658966, 0.4653633005658966, 0.4653633005658966, 0.4653633005658966, 0.4653633005658966, 0.4653633005658966, 0.4653633005658966, 0.4653633005658966, 0.4653633005658966, 0.4653633005658966, 0.4653633005658966, 0.4653633005658966, 0.3012486108468374, 0.3012486108468374, 0.3012486108468374, 0.3012486108468374, 0.3012486108468374, 0.3012486108468374, 0.3012486108468374, 0.3012486108468374, 0.3012486108468374, 0.3012486108468374, 0.3012486108468374, 0.3012486108468374, 0.3012486108468374, 0.3012486108468374, 0.3012486108468374, 0.3012486108468374, 0.3012486108468374, 0.3012486108468374, 0.3012486108468374, 0.3012486108468374, 0.3012486108468374, 0.3012486108468374, 0.3012486108468374, 0.3012486108468374, 0.3012486108468374, 0.3012486108468374, 0.3012486108468374, 0.3012486108468374, 0.3012486108468374, 0.3012486108468374, 0.3012486108468374, 0.3012486108468374, 0.3012486108468374, 0.3012486108468374, 0.3012486108468374, 0.3012486108468374, 0.3012486108468374, 0.3012486108468374, 0.3012486108468374, 0.3012486108468374, 0.3012486108468374, 0.3012486108468374, 0.3012486108468374, 0.3012486108468374, 0.3012486108468374, 0.3012486108468374, 0.3012486108468374, 0.3012486108468374, 0.3012486108468374, 0.3012486108468374, 0.3012486108468374, 0.3012486108468374, 0.3012486108468374, 0.3012486108468374, 0.3012486108468374, 0.3012486108468374, 0.3012486108468374, 0.3012486108468374, 0.3012486108468374, 0.3012486108468374, 0.3012486108468374, 0.2365139484717239, 0.2365139484717239, 0.2365139484717239, 0.2365139484717239]","{""elitism_fraction"": 0.2, ""max_iterations"": 140, ""mutation_fraction"": 0.1, ""population_size"": 50}"
griewank,Griewank,4,1373,ea,Algoritmo evolutivo,3,"[-600.0, 600.0]","[0.0, 0.0, 0.0]","[-28.258025816425857, 3.636364114772732, 10.806511012798524]",0.39131627462249263,30.471623640474636,140,7050,"[24.634508884350485, 24.634508884350485, 24.634508884350485, 7.864194921270461, 3.5713457317867805, 3.5713457317867805, 3.5713457317867805, 3.246823888865367, 1.4910587380599611, 1.4910587380599611, 1.4910587380599611, 1.4910587380599611, 1.4910587380599611, 1.4910587380599611, 1.301589115805016, 1.301589115805016, 0.768921267022614, 0.768921267022614, 0.768921267022614, 0.768921267022614, 0.768921267022614, 0.768921267022614, 0.768921267022614, 0.768921267022614, 0.768921267022614, 0.768921267022614, 0.768921267022614, 0.768921267022614, 0.768921267022614, 0.768921267022614, 0.768921267022614, 0.768921267022614, 0.768921267022614, 0.768921267022614, 0.768921267022614, 0.768921267022614, 0.768921267022614, 0.768921267022614, 0.768921267022614, 0.768921267022614, 0.768921267022614, 0.768921267022614, 0.768921267022614, 0.768921267022614, 0.768921267022614, 0.768921267022614, 0.768921267022614, 0.768921267022614, 0.768921267022614, 0.768921267022614, 0.768921267022614, 0.768921267022614, 0.768921267022614, 0.768921267022614, 0.768921267022614, 0.768921267022614, 0.768921267022614, 0.768921267022614, 0.768921267022614, 0.768921267022614, 0.768921267022614, 0.768921267022614, 0.768921267022614, 0.768921267022614, 0.768921267022614, 0.768921267022614, 0.768921267022614, 0.768921267022614, 0.768921267022614, 0.768921267022614, 0.768921267022614, 0.768921267022614, 0.768921267022614, 0.768921267022614, 0.768921267022614, 0.768921267022614, 0.768921267022614, 0.768921267022614, 0.768921267022614, 0.768921267022614, 0.768921267022614, 0.768921267022614, 0.768921267022614, 0.7629481405372467, 0.7629481405372467, 0.7629481405372467, 0.7629481405372467, 0.7629481405372467, 0.7629481405372467, 0.7629481405372467, 0.7629481405372467, 0.7629481405372467, 0.7629481405372467, 0.7629481405372467, 0.7629481405372467, 0.7629481405372467, 0.7629481405372467, 0.7629481405372467, 0.7629481405372467, 0.6257764950928526, 0.6162936031149178, 0.6162936031149178, 0.6162936031149178, 0.39131627462249263, 0.39131627462249263, 0.39131627462249263, 0.39131627462249263, 0.39131627462249263, 0.39131627462249263, 0.39131627462249263, 0.39131627462249263, 0.39131627462249263, 0.39131627462249263, 0.39131627462249263, 0.39131627462249263, 0.39131627462249263, 0.39131627462249263, 0.39131627462249263, 0.39131627462249263, 0.39131627462249263, 0.39131627462249263, 0.39131627462249263, 0.39131627462249263, 0.39131627462249263, 0.39131627462249263, 0.39131627462249263, 0.39131627462249263, 0.39131627462249263, 0.39131627462249263, 0.39131627462249263, 0.39131627462249263, 0.39131627462249263, 0.39131627462249263, 0.39131627462249263, 0.39131627462249263, 0.39131627462249263, 0.39131627462249263, 0.39131627462249263, 0.39131627462249263, 0.39131627462249263, 0.39131627462249263]","{""elitism_fraction"": 0.2, ""max_iterations"": 140, ""mutation_fraction"": 0.1, ""population_size"": 50}"
griewank,Griewank,5,1374,ea,Algoritmo evolutivo,3,"[-600.0, 600.0]","[0.0, 0.0, 0.0]","[-0.5521111586447205, 0.06692214399959084, 11.084596282614257]",0.18609412319866947,11.098539545967448,140,7050,"[5.271164584153999, 5.271164584153999, 4.379687036201843, 4.379687036201843, 4.379687036201843, 2.01908921184875, 2.01908921184875, 2.01908921184875, 2.01908921184875, 2.01908921184875, 1.6927110499459446, 1.6927110499459446, 1.6927110499459446, 1.6927110499459446, 1.6927110499459446, 1.597901193031995, 1.597901193031995, 1.597901193031995, 1.597901193031995, 1.597901193031995, 1.597901193031995, 1.597901193031995, 1.597901193031995, 1.4084739026086155, 1.4084739026086155, 1.4084739026086155, 1.4084739026086155, 1.4084739026086155, 1.4084739026086155, 1.4084739026086155, 1.4084739026086155, 1.4084739026086155, 1.4084739026086155, 1.4084739026086155, 1.4084739026086155, 1.1992356271888074, 1.1992356271888074, 1.1992356271888074, 1.1992356271888074, 1.1992356271888074, 1.1992356271888074, 1.1992356271888074, 1.1992356271888074, 0.7830715386178762, 0.7830715386178762, 0.7830715386178762, 0.7830715386178762, 0.7830715386178762, 0.7830715386178762, 0.7830715386178762, 0.7830715386178762, 0.7830715386178762, 0.7830715386178762, 0.7830715386178762, 0.7830715386178762, 0.7830715386178762, 0.7830715386178762, 0.7830715386178762, 0.7830715386178762, 0.5594237820970399, 0.5594237820970399, 0.5594237820970399, 0.5594237820970399, 0.5594237820970399, 0.5594237820970399, 0.5594237820970399, 0.5594237820970399, 0.5594237820970399, 0.5594237820970399, 0.5594237820970399, 0.5594237820970399, 0.5594237820970399, 0.5594237820970399, 0.5594237820970399, 0.5594237820970399, 0.5594237820970399, 0.5594237820970399, 0.5594237820970399, 0.5594237820970399, 0.5594237820970399, 0.5594237820970399, 0.5594237820970399, 0.5594237820970399, 0.5594237820970399, 0.5594237820970399, 0.5594237820970399, 0.5594237820970399, 0.5594237820970399, 0.5594237820970399, 0.5594237820970399, 0.5594237820970399, 0.5594237820970399, 0.5594237820970399, 0.5594237820970399, 0.5594237820970399, 0.5594237820970399, 0.5594237820970399, 0.5594237820970399, 0.5594237820970399, 0.5594237820970399, 0.5594237820970399, 0.5594237820970399, 0.5594237820970399, 0.5594237820970399, 0.5594237820970399, 0.5594237820970399, 0.5594237820970399, 0.5594237820970399, 0.5594237820970399, 0.5594237820970399, 0.5594237820970399, 0.5594237820970399, 0.5594237820970399, 0.5594237820970399, 0.5594237820970399, 0.5594237820970399, 0.5594237820970399, 0.5594237820970399, 0.5594237820970399, 0.5594237820970399, 0.5594237820970399, 0.5594237820970399, 0.5594237820970399, 0.5594237820970399, 0.5594237820970399, 0.5594237820970399, 0.5594237820970399, 0.5594237820970399, 0.5594237820970399, 0.5594237820970399, 0.5594237820970399, 0.5594237820970399, 0.5594237820970399, 0.5262929948420113, 0.5262929948420113, 0.18609412319866947, 0.18609412319866947, 0.18609412319866947, 0.18609412319866947, 0.18609412319866947, 0.18609412319866947]","{""elitism_fraction"": 0.2, ""max_iterations"": 140, ""mutation_fraction"": 0.1, ""population_size"": 50}"
griewank,Griewank,6,1375,ea,Algoritmo evolutivo,3,"[-600.0, 600.0]","[0.0, 0.0, 0.0]","[12.736390610175022, 9.00839046437386, 11.123002075218096]",0.1193203618829386,19.15953860871609,140,7050,"[2.2511918254593994, 2.2511918254593994, 2.2511918254593994, 2.2511918254593994, 2.2511918254593994, 2.2511918254593994, 2.2511918254593994, 2.2511918254593994, 2.2511918254593994, 1.779927079362734, 0.2673361385521902, 0.2673361385521902, 0.2673361385521902, 0.2673361385521902, 0.2673361385521902, 0.2673361385521902, 0.2673361385521902, 0.1193203618829386, 0.1193203618829386, 0.1193203618829386, 0.1193203618829386, 0.1193203618829386, 0.1193203618829386, 0.1193203618829386, 0.1193203618829386, 0.1193203618829386, 0.1193203618829386, 0.1193203618829386, 0.1193203618829386, 0.1193203618829386, 0.1193203618829386, 0.1193203618829386, 0.1193203618829386, 0.1193203618829386, 0.1193203618829386, 0.1193203618829386, 0.1193203618829386, 0.1193203618829386, 0.1193203618829386, 0.1193203618829386, 0.1193203618829386, 0.1193203618829386, 0.1193203618829386, 0.1193203618829386, 0.1193203618829386, 0.1193203618829386, 0.1193203618829386, 0.1193203618829386, 0.1193203618829386, 0.1193203618829386, 0.1193203618829386, 0.1193203618829386, 0.1193203618829386, 0.1193203618829386, 0.1193203618829386, 0.1193203618829386, 0.1193203618829386, 0.1193203618829386, 0.1193203618829386, 0.1193203618829386, 0.1193203618829386, 0.1193203618829386, 0.1193203618829386, 0.1193203618829386, 0.1193203618829386, 0.1193203618829386, 0.1193203618829386, 0.1193203618829386, 0.1193203618829386, 0.1193203618829386, 0.1193203618829386, 0.1193203618829386, 0.1193203618829386, 0.1193203618829386, 0.1193203618829386, 0.1193203618829386, 0.1193203618829386, 0.1193203618829386, 0.1193203618829386, 0.1193203618829386, 0.1193203618829386, 0.1193203618829386, 0.1193203618829386, 0.1193203618829386, 0.1193203618829386, 0.1193203618829386, 0.1193203618829386, 0.1193203618829386, 0.1193203618829386, 0.1193203618829386, 0.1193203618829386, 0.1193203618829386, 0.1193203618829386, 0.1193203618829386, 0.1193203618829386, 0.1193203618829386, 0.1193203618829386, 0.1193203618829386, 0.1193203618829386, 0.1193203618829386, 0.1193203618829386, 0.1193203618829386, 0.1193203618829386, 0.1193203618829386, 0.1193203618829386, 0.1193203618829386, 0.1193203618829386, 0.1193203618829386, 0.1193203618829386, 0.1193203618829386, 0.1193203618829386, 0.1193203618829386, 0.1193203618829386, 0.1193203618829386, 0.1193203618829386, 0.1193203618829386, 0.1193203618829386, 0.1193203618829386, 0.1193203618829386, 0.1193203618829386, 0.1193203618829386, 0.1193203618829386, 0.1193203618829386, 0.1193203618829386, 0.1193203618829386, 0.1193203618829386, 0.1193203618829386, 0.1193203618829386, 0.1193203618829386, 0.1193203618829386, 0.1193203618829386, 0.1193203618829386, 0.1193203618829386, 0.1193203618829386, 0.1193203618829386, 0.1193203618829386, 0.1193203618829386, 0.1193203618829386, 0.1193203618829386, 0.1193203618829386, 0.1193203618829386]","{""elitism_fraction"": 0.2, ""max_iterations"": 140, ""mutation_fraction"": 0.1, ""population_size"": 50}"
griewank,Griewank,7,1376,ea,Algoritmo evolutivo,3,"[-600.0, 600.0]","[0.0, 0.0, 0.0]","[28.768701333607282, 9.310758485498695, 16.033866535263883]",0.4638188343418891,34.22591526998567,140,7050,"[5.413834811508916, 5.413834811508916, 3.42948230953459, 3.42948230953459, 3.42948230953459, 3.42948230953459, 2.312617482423213, 2.312617482423213, 1.4806484255936414, 1.4806484255936414, 1.4806484255936414, 1.4806484255936414, 1.4806484255936414, 1.4806484255936414, 1.4806484255936414, 1.3909744455445194, 1.3909744455445194, 1.3909744455445194, 1.3909744455445194, 0.8573719654887924, 0.8573719654887924, 0.8573719654887924, 0.7667130290799483, 0.7667130290799483, 0.7667130290799483, 0.7667130290799483, 0.7667130290799483, 0.7667130290799483, 0.7667130290799483, 0.7667130290799483, 0.7667130290799483, 0.7667130290799483, 0.7667130290799483, 0.7667130290799483, 0.7667130290799483, 0.7667130290799483, 0.6981419626385797, 0.6981419626385797, 0.6981419626385797, 0.6981419626385797, 0.6981419626385797, 0.6981419626385797, 0.6981419626385797, 0.6981419626385797, 0.6981419626385797, 0.6981419626385797, 0.6981419626385797, 0.6981419626385797, 0.6981419626385797, 0.6981419626385797, 0.6981419626385797, 0.6981419626385797, 0.6981419626385797, 0.6981419626385797, 0.4638188343418891, 0.4638188343418891, 0.4638188343418891, 0.4638188343418891, 0.4638188343418891, 0.4638188343418891, 0.4638188343418891, 0.4638188343418891, 0.4638188343418891, 0.4638188343418891, 0.4638188343418891, 0.4638188343418891, 0.4638188343418891, 0.4638188343418891, 0.4638188343418891, 0.4638188343418891, 0.4638188343418891, 0.4638188343418891, 0.4638188343418891, 0.4638188343418891, 0.4638188343418891, 0.4638188343418891, 0.4638188343418891, 0.4638188343418891, 0.4638188343418891, 0.4638188343418891, 0.4638188343418891, 0.4638188343418891, 0.4638188343418891, 0.4638188343418891, 0.4638188343418891, 0.4638188343418891, 0.4638188343418891, 0.4638188343418891, 0.4638188343418891, 0.4638188343418891, 0.4638188343418891, 0.4638188343418891, 0.4638188343418891, 0.4638188343418891, 0.4638188343418891, 0.4638188343418891, 0.4638188343418891, 0.4638188343418891, 0.4638188343418891, 0.4638188343418891, 0.4638188343418891, 0.4638188343418891, 0.4638188343418891, 0.4638188343418891, 0.4638188343418891, 0.4638188343418891, 0.4638188343418891, 0.4638188343418891, 0.4638188343418891, 0.4638188343418891, 0.4638188343418891, 0.4638188343418891, 0.4638188343418891, 0.4638188343418891, 0.4638188343418891, 0.4638188343418891, 0.4638188343418891, 0.4638188343418891, 0.4638188343418891, 0.4638188343418891, 0.4638188343418891, 0.4638188343418891, 0.4638188343418891, 0.4638188343418891, 0.4638188343418891, 0.4638188343418891, 0.4638188343418891, 0.4638188343418891, 0.4638188343418891, 0.4638188343418891, 0.4638188343418891, 0.4638188343418891, 0.4638188343418891, 0.4638188343418891, 0.4638188343418891, 0.4638188343418891, 0.4638188343418891, 0.4638188343418891, 0.4638188343418891, 0.4638188343418891, 0.4638188343418891]","{""elitism_fraction"": 0.2, ""max_iterations"": 140, ""mutation_fraction"": 0.1, ""population_size"": 50}"
griewank,Griewank,8,1377,ea,Algoritmo evolutivo,3,"[-600.0, 600.0]","[0.0, 0.0, 0.0]","[3.6585634175023642, -13.804078971253148, 11.109992093127403]",0.2682350737279289,18.093358086155078,140,7050,"[6.8461214784323765, 6.8461214784323765, 4.025954555462661, 4.025954555462661, 4.025954555462661, 4.025954555462661, 4.025954555462661, 2.6984470786818404, 2.6984470786818404, 2.6984470786818404, 2.319199848706947, 2.319199848706947, 1.8139739733143645, 1.4941072484625768, 1.4941072484625768, 1.4941072484625768, 1.4941072484625768, 1.4941072484625768, 1.4941072484625768, 1.4941072484625768, 1.4941072484625768, 1.4108320744840808, 1.4108320744840808, 1.4108320744840808, 1.4108320744840808, 1.4108320744840808, 1.4108320744840808, 1.4108320744840808, 1.4108320744840808, 1.4108320744840808, 1.4108320744840808, 1.4108320744840808, 1.4108320744840808, 1.4108320744840808, 1.4108320744840808, 1.4108320744840808, 1.4108320744840808, 1.4108320744840808, 1.4108320744840808, 1.1898001459196872, 1.1898001459196872, 1.1898001459196872, 1.1898001459196872, 1.1898001459196872, 1.1898001459196872, 1.1898001459196872, 1.1898001459196872, 1.1898001459196872, 1.1898001459196872, 1.1898001459196872, 1.1898001459196872, 1.1898001459196872, 1.1898001459196872, 1.1898001459196872, 1.1898001459196872, 0.9044358795734324, 0.9044358795734324, 0.9044358795734324, 0.8645271601080569, 0.8645271601080569, 0.8645271601080569, 0.8645271601080569, 0.8645271601080569, 0.8645271601080569, 0.8645271601080569, 0.8645271601080569, 0.8645271601080569, 0.8645271601080569, 0.8645271601080569, 0.8645271601080569, 0.8645271601080569, 0.8645271601080569, 0.8645271601080569, 0.8645271601080569, 0.8645271601080569, 0.8645271601080569, 0.8645271601080569, 0.8645271601080569, 0.8645271601080569, 0.8645271601080569, 0.8645271601080569, 0.8645271601080569, 0.8645271601080569, 0.30704334840448766, 0.30704334840448766, 0.30704334840448766, 0.30704334840448766, 0.30704334840448766, 0.30704334840448766, 0.30704334840448766, 0.30704334840448766, 0.30704334840448766, 0.30704334840448766, 0.30704334840448766, 0.30704334840448766, 0.30704334840448766, 0.30704334840448766, 0.30704334840448766, 0.30704334840448766, 0.30704334840448766, 0.30704334840448766, 0.30704334840448766, 0.30704334840448766, 0.30704334840448766, 0.30704334840448766, 0.2682350737279289, 0.2682350737279289, 0.2682350737279289, 0.2682350737279289, 0.2682350737279289, 0.2682350737279289, 0.2682350737279289, 0.2682350737279289, 0.2682350737279289, 0.2682350737279289, 0.2682350737279289, 0.2682350737279289, 0.2682350737279289, 0.2682350737279289, 0.2682350737279289, 0.2682350737279289, 0.2682350737279289, 0.2682350737279289, 0.2682350737279289, 0.2682350737279289, 0.2682350737279289, 0.2682350737279289, 0.2682350737279289, 0.2682350737279289, 0.2682350737279289, 0.2682350737279289, 0.2682350737279289, 0.2682350737279289, 0.2682350737279289, 0.2682350737279289, 0.2682350737279289, 0.2682350737279289, 0.2682350737279289, 0.2682350737279289, 0.2682350737279289, 0.2682350737279289]","{""elitism_fraction"": 0.2, ""max_iterations"": 140, ""mutation_fraction"": 0.1, ""population_size"": 50}"
griewank,Griewank,9,1378,ea,Algoritmo evolutivo,3,"[-600.0, 600.0]","[0.0, 0.0, 0.0]","[6.442619875165292, 13.180972120051138, 26.542036087338033]",0.3194707621379259,30.326969128928706,140,7050,"[14.93488427050536, 14.93488427050536, 14.023790452087148, 12.62623704493103, 12.62623704493103, 9.379944309692863, 7.666485494853497, 2.8043716833338266, 2.8043716833338266, 2.7932799961527044, 2.7932799961527044, 2.7932799961527044, 2.7563855992703687, 2.7563855992703687, 2.4543229243608273, 2.4543229243608273, 2.4543229243608273, 2.4543229243608273, 2.4543229243608273, 2.4543229243608273, 2.2637074423934007, 1.7407419429307387, 1.7407419429307387, 1.7407419429307387, 1.7407419429307387, 1.7407419429307387, 1.7407419429307387, 1.7407419429307387, 1.7407419429307387, 1.3539303713587163, 1.3539303713587163, 1.3539303713587163, 1.3539303713587163, 1.3539303713587163, 1.3539303713587163, 1.2357233881839649, 0.8865732774406418, 0.8865732774406418, 0.8865732774406418, 0.8865732774406418, 0.6973013103802327, 0.391616726103872, 0.391616726103872, 0.391616726103872, 0.391616726103872, 0.391616726103872, 0.391616726103872, 0.391616726103872, 0.391616726103872, 0.391616726103872, 0.391616726103872, 0.391616726103872, 0.391616726103872, 0.391616726103872, 0.391616726103872, 0.391616726103872, 0.391616726103872, 0.391616726103872, 0.391616726103872, 0.391616726103872, 0.391616726103872, 0.391616726103872, 0.391616726103872, 0.391616726103872, 0.391616726103872, 0.391616726103872, 0.391616726103872, 0.391616726103872, 0.391616726103872, 0.391616726103872, 0.391616726103872, 0.391616726103872, 0.391616726103872, 0.391616726103872, 0.391616726103872, 0.391616726103872, 0.391616726103872, 0.391616726103872, 0.391616726103872, 0.391616726103872, 0.391616726103872, 0.391616726103872, 0.391616726103872, 0.391616726103872, 0.391616726103872, 0.391616726103872, 0.391616726103872, 0.391616726103872, 0.391616726103872, 0.391616726103872, 0.391616726103872, 0.391616726103872, 0.391616726103872, 0.391616726103872, 0.391616726103872, 0.391616726103872, 0.391616726103872, 0.391616726103872, 0.391616726103872, 0.391616726103872, 0.391616726103872, 0.391616726103872, 0.391616726103872, 0.391616726103872, 0.3194707621379259, 0.3194707621379259, 0.3194707621379259, 0.3194707621379259, 0.3194707621379259, 0.3194707621379259, 0.3194707621379259, 0.3194707621379259, 0.3194707621379259, 0.3194707621379259, 0.3194707621379259, 0.3194707621379259, 0.3194707621379259, 0.3194707621379259, 0.3194707621379259, 0.3194707621379259, 0.3194707621379259, 0.3194707621379259, 0.3194707621379259, 0.3194707621379259, 0.3194707621379259, 0.3194707621379259, 0.3194707621379259, 0.3194707621379259, 0.3194707621379259, 0.3194707621379259, 0.3194707621379259, 0.3194707621379259, 0.3194707621379259, 0.3194707621379259, 0.3194707621379259, 0.3194707621379259, 0.3194707621379259, 0.3194707621379259, 0.3194707621379259, 0.3194707621379259, 0.3194707621379259]","{""elitism_fraction"": 0.2, ""max_iterations"": 140, ""mutation_fraction"": 0.1, ""population_size"": 50}"
griewank,Griewank,10,1418,ea,Algoritmo evolutivo,3,"[-600.0, 600.0]","[0.0, 0.0, 0.0]","[12.67700404109803, 0.5436868014317042, 0.36787607334213135]",0.13964809644161857,12.693989113017405,140,7050,"[7.209803264679213, 7.209803264679213, 7.209803264679213, 7.209803264679213, 7.209803264679213, 7.209803264679213, 7.209803264679213, 4.071872180140487, 3.3504365076269838, 1.1966344958242898, 1.1966344958242898, 1.1966344958242898, 1.1966344958242898, 1.1966344958242898, 1.1966344958242898, 1.1384627361590858, 1.1384627361590858, 1.1384627361590858, 1.1384627361590858, 1.1384627361590858, 1.1384627361590858, 1.1384627361590858, 1.1384627361590858, 1.1384627361590858, 1.1384627361590858, 1.1384627361590858, 1.1384627361590858, 1.1384627361590858, 1.1384627361590858, 1.1384627361590858, 1.1384627361590858, 1.1384627361590858, 1.1384627361590858, 0.42184677858078334, 0.42184677858078334, 0.42184677858078334, 0.42184677858078334, 0.40535389320261084, 0.40535389320261084, 0.40535389320261084, 0.40535389320261084, 0.40535389320261084, 0.40535389320261084, 0.40535389320261084, 0.40535389320261084, 0.40535389320261084, 0.40535389320261084, 0.40535389320261084, 0.40535389320261084, 0.40535389320261084, 0.40535389320261084, 0.40535389320261084, 0.40535389320261084, 0.40535389320261084, 0.40535389320261084, 0.40535389320261084, 0.40535389320261084, 0.40535389320261084, 0.40535389320261084, 0.40535389320261084, 0.40535389320261084, 0.40535389320261084, 0.40535389320261084, 0.40535389320261084, 0.40535389320261084, 0.40535389320261084, 0.40535389320261084, 0.40535389320261084, 0.40535389320261084, 0.40535389320261084, 0.40535389320261084, 0.40535389320261084, 0.40535389320261084, 0.40535389320261084, 0.40535389320261084, 0.40535389320261084, 0.40535389320261084, 0.40535389320261084, 0.40535389320261084, 0.40535389320261084, 0.40535389320261084, 0.40535389320261084, 0.40535389320261084, 0.40535389320261084, 0.40535389320261084, 0.40535389320261084, 0.40535389320261084, 0.3744068830277706, 0.3744068830277706, 0.32304619455792705, 0.32304619455792705, 0.32304619455792705, 0.32304619455792705, 0.32304619455792705, 0.32304619455792705, 0.28939465069982784, 0.28939465069982784, 0.28939465069982784, 0.28939465069982784, 0.28939465069982784, 0.28939465069982784, 0.28939465069982784, 0.2586325165648201, 0.2586325165648201, 0.2586325165648201, 0.2586325165648201, 0.2586325165648201, 0.2586325165648201, 0.2586325165648201, 0.2586325165648201, 0.2586325165648201, 0.2586325165648201, 0.2586325165648201, 0.2586325165648201, 0.2586325165648201, 0.2506662950249894, 0.2506662950249894, 0.2506662950249894, 0.2506662950249894, 0.2506662950249894, 0.2506662950249894, 0.2506662950249894, 0.2506662950249894, 0.2506662950249894, 0.2506662950249894, 0.2506662950249894, 0.2506662950249894, 0.2506662950249894, 0.2506662950249894, 0.2506662950249894, 0.2506662950249894, 0.2506662950249894, 0.13964809644161857, 0.13964809644161857, 0.13964809644161857, 0.13964809644161857, 0.13964809644161857, 0.13964809644161857, 0.13964809644161857, 0.13964809644161857, 0.13964809644161857]","{""elitism_fraction"": 0.2, ""max_iterations"": 140, ""mutation_fraction"": 0.1, ""population_size"": 50}"
griewank,Griewank,11,1419,ea,Algoritmo evolutivo,3,"[-600.0, 600.0]","[0.0, 0.0, 0.0]","[-9.577385484888168, -9.380086491366455, 4.418165811799668]",0.2785812635467272,14.114975184257938,140,7050,"[6.533286293816188, 6.533286293816188, 5.605250285780864, 5.605250285780864, 4.423149330367755, 4.423149330367755, 3.0996259473675347, 3.0996259473675347, 2.9401224949788887, 2.9401224949788887, 1.248071388831593, 1.248071388831593, 1.248071388831593, 1.2057503346116882, 1.2057503346116882, 1.2057503346116882, 1.2057503346116882, 1.2057503346116882, 1.2057503346116882, 1.2057503346116882, 1.2057503346116882, 1.2057503346116882, 1.2057503346116882, 1.0312904273488526, 1.0312904273488526, 1.0312904273488526, 1.0312904273488526, 1.0312904273488526, 1.0312904273488526, 1.0312904273488526, 1.0312904273488526, 1.0312904273488526, 1.0312904273488526, 1.0312904273488526, 1.0312904273488526, 1.0312904273488526, 1.0312904273488526, 1.0312904273488526, 1.0312904273488526, 0.5375070080153814, 0.5375070080153814, 0.5375070080153814, 0.5375070080153814, 0.5375070080153814, 0.5375070080153814, 0.5375070080153814, 0.5375070080153814, 0.30138177422008994, 0.30138177422008994, 0.30138177422008994, 0.30138177422008994, 0.30138177422008994, 0.30138177422008994, 0.30138177422008994, 0.30138177422008994, 0.30138177422008994, 0.30138177422008994, 0.30138177422008994, 0.30138177422008994, 0.30138177422008994, 0.30138177422008994, 0.30138177422008994, 0.30138177422008994, 0.30138177422008994, 0.30138177422008994, 0.30138177422008994, 0.30138177422008994, 0.30138177422008994, 0.30138177422008994, 0.30138177422008994, 0.30138177422008994, 0.30138177422008994, 0.30138177422008994, 0.30138177422008994, 0.30138177422008994, 0.30138177422008994, 0.30138177422008994, 0.30138177422008994, 0.30138177422008994, 0.30138177422008994, 0.30138177422008994, 0.30138177422008994, 0.30138177422008994, 0.30138177422008994, 0.30138177422008994, 0.30138177422008994, 0.30138177422008994, 0.30138177422008994, 0.2785812635467272, 0.2785812635467272, 0.2785812635467272, 0.2785812635467272, 0.2785812635467272, 0.2785812635467272, 0.2785812635467272, 0.2785812635467272, 0.2785812635467272, 0.2785812635467272, 0.2785812635467272, 0.2785812635467272, 0.2785812635467272, 0.2785812635467272, 0.2785812635467272, 0.2785812635467272, 0.2785812635467272, 0.2785812635467272, 0.2785812635467272, 0.2785812635467272, 0.2785812635467272, 0.2785812635467272, 0.2785812635467272, 0.2785812635467272, 0.2785812635467272, 0.2785812635467272, 0.2785812635467272, 0.2785812635467272, 0.2785812635467272, 0.2785812635467272, 0.2785812635467272, 0.2785812635467272, 0.2785812635467272, 0.2785812635467272, 0.2785812635467272, 0.2785812635467272, 0.2785812635467272, 0.2785812635467272, 0.2785812635467272, 0.2785812635467272, 0.2785812635467272, 0.2785812635467272, 0.2785812635467272, 0.2785812635467272, 0.2785812635467272, 0.2785812635467272, 0.2785812635467272, 0.2785812635467272, 0.2785812635467272, 0.2785812635467272, 0.2785812635467272, 0.2785812635467272, 0.2785812635467272]","{""elitism_fraction"": 0.2, ""max_iterations"": 140, ""mutation_fraction"": 0.1, ""population_size"": 50}"
griewank,Griewank,12,1420,ea,Algoritmo evolutivo,3,"[-600.0, 600.0]","[0.0, 0.0, 0.0]","[-14.7325198816784, -31.442238394960327, -11.07100940516625]",0.7907917415716619,36.44487270658036,140,7050,"[12.639782178436878, 12.639782178436878, 12.613706525471137, 12.038286848761837, 8.682878467489932, 7.473161707200638, 4.47857943951919, 4.47857943951919, 4.47857943951919, 4.47857943951919, 4.47857943951919, 3.3328742067762662, 3.3328742067762662, 3.3328742067762662, 2.177180874567742, 2.177180874567742, 2.177180874567742, 2.177180874567742, 2.177180874567742, 2.177180874567742, 1.9991476037586313, 1.9991476037586313, 1.9991476037586313, 1.9991476037586313, 1.9991476037586313, 1.9991476037586313, 1.9991476037586313, 1.9991476037586313, 1.552393077111516, 1.552393077111516, 1.552393077111516, 1.552393077111516, 1.552393077111516, 1.552393077111516, 1.3069979807042689, 1.3069979807042689, 1.3069979807042689, 1.3069979807042689, 1.3069979807042689, 1.3069979807042689, 1.3069979807042689, 1.3069979807042689, 1.1448181110191051, 0.9450528622111773, 0.9450528622111773, 0.9450528622111773, 0.9450528622111773, 0.9450528622111773, 0.9450528622111773, 0.9450528622111773, 0.9450528622111773, 0.9450528622111773, 0.9450528622111773, 0.9450528622111773, 0.9450528622111773, 0.878534965935571, 0.878534965935571, 0.878534965935571, 0.878534965935571, 0.878534965935571, 0.878534965935571, 0.878534965935571, 0.878534965935571, 0.878534965935571, 0.878534965935571, 0.878534965935571, 0.878534965935571, 0.878534965935571, 0.878534965935571, 0.878534965935571, 0.878534965935571, 0.878534965935571, 0.878534965935571, 0.878534965935571, 0.878534965935571, 0.878534965935571, 0.878534965935571, 0.878534965935571, 0.878534965935571, 0.878534965935571, 0.878534965935571, 0.878534965935571, 0.878534965935571, 0.878534965935571, 0.878534965935571, 0.878534965935571, 0.878534965935571, 0.878534965935571, 0.878534965935571, 0.878534965935571, 0.878534965935571, 0.878534965935571, 0.878534965935571, 0.878534965935571, 0.878534965935571, 0.878534965935571, 0.878534965935571, 0.878534965935571, 0.878534965935571, 0.878534965935571, 0.878534965935571, 0.878534965935571, 0.878534965935571, 0.878534965935571, 0.878534965935571, 0.878534965935571, 0.878534965935571, 0.878534965935571, 0.878534965935571, 0.878534965935571, 0.878534965935571, 0.878534965935571, 0.878534965935571, 0.878534965935571, 0.878534965935571, 0.878534965935571, 0.878534965935571, 0.878534965935571, 0.878534965935571, 0.878534965935571, 0.878534965935571, 0.878534965935571, 0.878534965935571, 0.878534965935571, 0.878534965935571, 0.878534965935571, 0.878534965935571, 0.878534965935571, 0.878534965935571, 0.878534965935571, 0.878534965935571, 0.7907917415716619, 0.7907917415716619, 0.7907917415716619, 0.7907917415716619, 0.7907917415716619, 0.7907917415716619, 0.7907917415716619, 0.7907917415716619, 0.7907917415716619, 0.7907917415716619]","{""elitism_fraction"": 0.2, ""max_iterations"": 140, ""mutation_fraction"": 0.1, ""population_size"": 50}"
griewank,Griewank,13,1421,ea,Algoritmo evolutivo,3,"[-600.0, 600.0]","[0.0, 0.0, 0.0]","[-18.685494745671917, -21.6858043366542, 16.07699250146152]",0.36035962198115445,32.8312581469281,140,7050,"[6.370158828782241, 6.370158828782241, 5.248842561115807, 4.080970489188758, 1.2674128994272715, 1.2674128994272715, 1.2674128994272715, 1.2674128994272715, 1.2674128994272715, 1.2674128994272715, 1.2674128994272715, 1.130912138779864, 1.130912138779864, 1.130912138779864, 1.130912138779864, 1.130912138779864, 1.130912138779864, 1.130912138779864, 0.9506006405074514, 0.9506006405074514, 0.9506006405074514, 0.9506006405074514, 0.9506006405074514, 0.9506006405074514, 0.9506006405074514, 0.9506006405074514, 0.9506006405074514, 0.9506006405074514, 0.9506006405074514, 0.9506006405074514, 0.9506006405074514, 0.9506006405074514, 0.9506006405074514, 0.5459425261997826, 0.5459425261997826, 0.5459425261997826, 0.5459425261997826, 0.5459425261997826, 0.5459425261997826, 0.5459425261997826, 0.5459425261997826, 0.5459425261997826, 0.5459425261997826, 0.5459425261997826, 0.5459425261997826, 0.5459425261997826, 0.5459425261997826, 0.5459425261997826, 0.5459425261997826, 0.5459425261997826, 0.5459425261997826, 0.5459425261997826, 0.5459425261997826, 0.5459425261997826, 0.5459425261997826, 0.5459425261997826, 0.5459425261997826, 0.5459425261997826, 0.5459425261997826, 0.5459425261997826, 0.4051352401712083, 0.4051352401712083, 0.4051352401712083, 0.4051352401712083, 0.4051352401712083, 0.4051352401712083, 0.4051352401712083, 0.3703501496733219, 0.3703501496733219, 0.3703501496733219, 0.3703501496733219, 0.3703501496733219, 0.3703501496733219, 0.3703501496733219, 0.3703501496733219, 0.3703501496733219, 0.3703501496733219, 0.3703501496733219, 0.3703501496733219, 0.3703501496733219, 0.3703501496733219, 0.3703501496733219, 0.3703501496733219, 0.3703501496733219, 0.3703501496733219, 0.3703501496733219, 0.3703501496733219, 0.3703501496733219, 0.3703501496733219, 0.3703501496733219, 0.3703501496733219, 0.3703501496733219, 0.3703501496733219, 0.3703501496733219, 0.3703501496733219, 0.3703501496733219, 0.3703501496733219, 0.3703501496733219, 0.3703501496733219, 0.3703501496733219, 0.3703501496733219, 0.3703501496733219, 0.3703501496733219, 0.3703501496733219, 0.3703501496733219, 0.3703501496733219, 0.3703501496733219, 0.3703501496733219, 0.36035962198115445, 0.36035962198115445, 0.36035962198115445, 0.36035962198115445, 0.36035962198115445, 0.36035962198115445, 0.36035962198115445, 0.36035962198115445, 0.36035962198115445, 0.36035962198115445, 0.36035962198115445, 0.36035962198115445, 0.36035962198115445, 0.36035962198115445, 0.36035962198115445, 0.36035962198115445, 0.36035962198115445, 0.36035962198115445, 0.36035962198115445, 0.36035962198115445, 0.36035962198115445, 0.36035962198115445, 0.36035962198115445, 0.36035962198115445, 0.36035962198115445, 0.36035962198115445, 0.36035962198115445, 0.36035962198115445, 0.36035962198115445, 0.36035962198115445, 0.36035962198115445, 0.36035962198115445, 0.36035962198115445]","{""elitism_fraction"": 0.2, ""max_iterations"": 140, ""mutation_fraction"": 0.1, ""population_size"": 50}"
griewank,Griewank,14,1422,ea,Algoritmo evolutivo,3,"[-600.0, 600.0]","[0.0, 0.0, 0.0]","[-6.063927778815014, -13.595815683471983, 27.67293514905225]",0.32263930920528017,31.42306102163312,140,7050,"[11.251928817646544, 10.78772274503246, 8.085343932723049, 8.085343932723049, 5.60404041606519, 5.60404041606519, 5.60404041606519, 3.997498507760232, 3.997498507760232, 3.997498507760232, 1.081087979769001, 1.081087979769001, 1.081087979769001, 0.8352669015253831, 0.8352669015253831, 0.8352669015253831, 0.8352669015253831, 0.8352669015253831, 0.8352669015253831, 0.8352669015253831, 0.8352669015253831, 0.8352669015253831, 0.8352669015253831, 0.8352669015253831, 0.8352669015253831, 0.8352669015253831, 0.8352669015253831, 0.8352669015253831, 0.8352669015253831, 0.8352669015253831, 0.7537408456163751, 0.7537408456163751, 0.7537408456163751, 0.7537408456163751, 0.6056188394097028, 0.6056188394097028, 0.6056188394097028, 0.6056188394097028, 0.6056188394097028, 0.6056188394097028, 0.6056188394097028, 0.6056188394097028, 0.6056188394097028, 0.6056188394097028, 0.6056188394097028, 0.6056188394097028, 0.6056188394097028, 0.6056188394097028, 0.6056188394097028, 0.6056188394097028, 0.6056188394097028, 0.6056188394097028, 0.6056188394097028, 0.6056188394097028, 0.6056188394097028, 0.6056188394097028, 0.6056188394097028, 0.6056188394097028, 0.6056188394097028, 0.6056188394097028, 0.6056188394097028, 0.6056188394097028, 0.6056188394097028, 0.6056188394097028, 0.6056188394097028, 0.6056188394097028, 0.6056188394097028, 0.6056188394097028, 0.6056188394097028, 0.6056188394097028, 0.6056188394097028, 0.6056188394097028, 0.6056188394097028, 0.6056188394097028, 0.6056188394097028, 0.6056188394097028, 0.3263073721568238, 0.3263073721568238, 0.3263073721568238, 0.3263073721568238, 0.3263073721568238, 0.3263073721568238, 0.3263073721568238, 0.3263073721568238, 0.3263073721568238, 0.3263073721568238, 0.32263930920528017, 0.32263930920528017, 0.32263930920528017, 0.32263930920528017, 0.32263930920528017, 0.32263930920528017, 0.32263930920528017, 0.32263930920528017, 0.32263930920528017, 0.32263930920528017, 0.32263930920528017, 0.32263930920528017, 0.32263930920528017, 0.32263930920528017, 0.32263930920528017, 0.32263930920528017, 0.32263930920528017, 0.32263930920528017, 0.32263930920528017, 0.32263930920528017, 0.32263930920528017, 0.32263930920528017, 0.32263930920528017, 0.32263930920528017, 0.32263930920528017, 0.32263930920528017, 0.32263930920528017, 0.32263930920528017, 0.32263930920528017, 0.32263930920528017, 0.32263930920528017, 0.32263930920528017, 0.32263930920528017, 0.32263930920528017, 0.32263930920528017, 0.32263930920528017, 0.32263930920528017, 0.32263930920528017, 0.32263930920528017, 0.32263930920528017, 0.32263930920528017, 0.32263930920528017, 0.32263930920528017, 0.32263930920528017, 0.32263930920528017, 0.32263930920528017, 0.32263930920528017, 0.32263930920528017, 0.32263930920528017, 0.32263930920528017, 0.32263930920528017, 0.32263930920528017, 0.32263930920528017, 0.32263930920528017, 0.32263930920528017]","{""elitism_fraction"": 0.2, ""max_iterations"": 140, ""mutation_fraction"": 0.1, ""population_size"": 50}"
griewank,Griewank,15,1423,ea,Algoritmo evolutivo,3,"[-600.0, 600.0]","[0.0, 0.0, 0.0]","[-6.123405693801715, 8.29890484385021, -0.010204220334799174]",0.12313719485603436,10.313487432691057,140,7050,"[1.4992671230489534, 1.4992671230489534, 1.4992671230489534, 1.4992671230489534, 1.4992671230489534, 1.4992671230489534, 1.4992671230489534, 1.4874585609595987, 1.4874585609595987, 1.1839139921238835, 1.1839139921238835, 1.1717101812811614, 1.1717101812811614, 1.1717101812811614, 1.1717101812811614, 1.1717101812811614, 1.1717101812811614, 1.1717101812811614, 1.1717101812811614, 1.1717101812811614, 1.1717101812811614, 1.1712957533390835, 1.1712957533390835, 1.1712957533390835, 1.1608115613385044, 1.1608115613385044, 1.1608115613385044, 0.6919827470103269, 0.6919827470103269, 0.6919827470103269, 0.6919827470103269, 0.6919827470103269, 0.6919827470103269, 0.6919827470103269, 0.6919827470103269, 0.6919827470103269, 0.6919827470103269, 0.6919827470103269, 0.6919827470103269, 0.6919827470103269, 0.6919827470103269, 0.6919827470103269, 0.6919827470103269, 0.6919827470103269, 0.6919827470103269, 0.6919827470103269, 0.6919827470103269, 0.6919827470103269, 0.6919827470103269, 0.6919827470103269, 0.6919827470103269, 0.6919827470103269, 0.6919827470103269, 0.5760061271864254, 0.5760061271864254, 0.5760061271864254, 0.5760061271864254, 0.5760061271864254, 0.5760061271864254, 0.5760061271864254, 0.5760061271864254, 0.5760061271864254, 0.5760061271864254, 0.5760061271864254, 0.5760061271864254, 0.5760061271864254, 0.5760061271864254, 0.5760061271864254, 0.5760061271864254, 0.5760061271864254, 0.5760061271864254, 0.5760061271864254, 0.5760061271864254, 0.5760061271864254, 0.5760061271864254, 0.5760061271864254, 0.5760061271864254, 0.5760061271864254, 0.5760061271864254, 0.5760061271864254, 0.5760061271864254, 0.5760061271864254, 0.5760061271864254, 0.5760061271864254, 0.5760061271864254, 0.5760061271864254, 0.5760061271864254, 0.5760061271864254, 0.4746982343601074, 0.4746982343601074, 0.4746982343601074, 0.4746982343601074, 0.4746982343601074, 0.4746982343601074, 0.4746982343601074, 0.4746982343601074, 0.4746982343601074, 0.4746982343601074, 0.4746982343601074, 0.4746982343601074, 0.4746982343601074, 0.4746982343601074, 0.4746982343601074, 0.4746982343601074, 0.4746982343601074, 0.4746982343601074, 0.4746982343601074, 0.4746982343601074, 0.4746982343601074, 0.4746982343601074, 0.4746982343601074, 0.4746982343601074, 0.4746982343601074, 0.4746982343601074, 0.4746982343601074, 0.4746982343601074, 0.4746982343601074, 0.4746982343601074, 0.4746982343601074, 0.4746982343601074, 0.4746982343601074, 0.4746982343601074, 0.4746982343601074, 0.4746982343601074, 0.4746982343601074, 0.4746982343601074, 0.4746982343601074, 0.4746982343601074, 0.4746982343601074, 0.4746982343601074, 0.4746982343601074, 0.4746982343601074, 0.4746982343601074, 0.4746982343601074, 0.4746982343601074, 0.4746982343601074, 0.4746982343601074, 0.4746982343601074, 0.12313719485603436, 0.12313719485603436, 0.12313719485603436]","{""elitism_fraction"": 0.2, ""max_iterations"": 140, ""mutation_fraction"": 0.1, ""population_size"": 50}"
griewank,Griewank,16,1424,ea,Algoritmo evolutivo,3,"[-600.0, 600.0]","[0.0, 0.0, 0.0]","[9.70023717113861, -13.245395501851135, 0.6179578159325274]",0.16733983116636408,16.42915016180294,140,7050,"[3.482491612991494, 3.482491612991494, 3.482491612991494, 3.482491612991494, 3.482491612991494, 3.482491612991494, 3.482491612991494, 3.482491612991494, 3.482491612991494, 3.482491612991494, 3.482491612991494, 2.6120238381635317, 2.356995532304552, 2.1607237412984133, 2.080052107222591, 2.080052107222591, 2.080052107222591, 2.080052107222591, 1.396266319680089, 1.396266319680089, 1.396266319680089, 1.396266319680089, 1.396266319680089, 1.396266319680089, 1.396266319680089, 0.8785567710002613, 0.8785567710002613, 0.5717561346199354, 0.5717561346199354, 0.5717561346199354, 0.5717561346199354, 0.5717561346199354, 0.5717561346199354, 0.5717561346199354, 0.5717561346199354, 0.5717561346199354, 0.5717561346199354, 0.5717561346199354, 0.5717561346199354, 0.5717561346199354, 0.5717561346199354, 0.5717561346199354, 0.5717561346199354, 0.5717561346199354, 0.5717561346199354, 0.5717561346199354, 0.5717561346199354, 0.5717561346199354, 0.5717561346199354, 0.5717561346199354, 0.5717561346199354, 0.5717561346199354, 0.5717561346199354, 0.5717561346199354, 0.5717561346199354, 0.5717561346199354, 0.3720547613438743, 0.3720547613438743, 0.3720547613438743, 0.3720547613438743, 0.3720547613438743, 0.3720547613438743, 0.3720547613438743, 0.3720547613438743, 0.3720547613438743, 0.3720547613438743, 0.3720547613438743, 0.3720547613438743, 0.3720547613438743, 0.3720547613438743, 0.3720547613438743, 0.3720547613438743, 0.3720547613438743, 0.3720547613438743, 0.3720547613438743, 0.3720547613438743, 0.3720547613438743, 0.3720547613438743, 0.3720547613438743, 0.3720547613438743, 0.3720547613438743, 0.3720547613438743, 0.3720547613438743, 0.3720547613438743, 0.3720547613438743, 0.3720547613438743, 0.3720547613438743, 0.3720547613438743, 0.3720547613438743, 0.3720547613438743, 0.3720547613438743, 0.3720547613438743, 0.3720547613438743, 0.3720547613438743, 0.3720547613438743, 0.3720547613438743, 0.3720547613438743, 0.3720547613438743, 0.3720547613438743, 0.3720547613438743, 0.3720547613438743, 0.3720547613438743, 0.16733983116636408, 0.16733983116636408, 0.16733983116636408, 0.16733983116636408, 0.16733983116636408, 0.16733983116636408, 0.16733983116636408, 0.16733983116636408, 0.16733983116636408, 0.16733983116636408, 0.16733983116636408, 0.16733983116636408, 0.16733983116636408, 0.16733983116636408, 0.16733983116636408, 0.16733983116636408, 0.16733983116636408, 0.16733983116636408, 0.16733983116636408, 0.16733983116636408, 0.16733983116636408, 0.16733983116636408, 0.16733983116636408, 0.16733983116636408, 0.16733983116636408, 0.16733983116636408, 0.16733983116636408, 0.16733983116636408, 0.16733983116636408, 0.16733983116636408, 0.16733983116636408, 0.16733983116636408, 0.16733983116636408, 0.16733983116636408, 0.16733983116636408, 0.16733983116636408, 0.16733983116636408, 0.16733983116636408, 0.16733983116636408]","{""elitism_fraction"": 0.2, ""max_iterations"": 140, ""mutation_fraction"": 0.1, ""population_size"": 50}"
griewank,Griewank,17,1425,ea,Algoritmo evolutivo,3,"[-600.0, 600.0]","[0.0, 0.0, 0.0]","[-22.084596808350625, -8.970943933112494, -5.945419307050543]",0.19883959096183956,24.567361721908764,140,7050,"[8.951716755533816, 8.951716755533816, 2.9017555741273013, 2.9017555741273013, 2.7486172240494597, 2.7252766796006807, 2.7252766796006807, 0.9923560136732887, 0.9923560136732887, 0.9923560136732887, 0.8091751473285537, 0.8091751473285537, 0.8091751473285537, 0.8091751473285537, 0.8091751473285537, 0.8091751473285537, 0.8091751473285537, 0.8091751473285537, 0.8091751473285537, 0.5492998346060607, 0.5492998346060607, 0.5492998346060607, 0.5492998346060607, 0.5492998346060607, 0.5492998346060607, 0.5492998346060607, 0.5492998346060607, 0.5492998346060607, 0.5492998346060607, 0.5492998346060607, 0.19883959096183956, 0.19883959096183956, 0.19883959096183956, 0.19883959096183956, 0.19883959096183956, 0.19883959096183956, 0.19883959096183956, 0.19883959096183956, 0.19883959096183956, 0.19883959096183956, 0.19883959096183956, 0.19883959096183956, 0.19883959096183956, 0.19883959096183956, 0.19883959096183956, 0.19883959096183956, 0.19883959096183956, 0.19883959096183956, 0.19883959096183956, 0.19883959096183956, 0.19883959096183956, 0.19883959096183956, 0.19883959096183956, 0.19883959096183956, 0.19883959096183956, 0.19883959096183956, 0.19883959096183956, 0.19883959096183956, 0.19883959096183956, 0.19883959096183956, 0.19883959096183956, 0.19883959096183956, 0.19883959096183956, 0.19883959096183956, 0.19883959096183956, 0.19883959096183956, 0.19883959096183956, 0.19883959096183956, 0.19883959096183956, 0.19883959096183956, 0.19883959096183956, 0.19883959096183956, 0.19883959096183956, 0.19883959096183956, 0.19883959096183956, 0.19883959096183956, 0.19883959096183956, 0.19883959096183956, 0.19883959096183956, 0.19883959096183956, 0.19883959096183956, 0.19883959096183956, 0.19883959096183956, 0.19883959096183956, 0.19883959096183956, 0.19883959096183956, 0.19883959096183956, 0.19883959096183956, 0.19883959096183956, 0.19883959096183956, 0.19883959096183956, 0.19883959096183956, 0.19883959096183956, 0.19883959096183956, 0.19883959096183956, 0.19883959096183956, 0.19883959096183956, 0.19883959096183956, 0.19883959096183956, 0.19883959096183956, 0.19883959096183956, 0.19883959096183956, 0.19883959096183956, 0.19883959096183956, 0.19883959096183956, 0.19883959096183956, 0.19883959096183956, 0.19883959096183956, 0.19883959096183956, 0.19883959096183956, 0.19883959096183956, 0.19883959096183956, 0.19883959096183956, 0.19883959096183956, 0.19883959096183956, 0.19883959096183956, 0.19883959096183956, 0.19883959096183956, 0.19883959096183956, 0.19883959096183956, 0.19883959096183956, 0.19883959096183956, 0.19883959096183956, 0.19883959096183956, 0.19883959096183956, 0.19883959096183956, 0.19883959096183956, 0.19883959096183956, 0.19883959096183956, 0.19883959096183956, 0.19883959096183956, 0.19883959096183956, 0.19883959096183956, 0.19883959096183956, 0.19883959096183956, 0.19883959096183956, 0.19883959096183956, 0.19883959096183956, 0.19883959096183956, 0.19883959096183956, 0.19883959096183956]","{""elitism_fraction"": 0.2, ""max_iterations"": 140, ""mutation_fraction"": 0.1, ""population_size"": 50}"
griewank,Griewank,18,1426,ea,Algoritmo evolutivo,3,"[-600.0, 600.0]","[0.0, 0.0, 0.0]","[-1.8284226817702347, 13.865083615000003, -0.5757595352714588]",0.8252598591711373,13.996970107727224,140,7050,"[23.045885043287434, 23.02988330593268, 16.52995295987464, 3.552139816246884, 3.552139816246884, 3.552139816246884, 3.552139816246884, 1.7858387376696743, 1.7858387376696743, 1.7858387376696743, 1.398641071854784, 1.398641071854784, 1.398641071854784, 1.398641071854784, 1.398641071854784, 1.3740569824147668, 1.3740569824147668, 1.0789810108598026, 1.0789810108598026, 1.0789810108598026, 1.0789810108598026, 1.0789810108598026, 1.065999620471148, 1.065999620471148, 1.065999620471148, 1.065999620471148, 1.065999620471148, 1.065999620471148, 1.065999620471148, 1.065999620471148, 1.065999620471148, 1.065999620471148, 1.065999620471148, 1.065999620471148, 1.065999620471148, 1.065999620471148, 1.065999620471148, 1.065999620471148, 1.065999620471148, 1.065999620471148, 1.065999620471148, 1.065999620471148, 1.065999620471148, 1.065999620471148, 1.065999620471148, 1.065999620471148, 1.065999620471148, 1.065999620471148, 1.065999620471148, 1.065999620471148, 1.065999620471148, 1.065999620471148, 1.065999620471148, 1.065999620471148, 1.065999620471148, 1.065999620471148, 1.065999620471148, 1.065999620471148, 1.065999620471148, 1.065999620471148, 1.0081119826519733, 1.0081119826519733, 1.0081119826519733, 1.0081119826519733, 1.0081119826519733, 1.0081119826519733, 1.0081119826519733, 1.0081119826519733, 1.0081119826519733, 1.0081119826519733, 1.0081119826519733, 1.0081119826519733, 1.0081119826519733, 1.0081119826519733, 1.0081119826519733, 1.0081119826519733, 1.0081119826519733, 1.0081119826519733, 1.0081119826519733, 1.0081119826519733, 1.0081119826519733, 1.0081119826519733, 1.0081119826519733, 1.0081119826519733, 1.0081119826519733, 1.0081119826519733, 1.0081119826519733, 1.0081119826519733, 1.0081119826519733, 1.0081119826519733, 1.0081119826519733, 1.0081119826519733, 1.0081119826519733, 1.0081119826519733, 1.0081119826519733, 1.0081119826519733, 1.0081119826519733, 1.0081119826519733, 1.0081119826519733, 1.0081119826519733, 1.0081119826519733, 1.0081119826519733, 1.0081119826519733, 1.0081119826519733, 1.0081119826519733, 1.0081119826519733, 1.0081119826519733, 1.0081119826519733, 0.8781676248512043, 0.8781676248512043, 0.8781676248512043, 0.8781676248512043, 0.8781676248512043, 0.8781676248512043, 0.8781676248512043, 0.8781676248512043, 0.8781676248512043, 0.8781676248512043, 0.8781676248512043, 0.8252598591711373, 0.8252598591711373, 0.8252598591711373, 0.8252598591711373, 0.8252598591711373, 0.8252598591711373, 0.8252598591711373, 0.8252598591711373, 0.8252598591711373, 0.8252598591711373, 0.8252598591711373, 0.8252598591711373, 0.8252598591711373, 0.8252598591711373, 0.8252598591711373, 0.8252598591711373, 0.8252598591711373, 0.8252598591711373, 0.8252598591711373, 0.8252598591711373, 0.8252598591711373, 0.8252598591711373]","{""elitism_fraction"": 0.2, ""max_iterations"": 140, ""mutation_fraction"": 0.1, ""population_size"": 50}"
griewank,Griewank,19,1427,ea,Algoritmo evolutivo,3,"[-600.0, 600.0]","[0.0, 0.0, 0.0]","[3.1807149664584813, -8.563808301005565, -5.2208647174686575]",0.062106154445933925,10.522033487512473,140,7050,"[10.444510978739826, 6.780695411687666, 6.780695411687666, 6.780695411687666, 3.1821942958809415, 1.1533478905267476, 1.1533478905267476, 1.1533478905267476, 1.1533478905267476, 1.1533478905267476, 1.0465062601433122, 1.0465062601433122, 1.0465062601433122, 1.0465062601433122, 1.0465062601433122, 1.0465062601433122, 1.0465062601433122, 1.0465062601433122, 1.0465062601433122, 1.0465062601433122, 1.0465062601433122, 1.0465062601433122, 1.0465062601433122, 1.0465062601433122, 1.0465062601433122, 1.0465062601433122, 1.0465062601433122, 1.0465062601433122, 1.0465062601433122, 1.0465062601433122, 1.0465062601433122, 0.9775975660835933, 0.9775975660835933, 0.9775975660835933, 0.9175218868557511, 0.9175218868557511, 0.9175218868557511, 0.9175218868557511, 0.906896061537338, 0.906896061537338, 0.906896061537338, 0.906896061537338, 0.906896061537338, 0.906896061537338, 0.906896061537338, 0.906896061537338, 0.906896061537338, 0.906896061537338, 0.906896061537338, 0.906896061537338, 0.906896061537338, 0.906896061537338, 0.906896061537338, 0.906896061537338, 0.906896061537338, 0.906896061537338, 0.8069710229225153, 0.8069710229225153, 0.8069710229225153, 0.8069710229225153, 0.8069710229225153, 0.8069710229225153, 0.8069710229225153, 0.8069710229225153, 0.8069710229225153, 0.8069710229225153, 0.8069710229225153, 0.6221625840180915, 0.6221625840180915, 0.6221625840180915, 0.6221625840180915, 0.6221625840180915, 0.6221625840180915, 0.6221625840180915, 0.6221625840180915, 0.6221625840180915, 0.6221625840180915, 0.6221625840180915, 0.6221625840180915, 0.41184691415681374, 0.41184691415681374, 0.2283268828977465, 0.2283268828977465, 0.2283268828977465, 0.2283268828977465, 0.2283268828977465, 0.2283268828977465, 0.2283268828977465, 0.2283268828977465, 0.2283268828977465, 0.2283268828977465, 0.2283268828977465, 0.2283268828977465, 0.2283268828977465, 0.2283268828977465, 0.2283268828977465, 0.2283268828977465, 0.2283268828977465, 0.2283268828977465, 0.2283268828977465, 0.2283268828977465, 0.2283268828977465, 0.2283268828977465, 0.2283268828977465, 0.2283268828977465, 0.2283268828977465, 0.2283268828977465, 0.2283268828977465, 0.2283268828977465, 0.2283268828977465, 0.12082052531744691, 0.12082052531744691, 0.12082052531744691, 0.12082052531744691, 0.12082052531744691, 0.12082052531744691, 0.12082052531744691, 0.12082052531744691, 0.12082052531744691, 0.12082052531744691, 0.062106154445933925, 0.062106154445933925, 0.062106154445933925, 0.062106154445933925, 0.062106154445933925, 0.062106154445933925, 0.062106154445933925, 0.062106154445933925, 0.062106154445933925, 0.062106154445933925, 0.062106154445933925, 0.062106154445933925, 0.062106154445933925, 0.062106154445933925, 0.062106154445933925, 0.062106154445933925, 0.062106154445933925, 0.062106154445933925, 0.062106154445933925, 0.062106154445933925, 0.062106154445933925]","{""elitism_fraction"": 0.2, ""max_iterations"": 140, ""mutation_fraction"": 0.1, ""population_size"": 50}"
griewank,Griewank,20,1419,ea,Algoritmo evolutivo,3,"[-600.0, 600.0]","[0.0, 0.0, 0.0]","[-9.577385484888168, -9.380086491366455, 4.418165811799668]",0.2785812635467272,14.114975184257938,140,7050,"[6.533286293816188, 6.533286293816188, 5.605250285780864, 5.605250285780864, 4.423149330367755, 4.423149330367755, 3.0996259473675347, 3.0996259473675347, 2.9401224949788887, 2.9401224949788887, 1.248071388831593, 1.248071388831593, 1.248071388831593, 1.2057503346116882, 1.2057503346116882, 1.2057503346116882, 1.2057503346116882, 1.2057503346116882, 1.2057503346116882, 1.2057503346116882, 1.2057503346116882, 1.2057503346116882, 1.2057503346116882, 1.0312904273488526, 1.0312904273488526, 1.0312904273488526, 1.0312904273488526, 1.0312904273488526, 1.0312904273488526, 1.0312904273488526, 1.0312904273488526, 1.0312904273488526, 1.0312904273488526, 1.0312904273488526, 1.0312904273488526, 1.0312904273488526, 1.0312904273488526, 1.0312904273488526, 1.0312904273488526, 0.5375070080153814, 0.5375070080153814, 0.5375070080153814, 0.5375070080153814, 0.5375070080153814, 0.5375070080153814, 0.5375070080153814, 0.5375070080153814, 0.30138177422008994, 0.30138177422008994, 0.30138177422008994, 0.30138177422008994, 0.30138177422008994, 0.30138177422008994, 0.30138177422008994, 0.30138177422008994, 0.30138177422008994, 0.30138177422008994, 0.30138177422008994, 0.30138177422008994, 0.30138177422008994, 0.30138177422008994, 0.30138177422008994, 0.30138177422008994, 0.30138177422008994, 0.30138177422008994, 0.30138177422008994, 0.30138177422008994, 0.30138177422008994, 0.30138177422008994, 0.30138177422008994, 0.30138177422008994, 0.30138177422008994, 0.30138177422008994, 0.30138177422008994, 0.30138177422008994, 0.30138177422008994, 0.30138177422008994, 0.30138177422008994, 0.30138177422008994, 0.30138177422008994, 0.30138177422008994, 0.30138177422008994, 0.30138177422008994, 0.30138177422008994, 0.30138177422008994, 0.30138177422008994, 0.30138177422008994, 0.30138177422008994, 0.2785812635467272, 0.2785812635467272, 0.2785812635467272, 0.2785812635467272, 0.2785812635467272, 0.2785812635467272, 0.2785812635467272, 0.2785812635467272, 0.2785812635467272, 0.2785812635467272, 0.2785812635467272, 0.2785812635467272, 0.2785812635467272, 0.2785812635467272, 0.2785812635467272, 0.2785812635467272, 0.2785812635467272, 0.2785812635467272, 0.2785812635467272, 0.2785812635467272, 0.2785812635467272, 0.2785812635467272, 0.2785812635467272, 0.2785812635467272, 0.2785812635467272, 0.2785812635467272, 0.2785812635467272, 0.2785812635467272, 0.2785812635467272, 0.2785812635467272, 0.2785812635467272, 0.2785812635467272, 0.2785812635467272, 0.2785812635467272, 0.2785812635467272, 0.2785812635467272, 0.2785812635467272, 0.2785812635467272, 0.2785812635467272, 0.2785812635467272, 0.2785812635467272, 0.2785812635467272, 0.2785812635467272, 0.2785812635467272, 0.2785812635467272, 0.2785812635467272, 0.2785812635467272, 0.2785812635467272, 0.2785812635467272, 0.2785812635467272, 0.2785812635467272, 0.2785812635467272, 0.2785812635467272]","{""elitism_fraction"": 0.2, ""max_iterations"": 140, ""mutation_fraction"": 0.1, ""population_size"": 50}"
griewank,Griewank,21,1420,ea,Algoritmo evolutivo,3,"[-600.0, 600.0]","[0.0, 0.0, 0.0]","[-14.7325198816784, -31.442238394960327, -11.07100940516625]",0.7907917415716619,36.44487270658036,140,7050,"[12.639782178436878, 12.639782178436878, 12.613706525471137, 12.038286848761837, 8.682878467489932, 7.473161707200638, 4.47857943951919, 4.47857943951919, 4.47857943951919, 4.47857943951919, 4.47857943951919, 3.3328742067762662, 3.3328742067762662, 3.3328742067762662, 2.177180874567742, 2.177180874567742, 2.177180874567742, 2.177180874567742, 2.177180874567742, 2.177180874567742, 1.9991476037586313, 1.9991476037586313, 1.9991476037586313, 1.9991476037586313, 1.9991476037586313, 1.9991476037586313, 1.9991476037586313, 1.9991476037586313, 1.552393077111516, 1.552393077111516, 1.552393077111516, 1.552393077111516, 1.552393077111516, 1.552393077111516, 1.3069979807042689, 1.3069979807042689, 1.3069979807042689, 1.3069979807042689, 1.3069979807042689, 1.3069979807042689, 1.3069979807042689, 1.3069979807042689, 1.1448181110191051, 0.9450528622111773, 0.9450528622111773, 0.9450528622111773, 0.9450528622111773, 0.9450528622111773, 0.9450528622111773, 0.9450528622111773, 0.9450528622111773, 0.9450528622111773, 0.9450528622111773, 0.9450528622111773, 0.9450528622111773, 0.878534965935571, 0.878534965935571, 0.878534965935571, 0.878534965935571, 0.878534965935571, 0.878534965935571, 0.878534965935571, 0.878534965935571, 0.878534965935571, 0.878534965935571, 0.878534965935571, 0.878534965935571, 0.878534965935571, 0.878534965935571, 0.878534965935571, 0.878534965935571, 0.878534965935571, 0.878534965935571, 0.878534965935571, 0.878534965935571, 0.878534965935571, 0.878534965935571, 0.878534965935571, 0.878534965935571, 0.878534965935571, 0.878534965935571, 0.878534965935571, 0.878534965935571, 0.878534965935571, 0.878534965935571, 0.878534965935571, 0.878534965935571, 0.878534965935571, 0.878534965935571, 0.878534965935571, 0.878534965935571, 0.878534965935571, 0.878534965935571, 0.878534965935571, 0.878534965935571, 0.878534965935571, 0.878534965935571, 0.878534965935571, 0.878534965935571, 0.878534965935571, 0.878534965935571, 0.878534965935571, 0.878534965935571, 0.878534965935571, 0.878534965935571, 0.878534965935571, 0.878534965935571, 0.878534965935571, 0.878534965935571, 0.878534965935571, 0.878534965935571, 0.878534965935571, 0.878534965935571, 0.878534965935571, 0.878534965935571, 0.878534965935571, 0.878534965935571, 0.878534965935571, 0.878534965935571, 0.878534965935571, 0.878534965935571, 0.878534965935571, 0.878534965935571, 0.878534965935571, 0.878534965935571, 0.878534965935571, 0.878534965935571, 0.878534965935571, 0.878534965935571, 0.878534965935571, 0.878534965935571, 0.7907917415716619, 0.7907917415716619, 0.7907917415716619, 0.7907917415716619, 0.7907917415716619, 0.7907917415716619, 0.7907917415716619, 0.7907917415716619, 0.7907917415716619, 0.7907917415716619]","{""elitism_fraction"": 0.2, ""max_iterations"": 140, ""mutation_fraction"": 0.1, ""population_size"": 50}"
griewank,Griewank,22,1421,ea,Algoritmo evolutivo,3,"[-600.0, 600.0]","[0.0, 0.0, 0.0]","[-18.685494745671917, -21.6858043366542, 16.07699250146152]",0.36035962198115445,32.8312581469281,140,7050,"[6.370158828782241, 6.370158828782241, 5.248842561115807, 4.080970489188758, 1.2674128994272715, 1.2674128994272715, 1.2674128994272715, 1.2674128994272715, 1.2674128994272715, 1.2674128994272715, 1.2674128994272715, 1.130912138779864, 1.130912138779864, 1.130912138779864, 1.130912138779864, 1.130912138779864, 1.130912138779864, 1.130912138779864, 0.9506006405074514, 0.9506006405074514, 0.9506006405074514, 0.9506006405074514, 0.9506006405074514, 0.9506006405074514, 0.9506006405074514, 0.9506006405074514, 0.9506006405074514, 0.9506006405074514, 0.9506006405074514, 0.9506006405074514, 0.9506006405074514, 0.9506006405074514, 0.9506006405074514, 0.5459425261997826, 0.5459425261997826, 0.5459425261997826, 0.5459425261997826, 0.5459425261997826, 0.5459425261997826, 0.5459425261997826, 0.5459425261997826, 0.5459425261997826, 0.5459425261997826, 0.5459425261997826, 0.5459425261997826, 0.5459425261997826, 0.5459425261997826, 0.5459425261997826, 0.5459425261997826, 0.5459425261997826, 0.5459425261997826, 0.5459425261997826, 0.5459425261997826, 0.5459425261997826, 0.5459425261997826, 0.5459425261997826, 0.5459425261997826, 0.5459425261997826, 0.5459425261997826, 0.5459425261997826, 0.4051352401712083, 0.4051352401712083, 0.4051352401712083, 0.4051352401712083, 0.4051352401712083, 0.4051352401712083, 0.4051352401712083, 0.3703501496733219, 0.3703501496733219, 0.3703501496733219, 0.3703501496733219, 0.3703501496733219, 0.3703501496733219, 0.3703501496733219, 0.3703501496733219, 0.3703501496733219, 0.3703501496733219, 0.3703501496733219, 0.3703501496733219, 0.3703501496733219, 0.3703501496733219, 0.3703501496733219, 0.3703501496733219, 0.3703501496733219, 0.3703501496733219, 0.3703501496733219, 0.3703501496733219, 0.3703501496733219, 0.3703501496733219, 0.3703501496733219, 0.3703501496733219, 0.3703501496733219, 0.3703501496733219, 0.3703501496733219, 0.3703501496733219, 0.3703501496733219, 0.3703501496733219, 0.3703501496733219, 0.3703501496733219, 0.3703501496733219, 0.3703501496733219, 0.3703501496733219, 0.3703501496733219, 0.3703501496733219, 0.3703501496733219, 0.3703501496733219, 0.3703501496733219, 0.3703501496733219, 0.36035962198115445, 0.36035962198115445, 0.36035962198115445, 0.36035962198115445, 0.36035962198115445, 0.36035962198115445, 0.36035962198115445, 0.36035962198115445, 0.36035962198115445, 0.36035962198115445, 0.36035962198115445, 0.36035962198115445, 0.36035962198115445, 0.36035962198115445, 0.36035962198115445, 0.36035962198115445, 0.36035962198115445, 0.36035962198115445, 0.36035962198115445, 0.36035962198115445, 0.36035962198115445, 0.36035962198115445, 0.36035962198115445, 0.36035962198115445, 0.36035962198115445, 0.36035962198115445, 0.36035962198115445, 0.36035962198115445, 0.36035962198115445, 0.36035962198115445, 0.36035962198115445, 0.36035962198115445, 0.36035962198115445]","{""elitism_fraction"": 0.2, ""max_iterations"": 140, ""mutation_fraction"": 0.1, ""population_size"": 50}"
griewank,Griewank,23,1422,ea,Algoritmo evolutivo,3,"[-600.0, 600.0]","[0.0, 0.0, 0.0]","[-6.063927778815014, -13.595815683471983, 27.67293514905225]",0.32263930920528017,31.42306102163312,140,7050,"[11.251928817646544, 10.78772274503246, 8.085343932723049, 8.085343932723049, 5.60404041606519, 5.60404041606519, 5.60404041606519, 3.997498507760232, 3.997498507760232, 3.997498507760232, 1.081087979769001, 1.081087979769001, 1.081087979769001, 0.8352669015253831, 0.8352669015253831, 0.8352669015253831, 0.8352669015253831, 0.8352669015253831, 0.8352669015253831, 0.8352669015253831, 0.8352669015253831, 0.8352669015253831, 0.8352669015253831, 0.8352669015253831, 0.8352669015253831, 0.8352669015253831, 0.8352669015253831, 0.8352669015253831, 0.8352669015253831, 0.8352669015253831, 0.7537408456163751, 0.7537408456163751, 0.7537408456163751, 0.7537408456163751, 0.6056188394097028, 0.6056188394097028, 0.6056188394097028, 0.6056188394097028, 0.6056188394097028, 0.6056188394097028, 0.6056188394097028, 0.6056188394097028, 0.6056188394097028, 0.6056188394097028, 0.6056188394097028, 0.6056188394097028, 0.6056188394097028, 0.6056188394097028, 0.6056188394097028, 0.6056188394097028, 0.6056188394097028, 0.6056188394097028, 0.6056188394097028, 0.6056188394097028, 0.6056188394097028, 0.6056188394097028, 0.6056188394097028, 0.6056188394097028, 0.6056188394097028, 0.6056188394097028, 0.6056188394097028, 0.6056188394097028, 0.6056188394097028, 0.6056188394097028, 0.6056188394097028, 0.6056188394097028, 0.6056188394097028, 0.6056188394097028, 0.6056188394097028, 0.6056188394097028, 0.6056188394097028, 0.6056188394097028, 0.6056188394097028, 0.6056188394097028, 0.6056188394097028, 0.6056188394097028, 0.3263073721568238, 0.3263073721568238, 0.3263073721568238, 0.3263073721568238, 0.3263073721568238, 0.3263073721568238, 0.3263073721568238, 0.3263073721568238, 0.3263073721568238, 0.3263073721568238, 0.32263930920528017, 0.32263930920528017, 0.32263930920528017, 0.32263930920528017, 0.32263930920528017, 0.32263930920528017, 0.32263930920528017, 0.32263930920528017, 0.32263930920528017, 0.32263930920528017, 0.32263930920528017, 0.32263930920528017, 0.32263930920528017, 0.32263930920528017, 0.32263930920528017, 0.32263930920528017, 0.32263930920528017, 0.32263930920528017, 0.32263930920528017, 0.32263930920528017, 0.32263930920528017, 0.32263930920528017, 0.32263930920528017, 0.32263930920528017, 0.32263930920528017, 0.32263930920528017, 0.32263930920528017, 0.32263930920528017, 0.32263930920528017, 0.32263930920528017, 0.32263930920528017, 0.32263930920528017, 0.32263930920528017, 0.32263930920528017, 0.32263930920528017, 0.32263930920528017, 0.32263930920528017, 0.32263930920528017, 0.32263930920528017, 0.32263930920528017, 0.32263930920528017, 0.32263930920528017, 0.32263930920528017, 0.32263930920528017, 0.32263930920528017, 0.32263930920528017, 0.32263930920528017, 0.32263930920528017, 0.32263930920528017, 0.32263930920528017, 0.32263930920528017, 0.32263930920528017, 0.32263930920528017, 0.32263930920528017, 0.32263930920528017]","{""elitism_fraction"": 0.2, ""max_iterations"": 140, ""mutation_fraction"": 0.1, ""population_size"": 50}"
griewank,Griewank,24,1423,ea,Algoritmo evolutivo,3,"[-600.0, 600.0]","[0.0, 0.0, 0.0]","[-6.123405693801715, 8.29890484385021, -0.010204220334799174]",0.12313719485603436,10.313487432691057,140,7050,"[1.4992671230489534, 1.4992671230489534, 1.4992671230489534, 1.4992671230489534, 1.4992671230489534, 1.4992671230489534, 1.4992671230489534, 1.4874585609595987, 1.4874585609595987, 1.1839139921238835, 1.1839139921238835, 1.1717101812811614, 1.1717101812811614, 1.1717101812811614, 1.1717101812811614, 1.1717101812811614, 1.1717101812811614, 1.1717101812811614, 1.1717101812811614, 1.1717101812811614, 1.1717101812811614, 1.1712957533390835, 1.1712957533390835, 1.1712957533390835, 1.1608115613385044, 1.1608115613385044, 1.1608115613385044, 0.6919827470103269, 0.6919827470103269, 0.6919827470103269, 0.6919827470103269, 0.6919827470103269, 0.6919827470103269, 0.6919827470103269, 0.6919827470103269, 0.6919827470103269, 0.6919827470103269, 0.6919827470103269, 0.6919827470103269, 0.6919827470103269, 0.6919827470103269, 0.6919827470103269, 0.6919827470103269, 0.6919827470103269, 0.6919827470103269, 0.6919827470103269, 0.6919827470103269, 0.6919827470103269, 0.6919827470103269, 0.6919827470103269, 0.6919827470103269, 0.6919827470103269, 0.6919827470103269, 0.5760061271864254, 0.5760061271864254, 0.5760061271864254, 0.5760061271864254, 0.5760061271864254, 0.5760061271864254, 0.5760061271864254, 0.5760061271864254, 0.5760061271864254, 0.5760061271864254, 0.5760061271864254, 0.5760061271864254, 0.5760061271864254, 0.5760061271864254, 0.5760061271864254, 0.5760061271864254, 0.5760061271864254, 0.5760061271864254, 0.5760061271864254, 0.5760061271864254, 0.5760061271864254, 0.5760061271864254, 0.5760061271864254, 0.5760061271864254, 0.5760061271864254, 0.5760061271864254, 0.5760061271864254, 0.5760061271864254, 0.5760061271864254, 0.5760061271864254, 0.5760061271864254, 0.5760061271864254, 0.5760061271864254, 0.5760061271864254, 0.5760061271864254, 0.4746982343601074, 0.4746982343601074, 0.4746982343601074, 0.4746982343601074, 0.4746982343601074, 0.4746982343601074, 0.4746982343601074, 0.4746982343601074, 0.4746982343601074, 0.4746982343601074, 0.4746982343601074, 0.4746982343601074, 0.4746982343601074, 0.4746982343601074, 0.4746982343601074, 0.4746982343601074, 0.4746982343601074, 0.4746982343601074, 0.4746982343601074, 0.4746982343601074, 0.4746982343601074, 0.4746982343601074, 0.4746982343601074, 0.4746982343601074, 0.4746982343601074, 0.4746982343601074, 0.4746982343601074, 0.4746982343601074, 0.4746982343601074, 0.4746982343601074, 0.4746982343601074, 0.4746982343601074, 0.4746982343601074, 0.4746982343601074, 0.4746982343601074, 0.4746982343601074, 0.4746982343601074, 0.4746982343601074, 0.4746982343601074, 0.4746982343601074, 0.4746982343601074, 0.4746982343601074, 0.4746982343601074, 0.4746982343601074, 0.4746982343601074, 0.4746982343601074, 0.4746982343601074, 0.4746982343601074, 0.4746982343601074, 0.4746982343601074, 0.12313719485603436, 0.12313719485603436, 0.12313719485603436]","{""elitism_fraction"": 0.2, ""max_iterations"": 140, ""mutation_fraction"": 0.1, ""population_size"": 50}"
griewank,Griewank,25,1424,ea,Algoritmo evolutivo,3,"[-600.0, 600.0]","[0.0, 0.0, 0.0]","[9.70023717113861, -13.245395501851135, 0.6179578159325274]",0.16733983116636408,16.42915016180294,140,7050,"[3.482491612991494, 3.482491612991494, 3.482491612991494, 3.482491612991494, 3.482491612991494, 3.482491612991494, 3.482491612991494, 3.482491612991494, 3.482491612991494, 3.482491612991494, 3.482491612991494, 2.6120238381635317, 2.356995532304552, 2.1607237412984133, 2.080052107222591, 2.080052107222591, 2.080052107222591, 2.080052107222591, 1.396266319680089, 1.396266319680089, 1.396266319680089, 1.396266319680089, 1.396266319680089, 1.396266319680089, 1.396266319680089, 0.8785567710002613, 0.8785567710002613, 0.5717561346199354, 0.5717561346199354, 0.5717561346199354, 0.5717561346199354, 0.5717561346199354, 0.5717561346199354, 0.5717561346199354, 0.5717561346199354, 0.5717561346199354, 0.5717561346199354, 0.5717561346199354, 0.5717561346199354, 0.5717561346199354, 0.5717561346199354, 0.5717561346199354, 0.5717561346199354, 0.5717561346199354, 0.5717561346199354, 0.5717561346199354, 0.5717561346199354, 0.5717561346199354, 0.5717561346199354, 0.5717561346199354, 0.5717561346199354, 0.5717561346199354, 0.5717561346199354, 0.5717561346199354, 0.5717561346199354, 0.5717561346199354, 0.3720547613438743, 0.3720547613438743, 0.3720547613438743, 0.3720547613438743, 0.3720547613438743, 0.3720547613438743, 0.3720547613438743, 0.3720547613438743, 0.3720547613438743, 0.3720547613438743, 0.3720547613438743, 0.3720547613438743, 0.3720547613438743, 0.3720547613438743, 0.3720547613438743, 0.3720547613438743, 0.3720547613438743, 0.3720547613438743, 0.3720547613438743, 0.3720547613438743, 0.3720547613438743, 0.3720547613438743, 0.3720547613438743, 0.3720547613438743, 0.3720547613438743, 0.3720547613438743, 0.3720547613438743, 0.3720547613438743, 0.3720547613438743, 0.3720547613438743, 0.3720547613438743, 0.3720547613438743, 0.3720547613438743, 0.3720547613438743, 0.3720547613438743, 0.3720547613438743, 0.3720547613438743, 0.3720547613438743, 0.3720547613438743, 0.3720547613438743, 0.3720547613438743, 0.3720547613438743, 0.3720547613438743, 0.3720547613438743, 0.3720547613438743, 0.3720547613438743, 0.16733983116636408, 0.16733983116636408, 0.16733983116636408, 0.16733983116636408, 0.16733983116636408, 0.16733983116636408, 0.16733983116636408, 0.16733983116636408, 0.16733983116636408, 0.16733983116636408, 0.16733983116636408, 0.16733983116636408, 0.16733983116636408, 0.16733983116636408, 0.16733983116636408, 0.16733983116636408, 0.16733983116636408, 0.16733983116636408, 0.16733983116636408, 0.16733983116636408, 0.16733983116636408, 0.16733983116636408, 0.16733983116636408, 0.16733983116636408, 0.16733983116636408, 0.16733983116636408, 0.16733983116636408, 0.16733983116636408, 0.16733983116636408, 0.16733983116636408, 0.16733983116636408, 0.16733983116636408, 0.16733983116636408, 0.16733983116636408, 0.16733983116636408, 0.16733983116636408, 0.16733983116636408, 0.16733983116636408, 0.16733983116636408]","{""elitism_fraction"": 0.2, ""max_iterations"": 140, ""mutation_fraction"": 0.1, ""population_size"": 50}"
griewank,Griewank,26,1425,ea,Algoritmo evolutivo,3,"[-600.0, 600.0]","[0.0, 0.0, 0.0]","[-22.084596808350625, -8.970943933112494, -5.945419307050543]",0.19883959096183956,24.567361721908764,140,7050,"[8.951716755533816, 8.951716755533816, 2.9017555741273013, 2.9017555741273013, 2.7486172240494597, 2.7252766796006807, 2.7252766796006807, 0.9923560136732887, 0.9923560136732887, 0.9923560136732887, 0.8091751473285537, 0.8091751473285537, 0.8091751473285537, 0.8091751473285537, 0.8091751473285537, 0.8091751473285537, 0.8091751473285537, 0.8091751473285537, 0.8091751473285537, 0.5492998346060607, 0.5492998346060607, 0.5492998346060607, 0.5492998346060607, 0.5492998346060607, 0.5492998346060607, 0.5492998346060607, 0.5492998346060607, 0.5492998346060607, 0.5492998346060607, 0.5492998346060607, 0.19883959096183956, 0.19883959096183956, 0.19883959096183956, 0.19883959096183956, 0.19883959096183956, 0.19883959096183956, 0.19883959096183956, 0.19883959096183956, 0.19883959096183956, 0.19883959096183956, 0.19883959096183956, 0.19883959096183956, 0.19883959096183956, 0.19883959096183956, 0.19883959096183956, 0.19883959096183956, 0.19883959096183956, 0.19883959096183956, 0.19883959096183956, 0.19883959096183956, 0.19883959096183956, 0.19883959096183956, 0.19883959096183956, 0.19883959096183956, 0.19883959096183956, 0.19883959096183956, 0.19883959096183956, 0.19883959096183956, 0.19883959096183956, 0.19883959096183956, 0.19883959096183956, 0.19883959096183956, 0.19883959096183956, 0.19883959096183956, 0.19883959096183956, 0.19883959096183956, 0.19883959096183956, 0.19883959096183956, 0.19883959096183956, 0.19883959096183956, 0.19883959096183956, 0.19883959096183956, 0.19883959096183956, 0.19883959096183956, 0.19883959096183956, 0.19883959096183956, 0.19883959096183956, 0.19883959096183956, 0.19883959096183956, 0.19883959096183956, 0.19883959096183956, 0.19883959096183956, 0.19883959096183956, 0.19883959096183956, 0.19883959096183956, 0.19883959096183956, 0.19883959096183956, 0.19883959096183956, 0.19883959096183956, 0.19883959096183956, 0.19883959096183956, 0.19883959096183956, 0.19883959096183956, 0.19883959096183956, 0.19883959096183956, 0.19883959096183956, 0.19883959096183956, 0.19883959096183956, 0.19883959096183956, 0.19883959096183956, 0.19883959096183956, 0.19883959096183956, 0.19883959096183956, 0.19883959096183956, 0.19883959096183956, 0.19883959096183956, 0.19883959096183956, 0.19883959096183956, 0.19883959096183956, 0.19883959096183956, 0.19883959096183956, 0.19883959096183956, 0.19883959096183956, 0.19883959096183956, 0.19883959096183956, 0.19883959096183956, 0.19883959096183956, 0.19883959096183956, 0.19883959096183956, 0.19883959096183956, 0.19883959096183956, 0.19883959096183956, 0.19883959096183956, 0.19883959096183956, 0.19883959096183956, 0.19883959096183956, 0.19883959096183956, 0.19883959096183956, 0.19883959096183956, 0.19883959096183956, 0.19883959096183956, 0.19883959096183956, 0.19883959096183956, 0.19883959096183956, 0.19883959096183956, 0.19883959096183956, 0.19883959096183956, 0.19883959096183956, 0.19883959096183956, 0.19883959096183956, 0.19883959096183956]","{""elitism_fraction"": 0.2, ""max_iterations"": 140, ""mutation_fraction"": 0.1, ""population_size"": 50}"
griewank,Griewank,27,1426,ea,Algoritmo evolutivo,3,"[-600.0, 600.0]","[0.0, 0.0, 0.0]","[-1.8284226817702347, 13.865083615000003, -0.5757595352714588]",0.8252598591711373,13.996970107727224,140,7050,"[23.045885043287434, 23.02988330593268, 16.52995295987464, 3.552139816246884, 3.552139816246884, 3.552139816246884, 3.552139816246884, 1.7858387376696743, 1.7858387376696743, 1.7858387376696743, 1.398641071854784, 1.398641071854784, 1.398641071854784, 1.398641071854784, 1.398641071854784, 1.3740569824147668, 1.3740569824147668, 1.0789810108598026, 1.0789810108598026, 1.0789810108598026, 1.0789810108598026, 1.0789810108598026, 1.065999620471148, 1.065999620471148, 1.065999620471148, 1.065999620471148, 1.065999620471148, 1.065999620471148, 1.065999620471148, 1.065999620471148, 1.065999620471148, 1.065999620471148, 1.065999620471148, 1.065999620471148, 1.065999620471148, 1.065999620471148, 1.065999620471148, 1.065999620471148, 1.065999620471148, 1.065999620471148, 1.065999620471148, 1.065999620471148, 1.065999620471148, 1.065999620471148, 1.065999620471148, 1.065999620471148, 1.065999620471148, 1.065999620471148, 1.065999620471148, 1.065999620471148, 1.065999620471148, 1.065999620471148, 1.065999620471148, 1.065999620471148, 1.065999620471148, 1.065999620471148, 1.065999620471148, 1.065999620471148, 1.065999620471148, 1.065999620471148, 1.0081119826519733, 1.0081119826519733, 1.0081119826519733, 1.0081119826519733, 1.0081119826519733, 1.0081119826519733, 1.0081119826519733, 1.0081119826519733, 1.0081119826519733, 1.0081119826519733, 1.0081119826519733, 1.0081119826519733, 1.0081119826519733, 1.0081119826519733, 1.0081119826519733, 1.0081119826519733, 1.0081119826519733, 1.0081119826519733, 1.0081119826519733, 1.0081119826519733, 1.0081119826519733, 1.0081119826519733, 1.0081119826519733, 1.0081119826519733, 1.0081119826519733, 1.0081119826519733, 1.0081119826519733, 1.0081119826519733, 1.0081119826519733, 1.0081119826519733, 1.0081119826519733, 1.0081119826519733, 1.0081119826519733, 1.0081119826519733, 1.0081119826519733, 1.0081119826519733, 1.0081119826519733, 1.0081119826519733, 1.0081119826519733, 1.0081119826519733, 1.0081119826519733, 1.0081119826519733, 1.0081119826519733, 1.0081119826519733, 1.0081119826519733, 1.0081119826519733, 1.0081119826519733, 1.0081119826519733, 0.8781676248512043, 0.8781676248512043, 0.8781676248512043, 0.8781676248512043, 0.8781676248512043, 0.8781676248512043, 0.8781676248512043, 0.8781676248512043, 0.8781676248512043, 0.8781676248512043, 0.8781676248512043, 0.8252598591711373, 0.8252598591711373, 0.8252598591711373, 0.8252598591711373, 0.8252598591711373, 0.8252598591711373, 0.8252598591711373, 0.8252598591711373, 0.8252598591711373, 0.8252598591711373, 0.8252598591711373, 0.8252598591711373, 0.8252598591711373, 0.8252598591711373, 0.8252598591711373, 0.8252598591711373, 0.8252598591711373, 0.8252598591711373, 0.8252598591711373, 0.8252598591711373, 0.8252598591711373, 0.8252598591711373]","{""elitism_fraction"": 0.2, ""max_iterations"": 140, ""mutation_fraction"": 0.1, ""population_size"": 50}"
griewank,Griewank,28,1427,ea,Algoritmo evolutivo,3,"[-600.0, 600.0]","[0.0, 0.0, 0.0]","[3.1807149664584813, -8.563808301005565, -5.2208647174686575]",0.062106154445933925,10.522033487512473,140,7050,"[10.444510978739826, 6.780695411687666, 6.780695411687666, 6.780695411687666, 3.1821942958809415, 1.1533478905267476, 1.1533478905267476, 1.1533478905267476, 1.1533478905267476, 1.1533478905267476, 1.0465062601433122, 1.0465062601433122, 1.0465062601433122, 1.0465062601433122, 1.0465062601433122, 1.0465062601433122, 1.0465062601433122, 1.0465062601433122, 1.0465062601433122, 1.0465062601433122, 1.0465062601433122, 1.0465062601433122, 1.0465062601433122, 1.0465062601433122, 1.0465062601433122, 1.0465062601433122, 1.0465062601433122, 1.0465062601433122, 1.0465062601433122, 1.0465062601433122, 1.0465062601433122, 0.9775975660835933, 0.9775975660835933, 0.9775975660835933, 0.9175218868557511, 0.9175218868557511, 0.9175218868557511, 0.9175218868557511, 0.906896061537338, 0.906896061537338, 0.906896061537338, 0.906896061537338, 0.906896061537338, 0.906896061537338, 0.906896061537338, 0.906896061537338, 0.906896061537338, 0.906896061537338, 0.906896061537338, 0.906896061537338, 0.906896061537338, 0.906896061537338, 0.906896061537338, 0.906896061537338, 0.906896061537338, 0.906896061537338, 0.8069710229225153, 0.8069710229225153, 0.8069710229225153, 0.8069710229225153, 0.8069710229225153, 0.8069710229225153, 0.8069710229225153, 0.8069710229225153, 0.8069710229225153, 0.8069710229225153, 0.8069710229225153, 0.6221625840180915, 0.6221625840180915, 0.6221625840180915, 0.6221625840180915, 0.6221625840180915, 0.6221625840180915, 0.6221625840180915, 0.6221625840180915, 0.6221625840180915, 0.6221625840180915, 0.6221625840180915, 0.6221625840180915, 0.41184691415681374, 0.41184691415681374, 0.2283268828977465, 0.2283268828977465, 0.2283268828977465, 0.2283268828977465, 0.2283268828977465, 0.2283268828977465, 0.2283268828977465, 0.2283268828977465, 0.2283268828977465, 0.2283268828977465, 0.2283268828977465, 0.2283268828977465, 0.2283268828977465, 0.2283268828977465, 0.2283268828977465, 0.2283268828977465, 0.2283268828977465, 0.2283268828977465, 0.2283268828977465, 0.2283268828977465, 0.2283268828977465, 0.2283268828977465, 0.2283268828977465, 0.2283268828977465, 0.2283268828977465, 0.2283268828977465, 0.2283268828977465, 0.2283268828977465, 0.2283268828977465, 0.12082052531744691, 0.12082052531744691, 0.12082052531744691, 0.12082052531744691, 0.12082052531744691, 0.12082052531744691, 0.12082052531744691, 0.12082052531744691, 0.12082052531744691, 0.12082052531744691, 0.062106154445933925, 0.062106154445933925, 0.062106154445933925, 0.062106154445933925, 0.062106154445933925, 0.062106154445933925, 0.062106154445933925, 0.062106154445933925, 0.062106154445933925, 0.062106154445933925, 0.062106154445933925, 0.062106154445933925, 0.062106154445933925, 0.062106154445933925, 0.062106154445933925, 0.062106154445933925, 0.062106154445933925, 0.062106154445933925, 0.062106154445933925, 0.062106154445933925, 0.062106154445933925]","{""elitism_fraction"": 0.2, ""max_iterations"": 140, ""mutation_fraction"": 0.1, ""population_size"": 50}"
griewank,Griewank,29,1428,ea,Algoritmo evolutivo,3,"[-600.0, 600.0]","[0.0, 0.0, 0.0]","[-3.905302546895655, 3.9104018389865587, 21.61011048552041]",0.45540989920030506,22.305593597157156,140,7050,"[9.520628660520673, 9.520628660520673, 9.520628660520673, 2.4322314863277907, 1.9391885925141517, 1.9391885925141517, 1.9391885925141517, 1.452692791454369, 1.452692791454369, 1.452692791454369, 1.452692791454369, 1.452692791454369, 1.452692791454369, 1.452692791454369, 1.452692791454369, 1.452692791454369, 0.8546831333217166, 0.8546831333217166, 0.8546831333217166, 0.8546831333217166, 0.8546831333217166, 0.8546831333217166, 0.8546831333217166, 0.8546831333217166, 0.8546831333217166, 0.8546831333217166, 0.8546831333217166, 0.8546831333217166, 0.8546831333217166, 0.8546831333217166, 0.8546831333217166, 0.8546831333217166, 0.8546831333217166, 0.8546831333217166, 0.8546831333217166, 0.8546831333217166, 0.8546831333217166, 0.8546831333217166, 0.8546831333217166, 0.8546831333217166, 0.8546831333217166, 0.8546831333217166, 0.8546831333217166, 0.8546831333217166, 0.45540989920030506, 0.45540989920030506, 0.45540989920030506, 0.45540989920030506, 0.45540989920030506, 0.45540989920030506, 0.45540989920030506, 0.45540989920030506, 0.45540989920030506, 0.45540989920030506, 0.45540989920030506, 0.45540989920030506, 0.45540989920030506, 0.45540989920030506, 0.45540989920030506, 0.45540989920030506, 0.45540989920030506, 0.45540989920030506, 0.45540989920030506, 0.45540989920030506, 0.45540989920030506, 0.45540989920030506, 0.45540989920030506, 0.45540989920030506, 0.45540989920030506, 0.45540989920030506, 0.45540989920030506, 0.45540989920030506, 0.45540989920030506, 0.45540989920030506, 0.45540989920030506, 0.45540989920030506, 0.45540989920030506, 0.45540989920030506, 0.45540989920030506, 0.45540989920030506, 0.45540989920030506, 0.45540989920030506, 0.45540989920030506, 0.45540989920030506, 0.45540989920030506, 0.45540989920030506, 0.45540989920030506, 0.45540989920030506, 0.45540989920030506, 0.45540989920030506, 0.45540989920030506, 0.45540989920030506, 0.45540989920030506, 0.45540989920030506, 0.45540989920030506, 0.45540989920030506, 0.45540989920030506, 0.45540989920030506, 0.45540989920030506, 0.45540989920030506, 0.45540989920030506, 0.45540989920030506, 0.45540989920030506, 0.45540989920030506, 0.45540989920030506, 0.45540989920030506, 0.45540989920030506, 0.45540989920030506, 0.45540989920030506, 0.45540989920030506, 0.45540989920030506, 0.45540989920030506, 0.45540989920030506, 0.45540989920030506, 0.45540989920030506, 0.45540989920030506, 0.45540989920030506, 0.45540989920030506, 0.45540989920030506, 0.45540989920030506, 0.45540989920030506, 0.45540989920030506, 0.45540989920030506, 0.45540989920030506, 0.45540989920030506, 0.45540989920030506, 0.45540989920030506, 0.45540989920030506, 0.45540989920030506, 0.45540989920030506, 0.45540989920030506, 0.45540989920030506, 0.45540989920030506, 0.45540989920030506, 0.45540989920030506, 0.45540989920030506, 0.45540989920030506, 0.45540989920030506, 0.45540989920030506, 0.45540989920030506, 0.45540989920030506]","{""elitism_fraction"": 0.2, ""max_iterations"": 140, ""mutation_fraction"": 0.1, ""population_size"": 50}"
griewank,Griewank,30,1420,ea,Algoritmo evolutivo,3,"[-600.0, 600.0]","[0.0, 0.0, 0.0]","[-14.7325198816784, -31.442238394960327, -11.07100940516625]",0.7907917415716619,36.44487270658036,140,7050,"[12.639782178436878, 12.639782178436878, 12.613706525471137, 12.038286848761837, 8.682878467489932, 7.473161707200638, 4.47857943951919, 4.47857943951919, 4.47857943951919, 4.47857943951919, 4.47857943951919, 3.3328742067762662, 3.3328742067762662, 3.3328742067762662, 2.177180874567742, 2.177180874567742, 2.177180874567742, 2.177180874567742, 2.177180874567742, 2.177180874567742, 1.9991476037586313, 1.9991476037586313, 1.9991476037586313, 1.9991476037586313, 1.9991476037586313, 1.9991476037586313, 1.9991476037586313, 1.9991476037586313, 1.552393077111516, 1.552393077111516, 1.552393077111516, 1.552393077111516, 1.552393077111516, 1.552393077111516, 1.3069979807042689, 1.3069979807042689, 1.3069979807042689, 1.3069979807042689, 1.3069979807042689, 1.3069979807042689, 1.3069979807042689, 1.3069979807042689, 1.1448181110191051, 0.9450528622111773, 0.9450528622111773, 0.9450528622111773, 0.9450528622111773, 0.9450528622111773, 0.9450528622111773, 0.9450528622111773, 0.9450528622111773, 0.9450528622111773, 0.9450528622111773, 0.9450528622111773, 0.9450528622111773, 0.878534965935571, 0.878534965935571, 0.878534965935571, 0.878534965935571, 0.878534965935571, 0.878534965935571, 0.878534965935571, 0.878534965935571, 0.878534965935571, 0.878534965935571, 0.878534965935571, 0.878534965935571, 0.878534965935571, 0.878534965935571, 0.878534965935571, 0.878534965935571, 0.878534965935571, 0.878534965935571, 0.878534965935571, 0.878534965935571, 0.878534965935571, 0.878534965935571, 0.878534965935571, 0.878534965935571, 0.878534965935571, 0.878534965935571, 0.878534965935571, 0.878534965935571, 0.878534965935571, 0.878534965935571, 0.878534965935571, 0.878534965935571, 0.878534965935571, 0.878534965935571, 0.878534965935571, 0.878534965935571, 0.878534965935571, 0.878534965935571, 0.878534965935571, 0.878534965935571, 0.878534965935571, 0.878534965935571, 0.878534965935571, 0.878534965935571, 0.878534965935571, 0.878534965935571, 0.878534965935571, 0.878534965935571, 0.878534965935571, 0.878534965935571, 0.878534965935571, 0.878534965935571, 0.878534965935571, 0.878534965935571, 0.878534965935571, 0.878534965935571, 0.878534965935571, 0.878534965935571, 0.878534965935571, 0.878534965935571, 0.878534965935571, 0.878534965935571, 0.878534965935571, 0.878534965935571, 0.878534965935571, 0.878534965935571, 0.878534965935571, 0.878534965935571, 0.878534965935571, 0.878534965935571, 0.878534965935571, 0.878534965935571, 0.878534965935571, 0.878534965935571, 0.878534965935571, 0.878534965935571, 0.7907917415716619, 0.7907917415716619, 0.7907917415716619, 0.7907917415716619, 0.7907917415716619, 0.7907917415716619, 0.7907917415716619, 0.7907917415716619, 0.7907917415716619, 0.7907917415716619]","{""elitism_fraction"": 0.2, ""max_iterations"": 140, ""mutation_fraction"": 0.1, ""population_size"": 50}"
griewank,Griewank,31,1421,ea,Algoritmo evolutivo,3,"[-600.0, 600.0]","[0.0, 0.0, 0.0]","[-18.685494745671917, -21.6858043366542, 16.07699250146152]",0.36035962198115445,32.8312581469281,140,7050,"[6.370158828782241, 6.370158828782241, 5.248842561115807, 4.080970489188758, 1.2674128994272715, 1.2674128994272715, 1.2674128994272715, 1.2674128994272715, 1.2674128994272715, 1.2674128994272715, 1.2674128994272715, 1.130912138779864, 1.130912138779864, 1.130912138779864, 1.130912138779864, 1.130912138779864, 1.130912138779864, 1.130912138779864, 0.9506006405074514, 0.9506006405074514, 0.9506006405074514, 0.9506006405074514, 0.9506006405074514, 0.9506006405074514, 0.9506006405074514, 0.9506006405074514, 0.9506006405074514, 0.9506006405074514, 0.9506006405074514, 0.9506006405074514, 0.9506006405074514, 0.9506006405074514, 0.9506006405074514, 0.5459425261997826, 0.5459425261997826, 0.5459425261997826, 0.5459425261997826, 0.5459425261997826, 0.5459425261997826, 0.5459425261997826, 0.5459425261997826, 0.5459425261997826, 0.5459425261997826, 0.5459425261997826, 0.5459425261997826, 0.5459425261997826, 0.5459425261997826, 0.5459425261997826, 0.5459425261997826, 0.5459425261997826, 0.5459425261997826, 0.5459425261997826, 0.5459425261997826, 0.5459425261997826, 0.5459425261997826, 0.5459425261997826, 0.5459425261997826, 0.5459425261997826, 0.5459425261997826, 0.5459425261997826, 0.4051352401712083, 0.4051352401712083, 0.4051352401712083, 0.4051352401712083, 0.4051352401712083, 0.4051352401712083, 0.4051352401712083, 0.3703501496733219, 0.3703501496733219, 0.3703501496733219, 0.3703501496733219, 0.3703501496733219, 0.3703501496733219, 0.3703501496733219, 0.3703501496733219, 0.3703501496733219, 0.3703501496733219, 0.3703501496733219, 0.3703501496733219, 0.3703501496733219, 0.3703501496733219, 0.3703501496733219, 0.3703501496733219, 0.3703501496733219, 0.3703501496733219, 0.3703501496733219, 0.3703501496733219, 0.3703501496733219, 0.3703501496733219, 0.3703501496733219, 0.3703501496733219, 0.3703501496733219, 0.3703501496733219, 0.3703501496733219, 0.3703501496733219, 0.3703501496733219, 0.3703501496733219, 0.3703501496733219, 0.3703501496733219, 0.3703501496733219, 0.3703501496733219, 0.3703501496733219, 0.3703501496733219, 0.3703501496733219, 0.3703501496733219, 0.3703501496733219, 0.3703501496733219, 0.3703501496733219, 0.36035962198115445, 0.36035962198115445, 0.36035962198115445, 0.36035962198115445, 0.36035962198115445, 0.36035962198115445, 0.36035962198115445, 0.36035962198115445, 0.36035962198115445, 0.36035962198115445, 0.36035962198115445, 0.36035962198115445, 0.36035962198115445, 0.36035962198115445, 0.36035962198115445, 0.36035962198115445, 0.36035962198115445, 0.36035962198115445, 0.36035962198115445, 0.36035962198115445, 0.36035962198115445, 0.36035962198115445, 0.36035962198115445, 0.36035962198115445, 0.36035962198115445, 0.36035962198115445, 0.36035962198115445, 0.36035962198115445, 0.36035962198115445, 0.36035962198115445, 0.36035962198115445, 0.36035962198115445, 0.36035962198115445]","{""elitism_fraction"": 0.2, ""max_iterations"": 140, ""mutation_fraction"": 0.1, ""population_size"": 50}"
griewank,Griewank,32,1422,ea,Algoritmo evolutivo,3,"[-600.0, 600.0]","[0.0, 0.0, 0.0]","[-6.063927778815014, -13.595815683471983, 27.67293514905225]",0.32263930920528017,31.42306102163312,140,7050,"[11.251928817646544, 10.78772274503246, 8.085343932723049, 8.085343932723049, 5.60404041606519, 5.60404041606519, 5.60404041606519, 3.997498507760232, 3.997498507760232, 3.997498507760232, 1.081087979769001, 1.081087979769001, 1.081087979769001, 0.8352669015253831, 0.8352669015253831, 0.8352669015253831, 0.8352669015253831, 0.8352669015253831, 0.8352669015253831, 0.8352669015253831, 0.8352669015253831, 0.8352669015253831, 0.8352669015253831, 0.8352669015253831, 0.8352669015253831, 0.8352669015253831, 0.8352669015253831, 0.8352669015253831, 0.8352669015253831, 0.8352669015253831, 0.7537408456163751, 0.7537408456163751, 0.7537408456163751, 0.7537408456163751, 0.6056188394097028, 0.6056188394097028, 0.6056188394097028, 0.6056188394097028, 0.6056188394097028, 0.6056188394097028, 0.6056188394097028, 0.6056188394097028, 0.6056188394097028, 0.6056188394097028, 0.6056188394097028, 0.6056188394097028, 0.6056188394097028, 0.6056188394097028, 0.6056188394097028, 0.6056188394097028, 0.6056188394097028, 0.6056188394097028, 0.6056188394097028, 0.6056188394097028, 0.6056188394097028, 0.6056188394097028, 0.6056188394097028, 0.6056188394097028, 0.6056188394097028, 0.6056188394097028, 0.6056188394097028, 0.6056188394097028, 0.6056188394097028, 0.6056188394097028, 0.6056188394097028, 0.6056188394097028, 0.6056188394097028, 0.6056188394097028, 0.6056188394097028, 0.6056188394097028, 0.6056188394097028, 0.6056188394097028, 0.6056188394097028, 0.6056188394097028, 0.6056188394097028, 0.6056188394097028, 0.3263073721568238, 0.3263073721568238, 0.3263073721568238, 0.3263073721568238, 0.3263073721568238, 0.3263073721568238, 0.3263073721568238, 0.3263073721568238, 0.3263073721568238, 0.3263073721568238, 0.32263930920528017, 0.32263930920528017, 0.32263930920528017, 0.32263930920528017, 0.32263930920528017, 0.32263930920528017, 0.32263930920528017, 0.32263930920528017, 0.32263930920528017, 0.32263930920528017, 0.32263930920528017, 0.32263930920528017, 0.32263930920528017, 0.32263930920528017, 0.32263930920528017, 0.32263930920528017, 0.32263930920528017, 0.32263930920528017, 0.32263930920528017, 0.32263930920528017, 0.32263930920528017, 0.32263930920528017, 0.32263930920528017, 0.32263930920528017, 0.32263930920528017, 0.32263930920528017, 0.32263930920528017, 0.32263930920528017, 0.32263930920528017, 0.32263930920528017, 0.32263930920528017, 0.32263930920528017, 0.32263930920528017, 0.32263930920528017, 0.32263930920528017, 0.32263930920528017, 0.32263930920528017, 0.32263930920528017, 0.32263930920528017, 0.32263930920528017, 0.32263930920528017, 0.32263930920528017, 0.32263930920528017, 0.32263930920528017, 0.32263930920528017, 0.32263930920528017, 0.32263930920528017, 0.32263930920528017, 0.32263930920528017, 0.32263930920528017, 0.32263930920528017, 0.32263930920528017, 0.32263930920528017, 0.32263930920528017, 0.32263930920528017]","{""elitism_fraction"": 0.2, ""max_iterations"": 140, ""mutation_fraction"": 0.1, ""population_size"": 50}"
griewank,Griewank,33,1423,ea,Algoritmo evolutivo,3,"[-600.0, 600.0]","[0.0, 0.0, 0.0]","[-6.123405693801715, 8.29890484385021, -0.010204220334799174]",0.12313719485603436,10.313487432691057,140,7050,"[1.4992671230489534, 1.4992671230489534, 1.4992671230489534, 1.4992671230489534, 1.4992671230489534, 1.4992671230489534, 1.4992671230489534, 1.4874585609595987, 1.4874585609595987, 1.1839139921238835, 1.1839139921238835, 1.1717101812811614, 1.1717101812811614, 1.1717101812811614, 1.1717101812811614, 1.1717101812811614, 1.1717101812811614, 1.1717101812811614, 1.1717101812811614, 1.1717101812811614, 1.1717101812811614, 1.1712957533390835, 1.1712957533390835, 1.1712957533390835, 1.1608115613385044, 1.1608115613385044, 1.1608115613385044, 0.6919827470103269, 0.6919827470103269, 0.6919827470103269, 0.6919827470103269, 0.6919827470103269, 0.6919827470103269, 0.6919827470103269, 0.6919827470103269, 0.6919827470103269, 0.6919827470103269, 0.6919827470103269, 0.6919827470103269, 0.6919827470103269, 0.6919827470103269, 0.6919827470103269, 0.6919827470103269, 0.6919827470103269, 0.6919827470103269, 0.6919827470103269, 0.6919827470103269, 0.6919827470103269, 0.6919827470103269, 0.6919827470103269, 0.6919827470103269, 0.6919827470103269, 0.6919827470103269, 0.5760061271864254, 0.5760061271864254, 0.5760061271864254, 0.5760061271864254, 0.5760061271864254, 0.5760061271864254, 0.5760061271864254, 0.5760061271864254, 0.5760061271864254, 0.5760061271864254, 0.5760061271864254, 0.5760061271864254, 0.5760061271864254, 0.5760061271864254, 0.5760061271864254, 0.5760061271864254, 0.5760061271864254, 0.5760061271864254, 0.5760061271864254, 0.5760061271864254, 0.5760061271864254, 0.5760061271864254, 0.5760061271864254, 0.5760061271864254, 0.5760061271864254, 0.5760061271864254, 0.5760061271864254, 0.5760061271864254, 0.5760061271864254, 0.5760061271864254, 0.5760061271864254, 0.5760061271864254, 0.5760061271864254, 0.5760061271864254, 0.5760061271864254, 0.4746982343601074, 0.4746982343601074, 0.4746982343601074, 0.4746982343601074, 0.4746982343601074, 0.4746982343601074, 0.4746982343601074, 0.4746982343601074, 0.4746982343601074, 0.4746982343601074, 0.4746982343601074, 0.4746982343601074, 0.4746982343601074, 0.4746982343601074, 0.4746982343601074, 0.4746982343601074, 0.4746982343601074, 0.4746982343601074, 0.4746982343601074, 0.4746982343601074, 0.4746982343601074, 0.4746982343601074, 0.4746982343601074, 0.4746982343601074, 0.4746982343601074, 0.4746982343601074, 0.4746982343601074, 0.4746982343601074, 0.4746982343601074, 0.4746982343601074, 0.4746982343601074, 0.4746982343601074, 0.4746982343601074, 0.4746982343601074, 0.4746982343601074, 0.4746982343601074, 0.4746982343601074, 0.4746982343601074, 0.4746982343601074, 0.4746982343601074, 0.4746982343601074, 0.4746982343601074, 0.4746982343601074, 0.4746982343601074, 0.4746982343601074, 0.4746982343601074, 0.4746982343601074, 0.4746982343601074, 0.4746982343601074, 0.4746982343601074, 0.12313719485603436, 0.12313719485603436, 0.12313719485603436]","{""elitism_fraction"": 0.2, ""max_iterations"": 140, ""mutation_fraction"": 0.1, ""population_size"": 50}"
griewank,Griewank,34,1424,ea,Algoritmo evolutivo,3,"[-600.0, 600.0]","[0.0, 0.0, 0.0]","[9.70023717113861, -13.245395501851135, 0.6179578159325274]",0.16733983116636408,16.42915016180294,140,7050,"[3.482491612991494, 3.482491612991494, 3.482491612991494, 3.482491612991494, 3.482491612991494, 3.482491612991494, 3.482491612991494, 3.482491612991494, 3.482491612991494, 3.482491612991494, 3.482491612991494, 2.6120238381635317, 2.356995532304552, 2.1607237412984133, 2.080052107222591, 2.080052107222591, 2.080052107222591, 2.080052107222591, 1.396266319680089, 1.396266319680089, 1.396266319680089, 1.396266319680089, 1.396266319680089, 1.396266319680089, 1.396266319680089, 0.8785567710002613, 0.8785567710002613, 0.5717561346199354, 0.5717561346199354, 0.5717561346199354, 0.5717561346199354, 0.5717561346199354, 0.5717561346199354, 0.5717561346199354, 0.5717561346199354, 0.5717561346199354, 0.5717561346199354, 0.5717561346199354, 0.5717561346199354, 0.5717561346199354, 0.5717561346199354, 0.5717561346199354, 0.5717561346199354, 0.5717561346199354, 0.5717561346199354, 0.5717561346199354, 0.5717561346199354, 0.5717561346199354, 0.5717561346199354, 0.5717561346199354, 0.5717561346199354, 0.5717561346199354, 0.5717561346199354, 0.5717561346199354, 0.5717561346199354, 0.5717561346199354, 0.3720547613438743, 0.3720547613438743, 0.3720547613438743, 0.3720547613438743, 0.3720547613438743, 0.3720547613438743, 0.3720547613438743, 0.3720547613438743, 0.3720547613438743, 0.3720547613438743, 0.3720547613438743, 0.3720547613438743, 0.3720547613438743, 0.3720547613438743, 0.3720547613438743, 0.3720547613438743, 0.3720547613438743, 0.3720547613438743, 0.3720547613438743, 0.3720547613438743, 0.3720547613438743, 0.3720547613438743, 0.3720547613438743, 0.3720547613438743, 0.3720547613438743, 0.3720547613438743, 0.3720547613438743, 0.3720547613438743, 0.3720547613438743, 0.3720547613438743, 0.3720547613438743, 0.3720547613438743, 0.3720547613438743, 0.3720547613438743, 0.3720547613438743, 0.3720547613438743, 0.3720547613438743, 0.3720547613438743, 0.3720547613438743, 0.3720547613438743, 0.3720547613438743, 0.3720547613438743, 0.3720547613438743, 0.3720547613438743, 0.3720547613438743, 0.3720547613438743, 0.16733983116636408, 0.16733983116636408, 0.16733983116636408, 0.16733983116636408, 0.16733983116636408, 0.16733983116636408, 0.16733983116636408, 0.16733983116636408, 0.16733983116636408, 0.16733983116636408, 0.16733983116636408, 0.16733983116636408, 0.16733983116636408, 0.16733983116636408, 0.16733983116636408, 0.16733983116636408, 0.16733983116636408, 0.16733983116636408, 0.16733983116636408, 0.16733983116636408, 0.16733983116636408, 0.16733983116636408, 0.16733983116636408, 0.16733983116636408, 0.16733983116636408, 0.16733983116636408, 0.16733983116636408, 0.16733983116636408, 0.16733983116636408, 0.16733983116636408, 0.16733983116636408, 0.16733983116636408, 0.16733983116636408, 0.16733983116636408, 0.16733983116636408, 0.16733983116636408, 0.16733983116636408, 0.16733983116636408, 0.16733983116636408]","{""elitism_fraction"": 0.2, ""max_iterations"": 140, ""mutation_fraction"": 0.1, ""population_size"": 50}"
griewank,Griewank,35,1425,ea,Algoritmo evolutivo,3,"[-600.0, 600.0]","[0.0, 0.0, 0.0]","[-22.084596808350625, -8.970943933112494, -5.945419307050543]",0.19883959096183956,24.567361721908764,140,7050,"[8.951716755533816, 8.951716755533816, 2.9017555741273013, 2.9017555741273013, 2.7486172240494597, 2.7252766796006807, 2.7252766796006807, 0.9923560136732887, 0.9923560136732887, 0.9923560136732887, 0.8091751473285537, 0.8091751473285537, 0.8091751473285537, 0.8091751473285537, 0.8091751473285537, 0.8091751473285537, 0.8091751473285537, 0.8091751473285537, 0.8091751473285537, 0.5492998346060607, 0.5492998346060607, 0.5492998346060607, 0.5492998346060607, 0.5492998346060607, 0.5492998346060607, 0.5492998346060607, 0.5492998346060607, 0.5492998346060607, 0.5492998346060607, 0.5492998346060607, 0.19883959096183956, 0.19883959096183956, 0.19883959096183956, 0.19883959096183956, 0.19883959096183956, 0.19883959096183956, 0.19883959096183956, 0.19883959096183956, 0.19883959096183956, 0.19883959096183956, 0.19883959096183956, 0.19883959096183956, 0.19883959096183956, 0.19883959096183956, 0.19883959096183956, 0.19883959096183956, 0.19883959096183956, 0.19883959096183956, 0.19883959096183956, 0.19883959096183956, 0.19883959096183956, 0.19883959096183956, 0.19883959096183956, 0.19883959096183956, 0.19883959096183956, 0.19883959096183956, 0.19883959096183956, 0.19883959096183956, 0.19883959096183956, 0.19883959096183956, 0.19883959096183956, 0.19883959096183956, 0.19883959096183956, 0.19883959096183956, 0.19883959096183956, 0.19883959096183956, 0.19883959096183956, 0.19883959096183956, 0.19883959096183956, 0.19883959096183956, 0.19883959096183956, 0.19883959096183956, 0.19883959096183956, 0.19883959096183956, 0.19883959096183956, 0.19883959096183956, 0.19883959096183956, 0.19883959096183956, 0.19883959096183956, 0.19883959096183956, 0.19883959096183956, 0.19883959096183956, 0.19883959096183956, 0.19883959096183956, 0.19883959096183956, 0.19883959096183956, 0.19883959096183956, 0.19883959096183956, 0.19883959096183956, 0.19883959096183956, 0.19883959096183956, 0.19883959096183956, 0.19883959096183956, 0.19883959096183956, 0.19883959096183956, 0.19883959096183956, 0.19883959096183956, 0.19883959096183956, 0.19883959096183956, 0.19883959096183956, 0.19883959096183956, 0.19883959096183956, 0.19883959096183956, 0.19883959096183956, 0.19883959096183956, 0.19883959096183956, 0.19883959096183956, 0.19883959096183956, 0.19883959096183956, 0.19883959096183956, 0.19883959096183956, 0.19883959096183956, 0.19883959096183956, 0.19883959096183956, 0.19883959096183956, 0.19883959096183956, 0.19883959096183956, 0.19883959096183956, 0.19883959096183956, 0.19883959096183956, 0.19883959096183956, 0.19883959096183956, 0.19883959096183956, 0.19883959096183956, 0.19883959096183956, 0.19883959096183956, 0.19883959096183956, 0.19883959096183956, 0.19883959096183956, 0.19883959096183956, 0.19883959096183956, 0.19883959096183956, 0.19883959096183956, 0.19883959096183956, 0.19883959096183956, 0.19883959096183956, 0.19883959096183956, 0.19883959096183956, 0.19883959096183956, 0.19883959096183956, 0.19883959096183956]","{""elitism_fraction"": 0.2, ""max_iterations"": 140, ""mutation_fraction"": 0.1, ""population_size"": 50}"
griewank,Griewank,36,1426,ea,Algoritmo evolutivo,3,"[-600.0, 600.0]","[0.0, 0.0, 0.0]","[-1.8284226817702347, 13.865083615000003, -0.5757595352714588]",0.8252598591711373,13.996970107727224,140,7050,"[23.045885043287434, 23.02988330593268, 16.52995295987464, 3.552139816246884, 3.552139816246884, 3.552139816246884, 3.552139816246884, 1.7858387376696743, 1.7858387376696743, 1.7858387376696743, 1.398641071854784, 1.398641071854784, 1.398641071854784, 1.398641071854784, 1.398641071854784, 1.3740569824147668, 1.3740569824147668, 1.0789810108598026, 1.0789810108598026, 1.0789810108598026, 1.0789810108598026, 1.0789810108598026, 1.065999620471148, 1.065999620471148, 1.065999620471148, 1.065999620471148, 1.065999620471148, 1.065999620471148, 1.065999620471148, 1.065999620471148, 1.065999620471148, 1.065999620471148, 1.065999620471148, 1.065999620471148, 1.065999620471148, 1.065999620471148, 1.065999620471148, 1.065999620471148, 1.065999620471148, 1.065999620471148, 1.065999620471148, 1.065999620471148, 1.065999620471148, 1.065999620471148, 1.065999620471148, 1.065999620471148, 1.065999620471148, 1.065999620471148, 1.065999620471148, 1.065999620471148, 1.065999620471148, 1.065999620471148, 1.065999620471148, 1.065999620471148, 1.065999620471148, 1.065999620471148, 1.065999620471148, 1.065999620471148, 1.065999620471148, 1.065999620471148, 1.0081119826519733, 1.0081119826519733, 1.0081119826519733, 1.0081119826519733, 1.0081119826519733, 1.0081119826519733, 1.0081119826519733, 1.0081119826519733, 1.0081119826519733, 1.0081119826519733, 1.0081119826519733, 1.0081119826519733, 1.0081119826519733, 1.0081119826519733, 1.0081119826519733, 1.0081119826519733, 1.0081119826519733, 1.0081119826519733, 1.0081119826519733, 1.0081119826519733, 1.0081119826519733, 1.0081119826519733, 1.0081119826519733, 1.0081119826519733, 1.0081119826519733, 1.0081119826519733, 1.0081119826519733, 1.0081119826519733, 1.0081119826519733, 1.0081119826519733, 1.0081119826519733, 1.0081119826519733, 1.0081119826519733, 1.0081119826519733, 1.0081119826519733, 1.0081119826519733, 1.0081119826519733, 1.0081119826519733, 1.0081119826519733, 1.0081119826519733, 1.0081119826519733, 1.0081119826519733, 1.0081119826519733, 1.0081119826519733, 1.0081119826519733, 1.0081119826519733, 1.0081119826519733, 1.0081119826519733, 0.8781676248512043, 0.8781676248512043, 0.8781676248512043, 0.8781676248512043, 0.8781676248512043, 0.8781676248512043, 0.8781676248512043, 0.8781676248512043, 0.8781676248512043, 0.8781676248512043, 0.8781676248512043, 0.8252598591711373, 0.8252598591711373, 0.8252598591711373, 0.8252598591711373, 0.8252598591711373, 0.8252598591711373, 0.8252598591711373, 0.8252598591711373, 0.8252598591711373, 0.8252598591711373, 0.8252598591711373, 0.8252598591711373, 0.8252598591711373, 0.8252598591711373, 0.8252598591711373, 0.8252598591711373, 0.8252598591711373, 0.8252598591711373, 0.8252598591711373, 0.8252598591711373, 0.8252598591711373, 0.8252598591711373]","{""elitism_fraction"": 0.2, ""max_iterations"": 140, ""mutation_fraction"": 0.1, ""population_size"": 50}"
griewank,Griewank,37,1427,ea,Algoritmo evolutivo,3,"[-600.0, 600.0]","[0.0, 0.0, 0.0]","[3.1807149664584813, -8.563808301005565, -5.2208647174686575]",0.062106154445933925,10.522033487512473,140,7050,"[10.444510978739826, 6.780695411687666, 6.780695411687666, 6.780695411687666, 3.1821942958809415, 1.1533478905267476, 1.1533478905267476, 1.1533478905267476, 1.1533478905267476, 1.1533478905267476, 1.0465062601433122, 1.0465062601433122, 1.0465062601433122, 1.0465062601433122, 1.0465062601433122, 1.0465062601433122, 1.0465062601433122, 1.0465062601433122, 1.0465062601433122, 1.0465062601433122, 1.0465062601433122, 1.0465062601433122, 1.0465062601433122, 1.0465062601433122, 1.0465062601433122, 1.0465062601433122, 1.0465062601433122, 1.0465062601433122, 1.0465062601433122, 1.0465062601433122, 1.0465062601433122, 0.9775975660835933, 0.9775975660835933, 0.9775975660835933, 0.9175218868557511, 0.9175218868557511, 0.9175218868557511, 0.9175218868557511, 0.906896061537338, 0.906896061537338, 0.906896061537338, 0.906896061537338, 0.906896061537338, 0.906896061537338, 0.906896061537338, 0.906896061537338, 0.906896061537338, 0.906896061537338, 0.906896061537338, 0.906896061537338, 0.906896061537338, 0.906896061537338, 0.906896061537338, 0.906896061537338, 0.906896061537338, 0.906896061537338, 0.8069710229225153, 0.8069710229225153, 0.8069710229225153, 0.8069710229225153, 0.8069710229225153, 0.8069710229225153, 0.8069710229225153, 0.8069710229225153, 0.8069710229225153, 0.8069710229225153, 0.8069710229225153, 0.6221625840180915, 0.6221625840180915, 0.6221625840180915, 0.6221625840180915, 0.6221625840180915, 0.6221625840180915, 0.6221625840180915, 0.6221625840180915, 0.6221625840180915, 0.6221625840180915, 0.6221625840180915, 0.6221625840180915, 0.41184691415681374, 0.41184691415681374, 0.2283268828977465, 0.2283268828977465, 0.2283268828977465, 0.2283268828977465, 0.2283268828977465, 0.2283268828977465, 0.2283268828977465, 0.2283268828977465, 0.2283268828977465, 0.2283268828977465, 0.2283268828977465, 0.2283268828977465, 0.2283268828977465, 0.2283268828977465, 0.2283268828977465, 0.2283268828977465, 0.2283268828977465, 0.2283268828977465, 0.2283268828977465, 0.2283268828977465, 0.2283268828977465, 0.2283268828977465, 0.2283268828977465, 0.2283268828977465, 0.2283268828977465, 0.2283268828977465, 0.2283268828977465, 0.2283268828977465, 0.2283268828977465, 0.12082052531744691, 0.12082052531744691, 0.12082052531744691, 0.12082052531744691, 0.12082052531744691, 0.12082052531744691, 0.12082052531744691, 0.12082052531744691, 0.12082052531744691, 0.12082052531744691, 0.062106154445933925, 0.062106154445933925, 0.062106154445933925, 0.062106154445933925, 0.062106154445933925, 0.062106154445933925, 0.062106154445933925, 0.062106154445933925, 0.062106154445933925, 0.062106154445933925, 0.062106154445933925, 0.062106154445933925, 0.062106154445933925, 0.062106154445933925, 0.062106154445933925, 0.062106154445933925, 0.062106154445933925, 0.062106154445933925, 0.062106154445933925, 0.062106154445933925, 0.062106154445933925]","{""elitism_fraction"": 0.2, ""max_iterations"": 140, ""mutation_fraction"": 0.1, ""population_size"": 50}"
griewank,Griewank,38,1428,ea,Algoritmo evolutivo,3,"[-600.0, 600.0]","[0.0, 0.0, 0.0]","[-3.905302546895655, 3.9104018389865587, 21.61011048552041]",0.45540989920030506,22.305593597157156,140,7050,"[9.520628660520673, 9.520628660520673, 9.520628660520673, 2.4322314863277907, 1.9391885925141517, 1.9391885925141517, 1.9391885925141517, 1.452692791454369, 1.452692791454369, 1.452692791454369, 1.452692791454369, 1.452692791454369, 1.452692791454369, 1.452692791454369, 1.452692791454369, 1.452692791454369, 0.8546831333217166, 0.8546831333217166, 0.8546831333217166, 0.8546831333217166, 0.8546831333217166, 0.8546831333217166, 0.8546831333217166, 0.8546831333217166, 0.8546831333217166, 0.8546831333217166, 0.8546831333217166, 0.8546831333217166, 0.8546831333217166, 0.8546831333217166, 0.8546831333217166, 0.8546831333217166, 0.8546831333217166, 0.8546831333217166, 0.8546831333217166, 0.8546831333217166, 0.8546831333217166, 0.8546831333217166, 0.8546831333217166, 0.8546831333217166, 0.8546831333217166, 0.8546831333217166, 0.8546831333217166, 0.8546831333217166, 0.45540989920030506, 0.45540989920030506, 0.45540989920030506, 0.45540989920030506, 0.45540989920030506, 0.45540989920030506, 0.45540989920030506, 0.45540989920030506, 0.45540989920030506, 0.45540989920030506, 0.45540989920030506, 0.45540989920030506, 0.45540989920030506, 0.45540989920030506, 0.45540989920030506, 0.45540989920030506, 0.45540989920030506, 0.45540989920030506, 0.45540989920030506, 0.45540989920030506, 0.45540989920030506, 0.45540989920030506, 0.45540989920030506, 0.45540989920030506, 0.45540989920030506, 0.45540989920030506, 0.45540989920030506, 0.45540989920030506, 0.45540989920030506, 0.45540989920030506, 0.45540989920030506, 0.45540989920030506, 0.45540989920030506, 0.45540989920030506, 0.45540989920030506, 0.45540989920030506, 0.45540989920030506, 0.45540989920030506, 0.45540989920030506, 0.45540989920030506, 0.45540989920030506, 0.45540989920030506, 0.45540989920030506, 0.45540989920030506, 0.45540989920030506, 0.45540989920030506, 0.45540989920030506, 0.45540989920030506, 0.45540989920030506, 0.45540989920030506, 0.45540989920030506, 0.45540989920030506, 0.45540989920030506, 0.45540989920030506, 0.45540989920030506, 0.45540989920030506, 0.45540989920030506, 0.45540989920030506, 0.45540989920030506, 0.45540989920030506, 0.45540989920030506, 0.45540989920030506, 0.45540989920030506, 0.45540989920030506, 0.45540989920030506, 0.45540989920030506, 0.45540989920030506, 0.45540989920030506, 0.45540989920030506, 0.45540989920030506, 0.45540989920030506, 0.45540989920030506, 0.45540989920030506, 0.45540989920030506, 0.45540989920030506, 0.45540989920030506, 0.45540989920030506, 0.45540989920030506, 0.45540989920030506, 0.45540989920030506, 0.45540989920030506, 0.45540989920030506, 0.45540989920030506, 0.45540989920030506, 0.45540989920030506, 0.45540989920030506, 0.45540989920030506, 0.45540989920030506, 0.45540989920030506, 0.45540989920030506, 0.45540989920030506, 0.45540989920030506, 0.45540989920030506, 0.45540989920030506, 0.45540989920030506, 0.45540989920030506, 0.45540989920030506]","{""elitism_fraction"": 0.2, ""max_iterations"": 140, ""mutation_fraction"": 0.1, ""population_size"": 50}"
griewank,Griewank,39,1429,ea,Algoritmo evolutivo,3,"[-600.0, 600.0]","[0.0, 0.0, 0.0]","[3.025203717865338, -8.974506602851193, 5.244971650385423]",0.0443888085437093,10.826049783395268,140,7050,"[9.147777096746808, 4.738123465138457, 3.2121408015939084, 3.2121408015939084, 3.153061581629594, 3.153061581629594, 2.241387408520653, 2.241387408520653, 2.044020003789716, 1.585264944043366, 1.5662624164607508, 1.5662624164607508, 1.5643465617879726, 1.3577370855373316, 1.3577370855373316, 1.3577370855373316, 1.3577370855373316, 1.3577370855373316, 1.3577370855373316, 1.3432655364612571, 1.3432655364612571, 1.3432655364612571, 1.3432655364612571, 1.3211150157698297, 1.3211150157698297, 1.3211150157698297, 1.3211150157698297, 1.3211150157698297, 1.3211150157698297, 1.3211150157698297, 1.277070297176049, 1.277070297176049, 1.277070297176049, 1.277070297176049, 1.277070297176049, 1.277070297176049, 0.7917100134647267, 0.7917100134647267, 0.7917100134647267, 0.7917100134647267, 0.7917100134647267, 0.7917100134647267, 0.7917100134647267, 0.7917100134647267, 0.7917100134647267, 0.7917100134647267, 0.7917100134647267, 0.7917100134647267, 0.7917100134647267, 0.7917100134647267, 0.7917100134647267, 0.7917100134647267, 0.7917100134647267, 0.7917100134647267, 0.7917100134647267, 0.7917100134647267, 0.7917100134647267, 0.7917100134647267, 0.7917100134647267, 0.7917100134647267, 0.7917100134647267, 0.7917100134647267, 0.7917100134647267, 0.7917100134647267, 0.7917100134647267, 0.7917100134647267, 0.7917100134647267, 0.7917100134647267, 0.7917100134647267, 0.7917100134647267, 0.7917100134647267, 0.6957464314571656, 0.6957464314571656, 0.6957464314571656, 0.6957464314571656, 0.6957464314571656, 0.6957464314571656, 0.6957464314571656, 0.6957464314571656, 0.6957464314571656, 0.6957464314571656, 0.6957464314571656, 0.6957464314571656, 0.6957464314571656, 0.6957464314571656, 0.6957464314571656, 0.6957464314571656, 0.6957464314571656, 0.6957464314571656, 0.6957464314571656, 0.6957464314571656, 0.6957464314571656, 0.6957464314571656, 0.6957464314571656, 0.6957464314571656, 0.6957464314571656, 0.6957464314571656, 0.6957464314571656, 0.6957464314571656, 0.6957464314571656, 0.6957464314571656, 0.6957464314571656, 0.6957464314571656, 0.6957464314571656, 0.6957464314571656, 0.6957464314571656, 0.0443888085437093, 0.0443888085437093, 0.0443888085437093, 0.0443888085437093, 0.0443888085437093, 0.0443888085437093, 0.0443888085437093, 0.0443888085437093, 0.0443888085437093, 0.0443888085437093, 0.0443888085437093, 0.0443888085437093, 0.0443888085437093, 0.0443888085437093, 0.0443888085437093, 0.0443888085437093, 0.0443888085437093, 0.0443888085437093, 0.0443888085437093, 0.0443888085437093, 0.0443888085437093, 0.0443888085437093, 0.0443888085437093, 0.0443888085437093, 0.0443888085437093, 0.0443888085437093, 0.0443888085437093, 0.0443888085437093, 0.0443888085437093, 0.0443888085437093, 0.0443888085437093, 0.0443888085437093, 0.0443888085437093, 0.0443888085437093, 0.0443888085437093]","{""elitism_fraction"": 0.2, ""max_iterations"": 140, ""mutation_fraction"": 0.1, ""population_size"": 50}"
griewank,Griewank,40,1421,ea,Algoritmo evolutivo,3,"[-600.0, 600.0]","[0.0, 0.0, 0.0]","[-18.685494745671917, -21.6858043366542, 16.07699250146152]",0.36035962198115445,32.8312581469281,140,7050,"[6.370158828782241, 6.370158828782241, 5.248842561115807, 4.080970489188758, 1.2674128994272715, 1.2674128994272715, 1.2674128994272715, 1.2674128994272715, 1.2674128994272715, 1.2674128994272715, 1.2674128994272715, 1.130912138779864, 1.130912138779864, 1.130912138779864, 1.130912138779864, 1.130912138779864, 1.130912138779864, 1.130912138779864, 0.9506006405074514, 0.9506006405074514, 0.9506006405074514, 0.9506006405074514, 0.9506006405074514, 0.9506006405074514, 0.9506006405074514, 0.9506006405074514, 0.9506006405074514, 0.9506006405074514, 0.9506006405074514, 0.9506006405074514, 0.9506006405074514, 0.9506006405074514, 0.9506006405074514, 0.5459425261997826, 0.5459425261997826, 0.5459425261997826, 0.5459425261997826, 0.5459425261997826, 0.5459425261997826, 0.5459425261997826, 0.5459425261997826, 0.5459425261997826, 0.5459425261997826, 0.5459425261997826, 0.5459425261997826, 0.5459425261997826, 0.5459425261997826, 0.5459425261997826, 0.5459425261997826, 0.5459425261997826, 0.5459425261997826, 0.5459425261997826, 0.5459425261997826, 0.5459425261997826, 0.5459425261997826, 0.5459425261997826, 0.5459425261997826, 0.5459425261997826, 0.5459425261997826, 0.5459425261997826, 0.4051352401712083, 0.4051352401712083, 0.4051352401712083, 0.4051352401712083, 0.4051352401712083, 0.4051352401712083, 0.4051352401712083, 0.3703501496733219, 0.3703501496733219, 0.3703501496733219, 0.3703501496733219, 0.3703501496733219, 0.3703501496733219, 0.3703501496733219, 0.3703501496733219, 0.3703501496733219, 0.3703501496733219, 0.3703501496733219, 0.3703501496733219, 0.3703501496733219, 0.3703501496733219, 0.3703501496733219, 0.3703501496733219, 0.3703501496733219, 0.3703501496733219, 0.3703501496733219, 0.3703501496733219, 0.3703501496733219, 0.3703501496733219, 0.3703501496733219, 0.3703501496733219, 0.3703501496733219, 0.3703501496733219, 0.3703501496733219, 0.3703501496733219, 0.3703501496733219, 0.3703501496733219, 0.3703501496733219, 0.3703501496733219, 0.3703501496733219, 0.3703501496733219, 0.3703501496733219, 0.3703501496733219, 0.3703501496733219, 0.3703501496733219, 0.3703501496733219, 0.3703501496733219, 0.3703501496733219, 0.36035962198115445, 0.36035962198115445, 0.36035962198115445, 0.36035962198115445, 0.36035962198115445, 0.36035962198115445, 0.36035962198115445, 0.36035962198115445, 0.36035962198115445, 0.36035962198115445, 0.36035962198115445, 0.36035962198115445, 0.36035962198115445, 0.36035962198115445, 0.36035962198115445, 0.36035962198115445, 0.36035962198115445, 0.36035962198115445, 0.36035962198115445, 0.36035962198115445, 0.36035962198115445, 0.36035962198115445, 0.36035962198115445, 0.36035962198115445, 0.36035962198115445, 0.36035962198115445, 0.36035962198115445, 0.36035962198115445, 0.36035962198115445, 0.36035962198115445, 0.36035962198115445, 0.36035962198115445, 0.36035962198115445]","{""elitism_fraction"": 0.2, ""max_iterations"": 140, ""mutation_fraction"": 0.1, ""population_size"": 50}"
griewank,Griewank,41,1422,ea,Algoritmo evolutivo,3,"[-600.0, 600.0]","[0.0, 0.0, 0.0]","[-6.063927778815014, -13.595815683471983, 27.67293514905225]",0.32263930920528017,31.42306102163312,140,7050,"[11.251928817646544, 10.78772274503246, 8.085343932723049, 8.085343932723049, 5.60404041606519, 5.60404041606519, 5.60404041606519, 3.997498507760232, 3.997498507760232, 3.997498507760232, 1.081087979769001, 1.081087979769001, 1.081087979769001, 0.8352669015253831, 0.8352669015253831, 0.8352669015253831, 0.8352669015253831, 0.8352669015253831, 0.8352669015253831, 0.8352669015253831, 0.8352669015253831, 0.8352669015253831, 0.8352669015253831, 0.8352669015253831, 0.8352669015253831, 0.8352669015253831, 0.8352669015253831, 0.8352669015253831, 0.8352669015253831, 0.8352669015253831, 0.7537408456163751, 0.7537408456163751, 0.7537408456163751, 0.7537408456163751, 0.6056188394097028, 0.6056188394097028, 0.6056188394097028, 0.6056188394097028, 0.6056188394097028, 0.6056188394097028, 0.6056188394097028, 0.6056188394097028, 0.6056188394097028, 0.6056188394097028, 0.6056188394097028, 0.6056188394097028, 0.6056188394097028, 0.6056188394097028, 0.6056188394097028, 0.6056188394097028, 0.6056188394097028, 0.6056188394097028, 0.6056188394097028, 0.6056188394097028, 0.6056188394097028, 0.6056188394097028, 0.6056188394097028, 0.6056188394097028, 0.6056188394097028, 0.6056188394097028, 0.6056188394097028, 0.6056188394097028, 0.6056188394097028, 0.6056188394097028, 0.6056188394097028, 0.6056188394097028, 0.6056188394097028, 0.6056188394097028, 0.6056188394097028, 0.6056188394097028, 0.6056188394097028, 0.6056188394097028, 0.6056188394097028, 0.6056188394097028, 0.6056188394097028, 0.6056188394097028, 0.3263073721568238, 0.3263073721568238, 0.3263073721568238, 0.3263073721568238, 0.3263073721568238, 0.3263073721568238, 0.3263073721568238, 0.3263073721568238, 0.3263073721568238, 0.3263073721568238, 0.32263930920528017, 0.32263930920528017, 0.32263930920528017, 0.32263930920528017, 0.32263930920528017, 0.32263930920528017, 0.32263930920528017, 0.32263930920528017, 0.32263930920528017, 0.32263930920528017, 0.32263930920528017, 0.32263930920528017, 0.32263930920528017, 0.32263930920528017, 0.32263930920528017, 0.32263930920528017, 0.32263930920528017, 0.32263930920528017, 0.32263930920528017, 0.32263930920528017, 0.32263930920528017, 0.32263930920528017, 0.32263930920528017, 0.32263930920528017, 0.32263930920528017, 0.32263930920528017, 0.32263930920528017, 0.32263930920528017, 0.32263930920528017, 0.32263930920528017, 0.32263930920528017, 0.32263930920528017, 0.32263930920528017, 0.32263930920528017, 0.32263930920528017, 0.32263930920528017, 0.32263930920528017, 0.32263930920528017, 0.32263930920528017, 0.32263930920528017, 0.32263930920528017, 0.32263930920528017, 0.32263930920528017, 0.32263930920528017, 0.32263930920528017, 0.32263930920528017, 0.32263930920528017, 0.32263930920528017, 0.32263930920528017, 0.32263930920528017, 0.32263930920528017, 0.32263930920528017, 0.32263930920528017, 0.32263930920528017, 0.32263930920528017]","{""elitism_fraction"": 0.2, ""max_iterations"": 140, ""mutation_fraction"": 0.1, ""population_size"": 50}"
griewank,Griewank,42,1423,ea,Algoritmo evolutivo,3,"[-600.0, 600.0]","[0.0, 0.0, 0.0]","[-6.123405693801715, 8.29890484385021, -0.010204220334799174]",0.12313719485603436,10.313487432691057,140,7050,"[1.4992671230489534, 1.4992671230489534, 1.4992671230489534, 1.4992671230489534, 1.4992671230489534, 1.4992671230489534, 1.4992671230489534, 1.4874585609595987, 1.4874585609595987, 1.1839139921238835, 1.1839139921238835, 1.1717101812811614, 1.1717101812811614, 1.1717101812811614, 1.1717101812811614, 1.1717101812811614, 1.1717101812811614, 1.1717101812811614, 1.1717101812811614, 1.1717101812811614, 1.1717101812811614, 1.1712957533390835, 1.1712957533390835, 1.1712957533390835, 1.1608115613385044, 1.1608115613385044, 1.1608115613385044, 0.6919827470103269, 0.6919827470103269, 0.6919827470103269, 0.6919827470103269, 0.6919827470103269, 0.6919827470103269, 0.6919827470103269, 0.6919827470103269, 0.6919827470103269, 0.6919827470103269, 0.6919827470103269, 0.6919827470103269, 0.6919827470103269, 0.6919827470103269, 0.6919827470103269, 0.6919827470103269, 0.6919827470103269, 0.6919827470103269, 0.6919827470103269, 0.6919827470103269, 0.6919827470103269, 0.6919827470103269, 0.6919827470103269, 0.6919827470103269, 0.6919827470103269, 0.6919827470103269, 0.5760061271864254, 0.5760061271864254, 0.5760061271864254, 0.5760061271864254, 0.5760061271864254, 0.5760061271864254, 0.5760061271864254, 0.5760061271864254, 0.5760061271864254, 0.5760061271864254, 0.5760061271864254, 0.5760061271864254, 0.5760061271864254, 0.5760061271864254, 0.5760061271864254, 0.5760061271864254, 0.5760061271864254, 0.5760061271864254, 0.5760061271864254, 0.5760061271864254, 0.5760061271864254, 0.5760061271864254, 0.5760061271864254, 0.5760061271864254, 0.5760061271864254, 0.5760061271864254, 0.5760061271864254, 0.5760061271864254, 0.5760061271864254, 0.5760061271864254, 0.5760061271864254, 0.5760061271864254, 0.5760061271864254, 0.5760061271864254, 0.5760061271864254, 0.4746982343601074, 0.4746982343601074, 0.4746982343601074, 0.4746982343601074, 0.4746982343601074, 0.4746982343601074, 0.4746982343601074, 0.4746982343601074, 0.4746982343601074, 0.4746982343601074, 0.4746982343601074, 0.4746982343601074, 0.4746982343601074, 0.4746982343601074, 0.4746982343601074, 0.4746982343601074, 0.4746982343601074, 0.4746982343601074, 0.4746982343601074, 0.4746982343601074, 0.4746982343601074, 0.4746982343601074, 0.4746982343601074, 0.4746982343601074, 0.4746982343601074, 0.4746982343601074, 0.4746982343601074, 0.4746982343601074, 0.4746982343601074, 0.4746982343601074, 0.4746982343601074, 0.4746982343601074, 0.4746982343601074, 0.4746982343601074, 0.4746982343601074, 0.4746982343601074, 0.4746982343601074, 0.4746982343601074, 0.4746982343601074, 0.4746982343601074, 0.4746982343601074, 0.4746982343601074, 0.4746982343601074, 0.4746982343601074, 0.4746982343601074, 0.4746982343601074, 0.4746982343601074, 0.4746982343601074, 0.4746982343601074, 0.4746982343601074, 0.12313719485603436, 0.12313719485603436, 0.12313719485603436]","{""elitism_fraction"": 0.2, ""max_iterations"": 140, ""mutation_fraction"": 0.1, ""population_size"": 50}"
griewank,Griewank,43,1424,ea,Algoritmo evolutivo,3,"[-600.0, 600.0]","[0.0, 0.0, 0.0]","[9.70023717113861, -13.245395501851135, 0.6179578159325274]",0.16733983116636408,16.42915016180294,140,7050,"[3.482491612991494, 3.482491612991494, 3.482491612991494, 3.482491612991494, 3.482491612991494, 3.482491612991494, 3.482491612991494, 3.482491612991494, 3.482491612991494, 3.482491612991494, 3.482491612991494, 2.6120238381635317, 2.356995532304552, 2.1607237412984133, 2.080052107222591, 2.080052107222591, 2.080052107222591, 2.080052107222591, 1.396266319680089, 1.396266319680089, 1.396266319680089, 1.396266319680089, 1.396266319680089, 1.396266319680089, 1.396266319680089, 0.8785567710002613, 0.8785567710002613, 0.5717561346199354, 0.5717561346199354, 0.5717561346199354, 0.5717561346199354, 0.5717561346199354, 0.5717561346199354, 0.5717561346199354, 0.5717561346199354, 0.5717561346199354, 0.5717561346199354, 0.5717561346199354, 0.5717561346199354, 0.5717561346199354, 0.5717561346199354, 0.5717561346199354, 0.5717561346199354, 0.5717561346199354, 0.5717561346199354, 0.5717561346199354, 0.5717561346199354, 0.5717561346199354, 0.5717561346199354, 0.5717561346199354, 0.5717561346199354, 0.5717561346199354, 0.5717561346199354, 0.5717561346199354, 0.5717561346199354, 0.5717561346199354, 0.3720547613438743, 0.3720547613438743, 0.3720547613438743, 0.3720547613438743, 0.3720547613438743, 0.3720547613438743, 0.3720547613438743, 0.3720547613438743, 0.3720547613438743, 0.3720547613438743, 0.3720547613438743, 0.3720547613438743, 0.3720547613438743, 0.3720547613438743, 0.3720547613438743, 0.3720547613438743, 0.3720547613438743, 0.3720547613438743, 0.3720547613438743, 0.3720547613438743, 0.3720547613438743, 0.3720547613438743, 0.3720547613438743, 0.3720547613438743, 0.3720547613438743, 0.3720547613438743, 0.3720547613438743, 0.3720547613438743, 0.3720547613438743, 0.3720547613438743, 0.3720547613438743, 0.3720547613438743, 0.3720547613438743, 0.3720547613438743, 0.3720547613438743, 0.3720547613438743, 0.3720547613438743, 0.3720547613438743, 0.3720547613438743, 0.3720547613438743, 0.3720547613438743, 0.3720547613438743, 0.3720547613438743, 0.3720547613438743, 0.3720547613438743, 0.3720547613438743, 0.16733983116636408, 0.16733983116636408, 0.16733983116636408, 0.16733983116636408, 0.16733983116636408, 0.16733983116636408, 0.16733983116636408, 0.16733983116636408, 0.16733983116636408, 0.16733983116636408, 0.16733983116636408, 0.16733983116636408, 0.16733983116636408, 0.16733983116636408, 0.16733983116636408, 0.16733983116636408, 0.16733983116636408, 0.16733983116636408, 0.16733983116636408, 0.16733983116636408, 0.16733983116636408, 0.16733983116636408, 0.16733983116636408, 0.16733983116636408, 0.16733983116636408, 0.16733983116636408, 0.16733983116636408, 0.16733983116636408, 0.16733983116636408, 0.16733983116636408, 0.16733983116636408, 0.16733983116636408, 0.16733983116636408, 0.16733983116636408, 0.16733983116636408, 0.16733983116636408, 0.16733983116636408, 0.16733983116636408, 0.16733983116636408]","{""elitism_fraction"": 0.2, ""max_iterations"": 140, ""mutation_fraction"": 0.1, ""population_size"": 50}"
griewank,Griewank,44,1425,ea,Algoritmo evolutivo,3,"[-600.0, 600.0]","[0.0, 0.0, 0.0]","[-22.084596808350625, -8.970943933112494, -5.945419307050543]",0.19883959096183956,24.567361721908764,140,7050,"[8.951716755533816, 8.951716755533816, 2.9017555741273013, 2.9017555741273013, 2.7486172240494597, 2.7252766796006807, 2.7252766796006807, 0.9923560136732887, 0.9923560136732887, 0.9923560136732887, 0.8091751473285537, 0.8091751473285537, 0.8091751473285537, 0.8091751473285537, 0.8091751473285537, 0.8091751473285537, 0.8091751473285537, 0.8091751473285537, 0.8091751473285537, 0.5492998346060607, 0.5492998346060607, 0.5492998346060607, 0.5492998346060607, 0.5492998346060607, 0.5492998346060607, 0.5492998346060607, 0.5492998346060607, 0.5492998346060607, 0.5492998346060607, 0.5492998346060607, 0.19883959096183956, 0.19883959096183956, 0.19883959096183956, 0.19883959096183956, 0.19883959096183956, 0.19883959096183956, 0.19883959096183956, 0.19883959096183956, 0.19883959096183956, 0.19883959096183956, 0.19883959096183956, 0.19883959096183956, 0.19883959096183956, 0.19883959096183956, 0.19883959096183956, 0.19883959096183956, 0.19883959096183956, 0.19883959096183956, 0.19883959096183956, 0.19883959096183956, 0.19883959096183956, 0.19883959096183956, 0.19883959096183956, 0.19883959096183956, 0.19883959096183956, 0.19883959096183956, 0.19883959096183956, 0.19883959096183956, 0.19883959096183956, 0.19883959096183956, 0.19883959096183956, 0.19883959096183956, 0.19883959096183956, 0.19883959096183956, 0.19883959096183956, 0.19883959096183956, 0.19883959096183956, 0.19883959096183956, 0.19883959096183956, 0.19883959096183956, 0.19883959096183956, 0.19883959096183956, 0.19883959096183956, 0.19883959096183956, 0.19883959096183956, 0.19883959096183956, 0.19883959096183956, 0.19883959096183956, 0.19883959096183956, 0.19883959096183956, 0.19883959096183956, 0.19883959096183956, 0.19883959096183956, 0.19883959096183956, 0.19883959096183956, 0.19883959096183956, 0.19883959096183956, 0.19883959096183956, 0.19883959096183956, 0.19883959096183956, 0.19883959096183956, 0.19883959096183956, 0.19883959096183956, 0.19883959096183956, 0.19883959096183956, 0.19883959096183956, 0.19883959096183956, 0.19883959096183956, 0.19883959096183956, 0.19883959096183956, 0.19883959096183956, 0.19883959096183956, 0.19883959096183956, 0.19883959096183956, 0.19883959096183956, 0.19883959096183956, 0.19883959096183956, 0.19883959096183956, 0.19883959096183956, 0.19883959096183956, 0.19883959096183956, 0.19883959096183956, 0.19883959096183956, 0.19883959096183956, 0.19883959096183956, 0.19883959096183956, 0.19883959096183956, 0.19883959096183956, 0.19883959096183956, 0.19883959096183956, 0.19883959096183956, 0.19883959096183956, 0.19883959096183956, 0.19883959096183956, 0.19883959096183956, 0.19883959096183956, 0.19883959096183956, 0.19883959096183956, 0.19883959096183956, 0.19883959096183956, 0.19883959096183956, 0.19883959096183956, 0.19883959096183956, 0.19883959096183956, 0.19883959096183956, 0.19883959096183956, 0.19883959096183956, 0.19883959096183956, 0.19883959096183956, 0.19883959096183956, 0.19883959096183956]","{""elitism_fraction"": 0.2, ""max_iterations"": 140, ""mutation_fraction"": 0.1, ""population_size"": 50}"
griewank,Griewank,45,1426,ea,Algoritmo evolutivo,3,"[-600.0, 600.0]","[0.0, 0.0, 0.0]","[-1.8284226817702347, 13.865083615000003, -0.5757595352714588]",0.8252598591711373,13.996970107727224,140,7050,"[23.045885043287434, 23.02988330593268, 16.52995295987464, 3.552139816246884, 3.552139816246884, 3.552139816246884, 3.552139816246884, 1.7858387376696743, 1.7858387376696743, 1.7858387376696743, 1.398641071854784, 1.398641071854784, 1.398641071854784, 1.398641071854784, 1.398641071854784, 1.3740569824147668, 1.3740569824147668, 1.0789810108598026, 1.0789810108598026, 1.0789810108598026, 1.0789810108598026, 1.0789810108598026, 1.065999620471148, 1.065999620471148, 1.065999620471148, 1.065999620471148, 1.065999620471148, 1.065999620471148, 1.065999620471148, 1.065999620471148, 1.065999620471148, 1.065999620471148, 1.065999620471148, 1.065999620471148, 1.065999620471148, 1.065999620471148, 1.065999620471148, 1.065999620471148, 1.065999620471148, 1.065999620471148, 1.065999620471148, 1.065999620471148, 1.065999620471148, 1.065999620471148, 1.065999620471148, 1.065999620471148, 1.065999620471148, 1.065999620471148, 1.065999620471148, 1.065999620471148, 1.065999620471148, 1.065999620471148, 1.065999620471148, 1.065999620471148, 1.065999620471148, 1.065999620471148, 1.065999620471148, 1.065999620471148, 1.065999620471148, 1.065999620471148, 1.0081119826519733, 1.0081119826519733, 1.0081119826519733, 1.0081119826519733, 1.0081119826519733, 1.0081119826519733, 1.0081119826519733, 1.0081119826519733, 1.0081119826519733, 1.0081119826519733, 1.0081119826519733, 1.0081119826519733, 1.0081119826519733, 1.0081119826519733, 1.0081119826519733, 1.0081119826519733, 1.0081119826519733, 1.0081119826519733, 1.0081119826519733, 1.0081119826519733, 1.0081119826519733, 1.0081119826519733, 1.0081119826519733, 1.0081119826519733, 1.0081119826519733, 1.0081119826519733, 1.0081119826519733, 1.0081119826519733, 1.0081119826519733, 1.0081119826519733, 1.0081119826519733, 1.0081119826519733, 1.0081119826519733, 1.0081119826519733, 1.0081119826519733, 1.0081119826519733, 1.0081119826519733, 1.0081119826519733, 1.0081119826519733, 1.0081119826519733, 1.0081119826519733, 1.0081119826519733, 1.0081119826519733, 1.0081119826519733, 1.0081119826519733, 1.0081119826519733, 1.0081119826519733, 1.0081119826519733, 0.8781676248512043, 0.8781676248512043, 0.8781676248512043, 0.8781676248512043, 0.8781676248512043, 0.8781676248512043, 0.8781676248512043, 0.8781676248512043, 0.8781676248512043, 0.8781676248512043, 0.8781676248512043, 0.8252598591711373, 0.8252598591711373, 0.8252598591711373, 0.8252598591711373, 0.8252598591711373, 0.8252598591711373, 0.8252598591711373, 0.8252598591711373, 0.8252598591711373, 0.8252598591711373, 0.8252598591711373, 0.8252598591711373, 0.8252598591711373, 0.8252598591711373, 0.8252598591711373, 0.8252598591711373, 0.8252598591711373, 0.8252598591711373, 0.8252598591711373, 0.8252598591711373, 0.8252598591711373, 0.8252598591711373]","{""elitism_fraction"": 0.2, ""max_iterations"": 140, ""mutation_fraction"": 0.1, ""population_size"": 50}"
griewank,Griewank,46,1427,ea,Algoritmo evolutivo,3,"[-600.0, 600.0]","[0.0, 0.0, 0.0]","[3.1807149664584813, -8.563808301005565, -5.2208647174686575]",0.062106154445933925,10.522033487512473,140,7050,"[10.444510978739826, 6.780695411687666, 6.780695411687666, 6.780695411687666, 3.1821942958809415, 1.1533478905267476, 1.1533478905267476, 1.1533478905267476, 1.1533478905267476, 1.1533478905267476, 1.0465062601433122, 1.0465062601433122, 1.0465062601433122, 1.0465062601433122, 1.0465062601433122, 1.0465062601433122, 1.0465062601433122, 1.0465062601433122, 1.0465062601433122, 1.0465062601433122, 1.0465062601433122, 1.0465062601433122, 1.0465062601433122, 1.0465062601433122, 1.0465062601433122, 1.0465062601433122, 1.0465062601433122, 1.0465062601433122, 1.0465062601433122, 1.0465062601433122, 1.0465062601433122, 0.9775975660835933, 0.9775975660835933, 0.9775975660835933, 0.9175218868557511, 0.9175218868557511, 0.9175218868557511, 0.9175218868557511, 0.906896061537338, 0.906896061537338, 0.906896061537338, 0.906896061537338, 0.906896061537338, 0.906896061537338, 0.906896061537338, 0.906896061537338, 0.906896061537338, 0.906896061537338, 0.906896061537338, 0.906896061537338, 0.906896061537338, 0.906896061537338, 0.906896061537338, 0.906896061537338, 0.906896061537338, 0.906896061537338, 0.8069710229225153, 0.8069710229225153, 0.8069710229225153, 0.8069710229225153, 0.8069710229225153, 0.8069710229225153, 0.8069710229225153, 0.8069710229225153, 0.8069710229225153, 0.8069710229225153, 0.8069710229225153, 0.6221625840180915, 0.6221625840180915, 0.6221625840180915, 0.6221625840180915, 0.6221625840180915, 0.6221625840180915, 0.6221625840180915, 0.6221625840180915, 0.6221625840180915, 0.6221625840180915, 0.6221625840180915, 0.6221625840180915, 0.41184691415681374, 0.41184691415681374, 0.2283268828977465, 0.2283268828977465, 0.2283268828977465, 0.2283268828977465, 0.2283268828977465, 0.2283268828977465, 0.2283268828977465, 0.2283268828977465, 0.2283268828977465, 0.2283268828977465, 0.2283268828977465, 0.2283268828977465, 0.2283268828977465, 0.2283268828977465, 0.2283268828977465, 0.2283268828977465, 0.2283268828977465, 0.2283268828977465, 0.2283268828977465, 0.2283268828977465, 0.2283268828977465, 0.2283268828977465, 0.2283268828977465, 0.2283268828977465, 0.2283268828977465, 0.2283268828977465, 0.2283268828977465, 0.2283268828977465, 0.2283268828977465, 0.12082052531744691, 0.12082052531744691, 0.12082052531744691, 0.12082052531744691, 0.12082052531744691, 0.12082052531744691, 0.12082052531744691, 0.12082052531744691, 0.12082052531744691, 0.12082052531744691, 0.062106154445933925, 0.062106154445933925, 0.062106154445933925, 0.062106154445933925, 0.062106154445933925, 0.062106154445933925, 0.062106154445933925, 0.062106154445933925, 0.062106154445933925, 0.062106154445933925, 0.062106154445933925, 0.062106154445933925, 0.062106154445933925, 0.062106154445933925, 0.062106154445933925, 0.062106154445933925, 0.062106154445933925, 0.062106154445933925, 0.062106154445933925, 0.062106154445933925, 0.062106154445933925]","{""elitism_fraction"": 0.2, ""max_iterations"": 140, ""mutation_fraction"": 0.1, ""population_size"": 50}"
griewank,Griewank,47,1428,ea,Algoritmo evolutivo,3,"[-600.0, 600.0]","[0.0, 0.0, 0.0]","[-3.905302546895655, 3.9104018389865587, 21.61011048552041]",0.45540989920030506,22.305593597157156,140,7050,"[9.520628660520673, 9.520628660520673, 9.520628660520673, 2.4322314863277907, 1.9391885925141517, 1.9391885925141517, 1.9391885925141517, 1.452692791454369, 1.452692791454369, 1.452692791454369, 1.452692791454369, 1.452692791454369, 1.452692791454369, 1.452692791454369, 1.452692791454369, 1.452692791454369, 0.8546831333217166, 0.8546831333217166, 0.8546831333217166, 0.8546831333217166, 0.8546831333217166, 0.8546831333217166, 0.8546831333217166, 0.8546831333217166, 0.8546831333217166, 0.8546831333217166, 0.8546831333217166, 0.8546831333217166, 0.8546831333217166, 0.8546831333217166, 0.8546831333217166, 0.8546831333217166, 0.8546831333217166, 0.8546831333217166, 0.8546831333217166, 0.8546831333217166, 0.8546831333217166, 0.8546831333217166, 0.8546831333217166, 0.8546831333217166, 0.8546831333217166, 0.8546831333217166, 0.8546831333217166, 0.8546831333217166, 0.45540989920030506, 0.45540989920030506, 0.45540989920030506, 0.45540989920030506, 0.45540989920030506, 0.45540989920030506, 0.45540989920030506, 0.45540989920030506, 0.45540989920030506, 0.45540989920030506, 0.45540989920030506, 0.45540989920030506, 0.45540989920030506, 0.45540989920030506, 0.45540989920030506, 0.45540989920030506, 0.45540989920030506, 0.45540989920030506, 0.45540989920030506, 0.45540989920030506, 0.45540989920030506, 0.45540989920030506, 0.45540989920030506, 0.45540989920030506, 0.45540989920030506, 0.45540989920030506, 0.45540989920030506, 0.45540989920030506, 0.45540989920030506, 0.45540989920030506, 0.45540989920030506, 0.45540989920030506, 0.45540989920030506, 0.45540989920030506, 0.45540989920030506, 0.45540989920030506, 0.45540989920030506, 0.45540989920030506, 0.45540989920030506, 0.45540989920030506, 0.45540989920030506, 0.45540989920030506, 0.45540989920030506, 0.45540989920030506, 0.45540989920030506, 0.45540989920030506, 0.45540989920030506, 0.45540989920030506, 0.45540989920030506, 0.45540989920030506, 0.45540989920030506, 0.45540989920030506, 0.45540989920030506, 0.45540989920030506, 0.45540989920030506, 0.45540989920030506, 0.45540989920030506, 0.45540989920030506, 0.45540989920030506, 0.45540989920030506, 0.45540989920030506, 0.45540989920030506, 0.45540989920030506, 0.45540989920030506, 0.45540989920030506, 0.45540989920030506, 0.45540989920030506, 0.45540989920030506, 0.45540989920030506, 0.45540989920030506, 0.45540989920030506, 0.45540989920030506, 0.45540989920030506, 0.45540989920030506, 0.45540989920030506, 0.45540989920030506, 0.45540989920030506, 0.45540989920030506, 0.45540989920030506, 0.45540989920030506, 0.45540989920030506, 0.45540989920030506, 0.45540989920030506, 0.45540989920030506, 0.45540989920030506, 0.45540989920030506, 0.45540989920030506, 0.45540989920030506, 0.45540989920030506, 0.45540989920030506, 0.45540989920030506, 0.45540989920030506, 0.45540989920030506, 0.45540989920030506, 0.45540989920030506, 0.45540989920030506, 0.45540989920030506]","{""elitism_fraction"": 0.2, ""max_iterations"": 140, ""mutation_fraction"": 0.1, ""population_size"": 50}"
griewank,Griewank,48,1429,ea,Algoritmo evolutivo,3,"[-600.0, 600.0]","[0.0, 0.0, 0.0]","[3.025203717865338, -8.974506602851193, 5.244971650385423]",0.0443888085437093,10.826049783395268,140,7050,"[9.147777096746808, 4.738123465138457, 3.2121408015939084, 3.2121408015939084, 3.153061581629594, 3.153061581629594, 2.241387408520653, 2.241387408520653, 2.044020003789716, 1.585264944043366, 1.5662624164607508, 1.5662624164607508, 1.5643465617879726, 1.3577370855373316, 1.3577370855373316, 1.3577370855373316, 1.3577370855373316, 1.3577370855373316, 1.3577370855373316, 1.3432655364612571, 1.3432655364612571, 1.3432655364612571, 1.3432655364612571, 1.3211150157698297, 1.3211150157698297, 1.3211150157698297, 1.3211150157698297, 1.3211150157698297, 1.3211150157698297, 1.3211150157698297, 1.277070297176049, 1.277070297176049, 1.277070297176049, 1.277070297176049, 1.277070297176049, 1.277070297176049, 0.7917100134647267, 0.7917100134647267, 0.7917100134647267, 0.7917100134647267, 0.7917100134647267, 0.7917100134647267, 0.7917100134647267, 0.7917100134647267, 0.7917100134647267, 0.7917100134647267, 0.7917100134647267, 0.7917100134647267, 0.7917100134647267, 0.7917100134647267, 0.7917100134647267, 0.7917100134647267, 0.7917100134647267, 0.7917100134647267, 0.7917100134647267, 0.7917100134647267, 0.7917100134647267, 0.7917100134647267, 0.7917100134647267, 0.7917100134647267, 0.7917100134647267, 0.7917100134647267, 0.7917100134647267, 0.7917100134647267, 0.7917100134647267, 0.7917100134647267, 0.7917100134647267, 0.7917100134647267, 0.7917100134647267, 0.7917100134647267, 0.7917100134647267, 0.6957464314571656, 0.6957464314571656, 0.6957464314571656, 0.6957464314571656, 0.6957464314571656, 0.6957464314571656, 0.6957464314571656, 0.6957464314571656, 0.6957464314571656, 0.6957464314571656, 0.6957464314571656, 0.6957464314571656, 0.6957464314571656, 0.6957464314571656, 0.6957464314571656, 0.6957464314571656, 0.6957464314571656, 0.6957464314571656, 0.6957464314571656, 0.6957464314571656, 0.6957464314571656, 0.6957464314571656, 0.6957464314571656, 0.6957464314571656, 0.6957464314571656, 0.6957464314571656, 0.6957464314571656, 0.6957464314571656, 0.6957464314571656, 0.6957464314571656, 0.6957464314571656, 0.6957464314571656, 0.6957464314571656, 0.6957464314571656, 0.6957464314571656, 0.0443888085437093, 0.0443888085437093, 0.0443888085437093, 0.0443888085437093, 0.0443888085437093, 0.0443888085437093, 0.0443888085437093, 0.0443888085437093, 0.0443888085437093, 0.0443888085437093, 0.0443888085437093, 0.0443888085437093, 0.0443888085437093, 0.0443888085437093, 0.0443888085437093, 0.0443888085437093, 0.0443888085437093, 0.0443888085437093, 0.0443888085437093, 0.0443888085437093, 0.0443888085437093, 0.0443888085437093, 0.0443888085437093, 0.0443888085437093, 0.0443888085437093, 0.0443888085437093, 0.0443888085437093, 0.0443888085437093, 0.0443888085437093, 0.0443888085437093, 0.0443888085437093, 0.0443888085437093, 0.0443888085437093, 0.0443888085437093, 0.0443888085437093]","{""elitism_fraction"": 0.2, ""max_iterations"": 140, ""mutation_fraction"": 0.1, ""population_size"": 50}"
griewank,Griewank,49,1430,ea,Algoritmo evolutivo,3,"[-600.0, 600.0]","[0.0, 0.0, 0.0]","[-9.197427055469461, -0.8266042808145357, -4.963121797346048]",0.2457298553870172,10.483726296171321,140,7050,"[11.712936416606004, 11.247840175319592, 2.5790007913519473, 2.5790007913519473, 2.5790007913519473, 2.495511705531877, 2.495511705531877, 2.495511705531877, 2.4715596993746516, 2.4715596993746516, 2.4715596993746516, 1.9934003793685293, 1.9934003793685293, 1.9934003793685293, 1.9934003793685293, 1.3400869720727382, 1.3318555449634586, 1.11135779888105, 1.11135779888105, 1.11135779888105, 1.11135779888105, 1.11135779888105, 1.11135779888105, 1.11135779888105, 1.11135779888105, 1.11135779888105, 1.11135779888105, 0.893393604806006, 0.893393604806006, 0.893393604806006, 0.893393604806006, 0.893393604806006, 0.893393604806006, 0.893393604806006, 0.893393604806006, 0.893393604806006, 0.893393604806006, 0.893393604806006, 0.893393604806006, 0.893393604806006, 0.893393604806006, 0.893393604806006, 0.893393604806006, 0.893393604806006, 0.893393604806006, 0.893393604806006, 0.893393604806006, 0.893393604806006, 0.893393604806006, 0.893393604806006, 0.893393604806006, 0.893393604806006, 0.893393604806006, 0.893393604806006, 0.893393604806006, 0.893393604806006, 0.893393604806006, 0.893393604806006, 0.893393604806006, 0.893393604806006, 0.893393604806006, 0.893393604806006, 0.893393604806006, 0.893393604806006, 0.893393604806006, 0.893393604806006, 0.893393604806006, 0.893393604806006, 0.893393604806006, 0.893393604806006, 0.893393604806006, 0.893393604806006, 0.893393604806006, 0.893393604806006, 0.893393604806006, 0.893393604806006, 0.893393604806006, 0.893393604806006, 0.893393604806006, 0.893393604806006, 0.893393604806006, 0.893393604806006, 0.893393604806006, 0.893393604806006, 0.8762489564912262, 0.8762489564912262, 0.785688726629461, 0.785688726629461, 0.785688726629461, 0.7168706461941724, 0.7168706461941724, 0.7119174053712337, 0.7119174053712337, 0.7119174053712337, 0.7119174053712337, 0.6105045096814439, 0.5392772220129616, 0.5392772220129616, 0.5392772220129616, 0.5392772220129616, 0.5392772220129616, 0.5392772220129616, 0.5392772220129616, 0.5392772220129616, 0.5392772220129616, 0.5392772220129616, 0.5392772220129616, 0.5392772220129616, 0.5392772220129616, 0.5392772220129616, 0.5392772220129616, 0.5392772220129616, 0.5392772220129616, 0.5315579003311712, 0.5315579003311712, 0.5315579003311712, 0.4681070160252877, 0.4681070160252877, 0.4681070160252877, 0.4681070160252877, 0.4681070160252877, 0.4681070160252877, 0.4681070160252877, 0.4681070160252877, 0.4681070160252877, 0.4681070160252877, 0.4681070160252877, 0.4681070160252877, 0.4681070160252877, 0.4681070160252877, 0.4681070160252877, 0.4681070160252877, 0.4681070160252877, 0.4681070160252877, 0.2457298553870172, 0.2457298553870172, 0.2457298553870172, 0.2457298553870172, 0.2457298553870172, 0.2457298553870172, 0.2457298553870172]","{""elitism_fraction"": 0.2, ""max_iterations"": 140, ""mutation_fraction"": 0.1, ""population_size"": 50}"
griewank,Griewank,50,1422,ea,Algoritmo evolutivo,3,"[-600.0, 600.0]","[0.0, 0.0, 0.0]","[-6.063927778815014, -13.595815683471983, 27.67293514905225]",0.32263930920528017,31.42306102163312,140,7050,"[11.251928817646544, 10.78772274503246, 8.085343932723049, 8.085343932723049, 5.60404041606519, 5.60404041606519, 5.60404041606519, 3.997498507760232, 3.997498507760232, 3.997498507760232, 1.081087979769001, 1.081087979769001, 1.081087979769001, 0.8352669015253831, 0.8352669015253831, 0.8352669015253831, 0.8352669015253831, 0.8352669015253831, 0.8352669015253831, 0.8352669015253831, 0.8352669015253831, 0.8352669015253831, 0.8352669015253831, 0.8352669015253831, 0.8352669015253831, 0.8352669015253831, 0.8352669015253831, 0.8352669015253831, 0.8352669015253831, 0.8352669015253831, 0.7537408456163751, 0.7537408456163751, 0.7537408456163751, 0.7537408456163751, 0.6056188394097028, 0.6056188394097028, 0.6056188394097028, 0.6056188394097028, 0.6056188394097028, 0.6056188394097028, 0.6056188394097028, 0.6056188394097028, 0.6056188394097028, 0.6056188394097028, 0.6056188394097028, 0.6056188394097028, 0.6056188394097028, 0.6056188394097028, 0.6056188394097028, 0.6056188394097028, 0.6056188394097028, 0.6056188394097028, 0.6056188394097028, 0.6056188394097028, 0.6056188394097028, 0.6056188394097028, 0.6056188394097028, 0.6056188394097028, 0.6056188394097028, 0.6056188394097028, 0.6056188394097028, 0.6056188394097028, 0.6056188394097028, 0.6056188394097028, 0.6056188394097028, 0.6056188394097028, 0.6056188394097028, 0.6056188394097028, 0.6056188394097028, 0.6056188394097028, 0.6056188394097028, 0.6056188394097028, 0.6056188394097028, 0.6056188394097028, 0.6056188394097028, 0.6056188394097028, 0.3263073721568238, 0.3263073721568238, 0.3263073721568238, 0.3263073721568238, 0.3263073721568238, 0.3263073721568238, 0.3263073721568238, 0.3263073721568238, 0.3263073721568238, 0.3263073721568238, 0.32263930920528017, 0.32263930920528017, 0.32263930920528017, 0.32263930920528017, 0.32263930920528017, 0.32263930920528017, 0.32263930920528017, 0.32263930920528017, 0.32263930920528017, 0.32263930920528017, 0.32263930920528017, 0.32263930920528017, 0.32263930920528017, 0.32263930920528017, 0.32263930920528017, 0.32263930920528017, 0.32263930920528017, 0.32263930920528017, 0.32263930920528017, 0.32263930920528017, 0.32263930920528017, 0.32263930920528017, 0.32263930920528017, 0.32263930920528017, 0.32263930920528017, 0.32263930920528017, 0.32263930920528017, 0.32263930920528017, 0.32263930920528017, 0.32263930920528017, 0.32263930920528017, 0.32263930920528017, 0.32263930920528017, 0.32263930920528017, 0.32263930920528017, 0.32263930920528017, 0.32263930920528017, 0.32263930920528017, 0.32263930920528017, 0.32263930920528017, 0.32263930920528017, 0.32263930920528017, 0.32263930920528017, 0.32263930920528017, 0.32263930920528017, 0.32263930920528017, 0.32263930920528017, 0.32263930920528017, 0.32263930920528017, 0.32263930920528017, 0.32263930920528017, 0.32263930920528017, 0.32263930920528017, 0.32263930920528017, 0.32263930920528017]","{""elitism_fraction"": 0.2, ""max_iterations"": 140, ""mutation_fraction"": 0.1, ""population_size"": 50}"
griewank,Griewank,51,1423,ea,Algoritmo evolutivo,3,"[-600.0, 600.0]","[0.0, 0.0, 0.0]","[-6.123405693801715, 8.29890484385021, -0.010204220334799174]",0.12313719485603436,10.313487432691057,140,7050,"[1.4992671230489534, 1.4992671230489534, 1.4992671230489534, 1.4992671230489534, 1.4992671230489534, 1.4992671230489534, 1.4992671230489534, 1.4874585609595987, 1.4874585609595987, 1.1839139921238835, 1.1839139921238835, 1.1717101812811614, 1.1717101812811614, 1.1717101812811614, 1.1717101812811614, 1.1717101812811614, 1.1717101812811614, 1.1717101812811614, 1.1717101812811614, 1.1717101812811614, 1.1717101812811614, 1.1712957533390835, 1.1712957533390835, 1.1712957533390835, 1.1608115613385044, 1.1608115613385044, 1.1608115613385044, 0.6919827470103269, 0.6919827470103269, 0.6919827470103269, 0.6919827470103269, 0.6919827470103269, 0.6919827470103269, 0.6919827470103269, 0.6919827470103269, 0.6919827470103269, 0.6919827470103269, 0.6919827470103269, 0.6919827470103269, 0.6919827470103269, 0.6919827470103269, 0.6919827470103269, 0.6919827470103269, 0.6919827470103269, 0.6919827470103269, 0.6919827470103269, 0.6919827470103269, 0.6919827470103269, 0.6919827470103269, 0.6919827470103269, 0.6919827470103269, 0.6919827470103269, 0.6919827470103269, 0.5760061271864254, 0.5760061271864254, 0.5760061271864254, 0.5760061271864254, 0.5760061271864254, 0.5760061271864254, 0.5760061271864254, 0.5760061271864254, 0.5760061271864254, 0.5760061271864254, 0.5760061271864254, 0.5760061271864254, 0.5760061271864254, 0.5760061271864254, 0.5760061271864254, 0.5760061271864254, 0.5760061271864254, 0.5760061271864254, 0.5760061271864254, 0.5760061271864254, 0.5760061271864254, 0.5760061271864254, 0.5760061271864254, 0.5760061271864254, 0.5760061271864254, 0.5760061271864254, 0.5760061271864254, 0.5760061271864254, 0.5760061271864254, 0.5760061271864254, 0.5760061271864254, 0.5760061271864254, 0.5760061271864254, 0.5760061271864254, 0.5760061271864254, 0.4746982343601074, 0.4746982343601074, 0.4746982343601074, 0.4746982343601074, 0.4746982343601074, 0.4746982343601074, 0.4746982343601074, 0.4746982343601074, 0.4746982343601074, 0.4746982343601074, 0.4746982343601074, 0.4746982343601074, 0.4746982343601074, 0.4746982343601074, 0.4746982343601074, 0.4746982343601074, 0.4746982343601074, 0.4746982343601074, 0.4746982343601074, 0.4746982343601074, 0.4746982343601074, 0.4746982343601074, 0.4746982343601074, 0.4746982343601074, 0.4746982343601074, 0.4746982343601074, 0.4746982343601074, 0.4746982343601074, 0.4746982343601074, 0.4746982343601074, 0.4746982343601074, 0.4746982343601074, 0.4746982343601074, 0.4746982343601074, 0.4746982343601074, 0.4746982343601074, 0.4746982343601074, 0.4746982343601074, 0.4746982343601074, 0.4746982343601074, 0.4746982343601074, 0.4746982343601074, 0.4746982343601074, 0.4746982343601074, 0.4746982343601074, 0.4746982343601074, 0.4746982343601074, 0.4746982343601074, 0.4746982343601074, 0.4746982343601074, 0.12313719485603436, 0.12313719485603436, 0.12313719485603436]","{""elitism_fraction"": 0.2, ""max_iterations"": 140, ""mutation_fraction"": 0.1, ""population_size"": 50}"
griewank,Griewank,52,1424,ea,Algoritmo evolutivo,3,"[-600.0, 600.0]","[0.0, 0.0, 0.0]","[9.70023717113861, -13.245395501851135, 0.6179578159325274]",0.16733983116636408,16.42915016180294,140,7050,"[3.482491612991494, 3.482491612991494, 3.482491612991494, 3.482491612991494, 3.482491612991494, 3.482491612991494, 3.482491612991494, 3.482491612991494, 3.482491612991494, 3.482491612991494, 3.482491612991494, 2.6120238381635317, 2.356995532304552, 2.1607237412984133, 2.080052107222591, 2.080052107222591, 2.080052107222591, 2.080052107222591, 1.396266319680089, 1.396266319680089, 1.396266319680089, 1.396266319680089, 1.396266319680089, 1.396266319680089, 1.396266319680089, 0.8785567710002613, 0.8785567710002613, 0.5717561346199354, 0.5717561346199354, 0.5717561346199354, 0.5717561346199354, 0.5717561346199354, 0.5717561346199354, 0.5717561346199354, 0.5717561346199354, 0.5717561346199354, 0.5717561346199354, 0.5717561346199354, 0.5717561346199354, 0.5717561346199354, 0.5717561346199354, 0.5717561346199354, 0.5717561346199354, 0.5717561346199354, 0.5717561346199354, 0.5717561346199354, 0.5717561346199354, 0.5717561346199354, 0.5717561346199354, 0.5717561346199354, 0.5717561346199354, 0.5717561346199354, 0.5717561346199354, 0.5717561346199354, 0.5717561346199354, 0.5717561346199354, 0.3720547613438743, 0.3720547613438743, 0.3720547613438743, 0.3720547613438743, 0.3720547613438743, 0.3720547613438743, 0.3720547613438743, 0.3720547613438743, 0.3720547613438743, 0.3720547613438743, 0.3720547613438743, 0.3720547613438743, 0.3720547613438743, 0.3720547613438743, 0.3720547613438743, 0.3720547613438743, 0.3720547613438743, 0.3720547613438743, 0.3720547613438743, 0.3720547613438743, 0.3720547613438743, 0.3720547613438743, 0.3720547613438743, 0.3720547613438743, 0.3720547613438743, 0.3720547613438743, 0.3720547613438743, 0.3720547613438743, 0.3720547613438743, 0.3720547613438743, 0.3720547613438743, 0.3720547613438743, 0.3720547613438743, 0.3720547613438743, 0.3720547613438743, 0.3720547613438743, 0.3720547613438743, 0.3720547613438743, 0.3720547613438743, 0.3720547613438743, 0.3720547613438743, 0.3720547613438743, 0.3720547613438743, 0.3720547613438743, 0.3720547613438743, 0.3720547613438743, 0.16733983116636408, 0.16733983116636408, 0.16733983116636408, 0.16733983116636408, 0.16733983116636408, 0.16733983116636408, 0.16733983116636408, 0.16733983116636408, 0.16733983116636408, 0.16733983116636408, 0.16733983116636408, 0.16733983116636408, 0.16733983116636408, 0.16733983116636408, 0.16733983116636408, 0.16733983116636408, 0.16733983116636408, 0.16733983116636408, 0.16733983116636408, 0.16733983116636408, 0.16733983116636408, 0.16733983116636408, 0.16733983116636408, 0.16733983116636408, 0.16733983116636408, 0.16733983116636408, 0.16733983116636408, 0.16733983116636408, 0.16733983116636408, 0.16733983116636408, 0.16733983116636408, 0.16733983116636408, 0.16733983116636408, 0.16733983116636408, 0.16733983116636408, 0.16733983116636408, 0.16733983116636408, 0.16733983116636408, 0.16733983116636408]","{""elitism_fraction"": 0.2, ""max_iterations"": 140, ""mutation_fraction"": 0.1, ""population_size"": 50}"
griewank,Griewank,53,1425,ea,Algoritmo evolutivo,3,"[-600.0, 600.0]","[0.0, 0.0, 0.0]","[-22.084596808350625, -8.970943933112494, -5.945419307050543]",0.19883959096183956,24.567361721908764,140,7050,"[8.951716755533816, 8.951716755533816, 2.9017555741273013, 2.9017555741273013, 2.7486172240494597, 2.7252766796006807, 2.7252766796006807, 0.9923560136732887, 0.9923560136732887, 0.9923560136732887, 0.8091751473285537, 0.8091751473285537, 0.8091751473285537, 0.8091751473285537, 0.8091751473285537, 0.8091751473285537, 0.8091751473285537, 0.8091751473285537, 0.8091751473285537, 0.5492998346060607, 0.5492998346060607, 0.5492998346060607, 0.5492998346060607, 0.5492998346060607, 0.5492998346060607, 0.5492998346060607, 0.5492998346060607, 0.5492998346060607, 0.5492998346060607, 0.5492998346060607, 0.19883959096183956, 0.19883959096183956, 0.19883959096183956, 0.19883959096183956, 0.19883959096183956, 0.19883959096183956, 0.19883959096183956, 0.19883959096183956, 0.19883959096183956, 0.19883959096183956, 0.19883959096183956, 0.19883959096183956, 0.19883959096183956, 0.19883959096183956, 0.19883959096183956, 0.19883959096183956, 0.19883959096183956, 0.19883959096183956, 0.19883959096183956, 0.19883959096183956, 0.19883959096183956, 0.19883959096183956, 0.19883959096183956, 0.19883959096183956, 0.19883959096183956, 0.19883959096183956, 0.19883959096183956, 0.19883959096183956, 0.19883959096183956, 0.19883959096183956, 0.19883959096183956, 0.19883959096183956, 0.19883959096183956, 0.19883959096183956, 0.19883959096183956, 0.19883959096183956, 0.19883959096183956, 0.19883959096183956, 0.19883959096183956, 0.19883959096183956, 0.19883959096183956, 0.19883959096183956, 0.19883959096183956, 0.19883959096183956, 0.19883959096183956, 0.19883959096183956, 0.19883959096183956, 0.19883959096183956, 0.19883959096183956, 0.19883959096183956, 0.19883959096183956, 0.19883959096183956, 0.19883959096183956, 0.19883959096183956, 0.19883959096183956, 0.19883959096183956, 0.19883959096183956, 0.19883959096183956, 0.19883959096183956, 0.19883959096183956, 0.19883959096183956, 0.19883959096183956, 0.19883959096183956, 0.19883959096183956, 0.19883959096183956, 0.19883959096183956, 0.19883959096183956, 0.19883959096183956, 0.19883959096183956, 0.19883959096183956, 0.19883959096183956, 0.19883959096183956, 0.19883959096183956, 0.19883959096183956, 0.19883959096183956, 0.19883959096183956, 0.19883959096183956, 0.19883959096183956, 0.19883959096183956, 0.19883959096183956, 0.19883959096183956, 0.19883959096183956, 0.19883959096183956, 0.19883959096183956, 0.19883959096183956, 0.19883959096183956, 0.19883959096183956, 0.19883959096183956, 0.19883959096183956, 0.19883959096183956, 0.19883959096183956, 0.19883959096183956, 0.19883959096183956, 0.19883959096183956, 0.19883959096183956, 0.19883959096183956, 0.19883959096183956, 0.19883959096183956, 0.19883959096183956, 0.19883959096183956, 0.19883959096183956, 0.19883959096183956, 0.19883959096183956, 0.19883959096183956, 0.19883959096183956, 0.19883959096183956, 0.19883959096183956, 0.19883959096183956, 0.19883959096183956, 0.19883959096183956, 0.19883959096183956]","{""elitism_fraction"": 0.2, ""max_iterations"": 140, ""mutation_fraction"": 0.1, ""population_size"": 50}"
griewank,Griewank,54,1426,ea,Algoritmo evolutivo,3,"[-600.0, 600.0]","[0.0, 0.0, 0.0]","[-1.8284226817702347, 13.865083615000003, -0.5757595352714588]",0.8252598591711373,13.996970107727224,140,7050,"[23.045885043287434, 23.02988330593268, 16.52995295987464, 3.552139816246884, 3.552139816246884, 3.552139816246884, 3.552139816246884, 1.7858387376696743, 1.7858387376696743, 1.7858387376696743, 1.398641071854784, 1.398641071854784, 1.398641071854784, 1.398641071854784, 1.398641071854784, 1.3740569824147668, 1.3740569824147668, 1.0789810108598026, 1.0789810108598026, 1.0789810108598026, 1.0789810108598026, 1.0789810108598026, 1.065999620471148, 1.065999620471148, 1.065999620471148, 1.065999620471148, 1.065999620471148, 1.065999620471148, 1.065999620471148, 1.065999620471148, 1.065999620471148, 1.065999620471148, 1.065999620471148, 1.065999620471148, 1.065999620471148, 1.065999620471148, 1.065999620471148, 1.065999620471148, 1.065999620471148, 1.065999620471148, 1.065999620471148, 1.065999620471148, 1.065999620471148, 1.065999620471148, 1.065999620471148, 1.065999620471148, 1.065999620471148, 1.065999620471148, 1.065999620471148, 1.065999620471148, 1.065999620471148, 1.065999620471148, 1.065999620471148, 1.065999620471148, 1.065999620471148, 1.065999620471148, 1.065999620471148, 1.065999620471148, 1.065999620471148, 1.065999620471148, 1.0081119826519733, 1.0081119826519733, 1.0081119826519733, 1.0081119826519733, 1.0081119826519733, 1.0081119826519733, 1.0081119826519733, 1.0081119826519733, 1.0081119826519733, 1.0081119826519733, 1.0081119826519733, 1.0081119826519733, 1.0081119826519733, 1.0081119826519733, 1.0081119826519733, 1.0081119826519733, 1.0081119826519733, 1.0081119826519733, 1.0081119826519733, 1.0081119826519733, 1.0081119826519733, 1.0081119826519733, 1.0081119826519733, 1.0081119826519733, 1.0081119826519733, 1.0081119826519733, 1.0081119826519733, 1.0081119826519733, 1.0081119826519733, 1.0081119826519733, 1.0081119826519733, 1.0081119826519733, 1.0081119826519733, 1.0081119826519733, 1.0081119826519733, 1.0081119826519733, 1.0081119826519733, 1.0081119826519733, 1.0081119826519733, 1.0081119826519733, 1.0081119826519733, 1.0081119826519733, 1.0081119826519733, 1.0081119826519733, 1.0081119826519733, 1.0081119826519733, 1.0081119826519733, 1.0081119826519733, 0.8781676248512043, 0.8781676248512043, 0.8781676248512043, 0.8781676248512043, 0.8781676248512043, 0.8781676248512043, 0.8781676248512043, 0.8781676248512043, 0.8781676248512043, 0.8781676248512043, 0.8781676248512043, 0.8252598591711373, 0.8252598591711373, 0.8252598591711373, 0.8252598591711373, 0.8252598591711373, 0.8252598591711373, 0.8252598591711373, 0.8252598591711373, 0.8252598591711373, 0.8252598591711373, 0.8252598591711373, 0.8252598591711373, 0.8252598591711373, 0.8252598591711373, 0.8252598591711373, 0.8252598591711373, 0.8252598591711373, 0.8252598591711373, 0.8252598591711373, 0.8252598591711373, 0.8252598591711373, 0.8252598591711373]","{""elitism_fraction"": 0.2, ""max_iterations"": 140, ""mutation_fraction"": 0.1, ""population_size"": 50}"
griewank,Griewank,55,1427,ea,Algoritmo evolutivo,3,"[-600.0, 600.0]","[0.0, 0.0, 0.0]","[3.1807149664584813, -8.563808301005565, -5.2208647174686575]",0.062106154445933925,10.522033487512473,140,7050,"[10.444510978739826, 6.780695411687666, 6.780695411687666, 6.780695411687666, 3.1821942958809415, 1.1533478905267476, 1.1533478905267476, 1.1533478905267476, 1.1533478905267476, 1.1533478905267476, 1.0465062601433122, 1.0465062601433122, 1.0465062601433122, 1.0465062601433122, 1.0465062601433122, 1.0465062601433122, 1.0465062601433122, 1.0465062601433122, 1.0465062601433122, 1.0465062601433122, 1.0465062601433122, 1.0465062601433122, 1.0465062601433122, 1.0465062601433122, 1.0465062601433122, 1.0465062601433122, 1.0465062601433122, 1.0465062601433122, 1.0465062601433122, 1.0465062601433122, 1.0465062601433122, 0.9775975660835933, 0.9775975660835933, 0.9775975660835933, 0.9175218868557511, 0.9175218868557511, 0.9175218868557511, 0.9175218868557511, 0.906896061537338, 0.906896061537338, 0.906896061537338, 0.906896061537338, 0.906896061537338, 0.906896061537338, 0.906896061537338, 0.906896061537338, 0.906896061537338, 0.906896061537338, 0.906896061537338, 0.906896061537338, 0.906896061537338, 0.906896061537338, 0.906896061537338, 0.906896061537338, 0.906896061537338, 0.906896061537338, 0.8069710229225153, 0.8069710229225153, 0.8069710229225153, 0.8069710229225153, 0.8069710229225153, 0.8069710229225153, 0.8069710229225153, 0.8069710229225153, 0.8069710229225153, 0.8069710229225153, 0.8069710229225153, 0.6221625840180915, 0.6221625840180915, 0.6221625840180915, 0.6221625840180915, 0.6221625840180915, 0.6221625840180915, 0.6221625840180915, 0.6221625840180915, 0.6221625840180915, 0.6221625840180915, 0.6221625840180915, 0.6221625840180915, 0.41184691415681374, 0.41184691415681374, 0.2283268828977465, 0.2283268828977465, 0.2283268828977465, 0.2283268828977465, 0.2283268828977465, 0.2283268828977465, 0.2283268828977465, 0.2283268828977465, 0.2283268828977465, 0.2283268828977465, 0.2283268828977465, 0.2283268828977465, 0.2283268828977465, 0.2283268828977465, 0.2283268828977465, 0.2283268828977465, 0.2283268828977465, 0.2283268828977465, 0.2283268828977465, 0.2283268828977465, 0.2283268828977465, 0.2283268828977465, 0.2283268828977465, 0.2283268828977465, 0.2283268828977465, 0.2283268828977465, 0.2283268828977465, 0.2283268828977465, 0.2283268828977465, 0.12082052531744691, 0.12082052531744691, 0.12082052531744691, 0.12082052531744691, 0.12082052531744691, 0.12082052531744691, 0.12082052531744691, 0.12082052531744691, 0.12082052531744691, 0.12082052531744691, 0.062106154445933925, 0.062106154445933925, 0.062106154445933925, 0.062106154445933925, 0.062106154445933925, 0.062106154445933925, 0.062106154445933925, 0.062106154445933925, 0.062106154445933925, 0.062106154445933925, 0.062106154445933925, 0.062106154445933925, 0.062106154445933925, 0.062106154445933925, 0.062106154445933925, 0.062106154445933925, 0.062106154445933925, 0.062106154445933925, 0.062106154445933925, 0.062106154445933925, 0.062106154445933925]","{""elitism_fraction"": 0.2, ""max_iterations"": 140, ""mutation_fraction"": 0.1, ""population_size"": 50}"
griewank,Griewank,56,1428,ea,Algoritmo evolutivo,3,"[-600.0, 600.0]","[0.0, 0.0, 0.0]","[-3.905302546895655, 3.9104018389865587, 21.61011048552041]",0.45540989920030506,22.305593597157156,140,7050,"[9.520628660520673, 9.520628660520673, 9.520628660520673, 2.4322314863277907, 1.9391885925141517, 1.9391885925141517, 1.9391885925141517, 1.452692791454369, 1.452692791454369, 1.452692791454369, 1.452692791454369, 1.452692791454369, 1.452692791454369, 1.452692791454369, 1.452692791454369, 1.452692791454369, 0.8546831333217166, 0.8546831333217166, 0.8546831333217166, 0.8546831333217166, 0.8546831333217166, 0.8546831333217166, 0.8546831333217166, 0.8546831333217166, 0.8546831333217166, 0.8546831333217166, 0.8546831333217166, 0.8546831333217166, 0.8546831333217166, 0.8546831333217166, 0.8546831333217166, 0.8546831333217166, 0.8546831333217166, 0.8546831333217166, 0.8546831333217166, 0.8546831333217166, 0.8546831333217166, 0.8546831333217166, 0.8546831333217166, 0.8546831333217166, 0.8546831333217166, 0.8546831333217166, 0.8546831333217166, 0.8546831333217166, 0.45540989920030506, 0.45540989920030506, 0.45540989920030506, 0.45540989920030506, 0.45540989920030506, 0.45540989920030506, 0.45540989920030506, 0.45540989920030506, 0.45540989920030506, 0.45540989920030506, 0.45540989920030506, 0.45540989920030506, 0.45540989920030506, 0.45540989920030506, 0.45540989920030506, 0.45540989920030506, 0.45540989920030506, 0.45540989920030506, 0.45540989920030506, 0.45540989920030506, 0.45540989920030506, 0.45540989920030506, 0.45540989920030506, 0.45540989920030506, 0.45540989920030506, 0.45540989920030506, 0.45540989920030506, 0.45540989920030506, 0.45540989920030506, 0.45540989920030506, 0.45540989920030506, 0.45540989920030506, 0.45540989920030506, 0.45540989920030506, 0.45540989920030506, 0.45540989920030506, 0.45540989920030506, 0.45540989920030506, 0.45540989920030506, 0.45540989920030506, 0.45540989920030506, 0.45540989920030506, 0.45540989920030506, 0.45540989920030506, 0.45540989920030506, 0.45540989920030506, 0.45540989920030506, 0.45540989920030506, 0.45540989920030506, 0.45540989920030506, 0.45540989920030506, 0.45540989920030506, 0.45540989920030506, 0.45540989920030506, 0.45540989920030506, 0.45540989920030506, 0.45540989920030506, 0.45540989920030506, 0.45540989920030506, 0.45540989920030506, 0.45540989920030506, 0.45540989920030506, 0.45540989920030506, 0.45540989920030506, 0.45540989920030506, 0.45540989920030506, 0.45540989920030506, 0.45540989920030506, 0.45540989920030506, 0.45540989920030506, 0.45540989920030506, 0.45540989920030506, 0.45540989920030506, 0.45540989920030506, 0.45540989920030506, 0.45540989920030506, 0.45540989920030506, 0.45540989920030506, 0.45540989920030506, 0.45540989920030506, 0.45540989920030506, 0.45540989920030506, 0.45540989920030506, 0.45540989920030506, 0.45540989920030506, 0.45540989920030506, 0.45540989920030506, 0.45540989920030506, 0.45540989920030506, 0.45540989920030506, 0.45540989920030506, 0.45540989920030506, 0.45540989920030506, 0.45540989920030506, 0.45540989920030506, 0.45540989920030506, 0.45540989920030506]","{""elitism_fraction"": 0.2, ""max_iterations"": 140, ""mutation_fraction"": 0.1, ""population_size"": 50}"
griewank,Griewank,57,1429,ea,Algoritmo evolutivo,3,"[-600.0, 600.0]","[0.0, 0.0, 0.0]","[3.025203717865338, -8.974506602851193, 5.244971650385423]",0.0443888085437093,10.826049783395268,140,7050,"[9.147777096746808, 4.738123465138457, 3.2121408015939084, 3.2121408015939084, 3.153061581629594, 3.153061581629594, 2.241387408520653, 2.241387408520653, 2.044020003789716, 1.585264944043366, 1.5662624164607508, 1.5662624164607508, 1.5643465617879726, 1.3577370855373316, 1.3577370855373316, 1.3577370855373316, 1.3577370855373316, 1.3577370855373316, 1.3577370855373316, 1.3432655364612571, 1.3432655364612571, 1.3432655364612571, 1.3432655364612571, 1.3211150157698297, 1.3211150157698297, 1.3211150157698297, 1.3211150157698297, 1.3211150157698297, 1.3211150157698297, 1.3211150157698297, 1.277070297176049, 1.277070297176049, 1.277070297176049, 1.277070297176049, 1.277070297176049, 1.277070297176049, 0.7917100134647267, 0.7917100134647267, 0.7917100134647267, 0.7917100134647267, 0.7917100134647267, 0.7917100134647267, 0.7917100134647267, 0.7917100134647267, 0.7917100134647267, 0.7917100134647267, 0.7917100134647267, 0.7917100134647267, 0.7917100134647267, 0.7917100134647267, 0.7917100134647267, 0.7917100134647267, 0.7917100134647267, 0.7917100134647267, 0.7917100134647267, 0.7917100134647267, 0.7917100134647267, 0.7917100134647267, 0.7917100134647267, 0.7917100134647267, 0.7917100134647267, 0.7917100134647267, 0.7917100134647267, 0.7917100134647267, 0.7917100134647267, 0.7917100134647267, 0.7917100134647267, 0.7917100134647267, 0.7917100134647267, 0.7917100134647267, 0.7917100134647267, 0.6957464314571656, 0.6957464314571656, 0.6957464314571656, 0.6957464314571656, 0.6957464314571656, 0.6957464314571656, 0.6957464314571656, 0.6957464314571656, 0.6957464314571656, 0.6957464314571656, 0.6957464314571656, 0.6957464314571656, 0.6957464314571656, 0.6957464314571656, 0.6957464314571656, 0.6957464314571656, 0.6957464314571656, 0.6957464314571656, 0.6957464314571656, 0.6957464314571656, 0.6957464314571656, 0.6957464314571656, 0.6957464314571656, 0.6957464314571656, 0.6957464314571656, 0.6957464314571656, 0.6957464314571656, 0.6957464314571656, 0.6957464314571656, 0.6957464314571656, 0.6957464314571656, 0.6957464314571656, 0.6957464314571656, 0.6957464314571656, 0.6957464314571656, 0.0443888085437093, 0.0443888085437093, 0.0443888085437093, 0.0443888085437093, 0.0443888085437093, 0.0443888085437093, 0.0443888085437093, 0.0443888085437093, 0.0443888085437093, 0.0443888085437093, 0.0443888085437093, 0.0443888085437093, 0.0443888085437093, 0.0443888085437093, 0.0443888085437093, 0.0443888085437093, 0.0443888085437093, 0.0443888085437093, 0.0443888085437093, 0.0443888085437093, 0.0443888085437093, 0.0443888085437093, 0.0443888085437093, 0.0443888085437093, 0.0443888085437093, 0.0443888085437093, 0.0443888085437093, 0.0443888085437093, 0.0443888085437093, 0.0443888085437093, 0.0443888085437093, 0.0443888085437093, 0.0443888085437093, 0.0443888085437093, 0.0443888085437093]","{""elitism_fraction"": 0.2, ""max_iterations"": 140, ""mutation_fraction"": 0.1, ""population_size"": 50}"
griewank,Griewank,58,1430,ea,Algoritmo evolutivo,3,"[-600.0, 600.0]","[0.0, 0.0, 0.0]","[-9.197427055469461, -0.8266042808145357, -4.963121797346048]",0.2457298553870172,10.483726296171321,140,7050,"[11.712936416606004, 11.247840175319592, 2.5790007913519473, 2.5790007913519473, 2.5790007913519473, 2.495511705531877, 2.495511705531877, 2.495511705531877, 2.4715596993746516, 2.4715596993746516, 2.4715596993746516, 1.9934003793685293, 1.9934003793685293, 1.9934003793685293, 1.9934003793685293, 1.3400869720727382, 1.3318555449634586, 1.11135779888105, 1.11135779888105, 1.11135779888105, 1.11135779888105, 1.11135779888105, 1.11135779888105, 1.11135779888105, 1.11135779888105, 1.11135779888105, 1.11135779888105, 0.893393604806006, 0.893393604806006, 0.893393604806006, 0.893393604806006, 0.893393604806006, 0.893393604806006, 0.893393604806006, 0.893393604806006, 0.893393604806006, 0.893393604806006, 0.893393604806006, 0.893393604806006, 0.893393604806006, 0.893393604806006, 0.893393604806006, 0.893393604806006, 0.893393604806006, 0.893393604806006, 0.893393604806006, 0.893393604806006, 0.893393604806006, 0.893393604806006, 0.893393604806006, 0.893393604806006, 0.893393604806006, 0.893393604806006, 0.893393604806006, 0.893393604806006, 0.893393604806006, 0.893393604806006, 0.893393604806006, 0.893393604806006, 0.893393604806006, 0.893393604806006, 0.893393604806006, 0.893393604806006, 0.893393604806006, 0.893393604806006, 0.893393604806006, 0.893393604806006, 0.893393604806006, 0.893393604806006, 0.893393604806006, 0.893393604806006, 0.893393604806006, 0.893393604806006, 0.893393604806006, 0.893393604806006, 0.893393604806006, 0.893393604806006, 0.893393604806006, 0.893393604806006, 0.893393604806006, 0.893393604806006, 0.893393604806006, 0.893393604806006, 0.893393604806006, 0.8762489564912262, 0.8762489564912262, 0.785688726629461, 0.785688726629461, 0.785688726629461, 0.7168706461941724, 0.7168706461941724, 0.7119174053712337, 0.7119174053712337, 0.7119174053712337, 0.7119174053712337, 0.6105045096814439, 0.5392772220129616, 0.5392772220129616, 0.5392772220129616, 0.5392772220129616, 0.5392772220129616, 0.5392772220129616, 0.5392772220129616, 0.5392772220129616, 0.5392772220129616, 0.5392772220129616, 0.5392772220129616, 0.5392772220129616, 0.5392772220129616, 0.5392772220129616, 0.5392772220129616, 0.5392772220129616, 0.5392772220129616, 0.5315579003311712, 0.5315579003311712, 0.5315579003311712, 0.4681070160252877, 0.4681070160252877, 0.4681070160252877, 0.4681070160252877, 0.4681070160252877, 0.4681070160252877, 0.4681070160252877, 0.4681070160252877, 0.4681070160252877, 0.4681070160252877, 0.4681070160252877, 0.4681070160252877, 0.4681070160252877, 0.4681070160252877, 0.4681070160252877, 0.4681070160252877, 0.4681070160252877, 0.4681070160252877, 0.2457298553870172, 0.2457298553870172, 0.2457298553870172, 0.2457298553870172, 0.2457298553870172, 0.2457298553870172, 0.2457298553870172]","{""elitism_fraction"": 0.2, ""max_iterations"": 140, ""mutation_fraction"": 0.1, ""population_size"": 50}"
griewank,Griewank,59,1431,ea,Algoritmo evolutivo,3,"[-600.0, 600.0]","[0.0, 0.0, 0.0]","[-9.429161398866768, -9.683216500164917, 14.774484405596581]",0.5713839053608294,20.023964540673802,140,7050,"[10.593837143853065, 10.593837143853065, 4.773649403175185, 4.773649403175185, 4.773649403175185, 4.773649403175185, 4.773649403175185, 4.773649403175185, 3.9681756787923783, 2.6278951825047776, 2.6278951825047776, 1.4120505657558442, 1.4120505657558442, 1.4120505657558442, 1.111828337531594, 1.111828337531594, 1.111828337531594, 1.111828337531594, 1.111828337531594, 1.111828337531594, 1.111828337531594, 1.111828337531594, 1.111828337531594, 1.111828337531594, 1.111828337531594, 1.111828337531594, 1.111828337531594, 1.0318441713636601, 1.0318441713636601, 1.0318441713636601, 1.0318441713636601, 1.0318441713636601, 1.0318441713636601, 1.0318441713636601, 1.0318441713636601, 1.0318441713636601, 1.0318441713636601, 1.0318441713636601, 1.0318441713636601, 1.0128554408308257, 1.0128554408308257, 1.0128554408308257, 1.0128554408308257, 1.0128554408308257, 1.0128554408308257, 1.0128554408308257, 1.0128554408308257, 1.0128554408308257, 1.0128554408308257, 1.0018524548063945, 1.0018524548063945, 1.0018524548063945, 1.0018524548063945, 1.0018524548063945, 1.0018524548063945, 1.0018524548063945, 1.0018524548063945, 1.0018524548063945, 1.0018524548063945, 1.0018524548063945, 1.0018524548063945, 1.0018524548063945, 0.9693512410219571, 0.9693512410219571, 0.9693512410219571, 0.9693512410219571, 0.9693512410219571, 0.9693512410219571, 0.9693512410219571, 0.9693512410219571, 0.9693512410219571, 0.9693512410219571, 0.9693512410219571, 0.9693512410219571, 0.9693512410219571, 0.9693512410219571, 0.9693512410219571, 0.9693512410219571, 0.9693512410219571, 0.9693512410219571, 0.9693512410219571, 0.9693512410219571, 0.9693512410219571, 0.9693512410219571, 0.9693512410219571, 0.9693512410219571, 0.9693512410219571, 0.9693512410219571, 0.9693512410219571, 0.9693512410219571, 0.8468946786090688, 0.8468946786090688, 0.8468946786090688, 0.8468946786090688, 0.8468946786090688, 0.8468946786090688, 0.8468946786090688, 0.8468946786090688, 0.8468946786090688, 0.8468946786090688, 0.8468946786090688, 0.8468946786090688, 0.8468946786090688, 0.8468946786090688, 0.7732186958105021, 0.7732186958105021, 0.7732186958105021, 0.7732186958105021, 0.7732186958105021, 0.7732186958105021, 0.7732186958105021, 0.7732186958105021, 0.7732186958105021, 0.7732186958105021, 0.7732186958105021, 0.7732186958105021, 0.7732186958105021, 0.7732186958105021, 0.7732186958105021, 0.7732186958105021, 0.7732186958105021, 0.6224680709134779, 0.6224680709134779, 0.6224680709134779, 0.6224680709134779, 0.6224680709134779, 0.6224680709134779, 0.6224680709134779, 0.6224680709134779, 0.5713839053608294, 0.5713839053608294, 0.5713839053608294, 0.5713839053608294, 0.5713839053608294, 0.5713839053608294, 0.5713839053608294, 0.5713839053608294, 0.5713839053608294, 0.5713839053608294, 0.5713839053608294, 0.5713839053608294]","{""elitism_fraction"": 0.2, ""max_iterations"": 140, ""mutation_fraction"": 0.1, ""population_size"": 50}"
griewank,Griewank,60,1423,ea,Algoritmo evolutivo,3,"[-600.0, 600.0]","[0.0, 0.0, 0.0]","[-6.123405693801715, 8.29890484385021, -0.010204220334799174]",0.12313719485603436,10.313487432691057,140,7050,"[1.4992671230489534, 1.4992671230489534, 1.4992671230489534, 1.4992671230489534, 1.4992671230489534, 1.4992671230489534, 1.4992671230489534, 1.4874585609595987, 1.4874585609595987, 1.1839139921238835, 1.1839139921238835, 1.1717101812811614, 1.1717101812811614, 1.1717101812811614, 1.1717101812811614, 1.1717101812811614, 1.1717101812811614, 1.1717101812811614, 1.1717101812811614, 1.1717101812811614, 1.1717101812811614, 1.1712957533390835, 1.1712957533390835, 1.1712957533390835, 1.1608115613385044, 1.1608115613385044, 1.1608115613385044, 0.6919827470103269, 0.6919827470103269, 0.6919827470103269, 0.6919827470103269, 0.6919827470103269, 0.6919827470103269, 0.6919827470103269, 0.6919827470103269, 0.6919827470103269, 0.6919827470103269, 0.6919827470103269, 0.6919827470103269, 0.6919827470103269, 0.6919827470103269, 0.6919827470103269, 0.6919827470103269, 0.6919827470103269, 0.6919827470103269, 0.6919827470103269, 0.6919827470103269, 0.6919827470103269, 0.6919827470103269, 0.6919827470103269, 0.6919827470103269, 0.6919827470103269, 0.6919827470103269, 0.5760061271864254, 0.5760061271864254, 0.5760061271864254, 0.5760061271864254, 0.5760061271864254, 0.5760061271864254, 0.5760061271864254, 0.5760061271864254, 0.5760061271864254, 0.5760061271864254, 0.5760061271864254, 0.5760061271864254, 0.5760061271864254, 0.5760061271864254, 0.5760061271864254, 0.5760061271864254, 0.5760061271864254, 0.5760061271864254, 0.5760061271864254, 0.5760061271864254, 0.5760061271864254, 0.5760061271864254, 0.5760061271864254, 0.5760061271864254, 0.5760061271864254, 0.5760061271864254, 0.5760061271864254, 0.5760061271864254, 0.5760061271864254, 0.5760061271864254, 0.5760061271864254, 0.5760061271864254, 0.5760061271864254, 0.5760061271864254, 0.5760061271864254, 0.4746982343601074, 0.4746982343601074, 0.4746982343601074, 0.4746982343601074, 0.4746982343601074, 0.4746982343601074, 0.4746982343601074, 0.4746982343601074, 0.4746982343601074, 0.4746982343601074, 0.4746982343601074, 0.4746982343601074, 0.4746982343601074, 0.4746982343601074, 0.4746982343601074, 0.4746982343601074, 0.4746982343601074, 0.4746982343601074, 0.4746982343601074, 0.4746982343601074, 0.4746982343601074, 0.4746982343601074, 0.4746982343601074, 0.4746982343601074, 0.4746982343601074, 0.4746982343601074, 0.4746982343601074, 0.4746982343601074, 0.4746982343601074, 0.4746982343601074, 0.4746982343601074, 0.4746982343601074, 0.4746982343601074, 0.4746982343601074, 0.4746982343601074, 0.4746982343601074, 0.4746982343601074, 0.4746982343601074, 0.4746982343601074, 0.4746982343601074, 0.4746982343601074, 0.4746982343601074, 0.4746982343601074, 0.4746982343601074, 0.4746982343601074, 0.4746982343601074, 0.4746982343601074, 0.4746982343601074, 0.4746982343601074, 0.4746982343601074, 0.12313719485603436, 0.12313719485603436, 0.12313719485603436]","{""elitism_fraction"": 0.2, ""max_iterations"": 140, ""mutation_fraction"": 0.1, ""population_size"": 50}"
griewank,Griewank,61,1424,ea,Algoritmo evolutivo,3,"[-600.0, 600.0]","[0.0, 0.0, 0.0]","[9.70023717113861, -13.245395501851135, 0.6179578159325274]",0.16733983116636408,16.42915016180294,140,7050,"[3.482491612991494, 3.482491612991494, 3.482491612991494, 3.482491612991494, 3.482491612991494, 3.482491612991494, 3.482491612991494, 3.482491612991494, 3.482491612991494, 3.482491612991494, 3.482491612991494, 2.6120238381635317, 2.356995532304552, 2.1607237412984133, 2.080052107222591, 2.080052107222591, 2.080052107222591, 2.080052107222591, 1.396266319680089, 1.396266319680089, 1.396266319680089, 1.396266319680089, 1.396266319680089, 1.396266319680089, 1.396266319680089, 0.8785567710002613, 0.8785567710002613, 0.5717561346199354, 0.5717561346199354, 0.5717561346199354, 0.5717561346199354, 0.5717561346199354, 0.5717561346199354, 0.5717561346199354, 0.5717561346199354, 0.5717561346199354, 0.5717561346199354, 0.5717561346199354, 0.5717561346199354, 0.5717561346199354, 0.5717561346199354, 0.5717561346199354, 0.5717561346199354, 0.5717561346199354, 0.5717561346199354, 0.5717561346199354, 0.5717561346199354, 0.5717561346199354, 0.5717561346199354, 0.5717561346199354, 0.5717561346199354, 0.5717561346199354, 0.5717561346199354, 0.5717561346199354, 0.5717561346199354, 0.5717561346199354, 0.3720547613438743, 0.3720547613438743, 0.3720547613438743, 0.3720547613438743, 0.3720547613438743, 0.3720547613438743, 0.3720547613438743, 0.3720547613438743, 0.3720547613438743, 0.3720547613438743, 0.3720547613438743, 0.3720547613438743, 0.3720547613438743, 0.3720547613438743, 0.3720547613438743, 0.3720547613438743, 0.3720547613438743, 0.3720547613438743, 0.3720547613438743, 0.3720547613438743, 0.3720547613438743, 0.3720547613438743, 0.3720547613438743, 0.3720547613438743, 0.3720547613438743, 0.3720547613438743, 0.3720547613438743, 0.3720547613438743, 0.3720547613438743, 0.3720547613438743, 0.3720547613438743, 0.3720547613438743, 0.3720547613438743, 0.3720547613438743, 0.3720547613438743, 0.3720547613438743, 0.3720547613438743, 0.3720547613438743, 0.3720547613438743, 0.3720547613438743, 0.3720547613438743, 0.3720547613438743, 0.3720547613438743, 0.3720547613438743, 0.3720547613438743, 0.3720547613438743, 0.16733983116636408, 0.16733983116636408, 0.16733983116636408, 0.16733983116636408, 0.16733983116636408, 0.16733983116636408, 0.16733983116636408, 0.16733983116636408, 0.16733983116636408, 0.16733983116636408, 0.16733983116636408, 0.16733983116636408, 0.16733983116636408, 0.16733983116636408, 0.16733983116636408, 0.16733983116636408, 0.16733983116636408, 0.16733983116636408, 0.16733983116636408, 0.16733983116636408, 0.16733983116636408, 0.16733983116636408, 0.16733983116636408, 0.16733983116636408, 0.16733983116636408, 0.16733983116636408, 0.16733983116636408, 0.16733983116636408, 0.16733983116636408, 0.16733983116636408, 0.16733983116636408, 0.16733983116636408, 0.16733983116636408, 0.16733983116636408, 0.16733983116636408, 0.16733983116636408, 0.16733983116636408, 0.16733983116636408, 0.16733983116636408]","{""elitism_fraction"": 0.2, ""max_iterations"": 140, ""mutation_fraction"": 0.1, ""population_size"": 50}"
griewank,Griewank,62,1425,ea,Algoritmo evolutivo,3,"[-600.0, 600.0]","[0.0, 0.0, 0.0]","[-22.084596808350625, -8.970943933112494, -5.945419307050543]",0.19883959096183956,24.567361721908764,140,7050,"[8.951716755533816, 8.951716755533816, 2.9017555741273013, 2.9017555741273013, 2.7486172240494597, 2.7252766796006807, 2.7252766796006807, 0.9923560136732887, 0.9923560136732887, 0.9923560136732887, 0.8091751473285537, 0.8091751473285537, 0.8091751473285537, 0.8091751473285537, 0.8091751473285537, 0.8091751473285537, 0.8091751473285537, 0.8091751473285537, 0.8091751473285537, 0.5492998346060607, 0.5492998346060607, 0.5492998346060607, 0.5492998346060607, 0.5492998346060607, 0.5492998346060607, 0.5492998346060607, 0.5492998346060607, 0.5492998346060607, 0.5492998346060607, 0.5492998346060607, 0.19883959096183956, 0.19883959096183956, 0.19883959096183956, 0.19883959096183956, 0.19883959096183956, 0.19883959096183956, 0.19883959096183956, 0.19883959096183956, 0.19883959096183956, 0.19883959096183956, 0.19883959096183956, 0.19883959096183956, 0.19883959096183956, 0.19883959096183956, 0.19883959096183956, 0.19883959096183956, 0.19883959096183956, 0.19883959096183956, 0.19883959096183956, 0.19883959096183956, 0.19883959096183956, 0.19883959096183956, 0.19883959096183956, 0.19883959096183956, 0.19883959096183956, 0.19883959096183956, 0.19883959096183956, 0.19883959096183956, 0.19883959096183956, 0.19883959096183956, 0.19883959096183956, 0.19883959096183956, 0.19883959096183956, 0.19883959096183956, 0.19883959096183956, 0.19883959096183956, 0.19883959096183956, 0.19883959096183956, 0.19883959096183956, 0.19883959096183956, 0.19883959096183956, 0.19883959096183956, 0.19883959096183956, 0.19883959096183956, 0.19883959096183956, 0.19883959096183956, 0.19883959096183956, 0.19883959096183956, 0.19883959096183956, 0.19883959096183956, 0.19883959096183956, 0.19883959096183956, 0.19883959096183956, 0.19883959096183956, 0.19883959096183956, 0.19883959096183956, 0.19883959096183956, 0.19883959096183956, 0.19883959096183956, 0.19883959096183956, 0.19883959096183956, 0.19883959096183956, 0.19883959096183956, 0.19883959096183956, 0.19883959096183956, 0.19883959096183956, 0.19883959096183956, 0.19883959096183956, 0.19883959096183956, 0.19883959096183956, 0.19883959096183956, 0.19883959096183956, 0.19883959096183956, 0.19883959096183956, 0.19883959096183956, 0.19883959096183956, 0.19883959096183956, 0.19883959096183956, 0.19883959096183956, 0.19883959096183956, 0.19883959096183956, 0.19883959096183956, 0.19883959096183956, 0.19883959096183956, 0.19883959096183956, 0.19883959096183956, 0.19883959096183956, 0.19883959096183956, 0.19883959096183956, 0.19883959096183956, 0.19883959096183956, 0.19883959096183956, 0.19883959096183956, 0.19883959096183956, 0.19883959096183956, 0.19883959096183956, 0.19883959096183956, 0.19883959096183956, 0.19883959096183956, 0.19883959096183956, 0.19883959096183956, 0.19883959096183956, 0.19883959096183956, 0.19883959096183956, 0.19883959096183956, 0.19883959096183956, 0.19883959096183956, 0.19883959096183956, 0.19883959096183956, 0.19883959096183956, 0.19883959096183956]","{""elitism_fraction"": 0.2, ""max_iterations"": 140, ""mutation_fraction"": 0.1, ""population_size"": 50}"
griewank,Griewank,63,1426,ea,Algoritmo evolutivo,3,"[-600.0, 600.0]","[0.0, 0.0, 0.0]","[-1.8284226817702347, 13.865083615000003, -0.5757595352714588]",0.8252598591711373,13.996970107727224,140,7050,"[23.045885043287434, 23.02988330593268, 16.52995295987464, 3.552139816246884, 3.552139816246884, 3.552139816246884, 3.552139816246884, 1.7858387376696743, 1.7858387376696743, 1.7858387376696743, 1.398641071854784, 1.398641071854784, 1.398641071854784, 1.398641071854784, 1.398641071854784, 1.3740569824147668, 1.3740569824147668, 1.0789810108598026, 1.0789810108598026, 1.0789810108598026, 1.0789810108598026, 1.0789810108598026, 1.065999620471148, 1.065999620471148, 1.065999620471148, 1.065999620471148, 1.065999620471148, 1.065999620471148, 1.065999620471148, 1.065999620471148, 1.065999620471148, 1.065999620471148, 1.065999620471148, 1.065999620471148, 1.065999620471148, 1.065999620471148, 1.065999620471148, 1.065999620471148, 1.065999620471148, 1.065999620471148, 1.065999620471148, 1.065999620471148, 1.065999620471148, 1.065999620471148, 1.065999620471148, 1.065999620471148, 1.065999620471148, 1.065999620471148, 1.065999620471148, 1.065999620471148, 1.065999620471148, 1.065999620471148, 1.065999620471148, 1.065999620471148, 1.065999620471148, 1.065999620471148, 1.065999620471148, 1.065999620471148, 1.065999620471148, 1.065999620471148, 1.0081119826519733, 1.0081119826519733, 1.0081119826519733, 1.0081119826519733, 1.0081119826519733, 1.0081119826519733, 1.0081119826519733, 1.0081119826519733, 1.0081119826519733, 1.0081119826519733, 1.0081119826519733, 1.0081119826519733, 1.0081119826519733, 1.0081119826519733, 1.0081119826519733, 1.0081119826519733, 1.0081119826519733, 1.0081119826519733, 1.0081119826519733, 1.0081119826519733, 1.0081119826519733, 1.0081119826519733, 1.0081119826519733, 1.0081119826519733, 1.0081119826519733, 1.0081119826519733, 1.0081119826519733, 1.0081119826519733, 1.0081119826519733, 1.0081119826519733, 1.0081119826519733, 1.0081119826519733, 1.0081119826519733, 1.0081119826519733, 1.0081119826519733, 1.0081119826519733, 1.0081119826519733, 1.0081119826519733, 1.0081119826519733, 1.0081119826519733, 1.0081119826519733, 1.0081119826519733, 1.0081119826519733, 1.0081119826519733, 1.0081119826519733, 1.0081119826519733, 1.0081119826519733, 1.0081119826519733, 0.8781676248512043, 0.8781676248512043, 0.8781676248512043, 0.8781676248512043, 0.8781676248512043, 0.8781676248512043, 0.8781676248512043, 0.8781676248512043, 0.8781676248512043, 0.8781676248512043, 0.8781676248512043, 0.8252598591711373, 0.8252598591711373, 0.8252598591711373, 0.8252598591711373, 0.8252598591711373, 0.8252598591711373, 0.8252598591711373, 0.8252598591711373, 0.8252598591711373, 0.8252598591711373, 0.8252598591711373, 0.8252598591711373, 0.8252598591711373, 0.8252598591711373, 0.8252598591711373, 0.8252598591711373, 0.8252598591711373, 0.8252598591711373, 0.8252598591711373, 0.8252598591711373, 0.8252598591711373, 0.8252598591711373]","{""elitism_fraction"": 0.2, ""max_iterations"": 140, ""mutation_fraction"": 0.1, ""population_size"": 50}"
griewank,Griewank,64,1427,ea,Algoritmo evolutivo,3,"[-600.0, 600.0]","[0.0, 0.0, 0.0]","[3.1807149664584813, -8.563808301005565, -5.2208647174686575]",0.062106154445933925,10.522033487512473,140,7050,"[10.444510978739826, 6.780695411687666, 6.780695411687666, 6.780695411687666, 3.1821942958809415, 1.1533478905267476, 1.1533478905267476, 1.1533478905267476, 1.1533478905267476, 1.1533478905267476, 1.0465062601433122, 1.0465062601433122, 1.0465062601433122, 1.0465062601433122, 1.0465062601433122, 1.0465062601433122, 1.0465062601433122, 1.0465062601433122, 1.0465062601433122, 1.0465062601433122, 1.0465062601433122, 1.0465062601433122, 1.0465062601433122, 1.0465062601433122, 1.0465062601433122, 1.0465062601433122, 1.0465062601433122, 1.0465062601433122, 1.0465062601433122, 1.0465062601433122, 1.0465062601433122, 0.9775975660835933, 0.9775975660835933, 0.9775975660835933, 0.9175218868557511, 0.9175218868557511, 0.9175218868557511, 0.9175218868557511, 0.906896061537338, 0.906896061537338, 0.906896061537338, 0.906896061537338, 0.906896061537338, 0.906896061537338, 0.906896061537338, 0.906896061537338, 0.906896061537338, 0.906896061537338, 0.906896061537338, 0.906896061537338, 0.906896061537338, 0.906896061537338, 0.906896061537338, 0.906896061537338, 0.906896061537338, 0.906896061537338, 0.8069710229225153, 0.8069710229225153, 0.8069710229225153, 0.8069710229225153, 0.8069710229225153, 0.8069710229225153, 0.8069710229225153, 0.8069710229225153, 0.8069710229225153, 0.8069710229225153, 0.8069710229225153, 0.6221625840180915, 0.6221625840180915, 0.6221625840180915, 0.6221625840180915, 0.6221625840180915, 0.6221625840180915, 0.6221625840180915, 0.6221625840180915, 0.6221625840180915, 0.6221625840180915, 0.6221625840180915, 0.6221625840180915, 0.41184691415681374, 0.41184691415681374, 0.2283268828977465, 0.2283268828977465, 0.2283268828977465, 0.2283268828977465, 0.2283268828977465, 0.2283268828977465, 0.2283268828977465, 0.2283268828977465, 0.2283268828977465, 0.2283268828977465, 0.2283268828977465, 0.2283268828977465, 0.2283268828977465, 0.2283268828977465, 0.2283268828977465, 0.2283268828977465, 0.2283268828977465, 0.2283268828977465, 0.2283268828977465, 0.2283268828977465, 0.2283268828977465, 0.2283268828977465, 0.2283268828977465, 0.2283268828977465, 0.2283268828977465, 0.2283268828977465, 0.2283268828977465, 0.2283268828977465, 0.2283268828977465, 0.12082052531744691, 0.12082052531744691, 0.12082052531744691, 0.12082052531744691, 0.12082052531744691, 0.12082052531744691, 0.12082052531744691, 0.12082052531744691, 0.12082052531744691, 0.12082052531744691, 0.062106154445933925, 0.062106154445933925, 0.062106154445933925, 0.062106154445933925, 0.062106154445933925, 0.062106154445933925, 0.062106154445933925, 0.062106154445933925, 0.062106154445933925, 0.062106154445933925, 0.062106154445933925, 0.062106154445933925, 0.062106154445933925, 0.062106154445933925, 0.062106154445933925, 0.062106154445933925, 0.062106154445933925, 0.062106154445933925, 0.062106154445933925, 0.062106154445933925, 0.062106154445933925]","{""elitism_fraction"": 0.2, ""max_iterations"": 140, ""mutation_fraction"": 0.1, ""population_size"": 50}"
griewank,Griewank,65,1428,ea,Algoritmo evolutivo,3,"[-600.0, 600.0]","[0.0, 0.0, 0.0]","[-3.905302546895655, 3.9104018389865587, 21.61011048552041]",0.45540989920030506,22.305593597157156,140,7050,"[9.520628660520673, 9.520628660520673, 9.520628660520673, 2.4322314863277907, 1.9391885925141517, 1.9391885925141517, 1.9391885925141517, 1.452692791454369, 1.452692791454369, 1.452692791454369, 1.452692791454369, 1.452692791454369, 1.452692791454369, 1.452692791454369, 1.452692791454369, 1.452692791454369, 0.8546831333217166, 0.8546831333217166, 0.8546831333217166, 0.8546831333217166, 0.8546831333217166, 0.8546831333217166, 0.8546831333217166, 0.8546831333217166, 0.8546831333217166, 0.8546831333217166, 0.8546831333217166, 0.8546831333217166, 0.8546831333217166, 0.8546831333217166, 0.8546831333217166, 0.8546831333217166, 0.8546831333217166, 0.8546831333217166, 0.8546831333217166, 0.8546831333217166, 0.8546831333217166, 0.8546831333217166, 0.8546831333217166, 0.8546831333217166, 0.8546831333217166, 0.8546831333217166, 0.8546831333217166, 0.8546831333217166, 0.45540989920030506, 0.45540989920030506, 0.45540989920030506, 0.45540989920030506, 0.45540989920030506, 0.45540989920030506, 0.45540989920030506, 0.45540989920030506, 0.45540989920030506, 0.45540989920030506, 0.45540989920030506, 0.45540989920030506, 0.45540989920030506, 0.45540989920030506, 0.45540989920030506, 0.45540989920030506, 0.45540989920030506, 0.45540989920030506, 0.45540989920030506, 0.45540989920030506, 0.45540989920030506, 0.45540989920030506, 0.45540989920030506, 0.45540989920030506, 0.45540989920030506, 0.45540989920030506, 0.45540989920030506, 0.45540989920030506, 0.45540989920030506, 0.45540989920030506, 0.45540989920030506, 0.45540989920030506, 0.45540989920030506, 0.45540989920030506, 0.45540989920030506, 0.45540989920030506, 0.45540989920030506, 0.45540989920030506, 0.45540989920030506, 0.45540989920030506, 0.45540989920030506, 0.45540989920030506, 0.45540989920030506, 0.45540989920030506, 0.45540989920030506, 0.45540989920030506, 0.45540989920030506, 0.45540989920030506, 0.45540989920030506, 0.45540989920030506, 0.45540989920030506, 0.45540989920030506, 0.45540989920030506, 0.45540989920030506, 0.45540989920030506, 0.45540989920030506, 0.45540989920030506, 0.45540989920030506, 0.45540989920030506, 0.45540989920030506, 0.45540989920030506, 0.45540989920030506, 0.45540989920030506, 0.45540989920030506, 0.45540989920030506, 0.45540989920030506, 0.45540989920030506, 0.45540989920030506, 0.45540989920030506, 0.45540989920030506, 0.45540989920030506, 0.45540989920030506, 0.45540989920030506, 0.45540989920030506, 0.45540989920030506, 0.45540989920030506, 0.45540989920030506, 0.45540989920030506, 0.45540989920030506, 0.45540989920030506, 0.45540989920030506, 0.45540989920030506, 0.45540989920030506, 0.45540989920030506, 0.45540989920030506, 0.45540989920030506, 0.45540989920030506, 0.45540989920030506, 0.45540989920030506, 0.45540989920030506, 0.45540989920030506, 0.45540989920030506, 0.45540989920030506, 0.45540989920030506, 0.45540989920030506, 0.45540989920030506, 0.45540989920030506]","{""elitism_fraction"": 0.2, ""max_iterations"": 140, ""mutation_fraction"": 0.1, ""population_size"": 50}"
griewank,Griewank,66,1429,ea,Algoritmo evolutivo,3,"[-600.0, 600.0]","[0.0, 0.0, 0.0]","[3.025203717865338, -8.974506602851193, 5.244971650385423]",0.0443888085437093,10.826049783395268,140,7050,"[9.147777096746808, 4.738123465138457, 3.2121408015939084, 3.2121408015939084, 3.153061581629594, 3.153061581629594, 2.241387408520653, 2.241387408520653, 2.044020003789716, 1.585264944043366, 1.5662624164607508, 1.5662624164607508, 1.5643465617879726, 1.3577370855373316, 1.3577370855373316, 1.3577370855373316, 1.3577370855373316, 1.3577370855373316, 1.3577370855373316, 1.3432655364612571, 1.3432655364612571, 1.3432655364612571, 1.3432655364612571, 1.3211150157698297, 1.3211150157698297, 1.3211150157698297, 1.3211150157698297, 1.3211150157698297, 1.3211150157698297, 1.3211150157698297, 1.277070297176049, 1.277070297176049, 1.277070297176049, 1.277070297176049, 1.277070297176049, 1.277070297176049, 0.7917100134647267, 0.7917100134647267, 0.7917100134647267, 0.7917100134647267, 0.7917100134647267, 0.7917100134647267, 0.7917100134647267, 0.7917100134647267, 0.7917100134647267, 0.7917100134647267, 0.7917100134647267, 0.7917100134647267, 0.7917100134647267, 0.7917100134647267, 0.7917100134647267, 0.7917100134647267, 0.7917100134647267, 0.7917100134647267, 0.7917100134647267, 0.7917100134647267, 0.7917100134647267, 0.7917100134647267, 0.7917100134647267, 0.7917100134647267, 0.7917100134647267, 0.7917100134647267, 0.7917100134647267, 0.7917100134647267, 0.7917100134647267, 0.7917100134647267, 0.7917100134647267, 0.7917100134647267, 0.7917100134647267, 0.7917100134647267, 0.7917100134647267, 0.6957464314571656, 0.6957464314571656, 0.6957464314571656, 0.6957464314571656, 0.6957464314571656, 0.6957464314571656, 0.6957464314571656, 0.6957464314571656, 0.6957464314571656, 0.6957464314571656, 0.6957464314571656, 0.6957464314571656, 0.6957464314571656, 0.6957464314571656, 0.6957464314571656, 0.6957464314571656, 0.6957464314571656, 0.6957464314571656, 0.6957464314571656, 0.6957464314571656, 0.6957464314571656, 0.6957464314571656, 0.6957464314571656, 0.6957464314571656, 0.6957464314571656, 0.6957464314571656, 0.6957464314571656, 0.6957464314571656, 0.6957464314571656, 0.6957464314571656, 0.6957464314571656, 0.6957464314571656, 0.6957464314571656, 0.6957464314571656, 0.6957464314571656, 0.0443888085437093, 0.0443888085437093, 0.0443888085437093, 0.0443888085437093, 0.0443888085437093, 0.0443888085437093, 0.0443888085437093, 0.0443888085437093, 0.0443888085437093, 0.0443888085437093, 0.0443888085437093, 0.0443888085437093, 0.0443888085437093, 0.0443888085437093, 0.0443888085437093, 0.0443888085437093, 0.0443888085437093, 0.0443888085437093, 0.0443888085437093, 0.0443888085437093, 0.0443888085437093, 0.0443888085437093, 0.0443888085437093, 0.0443888085437093, 0.0443888085437093, 0.0443888085437093, 0.0443888085437093, 0.0443888085437093, 0.0443888085437093, 0.0443888085437093, 0.0443888085437093, 0.0443888085437093, 0.0443888085437093, 0.0443888085437093, 0.0443888085437093]","{""elitism_fraction"": 0.2, ""max_iterations"": 140, ""mutation_fraction"": 0.1, ""population_size"": 50}"
griewank,Griewank,67,1430,ea,Algoritmo evolutivo,3,"[-600.0, 600.0]","[0.0, 0.0, 0.0]","[-9.197427055469461, -0.8266042808145357, -4.963121797346048]",0.2457298553870172,10.483726296171321,140,7050,"[11.712936416606004, 11.247840175319592, 2.5790007913519473, 2.5790007913519473, 2.5790007913519473, 2.495511705531877, 2.495511705531877, 2.495511705531877, 2.4715596993746516, 2.4715596993746516, 2.4715596993746516, 1.9934003793685293, 1.9934003793685293, 1.9934003793685293, 1.9934003793685293, 1.3400869720727382, 1.3318555449634586, 1.11135779888105, 1.11135779888105, 1.11135779888105, 1.11135779888105, 1.11135779888105, 1.11135779888105, 1.11135779888105, 1.11135779888105, 1.11135779888105, 1.11135779888105, 0.893393604806006, 0.893393604806006, 0.893393604806006, 0.893393604806006, 0.893393604806006, 0.893393604806006, 0.893393604806006, 0.893393604806006, 0.893393604806006, 0.893393604806006, 0.893393604806006, 0.893393604806006, 0.893393604806006, 0.893393604806006, 0.893393604806006, 0.893393604806006, 0.893393604806006, 0.893393604806006, 0.893393604806006, 0.893393604806006, 0.893393604806006, 0.893393604806006, 0.893393604806006, 0.893393604806006, 0.893393604806006, 0.893393604806006, 0.893393604806006, 0.893393604806006, 0.893393604806006, 0.893393604806006, 0.893393604806006, 0.893393604806006, 0.893393604806006, 0.893393604806006, 0.893393604806006, 0.893393604806006, 0.893393604806006, 0.893393604806006, 0.893393604806006, 0.893393604806006, 0.893393604806006, 0.893393604806006, 0.893393604806006, 0.893393604806006, 0.893393604806006, 0.893393604806006, 0.893393604806006, 0.893393604806006, 0.893393604806006, 0.893393604806006, 0.893393604806006, 0.893393604806006, 0.893393604806006, 0.893393604806006, 0.893393604806006, 0.893393604806006, 0.893393604806006, 0.8762489564912262, 0.8762489564912262, 0.785688726629461, 0.785688726629461, 0.785688726629461, 0.7168706461941724, 0.7168706461941724, 0.7119174053712337, 0.7119174053712337, 0.7119174053712337, 0.7119174053712337, 0.6105045096814439, 0.5392772220129616, 0.5392772220129616, 0.5392772220129616, 0.5392772220129616, 0.5392772220129616, 0.5392772220129616, 0.5392772220129616, 0.5392772220129616, 0.5392772220129616, 0.5392772220129616, 0.5392772220129616, 0.5392772220129616, 0.5392772220129616, 0.5392772220129616, 0.5392772220129616, 0.5392772220129616, 0.5392772220129616, 0.5315579003311712, 0.5315579003311712, 0.5315579003311712, 0.4681070160252877, 0.4681070160252877, 0.4681070160252877, 0.4681070160252877, 0.4681070160252877, 0.4681070160252877, 0.4681070160252877, 0.4681070160252877, 0.4681070160252877, 0.4681070160252877, 0.4681070160252877, 0.4681070160252877, 0.4681070160252877, 0.4681070160252877, 0.4681070160252877, 0.4681070160252877, 0.4681070160252877, 0.4681070160252877, 0.2457298553870172, 0.2457298553870172, 0.2457298553870172, 0.2457298553870172, 0.2457298553870172, 0.2457298553870172, 0.2457298553870172]","{""elitism_fraction"": 0.2, ""max_iterations"": 140, ""mutation_fraction"": 0.1, ""population_size"": 50}"
griewank,Griewank,68,1431,ea,Algoritmo evolutivo,3,"[-600.0, 600.0]","[0.0, 0.0, 0.0]","[-9.429161398866768, -9.683216500164917, 14.774484405596581]",0.5713839053608294,20.023964540673802,140,7050,"[10.593837143853065, 10.593837143853065, 4.773649403175185, 4.773649403175185, 4.773649403175185, 4.773649403175185, 4.773649403175185, 4.773649403175185, 3.9681756787923783, 2.6278951825047776, 2.6278951825047776, 1.4120505657558442, 1.4120505657558442, 1.4120505657558442, 1.111828337531594, 1.111828337531594, 1.111828337531594, 1.111828337531594, 1.111828337531594, 1.111828337531594, 1.111828337531594, 1.111828337531594, 1.111828337531594, 1.111828337531594, 1.111828337531594, 1.111828337531594, 1.111828337531594, 1.0318441713636601, 1.0318441713636601, 1.0318441713636601, 1.0318441713636601, 1.0318441713636601, 1.0318441713636601, 1.0318441713636601, 1.0318441713636601, 1.0318441713636601, 1.0318441713636601, 1.0318441713636601, 1.0318441713636601, 1.0128554408308257, 1.0128554408308257, 1.0128554408308257, 1.0128554408308257, 1.0128554408308257, 1.0128554408308257, 1.0128554408308257, 1.0128554408308257, 1.0128554408308257, 1.0128554408308257, 1.0018524548063945, 1.0018524548063945, 1.0018524548063945, 1.0018524548063945, 1.0018524548063945, 1.0018524548063945, 1.0018524548063945, 1.0018524548063945, 1.0018524548063945, 1.0018524548063945, 1.0018524548063945, 1.0018524548063945, 1.0018524548063945, 0.9693512410219571, 0.9693512410219571, 0.9693512410219571, 0.9693512410219571, 0.9693512410219571, 0.9693512410219571, 0.9693512410219571, 0.9693512410219571, 0.9693512410219571, 0.9693512410219571, 0.9693512410219571, 0.9693512410219571, 0.9693512410219571, 0.9693512410219571, 0.9693512410219571, 0.9693512410219571, 0.9693512410219571, 0.9693512410219571, 0.9693512410219571, 0.9693512410219571, 0.9693512410219571, 0.9693512410219571, 0.9693512410219571, 0.9693512410219571, 0.9693512410219571, 0.9693512410219571, 0.9693512410219571, 0.9693512410219571, 0.8468946786090688, 0.8468946786090688, 0.8468946786090688, 0.8468946786090688, 0.8468946786090688, 0.8468946786090688, 0.8468946786090688, 0.8468946786090688, 0.8468946786090688, 0.8468946786090688, 0.8468946786090688, 0.8468946786090688, 0.8468946786090688, 0.8468946786090688, 0.7732186958105021, 0.7732186958105021, 0.7732186958105021, 0.7732186958105021, 0.7732186958105021, 0.7732186958105021, 0.7732186958105021, 0.7732186958105021, 0.7732186958105021, 0.7732186958105021, 0.7732186958105021, 0.7732186958105021, 0.7732186958105021, 0.7732186958105021, 0.7732186958105021, 0.7732186958105021, 0.7732186958105021, 0.6224680709134779, 0.6224680709134779, 0.6224680709134779, 0.6224680709134779, 0.6224680709134779, 0.6224680709134779, 0.6224680709134779, 0.6224680709134779, 0.5713839053608294, 0.5713839053608294, 0.5713839053608294, 0.5713839053608294, 0.5713839053608294, 0.5713839053608294, 0.5713839053608294, 0.5713839053608294, 0.5713839053608294, 0.5713839053608294, 0.5713839053608294, 0.5713839053608294]","{""elitism_fraction"": 0.2, ""max_iterations"": 140, ""mutation_fraction"": 0.1, ""population_size"": 50}"
griewank,Griewank,69,1432,ea,Algoritmo evolutivo,3,"[-600.0, 600.0]","[0.0, 0.0, 0.0]","[-31.5393477138482, 4.21347773789887, -5.464914904883813]",0.28131228817384324,32.28543237716374,140,7050,"[1.7437712210722496, 1.7437712210722496, 1.7437712210722496, 1.7437712210722496, 1.7437712210722496, 0.9190677860015137, 0.9190677860015137, 0.9190677860015137, 0.9190677860015137, 0.9190677860015137, 0.9190677860015137, 0.7566616888590109, 0.7566616888590109, 0.7566616888590109, 0.7566616888590109, 0.7566616888590109, 0.7566616888590109, 0.7108057320301463, 0.7108057320301463, 0.7108057320301463, 0.7108057320301463, 0.7108057320301463, 0.7108057320301463, 0.7108057320301463, 0.7108057320301463, 0.7108057320301463, 0.7108057320301463, 0.7108057320301463, 0.7108057320301463, 0.7108057320301463, 0.7108057320301463, 0.7108057320301463, 0.7108057320301463, 0.7108057320301463, 0.7108057320301463, 0.7108057320301463, 0.7108057320301463, 0.7108057320301463, 0.7108057320301463, 0.7108057320301463, 0.7108057320301463, 0.7108057320301463, 0.5667295763556344, 0.5667295763556344, 0.5667295763556344, 0.5667295763556344, 0.5667295763556344, 0.5667295763556344, 0.5667295763556344, 0.4836911257470984, 0.4836911257470984, 0.4836911257470984, 0.4836911257470984, 0.4836911257470984, 0.4836911257470984, 0.4836911257470984, 0.4836911257470984, 0.4836911257470984, 0.4836911257470984, 0.4836911257470984, 0.4836911257470984, 0.4836911257470984, 0.4836911257470984, 0.4836911257470984, 0.4836911257470984, 0.4836911257470984, 0.4836911257470984, 0.4836911257470984, 0.4836911257470984, 0.4836911257470984, 0.4836911257470984, 0.4836911257470984, 0.4836911257470984, 0.4836911257470984, 0.4836911257470984, 0.4836911257470984, 0.4836911257470984, 0.4836911257470984, 0.4393161537608139, 0.4393161537608139, 0.4393161537608139, 0.4393161537608139, 0.4393161537608139, 0.4393161537608139, 0.4393161537608139, 0.4393161537608139, 0.4393161537608139, 0.4393161537608139, 0.4393161537608139, 0.4393161537608139, 0.4393161537608139, 0.4393161537608139, 0.4393161537608139, 0.4393161537608139, 0.4393161537608139, 0.4393161537608139, 0.4393161537608139, 0.4393161537608139, 0.4393161537608139, 0.4393161537608139, 0.4393161537608139, 0.4393161537608139, 0.4393161537608139, 0.28131228817384324, 0.28131228817384324, 0.28131228817384324, 0.28131228817384324, 0.28131228817384324, 0.28131228817384324, 0.28131228817384324, 0.28131228817384324, 0.28131228817384324, 0.28131228817384324, 0.28131228817384324, 0.28131228817384324, 0.28131228817384324, 0.28131228817384324, 0.28131228817384324, 0.28131228817384324, 0.28131228817384324, 0.28131228817384324, 0.28131228817384324, 0.28131228817384324, 0.28131228817384324, 0.28131228817384324, 0.28131228817384324, 0.28131228817384324, 0.28131228817384324, 0.28131228817384324, 0.28131228817384324, 0.28131228817384324, 0.28131228817384324, 0.28131228817384324, 0.28131228817384324, 0.28131228817384324, 0.28131228817384324, 0.28131228817384324, 0.28131228817384324, 0.28131228817384324, 0.28131228817384324, 0.28131228817384324]","{""elitism_fraction"": 0.2, ""max_iterations"": 140, ""mutation_fraction"": 0.1, ""population_size"": 50}"
griewank,Griewank,70,1424,ea,Algoritmo evolutivo,3,"[-600.0, 600.0]","[0.0, 0.0, 0.0]","[9.70023717113861, -13.245395501851135, 0.6179578159325274]",0.16733983116636408,16.42915016180294,140,7050,"[3.482491612991494, 3.482491612991494, 3.482491612991494, 3.482491612991494, 3.482491612991494, 3.482491612991494, 3.482491612991494, 3.482491612991494, 3.482491612991494, 3.482491612991494, 3.482491612991494, 2.6120238381635317, 2.356995532304552, 2.1607237412984133, 2.080052107222591, 2.080052107222591, 2.080052107222591, 2.080052107222591, 1.396266319680089, 1.396266319680089, 1.396266319680089, 1.396266319680089, 1.396266319680089, 1.396266319680089, 1.396266319680089, 0.8785567710002613, 0.8785567710002613, 0.5717561346199354, 0.5717561346199354, 0.5717561346199354, 0.5717561346199354, 0.5717561346199354, 0.5717561346199354, 0.5717561346199354, 0.5717561346199354, 0.5717561346199354, 0.5717561346199354, 0.5717561346199354, 0.5717561346199354, 0.5717561346199354, 0.5717561346199354, 0.5717561346199354, 0.5717561346199354, 0.5717561346199354, 0.5717561346199354, 0.5717561346199354, 0.5717561346199354, 0.5717561346199354, 0.5717561346199354, 0.5717561346199354, 0.5717561346199354, 0.5717561346199354, 0.5717561346199354, 0.5717561346199354, 0.5717561346199354, 0.5717561346199354, 0.3720547613438743, 0.3720547613438743, 0.3720547613438743, 0.3720547613438743, 0.3720547613438743, 0.3720547613438743, 0.3720547613438743, 0.3720547613438743, 0.3720547613438743, 0.3720547613438743, 0.3720547613438743, 0.3720547613438743, 0.3720547613438743, 0.3720547613438743, 0.3720547613438743, 0.3720547613438743, 0.3720547613438743, 0.3720547613438743, 0.3720547613438743, 0.3720547613438743, 0.3720547613438743, 0.3720547613438743, 0.3720547613438743, 0.3720547613438743, 0.3720547613438743, 0.3720547613438743, 0.3720547613438743, 0.3720547613438743, 0.3720547613438743, 0.3720547613438743, 0.3720547613438743, 0.3720547613438743, 0.3720547613438743, 0.3720547613438743, 0.3720547613438743, 0.3720547613438743, 0.3720547613438743, 0.3720547613438743, 0.3720547613438743, 0.3720547613438743, 0.3720547613438743, 0.3720547613438743, 0.3720547613438743, 0.3720547613438743, 0.3720547613438743, 0.3720547613438743, 0.16733983116636408, 0.16733983116636408, 0.16733983116636408, 0.16733983116636408, 0.16733983116636408, 0.16733983116636408, 0.16733983116636408, 0.16733983116636408, 0.16733983116636408, 0.16733983116636408, 0.16733983116636408, 0.16733983116636408, 0.16733983116636408, 0.16733983116636408, 0.16733983116636408, 0.16733983116636408, 0.16733983116636408, 0.16733983116636408, 0.16733983116636408, 0.16733983116636408, 0.16733983116636408, 0.16733983116636408, 0.16733983116636408, 0.16733983116636408, 0.16733983116636408, 0.16733983116636408, 0.16733983116636408, 0.16733983116636408, 0.16733983116636408, 0.16733983116636408, 0.16733983116636408, 0.16733983116636408, 0.16733983116636408, 0.16733983116636408, 0.16733983116636408, 0.16733983116636408, 0.16733983116636408, 0.16733983116636408, 0.16733983116636408]","{""elitism_fraction"": 0.2, ""max_iterations"": 140, ""mutation_fraction"": 0.1, ""population_size"": 50}"
griewank,Griewank,71,1425,ea,Algoritmo evolutivo,3,"[-600.0, 600.0]","[0.0, 0.0, 0.0]","[-22.084596808350625, -8.970943933112494, -5.945419307050543]",0.19883959096183956,24.567361721908764,140,7050,"[8.951716755533816, 8.951716755533816, 2.9017555741273013, 2.9017555741273013, 2.7486172240494597, 2.7252766796006807, 2.7252766796006807, 0.9923560136732887, 0.9923560136732887, 0.9923560136732887, 0.8091751473285537, 0.8091751473285537, 0.8091751473285537, 0.8091751473285537, 0.8091751473285537, 0.8091751473285537, 0.8091751473285537, 0.8091751473285537, 0.8091751473285537, 0.5492998346060607, 0.5492998346060607, 0.5492998346060607, 0.5492998346060607, 0.5492998346060607, 0.5492998346060607, 0.5492998346060607, 0.5492998346060607, 0.5492998346060607, 0.5492998346060607, 0.5492998346060607, 0.19883959096183956, 0.19883959096183956, 0.19883959096183956, 0.19883959096183956, 0.19883959096183956, 0.19883959096183956, 0.19883959096183956, 0.19883959096183956, 0.19883959096183956, 0.19883959096183956, 0.19883959096183956, 0.19883959096183956, 0.19883959096183956, 0.19883959096183956, 0.19883959096183956, 0.19883959096183956, 0.19883959096183956, 0.19883959096183956, 0.19883959096183956, 0.19883959096183956, 0.19883959096183956, 0.19883959096183956, 0.19883959096183956, 0.19883959096183956, 0.19883959096183956, 0.19883959096183956, 0.19883959096183956, 0.19883959096183956, 0.19883959096183956, 0.19883959096183956, 0.19883959096183956, 0.19883959096183956, 0.19883959096183956, 0.19883959096183956, 0.19883959096183956, 0.19883959096183956, 0.19883959096183956, 0.19883959096183956, 0.19883959096183956, 0.19883959096183956, 0.19883959096183956, 0.19883959096183956, 0.19883959096183956, 0.19883959096183956, 0.19883959096183956, 0.19883959096183956, 0.19883959096183956, 0.19883959096183956, 0.19883959096183956, 0.19883959096183956, 0.19883959096183956, 0.19883959096183956, 0.19883959096183956, 0.19883959096183956, 0.19883959096183956, 0.19883959096183956, 0.19883959096183956, 0.19883959096183956, 0.19883959096183956, 0.19883959096183956, 0.19883959096183956, 0.19883959096183956, 0.19883959096183956, 0.19883959096183956, 0.19883959096183956, 0.19883959096183956, 0.19883959096183956, 0.19883959096183956, 0.19883959096183956, 0.19883959096183956, 0.19883959096183956, 0.19883959096183956, 0.19883959096183956, 0.19883959096183956, 0.19883959096183956, 0.19883959096183956, 0.19883959096183956, 0.19883959096183956, 0.19883959096183956, 0.19883959096183956, 0.19883959096183956, 0.19883959096183956, 0.19883959096183956, 0.19883959096183956, 0.19883959096183956, 0.19883959096183956, 0.19883959096183956, 0.19883959096183956, 0.19883959096183956, 0.19883959096183956, 0.19883959096183956, 0.19883959096183956, 0.19883959096183956, 0.19883959096183956, 0.19883959096183956, 0.19883959096183956, 0.19883959096183956, 0.19883959096183956, 0.19883959096183956, 0.19883959096183956, 0.19883959096183956, 0.19883959096183956, 0.19883959096183956, 0.19883959096183956, 0.19883959096183956, 0.19883959096183956, 0.19883959096183956, 0.19883959096183956, 0.19883959096183956, 0.19883959096183956, 0.19883959096183956]","{""elitism_fraction"": 0.2, ""max_iterations"": 140, ""mutation_fraction"": 0.1, ""population_size"": 50}"
griewank,Griewank,72,1426,ea,Algoritmo evolutivo,3,"[-600.0, 600.0]","[0.0, 0.0, 0.0]","[-1.8284226817702347, 13.865083615000003, -0.5757595352714588]",0.8252598591711373,13.996970107727224,140,7050,"[23.045885043287434, 23.02988330593268, 16.52995295987464, 3.552139816246884, 3.552139816246884, 3.552139816246884, 3.552139816246884, 1.7858387376696743, 1.7858387376696743, 1.7858387376696743, 1.398641071854784, 1.398641071854784, 1.398641071854784, 1.398641071854784, 1.398641071854784, 1.3740569824147668, 1.3740569824147668, 1.0789810108598026, 1.0789810108598026, 1.0789810108598026, 1.0789810108598026, 1.0789810108598026, 1.065999620471148, 1.065999620471148, 1.065999620471148, 1.065999620471148, 1.065999620471148, 1.065999620471148, 1.065999620471148, 1.065999620471148, 1.065999620471148, 1.065999620471148, 1.065999620471148, 1.065999620471148, 1.065999620471148, 1.065999620471148, 1.065999620471148, 1.065999620471148, 1.065999620471148, 1.065999620471148, 1.065999620471148, 1.065999620471148, 1.065999620471148, 1.065999620471148, 1.065999620471148, 1.065999620471148, 1.065999620471148, 1.065999620471148, 1.065999620471148, 1.065999620471148, 1.065999620471148, 1.065999620471148, 1.065999620471148, 1.065999620471148, 1.065999620471148, 1.065999620471148, 1.065999620471148, 1.065999620471148, 1.065999620471148, 1.065999620471148, 1.0081119826519733, 1.0081119826519733, 1.0081119826519733, 1.0081119826519733, 1.0081119826519733, 1.0081119826519733, 1.0081119826519733, 1.0081119826519733, 1.0081119826519733, 1.0081119826519733, 1.0081119826519733, 1.0081119826519733, 1.0081119826519733, 1.0081119826519733, 1.0081119826519733, 1.0081119826519733, 1.0081119826519733, 1.0081119826519733, 1.0081119826519733, 1.0081119826519733, 1.0081119826519733, 1.0081119826519733, 1.0081119826519733, 1.0081119826519733, 1.0081119826519733, 1.0081119826519733, 1.0081119826519733, 1.0081119826519733, 1.0081119826519733, 1.0081119826519733, 1.0081119826519733, 1.0081119826519733, 1.0081119826519733, 1.0081119826519733, 1.0081119826519733, 1.0081119826519733, 1.0081119826519733, 1.0081119826519733, 1.0081119826519733, 1.0081119826519733, 1.0081119826519733, 1.0081119826519733, 1.0081119826519733, 1.0081119826519733, 1.0081119826519733, 1.0081119826519733, 1.0081119826519733, 1.0081119826519733, 0.8781676248512043, 0.8781676248512043, 0.8781676248512043, 0.8781676248512043, 0.8781676248512043, 0.8781676248512043, 0.8781676248512043, 0.8781676248512043, 0.8781676248512043, 0.8781676248512043, 0.8781676248512043, 0.8252598591711373, 0.8252598591711373, 0.8252598591711373, 0.8252598591711373, 0.8252598591711373, 0.8252598591711373, 0.8252598591711373, 0.8252598591711373, 0.8252598591711373, 0.8252598591711373, 0.8252598591711373, 0.8252598591711373, 0.8252598591711373, 0.8252598591711373, 0.8252598591711373, 0.8252598591711373, 0.8252598591711373, 0.8252598591711373, 0.8252598591711373, 0.8252598591711373, 0.8252598591711373, 0.8252598591711373]","{""elitism_fraction"": 0.2, ""max_iterations"": 140, ""mutation_fraction"": 0.1, ""population_size"": 50}"
griewank,Griewank,73,1427,ea,Algoritmo evolutivo,3,"[-600.0, 600.0]","[0.0, 0.0, 0.0]","[3.1807149664584813, -8.563808301005565, -5.2208647174686575]",0.062106154445933925,10.522033487512473,140,7050,"[10.444510978739826, 6.780695411687666, 6.780695411687666, 6.780695411687666, 3.1821942958809415, 1.1533478905267476, 1.1533478905267476, 1.1533478905267476, 1.1533478905267476, 1.1533478905267476, 1.0465062601433122, 1.0465062601433122, 1.0465062601433122, 1.0465062601433122, 1.0465062601433122, 1.0465062601433122, 1.0465062601433122, 1.0465062601433122, 1.0465062601433122, 1.0465062601433122, 1.0465062601433122, 1.0465062601433122, 1.0465062601433122, 1.0465062601433122, 1.0465062601433122, 1.0465062601433122, 1.0465062601433122, 1.0465062601433122, 1.0465062601433122, 1.0465062601433122, 1.0465062601433122, 0.9775975660835933, 0.9775975660835933, 0.9775975660835933, 0.9175218868557511, 0.9175218868557511, 0.9175218868557511, 0.9175218868557511, 0.906896061537338, 0.906896061537338, 0.906896061537338, 0.906896061537338, 0.906896061537338, 0.906896061537338, 0.906896061537338, 0.906896061537338, 0.906896061537338, 0.906896061537338, 0.906896061537338, 0.906896061537338, 0.906896061537338, 0.906896061537338, 0.906896061537338, 0.906896061537338, 0.906896061537338, 0.906896061537338, 0.8069710229225153, 0.8069710229225153, 0.8069710229225153, 0.8069710229225153, 0.8069710229225153, 0.8069710229225153, 0.8069710229225153, 0.8069710229225153, 0.8069710229225153, 0.8069710229225153, 0.8069710229225153, 0.6221625840180915, 0.6221625840180915, 0.6221625840180915, 0.6221625840180915, 0.6221625840180915, 0.6221625840180915, 0.6221625840180915, 0.6221625840180915, 0.6221625840180915, 0.6221625840180915, 0.6221625840180915, 0.6221625840180915, 0.41184691415681374, 0.41184691415681374, 0.2283268828977465, 0.2283268828977465, 0.2283268828977465, 0.2283268828977465, 0.2283268828977465, 0.2283268828977465, 0.2283268828977465, 0.2283268828977465, 0.2283268828977465, 0.2283268828977465, 0.2283268828977465, 0.2283268828977465, 0.2283268828977465, 0.2283268828977465, 0.2283268828977465, 0.2283268828977465, 0.2283268828977465, 0.2283268828977465, 0.2283268828977465, 0.2283268828977465, 0.2283268828977465, 0.2283268828977465, 0.2283268828977465, 0.2283268828977465, 0.2283268828977465, 0.2283268828977465, 0.2283268828977465, 0.2283268828977465, 0.2283268828977465, 0.12082052531744691, 0.12082052531744691, 0.12082052531744691, 0.12082052531744691, 0.12082052531744691, 0.12082052531744691, 0.12082052531744691, 0.12082052531744691, 0.12082052531744691, 0.12082052531744691, 0.062106154445933925, 0.062106154445933925, 0.062106154445933925, 0.062106154445933925, 0.062106154445933925, 0.062106154445933925, 0.062106154445933925, 0.062106154445933925, 0.062106154445933925, 0.062106154445933925, 0.062106154445933925, 0.062106154445933925, 0.062106154445933925, 0.062106154445933925, 0.062106154445933925, 0.062106154445933925, 0.062106154445933925, 0.062106154445933925, 0.062106154445933925, 0.062106154445933925, 0.062106154445933925]","{""elitism_fraction"": 0.2, ""max_iterations"": 140, ""mutation_fraction"": 0.1, ""population_size"": 50}"
griewank,Griewank,74,1428,ea,Algoritmo evolutivo,3,"[-600.0, 600.0]","[0.0, 0.0, 0.0]","[-3.905302546895655, 3.9104018389865587, 21.61011048552041]",0.45540989920030506,22.305593597157156,140,7050,"[9.520628660520673, 9.520628660520673, 9.520628660520673, 2.4322314863277907, 1.9391885925141517, 1.9391885925141517, 1.9391885925141517, 1.452692791454369, 1.452692791454369, 1.452692791454369, 1.452692791454369, 1.452692791454369, 1.452692791454369, 1.452692791454369, 1.452692791454369, 1.452692791454369, 0.8546831333217166, 0.8546831333217166, 0.8546831333217166, 0.8546831333217166, 0.8546831333217166, 0.8546831333217166, 0.8546831333217166, 0.8546831333217166, 0.8546831333217166, 0.8546831333217166, 0.8546831333217166, 0.8546831333217166, 0.8546831333217166, 0.8546831333217166, 0.8546831333217166, 0.8546831333217166, 0.8546831333217166, 0.8546831333217166, 0.8546831333217166, 0.8546831333217166, 0.8546831333217166, 0.8546831333217166, 0.8546831333217166, 0.8546831333217166, 0.8546831333217166, 0.8546831333217166, 0.8546831333217166, 0.8546831333217166, 0.45540989920030506, 0.45540989920030506, 0.45540989920030506, 0.45540989920030506, 0.45540989920030506, 0.45540989920030506, 0.45540989920030506, 0.45540989920030506, 0.45540989920030506, 0.45540989920030506, 0.45540989920030506, 0.45540989920030506, 0.45540989920030506, 0.45540989920030506, 0.45540989920030506, 0.45540989920030506, 0.45540989920030506, 0.45540989920030506, 0.45540989920030506, 0.45540989920030506, 0.45540989920030506, 0.45540989920030506, 0.45540989920030506, 0.45540989920030506, 0.45540989920030506, 0.45540989920030506, 0.45540989920030506, 0.45540989920030506, 0.45540989920030506, 0.45540989920030506, 0.45540989920030506, 0.45540989920030506, 0.45540989920030506, 0.45540989920030506, 0.45540989920030506, 0.45540989920030506, 0.45540989920030506, 0.45540989920030506, 0.45540989920030506, 0.45540989920030506, 0.45540989920030506, 0.45540989920030506, 0.45540989920030506, 0.45540989920030506, 0.45540989920030506, 0.45540989920030506, 0.45540989920030506, 0.45540989920030506, 0.45540989920030506, 0.45540989920030506, 0.45540989920030506, 0.45540989920030506, 0.45540989920030506, 0.45540989920030506, 0.45540989920030506, 0.45540989920030506, 0.45540989920030506, 0.45540989920030506, 0.45540989920030506, 0.45540989920030506, 0.45540989920030506, 0.45540989920030506, 0.45540989920030506, 0.45540989920030506, 0.45540989920030506, 0.45540989920030506, 0.45540989920030506, 0.45540989920030506, 0.45540989920030506, 0.45540989920030506, 0.45540989920030506, 0.45540989920030506, 0.45540989920030506, 0.45540989920030506, 0.45540989920030506, 0.45540989920030506, 0.45540989920030506, 0.45540989920030506, 0.45540989920030506, 0.45540989920030506, 0.45540989920030506, 0.45540989920030506, 0.45540989920030506, 0.45540989920030506, 0.45540989920030506, 0.45540989920030506, 0.45540989920030506, 0.45540989920030506, 0.45540989920030506, 0.45540989920030506, 0.45540989920030506, 0.45540989920030506, 0.45540989920030506, 0.45540989920030506, 0.45540989920030506, 0.45540989920030506, 0.45540989920030506]","{""elitism_fraction"": 0.2, ""max_iterations"": 140, ""mutation_fraction"": 0.1, ""population_size"": 50}"
griewank,Griewank,75,1429,ea,Algoritmo evolutivo,3,"[-600.0, 600.0]","[0.0, 0.0, 0.0]","[3.025203717865338, -8.974506602851193, 5.244971650385423]",0.0443888085437093,10.826049783395268,140,7050,"[9.147777096746808, 4.738123465138457, 3.2121408015939084, 3.2121408015939084, 3.153061581629594, 3.153061581629594, 2.241387408520653, 2.241387408520653, 2.044020003789716, 1.585264944043366, 1.5662624164607508, 1.5662624164607508, 1.5643465617879726, 1.3577370855373316, 1.3577370855373316, 1.3577370855373316, 1.3577370855373316, 1.3577370855373316, 1.3577370855373316, 1.3432655364612571, 1.3432655364612571, 1.3432655364612571, 1.3432655364612571, 1.3211150157698297, 1.3211150157698297, 1.3211150157698297, 1.3211150157698297, 1.3211150157698297, 1.3211150157698297, 1.3211150157698297, 1.277070297176049, 1.277070297176049, 1.277070297176049, 1.277070297176049, 1.277070297176049, 1.277070297176049, 0.7917100134647267, 0.7917100134647267, 0.7917100134647267, 0.7917100134647267, 0.7917100134647267, 0.7917100134647267, 0.7917100134647267, 0.7917100134647267, 0.7917100134647267, 0.7917100134647267, 0.7917100134647267, 0.7917100134647267, 0.7917100134647267, 0.7917100134647267, 0.7917100134647267, 0.7917100134647267, 0.7917100134647267, 0.7917100134647267, 0.7917100134647267, 0.7917100134647267, 0.7917100134647267, 0.7917100134647267, 0.7917100134647267, 0.7917100134647267, 0.7917100134647267, 0.7917100134647267, 0.7917100134647267, 0.7917100134647267, 0.7917100134647267, 0.7917100134647267, 0.7917100134647267, 0.7917100134647267, 0.7917100134647267, 0.7917100134647267, 0.7917100134647267, 0.6957464314571656, 0.6957464314571656, 0.6957464314571656, 0.6957464314571656, 0.6957464314571656, 0.6957464314571656, 0.6957464314571656, 0.6957464314571656, 0.6957464314571656, 0.6957464314571656, 0.6957464314571656, 0.6957464314571656, 0.6957464314571656, 0.6957464314571656, 0.6957464314571656, 0.6957464314571656, 0.6957464314571656, 0.6957464314571656, 0.6957464314571656, 0.6957464314571656, 0.6957464314571656, 0.6957464314571656, 0.6957464314571656, 0.6957464314571656, 0.6957464314571656, 0.6957464314571656, 0.6957464314571656, 0.6957464314571656, 0.6957464314571656, 0.6957464314571656, 0.6957464314571656, 0.6957464314571656, 0.6957464314571656, 0.6957464314571656, 0.6957464314571656, 0.0443888085437093, 0.0443888085437093, 0.0443888085437093, 0.0443888085437093, 0.0443888085437093, 0.0443888085437093, 0.0443888085437093, 0.0443888085437093, 0.0443888085437093, 0.0443888085437093, 0.0443888085437093, 0.0443888085437093, 0.0443888085437093, 0.0443888085437093, 0.0443888085437093, 0.0443888085437093, 0.0443888085437093, 0.0443888085437093, 0.0443888085437093, 0.0443888085437093, 0.0443888085437093, 0.0443888085437093, 0.0443888085437093, 0.0443888085437093, 0.0443888085437093, 0.0443888085437093, 0.0443888085437093, 0.0443888085437093, 0.0443888085437093, 0.0443888085437093, 0.0443888085437093, 0.0443888085437093, 0.0443888085437093, 0.0443888085437093, 0.0443888085437093]","{""elitism_fraction"": 0.2, ""max_iterations"": 140, ""mutation_fraction"": 0.1, ""population_size"": 50}"
griewank,Griewank,76,1430,ea,Algoritmo evolutivo,3,"[-600.0, 600.0]","[0.0, 0.0, 0.0]","[-9.197427055469461, -0.8266042808145357, -4.963121797346048]",0.2457298553870172,10.483726296171321,140,7050,"[11.712936416606004, 11.247840175319592, 2.5790007913519473, 2.5790007913519473, 2.5790007913519473, 2.495511705531877, 2.495511705531877, 2.495511705531877, 2.4715596993746516, 2.4715596993746516, 2.4715596993746516, 1.9934003793685293, 1.9934003793685293, 1.9934003793685293, 1.9934003793685293, 1.3400869720727382, 1.3318555449634586, 1.11135779888105, 1.11135779888105, 1.11135779888105, 1.11135779888105, 1.11135779888105, 1.11135779888105, 1.11135779888105, 1.11135779888105, 1.11135779888105, 1.11135779888105, 0.893393604806006, 0.893393604806006, 0.893393604806006, 0.893393604806006, 0.893393604806006, 0.893393604806006, 0.893393604806006, 0.893393604806006, 0.893393604806006, 0.893393604806006, 0.893393604806006, 0.893393604806006, 0.893393604806006, 0.893393604806006, 0.893393604806006, 0.893393604806006, 0.893393604806006, 0.893393604806006, 0.893393604806006, 0.893393604806006, 0.893393604806006, 0.893393604806006, 0.893393604806006, 0.893393604806006, 0.893393604806006, 0.893393604806006, 0.893393604806006, 0.893393604806006, 0.893393604806006, 0.893393604806006, 0.893393604806006, 0.893393604806006, 0.893393604806006, 0.893393604806006, 0.893393604806006, 0.893393604806006, 0.893393604806006, 0.893393604806006, 0.893393604806006, 0.893393604806006, 0.893393604806006, 0.893393604806006, 0.893393604806006, 0.893393604806006, 0.893393604806006, 0.893393604806006, 0.893393604806006, 0.893393604806006, 0.893393604806006, 0.893393604806006, 0.893393604806006, 0.893393604806006, 0.893393604806006, 0.893393604806006, 0.893393604806006, 0.893393604806006, 0.893393604806006, 0.8762489564912262, 0.8762489564912262, 0.785688726629461, 0.785688726629461, 0.785688726629461, 0.7168706461941724, 0.7168706461941724, 0.7119174053712337, 0.7119174053712337, 0.7119174053712337, 0.7119174053712337, 0.6105045096814439, 0.5392772220129616, 0.5392772220129616, 0.5392772220129616, 0.5392772220129616, 0.5392772220129616, 0.5392772220129616, 0.5392772220129616, 0.5392772220129616, 0.5392772220129616, 0.5392772220129616, 0.5392772220129616, 0.5392772220129616, 0.5392772220129616, 0.5392772220129616, 0.5392772220129616, 0.5392772220129616, 0.5392772220129616, 0.5315579003311712, 0.5315579003311712, 0.5315579003311712, 0.4681070160252877, 0.4681070160252877, 0.4681070160252877, 0.4681070160252877, 0.4681070160252877, 0.4681070160252877, 0.4681070160252877, 0.4681070160252877, 0.4681070160252877, 0.4681070160252877, 0.4681070160252877, 0.4681070160252877, 0.4681070160252877, 0.4681070160252877, 0.4681070160252877, 0.4681070160252877, 0.4681070160252877, 0.4681070160252877, 0.2457298553870172, 0.2457298553870172, 0.2457298553870172, 0.2457298553870172, 0.2457298553870172, 0.2457298553870172, 0.2457298553870172]","{""elitism_fraction"": 0.2, ""max_iterations"": 140, ""mutation_fraction"": 0.1, ""population_size"": 50}"
griewank,Griewank,77,1431,ea,Algoritmo evolutivo,3,"[-600.0, 600.0]","[0.0, 0.0, 0.0]","[-9.429161398866768, -9.683216500164917, 14.774484405596581]",0.5713839053608294,20.023964540673802,140,7050,"[10.593837143853065, 10.593837143853065, 4.773649403175185, 4.773649403175185, 4.773649403175185, 4.773649403175185, 4.773649403175185, 4.773649403175185, 3.9681756787923783, 2.6278951825047776, 2.6278951825047776, 1.4120505657558442, 1.4120505657558442, 1.4120505657558442, 1.111828337531594, 1.111828337531594, 1.111828337531594, 1.111828337531594, 1.111828337531594, 1.111828337531594, 1.111828337531594, 1.111828337531594, 1.111828337531594, 1.111828337531594, 1.111828337531594, 1.111828337531594, 1.111828337531594, 1.0318441713636601, 1.0318441713636601, 1.0318441713636601, 1.0318441713636601, 1.0318441713636601, 1.0318441713636601, 1.0318441713636601, 1.0318441713636601, 1.0318441713636601, 1.0318441713636601, 1.0318441713636601, 1.0318441713636601, 1.0128554408308257, 1.0128554408308257, 1.0128554408308257, 1.0128554408308257, 1.0128554408308257, 1.0128554408308257, 1.0128554408308257, 1.0128554408308257, 1.0128554408308257, 1.0128554408308257, 1.0018524548063945, 1.0018524548063945, 1.0018524548063945, 1.0018524548063945, 1.0018524548063945, 1.0018524548063945, 1.0018524548063945, 1.0018524548063945, 1.0018524548063945, 1.0018524548063945, 1.0018524548063945, 1.0018524548063945, 1.0018524548063945, 0.9693512410219571, 0.9693512410219571, 0.9693512410219571, 0.9693512410219571, 0.9693512410219571, 0.9693512410219571, 0.9693512410219571, 0.9693512410219571, 0.9693512410219571, 0.9693512410219571, 0.9693512410219571, 0.9693512410219571, 0.9693512410219571, 0.9693512410219571, 0.9693512410219571, 0.9693512410219571, 0.9693512410219571, 0.9693512410219571, 0.9693512410219571, 0.9693512410219571, 0.9693512410219571, 0.9693512410219571, 0.9693512410219571, 0.9693512410219571, 0.9693512410219571, 0.9693512410219571, 0.9693512410219571, 0.9693512410219571, 0.8468946786090688, 0.8468946786090688, 0.8468946786090688, 0.8468946786090688, 0.8468946786090688, 0.8468946786090688, 0.8468946786090688, 0.8468946786090688, 0.8468946786090688, 0.8468946786090688, 0.8468946786090688, 0.8468946786090688, 0.8468946786090688, 0.8468946786090688, 0.7732186958105021, 0.7732186958105021, 0.7732186958105021, 0.7732186958105021, 0.7732186958105021, 0.7732186958105021, 0.7732186958105021, 0.7732186958105021, 0.7732186958105021, 0.7732186958105021, 0.7732186958105021, 0.7732186958105021, 0.7732186958105021, 0.7732186958105021, 0.7732186958105021, 0.7732186958105021, 0.7732186958105021, 0.6224680709134779, 0.6224680709134779, 0.6224680709134779, 0.6224680709134779, 0.6224680709134779, 0.6224680709134779, 0.6224680709134779, 0.6224680709134779, 0.5713839053608294, 0.5713839053608294, 0.5713839053608294, 0.5713839053608294, 0.5713839053608294, 0.5713839053608294, 0.5713839053608294, 0.5713839053608294, 0.5713839053608294, 0.5713839053608294, 0.5713839053608294, 0.5713839053608294]","{""elitism_fraction"": 0.2, ""max_iterations"": 140, ""mutation_fraction"": 0.1, ""population_size"": 50}"
griewank,Griewank,78,1432,ea,Algoritmo evolutivo,3,"[-600.0, 600.0]","[0.0, 0.0, 0.0]","[-31.5393477138482, 4.21347773789887, -5.464914904883813]",0.28131228817384324,32.28543237716374,140,7050,"[1.7437712210722496, 1.7437712210722496, 1.7437712210722496, 1.7437712210722496, 1.7437712210722496, 0.9190677860015137, 0.9190677860015137, 0.9190677860015137, 0.9190677860015137, 0.9190677860015137, 0.9190677860015137, 0.7566616888590109, 0.7566616888590109, 0.7566616888590109, 0.7566616888590109, 0.7566616888590109, 0.7566616888590109, 0.7108057320301463, 0.7108057320301463, 0.7108057320301463, 0.7108057320301463, 0.7108057320301463, 0.7108057320301463, 0.7108057320301463, 0.7108057320301463, 0.7108057320301463, 0.7108057320301463, 0.7108057320301463, 0.7108057320301463, 0.7108057320301463, 0.7108057320301463, 0.7108057320301463, 0.7108057320301463, 0.7108057320301463, 0.7108057320301463, 0.7108057320301463, 0.7108057320301463, 0.7108057320301463, 0.7108057320301463, 0.7108057320301463, 0.7108057320301463, 0.7108057320301463, 0.5667295763556344, 0.5667295763556344, 0.5667295763556344, 0.5667295763556344, 0.5667295763556344, 0.5667295763556344, 0.5667295763556344, 0.4836911257470984, 0.4836911257470984, 0.4836911257470984, 0.4836911257470984, 0.4836911257470984, 0.4836911257470984, 0.4836911257470984, 0.4836911257470984, 0.4836911257470984, 0.4836911257470984, 0.4836911257470984, 0.4836911257470984, 0.4836911257470984, 0.4836911257470984, 0.4836911257470984, 0.4836911257470984, 0.4836911257470984, 0.4836911257470984, 0.4836911257470984, 0.4836911257470984, 0.4836911257470984, 0.4836911257470984, 0.4836911257470984, 0.4836911257470984, 0.4836911257470984, 0.4836911257470984, 0.4836911257470984, 0.4836911257470984, 0.4836911257470984, 0.4393161537608139, 0.4393161537608139, 0.4393161537608139, 0.4393161537608139, 0.4393161537608139, 0.4393161537608139, 0.4393161537608139, 0.4393161537608139, 0.4393161537608139, 0.4393161537608139, 0.4393161537608139, 0.4393161537608139, 0.4393161537608139, 0.4393161537608139, 0.4393161537608139, 0.4393161537608139, 0.4393161537608139, 0.4393161537608139, 0.4393161537608139, 0.4393161537608139, 0.4393161537608139, 0.4393161537608139, 0.4393161537608139, 0.4393161537608139, 0.4393161537608139, 0.28131228817384324, 0.28131228817384324, 0.28131228817384324, 0.28131228817384324, 0.28131228817384324, 0.28131228817384324, 0.28131228817384324, 0.28131228817384324, 0.28131228817384324, 0.28131228817384324, 0.28131228817384324, 0.28131228817384324, 0.28131228817384324, 0.28131228817384324, 0.28131228817384324, 0.28131228817384324, 0.28131228817384324, 0.28131228817384324, 0.28131228817384324, 0.28131228817384324, 0.28131228817384324, 0.28131228817384324, 0.28131228817384324, 0.28131228817384324, 0.28131228817384324, 0.28131228817384324, 0.28131228817384324, 0.28131228817384324, 0.28131228817384324, 0.28131228817384324, 0.28131228817384324, 0.28131228817384324, 0.28131228817384324, 0.28131228817384324, 0.28131228817384324, 0.28131228817384324, 0.28131228817384324, 0.28131228817384324]","{""elitism_fraction"": 0.2, ""max_iterations"": 140, ""mutation_fraction"": 0.1, ""population_size"": 50}"
griewank,Griewank,79,1433,ea,Algoritmo evolutivo,3,"[-600.0, 600.0]","[0.0, 0.0, 0.0]","[-6.272539849727991, -8.995951606732888, 0.8531751675475334]",0.1518574793801618,10.999991333797743,140,7050,"[22.74825157437965, 6.241094673490051, 6.241094673490051, 6.241094673490051, 6.241094673490051, 4.497116622334123, 4.027760324967451, 4.027760324967451, 3.493673947073701, 3.493673947073701, 3.042021453134089, 3.042021453134089, 3.042021453134089, 3.042021453134089, 2.411976186702765, 2.411976186702765, 2.411976186702765, 1.73934307184033, 1.73934307184033, 1.73934307184033, 1.73934307184033, 1.73934307184033, 0.8005152083254868, 0.8005152083254868, 0.8005152083254868, 0.8005152083254868, 0.8005152083254868, 0.8005152083254868, 0.8005152083254868, 0.8005152083254868, 0.8005152083254868, 0.8005152083254868, 0.8005152083254868, 0.8005152083254868, 0.8005152083254868, 0.8005152083254868, 0.8005152083254868, 0.8005152083254868, 0.8005152083254868, 0.8005152083254868, 0.8005152083254868, 0.8005152083254868, 0.8005152083254868, 0.8005152083254868, 0.15913927427909536, 0.15913927427909536, 0.15913927427909536, 0.15913927427909536, 0.15913927427909536, 0.15913927427909536, 0.15913927427909536, 0.15913927427909536, 0.15913927427909536, 0.15913927427909536, 0.15913927427909536, 0.15913927427909536, 0.15913927427909536, 0.15913927427909536, 0.15913927427909536, 0.15913927427909536, 0.15913927427909536, 0.15913927427909536, 0.15913927427909536, 0.15913927427909536, 0.15913927427909536, 0.15913927427909536, 0.15913927427909536, 0.15913927427909536, 0.15913927427909536, 0.15913927427909536, 0.15913927427909536, 0.15913927427909536, 0.15913927427909536, 0.15913927427909536, 0.15913927427909536, 0.15913927427909536, 0.15913927427909536, 0.15913927427909536, 0.15913927427909536, 0.15913927427909536, 0.15913927427909536, 0.15913927427909536, 0.15913927427909536, 0.15913927427909536, 0.15913927427909536, 0.15913927427909536, 0.15913927427909536, 0.15913927427909536, 0.15913927427909536, 0.15913927427909536, 0.15913927427909536, 0.15913927427909536, 0.15913927427909536, 0.15913927427909536, 0.15913927427909536, 0.15913927427909536, 0.15913927427909536, 0.15913927427909536, 0.15913927427909536, 0.15913927427909536, 0.15913927427909536, 0.15913927427909536, 0.15913927427909536, 0.15913927427909536, 0.15913927427909536, 0.15913927427909536, 0.15913927427909536, 0.15913927427909536, 0.15913927427909536, 0.15913927427909536, 0.15913927427909536, 0.15913927427909536, 0.15913927427909536, 0.15913927427909536, 0.15913927427909536, 0.15913927427909536, 0.15913927427909536, 0.15913927427909536, 0.15913927427909536, 0.15913927427909536, 0.15913927427909536, 0.15913927427909536, 0.15913927427909536, 0.15913927427909536, 0.15913927427909536, 0.15913927427909536, 0.15913927427909536, 0.15913927427909536, 0.15913927427909536, 0.1518574793801618, 0.1518574793801618, 0.1518574793801618, 0.1518574793801618, 0.1518574793801618, 0.1518574793801618, 0.1518574793801618, 0.1518574793801618, 0.1518574793801618, 0.1518574793801618, 0.1518574793801618, 0.1518574793801618]","{""elitism_fraction"": 0.2, ""max_iterations"": 140, ""mutation_fraction"": 0.1, ""population_size"": 50}"
griewank,Griewank,80,1425,ea,Algoritmo evolutivo,3,"[-600.0, 600.0]","[0.0, 0.0, 0.0]","[-22.084596808350625, -8.970943933112494, -5.945419307050543]",0.19883959096183956,24.567361721908764,140,7050,"[8.951716755533816, 8.951716755533816, 2.9017555741273013, 2.9017555741273013, 2.7486172240494597, 2.7252766796006807, 2.7252766796006807, 0.9923560136732887, 0.9923560136732887, 0.9923560136732887, 0.8091751473285537, 0.8091751473285537, 0.8091751473285537, 0.8091751473285537, 0.8091751473285537, 0.8091751473285537, 0.8091751473285537, 0.8091751473285537, 0.8091751473285537, 0.5492998346060607, 0.5492998346060607, 0.5492998346060607, 0.5492998346060607, 0.5492998346060607, 0.5492998346060607, 0.5492998346060607, 0.5492998346060607, 0.5492998346060607, 0.5492998346060607, 0.5492998346060607, 0.19883959096183956, 0.19883959096183956, 0.19883959096183956, 0.19883959096183956, 0.19883959096183956, 0.19883959096183956, 0.19883959096183956, 0.19883959096183956, 0.19883959096183956, 0.19883959096183956, 0.19883959096183956, 0.19883959096183956, 0.19883959096183956, 0.19883959096183956, 0.19883959096183956, 0.19883959096183956, 0.19883959096183956, 0.19883959096183956, 0.19883959096183956, 0.19883959096183956, 0.19883959096183956, 0.19883959096183956, 0.19883959096183956, 0.19883959096183956, 0.19883959096183956, 0.19883959096183956, 0.19883959096183956, 0.19883959096183956, 0.19883959096183956, 0.19883959096183956, 0.19883959096183956, 0.19883959096183956, 0.19883959096183956, 0.19883959096183956, 0.19883959096183956, 0.19883959096183956, 0.19883959096183956, 0.19883959096183956, 0.19883959096183956, 0.19883959096183956, 0.19883959096183956, 0.19883959096183956, 0.19883959096183956, 0.19883959096183956, 0.19883959096183956, 0.19883959096183956, 0.19883959096183956, 0.19883959096183956, 0.19883959096183956, 0.19883959096183956, 0.19883959096183956, 0.19883959096183956, 0.19883959096183956, 0.19883959096183956, 0.19883959096183956, 0.19883959096183956, 0.19883959096183956, 0.19883959096183956, 0.19883959096183956, 0.19883959096183956, 0.19883959096183956, 0.19883959096183956, 0.19883959096183956, 0.19883959096183956, 0.19883959096183956, 0.19883959096183956, 0.19883959096183956, 0.19883959096183956, 0.19883959096183956, 0.19883959096183956, 0.19883959096183956, 0.19883959096183956, 0.19883959096183956, 0.19883959096183956, 0.19883959096183956, 0.19883959096183956, 0.19883959096183956, 0.19883959096183956, 0.19883959096183956, 0.19883959096183956, 0.19883959096183956, 0.19883959096183956, 0.19883959096183956, 0.19883959096183956, 0.19883959096183956, 0.19883959096183956, 0.19883959096183956, 0.19883959096183956, 0.19883959096183956, 0.19883959096183956, 0.19883959096183956, 0.19883959096183956, 0.19883959096183956, 0.19883959096183956, 0.19883959096183956, 0.19883959096183956, 0.19883959096183956, 0.19883959096183956, 0.19883959096183956, 0.19883959096183956, 0.19883959096183956, 0.19883959096183956, 0.19883959096183956, 0.19883959096183956, 0.19883959096183956, 0.19883959096183956, 0.19883959096183956, 0.19883959096183956, 0.19883959096183956, 0.19883959096183956, 0.19883959096183956]","{""elitism_fraction"": 0.2, ""max_iterations"": 140, ""mutation_fraction"": 0.1, ""population_size"": 50}"
griewank,Griewank,81,1426,ea,Algoritmo evolutivo,3,"[-600.0, 600.0]","[0.0, 0.0, 0.0]","[-1.8284226817702347, 13.865083615000003, -0.5757595352714588]",0.8252598591711373,13.996970107727224,140,7050,"[23.045885043287434, 23.02988330593268, 16.52995295987464, 3.552139816246884, 3.552139816246884, 3.552139816246884, 3.552139816246884, 1.7858387376696743, 1.7858387376696743, 1.7858387376696743, 1.398641071854784, 1.398641071854784, 1.398641071854784, 1.398641071854784, 1.398641071854784, 1.3740569824147668, 1.3740569824147668, 1.0789810108598026, 1.0789810108598026, 1.0789810108598026, 1.0789810108598026, 1.0789810108598026, 1.065999620471148, 1.065999620471148, 1.065999620471148, 1.065999620471148, 1.065999620471148, 1.065999620471148, 1.065999620471148, 1.065999620471148, 1.065999620471148, 1.065999620471148, 1.065999620471148, 1.065999620471148, 1.065999620471148, 1.065999620471148, 1.065999620471148, 1.065999620471148, 1.065999620471148, 1.065999620471148, 1.065999620471148, 1.065999620471148, 1.065999620471148, 1.065999620471148, 1.065999620471148, 1.065999620471148, 1.065999620471148, 1.065999620471148, 1.065999620471148, 1.065999620471148, 1.065999620471148, 1.065999620471148, 1.065999620471148, 1.065999620471148, 1.065999620471148, 1.065999620471148, 1.065999620471148, 1.065999620471148, 1.065999620471148, 1.065999620471148, 1.0081119826519733, 1.0081119826519733, 1.0081119826519733, 1.0081119826519733, 1.0081119826519733, 1.0081119826519733, 1.0081119826519733, 1.0081119826519733, 1.0081119826519733, 1.0081119826519733, 1.0081119826519733, 1.0081119826519733, 1.0081119826519733, 1.0081119826519733, 1.0081119826519733, 1.0081119826519733, 1.0081119826519733, 1.0081119826519733, 1.0081119826519733, 1.0081119826519733, 1.0081119826519733, 1.0081119826519733, 1.0081119826519733, 1.0081119826519733, 1.0081119826519733, 1.0081119826519733, 1.0081119826519733, 1.0081119826519733, 1.0081119826519733, 1.0081119826519733, 1.0081119826519733, 1.0081119826519733, 1.0081119826519733, 1.0081119826519733, 1.0081119826519733, 1.0081119826519733, 1.0081119826519733, 1.0081119826519733, 1.0081119826519733, 1.0081119826519733, 1.0081119826519733, 1.0081119826519733, 1.0081119826519733, 1.0081119826519733, 1.0081119826519733, 1.0081119826519733, 1.0081119826519733, 1.0081119826519733, 0.8781676248512043, 0.8781676248512043, 0.8781676248512043, 0.8781676248512043, 0.8781676248512043, 0.8781676248512043, 0.8781676248512043, 0.8781676248512043, 0.8781676248512043, 0.8781676248512043, 0.8781676248512043, 0.8252598591711373, 0.8252598591711373, 0.8252598591711373, 0.8252598591711373, 0.8252598591711373, 0.8252598591711373, 0.8252598591711373, 0.8252598591711373, 0.8252598591711373, 0.8252598591711373, 0.8252598591711373, 0.8252598591711373, 0.8252598591711373, 0.8252598591711373, 0.8252598591711373, 0.8252598591711373, 0.8252598591711373, 0.8252598591711373, 0.8252598591711373, 0.8252598591711373, 0.8252598591711373, 0.8252598591711373]","{""elitism_fraction"": 0.2, ""max_iterations"": 140, ""mutation_fraction"": 0.1, ""population_size"": 50}"
griewank,Griewank,82,1427,ea,Algoritmo evolutivo,3,"[-600.0, 600.0]","[0.0, 0.0, 0.0]","[3.1807149664584813, -8.563808301005565, -5.2208647174686575]",0.062106154445933925,10.522033487512473,140,7050,"[10.444510978739826, 6.780695411687666, 6.780695411687666, 6.780695411687666, 3.1821942958809415, 1.1533478905267476, 1.1533478905267476, 1.1533478905267476, 1.1533478905267476, 1.1533478905267476, 1.0465062601433122, 1.0465062601433122, 1.0465062601433122, 1.0465062601433122, 1.0465062601433122, 1.0465062601433122, 1.0465062601433122, 1.0465062601433122, 1.0465062601433122, 1.0465062601433122, 1.0465062601433122, 1.0465062601433122, 1.0465062601433122, 1.0465062601433122, 1.0465062601433122, 1.0465062601433122, 1.0465062601433122, 1.0465062601433122, 1.0465062601433122, 1.0465062601433122, 1.0465062601433122, 0.9775975660835933, 0.9775975660835933, 0.9775975660835933, 0.9175218868557511, 0.9175218868557511, 0.9175218868557511, 0.9175218868557511, 0.906896061537338, 0.906896061537338, 0.906896061537338, 0.906896061537338, 0.906896061537338, 0.906896061537338, 0.906896061537338, 0.906896061537338, 0.906896061537338, 0.906896061537338, 0.906896061537338, 0.906896061537338, 0.906896061537338, 0.906896061537338, 0.906896061537338, 0.906896061537338, 0.906896061537338, 0.906896061537338, 0.8069710229225153, 0.8069710229225153, 0.8069710229225153, 0.8069710229225153, 0.8069710229225153, 0.8069710229225153, 0.8069710229225153, 0.8069710229225153, 0.8069710229225153, 0.8069710229225153, 0.8069710229225153, 0.6221625840180915, 0.6221625840180915, 0.6221625840180915, 0.6221625840180915, 0.6221625840180915, 0.6221625840180915, 0.6221625840180915, 0.6221625840180915, 0.6221625840180915, 0.6221625840180915, 0.6221625840180915, 0.6221625840180915, 0.41184691415681374, 0.41184691415681374, 0.2283268828977465, 0.2283268828977465, 0.2283268828977465, 0.2283268828977465, 0.2283268828977465, 0.2283268828977465, 0.2283268828977465, 0.2283268828977465, 0.2283268828977465, 0.2283268828977465, 0.2283268828977465, 0.2283268828977465, 0.2283268828977465, 0.2283268828977465, 0.2283268828977465, 0.2283268828977465, 0.2283268828977465, 0.2283268828977465, 0.2283268828977465, 0.2283268828977465, 0.2283268828977465, 0.2283268828977465, 0.2283268828977465, 0.2283268828977465, 0.2283268828977465, 0.2283268828977465, 0.2283268828977465, 0.2283268828977465, 0.2283268828977465, 0.12082052531744691, 0.12082052531744691, 0.12082052531744691, 0.12082052531744691, 0.12082052531744691, 0.12082052531744691, 0.12082052531744691, 0.12082052531744691, 0.12082052531744691, 0.12082052531744691, 0.062106154445933925, 0.062106154445933925, 0.062106154445933925, 0.062106154445933925, 0.062106154445933925, 0.062106154445933925, 0.062106154445933925, 0.062106154445933925, 0.062106154445933925, 0.062106154445933925, 0.062106154445933925, 0.062106154445933925, 0.062106154445933925, 0.062106154445933925, 0.062106154445933925, 0.062106154445933925, 0.062106154445933925, 0.062106154445933925, 0.062106154445933925, 0.062106154445933925, 0.062106154445933925]","{""elitism_fraction"": 0.2, ""max_iterations"": 140, ""mutation_fraction"": 0.1, ""population_size"": 50}"
griewank,Griewank,83,1428,ea,Algoritmo evolutivo,3,"[-600.0, 600.0]","[0.0, 0.0, 0.0]","[-3.905302546895655, 3.9104018389865587, 21.61011048552041]",0.45540989920030506,22.305593597157156,140,7050,"[9.520628660520673, 9.520628660520673, 9.520628660520673, 2.4322314863277907, 1.9391885925141517, 1.9391885925141517, 1.9391885925141517, 1.452692791454369, 1.452692791454369, 1.452692791454369, 1.452692791454369, 1.452692791454369, 1.452692791454369, 1.452692791454369, 1.452692791454369, 1.452692791454369, 0.8546831333217166, 0.8546831333217166, 0.8546831333217166, 0.8546831333217166, 0.8546831333217166, 0.8546831333217166, 0.8546831333217166, 0.8546831333217166, 0.8546831333217166, 0.8546831333217166, 0.8546831333217166, 0.8546831333217166, 0.8546831333217166, 0.8546831333217166, 0.8546831333217166, 0.8546831333217166, 0.8546831333217166, 0.8546831333217166, 0.8546831333217166, 0.8546831333217166, 0.8546831333217166, 0.8546831333217166, 0.8546831333217166, 0.8546831333217166, 0.8546831333217166, 0.8546831333217166, 0.8546831333217166, 0.8546831333217166, 0.45540989920030506, 0.45540989920030506, 0.45540989920030506, 0.45540989920030506, 0.45540989920030506, 0.45540989920030506, 0.45540989920030506, 0.45540989920030506, 0.45540989920030506, 0.45540989920030506, 0.45540989920030506, 0.45540989920030506, 0.45540989920030506, 0.45540989920030506, 0.45540989920030506, 0.45540989920030506, 0.45540989920030506, 0.45540989920030506, 0.45540989920030506, 0.45540989920030506, 0.45540989920030506, 0.45540989920030506, 0.45540989920030506, 0.45540989920030506, 0.45540989920030506, 0.45540989920030506, 0.45540989920030506, 0.45540989920030506, 0.45540989920030506, 0.45540989920030506, 0.45540989920030506, 0.45540989920030506, 0.45540989920030506, 0.45540989920030506, 0.45540989920030506, 0.45540989920030506, 0.45540989920030506, 0.45540989920030506, 0.45540989920030506, 0.45540989920030506, 0.45540989920030506, 0.45540989920030506, 0.45540989920030506, 0.45540989920030506, 0.45540989920030506, 0.45540989920030506, 0.45540989920030506, 0.45540989920030506, 0.45540989920030506, 0.45540989920030506, 0.45540989920030506, 0.45540989920030506, 0.45540989920030506, 0.45540989920030506, 0.45540989920030506, 0.45540989920030506, 0.45540989920030506, 0.45540989920030506, 0.45540989920030506, 0.45540989920030506, 0.45540989920030506, 0.45540989920030506, 0.45540989920030506, 0.45540989920030506, 0.45540989920030506, 0.45540989920030506, 0.45540989920030506, 0.45540989920030506, 0.45540989920030506, 0.45540989920030506, 0.45540989920030506, 0.45540989920030506, 0.45540989920030506, 0.45540989920030506, 0.45540989920030506, 0.45540989920030506, 0.45540989920030506, 0.45540989920030506, 0.45540989920030506, 0.45540989920030506, 0.45540989920030506, 0.45540989920030506, 0.45540989920030506, 0.45540989920030506, 0.45540989920030506, 0.45540989920030506, 0.45540989920030506, 0.45540989920030506, 0.45540989920030506, 0.45540989920030506, 0.45540989920030506, 0.45540989920030506, 0.45540989920030506, 0.45540989920030506, 0.45540989920030506, 0.45540989920030506, 0.45540989920030506]","{""elitism_fraction"": 0.2, ""max_iterations"": 140, ""mutation_fraction"": 0.1, ""population_size"": 50}"
griewank,Griewank,84,1429,ea,Algoritmo evolutivo,3,"[-600.0, 600.0]","[0.0, 0.0, 0.0]","[3.025203717865338, -8.974506602851193, 5.244971650385423]",0.0443888085437093,10.826049783395268,140,7050,"[9.147777096746808, 4.738123465138457, 3.2121408015939084, 3.2121408015939084, 3.153061581629594, 3.153061581629594, 2.241387408520653, 2.241387408520653, 2.044020003789716, 1.585264944043366, 1.5662624164607508, 1.5662624164607508, 1.5643465617879726, 1.3577370855373316, 1.3577370855373316, 1.3577370855373316, 1.3577370855373316, 1.3577370855373316, 1.3577370855373316, 1.3432655364612571, 1.3432655364612571, 1.3432655364612571, 1.3432655364612571, 1.3211150157698297, 1.3211150157698297, 1.3211150157698297, 1.3211150157698297, 1.3211150157698297, 1.3211150157698297, 1.3211150157698297, 1.277070297176049, 1.277070297176049, 1.277070297176049, 1.277070297176049, 1.277070297176049, 1.277070297176049, 0.7917100134647267, 0.7917100134647267, 0.7917100134647267, 0.7917100134647267, 0.7917100134647267, 0.7917100134647267, 0.7917100134647267, 0.7917100134647267, 0.7917100134647267, 0.7917100134647267, 0.7917100134647267, 0.7917100134647267, 0.7917100134647267, 0.7917100134647267, 0.7917100134647267, 0.7917100134647267, 0.7917100134647267, 0.7917100134647267, 0.7917100134647267, 0.7917100134647267, 0.7917100134647267, 0.7917100134647267, 0.7917100134647267, 0.7917100134647267, 0.7917100134647267, 0.7917100134647267, 0.7917100134647267, 0.7917100134647267, 0.7917100134647267, 0.7917100134647267, 0.7917100134647267, 0.7917100134647267, 0.7917100134647267, 0.7917100134647267, 0.7917100134647267, 0.6957464314571656, 0.6957464314571656, 0.6957464314571656, 0.6957464314571656, 0.6957464314571656, 0.6957464314571656, 0.6957464314571656, 0.6957464314571656, 0.6957464314571656, 0.6957464314571656, 0.6957464314571656, 0.6957464314571656, 0.6957464314571656, 0.6957464314571656, 0.6957464314571656, 0.6957464314571656, 0.6957464314571656, 0.6957464314571656, 0.6957464314571656, 0.6957464314571656, 0.6957464314571656, 0.6957464314571656, 0.6957464314571656, 0.6957464314571656, 0.6957464314571656, 0.6957464314571656, 0.6957464314571656, 0.6957464314571656, 0.6957464314571656, 0.6957464314571656, 0.6957464314571656, 0.6957464314571656, 0.6957464314571656, 0.6957464314571656, 0.6957464314571656, 0.0443888085437093, 0.0443888085437093, 0.0443888085437093, 0.0443888085437093, 0.0443888085437093, 0.0443888085437093, 0.0443888085437093, 0.0443888085437093, 0.0443888085437093, 0.0443888085437093, 0.0443888085437093, 0.0443888085437093, 0.0443888085437093, 0.0443888085437093, 0.0443888085437093, 0.0443888085437093, 0.0443888085437093, 0.0443888085437093, 0.0443888085437093, 0.0443888085437093, 0.0443888085437093, 0.0443888085437093, 0.0443888085437093, 0.0443888085437093, 0.0443888085437093, 0.0443888085437093, 0.0443888085437093, 0.0443888085437093, 0.0443888085437093, 0.0443888085437093, 0.0443888085437093, 0.0443888085437093, 0.0443888085437093, 0.0443888085437093, 0.0443888085437093]","{""elitism_fraction"": 0.2, ""max_iterations"": 140, ""mutation_fraction"": 0.1, ""population_size"": 50}"
griewank,Griewank,85,1430,ea,Algoritmo evolutivo,3,"[-600.0, 600.0]","[0.0, 0.0, 0.0]","[-9.197427055469461, -0.8266042808145357, -4.963121797346048]",0.2457298553870172,10.483726296171321,140,7050,"[11.712936416606004, 11.247840175319592, 2.5790007913519473, 2.5790007913519473, 2.5790007913519473, 2.495511705531877, 2.495511705531877, 2.495511705531877, 2.4715596993746516, 2.4715596993746516, 2.4715596993746516, 1.9934003793685293, 1.9934003793685293, 1.9934003793685293, 1.9934003793685293, 1.3400869720727382, 1.3318555449634586, 1.11135779888105, 1.11135779888105, 1.11135779888105, 1.11135779888105, 1.11135779888105, 1.11135779888105, 1.11135779888105, 1.11135779888105, 1.11135779888105, 1.11135779888105, 0.893393604806006, 0.893393604806006, 0.893393604806006, 0.893393604806006, 0.893393604806006, 0.893393604806006, 0.893393604806006, 0.893393604806006, 0.893393604806006, 0.893393604806006, 0.893393604806006, 0.893393604806006, 0.893393604806006, 0.893393604806006, 0.893393604806006, 0.893393604806006, 0.893393604806006, 0.893393604806006, 0.893393604806006, 0.893393604806006, 0.893393604806006, 0.893393604806006, 0.893393604806006, 0.893393604806006, 0.893393604806006, 0.893393604806006, 0.893393604806006, 0.893393604806006, 0.893393604806006, 0.893393604806006, 0.893393604806006, 0.893393604806006, 0.893393604806006, 0.893393604806006, 0.893393604806006, 0.893393604806006, 0.893393604806006, 0.893393604806006, 0.893393604806006, 0.893393604806006, 0.893393604806006, 0.893393604806006, 0.893393604806006, 0.893393604806006, 0.893393604806006, 0.893393604806006, 0.893393604806006, 0.893393604806006, 0.893393604806006, 0.893393604806006, 0.893393604806006, 0.893393604806006, 0.893393604806006, 0.893393604806006, 0.893393604806006, 0.893393604806006, 0.893393604806006, 0.8762489564912262, 0.8762489564912262, 0.785688726629461, 0.785688726629461, 0.785688726629461, 0.7168706461941724, 0.7168706461941724, 0.7119174053712337, 0.7119174053712337, 0.7119174053712337, 0.7119174053712337, 0.6105045096814439, 0.5392772220129616, 0.5392772220129616, 0.5392772220129616, 0.5392772220129616, 0.5392772220129616, 0.5392772220129616, 0.5392772220129616, 0.5392772220129616, 0.5392772220129616, 0.5392772220129616, 0.5392772220129616, 0.5392772220129616, 0.5392772220129616, 0.5392772220129616, 0.5392772220129616, 0.5392772220129616, 0.5392772220129616, 0.5315579003311712, 0.5315579003311712, 0.5315579003311712, 0.4681070160252877, 0.4681070160252877, 0.4681070160252877, 0.4681070160252877, 0.4681070160252877, 0.4681070160252877, 0.4681070160252877, 0.4681070160252877, 0.4681070160252877, 0.4681070160252877, 0.4681070160252877, 0.4681070160252877, 0.4681070160252877, 0.4681070160252877, 0.4681070160252877, 0.4681070160252877, 0.4681070160252877, 0.4681070160252877, 0.2457298553870172, 0.2457298553870172, 0.2457298553870172, 0.2457298553870172, 0.2457298553870172, 0.2457298553870172, 0.2457298553870172]","{""elitism_fraction"": 0.2, ""max_iterations"": 140, ""mutation_fraction"": 0.1, ""population_size"": 50}"
griewank,Griewank,86,1431,ea,Algoritmo evolutivo,3,"[-600.0, 600.0]","[0.0, 0.0, 0.0]","[-9.429161398866768, -9.683216500164917, 14.774484405596581]",0.5713839053608294,20.023964540673802,140,7050,"[10.593837143853065, 10.593837143853065, 4.773649403175185, 4.773649403175185, 4.773649403175185, 4.773649403175185, 4.773649403175185, 4.773649403175185, 3.9681756787923783, 2.6278951825047776, 2.6278951825047776, 1.4120505657558442, 1.4120505657558442, 1.4120505657558442, 1.111828337531594, 1.111828337531594, 1.111828337531594, 1.111828337531594, 1.111828337531594, 1.111828337531594, 1.111828337531594, 1.111828337531594, 1.111828337531594, 1.111828337531594, 1.111828337531594, 1.111828337531594, 1.111828337531594, 1.0318441713636601, 1.0318441713636601, 1.0318441713636601, 1.0318441713636601, 1.0318441713636601, 1.0318441713636601, 1.0318441713636601, 1.0318441713636601, 1.0318441713636601, 1.0318441713636601, 1.0318441713636601, 1.0318441713636601, 1.0128554408308257, 1.0128554408308257, 1.0128554408308257, 1.0128554408308257, 1.0128554408308257, 1.0128554408308257, 1.0128554408308257, 1.0128554408308257, 1.0128554408308257, 1.0128554408308257, 1.0018524548063945, 1.0018524548063945, 1.0018524548063945, 1.0018524548063945, 1.0018524548063945, 1.0018524548063945, 1.0018524548063945, 1.0018524548063945, 1.0018524548063945, 1.0018524548063945, 1.0018524548063945, 1.0018524548063945, 1.0018524548063945, 0.9693512410219571, 0.9693512410219571, 0.9693512410219571, 0.9693512410219571, 0.9693512410219571, 0.9693512410219571, 0.9693512410219571, 0.9693512410219571, 0.9693512410219571, 0.9693512410219571, 0.9693512410219571, 0.9693512410219571, 0.9693512410219571, 0.9693512410219571, 0.9693512410219571, 0.9693512410219571, 0.9693512410219571, 0.9693512410219571, 0.9693512410219571, 0.9693512410219571, 0.9693512410219571, 0.9693512410219571, 0.9693512410219571, 0.9693512410219571, 0.9693512410219571, 0.9693512410219571, 0.9693512410219571, 0.9693512410219571, 0.8468946786090688, 0.8468946786090688, 0.8468946786090688, 0.8468946786090688, 0.8468946786090688, 0.8468946786090688, 0.8468946786090688, 0.8468946786090688, 0.8468946786090688, 0.8468946786090688, 0.8468946786090688, 0.8468946786090688, 0.8468946786090688, 0.8468946786090688, 0.7732186958105021, 0.7732186958105021, 0.7732186958105021, 0.7732186958105021, 0.7732186958105021, 0.7732186958105021, 0.7732186958105021, 0.7732186958105021, 0.7732186958105021, 0.7732186958105021, 0.7732186958105021, 0.7732186958105021, 0.7732186958105021, 0.7732186958105021, 0.7732186958105021, 0.7732186958105021, 0.7732186958105021, 0.6224680709134779, 0.6224680709134779, 0.6224680709134779, 0.6224680709134779, 0.6224680709134779, 0.6224680709134779, 0.6224680709134779, 0.6224680709134779, 0.5713839053608294, 0.5713839053608294, 0.5713839053608294, 0.5713839053608294, 0.5713839053608294, 0.5713839053608294, 0.5713839053608294, 0.5713839053608294, 0.5713839053608294, 0.5713839053608294, 0.5713839053608294, 0.5713839053608294]","{""elitism_fraction"": 0.2, ""max_iterations"": 140, ""mutation_fraction"": 0.1, ""population_size"": 50}"
griewank,Griewank,87,1432,ea,Algoritmo evolutivo,3,"[-600.0, 600.0]","[0.0, 0.0, 0.0]","[-31.5393477138482, 4.21347773789887, -5.464914904883813]",0.28131228817384324,32.28543237716374,140,7050,"[1.7437712210722496, 1.7437712210722496, 1.7437712210722496, 1.7437712210722496, 1.7437712210722496, 0.9190677860015137, 0.9190677860015137, 0.9190677860015137, 0.9190677860015137, 0.9190677860015137, 0.9190677860015137, 0.7566616888590109, 0.7566616888590109, 0.7566616888590109, 0.7566616888590109, 0.7566616888590109, 0.7566616888590109, 0.7108057320301463, 0.7108057320301463, 0.7108057320301463, 0.7108057320301463, 0.7108057320301463, 0.7108057320301463, 0.7108057320301463, 0.7108057320301463, 0.7108057320301463, 0.7108057320301463, 0.7108057320301463, 0.7108057320301463, 0.7108057320301463, 0.7108057320301463, 0.7108057320301463, 0.7108057320301463, 0.7108057320301463, 0.7108057320301463, 0.7108057320301463, 0.7108057320301463, 0.7108057320301463, 0.7108057320301463, 0.7108057320301463, 0.7108057320301463, 0.7108057320301463, 0.5667295763556344, 0.5667295763556344, 0.5667295763556344, 0.5667295763556344, 0.5667295763556344, 0.5667295763556344, 0.5667295763556344, 0.4836911257470984, 0.4836911257470984, 0.4836911257470984, 0.4836911257470984, 0.4836911257470984, 0.4836911257470984, 0.4836911257470984, 0.4836911257470984, 0.4836911257470984, 0.4836911257470984, 0.4836911257470984, 0.4836911257470984, 0.4836911257470984, 0.4836911257470984, 0.4836911257470984, 0.4836911257470984, 0.4836911257470984, 0.4836911257470984, 0.4836911257470984, 0.4836911257470984, 0.4836911257470984, 0.4836911257470984, 0.4836911257470984, 0.4836911257470984, 0.4836911257470984, 0.4836911257470984, 0.4836911257470984, 0.4836911257470984, 0.4836911257470984, 0.4393161537608139, 0.4393161537608139, 0.4393161537608139, 0.4393161537608139, 0.4393161537608139, 0.4393161537608139, 0.4393161537608139, 0.4393161537608139, 0.4393161537608139, 0.4393161537608139, 0.4393161537608139, 0.4393161537608139, 0.4393161537608139, 0.4393161537608139, 0.4393161537608139, 0.4393161537608139, 0.4393161537608139, 0.4393161537608139, 0.4393161537608139, 0.4393161537608139, 0.4393161537608139, 0.4393161537608139, 0.4393161537608139, 0.4393161537608139, 0.4393161537608139, 0.28131228817384324, 0.28131228817384324, 0.28131228817384324, 0.28131228817384324, 0.28131228817384324, 0.28131228817384324, 0.28131228817384324, 0.28131228817384324, 0.28131228817384324, 0.28131228817384324, 0.28131228817384324, 0.28131228817384324, 0.28131228817384324, 0.28131228817384324, 0.28131228817384324, 0.28131228817384324, 0.28131228817384324, 0.28131228817384324, 0.28131228817384324, 0.28131228817384324, 0.28131228817384324, 0.28131228817384324, 0.28131228817384324, 0.28131228817384324, 0.28131228817384324, 0.28131228817384324, 0.28131228817384324, 0.28131228817384324, 0.28131228817384324, 0.28131228817384324, 0.28131228817384324, 0.28131228817384324, 0.28131228817384324, 0.28131228817384324, 0.28131228817384324, 0.28131228817384324, 0.28131228817384324, 0.28131228817384324]","{""elitism_fraction"": 0.2, ""max_iterations"": 140, ""mutation_fraction"": 0.1, ""population_size"": 50}"
griewank,Griewank,88,1433,ea,Algoritmo evolutivo,3,"[-600.0, 600.0]","[0.0, 0.0, 0.0]","[-6.272539849727991, -8.995951606732888, 0.8531751675475334]",0.1518574793801618,10.999991333797743,140,7050,"[22.74825157437965, 6.241094673490051, 6.241094673490051, 6.241094673490051, 6.241094673490051, 4.497116622334123, 4.027760324967451, 4.027760324967451, 3.493673947073701, 3.493673947073701, 3.042021453134089, 3.042021453134089, 3.042021453134089, 3.042021453134089, 2.411976186702765, 2.411976186702765, 2.411976186702765, 1.73934307184033, 1.73934307184033, 1.73934307184033, 1.73934307184033, 1.73934307184033, 0.8005152083254868, 0.8005152083254868, 0.8005152083254868, 0.8005152083254868, 0.8005152083254868, 0.8005152083254868, 0.8005152083254868, 0.8005152083254868, 0.8005152083254868, 0.8005152083254868, 0.8005152083254868, 0.8005152083254868, 0.8005152083254868, 0.8005152083254868, 0.8005152083254868, 0.8005152083254868, 0.8005152083254868, 0.8005152083254868, 0.8005152083254868, 0.8005152083254868, 0.8005152083254868, 0.8005152083254868, 0.15913927427909536, 0.15913927427909536, 0.15913927427909536, 0.15913927427909536, 0.15913927427909536, 0.15913927427909536, 0.15913927427909536, 0.15913927427909536, 0.15913927427909536, 0.15913927427909536, 0.15913927427909536, 0.15913927427909536, 0.15913927427909536, 0.15913927427909536, 0.15913927427909536, 0.15913927427909536, 0.15913927427909536, 0.15913927427909536, 0.15913927427909536, 0.15913927427909536, 0.15913927427909536, 0.15913927427909536, 0.15913927427909536, 0.15913927427909536, 0.15913927427909536, 0.15913927427909536, 0.15913927427909536, 0.15913927427909536, 0.15913927427909536, 0.15913927427909536, 0.15913927427909536, 0.15913927427909536, 0.15913927427909536, 0.15913927427909536, 0.15913927427909536, 0.15913927427909536, 0.15913927427909536, 0.15913927427909536, 0.15913927427909536, 0.15913927427909536, 0.15913927427909536, 0.15913927427909536, 0.15913927427909536, 0.15913927427909536, 0.15913927427909536, 0.15913927427909536, 0.15913927427909536, 0.15913927427909536, 0.15913927427909536, 0.15913927427909536, 0.15913927427909536, 0.15913927427909536, 0.15913927427909536, 0.15913927427909536, 0.15913927427909536, 0.15913927427909536, 0.15913927427909536, 0.15913927427909536, 0.15913927427909536, 0.15913927427909536, 0.15913927427909536, 0.15913927427909536, 0.15913927427909536, 0.15913927427909536, 0.15913927427909536, 0.15913927427909536, 0.15913927427909536, 0.15913927427909536, 0.15913927427909536, 0.15913927427909536, 0.15913927427909536, 0.15913927427909536, 0.15913927427909536, 0.15913927427909536, 0.15913927427909536, 0.15913927427909536, 0.15913927427909536, 0.15913927427909536, 0.15913927427909536, 0.15913927427909536, 0.15913927427909536, 0.15913927427909536, 0.15913927427909536, 0.15913927427909536, 0.15913927427909536, 0.1518574793801618, 0.1518574793801618, 0.1518574793801618, 0.1518574793801618, 0.1518574793801618, 0.1518574793801618, 0.1518574793801618, 0.1518574793801618, 0.1518574793801618, 0.1518574793801618, 0.1518574793801618, 0.1518574793801618]","{""elitism_fraction"": 0.2, ""max_iterations"": 140, ""mutation_fraction"": 0.1, ""population_size"": 50}"
griewank,Griewank,89,1434,ea,Algoritmo evolutivo,3,"[-600.0, 600.0]","[0.0, 0.0, 0.0]","[-6.365214746064794, -4.678401235955789, -5.288958799190368]",0.043549398436153686,9.506654620193508,140,7050,"[5.752338495072231, 5.752338495072231, 5.752338495072231, 2.358665006457489, 2.358665006457489, 2.358665006457489, 2.358665006457489, 1.6673503522095188, 1.6673503522095188, 1.3016244182425376, 1.3016244182425376, 0.7298244877562228, 0.7298244877562228, 0.7298244877562228, 0.7298244877562228, 0.7298244877562228, 0.6658541860910856, 0.6658541860910856, 0.6658541860910856, 0.6658541860910856, 0.6658541860910856, 0.6658541860910856, 0.5087031577376738, 0.5087031577376738, 0.5087031577376738, 0.5087031577376738, 0.5087031577376738, 0.5087031577376738, 0.5087031577376738, 0.188080394061105, 0.188080394061105, 0.188080394061105, 0.188080394061105, 0.188080394061105, 0.188080394061105, 0.188080394061105, 0.188080394061105, 0.188080394061105, 0.188080394061105, 0.188080394061105, 0.188080394061105, 0.188080394061105, 0.188080394061105, 0.188080394061105, 0.188080394061105, 0.188080394061105, 0.188080394061105, 0.188080394061105, 0.188080394061105, 0.188080394061105, 0.188080394061105, 0.188080394061105, 0.188080394061105, 0.188080394061105, 0.188080394061105, 0.188080394061105, 0.188080394061105, 0.188080394061105, 0.188080394061105, 0.188080394061105, 0.188080394061105, 0.188080394061105, 0.188080394061105, 0.188080394061105, 0.188080394061105, 0.188080394061105, 0.188080394061105, 0.188080394061105, 0.188080394061105, 0.188080394061105, 0.188080394061105, 0.188080394061105, 0.188080394061105, 0.188080394061105, 0.188080394061105, 0.188080394061105, 0.188080394061105, 0.188080394061105, 0.188080394061105, 0.188080394061105, 0.188080394061105, 0.188080394061105, 0.1208597069425974, 0.1208597069425974, 0.1208597069425974, 0.1208597069425974, 0.1208597069425974, 0.1208597069425974, 0.1208597069425974, 0.1208597069425974, 0.1208597069425974, 0.1208597069425974, 0.1208597069425974, 0.1208597069425974, 0.1208597069425974, 0.1208597069425974, 0.1208597069425974, 0.1208597069425974, 0.1208597069425974, 0.1208597069425974, 0.1208597069425974, 0.1208597069425974, 0.1208597069425974, 0.1208597069425974, 0.1208597069425974, 0.1208597069425974, 0.1208597069425974, 0.1208597069425974, 0.1208597069425974, 0.0504741436504631, 0.0504741436504631, 0.0504741436504631, 0.0504741436504631, 0.0504741436504631, 0.0504741436504631, 0.0504741436504631, 0.0504741436504631, 0.0504741436504631, 0.0504741436504631, 0.0504741436504631, 0.0504741436504631, 0.043549398436153686, 0.043549398436153686, 0.043549398436153686, 0.043549398436153686, 0.043549398436153686, 0.043549398436153686, 0.043549398436153686, 0.043549398436153686, 0.043549398436153686, 0.043549398436153686, 0.043549398436153686, 0.043549398436153686, 0.043549398436153686, 0.043549398436153686, 0.043549398436153686, 0.043549398436153686, 0.043549398436153686, 0.043549398436153686, 0.043549398436153686, 0.043549398436153686]","{""elitism_fraction"": 0.2, ""max_iterations"": 140, ""mutation_fraction"": 0.1, ""population_size"": 50}"
griewank,Griewank,90,1426,ea,Algoritmo evolutivo,3,"[-600.0, 600.0]","[0.0, 0.0, 0.0]","[-1.8284226817702347, 13.865083615000003, -0.5757595352714588]",0.8252598591711373,13.996970107727224,140,7050,"[23.045885043287434, 23.02988330593268, 16.52995295987464, 3.552139816246884, 3.552139816246884, 3.552139816246884, 3.552139816246884, 1.7858387376696743, 1.7858387376696743, 1.7858387376696743, 1.398641071854784, 1.398641071854784, 1.398641071854784, 1.398641071854784, 1.398641071854784, 1.3740569824147668, 1.3740569824147668, 1.0789810108598026, 1.0789810108598026, 1.0789810108598026, 1.0789810108598026, 1.0789810108598026, 1.065999620471148, 1.065999620471148, 1.065999620471148, 1.065999620471148, 1.065999620471148, 1.065999620471148, 1.065999620471148, 1.065999620471148, 1.065999620471148, 1.065999620471148, 1.065999620471148, 1.065999620471148, 1.065999620471148, 1.065999620471148, 1.065999620471148, 1.065999620471148, 1.065999620471148, 1.065999620471148, 1.065999620471148, 1.065999620471148, 1.065999620471148, 1.065999620471148, 1.065999620471148, 1.065999620471148, 1.065999620471148, 1.065999620471148, 1.065999620471148, 1.065999620471148, 1.065999620471148, 1.065999620471148, 1.065999620471148, 1.065999620471148, 1.065999620471148, 1.065999620471148, 1.065999620471148, 1.065999620471148, 1.065999620471148, 1.065999620471148, 1.0081119826519733, 1.0081119826519733, 1.0081119826519733, 1.0081119826519733, 1.0081119826519733, 1.0081119826519733, 1.0081119826519733, 1.0081119826519733, 1.0081119826519733, 1.0081119826519733, 1.0081119826519733, 1.0081119826519733, 1.0081119826519733, 1.0081119826519733, 1.0081119826519733, 1.0081119826519733, 1.0081119826519733, 1.0081119826519733, 1.0081119826519733, 1.0081119826519733, 1.0081119826519733, 1.0081119826519733, 1.0081119826519733, 1.0081119826519733, 1.0081119826519733, 1.0081119826519733, 1.0081119826519733, 1.0081119826519733, 1.0081119826519733, 1.0081119826519733, 1.0081119826519733, 1.0081119826519733, 1.0081119826519733, 1.0081119826519733, 1.0081119826519733, 1.0081119826519733, 1.0081119826519733, 1.0081119826519733, 1.0081119826519733, 1.0081119826519733, 1.0081119826519733, 1.0081119826519733, 1.0081119826519733, 1.0081119826519733, 1.0081119826519733, 1.0081119826519733, 1.0081119826519733, 1.0081119826519733, 0.8781676248512043, 0.8781676248512043, 0.8781676248512043, 0.8781676248512043, 0.8781676248512043, 0.8781676248512043, 0.8781676248512043, 0.8781676248512043, 0.8781676248512043, 0.8781676248512043, 0.8781676248512043, 0.8252598591711373, 0.8252598591711373, 0.8252598591711373, 0.8252598591711373, 0.8252598591711373, 0.8252598591711373, 0.8252598591711373, 0.8252598591711373, 0.8252598591711373, 0.8252598591711373, 0.8252598591711373, 0.8252598591711373, 0.8252598591711373, 0.8252598591711373, 0.8252598591711373, 0.8252598591711373, 0.8252598591711373, 0.8252598591711373, 0.8252598591711373, 0.8252598591711373, 0.8252598591711373, 0.8252598591711373]","{""elitism_fraction"": 0.2, ""max_iterations"": 140, ""mutation_fraction"": 0.1, ""population_size"": 50}"
griewank,Griewank,91,1427,ea,Algoritmo evolutivo,3,"[-600.0, 600.0]","[0.0, 0.0, 0.0]","[3.1807149664584813, -8.563808301005565, -5.2208647174686575]",0.062106154445933925,10.522033487512473,140,7050,"[10.444510978739826, 6.780695411687666, 6.780695411687666, 6.780695411687666, 3.1821942958809415, 1.1533478905267476, 1.1533478905267476, 1.1533478905267476, 1.1533478905267476, 1.1533478905267476, 1.0465062601433122, 1.0465062601433122, 1.0465062601433122, 1.0465062601433122, 1.0465062601433122, 1.0465062601433122, 1.0465062601433122, 1.0465062601433122, 1.0465062601433122, 1.0465062601433122, 1.0465062601433122, 1.0465062601433122, 1.0465062601433122, 1.0465062601433122, 1.0465062601433122, 1.0465062601433122, 1.0465062601433122, 1.0465062601433122, 1.0465062601433122, 1.0465062601433122, 1.0465062601433122, 0.9775975660835933, 0.9775975660835933, 0.9775975660835933, 0.9175218868557511, 0.9175218868557511, 0.9175218868557511, 0.9175218868557511, 0.906896061537338, 0.906896061537338, 0.906896061537338, 0.906896061537338, 0.906896061537338, 0.906896061537338, 0.906896061537338, 0.906896061537338, 0.906896061537338, 0.906896061537338, 0.906896061537338, 0.906896061537338, 0.906896061537338, 0.906896061537338, 0.906896061537338, 0.906896061537338, 0.906896061537338, 0.906896061537338, 0.8069710229225153, 0.8069710229225153, 0.8069710229225153, 0.8069710229225153, 0.8069710229225153, 0.8069710229225153, 0.8069710229225153, 0.8069710229225153, 0.8069710229225153, 0.8069710229225153, 0.8069710229225153, 0.6221625840180915, 0.6221625840180915, 0.6221625840180915, 0.6221625840180915, 0.6221625840180915, 0.6221625840180915, 0.6221625840180915, 0.6221625840180915, 0.6221625840180915, 0.6221625840180915, 0.6221625840180915, 0.6221625840180915, 0.41184691415681374, 0.41184691415681374, 0.2283268828977465, 0.2283268828977465, 0.2283268828977465, 0.2283268828977465, 0.2283268828977465, 0.2283268828977465, 0.2283268828977465, 0.2283268828977465, 0.2283268828977465, 0.2283268828977465, 0.2283268828977465, 0.2283268828977465, 0.2283268828977465, 0.2283268828977465, 0.2283268828977465, 0.2283268828977465, 0.2283268828977465, 0.2283268828977465, 0.2283268828977465, 0.2283268828977465, 0.2283268828977465, 0.2283268828977465, 0.2283268828977465, 0.2283268828977465, 0.2283268828977465, 0.2283268828977465, 0.2283268828977465, 0.2283268828977465, 0.2283268828977465, 0.12082052531744691, 0.12082052531744691, 0.12082052531744691, 0.12082052531744691, 0.12082052531744691, 0.12082052531744691, 0.12082052531744691, 0.12082052531744691, 0.12082052531744691, 0.12082052531744691, 0.062106154445933925, 0.062106154445933925, 0.062106154445933925, 0.062106154445933925, 0.062106154445933925, 0.062106154445933925, 0.062106154445933925, 0.062106154445933925, 0.062106154445933925, 0.062106154445933925, 0.062106154445933925, 0.062106154445933925, 0.062106154445933925, 0.062106154445933925, 0.062106154445933925, 0.062106154445933925, 0.062106154445933925, 0.062106154445933925, 0.062106154445933925, 0.062106154445933925, 0.062106154445933925]","{""elitism_fraction"": 0.2, ""max_iterations"": 140, ""mutation_fraction"": 0.1, ""population_size"": 50}"
griewank,Griewank,92,1428,ea,Algoritmo evolutivo,3,"[-600.0, 600.0]","[0.0, 0.0, 0.0]","[-3.905302546895655, 3.9104018389865587, 21.61011048552041]",0.45540989920030506,22.305593597157156,140,7050,"[9.520628660520673, 9.520628660520673, 9.520628660520673, 2.4322314863277907, 1.9391885925141517, 1.9391885925141517, 1.9391885925141517, 1.452692791454369, 1.452692791454369, 1.452692791454369, 1.452692791454369, 1.452692791454369, 1.452692791454369, 1.452692791454369, 1.452692791454369, 1.452692791454369, 0.8546831333217166, 0.8546831333217166, 0.8546831333217166, 0.8546831333217166, 0.8546831333217166, 0.8546831333217166, 0.8546831333217166, 0.8546831333217166, 0.8546831333217166, 0.8546831333217166, 0.8546831333217166, 0.8546831333217166, 0.8546831333217166, 0.8546831333217166, 0.8546831333217166, 0.8546831333217166, 0.8546831333217166, 0.8546831333217166, 0.8546831333217166, 0.8546831333217166, 0.8546831333217166, 0.8546831333217166, 0.8546831333217166, 0.8546831333217166, 0.8546831333217166, 0.8546831333217166, 0.8546831333217166, 0.8546831333217166, 0.45540989920030506, 0.45540989920030506, 0.45540989920030506, 0.45540989920030506, 0.45540989920030506, 0.45540989920030506, 0.45540989920030506, 0.45540989920030506, 0.45540989920030506, 0.45540989920030506, 0.45540989920030506, 0.45540989920030506, 0.45540989920030506, 0.45540989920030506, 0.45540989920030506, 0.45540989920030506, 0.45540989920030506, 0.45540989920030506, 0.45540989920030506, 0.45540989920030506, 0.45540989920030506, 0.45540989920030506, 0.45540989920030506, 0.45540989920030506, 0.45540989920030506, 0.45540989920030506, 0.45540989920030506, 0.45540989920030506, 0.45540989920030506, 0.45540989920030506, 0.45540989920030506, 0.45540989920030506, 0.45540989920030506, 0.45540989920030506, 0.45540989920030506, 0.45540989920030506, 0.45540989920030506, 0.45540989920030506, 0.45540989920030506, 0.45540989920030506, 0.45540989920030506, 0.45540989920030506, 0.45540989920030506, 0.45540989920030506, 0.45540989920030506, 0.45540989920030506, 0.45540989920030506, 0.45540989920030506, 0.45540989920030506, 0.45540989920030506, 0.45540989920030506, 0.45540989920030506, 0.45540989920030506, 0.45540989920030506, 0.45540989920030506, 0.45540989920030506, 0.45540989920030506, 0.45540989920030506, 0.45540989920030506, 0.45540989920030506, 0.45540989920030506, 0.45540989920030506, 0.45540989920030506, 0.45540989920030506, 0.45540989920030506, 0.45540989920030506, 0.45540989920030506, 0.45540989920030506, 0.45540989920030506, 0.45540989920030506, 0.45540989920030506, 0.45540989920030506, 0.45540989920030506, 0.45540989920030506, 0.45540989920030506, 0.45540989920030506, 0.45540989920030506, 0.45540989920030506, 0.45540989920030506, 0.45540989920030506, 0.45540989920030506, 0.45540989920030506, 0.45540989920030506, 0.45540989920030506, 0.45540989920030506, 0.45540989920030506, 0.45540989920030506, 0.45540989920030506, 0.45540989920030506, 0.45540989920030506, 0.45540989920030506, 0.45540989920030506, 0.45540989920030506, 0.45540989920030506, 0.45540989920030506, 0.45540989920030506, 0.45540989920030506]","{""elitism_fraction"": 0.2, ""max_iterations"": 140, ""mutation_fraction"": 0.1, ""population_size"": 50}"
griewank,Griewank,93,1429,ea,Algoritmo evolutivo,3,"[-600.0, 600.0]","[0.0, 0.0, 0.0]","[3.025203717865338, -8.974506602851193, 5.244971650385423]",0.0443888085437093,10.826049783395268,140,7050,"[9.147777096746808, 4.738123465138457, 3.2121408015939084, 3.2121408015939084, 3.153061581629594, 3.153061581629594, 2.241387408520653, 2.241387408520653, 2.044020003789716, 1.585264944043366, 1.5662624164607508, 1.5662624164607508, 1.5643465617879726, 1.3577370855373316, 1.3577370855373316, 1.3577370855373316, 1.3577370855373316, 1.3577370855373316, 1.3577370855373316, 1.3432655364612571, 1.3432655364612571, 1.3432655364612571, 1.3432655364612571, 1.3211150157698297, 1.3211150157698297, 1.3211150157698297, 1.3211150157698297, 1.3211150157698297, 1.3211150157698297, 1.3211150157698297, 1.277070297176049, 1.277070297176049, 1.277070297176049, 1.277070297176049, 1.277070297176049, 1.277070297176049, 0.7917100134647267, 0.7917100134647267, 0.7917100134647267, 0.7917100134647267, 0.7917100134647267, 0.7917100134647267, 0.7917100134647267, 0.7917100134647267, 0.7917100134647267, 0.7917100134647267, 0.7917100134647267, 0.7917100134647267, 0.7917100134647267, 0.7917100134647267, 0.7917100134647267, 0.7917100134647267, 0.7917100134647267, 0.7917100134647267, 0.7917100134647267, 0.7917100134647267, 0.7917100134647267, 0.7917100134647267, 0.7917100134647267, 0.7917100134647267, 0.7917100134647267, 0.7917100134647267, 0.7917100134647267, 0.7917100134647267, 0.7917100134647267, 0.7917100134647267, 0.7917100134647267, 0.7917100134647267, 0.7917100134647267, 0.7917100134647267, 0.7917100134647267, 0.6957464314571656, 0.6957464314571656, 0.6957464314571656, 0.6957464314571656, 0.6957464314571656, 0.6957464314571656, 0.6957464314571656, 0.6957464314571656, 0.6957464314571656, 0.6957464314571656, 0.6957464314571656, 0.6957464314571656, 0.6957464314571656, 0.6957464314571656, 0.6957464314571656, 0.6957464314571656, 0.6957464314571656, 0.6957464314571656, 0.6957464314571656, 0.6957464314571656, 0.6957464314571656, 0.6957464314571656, 0.6957464314571656, 0.6957464314571656, 0.6957464314571656, 0.6957464314571656, 0.6957464314571656, 0.6957464314571656, 0.6957464314571656, 0.6957464314571656, 0.6957464314571656, 0.6957464314571656, 0.6957464314571656, 0.6957464314571656, 0.6957464314571656, 0.0443888085437093, 0.0443888085437093, 0.0443888085437093, 0.0443888085437093, 0.0443888085437093, 0.0443888085437093, 0.0443888085437093, 0.0443888085437093, 0.0443888085437093, 0.0443888085437093, 0.0443888085437093, 0.0443888085437093, 0.0443888085437093, 0.0443888085437093, 0.0443888085437093, 0.0443888085437093, 0.0443888085437093, 0.0443888085437093, 0.0443888085437093, 0.0443888085437093, 0.0443888085437093, 0.0443888085437093, 0.0443888085437093, 0.0443888085437093, 0.0443888085437093, 0.0443888085437093, 0.0443888085437093, 0.0443888085437093, 0.0443888085437093, 0.0443888085437093, 0.0443888085437093, 0.0443888085437093, 0.0443888085437093, 0.0443888085437093, 0.0443888085437093]","{""elitism_fraction"": 0.2, ""max_iterations"": 140, ""mutation_fraction"": 0.1, ""population_size"": 50}"
griewank,Griewank,94,1430,ea,Algoritmo evolutivo,3,"[-600.0, 600.0]","[0.0, 0.0, 0.0]","[-9.197427055469461, -0.8266042808145357, -4.963121797346048]",0.2457298553870172,10.483726296171321,140,7050,"[11.712936416606004, 11.247840175319592, 2.5790007913519473, 2.5790007913519473, 2.5790007913519473, 2.495511705531877, 2.495511705531877, 2.495511705531877, 2.4715596993746516, 2.4715596993746516, 2.4715596993746516, 1.9934003793685293, 1.9934003793685293, 1.9934003793685293, 1.9934003793685293, 1.3400869720727382, 1.3318555449634586, 1.11135779888105, 1.11135779888105, 1.11135779888105, 1.11135779888105, 1.11135779888105, 1.11135779888105, 1.11135779888105, 1.11135779888105, 1.11135779888105, 1.11135779888105, 0.893393604806006, 0.893393604806006, 0.893393604806006, 0.893393604806006, 0.893393604806006, 0.893393604806006, 0.893393604806006, 0.893393604806006, 0.893393604806006, 0.893393604806006, 0.893393604806006, 0.893393604806006, 0.893393604806006, 0.893393604806006, 0.893393604806006, 0.893393604806006, 0.893393604806006, 0.893393604806006, 0.893393604806006, 0.893393604806006, 0.893393604806006, 0.893393604806006, 0.893393604806006, 0.893393604806006, 0.893393604806006, 0.893393604806006, 0.893393604806006, 0.893393604806006, 0.893393604806006, 0.893393604806006, 0.893393604806006, 0.893393604806006, 0.893393604806006, 0.893393604806006, 0.893393604806006, 0.893393604806006, 0.893393604806006, 0.893393604806006, 0.893393604806006, 0.893393604806006, 0.893393604806006, 0.893393604806006, 0.893393604806006, 0.893393604806006, 0.893393604806006, 0.893393604806006, 0.893393604806006, 0.893393604806006, 0.893393604806006, 0.893393604806006, 0.893393604806006, 0.893393604806006, 0.893393604806006, 0.893393604806006, 0.893393604806006, 0.893393604806006, 0.893393604806006, 0.8762489564912262, 0.8762489564912262, 0.785688726629461, 0.785688726629461, 0.785688726629461, 0.7168706461941724, 0.7168706461941724, 0.7119174053712337, 0.7119174053712337, 0.7119174053712337, 0.7119174053712337, 0.6105045096814439, 0.5392772220129616, 0.5392772220129616, 0.5392772220129616, 0.5392772220129616, 0.5392772220129616, 0.5392772220129616, 0.5392772220129616, 0.5392772220129616, 0.5392772220129616, 0.5392772220129616, 0.5392772220129616, 0.5392772220129616, 0.5392772220129616, 0.5392772220129616, 0.5392772220129616, 0.5392772220129616, 0.5392772220129616, 0.5315579003311712, 0.5315579003311712, 0.5315579003311712, 0.4681070160252877, 0.4681070160252877, 0.4681070160252877, 0.4681070160252877, 0.4681070160252877, 0.4681070160252877, 0.4681070160252877, 0.4681070160252877, 0.4681070160252877, 0.4681070160252877, 0.4681070160252877, 0.4681070160252877, 0.4681070160252877, 0.4681070160252877, 0.4681070160252877, 0.4681070160252877, 0.4681070160252877, 0.4681070160252877, 0.2457298553870172, 0.2457298553870172, 0.2457298553870172, 0.2457298553870172, 0.2457298553870172, 0.2457298553870172, 0.2457298553870172]","{""elitism_fraction"": 0.2, ""max_iterations"": 140, ""mutation_fraction"": 0.1, ""population_size"": 50}"
griewank,Griewank,95,1431,ea,Algoritmo evolutivo,3,"[-600.0, 600.0]","[0.0, 0.0, 0.0]","[-9.429161398866768, -9.683216500164917, 14.774484405596581]",0.5713839053608294,20.023964540673802,140,7050,"[10.593837143853065, 10.593837143853065, 4.773649403175185, 4.773649403175185, 4.773649403175185, 4.773649403175185, 4.773649403175185, 4.773649403175185, 3.9681756787923783, 2.6278951825047776, 2.6278951825047776, 1.4120505657558442, 1.4120505657558442, 1.4120505657558442, 1.111828337531594, 1.111828337531594, 1.111828337531594, 1.111828337531594, 1.111828337531594, 1.111828337531594, 1.111828337531594, 1.111828337531594, 1.111828337531594, 1.111828337531594, 1.111828337531594, 1.111828337531594, 1.111828337531594, 1.0318441713636601, 1.0318441713636601, 1.0318441713636601, 1.0318441713636601, 1.0318441713636601, 1.0318441713636601, 1.0318441713636601, 1.0318441713636601, 1.0318441713636601, 1.0318441713636601, 1.0318441713636601, 1.0318441713636601, 1.0128554408308257, 1.0128554408308257, 1.0128554408308257, 1.0128554408308257, 1.0128554408308257, 1.0128554408308257, 1.0128554408308257, 1.0128554408308257, 1.0128554408308257, 1.0128554408308257, 1.0018524548063945, 1.0018524548063945, 1.0018524548063945, 1.0018524548063945, 1.0018524548063945, 1.0018524548063945, 1.0018524548063945, 1.0018524548063945, 1.0018524548063945, 1.0018524548063945, 1.0018524548063945, 1.0018524548063945, 1.0018524548063945, 0.9693512410219571, 0.9693512410219571, 0.9693512410219571, 0.9693512410219571, 0.9693512410219571, 0.9693512410219571, 0.9693512410219571, 0.9693512410219571, 0.9693512410219571, 0.9693512410219571, 0.9693512410219571, 0.9693512410219571, 0.9693512410219571, 0.9693512410219571, 0.9693512410219571, 0.9693512410219571, 0.9693512410219571, 0.9693512410219571, 0.9693512410219571, 0.9693512410219571, 0.9693512410219571, 0.9693512410219571, 0.9693512410219571, 0.9693512410219571, 0.9693512410219571, 0.9693512410219571, 0.9693512410219571, 0.9693512410219571, 0.8468946786090688, 0.8468946786090688, 0.8468946786090688, 0.8468946786090688, 0.8468946786090688, 0.8468946786090688, 0.8468946786090688, 0.8468946786090688, 0.8468946786090688, 0.8468946786090688, 0.8468946786090688, 0.8468946786090688, 0.8468946786090688, 0.8468946786090688, 0.7732186958105021, 0.7732186958105021, 0.7732186958105021, 0.7732186958105021, 0.7732186958105021, 0.7732186958105021, 0.7732186958105021, 0.7732186958105021, 0.7732186958105021, 0.7732186958105021, 0.7732186958105021, 0.7732186958105021, 0.7732186958105021, 0.7732186958105021, 0.7732186958105021, 0.7732186958105021, 0.7732186958105021, 0.6224680709134779, 0.6224680709134779, 0.6224680709134779, 0.6224680709134779, 0.6224680709134779, 0.6224680709134779, 0.6224680709134779, 0.6224680709134779, 0.5713839053608294, 0.5713839053608294, 0.5713839053608294, 0.5713839053608294, 0.5713839053608294, 0.5713839053608294, 0.5713839053608294, 0.5713839053608294, 0.5713839053608294, 0.5713839053608294, 0.5713839053608294, 0.5713839053608294]","{""elitism_fraction"": 0.2, ""max_iterations"": 140, ""mutation_fraction"": 0.1, ""population_size"": 50}"
griewank,Griewank,96,1432,ea,Algoritmo evolutivo,3,"[-600.0, 600.0]","[0.0, 0.0, 0.0]","[-31.5393477138482, 4.21347773789887, -5.464914904883813]",0.28131228817384324,32.28543237716374,140,7050,"[1.7437712210722496, 1.7437712210722496, 1.7437712210722496, 1.7437712210722496, 1.7437712210722496, 0.9190677860015137, 0.9190677860015137, 0.9190677860015137, 0.9190677860015137, 0.9190677860015137, 0.9190677860015137, 0.7566616888590109, 0.7566616888590109, 0.7566616888590109, 0.7566616888590109, 0.7566616888590109, 0.7566616888590109, 0.7108057320301463, 0.7108057320301463, 0.7108057320301463, 0.7108057320301463, 0.7108057320301463, 0.7108057320301463, 0.7108057320301463, 0.7108057320301463, 0.7108057320301463, 0.7108057320301463, 0.7108057320301463, 0.7108057320301463, 0.7108057320301463, 0.7108057320301463, 0.7108057320301463, 0.7108057320301463, 0.7108057320301463, 0.7108057320301463, 0.7108057320301463, 0.7108057320301463, 0.7108057320301463, 0.7108057320301463, 0.7108057320301463, 0.7108057320301463, 0.7108057320301463, 0.5667295763556344, 0.5667295763556344, 0.5667295763556344, 0.5667295763556344, 0.5667295763556344, 0.5667295763556344, 0.5667295763556344, 0.4836911257470984, 0.4836911257470984, 0.4836911257470984, 0.4836911257470984, 0.4836911257470984, 0.4836911257470984, 0.4836911257470984, 0.4836911257470984, 0.4836911257470984, 0.4836911257470984, 0.4836911257470984, 0.4836911257470984, 0.4836911257470984, 0.4836911257470984, 0.4836911257470984, 0.4836911257470984, 0.4836911257470984, 0.4836911257470984, 0.4836911257470984, 0.4836911257470984, 0.4836911257470984, 0.4836911257470984, 0.4836911257470984, 0.4836911257470984, 0.4836911257470984, 0.4836911257470984, 0.4836911257470984, 0.4836911257470984, 0.4836911257470984, 0.4393161537608139, 0.4393161537608139, 0.4393161537608139, 0.4393161537608139, 0.4393161537608139, 0.4393161537608139, 0.4393161537608139, 0.4393161537608139, 0.4393161537608139, 0.4393161537608139, 0.4393161537608139, 0.4393161537608139, 0.4393161537608139, 0.4393161537608139, 0.4393161537608139, 0.4393161537608139, 0.4393161537608139, 0.4393161537608139, 0.4393161537608139, 0.4393161537608139, 0.4393161537608139, 0.4393161537608139, 0.4393161537608139, 0.4393161537608139, 0.4393161537608139, 0.28131228817384324, 0.28131228817384324, 0.28131228817384324, 0.28131228817384324, 0.28131228817384324, 0.28131228817384324, 0.28131228817384324, 0.28131228817384324, 0.28131228817384324, 0.28131228817384324, 0.28131228817384324, 0.28131228817384324, 0.28131228817384324, 0.28131228817384324, 0.28131228817384324, 0.28131228817384324, 0.28131228817384324, 0.28131228817384324, 0.28131228817384324, 0.28131228817384324, 0.28131228817384324, 0.28131228817384324, 0.28131228817384324, 0.28131228817384324, 0.28131228817384324, 0.28131228817384324, 0.28131228817384324, 0.28131228817384324, 0.28131228817384324, 0.28131228817384324, 0.28131228817384324, 0.28131228817384324, 0.28131228817384324, 0.28131228817384324, 0.28131228817384324, 0.28131228817384324, 0.28131228817384324, 0.28131228817384324]","{""elitism_fraction"": 0.2, ""max_iterations"": 140, ""mutation_fraction"": 0.1, ""population_size"": 50}"
griewank,Griewank,97,1433,ea,Algoritmo evolutivo,3,"[-600.0, 600.0]","[0.0, 0.0, 0.0]","[-6.272539849727991, -8.995951606732888, 0.8531751675475334]",0.1518574793801618,10.999991333797743,140,7050,"[22.74825157437965, 6.241094673490051, 6.241094673490051, 6.241094673490051, 6.241094673490051, 4.497116622334123, 4.027760324967451, 4.027760324967451, 3.493673947073701, 3.493673947073701, 3.042021453134089, 3.042021453134089, 3.042021453134089, 3.042021453134089, 2.411976186702765, 2.411976186702765, 2.411976186702765, 1.73934307184033, 1.73934307184033, 1.73934307184033, 1.73934307184033, 1.73934307184033, 0.8005152083254868, 0.8005152083254868, 0.8005152083254868, 0.8005152083254868, 0.8005152083254868, 0.8005152083254868, 0.8005152083254868, 0.8005152083254868, 0.8005152083254868, 0.8005152083254868, 0.8005152083254868, 0.8005152083254868, 0.8005152083254868, 0.8005152083254868, 0.8005152083254868, 0.8005152083254868, 0.8005152083254868, 0.8005152083254868, 0.8005152083254868, 0.8005152083254868, 0.8005152083254868, 0.8005152083254868, 0.15913927427909536, 0.15913927427909536, 0.15913927427909536, 0.15913927427909536, 0.15913927427909536, 0.15913927427909536, 0.15913927427909536, 0.15913927427909536, 0.15913927427909536, 0.15913927427909536, 0.15913927427909536, 0.15913927427909536, 0.15913927427909536, 0.15913927427909536, 0.15913927427909536, 0.15913927427909536, 0.15913927427909536, 0.15913927427909536, 0.15913927427909536, 0.15913927427909536, 0.15913927427909536, 0.15913927427909536, 0.15913927427909536, 0.15913927427909536, 0.15913927427909536, 0.15913927427909536, 0.15913927427909536, 0.15913927427909536, 0.15913927427909536, 0.15913927427909536, 0.15913927427909536, 0.15913927427909536, 0.15913927427909536, 0.15913927427909536, 0.15913927427909536, 0.15913927427909536, 0.15913927427909536, 0.15913927427909536, 0.15913927427909536, 0.15913927427909536, 0.15913927427909536, 0.15913927427909536, 0.15913927427909536, 0.15913927427909536, 0.15913927427909536, 0.15913927427909536, 0.15913927427909536, 0.15913927427909536, 0.15913927427909536, 0.15913927427909536, 0.15913927427909536, 0.15913927427909536, 0.15913927427909536, 0.15913927427909536, 0.15913927427909536, 0.15913927427909536, 0.15913927427909536, 0.15913927427909536, 0.15913927427909536, 0.15913927427909536, 0.15913927427909536, 0.15913927427909536, 0.15913927427909536, 0.15913927427909536, 0.15913927427909536, 0.15913927427909536, 0.15913927427909536, 0.15913927427909536, 0.15913927427909536, 0.15913927427909536, 0.15913927427909536, 0.15913927427909536, 0.15913927427909536, 0.15913927427909536, 0.15913927427909536, 0.15913927427909536, 0.15913927427909536, 0.15913927427909536, 0.15913927427909536, 0.15913927427909536, 0.15913927427909536, 0.15913927427909536, 0.15913927427909536, 0.15913927427909536, 0.15913927427909536, 0.1518574793801618, 0.1518574793801618, 0.1518574793801618, 0.1518574793801618, 0.1518574793801618, 0.1518574793801618, 0.1518574793801618, 0.1518574793801618, 0.1518574793801618, 0.1518574793801618, 0.1518574793801618, 0.1518574793801618]","{""elitism_fraction"": 0.2, ""max_iterations"": 140, ""mutation_fraction"": 0.1, ""population_size"": 50}"
griewank,Griewank,98,1434,ea,Algoritmo evolutivo,3,"[-600.0, 600.0]","[0.0, 0.0, 0.0]","[-6.365214746064794, -4.678401235955789, -5.288958799190368]",0.043549398436153686,9.506654620193508,140,7050,"[5.752338495072231, 5.752338495072231, 5.752338495072231, 2.358665006457489, 2.358665006457489, 2.358665006457489, 2.358665006457489, 1.6673503522095188, 1.6673503522095188, 1.3016244182425376, 1.3016244182425376, 0.7298244877562228, 0.7298244877562228, 0.7298244877562228, 0.7298244877562228, 0.7298244877562228, 0.6658541860910856, 0.6658541860910856, 0.6658541860910856, 0.6658541860910856, 0.6658541860910856, 0.6658541860910856, 0.5087031577376738, 0.5087031577376738, 0.5087031577376738, 0.5087031577376738, 0.5087031577376738, 0.5087031577376738, 0.5087031577376738, 0.188080394061105, 0.188080394061105, 0.188080394061105, 0.188080394061105, 0.188080394061105, 0.188080394061105, 0.188080394061105, 0.188080394061105, 0.188080394061105, 0.188080394061105, 0.188080394061105, 0.188080394061105, 0.188080394061105, 0.188080394061105, 0.188080394061105, 0.188080394061105, 0.188080394061105, 0.188080394061105, 0.188080394061105, 0.188080394061105, 0.188080394061105, 0.188080394061105, 0.188080394061105, 0.188080394061105, 0.188080394061105, 0.188080394061105, 0.188080394061105, 0.188080394061105, 0.188080394061105, 0.188080394061105, 0.188080394061105, 0.188080394061105, 0.188080394061105, 0.188080394061105, 0.188080394061105, 0.188080394061105, 0.188080394061105, 0.188080394061105, 0.188080394061105, 0.188080394061105, 0.188080394061105, 0.188080394061105, 0.188080394061105, 0.188080394061105, 0.188080394061105, 0.188080394061105, 0.188080394061105, 0.188080394061105, 0.188080394061105, 0.188080394061105, 0.188080394061105, 0.188080394061105, 0.188080394061105, 0.1208597069425974, 0.1208597069425974, 0.1208597069425974, 0.1208597069425974, 0.1208597069425974, 0.1208597069425974, 0.1208597069425974, 0.1208597069425974, 0.1208597069425974, 0.1208597069425974, 0.1208597069425974, 0.1208597069425974, 0.1208597069425974, 0.1208597069425974, 0.1208597069425974, 0.1208597069425974, 0.1208597069425974, 0.1208597069425974, 0.1208597069425974, 0.1208597069425974, 0.1208597069425974, 0.1208597069425974, 0.1208597069425974, 0.1208597069425974, 0.1208597069425974, 0.1208597069425974, 0.1208597069425974, 0.0504741436504631, 0.0504741436504631, 0.0504741436504631, 0.0504741436504631, 0.0504741436504631, 0.0504741436504631, 0.0504741436504631, 0.0504741436504631, 0.0504741436504631, 0.0504741436504631, 0.0504741436504631, 0.0504741436504631, 0.043549398436153686, 0.043549398436153686, 0.043549398436153686, 0.043549398436153686, 0.043549398436153686, 0.043549398436153686, 0.043549398436153686, 0.043549398436153686, 0.043549398436153686, 0.043549398436153686, 0.043549398436153686, 0.043549398436153686, 0.043549398436153686, 0.043549398436153686, 0.043549398436153686, 0.043549398436153686, 0.043549398436153686, 0.043549398436153686, 0.043549398436153686, 0.043549398436153686]","{""elitism_fraction"": 0.2, ""max_iterations"": 140, ""mutation_fraction"": 0.1, ""population_size"": 50}"
griewank,Griewank,99,1435,ea,Algoritmo evolutivo,3,"[-600.0, 600.0]","[0.0, 0.0, 0.0]","[-12.775813753021225, -22.206797197327774, 5.561018056624562]",0.1960211342000966,26.21618165639755,140,7050,"[4.1832375654406775, 4.1832375654406775, 4.1832375654406775, 3.3527117241385156, 3.3527117241385156, 3.3527117241385156, 2.832303366236333, 2.7321386485105013, 2.228798259629948, 1.8593000453479775, 1.7203248449269086, 1.5361140532476332, 1.4889315504943348, 1.4889315504943348, 1.4123627729350663, 1.4123627729350663, 1.4123627729350663, 1.4123627729350663, 1.4123627729350663, 1.4123627729350663, 1.4123627729350663, 1.4123627729350663, 1.2493638215901215, 1.2493638215901215, 1.2493638215901215, 1.2493638215901215, 1.2493638215901215, 1.2493638215901215, 1.2493638215901215, 1.0395188807585583, 0.9989098497373272, 0.9989098497373272, 0.9989098497373272, 0.8864936148787134, 0.8864936148787134, 0.7540459656460843, 0.7540459656460843, 0.7540459656460843, 0.7540459656460843, 0.7540459656460843, 0.564619011738368, 0.564619011738368, 0.564619011738368, 0.3261329063929169, 0.3261329063929169, 0.3261329063929169, 0.3261329063929169, 0.3261329063929169, 0.3261329063929169, 0.3261329063929169, 0.1960211342000966, 0.1960211342000966, 0.1960211342000966, 0.1960211342000966, 0.1960211342000966, 0.1960211342000966, 0.1960211342000966, 0.1960211342000966, 0.1960211342000966, 0.1960211342000966, 0.1960211342000966, 0.1960211342000966, 0.1960211342000966, 0.1960211342000966, 0.1960211342000966, 0.1960211342000966, 0.1960211342000966, 0.1960211342000966, 0.1960211342000966, 0.1960211342000966, 0.1960211342000966, 0.1960211342000966, 0.1960211342000966, 0.1960211342000966, 0.1960211342000966, 0.1960211342000966, 0.1960211342000966, 0.1960211342000966, 0.1960211342000966, 0.1960211342000966, 0.1960211342000966, 0.1960211342000966, 0.1960211342000966, 0.1960211342000966, 0.1960211342000966, 0.1960211342000966, 0.1960211342000966, 0.1960211342000966, 0.1960211342000966, 0.1960211342000966, 0.1960211342000966, 0.1960211342000966, 0.1960211342000966, 0.1960211342000966, 0.1960211342000966, 0.1960211342000966, 0.1960211342000966, 0.1960211342000966, 0.1960211342000966, 0.1960211342000966, 0.1960211342000966, 0.1960211342000966, 0.1960211342000966, 0.1960211342000966, 0.1960211342000966, 0.1960211342000966, 0.1960211342000966, 0.1960211342000966, 0.1960211342000966, 0.1960211342000966, 0.1960211342000966, 0.1960211342000966, 0.1960211342000966, 0.1960211342000966, 0.1960211342000966, 0.1960211342000966, 0.1960211342000966, 0.1960211342000966, 0.1960211342000966, 0.1960211342000966, 0.1960211342000966, 0.1960211342000966, 0.1960211342000966, 0.1960211342000966, 0.1960211342000966, 0.1960211342000966, 0.1960211342000966, 0.1960211342000966, 0.1960211342000966, 0.1960211342000966, 0.1960211342000966, 0.1960211342000966, 0.1960211342000966, 0.1960211342000966, 0.1960211342000966, 0.1960211342000966, 0.1960211342000966, 0.1960211342000966, 0.1960211342000966, 0.1960211342000966, 0.1960211342000966]","{""elitism_fraction"": 0.2, ""max_iterations"": 140, ""mutation_fraction"": 0.1, ""population_size"": 50}"
griewank,Griewank,100,1466,ea,Algoritmo evolutivo,3,"[-600.0, 600.0]","[0.0, 0.0, 0.0]","[-31.280553101789337, 7.738977475234378, -21.557082604109155]",0.6981652082872954,38.76948007281543,140,7050,"[4.816564115292351, 4.816564115292351, 4.816564115292351, 4.816564115292351, 4.816564115292351, 3.344566379879133, 3.344566379879133, 1.6777354225371415, 0.9793675442766173, 0.9793675442766173, 0.9793675442766173, 0.9793675442766173, 0.9793675442766173, 0.9793675442766173, 0.9793675442766173, 0.9793675442766173, 0.9793675442766173, 0.9793675442766173, 0.9793675442766173, 0.9793675442766173, 0.9793675442766173, 0.9793675442766173, 0.9793675442766173, 0.9793675442766173, 0.9793675442766173, 0.9793675442766173, 0.9793675442766173, 0.9793675442766173, 0.9793675442766173, 0.9793675442766173, 0.9793675442766173, 0.9793675442766173, 0.9793675442766173, 0.9793675442766173, 0.9793675442766173, 0.9793675442766173, 0.9793675442766173, 0.9793675442766173, 0.9793675442766173, 0.9793675442766173, 0.9793675442766173, 0.9793675442766173, 0.9793675442766173, 0.9793675442766173, 0.9793675442766173, 0.9793675442766173, 0.9793675442766173, 0.9793675442766173, 0.9793675442766173, 0.9793675442766173, 0.9793675442766173, 0.9793675442766173, 0.9793675442766173, 0.9793675442766173, 0.9793675442766173, 0.9793675442766173, 0.9793675442766173, 0.9793675442766173, 0.9793675442766173, 0.9793675442766173, 0.9793675442766173, 0.9793675442766173, 0.9793675442766173, 0.9793675442766173, 0.9793675442766173, 0.9793675442766173, 0.9793675442766173, 0.9793675442766173, 0.9793675442766173, 0.8509512375022594, 0.8509512375022594, 0.8509512375022594, 0.8509512375022594, 0.8509512375022594, 0.8509512375022594, 0.8509512375022594, 0.8509512375022594, 0.8509512375022594, 0.8509512375022594, 0.8509512375022594, 0.8509512375022594, 0.8509512375022594, 0.8509512375022594, 0.8509512375022594, 0.8509512375022594, 0.8509512375022594, 0.8509512375022594, 0.8379948645346272, 0.8379948645346272, 0.8379948645346272, 0.8379948645346272, 0.8379948645346272, 0.8379948645346272, 0.8379948645346272, 0.8379948645346272, 0.8379948645346272, 0.8379948645346272, 0.8379948645346272, 0.8379948645346272, 0.8379948645346272, 0.8379948645346272, 0.8379948645346272, 0.8379948645346272, 0.8379948645346272, 0.8379948645346272, 0.8379948645346272, 0.8379948645346272, 0.8379948645346272, 0.8379948645346272, 0.8379948645346272, 0.8379948645346272, 0.8379948645346272, 0.8379948645346272, 0.8379948645346272, 0.8379948645346272, 0.8379948645346272, 0.8379948645346272, 0.8379948645346272, 0.8379948645346272, 0.8379948645346272, 0.8379948645346272, 0.8379948645346272, 0.8379948645346272, 0.8379948645346272, 0.8379948645346272, 0.8379948645346272, 0.8379948645346272, 0.7859383532593492, 0.7859383532593492, 0.7859383532593492, 0.7859383532593492, 0.7859383532593492, 0.7859383532593492, 0.7859383532593492, 0.7859383532593492, 0.6981652082872954, 0.6981652082872954, 0.6981652082872954, 0.6981652082872954, 0.6981652082872954, 0.6981652082872954]","{""elitism_fraction"": 0.2, ""max_iterations"": 140, ""mutation_fraction"": 0.1, ""population_size"": 50}"
