funcion,nombre_funcion,corrida,semilla,metodo,dimension,limites,posicion_inicial,posicion_final,valor_final,iteraciones,evaluaciones,parametros
six_hump_camel,Six-Hump Camel,1,2647,gradient,2,"[-2.0, 2.0]","[-1.1846054142076206, -1.35252529413575]","[0.08971423860873064, -0.7126417028675763]",-1.0316283899468535,1356,1358,"{""max_iterations"": 5000, ""rate"": 0.001, ""tolerance"": 1e-06}"
six_hump_camel,Six-Hump Camel,2,2648,gradient,2,"[-2.0, 2.0]","[0.5273504804898881, 0.7614250466063859]","[-0.08971466883294667, 0.7126417539186748]",-1.0316283903742194,1102,1104,"{""max_iterations"": 5000, ""rate"": 0.001, ""tolerance"": 1e-06}"
six_hump_camel,Six-Hump Camel,3,2649,gradient,2,"[-2.0, 2.0]","[0.9151484904328613, 1.402965465856775]","[-0.08971399345679947, 0.7126416758491387]",-1.0316283897029197,1205,1207,"{""max_iterations"": 5000, ""rate"": 0.001, ""tolerance"": 1e-06}"
six_hump_camel,Six-Hump Camel,4,2650,gradient,2,"[-2.0, 2.0]","[1.6028184764949152, 0.18824317096654974]","[1.7035719169832968, -0.796049626208283]",-0.21546380109033414,883,885,"{""max_iterations"": 5000, ""rate"": 0.001, ""tolerance"": 1e-06}"
six_hump_camel,Six-Hump Camel,5,2651,gradient,2,"[-2.0, 2.0]","[-0.9792819893144786, -1.7114833695224947]","[0.08971400824069656, -0.7126416773043309]",-1.0316283897176237,1227,1229,"{""max_iterations"": 5000, ""rate"": 0.001, ""tolerance"": 1e-06}"
six_hump_camel,Six-Hump Camel,6,2652,gradient,2,"[-2.0, 2.0]","[-1.5463668218600861, -1.2979413642724782]","[-1.6070494111605682, -0.5687784281028078]",2.104250378666193,1024,1026,"{""max_iterations"": 5000, ""rate"": 0.001, ""tolerance"": 1e-06}"
six_hump_camel,Six-Hump Camel,7,2653,gradient,2,"[-2.0, 2.0]","[-0.2360540634497128, 1.9291076343659506]","[-0.0899701222687879, 0.7126711595801694]",-1.031628389614589,958,960,"{""max_iterations"": 5000, ""rate"": 0.001, ""tolerance"": 1e-06}"
six_hump_camel,Six-Hump Camel,8,2654,gradient,2,"[-2.0, 2.0]","[0.7456780165064472, -0.671259426614975]","[0.08996990958430919, -0.7126711032865394]",-1.0316283898300966,1180,1182,"{""max_iterations"": 5000, ""rate"": 0.001, ""tolerance"": 1e-06}"
six_hump_camel,Six-Hump Camel,9,2655,gradient,2,"[-2.0, 2.0]","[-1.9349854530188986, 1.1945856587087325]","[-1.7036531007701692, 0.7961060699222267]",-0.21546379920728442,431,433,"{""max_iterations"": 5000, ""rate"": 0.001, ""tolerance"": 1e-06}"
six_hump_camel,Six-Hump Camel,10,2695,gradient,2,"[-2.0, 2.0]","[1.404723395893166, 0.5254219139940179]","[1.6070260764041497, 0.5687609251877019]",2.1042503765502842,1015,1017,"{""max_iterations"": 5000, ""rate"": 0.001, ""tolerance"": 1e-06}"
six_hump_camel,Six-Hump Camel,11,2696,gradient,2,"[-2.0, 2.0]","[-1.2438912244928164, 0.9675066512428301]","[-1.7035560031436554, 0.7960720882590063]",-0.21546379893807188,627,629,"{""max_iterations"": 5000, ""rate"": 0.001, ""tolerance"": 1e-06}"
six_hump_camel,Six-Hump Camel,12,2697,gradient,2,"[-2.0, 2.0]","[0.6261544902300451, 1.4385045167388952]","[-0.08971435973824057, 0.7126417207116683]",-1.0316283900677157,1120,1122,"{""max_iterations"": 5000, ""rate"": 0.001, ""tolerance"": 1e-06}"
six_hump_camel,Six-Hump Camel,13,2698,gradient,2,"[-2.0, 2.0]","[0.4744440302041921, 1.6464486255610984]","[-0.08971421411529279, 0.7126417076400368]",-1.0316283899233465,1076,1078,"{""max_iterations"": 5000, ""rate"": 0.001, ""tolerance"": 1e-06}"
six_hump_camel,Six-Hump Camel,14,2699,gradient,2,"[-2.0, 2.0]","[-0.946510938573089, -0.7461331927418771]","[0.08971458238197773, -0.7126417426107883]",-1.0316283902883403,1225,1227,"{""max_iterations"": 5000, ""rate"": 0.001, ""tolerance"": 1e-06}"
six_hump_camel,Six-Hump Camel,15,2700,gradient,2,"[-2.0, 2.0]","[1.828994075287861, -0.7163009008463672]","[1.7036563242289608, -0.7960791216575219]",-0.21546380044236246,381,383,"{""max_iterations"": 5000, ""rate"": 0.001, ""tolerance"": 1e-06}"
six_hump_camel,Six-Hump Camel,16,2701,gradient,2,"[-2.0, 2.0]","[1.9555036295291344, -0.6818114653593321]","[1.7036573265710175, -0.7960810901279451]",-0.2154637997311285,403,405,"{""max_iterations"": 5000, ""rate"": 0.001, ""tolerance"": 1e-06}"
six_hump_camel,Six-Hump Camel,17,2702,gradient,2,"[-2.0, 2.0]","[-0.926344878501165, 0.8230801962587462]","[-0.08996977687319939, 0.7126710882092717]",-1.0316283899621193,1286,1288,"{""max_iterations"": 5000, ""rate"": 0.001, ""tolerance"": 1e-06}"
six_hump_camel,Six-Hump Camel,18,2703,gradient,2,"[-2.0, 2.0]","[0.6353276696305166, 0.9914794463891936]","[-0.08971375423521327, 0.7126416496797052]",-1.0316283894644585,1126,1128,"{""max_iterations"": 5000, ""rate"": 0.001, ""tolerance"": 1e-06}"
six_hump_camel,Six-Hump Camel,19,2704,gradient,2,"[-2.0, 2.0]","[-0.4461971989439033, 0.05213708277286955]","[-0.08971495670877948, 0.7126387021431919]",-1.0316283902348387,969,971,"{""max_iterations"": 5000, ""rate"": 0.001, ""tolerance"": 1e-06}"
six_hump_camel,Six-Hump Camel,20,2696,gradient,2,"[-2.0, 2.0]","[-1.2438912244928164, 0.9675066512428301]","[-1.7035560031436554, 0.7960720882590063]",-0.21546379893807188,627,629,"{""max_iterations"": 5000, ""rate"": 0.001, ""tolerance"": 1e-06}"
six_hump_camel,Six-Hump Camel,21,2697,gradient,2,"[-2.0, 2.0]","[0.6261544902300451, 1.4385045167388952]","[-0.08971435973824057, 0.7126417207116683]",-1.0316283900677157,1120,1122,"{""max_iterations"": 5000, ""rate"": 0.001, ""tolerance"": 1e-06}"
six_hump_camel,Six-Hump Camel,22,2698,gradient,2,"[-2.0, 2.0]","[0.4744440302041921, 1.6464486255610984]","[-0.08971421411529279, 0.7126417076400368]",-1.0316283899233465,1076,1078,"{""max_iterations"": 5000, ""rate"": 0.001, ""tolerance"": 1e-06}"
six_hump_camel,Six-Hump Camel,23,2699,gradient,2,"[-2.0, 2.0]","[-0.946510938573089, -0.7461331927418771]","[0.08971458238197773, -0.7126417426107883]",-1.0316283902883403,1225,1227,"{""max_iterations"": 5000, ""rate"": 0.001, ""tolerance"": 1e-06}"
six_hump_camel,Six-Hump Camel,24,2700,gradient,2,"[-2.0, 2.0]","[1.828994075287861, -0.7163009008463672]","[1.7036563242289608, -0.7960791216575219]",-0.21546380044236246,381,383,"{""max_iterations"": 5000, ""rate"": 0.001, ""tolerance"": 1e-06}"
six_hump_camel,Six-Hump Camel,25,2701,gradient,2,"[-2.0, 2.0]","[1.9555036295291344, -0.6818114653593321]","[1.7036573265710175, -0.7960810901279451]",-0.2154637997311285,403,405,"{""max_iterations"": 5000, ""rate"": 0.001, ""tolerance"": 1e-06}"
six_hump_camel,Six-Hump Camel,26,2702,gradient,2,"[-2.0, 2.0]","[-0.926344878501165, 0.8230801962587462]","[-0.08996977687319939, 0.7126710882092717]",-1.0316283899621193,1286,1288,"{""max_iterations"": 5000, ""rate"": 0.001, ""tolerance"": 1e-06}"
six_hump_camel,Six-Hump Camel,27,2703,gradient,2,"[-2.0, 2.0]","[0.6353276696305166, 0.9914794463891936]","[-0.08971375423521327, 0.7126416496797052]",-1.0316283894644585,1126,1128,"{""max_iterations"": 5000, ""rate"": 0.001, ""tolerance"": 1e-06}"
six_hump_camel,Six-Hump Camel,28,2704,gradient,2,"[-2.0, 2.0]","[-0.4461971989439033, 0.05213708277286955]","[-0.08971495670877948, 0.7126387021431919]",-1.0316283902348387,969,971,"{""max_iterations"": 5000, ""rate"": 0.001, ""tolerance"": 1e-06}"
six_hump_camel,Six-Hump Camel,29,2705,gradient,2,"[-2.0, 2.0]","[1.4051713495268485, 0.41743299549155477]","[1.6070353697470021, 0.5685744309617361]",2.1042503611172156,896,898,"{""max_iterations"": 5000, ""rate"": 0.001, ""tolerance"": 1e-06}"
six_hump_camel,Six-Hump Camel,30,2697,gradient,2,"[-2.0, 2.0]","[0.6261544902300451, 1.4385045167388952]","[-0.08971435973824057, 0.7126417207116683]",-1.0316283900677157,1120,1122,"{""max_iterations"": 5000, ""rate"": 0.001, ""tolerance"": 1e-06}"
six_hump_camel,Six-Hump Camel,31,2698,gradient,2,"[-2.0, 2.0]","[0.4744440302041921, 1.6464486255610984]","[-0.08971421411529279, 0.7126417076400368]",-1.0316283899233465,1076,1078,"{""max_iterations"": 5000, ""rate"": 0.001, ""tolerance"": 1e-06}"
six_hump_camel,Six-Hump Camel,32,2699,gradient,2,"[-2.0, 2.0]","[-0.946510938573089, -0.7461331927418771]","[0.08971458238197773, -0.7126417426107883]",-1.0316283902883403,1225,1227,"{""max_iterations"": 5000, ""rate"": 0.001, ""tolerance"": 1e-06}"
six_hump_camel,Six-Hump Camel,33,2700,gradient,2,"[-2.0, 2.0]","[1.828994075287861, -0.7163009008463672]","[1.7036563242289608, -0.7960791216575219]",-0.21546380044236246,381,383,"{""max_iterations"": 5000, ""rate"": 0.001, ""tolerance"": 1e-06}"
six_hump_camel,Six-Hump Camel,34,2701,gradient,2,"[-2.0, 2.0]","[1.9555036295291344, -0.6818114653593321]","[1.7036573265710175, -0.7960810901279451]",-0.2154637997311285,403,405,"{""max_iterations"": 5000, ""rate"": 0.001, ""tolerance"": 1e-06}"
six_hump_camel,Six-Hump Camel,35,2702,gradient,2,"[-2.0, 2.0]","[-0.926344878501165, 0.8230801962587462]","[-0.08996977687319939, 0.7126710882092717]",-1.0316283899621193,1286,1288,"{""max_iterations"": 5000, ""rate"": 0.001, ""tolerance"": 1e-06}"
six_hump_camel,Six-Hump Camel,36,2703,gradient,2,"[-2.0, 2.0]","[0.6353276696305166, 0.9914794463891936]","[-0.08971375423521327, 0.7126416496797052]",-1.0316283894644585,1126,1128,"{""max_iterations"": 5000, ""rate"": 0.001, ""tolerance"": 1e-06}"
six_hump_camel,Six-Hump Camel,37,2704,gradient,2,"[-2.0, 2.0]","[-0.4461971989439033, 0.05213708277286955]","[-0.08971495670877948, 0.7126387021431919]",-1.0316283902348387,969,971,"{""max_iterations"": 5000, ""rate"": 0.001, ""tolerance"": 1e-06}"
six_hump_camel,Six-Hump Camel,38,2705,gradient,2,"[-2.0, 2.0]","[1.4051713495268485, 0.41743299549155477]","[1.6070353697470021, 0.5685744309617361]",2.1042503611172156,896,898,"{""max_iterations"": 5000, ""rate"": 0.001, ""tolerance"": 1e-06}"
six_hump_camel,Six-Hump Camel,39,2706,gradient,2,"[-2.0, 2.0]","[-0.1850080708359152, -0.3418846393890824]","[0.08971462230192827, -0.7126416919067848]",-1.0316283903216792,1027,1029,"{""max_iterations"": 5000, ""rate"": 0.001, ""tolerance"": 1e-06}"
six_hump_camel,Six-Hump Camel,40,2698,gradient,2,"[-2.0, 2.0]","[0.4744440302041921, 1.6464486255610984]","[-0.08971421411529279, 0.7126417076400368]",-1.0316283899233465,1076,1078,"{""max_iterations"": 5000, ""rate"": 0.001, ""tolerance"": 1e-06}"
six_hump_camel,Six-Hump Camel,41,2699,gradient,2,"[-2.0, 2.0]","[-0.946510938573089, -0.7461331927418771]","[0.08971458238197773, -0.7126417426107883]",-1.0316283902883403,1225,1227,"{""max_iterations"": 5000, ""rate"": 0.001, ""tolerance"": 1e-06}"
six_hump_camel,Six-Hump Camel,42,2700,gradient,2,"[-2.0, 2.0]","[1.828994075287861, -0.7163009008463672]","[1.7036563242289608, -0.7960791216575219]",-0.21546380044236246,381,383,"{""max_iterations"": 5000, ""rate"": 0.001, ""tolerance"": 1e-06}"
six_hump_camel,Six-Hump Camel,43,2701,gradient,2,"[-2.0, 2.0]","[1.9555036295291344, -0.6818114653593321]","[1.7036573265710175, -0.7960810901279451]",-0.2154637997311285,403,405,"{""max_iterations"": 5000, ""rate"": 0.001, ""tolerance"": 1e-06}"
six_hump_camel,Six-Hump Camel,44,2702,gradient,2,"[-2.0, 2.0]","[-0.926344878501165, 0.8230801962587462]","[-0.08996977687319939, 0.7126710882092717]",-1.0316283899621193,1286,1288,"{""max_iterations"": 5000, ""rate"": 0.001, ""tolerance"": 1e-06}"
six_hump_camel,Six-Hump Camel,45,2703,gradient,2,"[-2.0, 2.0]","[0.6353276696305166, 0.9914794463891936]","[-0.08971375423521327, 0.7126416496797052]",-1.0316283894644585,1126,1128,"{""max_iterations"": 5000, ""rate"": 0.001, ""tolerance"": 1e-06}"
six_hump_camel,Six-Hump Camel,46,2704,gradient,2,"[-2.0, 2.0]","[-0.4461971989439033, 0.05213708277286955]","[-0.08971495670877948, 0.7126387021431919]",-1.0316283902348387,969,971,"{""max_iterations"": 5000, ""rate"": 0.001, ""tolerance"": 1e-06}"
six_hump_camel,Six-Hump Camel,47,2705,gradient,2,"[-2.0, 2.0]","[1.4051713495268485, 0.41743299549155477]","[1.6070353697470021, 0.5685744309617361]",2.1042503611172156,896,898,"{""max_iterations"": 5000, ""rate"": 0.001, ""tolerance"": 1e-06}"
six_hump_camel,Six-Hump Camel,48,2706,gradient,2,"[-2.0, 2.0]","[-0.1850080708359152, -0.3418846393890824]","[0.08971462230192827, -0.7126416919067848]",-1.0316283903216792,1027,1029,"{""max_iterations"": 5000, ""rate"": 0.001, ""tolerance"": 1e-06}"
six_hump_camel,Six-Hump Camel,49,2707,gradient,2,"[-2.0, 2.0]","[0.6534787438041723, 0.8792450506476635]","[-0.08971424398954304, 0.7126417053094333]",-1.031628389952411,1133,1135,"{""max_iterations"": 5000, ""rate"": 0.001, ""tolerance"": 1e-06}"
six_hump_camel,Six-Hump Camel,50,2699,gradient,2,"[-2.0, 2.0]","[-0.946510938573089, -0.7461331927418771]","[0.08971458238197773, -0.7126417426107883]",-1.0316283902883403,1225,1227,"{""max_iterations"": 5000, ""rate"": 0.001, ""tolerance"": 1e-06}"
six_hump_camel,Six-Hump Camel,51,2700,gradient,2,"[-2.0, 2.0]","[1.828994075287861, -0.7163009008463672]","[1.7036563242289608, -0.7960791216575219]",-0.21546380044236246,381,383,"{""max_iterations"": 5000, ""rate"": 0.001, ""tolerance"": 1e-06}"
six_hump_camel,Six-Hump Camel,52,2701,gradient,2,"[-2.0, 2.0]","[1.9555036295291344, -0.6818114653593321]","[1.7036573265710175, -0.7960810901279451]",-0.2154637997311285,403,405,"{""max_iterations"": 5000, ""rate"": 0.001, ""tolerance"": 1e-06}"
six_hump_camel,Six-Hump Camel,53,2702,gradient,2,"[-2.0, 2.0]","[-0.926344878501165, 0.8230801962587462]","[-0.08996977687319939, 0.7126710882092717]",-1.0316283899621193,1286,1288,"{""max_iterations"": 5000, ""rate"": 0.001, ""tolerance"": 1e-06}"
six_hump_camel,Six-Hump Camel,54,2703,gradient,2,"[-2.0, 2.0]","[0.6353276696305166, 0.9914794463891936]","[-0.08971375423521327, 0.7126416496797052]",-1.0316283894644585,1126,1128,"{""max_iterations"": 5000, ""rate"": 0.001, ""tolerance"": 1e-06}"
six_hump_camel,Six-Hump Camel,55,2704,gradient,2,"[-2.0, 2.0]","[-0.4461971989439033, 0.05213708277286955]","[-0.08971495670877948, 0.7126387021431919]",-1.0316283902348387,969,971,"{""max_iterations"": 5000, ""rate"": 0.001, ""tolerance"": 1e-06}"
six_hump_camel,Six-Hump Camel,56,2705,gradient,2,"[-2.0, 2.0]","[1.4051713495268485, 0.41743299549155477]","[1.6070353697470021, 0.5685744309617361]",2.1042503611172156,896,898,"{""max_iterations"": 5000, ""rate"": 0.001, ""tolerance"": 1e-06}"
six_hump_camel,Six-Hump Camel,57,2706,gradient,2,"[-2.0, 2.0]","[-0.1850080708359152, -0.3418846393890824]","[0.08971462230192827, -0.7126416919067848]",-1.0316283903216792,1027,1029,"{""max_iterations"": 5000, ""rate"": 0.001, ""tolerance"": 1e-06}"
six_hump_camel,Six-Hump Camel,58,2707,gradient,2,"[-2.0, 2.0]","[0.6534787438041723, 0.8792450506476635]","[-0.08971424398954304, 0.7126417053094333]",-1.031628389952411,1133,1135,"{""max_iterations"": 5000, ""rate"": 0.001, ""tolerance"": 1e-06}"
six_hump_camel,Six-Hump Camel,59,2708,gradient,2,"[-2.0, 2.0]","[0.5846272521115603, 1.2588965139860369]","[-0.08971431944703263, 0.7126417162927935]",-1.0316283900276972,1110,1112,"{""max_iterations"": 5000, ""rate"": 0.001, ""tolerance"": 1e-06}"
six_hump_camel,Six-Hump Camel,60,2700,gradient,2,"[-2.0, 2.0]","[1.828994075287861, -0.7163009008463672]","[1.7036563242289608, -0.7960791216575219]",-0.21546380044236246,381,383,"{""max_iterations"": 5000, ""rate"": 0.001, ""tolerance"": 1e-06}"
six_hump_camel,Six-Hump Camel,61,2701,gradient,2,"[-2.0, 2.0]","[1.9555036295291344, -0.6818114653593321]","[1.7036573265710175, -0.7960810901279451]",-0.2154637997311285,403,405,"{""max_iterations"": 5000, ""rate"": 0.001, ""tolerance"": 1e-06}"
six_hump_camel,Six-Hump Camel,62,2702,gradient,2,"[-2.0, 2.0]","[-0.926344878501165, 0.8230801962587462]","[-0.08996977687319939, 0.7126710882092717]",-1.0316283899621193,1286,1288,"{""max_iterations"": 5000, ""rate"": 0.001, ""tolerance"": 1e-06}"
six_hump_camel,Six-Hump Camel,63,2703,gradient,2,"[-2.0, 2.0]","[0.6353276696305166, 0.9914794463891936]","[-0.08971375423521327, 0.7126416496797052]",-1.0316283894644585,1126,1128,"{""max_iterations"": 5000, ""rate"": 0.001, ""tolerance"": 1e-06}"
six_hump_camel,Six-Hump Camel,64,2704,gradient,2,"[-2.0, 2.0]","[-0.4461971989439033, 0.05213708277286955]","[-0.08971495670877948, 0.7126387021431919]",-1.0316283902348387,969,971,"{""max_iterations"": 5000, ""rate"": 0.001, ""tolerance"": 1e-06}"
six_hump_camel,Six-Hump Camel,65,2705,gradient,2,"[-2.0, 2.0]","[1.4051713495268485, 0.41743299549155477]","[1.6070353697470021, 0.5685744309617361]",2.1042503611172156,896,898,"{""max_iterations"": 5000, ""rate"": 0.001, ""tolerance"": 1e-06}"
six_hump_camel,Six-Hump Camel,66,2706,gradient,2,"[-2.0, 2.0]","[-0.1850080708359152, -0.3418846393890824]","[0.08971462230192827, -0.7126416919067848]",-1.0316283903216792,1027,1029,"{""max_iterations"": 5000, ""rate"": 0.001, ""tolerance"": 1e-06}"
six_hump_camel,Six-Hump Camel,67,2707,gradient,2,"[-2.0, 2.0]","[0.6534787438041723, 0.8792450506476635]","[-0.08971424398954304, 0.7126417053094333]",-1.031628389952411,1133,1135,"{""max_iterations"": 5000, ""rate"": 0.001, ""tolerance"": 1e-06}"
six_hump_camel,Six-Hump Camel,68,2708,gradient,2,"[-2.0, 2.0]","[0.5846272521115603, 1.2588965139860369]","[-0.08971431944703263, 0.7126417162927935]",-1.0316283900276972,1110,1112,"{""max_iterations"": 5000, ""rate"": 0.001, ""tolerance"": 1e-06}"
six_hump_camel,Six-Hump Camel,69,2709,gradient,2,"[-2.0, 2.0]","[-1.3387314745718877, -0.7225492252488013]","[-1.6070332137944396, -0.5687686845507772]",2.104250378238386,1273,1275,"{""max_iterations"": 5000, ""rate"": 0.001, ""tolerance"": 1e-06}"
six_hump_camel,Six-Hump Camel,70,2701,gradient,2,"[-2.0, 2.0]","[1.9555036295291344, -0.6818114653593321]","[1.7036573265710175, -0.7960810901279451]",-0.2154637997311285,403,405,"{""max_iterations"": 5000, ""rate"": 0.001, ""tolerance"": 1e-06}"
six_hump_camel,Six-Hump Camel,71,2702,gradient,2,"[-2.0, 2.0]","[-0.926344878501165, 0.8230801962587462]","[-0.08996977687319939, 0.7126710882092717]",-1.0316283899621193,1286,1288,"{""max_iterations"": 5000, ""rate"": 0.001, ""tolerance"": 1e-06}"
six_hump_camel,Six-Hump Camel,72,2703,gradient,2,"[-2.0, 2.0]","[0.6353276696305166, 0.9914794463891936]","[-0.08971375423521327, 0.7126416496797052]",-1.0316283894644585,1126,1128,"{""max_iterations"": 5000, ""rate"": 0.001, ""tolerance"": 1e-06}"
six_hump_camel,Six-Hump Camel,73,2704,gradient,2,"[-2.0, 2.0]","[-0.4461971989439033, 0.05213708277286955]","[-0.08971495670877948, 0.7126387021431919]",-1.0316283902348387,969,971,"{""max_iterations"": 5000, ""rate"": 0.001, ""tolerance"": 1e-06}"
six_hump_camel,Six-Hump Camel,74,2705,gradient,2,"[-2.0, 2.0]","[1.4051713495268485, 0.41743299549155477]","[1.6070353697470021, 0.5685744309617361]",2.1042503611172156,896,898,"{""max_iterations"": 5000, ""rate"": 0.001, ""tolerance"": 1e-06}"
six_hump_camel,Six-Hump Camel,75,2706,gradient,2,"[-2.0, 2.0]","[-0.1850080708359152, -0.3418846393890824]","[0.08971462230192827, -0.7126416919067848]",-1.0316283903216792,1027,1029,"{""max_iterations"": 5000, ""rate"": 0.001, ""tolerance"": 1e-06}"
six_hump_camel,Six-Hump Camel,76,2707,gradient,2,"[-2.0, 2.0]","[0.6534787438041723, 0.8792450506476635]","[-0.08971424398954304, 0.7126417053094333]",-1.031628389952411,1133,1135,"{""max_iterations"": 5000, ""rate"": 0.001, ""tolerance"": 1e-06}"
six_hump_camel,Six-Hump Camel,77,2708,gradient,2,"[-2.0, 2.0]","[0.5846272521115603, 1.2588965139860369]","[-0.08971431944703263, 0.7126417162927935]",-1.0316283900276972,1110,1112,"{""max_iterations"": 5000, ""rate"": 0.001, ""tolerance"": 1e-06}"
six_hump_camel,Six-Hump Camel,78,2709,gradient,2,"[-2.0, 2.0]","[-1.3387314745718877, -0.7225492252488013]","[-1.6070332137944396, -0.5687686845507772]",2.104250378238386,1273,1275,"{""max_iterations"": 5000, ""rate"": 0.001, ""tolerance"": 1e-06}"
six_hump_camel,Six-Hump Camel,79,2710,gradient,2,"[-2.0, 2.0]","[-0.3172936539207316, 1.6840052804320012]","[-0.08997029462645362, 0.7126711604574537]",-1.0316283894447555,1006,1008,"{""max_iterations"": 5000, ""rate"": 0.001, ""tolerance"": 1e-06}"
six_hump_camel,Six-Hump Camel,80,2702,gradient,2,"[-2.0, 2.0]","[-0.926344878501165, 0.8230801962587462]","[-0.08996977687319939, 0.7126710882092717]",-1.0316283899621193,1286,1288,"{""max_iterations"": 5000, ""rate"": 0.001, ""tolerance"": 1e-06}"
six_hump_camel,Six-Hump Camel,81,2703,gradient,2,"[-2.0, 2.0]","[0.6353276696305166, 0.9914794463891936]","[-0.08971375423521327, 0.7126416496797052]",-1.0316283894644585,1126,1128,"{""max_iterations"": 5000, ""rate"": 0.001, ""tolerance"": 1e-06}"
six_hump_camel,Six-Hump Camel,82,2704,gradient,2,"[-2.0, 2.0]","[-0.4461971989439033, 0.05213708277286955]","[-0.08971495670877948, 0.7126387021431919]",-1.0316283902348387,969,971,"{""max_iterations"": 5000, ""rate"": 0.001, ""tolerance"": 1e-06}"
six_hump_camel,Six-Hump Camel,83,2705,gradient,2,"[-2.0, 2.0]","[1.4051713495268485, 0.41743299549155477]","[1.6070353697470021, 0.5685744309617361]",2.1042503611172156,896,898,"{""max_iterations"": 5000, ""rate"": 0.001, ""tolerance"": 1e-06}"
six_hump_camel,Six-Hump Camel,84,2706,gradient,2,"[-2.0, 2.0]","[-0.1850080708359152, -0.3418846393890824]","[0.08971462230192827, -0.7126416919067848]",-1.0316283903216792,1027,1029,"{""max_iterations"": 5000, ""rate"": 0.001, ""tolerance"": 1e-06}"
six_hump_camel,Six-Hump Camel,85,2707,gradient,2,"[-2.0, 2.0]","[0.6534787438041723, 0.8792450506476635]","[-0.08971424398954304, 0.7126417053094333]",-1.031628389952411,1133,1135,"{""max_iterations"": 5000, ""rate"": 0.001, ""tolerance"": 1e-06}"
six_hump_camel,Six-Hump Camel,86,2708,gradient,2,"[-2.0, 2.0]","[0.5846272521115603, 1.2588965139860369]","[-0.08971431944703263, 0.7126417162927935]",-1.0316283900276972,1110,1112,"{""max_iterations"": 5000, ""rate"": 0.001, ""tolerance"": 1e-06}"
six_hump_camel,Six-Hump Camel,87,2709,gradient,2,"[-2.0, 2.0]","[-1.3387314745718877, -0.7225492252488013]","[-1.6070332137944396, -0.5687686845507772]",2.104250378238386,1273,1275,"{""max_iterations"": 5000, ""rate"": 0.001, ""tolerance"": 1e-06}"
six_hump_camel,Six-Hump Camel,88,2710,gradient,2,"[-2.0, 2.0]","[-0.3172936539207316, 1.6840052804320012]","[-0.08997029462645362, 0.7126711604574537]",-1.0316283894447555,1006,1008,"{""max_iterations"": 5000, ""rate"": 0.001, ""tolerance"": 1e-06}"
six_hump_camel,Six-Hump Camel,89,2711,gradient,2,"[-2.0, 2.0]","[0.7302473167092063, -0.5026184102276137]","[0.08996985540231194, -0.7126710962750438]",-1.0316283898841108,1167,1169,"{""max_iterations"": 5000, ""rate"": 0.001, ""tolerance"": 1e-06}"
six_hump_camel,Six-Hump Camel,90,2703,gradient,2,"[-2.0, 2.0]","[0.6353276696305166, 0.9914794463891936]","[-0.08971375423521327, 0.7126416496797052]",-1.0316283894644585,1126,1128,"{""max_iterations"": 5000, ""rate"": 0.001, ""tolerance"": 1e-06}"
six_hump_camel,Six-Hump Camel,91,2704,gradient,2,"[-2.0, 2.0]","[-0.4461971989439033, 0.05213708277286955]","[-0.08971495670877948, 0.7126387021431919]",-1.0316283902348387,969,971,"{""max_iterations"": 5000, ""rate"": 0.001, ""tolerance"": 1e-06}"
six_hump_camel,Six-Hump Camel,92,2705,gradient,2,"[-2.0, 2.0]","[1.4051713495268485, 0.41743299549155477]","[1.6070353697470021, 0.5685744309617361]",2.1042503611172156,896,898,"{""max_iterations"": 5000, ""rate"": 0.001, ""tolerance"": 1e-06}"
six_hump_camel,Six-Hump Camel,93,2706,gradient,2,"[-2.0, 2.0]","[-0.1850080708359152, -0.3418846393890824]","[0.08971462230192827, -0.7126416919067848]",-1.0316283903216792,1027,1029,"{""max_iterations"": 5000, ""rate"": 0.001, ""tolerance"": 1e-06}"
six_hump_camel,Six-Hump Camel,94,2707,gradient,2,"[-2.0, 2.0]","[0.6534787438041723, 0.8792450506476635]","[-0.08971424398954304, 0.7126417053094333]",-1.031628389952411,1133,1135,"{""max_iterations"": 5000, ""rate"": 0.001, ""tolerance"": 1e-06}"
six_hump_camel,Six-Hump Camel,95,2708,gradient,2,"[-2.0, 2.0]","[0.5846272521115603, 1.2588965139860369]","[-0.08971431944703263, 0.7126417162927935]",-1.0316283900276972,1110,1112,"{""max_iterations"": 5000, ""rate"": 0.001, ""tolerance"": 1e-06}"
six_hump_camel,Six-Hump Camel,96,2709,gradient,2,"[-2.0, 2.0]","[-1.3387314745718877, -0.7225492252488013]","[-1.6070332137944396, -0.5687686845507772]",2.104250378238386,1273,1275,"{""max_iterations"": 5000, ""rate"": 0.001, ""tolerance"": 1e-06}"
six_hump_camel,Six-Hump Camel,97,2710,gradient,2,"[-2.0, 2.0]","[-0.3172936539207316, 1.6840052804320012]","[-0.08997029462645362, 0.7126711604574537]",-1.0316283894447555,1006,1008,"{""max_iterations"": 5000, ""rate"": 0.001, ""tolerance"": 1e-06}"
six_hump_camel,Six-Hump Camel,98,2711,gradient,2,"[-2.0, 2.0]","[0.7302473167092063, -0.5026184102276137]","[0.08996985540231194, -0.7126710962750438]",-1.0316283898841108,1167,1169,"{""max_iterations"": 5000, ""rate"": 0.001, ""tolerance"": 1e-06}"
six_hump_camel,Six-Hump Camel,99,2712,gradient,2,"[-2.0, 2.0]","[0.24770345043595565, 1.9654762249056263]","[-0.0897145620952135, 0.7126417666250927]",-1.0316283902711787,993,995,"{""max_iterations"": 5000, ""rate"": 0.001, ""tolerance"": 1e-06}"
six_hump_camel,Six-Hump Camel,100,2743,gradient,2,"[-2.0, 2.0]","[-0.2896966840221662, 0.3402176570742479]","[-0.08996988266291593, 0.7126707128781236]",-1.0316283898993739,894,896,"{""max_iterations"": 5000, ""rate"": 0.001, ""tolerance"": 1e-06}"
six_hump_camel,Six-Hump Camel,101,2744,gradient,2,"[-2.0, 2.0]","[-1.2079402181398198, -0.28217334349413514]","[0.08971377553519946, -0.7126416486003736]",-1.0316283894853222,1477,1479,"{""max_iterations"": 5000, ""rate"": 0.001, ""tolerance"": 1e-06}"
six_hump_camel,Six-Hump Camel,102,2745,gradient,2,"[-2.0, 2.0]","[-1.0046898099503414, 1.5415745440188342]","[-0.08996996350597466, 0.7126711096483179]",-1.0316283897763892,1383,1385,"{""max_iterations"": 5000, ""rate"": 0.001, ""tolerance"": 1e-06}"
six_hump_camel,Six-Hump Camel,103,2746,gradient,2,"[-2.0, 2.0]","[-1.3545944774229182, -1.5157359003181603]","[-1.607033753126391, -0.5687688111515017]",2.104250378034644,1317,1319,"{""max_iterations"": 5000, ""rate"": 0.001, ""tolerance"": 1e-06}"
six_hump_camel,Six-Hump Camel,104,2747,gradient,2,"[-2.0, 2.0]","[-0.5026438847062398, 1.725947870819295]","[-0.08996951944376963, 0.7126710612370615]",-1.031628390217566,1093,1095,"{""max_iterations"": 5000, ""rate"": 0.001, ""tolerance"": 1e-06}"
six_hump_camel,Six-Hump Camel,105,2748,gradient,2,"[-2.0, 2.0]","[1.998796265867298, 0.7717777888990791]","[1.607086196013165, 0.5687854150047207]",2.104250376991593,852,854,"{""max_iterations"": 5000, ""rate"": 0.001, ""tolerance"": 1e-06}"
six_hump_camel,Six-Hump Camel,106,2749,gradient,2,"[-2.0, 2.0]","[-1.731695363355798, -1.0602205711865884]","[-1.6070605169692542, -0.5687833108397078]",2.1042503792963334,959,961,"{""max_iterations"": 5000, ""rate"": 0.001, ""tolerance"": 1e-06}"
six_hump_camel,Six-Hump Camel,107,2750,gradient,2,"[-2.0, 2.0]","[0.42932928958018435, -0.21549857063733402]","[0.08996989602106581, -0.7126708058029854]",-1.0316283898762797,966,968,"{""max_iterations"": 5000, ""rate"": 0.001, ""tolerance"": 1e-06}"
six_hump_camel,Six-Hump Camel,108,2751,gradient,2,"[-2.0, 2.0]","[-1.7060536865330547, -0.2734880039536338]","[-1.6071528491772997, -0.5685212432345308]",2.104250378922411,1436,1438,"{""max_iterations"": 5000, ""rate"": 0.001, ""tolerance"": 1e-06}"
six_hump_camel,Six-Hump Camel,109,2752,gradient,2,"[-2.0, 2.0]","[0.8943521053725485, -1.4940279199197528]","[0.08997028365274781, -0.712671146492393]",-1.0316283894571519,1274,1276,"{""max_iterations"": 5000, ""rate"": 0.001, ""tolerance"": 1e-06}"
six_hump_camel,Six-Hump Camel,110,2744,gradient,2,"[-2.0, 2.0]","[-1.2079402181398198, -0.28217334349413514]","[0.08971377553519946, -0.7126416486003736]",-1.0316283894853222,1477,1479,"{""max_iterations"": 5000, ""rate"": 0.001, ""tolerance"": 1e-06}"
six_hump_camel,Six-Hump Camel,111,2745,gradient,2,"[-2.0, 2.0]","[-1.0046898099503414, 1.5415745440188342]","[-0.08996996350597466, 0.7126711096483179]",-1.0316283897763892,1383,1385,"{""max_iterations"": 5000, ""rate"": 0.001, ""tolerance"": 1e-06}"
six_hump_camel,Six-Hump Camel,112,2746,gradient,2,"[-2.0, 2.0]","[-1.3545944774229182, -1.5157359003181603]","[-1.607033753126391, -0.5687688111515017]",2.104250378034644,1317,1319,"{""max_iterations"": 5000, ""rate"": 0.001, ""tolerance"": 1e-06}"
six_hump_camel,Six-Hump Camel,113,2747,gradient,2,"[-2.0, 2.0]","[-0.5026438847062398, 1.725947870819295]","[-0.08996951944376963, 0.7126710612370615]",-1.031628390217566,1093,1095,"{""max_iterations"": 5000, ""rate"": 0.001, ""tolerance"": 1e-06}"
six_hump_camel,Six-Hump Camel,114,2748,gradient,2,"[-2.0, 2.0]","[1.998796265867298, 0.7717777888990791]","[1.607086196013165, 0.5687854150047207]",2.104250376991593,852,854,"{""max_iterations"": 5000, ""rate"": 0.001, ""tolerance"": 1e-06}"
six_hump_camel,Six-Hump Camel,115,2749,gradient,2,"[-2.0, 2.0]","[-1.731695363355798, -1.0602205711865884]","[-1.6070605169692542, -0.5687833108397078]",2.1042503792963334,959,961,"{""max_iterations"": 5000, ""rate"": 0.001, ""tolerance"": 1e-06}"
six_hump_camel,Six-Hump Camel,116,2750,gradient,2,"[-2.0, 2.0]","[0.42932928958018435, -0.21549857063733402]","[0.08996989602106581, -0.7126708058029854]",-1.0316283898762797,966,968,"{""max_iterations"": 5000, ""rate"": 0.001, ""tolerance"": 1e-06}"
six_hump_camel,Six-Hump Camel,117,2751,gradient,2,"[-2.0, 2.0]","[-1.7060536865330547, -0.2734880039536338]","[-1.6071528491772997, -0.5685212432345308]",2.104250378922411,1436,1438,"{""max_iterations"": 5000, ""rate"": 0.001, ""tolerance"": 1e-06}"
six_hump_camel,Six-Hump Camel,118,2752,gradient,2,"[-2.0, 2.0]","[0.8943521053725485, -1.4940279199197528]","[0.08997028365274781, -0.712671146492393]",-1.0316283894571519,1274,1276,"{""max_iterations"": 5000, ""rate"": 0.001, ""tolerance"": 1e-06}"
six_hump_camel,Six-Hump Camel,119,2753,gradient,2,"[-2.0, 2.0]","[1.619910527327384, -1.773724482565175]","[1.7035998850326253, -0.7961257860634093]",-0.2154638036694252,392,394,"{""max_iterations"": 5000, ""rate"": 0.001, ""tolerance"": 1e-06}"
six_hump_camel,Six-Hump Camel,120,2745,gradient,2,"[-2.0, 2.0]","[-1.0046898099503414, 1.5415745440188342]","[-0.08996996350597466, 0.7126711096483179]",-1.0316283897763892,1383,1385,"{""max_iterations"": 5000, ""rate"": 0.001, ""tolerance"": 1e-06}"
six_hump_camel,Six-Hump Camel,121,2746,gradient,2,"[-2.0, 2.0]","[-1.3545944774229182, -1.5157359003181603]","[-1.607033753126391, -0.5687688111515017]",2.104250378034644,1317,1319,"{""max_iterations"": 5000, ""rate"": 0.001, ""tolerance"": 1e-06}"
six_hump_camel,Six-Hump Camel,122,2747,gradient,2,"[-2.0, 2.0]","[-0.5026438847062398, 1.725947870819295]","[-0.08996951944376963, 0.7126710612370615]",-1.031628390217566,1093,1095,"{""max_iterations"": 5000, ""rate"": 0.001, ""tolerance"": 1e-06}"
six_hump_camel,Six-Hump Camel,123,2748,gradient,2,"[-2.0, 2.0]","[1.998796265867298, 0.7717777888990791]","[1.607086196013165, 0.5687854150047207]",2.104250376991593,852,854,"{""max_iterations"": 5000, ""rate"": 0.001, ""tolerance"": 1e-06}"
six_hump_camel,Six-Hump Camel,124,2749,gradient,2,"[-2.0, 2.0]","[-1.731695363355798, -1.0602205711865884]","[-1.6070605169692542, -0.5687833108397078]",2.1042503792963334,959,961,"{""max_iterations"": 5000, ""rate"": 0.001, ""tolerance"": 1e-06}"
six_hump_camel,Six-Hump Camel,125,2750,gradient,2,"[-2.0, 2.0]","[0.42932928958018435, -0.21549857063733402]","[0.08996989602106581, -0.7126708058029854]",-1.0316283898762797,966,968,"{""max_iterations"": 5000, ""rate"": 0.001, ""tolerance"": 1e-06}"
six_hump_camel,Six-Hump Camel,126,2751,gradient,2,"[-2.0, 2.0]","[-1.7060536865330547, -0.2734880039536338]","[-1.6071528491772997, -0.5685212432345308]",2.104250378922411,1436,1438,"{""max_iterations"": 5000, ""rate"": 0.001, ""tolerance"": 1e-06}"
six_hump_camel,Six-Hump Camel,127,2752,gradient,2,"[-2.0, 2.0]","[0.8943521053725485, -1.4940279199197528]","[0.08997028365274781, -0.712671146492393]",-1.0316283894571519,1274,1276,"{""max_iterations"": 5000, ""rate"": 0.001, ""tolerance"": 1e-06}"
six_hump_camel,Six-Hump Camel,128,2753,gradient,2,"[-2.0, 2.0]","[1.619910527327384, -1.773724482565175]","[1.7035998850326253, -0.7961257860634093]",-0.2154638036694252,392,394,"{""max_iterations"": 5000, ""rate"": 0.001, ""tolerance"": 1e-06}"
six_hump_camel,Six-Hump Camel,129,2754,gradient,2,"[-2.0, 2.0]","[-0.06503190282752103, 1.5254541017294896]","[-0.08996893840393853, 0.7126767406899721]",-1.031628389878542,648,650,"{""max_iterations"": 5000, ""rate"": 0.001, ""tolerance"": 1e-06}"
six_hump_camel,Six-Hump Camel,130,2746,gradient,2,"[-2.0, 2.0]","[-1.3545944774229182, -1.5157359003181603]","[-1.607033753126391, -0.5687688111515017]",2.104250378034644,1317,1319,"{""max_iterations"": 5000, ""rate"": 0.001, ""tolerance"": 1e-06}"
six_hump_camel,Six-Hump Camel,131,2747,gradient,2,"[-2.0, 2.0]","[-0.5026438847062398, 1.725947870819295]","[-0.08996951944376963, 0.7126710612370615]",-1.031628390217566,1093,1095,"{""max_iterations"": 5000, ""rate"": 0.001, ""tolerance"": 1e-06}"
six_hump_camel,Six-Hump Camel,132,2748,gradient,2,"[-2.0, 2.0]","[1.998796265867298, 0.7717777888990791]","[1.607086196013165, 0.5687854150047207]",2.104250376991593,852,854,"{""max_iterations"": 5000, ""rate"": 0.001, ""tolerance"": 1e-06}"
six_hump_camel,Six-Hump Camel,133,2749,gradient,2,"[-2.0, 2.0]","[-1.731695363355798, -1.0602205711865884]","[-1.6070605169692542, -0.5687833108397078]",2.1042503792963334,959,961,"{""max_iterations"": 5000, ""rate"": 0.001, ""tolerance"": 1e-06}"
six_hump_camel,Six-Hump Camel,134,2750,gradient,2,"[-2.0, 2.0]","[0.42932928958018435, -0.21549857063733402]","[0.08996989602106581, -0.7126708058029854]",-1.0316283898762797,966,968,"{""max_iterations"": 5000, ""rate"": 0.001, ""tolerance"": 1e-06}"
six_hump_camel,Six-Hump Camel,135,2751,gradient,2,"[-2.0, 2.0]","[-1.7060536865330547, -0.2734880039536338]","[-1.6071528491772997, -0.5685212432345308]",2.104250378922411,1436,1438,"{""max_iterations"": 5000, ""rate"": 0.001, ""tolerance"": 1e-06}"
six_hump_camel,Six-Hump Camel,136,2752,gradient,2,"[-2.0, 2.0]","[0.8943521053725485, -1.4940279199197528]","[0.08997028365274781, -0.712671146492393]",-1.0316283894571519,1274,1276,"{""max_iterations"": 5000, ""rate"": 0.001, ""tolerance"": 1e-06}"
six_hump_camel,Six-Hump Camel,137,2753,gradient,2,"[-2.0, 2.0]","[1.619910527327384, -1.773724482565175]","[1.7035998850326253, -0.7961257860634093]",-0.2154638036694252,392,394,"{""max_iterations"": 5000, ""rate"": 0.001, ""tolerance"": 1e-06}"
six_hump_camel,Six-Hump Camel,138,2754,gradient,2,"[-2.0, 2.0]","[-0.06503190282752103, 1.5254541017294896]","[-0.08996893840393853, 0.7126767406899721]",-1.031628389878542,648,650,"{""max_iterations"": 5000, ""rate"": 0.001, ""tolerance"": 1e-06}"
six_hump_camel,Six-Hump Camel,139,2755,gradient,2,"[-2.0, 2.0]","[-0.7515878260061242, -0.44909232396608445]","[0.08971441392184813, -0.7126417197790405]",-1.0316283901207368,1172,1174,"{""max_iterations"": 5000, ""rate"": 0.001, ""tolerance"": 1e-06}"
six_hump_camel,Six-Hump Camel,140,2747,gradient,2,"[-2.0, 2.0]","[-0.5026438847062398, 1.725947870819295]","[-0.08996951944376963, 0.7126710612370615]",-1.031628390217566,1093,1095,"{""max_iterations"": 5000, ""rate"": 0.001, ""tolerance"": 1e-06}"
six_hump_camel,Six-Hump Camel,141,2748,gradient,2,"[-2.0, 2.0]","[1.998796265867298, 0.7717777888990791]","[1.607086196013165, 0.5687854150047207]",2.104250376991593,852,854,"{""max_iterations"": 5000, ""rate"": 0.001, ""tolerance"": 1e-06}"
six_hump_camel,Six-Hump Camel,142,2749,gradient,2,"[-2.0, 2.0]","[-1.731695363355798, -1.0602205711865884]","[-1.6070605169692542, -0.5687833108397078]",2.1042503792963334,959,961,"{""max_iterations"": 5000, ""rate"": 0.001, ""tolerance"": 1e-06}"
six_hump_camel,Six-Hump Camel,143,2750,gradient,2,"[-2.0, 2.0]","[0.42932928958018435, -0.21549857063733402]","[0.08996989602106581, -0.7126708058029854]",-1.0316283898762797,966,968,"{""max_iterations"": 5000, ""rate"": 0.001, ""tolerance"": 1e-06}"
six_hump_camel,Six-Hump Camel,144,2751,gradient,2,"[-2.0, 2.0]","[-1.7060536865330547, -0.2734880039536338]","[-1.6071528491772997, -0.5685212432345308]",2.104250378922411,1436,1438,"{""max_iterations"": 5000, ""rate"": 0.001, ""tolerance"": 1e-06}"
six_hump_camel,Six-Hump Camel,145,2752,gradient,2,"[-2.0, 2.0]","[0.8943521053725485, -1.4940279199197528]","[0.08997028365274781, -0.712671146492393]",-1.0316283894571519,1274,1276,"{""max_iterations"": 5000, ""rate"": 0.001, ""tolerance"": 1e-06}"
six_hump_camel,Six-Hump Camel,146,2753,gradient,2,"[-2.0, 2.0]","[1.619910527327384, -1.773724482565175]","[1.7035998850326253, -0.7961257860634093]",-0.2154638036694252,392,394,"{""max_iterations"": 5000, ""rate"": 0.001, ""tolerance"": 1e-06}"
six_hump_camel,Six-Hump Camel,147,2754,gradient,2,"[-2.0, 2.0]","[-0.06503190282752103, 1.5254541017294896]","[-0.08996893840393853, 0.7126767406899721]",-1.031628389878542,648,650,"{""max_iterations"": 5000, ""rate"": 0.001, ""tolerance"": 1e-06}"
six_hump_camel,Six-Hump Camel,148,2755,gradient,2,"[-2.0, 2.0]","[-0.7515878260061242, -0.44909232396608445]","[0.08971441392184813, -0.7126417197790405]",-1.0316283901207368,1172,1174,"{""max_iterations"": 5000, ""rate"": 0.001, ""tolerance"": 1e-06}"
six_hump_camel,Six-Hump Camel,149,2756,gradient,2,"[-2.0, 2.0]","[0.622375305953609, 1.8484499802819343]","[-0.08971448908116593, 0.712641736159576]",-1.0316283901962398,1117,1119,"{""max_iterations"": 5000, ""rate"": 0.001, ""tolerance"": 1e-06}"
six_hump_camel,Six-Hump Camel,150,2748,gradient,2,"[-2.0, 2.0]","[1.998796265867298, 0.7717777888990791]","[1.607086196013165, 0.5687854150047207]",2.104250376991593,852,854,"{""max_iterations"": 5000, ""rate"": 0.001, ""tolerance"": 1e-06}"
six_hump_camel,Six-Hump Camel,151,2749,gradient,2,"[-2.0, 2.0]","[-1.731695363355798, -1.0602205711865884]","[-1.6070605169692542, -0.5687833108397078]",2.1042503792963334,959,961,"{""max_iterations"": 5000, ""rate"": 0.001, ""tolerance"": 1e-06}"
six_hump_camel,Six-Hump Camel,152,2750,gradient,2,"[-2.0, 2.0]","[0.42932928958018435, -0.21549857063733402]","[0.08996989602106581, -0.7126708058029854]",-1.0316283898762797,966,968,"{""max_iterations"": 5000, ""rate"": 0.001, ""tolerance"": 1e-06}"
six_hump_camel,Six-Hump Camel,153,2751,gradient,2,"[-2.0, 2.0]","[-1.7060536865330547, -0.2734880039536338]","[-1.6071528491772997, -0.5685212432345308]",2.104250378922411,1436,1438,"{""max_iterations"": 5000, ""rate"": 0.001, ""tolerance"": 1e-06}"
six_hump_camel,Six-Hump Camel,154,2752,gradient,2,"[-2.0, 2.0]","[0.8943521053725485, -1.4940279199197528]","[0.08997028365274781, -0.712671146492393]",-1.0316283894571519,1274,1276,"{""max_iterations"": 5000, ""rate"": 0.001, ""tolerance"": 1e-06}"
six_hump_camel,Six-Hump Camel,155,2753,gradient,2,"[-2.0, 2.0]","[1.619910527327384, -1.773724482565175]","[1.7035998850326253, -0.7961257860634093]",-0.2154638036694252,392,394,"{""max_iterations"": 5000, ""rate"": 0.001, ""tolerance"": 1e-06}"
six_hump_camel,Six-Hump Camel,156,2754,gradient,2,"[-2.0, 2.0]","[-0.06503190282752103, 1.5254541017294896]","[-0.08996893840393853, 0.7126767406899721]",-1.031628389878542,648,650,"{""max_iterations"": 5000, ""rate"": 0.001, ""tolerance"": 1e-06}"
six_hump_camel,Six-Hump Camel,157,2755,gradient,2,"[-2.0, 2.0]","[-0.7515878260061242, -0.44909232396608445]","[0.08971441392184813, -0.7126417197790405]",-1.0316283901207368,1172,1174,"{""max_iterations"": 5000, ""rate"": 0.001, ""tolerance"": 1e-06}"
six_hump_camel,Six-Hump Camel,158,2756,gradient,2,"[-2.0, 2.0]","[0.622375305953609, 1.8484499802819343]","[-0.08971448908116593, 0.712641736159576]",-1.0316283901962398,1117,1119,"{""max_iterations"": 5000, ""rate"": 0.001, ""tolerance"": 1e-06}"
six_hump_camel,Six-Hump Camel,159,2757,gradient,2,"[-2.0, 2.0]","[0.7291851601209149, -0.5605522293401601]","[0.08996978104243111, -0.712671088082466]",-1.0316283899580414,1169,1171,"{""max_iterations"": 5000, ""rate"": 0.001, ""tolerance"": 1e-06}"
six_hump_camel,Six-Hump Camel,160,2749,gradient,2,"[-2.0, 2.0]","[-1.731695363355798, -1.0602205711865884]","[-1.6070605169692542, -0.5687833108397078]",2.1042503792963334,959,961,"{""max_iterations"": 5000, ""rate"": 0.001, ""tolerance"": 1e-06}"
six_hump_camel,Six-Hump Camel,161,2750,gradient,2,"[-2.0, 2.0]","[0.42932928958018435, -0.21549857063733402]","[0.08996989602106581, -0.7126708058029854]",-1.0316283898762797,966,968,"{""max_iterations"": 5000, ""rate"": 0.001, ""tolerance"": 1e-06}"
six_hump_camel,Six-Hump Camel,162,2751,gradient,2,"[-2.0, 2.0]","[-1.7060536865330547, -0.2734880039536338]","[-1.6071528491772997, -0.5685212432345308]",2.104250378922411,1436,1438,"{""max_iterations"": 5000, ""rate"": 0.001, ""tolerance"": 1e-06}"
six_hump_camel,Six-Hump Camel,163,2752,gradient,2,"[-2.0, 2.0]","[0.8943521053725485, -1.4940279199197528]","[0.08997028365274781, -0.712671146492393]",-1.0316283894571519,1274,1276,"{""max_iterations"": 5000, ""rate"": 0.001, ""tolerance"": 1e-06}"
six_hump_camel,Six-Hump Camel,164,2753,gradient,2,"[-2.0, 2.0]","[1.619910527327384, -1.773724482565175]","[1.7035998850326253, -0.7961257860634093]",-0.2154638036694252,392,394,"{""max_iterations"": 5000, ""rate"": 0.001, ""tolerance"": 1e-06}"
six_hump_camel,Six-Hump Camel,165,2754,gradient,2,"[-2.0, 2.0]","[-0.06503190282752103, 1.5254541017294896]","[-0.08996893840393853, 0.7126767406899721]",-1.031628389878542,648,650,"{""max_iterations"": 5000, ""rate"": 0.001, ""tolerance"": 1e-06}"
six_hump_camel,Six-Hump Camel,166,2755,gradient,2,"[-2.0, 2.0]","[-0.7515878260061242, -0.44909232396608445]","[0.08971441392184813, -0.7126417197790405]",-1.0316283901207368,1172,1174,"{""max_iterations"": 5000, ""rate"": 0.001, ""tolerance"": 1e-06}"
six_hump_camel,Six-Hump Camel,167,2756,gradient,2,"[-2.0, 2.0]","[0.622375305953609, 1.8484499802819343]","[-0.08971448908116593, 0.712641736159576]",-1.0316283901962398,1117,1119,"{""max_iterations"": 5000, ""rate"": 0.001, ""tolerance"": 1e-06}"
six_hump_camel,Six-Hump Camel,168,2757,gradient,2,"[-2.0, 2.0]","[0.7291851601209149, -0.5605522293401601]","[0.08996978104243111, -0.712671088082466]",-1.0316283899580414,1169,1171,"{""max_iterations"": 5000, ""rate"": 0.001, ""tolerance"": 1e-06}"
six_hump_camel,Six-Hump Camel,169,2758,gradient,2,"[-2.0, 2.0]","[0.00878340918190812, 1.1278727875450225]","[-0.08971401457188244, 0.7126420106204584]",-1.0316283897606628,809,811,"{""max_iterations"": 5000, ""rate"": 0.001, ""tolerance"": 1e-06}"
six_hump_camel,Six-Hump Camel,170,2750,gradient,2,"[-2.0, 2.0]","[0.42932928958018435, -0.21549857063733402]","[0.08996989602106581, -0.7126708058029854]",-1.0316283898762797,966,968,"{""max_iterations"": 5000, ""rate"": 0.001, ""tolerance"": 1e-06}"
six_hump_camel,Six-Hump Camel,171,2751,gradient,2,"[-2.0, 2.0]","[-1.7060536865330547, -0.2734880039536338]","[-1.6071528491772997, -0.5685212432345308]",2.104250378922411,1436,1438,"{""max_iterations"": 5000, ""rate"": 0.001, ""tolerance"": 1e-06}"
six_hump_camel,Six-Hump Camel,172,2752,gradient,2,"[-2.0, 2.0]","[0.8943521053725485, -1.4940279199197528]","[0.08997028365274781, -0.712671146492393]",-1.0316283894571519,1274,1276,"{""max_iterations"": 5000, ""rate"": 0.001, ""tolerance"": 1e-06}"
six_hump_camel,Six-Hump Camel,173,2753,gradient,2,"[-2.0, 2.0]","[1.619910527327384, -1.773724482565175]","[1.7035998850326253, -0.7961257860634093]",-0.2154638036694252,392,394,"{""max_iterations"": 5000, ""rate"": 0.001, ""tolerance"": 1e-06}"
six_hump_camel,Six-Hump Camel,174,2754,gradient,2,"[-2.0, 2.0]","[-0.06503190282752103, 1.5254541017294896]","[-0.08996893840393853, 0.7126767406899721]",-1.031628389878542,648,650,"{""max_iterations"": 5000, ""rate"": 0.001, ""tolerance"": 1e-06}"
six_hump_camel,Six-Hump Camel,175,2755,gradient,2,"[-2.0, 2.0]","[-0.7515878260061242, -0.44909232396608445]","[0.08971441392184813, -0.7126417197790405]",-1.0316283901207368,1172,1174,"{""max_iterations"": 5000, ""rate"": 0.001, ""tolerance"": 1e-06}"
six_hump_camel,Six-Hump Camel,176,2756,gradient,2,"[-2.0, 2.0]","[0.622375305953609, 1.8484499802819343]","[-0.08971448908116593, 0.712641736159576]",-1.0316283901962398,1117,1119,"{""max_iterations"": 5000, ""rate"": 0.001, ""tolerance"": 1e-06}"
six_hump_camel,Six-Hump Camel,177,2757,gradient,2,"[-2.0, 2.0]","[0.7291851601209149, -0.5605522293401601]","[0.08996978104243111, -0.712671088082466]",-1.0316283899580414,1169,1171,"{""max_iterations"": 5000, ""rate"": 0.001, ""tolerance"": 1e-06}"
six_hump_camel,Six-Hump Camel,178,2758,gradient,2,"[-2.0, 2.0]","[0.00878340918190812, 1.1278727875450225]","[-0.08971401457188244, 0.7126420106204584]",-1.0316283897606628,809,811,"{""max_iterations"": 5000, ""rate"": 0.001, ""tolerance"": 1e-06}"
six_hump_camel,Six-Hump Camel,179,2759,gradient,2,"[-2.0, 2.0]","[1.5821406911984757, 0.9470519314153663]","[1.6070521911371218, 0.5687804176972364]",2.1042503793877443,982,984,"{""max_iterations"": 5000, ""rate"": 0.001, ""tolerance"": 1e-06}"
six_hump_camel,Six-Hump Camel,180,2751,gradient,2,"[-2.0, 2.0]","[-1.7060536865330547, -0.2734880039536338]","[-1.6071528491772997, -0.5685212432345308]",2.104250378922411,1436,1438,"{""max_iterations"": 5000, ""rate"": 0.001, ""tolerance"": 1e-06}"
six_hump_camel,Six-Hump Camel,181,2752,gradient,2,"[-2.0, 2.0]","[0.8943521053725485, -1.4940279199197528]","[0.08997028365274781, -0.712671146492393]",-1.0316283894571519,1274,1276,"{""max_iterations"": 5000, ""rate"": 0.001, ""tolerance"": 1e-06}"
six_hump_camel,Six-Hump Camel,182,2753,gradient,2,"[-2.0, 2.0]","[1.619910527327384, -1.773724482565175]","[1.7035998850326253, -0.7961257860634093]",-0.2154638036694252,392,394,"{""max_iterations"": 5000, ""rate"": 0.001, ""tolerance"": 1e-06}"
six_hump_camel,Six-Hump Camel,183,2754,gradient,2,"[-2.0, 2.0]","[-0.06503190282752103, 1.5254541017294896]","[-0.08996893840393853, 0.7126767406899721]",-1.031628389878542,648,650,"{""max_iterations"": 5000, ""rate"": 0.001, ""tolerance"": 1e-06}"
six_hump_camel,Six-Hump Camel,184,2755,gradient,2,"[-2.0, 2.0]","[-0.7515878260061242, -0.44909232396608445]","[0.08971441392184813, -0.7126417197790405]",-1.0316283901207368,1172,1174,"{""max_iterations"": 5000, ""rate"": 0.001, ""tolerance"": 1e-06}"
six_hump_camel,Six-Hump Camel,185,2756,gradient,2,"[-2.0, 2.0]","[0.622375305953609, 1.8484499802819343]","[-0.08971448908116593, 0.712641736159576]",-1.0316283901962398,1117,1119,"{""max_iterations"": 5000, ""rate"": 0.001, ""tolerance"": 1e-06}"
six_hump_camel,Six-Hump Camel,186,2757,gradient,2,"[-2.0, 2.0]","[0.7291851601209149, -0.5605522293401601]","[0.08996978104243111, -0.712671088082466]",-1.0316283899580414,1169,1171,"{""max_iterations"": 5000, ""rate"": 0.001, ""tolerance"": 1e-06}"
six_hump_camel,Six-Hump Camel,187,2758,gradient,2,"[-2.0, 2.0]","[0.00878340918190812, 1.1278727875450225]","[-0.08971401457188244, 0.7126420106204584]",-1.0316283897606628,809,811,"{""max_iterations"": 5000, ""rate"": 0.001, ""tolerance"": 1e-06}"
six_hump_camel,Six-Hump Camel,188,2759,gradient,2,"[-2.0, 2.0]","[1.5821406911984757, 0.9470519314153663]","[1.6070521911371218, 0.5687804176972364]",2.1042503793877443,982,984,"{""max_iterations"": 5000, ""rate"": 0.001, ""tolerance"": 1e-06}"
six_hump_camel,Six-Hump Camel,189,2760,gradient,2,"[-2.0, 2.0]","[1.983382492348166, 0.8147513529808585]","[1.6070787354666196, 0.5687858390634211]",2.1042503780089734,877,879,"{""max_iterations"": 5000, ""rate"": 0.001, ""tolerance"": 1e-06}"
six_hump_camel,Six-Hump Camel,190,2752,gradient,2,"[-2.0, 2.0]","[0.8943521053725485, -1.4940279199197528]","[0.08997028365274781, -0.712671146492393]",-1.0316283894571519,1274,1276,"{""max_iterations"": 5000, ""rate"": 0.001, ""tolerance"": 1e-06}"
six_hump_camel,Six-Hump Camel,191,2753,gradient,2,"[-2.0, 2.0]","[1.619910527327384, -1.773724482565175]","[1.7035998850326253, -0.7961257860634093]",-0.2154638036694252,392,394,"{""max_iterations"": 5000, ""rate"": 0.001, ""tolerance"": 1e-06}"
six_hump_camel,Six-Hump Camel,192,2754,gradient,2,"[-2.0, 2.0]","[-0.06503190282752103, 1.5254541017294896]","[-0.08996893840393853, 0.7126767406899721]",-1.031628389878542,648,650,"{""max_iterations"": 5000, ""rate"": 0.001, ""tolerance"": 1e-06}"
six_hump_camel,Six-Hump Camel,193,2755,gradient,2,"[-2.0, 2.0]","[-0.7515878260061242, -0.44909232396608445]","[0.08971441392184813, -0.7126417197790405]",-1.0316283901207368,1172,1174,"{""max_iterations"": 5000, ""rate"": 0.001, ""tolerance"": 1e-06}"
six_hump_camel,Six-Hump Camel,194,2756,gradient,2,"[-2.0, 2.0]","[0.622375305953609, 1.8484499802819343]","[-0.08971448908116593, 0.712641736159576]",-1.0316283901962398,1117,1119,"{""max_iterations"": 5000, ""rate"": 0.001, ""tolerance"": 1e-06}"
six_hump_camel,Six-Hump Camel,195,2757,gradient,2,"[-2.0, 2.0]","[0.7291851601209149, -0.5605522293401601]","[0.08996978104243111, -0.712671088082466]",-1.0316283899580414,1169,1171,"{""max_iterations"": 5000, ""rate"": 0.001, ""tolerance"": 1e-06}"
six_hump_camel,Six-Hump Camel,196,2758,gradient,2,"[-2.0, 2.0]","[0.00878340918190812, 1.1278727875450225]","[-0.08971401457188244, 0.7126420106204584]",-1.0316283897606628,809,811,"{""max_iterations"": 5000, ""rate"": 0.001, ""tolerance"": 1e-06}"
six_hump_camel,Six-Hump Camel,197,2759,gradient,2,"[-2.0, 2.0]","[1.5821406911984757, 0.9470519314153663]","[1.6070521911371218, 0.5687804176972364]",2.1042503793877443,982,984,"{""max_iterations"": 5000, ""rate"": 0.001, ""tolerance"": 1e-06}"
six_hump_camel,Six-Hump Camel,198,2760,gradient,2,"[-2.0, 2.0]","[1.983382492348166, 0.8147513529808585]","[1.6070787354666196, 0.5687858390634211]",2.1042503780089734,877,879,"{""max_iterations"": 5000, ""rate"": 0.001, ""tolerance"": 1e-06}"
six_hump_camel,Six-Hump Camel,199,2761,gradient,2,"[-2.0, 2.0]","[0.10702151949398697, 1.3166168890328316]","[-0.08971404357209632, 0.712641750830051]",-1.0316283897606426,917,919,"{""max_iterations"": 5000, ""rate"": 0.001, ""tolerance"": 1e-06}"
six_hump_camel,Six-Hump Camel,200,2744,gradient,2,"[-2.0, 2.0]","[-1.2079402181398198, -0.28217334349413514]","[0.08971377553519946, -0.7126416486003736]",-1.0316283894853222,1477,1479,"{""max_iterations"": 5000, ""rate"": 0.001, ""tolerance"": 1e-06}"
six_hump_camel,Six-Hump Camel,201,2745,gradient,2,"[-2.0, 2.0]","[-1.0046898099503414, 1.5415745440188342]","[-0.08996996350597466, 0.7126711096483179]",-1.0316283897763892,1383,1385,"{""max_iterations"": 5000, ""rate"": 0.001, ""tolerance"": 1e-06}"
six_hump_camel,Six-Hump Camel,202,2746,gradient,2,"[-2.0, 2.0]","[-1.3545944774229182, -1.5157359003181603]","[-1.607033753126391, -0.5687688111515017]",2.104250378034644,1317,1319,"{""max_iterations"": 5000, ""rate"": 0.001, ""tolerance"": 1e-06}"
six_hump_camel,Six-Hump Camel,203,2747,gradient,2,"[-2.0, 2.0]","[-0.5026438847062398, 1.725947870819295]","[-0.08996951944376963, 0.7126710612370615]",-1.031628390217566,1093,1095,"{""max_iterations"": 5000, ""rate"": 0.001, ""tolerance"": 1e-06}"
six_hump_camel,Six-Hump Camel,204,2748,gradient,2,"[-2.0, 2.0]","[1.998796265867298, 0.7717777888990791]","[1.607086196013165, 0.5687854150047207]",2.104250376991593,852,854,"{""max_iterations"": 5000, ""rate"": 0.001, ""tolerance"": 1e-06}"
six_hump_camel,Six-Hump Camel,205,2749,gradient,2,"[-2.0, 2.0]","[-1.731695363355798, -1.0602205711865884]","[-1.6070605169692542, -0.5687833108397078]",2.1042503792963334,959,961,"{""max_iterations"": 5000, ""rate"": 0.001, ""tolerance"": 1e-06}"
six_hump_camel,Six-Hump Camel,206,2750,gradient,2,"[-2.0, 2.0]","[0.42932928958018435, -0.21549857063733402]","[0.08996989602106581, -0.7126708058029854]",-1.0316283898762797,966,968,"{""max_iterations"": 5000, ""rate"": 0.001, ""tolerance"": 1e-06}"
six_hump_camel,Six-Hump Camel,207,2751,gradient,2,"[-2.0, 2.0]","[-1.7060536865330547, -0.2734880039536338]","[-1.6071528491772997, -0.5685212432345308]",2.104250378922411,1436,1438,"{""max_iterations"": 5000, ""rate"": 0.001, ""tolerance"": 1e-06}"
six_hump_camel,Six-Hump Camel,208,2752,gradient,2,"[-2.0, 2.0]","[0.8943521053725485, -1.4940279199197528]","[0.08997028365274781, -0.712671146492393]",-1.0316283894571519,1274,1276,"{""max_iterations"": 5000, ""rate"": 0.001, ""tolerance"": 1e-06}"
six_hump_camel,Six-Hump Camel,209,2753,gradient,2,"[-2.0, 2.0]","[1.619910527327384, -1.773724482565175]","[1.7035998850326253, -0.7961257860634093]",-0.2154638036694252,392,394,"{""max_iterations"": 5000, ""rate"": 0.001, ""tolerance"": 1e-06}"
six_hump_camel,Six-Hump Camel,210,2745,gradient,2,"[-2.0, 2.0]","[-1.0046898099503414, 1.5415745440188342]","[-0.08996996350597466, 0.7126711096483179]",-1.0316283897763892,1383,1385,"{""max_iterations"": 5000, ""rate"": 0.001, ""tolerance"": 1e-06}"
six_hump_camel,Six-Hump Camel,211,2746,gradient,2,"[-2.0, 2.0]","[-1.3545944774229182, -1.5157359003181603]","[-1.607033753126391, -0.5687688111515017]",2.104250378034644,1317,1319,"{""max_iterations"": 5000, ""rate"": 0.001, ""tolerance"": 1e-06}"
six_hump_camel,Six-Hump Camel,212,2747,gradient,2,"[-2.0, 2.0]","[-0.5026438847062398, 1.725947870819295]","[-0.08996951944376963, 0.7126710612370615]",-1.031628390217566,1093,1095,"{""max_iterations"": 5000, ""rate"": 0.001, ""tolerance"": 1e-06}"
six_hump_camel,Six-Hump Camel,213,2748,gradient,2,"[-2.0, 2.0]","[1.998796265867298, 0.7717777888990791]","[1.607086196013165, 0.5687854150047207]",2.104250376991593,852,854,"{""max_iterations"": 5000, ""rate"": 0.001, ""tolerance"": 1e-06}"
six_hump_camel,Six-Hump Camel,214,2749,gradient,2,"[-2.0, 2.0]","[-1.731695363355798, -1.0602205711865884]","[-1.6070605169692542, -0.5687833108397078]",2.1042503792963334,959,961,"{""max_iterations"": 5000, ""rate"": 0.001, ""tolerance"": 1e-06}"
six_hump_camel,Six-Hump Camel,215,2750,gradient,2,"[-2.0, 2.0]","[0.42932928958018435, -0.21549857063733402]","[0.08996989602106581, -0.7126708058029854]",-1.0316283898762797,966,968,"{""max_iterations"": 5000, ""rate"": 0.001, ""tolerance"": 1e-06}"
six_hump_camel,Six-Hump Camel,216,2751,gradient,2,"[-2.0, 2.0]","[-1.7060536865330547, -0.2734880039536338]","[-1.6071528491772997, -0.5685212432345308]",2.104250378922411,1436,1438,"{""max_iterations"": 5000, ""rate"": 0.001, ""tolerance"": 1e-06}"
six_hump_camel,Six-Hump Camel,217,2752,gradient,2,"[-2.0, 2.0]","[0.8943521053725485, -1.4940279199197528]","[0.08997028365274781, -0.712671146492393]",-1.0316283894571519,1274,1276,"{""max_iterations"": 5000, ""rate"": 0.001, ""tolerance"": 1e-06}"
six_hump_camel,Six-Hump Camel,218,2753,gradient,2,"[-2.0, 2.0]","[1.619910527327384, -1.773724482565175]","[1.7035998850326253, -0.7961257860634093]",-0.2154638036694252,392,394,"{""max_iterations"": 5000, ""rate"": 0.001, ""tolerance"": 1e-06}"
six_hump_camel,Six-Hump Camel,219,2754,gradient,2,"[-2.0, 2.0]","[-0.06503190282752103, 1.5254541017294896]","[-0.08996893840393853, 0.7126767406899721]",-1.031628389878542,648,650,"{""max_iterations"": 5000, ""rate"": 0.001, ""tolerance"": 1e-06}"
six_hump_camel,Six-Hump Camel,220,2746,gradient,2,"[-2.0, 2.0]","[-1.3545944774229182, -1.5157359003181603]","[-1.607033753126391, -0.5687688111515017]",2.104250378034644,1317,1319,"{""max_iterations"": 5000, ""rate"": 0.001, ""tolerance"": 1e-06}"
six_hump_camel,Six-Hump Camel,221,2747,gradient,2,"[-2.0, 2.0]","[-0.5026438847062398, 1.725947870819295]","[-0.08996951944376963, 0.7126710612370615]",-1.031628390217566,1093,1095,"{""max_iterations"": 5000, ""rate"": 0.001, ""tolerance"": 1e-06}"
six_hump_camel,Six-Hump Camel,222,2748,gradient,2,"[-2.0, 2.0]","[1.998796265867298, 0.7717777888990791]","[1.607086196013165, 0.5687854150047207]",2.104250376991593,852,854,"{""max_iterations"": 5000, ""rate"": 0.001, ""tolerance"": 1e-06}"
six_hump_camel,Six-Hump Camel,223,2749,gradient,2,"[-2.0, 2.0]","[-1.731695363355798, -1.0602205711865884]","[-1.6070605169692542, -0.5687833108397078]",2.1042503792963334,959,961,"{""max_iterations"": 5000, ""rate"": 0.001, ""tolerance"": 1e-06}"
six_hump_camel,Six-Hump Camel,224,2750,gradient,2,"[-2.0, 2.0]","[0.42932928958018435, -0.21549857063733402]","[0.08996989602106581, -0.7126708058029854]",-1.0316283898762797,966,968,"{""max_iterations"": 5000, ""rate"": 0.001, ""tolerance"": 1e-06}"
six_hump_camel,Six-Hump Camel,225,2751,gradient,2,"[-2.0, 2.0]","[-1.7060536865330547, -0.2734880039536338]","[-1.6071528491772997, -0.5685212432345308]",2.104250378922411,1436,1438,"{""max_iterations"": 5000, ""rate"": 0.001, ""tolerance"": 1e-06}"
six_hump_camel,Six-Hump Camel,226,2752,gradient,2,"[-2.0, 2.0]","[0.8943521053725485, -1.4940279199197528]","[0.08997028365274781, -0.712671146492393]",-1.0316283894571519,1274,1276,"{""max_iterations"": 5000, ""rate"": 0.001, ""tolerance"": 1e-06}"
six_hump_camel,Six-Hump Camel,227,2753,gradient,2,"[-2.0, 2.0]","[1.619910527327384, -1.773724482565175]","[1.7035998850326253, -0.7961257860634093]",-0.2154638036694252,392,394,"{""max_iterations"": 5000, ""rate"": 0.001, ""tolerance"": 1e-06}"
six_hump_camel,Six-Hump Camel,228,2754,gradient,2,"[-2.0, 2.0]","[-0.06503190282752103, 1.5254541017294896]","[-0.08996893840393853, 0.7126767406899721]",-1.031628389878542,648,650,"{""max_iterations"": 5000, ""rate"": 0.001, ""tolerance"": 1e-06}"
six_hump_camel,Six-Hump Camel,229,2755,gradient,2,"[-2.0, 2.0]","[-0.7515878260061242, -0.44909232396608445]","[0.08971441392184813, -0.7126417197790405]",-1.0316283901207368,1172,1174,"{""max_iterations"": 5000, ""rate"": 0.001, ""tolerance"": 1e-06}"
six_hump_camel,Six-Hump Camel,230,2747,gradient,2,"[-2.0, 2.0]","[-0.5026438847062398, 1.725947870819295]","[-0.08996951944376963, 0.7126710612370615]",-1.031628390217566,1093,1095,"{""max_iterations"": 5000, ""rate"": 0.001, ""tolerance"": 1e-06}"
six_hump_camel,Six-Hump Camel,231,2748,gradient,2,"[-2.0, 2.0]","[1.998796265867298, 0.7717777888990791]","[1.607086196013165, 0.5687854150047207]",2.104250376991593,852,854,"{""max_iterations"": 5000, ""rate"": 0.001, ""tolerance"": 1e-06}"
six_hump_camel,Six-Hump Camel,232,2749,gradient,2,"[-2.0, 2.0]","[-1.731695363355798, -1.0602205711865884]","[-1.6070605169692542, -0.5687833108397078]",2.1042503792963334,959,961,"{""max_iterations"": 5000, ""rate"": 0.001, ""tolerance"": 1e-06}"
six_hump_camel,Six-Hump Camel,233,2750,gradient,2,"[-2.0, 2.0]","[0.42932928958018435, -0.21549857063733402]","[0.08996989602106581, -0.7126708058029854]",-1.0316283898762797,966,968,"{""max_iterations"": 5000, ""rate"": 0.001, ""tolerance"": 1e-06}"
six_hump_camel,Six-Hump Camel,234,2751,gradient,2,"[-2.0, 2.0]","[-1.7060536865330547, -0.2734880039536338]","[-1.6071528491772997, -0.5685212432345308]",2.104250378922411,1436,1438,"{""max_iterations"": 5000, ""rate"": 0.001, ""tolerance"": 1e-06}"
six_hump_camel,Six-Hump Camel,235,2752,gradient,2,"[-2.0, 2.0]","[0.8943521053725485, -1.4940279199197528]","[0.08997028365274781, -0.712671146492393]",-1.0316283894571519,1274,1276,"{""max_iterations"": 5000, ""rate"": 0.001, ""tolerance"": 1e-06}"
six_hump_camel,Six-Hump Camel,236,2753,gradient,2,"[-2.0, 2.0]","[1.619910527327384, -1.773724482565175]","[1.7035998850326253, -0.7961257860634093]",-0.2154638036694252,392,394,"{""max_iterations"": 5000, ""rate"": 0.001, ""tolerance"": 1e-06}"
six_hump_camel,Six-Hump Camel,237,2754,gradient,2,"[-2.0, 2.0]","[-0.06503190282752103, 1.5254541017294896]","[-0.08996893840393853, 0.7126767406899721]",-1.031628389878542,648,650,"{""max_iterations"": 5000, ""rate"": 0.001, ""tolerance"": 1e-06}"
six_hump_camel,Six-Hump Camel,238,2755,gradient,2,"[-2.0, 2.0]","[-0.7515878260061242, -0.44909232396608445]","[0.08971441392184813, -0.7126417197790405]",-1.0316283901207368,1172,1174,"{""max_iterations"": 5000, ""rate"": 0.001, ""tolerance"": 1e-06}"
six_hump_camel,Six-Hump Camel,239,2756,gradient,2,"[-2.0, 2.0]","[0.622375305953609, 1.8484499802819343]","[-0.08971448908116593, 0.712641736159576]",-1.0316283901962398,1117,1119,"{""max_iterations"": 5000, ""rate"": 0.001, ""tolerance"": 1e-06}"
six_hump_camel,Six-Hump Camel,240,2748,gradient,2,"[-2.0, 2.0]","[1.998796265867298, 0.7717777888990791]","[1.607086196013165, 0.5687854150047207]",2.104250376991593,852,854,"{""max_iterations"": 5000, ""rate"": 0.001, ""tolerance"": 1e-06}"
six_hump_camel,Six-Hump Camel,241,2749,gradient,2,"[-2.0, 2.0]","[-1.731695363355798, -1.0602205711865884]","[-1.6070605169692542, -0.5687833108397078]",2.1042503792963334,959,961,"{""max_iterations"": 5000, ""rate"": 0.001, ""tolerance"": 1e-06}"
six_hump_camel,Six-Hump Camel,242,2750,gradient,2,"[-2.0, 2.0]","[0.42932928958018435, -0.21549857063733402]","[0.08996989602106581, -0.7126708058029854]",-1.0316283898762797,966,968,"{""max_iterations"": 5000, ""rate"": 0.001, ""tolerance"": 1e-06}"
six_hump_camel,Six-Hump Camel,243,2751,gradient,2,"[-2.0, 2.0]","[-1.7060536865330547, -0.2734880039536338]","[-1.6071528491772997, -0.5685212432345308]",2.104250378922411,1436,1438,"{""max_iterations"": 5000, ""rate"": 0.001, ""tolerance"": 1e-06}"
six_hump_camel,Six-Hump Camel,244,2752,gradient,2,"[-2.0, 2.0]","[0.8943521053725485, -1.4940279199197528]","[0.08997028365274781, -0.712671146492393]",-1.0316283894571519,1274,1276,"{""max_iterations"": 5000, ""rate"": 0.001, ""tolerance"": 1e-06}"
six_hump_camel,Six-Hump Camel,245,2753,gradient,2,"[-2.0, 2.0]","[1.619910527327384, -1.773724482565175]","[1.7035998850326253, -0.7961257860634093]",-0.2154638036694252,392,394,"{""max_iterations"": 5000, ""rate"": 0.001, ""tolerance"": 1e-06}"
six_hump_camel,Six-Hump Camel,246,2754,gradient,2,"[-2.0, 2.0]","[-0.06503190282752103, 1.5254541017294896]","[-0.08996893840393853, 0.7126767406899721]",-1.031628389878542,648,650,"{""max_iterations"": 5000, ""rate"": 0.001, ""tolerance"": 1e-06}"
six_hump_camel,Six-Hump Camel,247,2755,gradient,2,"[-2.0, 2.0]","[-0.7515878260061242, -0.44909232396608445]","[0.08971441392184813, -0.7126417197790405]",-1.0316283901207368,1172,1174,"{""max_iterations"": 5000, ""rate"": 0.001, ""tolerance"": 1e-06}"
six_hump_camel,Six-Hump Camel,248,2756,gradient,2,"[-2.0, 2.0]","[0.622375305953609, 1.8484499802819343]","[-0.08971448908116593, 0.712641736159576]",-1.0316283901962398,1117,1119,"{""max_iterations"": 5000, ""rate"": 0.001, ""tolerance"": 1e-06}"
six_hump_camel,Six-Hump Camel,249,2757,gradient,2,"[-2.0, 2.0]","[0.7291851601209149, -0.5605522293401601]","[0.08996978104243111, -0.712671088082466]",-1.0316283899580414,1169,1171,"{""max_iterations"": 5000, ""rate"": 0.001, ""tolerance"": 1e-06}"
six_hump_camel,Six-Hump Camel,250,2749,gradient,2,"[-2.0, 2.0]","[-1.731695363355798, -1.0602205711865884]","[-1.6070605169692542, -0.5687833108397078]",2.1042503792963334,959,961,"{""max_iterations"": 5000, ""rate"": 0.001, ""tolerance"": 1e-06}"
six_hump_camel,Six-Hump Camel,251,2750,gradient,2,"[-2.0, 2.0]","[0.42932928958018435, -0.21549857063733402]","[0.08996989602106581, -0.7126708058029854]",-1.0316283898762797,966,968,"{""max_iterations"": 5000, ""rate"": 0.001, ""tolerance"": 1e-06}"
six_hump_camel,Six-Hump Camel,252,2751,gradient,2,"[-2.0, 2.0]","[-1.7060536865330547, -0.2734880039536338]","[-1.6071528491772997, -0.5685212432345308]",2.104250378922411,1436,1438,"{""max_iterations"": 5000, ""rate"": 0.001, ""tolerance"": 1e-06}"
six_hump_camel,Six-Hump Camel,253,2752,gradient,2,"[-2.0, 2.0]","[0.8943521053725485, -1.4940279199197528]","[0.08997028365274781, -0.712671146492393]",-1.0316283894571519,1274,1276,"{""max_iterations"": 5000, ""rate"": 0.001, ""tolerance"": 1e-06}"
six_hump_camel,Six-Hump Camel,254,2753,gradient,2,"[-2.0, 2.0]","[1.619910527327384, -1.773724482565175]","[1.7035998850326253, -0.7961257860634093]",-0.2154638036694252,392,394,"{""max_iterations"": 5000, ""rate"": 0.001, ""tolerance"": 1e-06}"
six_hump_camel,Six-Hump Camel,255,2754,gradient,2,"[-2.0, 2.0]","[-0.06503190282752103, 1.5254541017294896]","[-0.08996893840393853, 0.7126767406899721]",-1.031628389878542,648,650,"{""max_iterations"": 5000, ""rate"": 0.001, ""tolerance"": 1e-06}"
six_hump_camel,Six-Hump Camel,256,2755,gradient,2,"[-2.0, 2.0]","[-0.7515878260061242, -0.44909232396608445]","[0.08971441392184813, -0.7126417197790405]",-1.0316283901207368,1172,1174,"{""max_iterations"": 5000, ""rate"": 0.001, ""tolerance"": 1e-06}"
six_hump_camel,Six-Hump Camel,257,2756,gradient,2,"[-2.0, 2.0]","[0.622375305953609, 1.8484499802819343]","[-0.08971448908116593, 0.712641736159576]",-1.0316283901962398,1117,1119,"{""max_iterations"": 5000, ""rate"": 0.001, ""tolerance"": 1e-06}"
six_hump_camel,Six-Hump Camel,258,2757,gradient,2,"[-2.0, 2.0]","[0.7291851601209149, -0.5605522293401601]","[0.08996978104243111, -0.712671088082466]",-1.0316283899580414,1169,1171,"{""max_iterations"": 5000, ""rate"": 0.001, ""tolerance"": 1e-06}"
six_hump_camel,Six-Hump Camel,259,2758,gradient,2,"[-2.0, 2.0]","[0.00878340918190812, 1.1278727875450225]","[-0.08971401457188244, 0.7126420106204584]",-1.0316283897606628,809,811,"{""max_iterations"": 5000, ""rate"": 0.001, ""tolerance"": 1e-06}"
six_hump_camel,Six-Hump Camel,260,2750,gradient,2,"[-2.0, 2.0]","[0.42932928958018435, -0.21549857063733402]","[0.08996989602106581, -0.7126708058029854]",-1.0316283898762797,966,968,"{""max_iterations"": 5000, ""rate"": 0.001, ""tolerance"": 1e-06}"
six_hump_camel,Six-Hump Camel,261,2751,gradient,2,"[-2.0, 2.0]","[-1.7060536865330547, -0.2734880039536338]","[-1.6071528491772997, -0.5685212432345308]",2.104250378922411,1436,1438,"{""max_iterations"": 5000, ""rate"": 0.001, ""tolerance"": 1e-06}"
six_hump_camel,Six-Hump Camel,262,2752,gradient,2,"[-2.0, 2.0]","[0.8943521053725485, -1.4940279199197528]","[0.08997028365274781, -0.712671146492393]",-1.0316283894571519,1274,1276,"{""max_iterations"": 5000, ""rate"": 0.001, ""tolerance"": 1e-06}"
six_hump_camel,Six-Hump Camel,263,2753,gradient,2,"[-2.0, 2.0]","[1.619910527327384, -1.773724482565175]","[1.7035998850326253, -0.7961257860634093]",-0.2154638036694252,392,394,"{""max_iterations"": 5000, ""rate"": 0.001, ""tolerance"": 1e-06}"
six_hump_camel,Six-Hump Camel,264,2754,gradient,2,"[-2.0, 2.0]","[-0.06503190282752103, 1.5254541017294896]","[-0.08996893840393853, 0.7126767406899721]",-1.031628389878542,648,650,"{""max_iterations"": 5000, ""rate"": 0.001, ""tolerance"": 1e-06}"
six_hump_camel,Six-Hump Camel,265,2755,gradient,2,"[-2.0, 2.0]","[-0.7515878260061242, -0.44909232396608445]","[0.08971441392184813, -0.7126417197790405]",-1.0316283901207368,1172,1174,"{""max_iterations"": 5000, ""rate"": 0.001, ""tolerance"": 1e-06}"
six_hump_camel,Six-Hump Camel,266,2756,gradient,2,"[-2.0, 2.0]","[0.622375305953609, 1.8484499802819343]","[-0.08971448908116593, 0.712641736159576]",-1.0316283901962398,1117,1119,"{""max_iterations"": 5000, ""rate"": 0.001, ""tolerance"": 1e-06}"
six_hump_camel,Six-Hump Camel,267,2757,gradient,2,"[-2.0, 2.0]","[0.7291851601209149, -0.5605522293401601]","[0.08996978104243111, -0.712671088082466]",-1.0316283899580414,1169,1171,"{""max_iterations"": 5000, ""rate"": 0.001, ""tolerance"": 1e-06}"
six_hump_camel,Six-Hump Camel,268,2758,gradient,2,"[-2.0, 2.0]","[0.00878340918190812, 1.1278727875450225]","[-0.08971401457188244, 0.7126420106204584]",-1.0316283897606628,809,811,"{""max_iterations"": 5000, ""rate"": 0.001, ""tolerance"": 1e-06}"
six_hump_camel,Six-Hump Camel,269,2759,gradient,2,"[-2.0, 2.0]","[1.5821406911984757, 0.9470519314153663]","[1.6070521911371218, 0.5687804176972364]",2.1042503793877443,982,984,"{""max_iterations"": 5000, ""rate"": 0.001, ""tolerance"": 1e-06}"
six_hump_camel,Six-Hump Camel,270,2751,gradient,2,"[-2.0, 2.0]","[-1.7060536865330547, -0.2734880039536338]","[-1.6071528491772997, -0.5685212432345308]",2.104250378922411,1436,1438,"{""max_iterations"": 5000, ""rate"": 0.001, ""tolerance"": 1e-06}"
six_hump_camel,Six-Hump Camel,271,2752,gradient,2,"[-2.0, 2.0]","[0.8943521053725485, -1.4940279199197528]","[0.08997028365274781, -0.712671146492393]",-1.0316283894571519,1274,1276,"{""max_iterations"": 5000, ""rate"": 0.001, ""tolerance"": 1e-06}"
six_hump_camel,Six-Hump Camel,272,2753,gradient,2,"[-2.0, 2.0]","[1.619910527327384, -1.773724482565175]","[1.7035998850326253, -0.7961257860634093]",-0.2154638036694252,392,394,"{""max_iterations"": 5000, ""rate"": 0.001, ""tolerance"": 1e-06}"
six_hump_camel,Six-Hump Camel,273,2754,gradient,2,"[-2.0, 2.0]","[-0.06503190282752103, 1.5254541017294896]","[-0.08996893840393853, 0.7126767406899721]",-1.031628389878542,648,650,"{""max_iterations"": 5000, ""rate"": 0.001, ""tolerance"": 1e-06}"
six_hump_camel,Six-Hump Camel,274,2755,gradient,2,"[-2.0, 2.0]","[-0.7515878260061242, -0.44909232396608445]","[0.08971441392184813, -0.7126417197790405]",-1.0316283901207368,1172,1174,"{""max_iterations"": 5000, ""rate"": 0.001, ""tolerance"": 1e-06}"
six_hump_camel,Six-Hump Camel,275,2756,gradient,2,"[-2.0, 2.0]","[0.622375305953609, 1.8484499802819343]","[-0.08971448908116593, 0.712641736159576]",-1.0316283901962398,1117,1119,"{""max_iterations"": 5000, ""rate"": 0.001, ""tolerance"": 1e-06}"
six_hump_camel,Six-Hump Camel,276,2757,gradient,2,"[-2.0, 2.0]","[0.7291851601209149, -0.5605522293401601]","[0.08996978104243111, -0.712671088082466]",-1.0316283899580414,1169,1171,"{""max_iterations"": 5000, ""rate"": 0.001, ""tolerance"": 1e-06}"
six_hump_camel,Six-Hump Camel,277,2758,gradient,2,"[-2.0, 2.0]","[0.00878340918190812, 1.1278727875450225]","[-0.08971401457188244, 0.7126420106204584]",-1.0316283897606628,809,811,"{""max_iterations"": 5000, ""rate"": 0.001, ""tolerance"": 1e-06}"
six_hump_camel,Six-Hump Camel,278,2759,gradient,2,"[-2.0, 2.0]","[1.5821406911984757, 0.9470519314153663]","[1.6070521911371218, 0.5687804176972364]",2.1042503793877443,982,984,"{""max_iterations"": 5000, ""rate"": 0.001, ""tolerance"": 1e-06}"
six_hump_camel,Six-Hump Camel,279,2760,gradient,2,"[-2.0, 2.0]","[1.983382492348166, 0.8147513529808585]","[1.6070787354666196, 0.5687858390634211]",2.1042503780089734,877,879,"{""max_iterations"": 5000, ""rate"": 0.001, ""tolerance"": 1e-06}"
six_hump_camel,Six-Hump Camel,280,2752,gradient,2,"[-2.0, 2.0]","[0.8943521053725485, -1.4940279199197528]","[0.08997028365274781, -0.712671146492393]",-1.0316283894571519,1274,1276,"{""max_iterations"": 5000, ""rate"": 0.001, ""tolerance"": 1e-06}"
six_hump_camel,Six-Hump Camel,281,2753,gradient,2,"[-2.0, 2.0]","[1.619910527327384, -1.773724482565175]","[1.7035998850326253, -0.7961257860634093]",-0.2154638036694252,392,394,"{""max_iterations"": 5000, ""rate"": 0.001, ""tolerance"": 1e-06}"
six_hump_camel,Six-Hump Camel,282,2754,gradient,2,"[-2.0, 2.0]","[-0.06503190282752103, 1.5254541017294896]","[-0.08996893840393853, 0.7126767406899721]",-1.031628389878542,648,650,"{""max_iterations"": 5000, ""rate"": 0.001, ""tolerance"": 1e-06}"
six_hump_camel,Six-Hump Camel,283,2755,gradient,2,"[-2.0, 2.0]","[-0.7515878260061242, -0.44909232396608445]","[0.08971441392184813, -0.7126417197790405]",-1.0316283901207368,1172,1174,"{""max_iterations"": 5000, ""rate"": 0.001, ""tolerance"": 1e-06}"
six_hump_camel,Six-Hump Camel,284,2756,gradient,2,"[-2.0, 2.0]","[0.622375305953609, 1.8484499802819343]","[-0.08971448908116593, 0.712641736159576]",-1.0316283901962398,1117,1119,"{""max_iterations"": 5000, ""rate"": 0.001, ""tolerance"": 1e-06}"
six_hump_camel,Six-Hump Camel,285,2757,gradient,2,"[-2.0, 2.0]","[0.7291851601209149, -0.5605522293401601]","[0.08996978104243111, -0.712671088082466]",-1.0316283899580414,1169,1171,"{""max_iterations"": 5000, ""rate"": 0.001, ""tolerance"": 1e-06}"
six_hump_camel,Six-Hump Camel,286,2758,gradient,2,"[-2.0, 2.0]","[0.00878340918190812, 1.1278727875450225]","[-0.08971401457188244, 0.7126420106204584]",-1.0316283897606628,809,811,"{""max_iterations"": 5000, ""rate"": 0.001, ""tolerance"": 1e-06}"
six_hump_camel,Six-Hump Camel,287,2759,gradient,2,"[-2.0, 2.0]","[1.5821406911984757, 0.9470519314153663]","[1.6070521911371218, 0.5687804176972364]",2.1042503793877443,982,984,"{""max_iterations"": 5000, ""rate"": 0.001, ""tolerance"": 1e-06}"
six_hump_camel,Six-Hump Camel,288,2760,gradient,2,"[-2.0, 2.0]","[1.983382492348166, 0.8147513529808585]","[1.6070787354666196, 0.5687858390634211]",2.1042503780089734,877,879,"{""max_iterations"": 5000, ""rate"": 0.001, ""tolerance"": 1e-06}"
six_hump_camel,Six-Hump Camel,289,2761,gradient,2,"[-2.0, 2.0]","[0.10702151949398697, 1.3166168890328316]","[-0.08971404357209632, 0.712641750830051]",-1.0316283897606426,917,919,"{""max_iterations"": 5000, ""rate"": 0.001, ""tolerance"": 1e-06}"
six_hump_camel,Six-Hump Camel,290,2753,gradient,2,"[-2.0, 2.0]","[1.619910527327384, -1.773724482565175]","[1.7035998850326253, -0.7961257860634093]",-0.2154638036694252,392,394,"{""max_iterations"": 5000, ""rate"": 0.001, ""tolerance"": 1e-06}"
six_hump_camel,Six-Hump Camel,291,2754,gradient,2,"[-2.0, 2.0]","[-0.06503190282752103, 1.5254541017294896]","[-0.08996893840393853, 0.7126767406899721]",-1.031628389878542,648,650,"{""max_iterations"": 5000, ""rate"": 0.001, ""tolerance"": 1e-06}"
six_hump_camel,Six-Hump Camel,292,2755,gradient,2,"[-2.0, 2.0]","[-0.7515878260061242, -0.44909232396608445]","[0.08971441392184813, -0.7126417197790405]",-1.0316283901207368,1172,1174,"{""max_iterations"": 5000, ""rate"": 0.001, ""tolerance"": 1e-06}"
six_hump_camel,Six-Hump Camel,293,2756,gradient,2,"[-2.0, 2.0]","[0.622375305953609, 1.8484499802819343]","[-0.08971448908116593, 0.712641736159576]",-1.0316283901962398,1117,1119,"{""max_iterations"": 5000, ""rate"": 0.001, ""tolerance"": 1e-06}"
six_hump_camel,Six-Hump Camel,294,2757,gradient,2,"[-2.0, 2.0]","[0.7291851601209149, -0.5605522293401601]","[0.08996978104243111, -0.712671088082466]",-1.0316283899580414,1169,1171,"{""max_iterations"": 5000, ""rate"": 0.001, ""tolerance"": 1e-06}"
six_hump_camel,Six-Hump Camel,295,2758,gradient,2,"[-2.0, 2.0]","[0.00878340918190812, 1.1278727875450225]","[-0.08971401457188244, 0.7126420106204584]",-1.0316283897606628,809,811,"{""max_iterations"": 5000, ""rate"": 0.001, ""tolerance"": 1e-06}"
six_hump_camel,Six-Hump Camel,296,2759,gradient,2,"[-2.0, 2.0]","[1.5821406911984757, 0.9470519314153663]","[1.6070521911371218, 0.5687804176972364]",2.1042503793877443,982,984,"{""max_iterations"": 5000, ""rate"": 0.001, ""tolerance"": 1e-06}"
six_hump_camel,Six-Hump Camel,297,2760,gradient,2,"[-2.0, 2.0]","[1.983382492348166, 0.8147513529808585]","[1.6070787354666196, 0.5687858390634211]",2.1042503780089734,877,879,"{""max_iterations"": 5000, ""rate"": 0.001, ""tolerance"": 1e-06}"
six_hump_camel,Six-Hump Camel,298,2761,gradient,2,"[-2.0, 2.0]","[0.10702151949398697, 1.3166168890328316]","[-0.08971404357209632, 0.712641750830051]",-1.0316283897606426,917,919,"{""max_iterations"": 5000, ""rate"": 0.001, ""tolerance"": 1e-06}"
six_hump_camel,Six-Hump Camel,299,2762,gradient,2,"[-2.0, 2.0]","[1.0048365853827042, 0.07017353020359796]","[0.0897238263064415, -0.7126232772092598]",-1.0316283939615924,1036,1038,"{""max_iterations"": 5000, ""rate"": 0.001, ""tolerance"": 1e-06}"
six_hump_camel,Six-Hump Camel,300,2745,gradient,2,"[-2.0, 2.0]","[-1.0046898099503414, 1.5415745440188342]","[-0.08996996350597466, 0.7126711096483179]",-1.0316283897763892,1383,1385,"{""max_iterations"": 5000, ""rate"": 0.001, ""tolerance"": 1e-06}"
six_hump_camel,Six-Hump Camel,301,2746,gradient,2,"[-2.0, 2.0]","[-1.3545944774229182, -1.5157359003181603]","[-1.607033753126391, -0.5687688111515017]",2.104250378034644,1317,1319,"{""max_iterations"": 5000, ""rate"": 0.001, ""tolerance"": 1e-06}"
six_hump_camel,Six-Hump Camel,302,2747,gradient,2,"[-2.0, 2.0]","[-0.5026438847062398, 1.725947870819295]","[-0.08996951944376963, 0.7126710612370615]",-1.031628390217566,1093,1095,"{""max_iterations"": 5000, ""rate"": 0.001, ""tolerance"": 1e-06}"
six_hump_camel,Six-Hump Camel,303,2748,gradient,2,"[-2.0, 2.0]","[1.998796265867298, 0.7717777888990791]","[1.607086196013165, 0.5687854150047207]",2.104250376991593,852,854,"{""max_iterations"": 5000, ""rate"": 0.001, ""tolerance"": 1e-06}"
six_hump_camel,Six-Hump Camel,304,2749,gradient,2,"[-2.0, 2.0]","[-1.731695363355798, -1.0602205711865884]","[-1.6070605169692542, -0.5687833108397078]",2.1042503792963334,959,961,"{""max_iterations"": 5000, ""rate"": 0.001, ""tolerance"": 1e-06}"
six_hump_camel,Six-Hump Camel,305,2750,gradient,2,"[-2.0, 2.0]","[0.42932928958018435, -0.21549857063733402]","[0.08996989602106581, -0.7126708058029854]",-1.0316283898762797,966,968,"{""max_iterations"": 5000, ""rate"": 0.001, ""tolerance"": 1e-06}"
six_hump_camel,Six-Hump Camel,306,2751,gradient,2,"[-2.0, 2.0]","[-1.7060536865330547, -0.2734880039536338]","[-1.6071528491772997, -0.5685212432345308]",2.104250378922411,1436,1438,"{""max_iterations"": 5000, ""rate"": 0.001, ""tolerance"": 1e-06}"
six_hump_camel,Six-Hump Camel,307,2752,gradient,2,"[-2.0, 2.0]","[0.8943521053725485, -1.4940279199197528]","[0.08997028365274781, -0.712671146492393]",-1.0316283894571519,1274,1276,"{""max_iterations"": 5000, ""rate"": 0.001, ""tolerance"": 1e-06}"
six_hump_camel,Six-Hump Camel,308,2753,gradient,2,"[-2.0, 2.0]","[1.619910527327384, -1.773724482565175]","[1.7035998850326253, -0.7961257860634093]",-0.2154638036694252,392,394,"{""max_iterations"": 5000, ""rate"": 0.001, ""tolerance"": 1e-06}"
six_hump_camel,Six-Hump Camel,309,2754,gradient,2,"[-2.0, 2.0]","[-0.06503190282752103, 1.5254541017294896]","[-0.08996893840393853, 0.7126767406899721]",-1.031628389878542,648,650,"{""max_iterations"": 5000, ""rate"": 0.001, ""tolerance"": 1e-06}"
six_hump_camel,Six-Hump Camel,310,2746,gradient,2,"[-2.0, 2.0]","[-1.3545944774229182, -1.5157359003181603]","[-1.607033753126391, -0.5687688111515017]",2.104250378034644,1317,1319,"{""max_iterations"": 5000, ""rate"": 0.001, ""tolerance"": 1e-06}"
six_hump_camel,Six-Hump Camel,311,2747,gradient,2,"[-2.0, 2.0]","[-0.5026438847062398, 1.725947870819295]","[-0.08996951944376963, 0.7126710612370615]",-1.031628390217566,1093,1095,"{""max_iterations"": 5000, ""rate"": 0.001, ""tolerance"": 1e-06}"
six_hump_camel,Six-Hump Camel,312,2748,gradient,2,"[-2.0, 2.0]","[1.998796265867298, 0.7717777888990791]","[1.607086196013165, 0.5687854150047207]",2.104250376991593,852,854,"{""max_iterations"": 5000, ""rate"": 0.001, ""tolerance"": 1e-06}"
six_hump_camel,Six-Hump Camel,313,2749,gradient,2,"[-2.0, 2.0]","[-1.731695363355798, -1.0602205711865884]","[-1.6070605169692542, -0.5687833108397078]",2.1042503792963334,959,961,"{""max_iterations"": 5000, ""rate"": 0.001, ""tolerance"": 1e-06}"
six_hump_camel,Six-Hump Camel,314,2750,gradient,2,"[-2.0, 2.0]","[0.42932928958018435, -0.21549857063733402]","[0.08996989602106581, -0.7126708058029854]",-1.0316283898762797,966,968,"{""max_iterations"": 5000, ""rate"": 0.001, ""tolerance"": 1e-06}"
six_hump_camel,Six-Hump Camel,315,2751,gradient,2,"[-2.0, 2.0]","[-1.7060536865330547, -0.2734880039536338]","[-1.6071528491772997, -0.5685212432345308]",2.104250378922411,1436,1438,"{""max_iterations"": 5000, ""rate"": 0.001, ""tolerance"": 1e-06}"
six_hump_camel,Six-Hump Camel,316,2752,gradient,2,"[-2.0, 2.0]","[0.8943521053725485, -1.4940279199197528]","[0.08997028365274781, -0.712671146492393]",-1.0316283894571519,1274,1276,"{""max_iterations"": 5000, ""rate"": 0.001, ""tolerance"": 1e-06}"
six_hump_camel,Six-Hump Camel,317,2753,gradient,2,"[-2.0, 2.0]","[1.619910527327384, -1.773724482565175]","[1.7035998850326253, -0.7961257860634093]",-0.2154638036694252,392,394,"{""max_iterations"": 5000, ""rate"": 0.001, ""tolerance"": 1e-06}"
six_hump_camel,Six-Hump Camel,318,2754,gradient,2,"[-2.0, 2.0]","[-0.06503190282752103, 1.5254541017294896]","[-0.08996893840393853, 0.7126767406899721]",-1.031628389878542,648,650,"{""max_iterations"": 5000, ""rate"": 0.001, ""tolerance"": 1e-06}"
six_hump_camel,Six-Hump Camel,319,2755,gradient,2,"[-2.0, 2.0]","[-0.7515878260061242, -0.44909232396608445]","[0.08971441392184813, -0.7126417197790405]",-1.0316283901207368,1172,1174,"{""max_iterations"": 5000, ""rate"": 0.001, ""tolerance"": 1e-06}"
six_hump_camel,Six-Hump Camel,320,2747,gradient,2,"[-2.0, 2.0]","[-0.5026438847062398, 1.725947870819295]","[-0.08996951944376963, 0.7126710612370615]",-1.031628390217566,1093,1095,"{""max_iterations"": 5000, ""rate"": 0.001, ""tolerance"": 1e-06}"
six_hump_camel,Six-Hump Camel,321,2748,gradient,2,"[-2.0, 2.0]","[1.998796265867298, 0.7717777888990791]","[1.607086196013165, 0.5687854150047207]",2.104250376991593,852,854,"{""max_iterations"": 5000, ""rate"": 0.001, ""tolerance"": 1e-06}"
six_hump_camel,Six-Hump Camel,322,2749,gradient,2,"[-2.0, 2.0]","[-1.731695363355798, -1.0602205711865884]","[-1.6070605169692542, -0.5687833108397078]",2.1042503792963334,959,961,"{""max_iterations"": 5000, ""rate"": 0.001, ""tolerance"": 1e-06}"
six_hump_camel,Six-Hump Camel,323,2750,gradient,2,"[-2.0, 2.0]","[0.42932928958018435, -0.21549857063733402]","[0.08996989602106581, -0.7126708058029854]",-1.0316283898762797,966,968,"{""max_iterations"": 5000, ""rate"": 0.001, ""tolerance"": 1e-06}"
six_hump_camel,Six-Hump Camel,324,2751,gradient,2,"[-2.0, 2.0]","[-1.7060536865330547, -0.2734880039536338]","[-1.6071528491772997, -0.5685212432345308]",2.104250378922411,1436,1438,"{""max_iterations"": 5000, ""rate"": 0.001, ""tolerance"": 1e-06}"
six_hump_camel,Six-Hump Camel,325,2752,gradient,2,"[-2.0, 2.0]","[0.8943521053725485, -1.4940279199197528]","[0.08997028365274781, -0.712671146492393]",-1.0316283894571519,1274,1276,"{""max_iterations"": 5000, ""rate"": 0.001, ""tolerance"": 1e-06}"
six_hump_camel,Six-Hump Camel,326,2753,gradient,2,"[-2.0, 2.0]","[1.619910527327384, -1.773724482565175]","[1.7035998850326253, -0.7961257860634093]",-0.2154638036694252,392,394,"{""max_iterations"": 5000, ""rate"": 0.001, ""tolerance"": 1e-06}"
six_hump_camel,Six-Hump Camel,327,2754,gradient,2,"[-2.0, 2.0]","[-0.06503190282752103, 1.5254541017294896]","[-0.08996893840393853, 0.7126767406899721]",-1.031628389878542,648,650,"{""max_iterations"": 5000, ""rate"": 0.001, ""tolerance"": 1e-06}"
six_hump_camel,Six-Hump Camel,328,2755,gradient,2,"[-2.0, 2.0]","[-0.7515878260061242, -0.44909232396608445]","[0.08971441392184813, -0.7126417197790405]",-1.0316283901207368,1172,1174,"{""max_iterations"": 5000, ""rate"": 0.001, ""tolerance"": 1e-06}"
six_hump_camel,Six-Hump Camel,329,2756,gradient,2,"[-2.0, 2.0]","[0.622375305953609, 1.8484499802819343]","[-0.08971448908116593, 0.712641736159576]",-1.0316283901962398,1117,1119,"{""max_iterations"": 5000, ""rate"": 0.001, ""tolerance"": 1e-06}"
six_hump_camel,Six-Hump Camel,330,2748,gradient,2,"[-2.0, 2.0]","[1.998796265867298, 0.7717777888990791]","[1.607086196013165, 0.5687854150047207]",2.104250376991593,852,854,"{""max_iterations"": 5000, ""rate"": 0.001, ""tolerance"": 1e-06}"
six_hump_camel,Six-Hump Camel,331,2749,gradient,2,"[-2.0, 2.0]","[-1.731695363355798, -1.0602205711865884]","[-1.6070605169692542, -0.5687833108397078]",2.1042503792963334,959,961,"{""max_iterations"": 5000, ""rate"": 0.001, ""tolerance"": 1e-06}"
six_hump_camel,Six-Hump Camel,332,2750,gradient,2,"[-2.0, 2.0]","[0.42932928958018435, -0.21549857063733402]","[0.08996989602106581, -0.7126708058029854]",-1.0316283898762797,966,968,"{""max_iterations"": 5000, ""rate"": 0.001, ""tolerance"": 1e-06}"
six_hump_camel,Six-Hump Camel,333,2751,gradient,2,"[-2.0, 2.0]","[-1.7060536865330547, -0.2734880039536338]","[-1.6071528491772997, -0.5685212432345308]",2.104250378922411,1436,1438,"{""max_iterations"": 5000, ""rate"": 0.001, ""tolerance"": 1e-06}"
six_hump_camel,Six-Hump Camel,334,2752,gradient,2,"[-2.0, 2.0]","[0.8943521053725485, -1.4940279199197528]","[0.08997028365274781, -0.712671146492393]",-1.0316283894571519,1274,1276,"{""max_iterations"": 5000, ""rate"": 0.001, ""tolerance"": 1e-06}"
six_hump_camel,Six-Hump Camel,335,2753,gradient,2,"[-2.0, 2.0]","[1.619910527327384, -1.773724482565175]","[1.7035998850326253, -0.7961257860634093]",-0.2154638036694252,392,394,"{""max_iterations"": 5000, ""rate"": 0.001, ""tolerance"": 1e-06}"
six_hump_camel,Six-Hump Camel,336,2754,gradient,2,"[-2.0, 2.0]","[-0.06503190282752103, 1.5254541017294896]","[-0.08996893840393853, 0.7126767406899721]",-1.031628389878542,648,650,"{""max_iterations"": 5000, ""rate"": 0.001, ""tolerance"": 1e-06}"
six_hump_camel,Six-Hump Camel,337,2755,gradient,2,"[-2.0, 2.0]","[-0.7515878260061242, -0.44909232396608445]","[0.08971441392184813, -0.7126417197790405]",-1.0316283901207368,1172,1174,"{""max_iterations"": 5000, ""rate"": 0.001, ""tolerance"": 1e-06}"
six_hump_camel,Six-Hump Camel,338,2756,gradient,2,"[-2.0, 2.0]","[0.622375305953609, 1.8484499802819343]","[-0.08971448908116593, 0.712641736159576]",-1.0316283901962398,1117,1119,"{""max_iterations"": 5000, ""rate"": 0.001, ""tolerance"": 1e-06}"
six_hump_camel,Six-Hump Camel,339,2757,gradient,2,"[-2.0, 2.0]","[0.7291851601209149, -0.5605522293401601]","[0.08996978104243111, -0.712671088082466]",-1.0316283899580414,1169,1171,"{""max_iterations"": 5000, ""rate"": 0.001, ""tolerance"": 1e-06}"
six_hump_camel,Six-Hump Camel,340,2749,gradient,2,"[-2.0, 2.0]","[-1.731695363355798, -1.0602205711865884]","[-1.6070605169692542, -0.5687833108397078]",2.1042503792963334,959,961,"{""max_iterations"": 5000, ""rate"": 0.001, ""tolerance"": 1e-06}"
six_hump_camel,Six-Hump Camel,341,2750,gradient,2,"[-2.0, 2.0]","[0.42932928958018435, -0.21549857063733402]","[0.08996989602106581, -0.7126708058029854]",-1.0316283898762797,966,968,"{""max_iterations"": 5000, ""rate"": 0.001, ""tolerance"": 1e-06}"
six_hump_camel,Six-Hump Camel,342,2751,gradient,2,"[-2.0, 2.0]","[-1.7060536865330547, -0.2734880039536338]","[-1.6071528491772997, -0.5685212432345308]",2.104250378922411,1436,1438,"{""max_iterations"": 5000, ""rate"": 0.001, ""tolerance"": 1e-06}"
six_hump_camel,Six-Hump Camel,343,2752,gradient,2,"[-2.0, 2.0]","[0.8943521053725485, -1.4940279199197528]","[0.08997028365274781, -0.712671146492393]",-1.0316283894571519,1274,1276,"{""max_iterations"": 5000, ""rate"": 0.001, ""tolerance"": 1e-06}"
six_hump_camel,Six-Hump Camel,344,2753,gradient,2,"[-2.0, 2.0]","[1.619910527327384, -1.773724482565175]","[1.7035998850326253, -0.7961257860634093]",-0.2154638036694252,392,394,"{""max_iterations"": 5000, ""rate"": 0.001, ""tolerance"": 1e-06}"
six_hump_camel,Six-Hump Camel,345,2754,gradient,2,"[-2.0, 2.0]","[-0.06503190282752103, 1.5254541017294896]","[-0.08996893840393853, 0.7126767406899721]",-1.031628389878542,648,650,"{""max_iterations"": 5000, ""rate"": 0.001, ""tolerance"": 1e-06}"
six_hump_camel,Six-Hump Camel,346,2755,gradient,2,"[-2.0, 2.0]","[-0.7515878260061242, -0.44909232396608445]","[0.08971441392184813, -0.7126417197790405]",-1.0316283901207368,1172,1174,"{""max_iterations"": 5000, ""rate"": 0.001, ""tolerance"": 1e-06}"
six_hump_camel,Six-Hump Camel,347,2756,gradient,2,"[-2.0, 2.0]","[0.622375305953609, 1.8484499802819343]","[-0.08971448908116593, 0.712641736159576]",-1.0316283901962398,1117,1119,"{""max_iterations"": 5000, ""rate"": 0.001, ""tolerance"": 1e-06}"
six_hump_camel,Six-Hump Camel,348,2757,gradient,2,"[-2.0, 2.0]","[0.7291851601209149, -0.5605522293401601]","[0.08996978104243111, -0.712671088082466]",-1.0316283899580414,1169,1171,"{""max_iterations"": 5000, ""rate"": 0.001, ""tolerance"": 1e-06}"
six_hump_camel,Six-Hump Camel,349,2758,gradient,2,"[-2.0, 2.0]","[0.00878340918190812, 1.1278727875450225]","[-0.08971401457188244, 0.7126420106204584]",-1.0316283897606628,809,811,"{""max_iterations"": 5000, ""rate"": 0.001, ""tolerance"": 1e-06}"
six_hump_camel,Six-Hump Camel,350,2750,gradient,2,"[-2.0, 2.0]","[0.42932928958018435, -0.21549857063733402]","[0.08996989602106581, -0.7126708058029854]",-1.0316283898762797,966,968,"{""max_iterations"": 5000, ""rate"": 0.001, ""tolerance"": 1e-06}"
six_hump_camel,Six-Hump Camel,351,2751,gradient,2,"[-2.0, 2.0]","[-1.7060536865330547, -0.2734880039536338]","[-1.6071528491772997, -0.5685212432345308]",2.104250378922411,1436,1438,"{""max_iterations"": 5000, ""rate"": 0.001, ""tolerance"": 1e-06}"
six_hump_camel,Six-Hump Camel,352,2752,gradient,2,"[-2.0, 2.0]","[0.8943521053725485, -1.4940279199197528]","[0.08997028365274781, -0.712671146492393]",-1.0316283894571519,1274,1276,"{""max_iterations"": 5000, ""rate"": 0.001, ""tolerance"": 1e-06}"
six_hump_camel,Six-Hump Camel,353,2753,gradient,2,"[-2.0, 2.0]","[1.619910527327384, -1.773724482565175]","[1.7035998850326253, -0.7961257860634093]",-0.2154638036694252,392,394,"{""max_iterations"": 5000, ""rate"": 0.001, ""tolerance"": 1e-06}"
six_hump_camel,Six-Hump Camel,354,2754,gradient,2,"[-2.0, 2.0]","[-0.06503190282752103, 1.5254541017294896]","[-0.08996893840393853, 0.7126767406899721]",-1.031628389878542,648,650,"{""max_iterations"": 5000, ""rate"": 0.001, ""tolerance"": 1e-06}"
six_hump_camel,Six-Hump Camel,355,2755,gradient,2,"[-2.0, 2.0]","[-0.7515878260061242, -0.44909232396608445]","[0.08971441392184813, -0.7126417197790405]",-1.0316283901207368,1172,1174,"{""max_iterations"": 5000, ""rate"": 0.001, ""tolerance"": 1e-06}"
six_hump_camel,Six-Hump Camel,356,2756,gradient,2,"[-2.0, 2.0]","[0.622375305953609, 1.8484499802819343]","[-0.08971448908116593, 0.712641736159576]",-1.0316283901962398,1117,1119,"{""max_iterations"": 5000, ""rate"": 0.001, ""tolerance"": 1e-06}"
six_hump_camel,Six-Hump Camel,357,2757,gradient,2,"[-2.0, 2.0]","[0.7291851601209149, -0.5605522293401601]","[0.08996978104243111, -0.712671088082466]",-1.0316283899580414,1169,1171,"{""max_iterations"": 5000, ""rate"": 0.001, ""tolerance"": 1e-06}"
six_hump_camel,Six-Hump Camel,358,2758,gradient,2,"[-2.0, 2.0]","[0.00878340918190812, 1.1278727875450225]","[-0.08971401457188244, 0.7126420106204584]",-1.0316283897606628,809,811,"{""max_iterations"": 5000, ""rate"": 0.001, ""tolerance"": 1e-06}"
six_hump_camel,Six-Hump Camel,359,2759,gradient,2,"[-2.0, 2.0]","[1.5821406911984757, 0.9470519314153663]","[1.6070521911371218, 0.5687804176972364]",2.1042503793877443,982,984,"{""max_iterations"": 5000, ""rate"": 0.001, ""tolerance"": 1e-06}"
six_hump_camel,Six-Hump Camel,360,2751,gradient,2,"[-2.0, 2.0]","[-1.7060536865330547, -0.2734880039536338]","[-1.6071528491772997, -0.5685212432345308]",2.104250378922411,1436,1438,"{""max_iterations"": 5000, ""rate"": 0.001, ""tolerance"": 1e-06}"
six_hump_camel,Six-Hump Camel,361,2752,gradient,2,"[-2.0, 2.0]","[0.8943521053725485, -1.4940279199197528]","[0.08997028365274781, -0.712671146492393]",-1.0316283894571519,1274,1276,"{""max_iterations"": 5000, ""rate"": 0.001, ""tolerance"": 1e-06}"
six_hump_camel,Six-Hump Camel,362,2753,gradient,2,"[-2.0, 2.0]","[1.619910527327384, -1.773724482565175]","[1.7035998850326253, -0.7961257860634093]",-0.2154638036694252,392,394,"{""max_iterations"": 5000, ""rate"": 0.001, ""tolerance"": 1e-06}"
six_hump_camel,Six-Hump Camel,363,2754,gradient,2,"[-2.0, 2.0]","[-0.06503190282752103, 1.5254541017294896]","[-0.08996893840393853, 0.7126767406899721]",-1.031628389878542,648,650,"{""max_iterations"": 5000, ""rate"": 0.001, ""tolerance"": 1e-06}"
six_hump_camel,Six-Hump Camel,364,2755,gradient,2,"[-2.0, 2.0]","[-0.7515878260061242, -0.44909232396608445]","[0.08971441392184813, -0.7126417197790405]",-1.0316283901207368,1172,1174,"{""max_iterations"": 5000, ""rate"": 0.001, ""tolerance"": 1e-06}"
six_hump_camel,Six-Hump Camel,365,2756,gradient,2,"[-2.0, 2.0]","[0.622375305953609, 1.8484499802819343]","[-0.08971448908116593, 0.712641736159576]",-1.0316283901962398,1117,1119,"{""max_iterations"": 5000, ""rate"": 0.001, ""tolerance"": 1e-06}"
six_hump_camel,Six-Hump Camel,366,2757,gradient,2,"[-2.0, 2.0]","[0.7291851601209149, -0.5605522293401601]","[0.08996978104243111, -0.712671088082466]",-1.0316283899580414,1169,1171,"{""max_iterations"": 5000, ""rate"": 0.001, ""tolerance"": 1e-06}"
six_hump_camel,Six-Hump Camel,367,2758,gradient,2,"[-2.0, 2.0]","[0.00878340918190812, 1.1278727875450225]","[-0.08971401457188244, 0.7126420106204584]",-1.0316283897606628,809,811,"{""max_iterations"": 5000, ""rate"": 0.001, ""tolerance"": 1e-06}"
six_hump_camel,Six-Hump Camel,368,2759,gradient,2,"[-2.0, 2.0]","[1.5821406911984757, 0.9470519314153663]","[1.6070521911371218, 0.5687804176972364]",2.1042503793877443,982,984,"{""max_iterations"": 5000, ""rate"": 0.001, ""tolerance"": 1e-06}"
six_hump_camel,Six-Hump Camel,369,2760,gradient,2,"[-2.0, 2.0]","[1.983382492348166, 0.8147513529808585]","[1.6070787354666196, 0.5687858390634211]",2.1042503780089734,877,879,"{""max_iterations"": 5000, ""rate"": 0.001, ""tolerance"": 1e-06}"
six_hump_camel,Six-Hump Camel,370,2752,gradient,2,"[-2.0, 2.0]","[0.8943521053725485, -1.4940279199197528]","[0.08997028365274781, -0.712671146492393]",-1.0316283894571519,1274,1276,"{""max_iterations"": 5000, ""rate"": 0.001, ""tolerance"": 1e-06}"
six_hump_camel,Six-Hump Camel,371,2753,gradient,2,"[-2.0, 2.0]","[1.619910527327384, -1.773724482565175]","[1.7035998850326253, -0.7961257860634093]",-0.2154638036694252,392,394,"{""max_iterations"": 5000, ""rate"": 0.001, ""tolerance"": 1e-06}"
six_hump_camel,Six-Hump Camel,372,2754,gradient,2,"[-2.0, 2.0]","[-0.06503190282752103, 1.5254541017294896]","[-0.08996893840393853, 0.7126767406899721]",-1.031628389878542,648,650,"{""max_iterations"": 5000, ""rate"": 0.001, ""tolerance"": 1e-06}"
six_hump_camel,Six-Hump Camel,373,2755,gradient,2,"[-2.0, 2.0]","[-0.7515878260061242, -0.44909232396608445]","[0.08971441392184813, -0.7126417197790405]",-1.0316283901207368,1172,1174,"{""max_iterations"": 5000, ""rate"": 0.001, ""tolerance"": 1e-06}"
six_hump_camel,Six-Hump Camel,374,2756,gradient,2,"[-2.0, 2.0]","[0.622375305953609, 1.8484499802819343]","[-0.08971448908116593, 0.712641736159576]",-1.0316283901962398,1117,1119,"{""max_iterations"": 5000, ""rate"": 0.001, ""tolerance"": 1e-06}"
six_hump_camel,Six-Hump Camel,375,2757,gradient,2,"[-2.0, 2.0]","[0.7291851601209149, -0.5605522293401601]","[0.08996978104243111, -0.712671088082466]",-1.0316283899580414,1169,1171,"{""max_iterations"": 5000, ""rate"": 0.001, ""tolerance"": 1e-06}"
six_hump_camel,Six-Hump Camel,376,2758,gradient,2,"[-2.0, 2.0]","[0.00878340918190812, 1.1278727875450225]","[-0.08971401457188244, 0.7126420106204584]",-1.0316283897606628,809,811,"{""max_iterations"": 5000, ""rate"": 0.001, ""tolerance"": 1e-06}"
six_hump_camel,Six-Hump Camel,377,2759,gradient,2,"[-2.0, 2.0]","[1.5821406911984757, 0.9470519314153663]","[1.6070521911371218, 0.5687804176972364]",2.1042503793877443,982,984,"{""max_iterations"": 5000, ""rate"": 0.001, ""tolerance"": 1e-06}"
six_hump_camel,Six-Hump Camel,378,2760,gradient,2,"[-2.0, 2.0]","[1.983382492348166, 0.8147513529808585]","[1.6070787354666196, 0.5687858390634211]",2.1042503780089734,877,879,"{""max_iterations"": 5000, ""rate"": 0.001, ""tolerance"": 1e-06}"
six_hump_camel,Six-Hump Camel,379,2761,gradient,2,"[-2.0, 2.0]","[0.10702151949398697, 1.3166168890328316]","[-0.08971404357209632, 0.712641750830051]",-1.0316283897606426,917,919,"{""max_iterations"": 5000, ""rate"": 0.001, ""tolerance"": 1e-06}"
six_hump_camel,Six-Hump Camel,380,2753,gradient,2,"[-2.0, 2.0]","[1.619910527327384, -1.773724482565175]","[1.7035998850326253, -0.7961257860634093]",-0.2154638036694252,392,394,"{""max_iterations"": 5000, ""rate"": 0.001, ""tolerance"": 1e-06}"
six_hump_camel,Six-Hump Camel,381,2754,gradient,2,"[-2.0, 2.0]","[-0.06503190282752103, 1.5254541017294896]","[-0.08996893840393853, 0.7126767406899721]",-1.031628389878542,648,650,"{""max_iterations"": 5000, ""rate"": 0.001, ""tolerance"": 1e-06}"
six_hump_camel,Six-Hump Camel,382,2755,gradient,2,"[-2.0, 2.0]","[-0.7515878260061242, -0.44909232396608445]","[0.08971441392184813, -0.7126417197790405]",-1.0316283901207368,1172,1174,"{""max_iterations"": 5000, ""rate"": 0.001, ""tolerance"": 1e-06}"
six_hump_camel,Six-Hump Camel,383,2756,gradient,2,"[-2.0, 2.0]","[0.622375305953609, 1.8484499802819343]","[-0.08971448908116593, 0.712641736159576]",-1.0316283901962398,1117,1119,"{""max_iterations"": 5000, ""rate"": 0.001, ""tolerance"": 1e-06}"
six_hump_camel,Six-Hump Camel,384,2757,gradient,2,"[-2.0, 2.0]","[0.7291851601209149, -0.5605522293401601]","[0.08996978104243111, -0.712671088082466]",-1.0316283899580414,1169,1171,"{""max_iterations"": 5000, ""rate"": 0.001, ""tolerance"": 1e-06}"
six_hump_camel,Six-Hump Camel,385,2758,gradient,2,"[-2.0, 2.0]","[0.00878340918190812, 1.1278727875450225]","[-0.08971401457188244, 0.7126420106204584]",-1.0316283897606628,809,811,"{""max_iterations"": 5000, ""rate"": 0.001, ""tolerance"": 1e-06}"
six_hump_camel,Six-Hump Camel,386,2759,gradient,2,"[-2.0, 2.0]","[1.5821406911984757, 0.9470519314153663]","[1.6070521911371218, 0.5687804176972364]",2.1042503793877443,982,984,"{""max_iterations"": 5000, ""rate"": 0.001, ""tolerance"": 1e-06}"
six_hump_camel,Six-Hump Camel,387,2760,gradient,2,"[-2.0, 2.0]","[1.983382492348166, 0.8147513529808585]","[1.6070787354666196, 0.5687858390634211]",2.1042503780089734,877,879,"{""max_iterations"": 5000, ""rate"": 0.001, ""tolerance"": 1e-06}"
six_hump_camel,Six-Hump Camel,388,2761,gradient,2,"[-2.0, 2.0]","[0.10702151949398697, 1.3166168890328316]","[-0.08971404357209632, 0.712641750830051]",-1.0316283897606426,917,919,"{""max_iterations"": 5000, ""rate"": 0.001, ""tolerance"": 1e-06}"
six_hump_camel,Six-Hump Camel,389,2762,gradient,2,"[-2.0, 2.0]","[1.0048365853827042, 0.07017353020359796]","[0.0897238263064415, -0.7126232772092598]",-1.0316283939615924,1036,1038,"{""max_iterations"": 5000, ""rate"": 0.001, ""tolerance"": 1e-06}"
six_hump_camel,Six-Hump Camel,390,2754,gradient,2,"[-2.0, 2.0]","[-0.06503190282752103, 1.5254541017294896]","[-0.08996893840393853, 0.7126767406899721]",-1.031628389878542,648,650,"{""max_iterations"": 5000, ""rate"": 0.001, ""tolerance"": 1e-06}"
six_hump_camel,Six-Hump Camel,391,2755,gradient,2,"[-2.0, 2.0]","[-0.7515878260061242, -0.44909232396608445]","[0.08971441392184813, -0.7126417197790405]",-1.0316283901207368,1172,1174,"{""max_iterations"": 5000, ""rate"": 0.001, ""tolerance"": 1e-06}"
six_hump_camel,Six-Hump Camel,392,2756,gradient,2,"[-2.0, 2.0]","[0.622375305953609, 1.8484499802819343]","[-0.08971448908116593, 0.712641736159576]",-1.0316283901962398,1117,1119,"{""max_iterations"": 5000, ""rate"": 0.001, ""tolerance"": 1e-06}"
six_hump_camel,Six-Hump Camel,393,2757,gradient,2,"[-2.0, 2.0]","[0.7291851601209149, -0.5605522293401601]","[0.08996978104243111, -0.712671088082466]",-1.0316283899580414,1169,1171,"{""max_iterations"": 5000, ""rate"": 0.001, ""tolerance"": 1e-06}"
six_hump_camel,Six-Hump Camel,394,2758,gradient,2,"[-2.0, 2.0]","[0.00878340918190812, 1.1278727875450225]","[-0.08971401457188244, 0.7126420106204584]",-1.0316283897606628,809,811,"{""max_iterations"": 5000, ""rate"": 0.001, ""tolerance"": 1e-06}"
six_hump_camel,Six-Hump Camel,395,2759,gradient,2,"[-2.0, 2.0]","[1.5821406911984757, 0.9470519314153663]","[1.6070521911371218, 0.5687804176972364]",2.1042503793877443,982,984,"{""max_iterations"": 5000, ""rate"": 0.001, ""tolerance"": 1e-06}"
six_hump_camel,Six-Hump Camel,396,2760,gradient,2,"[-2.0, 2.0]","[1.983382492348166, 0.8147513529808585]","[1.6070787354666196, 0.5687858390634211]",2.1042503780089734,877,879,"{""max_iterations"": 5000, ""rate"": 0.001, ""tolerance"": 1e-06}"
six_hump_camel,Six-Hump Camel,397,2761,gradient,2,"[-2.0, 2.0]","[0.10702151949398697, 1.3166168890328316]","[-0.08971404357209632, 0.712641750830051]",-1.0316283897606426,917,919,"{""max_iterations"": 5000, ""rate"": 0.001, ""tolerance"": 1e-06}"
six_hump_camel,Six-Hump Camel,398,2762,gradient,2,"[-2.0, 2.0]","[1.0048365853827042, 0.07017353020359796]","[0.0897238263064415, -0.7126232772092598]",-1.0316283939615924,1036,1038,"{""max_iterations"": 5000, ""rate"": 0.001, ""tolerance"": 1e-06}"
six_hump_camel,Six-Hump Camel,399,2763,gradient,2,"[-2.0, 2.0]","[-1.9243475625678736, -1.3249677333177559]","[-1.6070640708953547, -0.5687836960667478]",2.1042503786804634,962,964,"{""max_iterations"": 5000, ""rate"": 0.001, ""tolerance"": 1e-06}"
six_hump_camel,Six-Hump Camel,400,2746,gradient,2,"[-2.0, 2.0]","[-1.3545944774229182, -1.5157359003181603]","[-1.607033753126391, -0.5687688111515017]",2.104250378034644,1317,1319,"{""max_iterations"": 5000, ""rate"": 0.001, ""tolerance"": 1e-06}"
six_hump_camel,Six-Hump Camel,401,2747,gradient,2,"[-2.0, 2.0]","[-0.5026438847062398, 1.725947870819295]","[-0.08996951944376963, 0.7126710612370615]",-1.031628390217566,1093,1095,"{""max_iterations"": 5000, ""rate"": 0.001, ""tolerance"": 1e-06}"
six_hump_camel,Six-Hump Camel,402,2748,gradient,2,"[-2.0, 2.0]","[1.998796265867298, 0.7717777888990791]","[1.607086196013165, 0.5687854150047207]",2.104250376991593,852,854,"{""max_iterations"": 5000, ""rate"": 0.001, ""tolerance"": 1e-06}"
six_hump_camel,Six-Hump Camel,403,2749,gradient,2,"[-2.0, 2.0]","[-1.731695363355798, -1.0602205711865884]","[-1.6070605169692542, -0.5687833108397078]",2.1042503792963334,959,961,"{""max_iterations"": 5000, ""rate"": 0.001, ""tolerance"": 1e-06}"
six_hump_camel,Six-Hump Camel,404,2750,gradient,2,"[-2.0, 2.0]","[0.42932928958018435, -0.21549857063733402]","[0.08996989602106581, -0.7126708058029854]",-1.0316283898762797,966,968,"{""max_iterations"": 5000, ""rate"": 0.001, ""tolerance"": 1e-06}"
six_hump_camel,Six-Hump Camel,405,2751,gradient,2,"[-2.0, 2.0]","[-1.7060536865330547, -0.2734880039536338]","[-1.6071528491772997, -0.5685212432345308]",2.104250378922411,1436,1438,"{""max_iterations"": 5000, ""rate"": 0.001, ""tolerance"": 1e-06}"
six_hump_camel,Six-Hump Camel,406,2752,gradient,2,"[-2.0, 2.0]","[0.8943521053725485, -1.4940279199197528]","[0.08997028365274781, -0.712671146492393]",-1.0316283894571519,1274,1276,"{""max_iterations"": 5000, ""rate"": 0.001, ""tolerance"": 1e-06}"
six_hump_camel,Six-Hump Camel,407,2753,gradient,2,"[-2.0, 2.0]","[1.619910527327384, -1.773724482565175]","[1.7035998850326253, -0.7961257860634093]",-0.2154638036694252,392,394,"{""max_iterations"": 5000, ""rate"": 0.001, ""tolerance"": 1e-06}"
six_hump_camel,Six-Hump Camel,408,2754,gradient,2,"[-2.0, 2.0]","[-0.06503190282752103, 1.5254541017294896]","[-0.08996893840393853, 0.7126767406899721]",-1.031628389878542,648,650,"{""max_iterations"": 5000, ""rate"": 0.001, ""tolerance"": 1e-06}"
six_hump_camel,Six-Hump Camel,409,2755,gradient,2,"[-2.0, 2.0]","[-0.7515878260061242, -0.44909232396608445]","[0.08971441392184813, -0.7126417197790405]",-1.0316283901207368,1172,1174,"{""max_iterations"": 5000, ""rate"": 0.001, ""tolerance"": 1e-06}"
six_hump_camel,Six-Hump Camel,410,2747,gradient,2,"[-2.0, 2.0]","[-0.5026438847062398, 1.725947870819295]","[-0.08996951944376963, 0.7126710612370615]",-1.031628390217566,1093,1095,"{""max_iterations"": 5000, ""rate"": 0.001, ""tolerance"": 1e-06}"
six_hump_camel,Six-Hump Camel,411,2748,gradient,2,"[-2.0, 2.0]","[1.998796265867298, 0.7717777888990791]","[1.607086196013165, 0.5687854150047207]",2.104250376991593,852,854,"{""max_iterations"": 5000, ""rate"": 0.001, ""tolerance"": 1e-06}"
six_hump_camel,Six-Hump Camel,412,2749,gradient,2,"[-2.0, 2.0]","[-1.731695363355798, -1.0602205711865884]","[-1.6070605169692542, -0.5687833108397078]",2.1042503792963334,959,961,"{""max_iterations"": 5000, ""rate"": 0.001, ""tolerance"": 1e-06}"
six_hump_camel,Six-Hump Camel,413,2750,gradient,2,"[-2.0, 2.0]","[0.42932928958018435, -0.21549857063733402]","[0.08996989602106581, -0.7126708058029854]",-1.0316283898762797,966,968,"{""max_iterations"": 5000, ""rate"": 0.001, ""tolerance"": 1e-06}"
six_hump_camel,Six-Hump Camel,414,2751,gradient,2,"[-2.0, 2.0]","[-1.7060536865330547, -0.2734880039536338]","[-1.6071528491772997, -0.5685212432345308]",2.104250378922411,1436,1438,"{""max_iterations"": 5000, ""rate"": 0.001, ""tolerance"": 1e-06}"
six_hump_camel,Six-Hump Camel,415,2752,gradient,2,"[-2.0, 2.0]","[0.8943521053725485, -1.4940279199197528]","[0.08997028365274781, -0.712671146492393]",-1.0316283894571519,1274,1276,"{""max_iterations"": 5000, ""rate"": 0.001, ""tolerance"": 1e-06}"
six_hump_camel,Six-Hump Camel,416,2753,gradient,2,"[-2.0, 2.0]","[1.619910527327384, -1.773724482565175]","[1.7035998850326253, -0.7961257860634093]",-0.2154638036694252,392,394,"{""max_iterations"": 5000, ""rate"": 0.001, ""tolerance"": 1e-06}"
six_hump_camel,Six-Hump Camel,417,2754,gradient,2,"[-2.0, 2.0]","[-0.06503190282752103, 1.5254541017294896]","[-0.08996893840393853, 0.7126767406899721]",-1.031628389878542,648,650,"{""max_iterations"": 5000, ""rate"": 0.001, ""tolerance"": 1e-06}"
six_hump_camel,Six-Hump Camel,418,2755,gradient,2,"[-2.0, 2.0]","[-0.7515878260061242, -0.44909232396608445]","[0.08971441392184813, -0.7126417197790405]",-1.0316283901207368,1172,1174,"{""max_iterations"": 5000, ""rate"": 0.001, ""tolerance"": 1e-06}"
six_hump_camel,Six-Hump Camel,419,2756,gradient,2,"[-2.0, 2.0]","[0.622375305953609, 1.8484499802819343]","[-0.08971448908116593, 0.712641736159576]",-1.0316283901962398,1117,1119,"{""max_iterations"": 5000, ""rate"": 0.001, ""tolerance"": 1e-06}"
six_hump_camel,Six-Hump Camel,420,2748,gradient,2,"[-2.0, 2.0]","[1.998796265867298, 0.7717777888990791]","[1.607086196013165, 0.5687854150047207]",2.104250376991593,852,854,"{""max_iterations"": 5000, ""rate"": 0.001, ""tolerance"": 1e-06}"
six_hump_camel,Six-Hump Camel,421,2749,gradient,2,"[-2.0, 2.0]","[-1.731695363355798, -1.0602205711865884]","[-1.6070605169692542, -0.5687833108397078]",2.1042503792963334,959,961,"{""max_iterations"": 5000, ""rate"": 0.001, ""tolerance"": 1e-06}"
six_hump_camel,Six-Hump Camel,422,2750,gradient,2,"[-2.0, 2.0]","[0.42932928958018435, -0.21549857063733402]","[0.08996989602106581, -0.7126708058029854]",-1.0316283898762797,966,968,"{""max_iterations"": 5000, ""rate"": 0.001, ""tolerance"": 1e-06}"
six_hump_camel,Six-Hump Camel,423,2751,gradient,2,"[-2.0, 2.0]","[-1.7060536865330547, -0.2734880039536338]","[-1.6071528491772997, -0.5685212432345308]",2.104250378922411,1436,1438,"{""max_iterations"": 5000, ""rate"": 0.001, ""tolerance"": 1e-06}"
six_hump_camel,Six-Hump Camel,424,2752,gradient,2,"[-2.0, 2.0]","[0.8943521053725485, -1.4940279199197528]","[0.08997028365274781, -0.712671146492393]",-1.0316283894571519,1274,1276,"{""max_iterations"": 5000, ""rate"": 0.001, ""tolerance"": 1e-06}"
six_hump_camel,Six-Hump Camel,425,2753,gradient,2,"[-2.0, 2.0]","[1.619910527327384, -1.773724482565175]","[1.7035998850326253, -0.7961257860634093]",-0.2154638036694252,392,394,"{""max_iterations"": 5000, ""rate"": 0.001, ""tolerance"": 1e-06}"
six_hump_camel,Six-Hump Camel,426,2754,gradient,2,"[-2.0, 2.0]","[-0.06503190282752103, 1.5254541017294896]","[-0.08996893840393853, 0.7126767406899721]",-1.031628389878542,648,650,"{""max_iterations"": 5000, ""rate"": 0.001, ""tolerance"": 1e-06}"
six_hump_camel,Six-Hump Camel,427,2755,gradient,2,"[-2.0, 2.0]","[-0.7515878260061242, -0.44909232396608445]","[0.08971441392184813, -0.7126417197790405]",-1.0316283901207368,1172,1174,"{""max_iterations"": 5000, ""rate"": 0.001, ""tolerance"": 1e-06}"
six_hump_camel,Six-Hump Camel,428,2756,gradient,2,"[-2.0, 2.0]","[0.622375305953609, 1.8484499802819343]","[-0.08971448908116593, 0.712641736159576]",-1.0316283901962398,1117,1119,"{""max_iterations"": 5000, ""rate"": 0.001, ""tolerance"": 1e-06}"
six_hump_camel,Six-Hump Camel,429,2757,gradient,2,"[-2.0, 2.0]","[0.7291851601209149, -0.5605522293401601]","[0.08996978104243111, -0.712671088082466]",-1.0316283899580414,1169,1171,"{""max_iterations"": 5000, ""rate"": 0.001, ""tolerance"": 1e-06}"
six_hump_camel,Six-Hump Camel,430,2749,gradient,2,"[-2.0, 2.0]","[-1.731695363355798, -1.0602205711865884]","[-1.6070605169692542, -0.5687833108397078]",2.1042503792963334,959,961,"{""max_iterations"": 5000, ""rate"": 0.001, ""tolerance"": 1e-06}"
six_hump_camel,Six-Hump Camel,431,2750,gradient,2,"[-2.0, 2.0]","[0.42932928958018435, -0.21549857063733402]","[0.08996989602106581, -0.7126708058029854]",-1.0316283898762797,966,968,"{""max_iterations"": 5000, ""rate"": 0.001, ""tolerance"": 1e-06}"
six_hump_camel,Six-Hump Camel,432,2751,gradient,2,"[-2.0, 2.0]","[-1.7060536865330547, -0.2734880039536338]","[-1.6071528491772997, -0.5685212432345308]",2.104250378922411,1436,1438,"{""max_iterations"": 5000, ""rate"": 0.001, ""tolerance"": 1e-06}"
six_hump_camel,Six-Hump Camel,433,2752,gradient,2,"[-2.0, 2.0]","[0.8943521053725485, -1.4940279199197528]","[0.08997028365274781, -0.712671146492393]",-1.0316283894571519,1274,1276,"{""max_iterations"": 5000, ""rate"": 0.001, ""tolerance"": 1e-06}"
six_hump_camel,Six-Hump Camel,434,2753,gradient,2,"[-2.0, 2.0]","[1.619910527327384, -1.773724482565175]","[1.7035998850326253, -0.7961257860634093]",-0.2154638036694252,392,394,"{""max_iterations"": 5000, ""rate"": 0.001, ""tolerance"": 1e-06}"
six_hump_camel,Six-Hump Camel,435,2754,gradient,2,"[-2.0, 2.0]","[-0.06503190282752103, 1.5254541017294896]","[-0.08996893840393853, 0.7126767406899721]",-1.031628389878542,648,650,"{""max_iterations"": 5000, ""rate"": 0.001, ""tolerance"": 1e-06}"
six_hump_camel,Six-Hump Camel,436,2755,gradient,2,"[-2.0, 2.0]","[-0.7515878260061242, -0.44909232396608445]","[0.08971441392184813, -0.7126417197790405]",-1.0316283901207368,1172,1174,"{""max_iterations"": 5000, ""rate"": 0.001, ""tolerance"": 1e-06}"
six_hump_camel,Six-Hump Camel,437,2756,gradient,2,"[-2.0, 2.0]","[0.622375305953609, 1.8484499802819343]","[-0.08971448908116593, 0.712641736159576]",-1.0316283901962398,1117,1119,"{""max_iterations"": 5000, ""rate"": 0.001, ""tolerance"": 1e-06}"
six_hump_camel,Six-Hump Camel,438,2757,gradient,2,"[-2.0, 2.0]","[0.7291851601209149, -0.5605522293401601]","[0.08996978104243111, -0.712671088082466]",-1.0316283899580414,1169,1171,"{""max_iterations"": 5000, ""rate"": 0.001, ""tolerance"": 1e-06}"
six_hump_camel,Six-Hump Camel,439,2758,gradient,2,"[-2.0, 2.0]","[0.00878340918190812, 1.1278727875450225]","[-0.08971401457188244, 0.7126420106204584]",-1.0316283897606628,809,811,"{""max_iterations"": 5000, ""rate"": 0.001, ""tolerance"": 1e-06}"
six_hump_camel,Six-Hump Camel,440,2750,gradient,2,"[-2.0, 2.0]","[0.42932928958018435, -0.21549857063733402]","[0.08996989602106581, -0.7126708058029854]",-1.0316283898762797,966,968,"{""max_iterations"": 5000, ""rate"": 0.001, ""tolerance"": 1e-06}"
six_hump_camel,Six-Hump Camel,441,2751,gradient,2,"[-2.0, 2.0]","[-1.7060536865330547, -0.2734880039536338]","[-1.6071528491772997, -0.5685212432345308]",2.104250378922411,1436,1438,"{""max_iterations"": 5000, ""rate"": 0.001, ""tolerance"": 1e-06}"
six_hump_camel,Six-Hump Camel,442,2752,gradient,2,"[-2.0, 2.0]","[0.8943521053725485, -1.4940279199197528]","[0.08997028365274781, -0.712671146492393]",-1.0316283894571519,1274,1276,"{""max_iterations"": 5000, ""rate"": 0.001, ""tolerance"": 1e-06}"
six_hump_camel,Six-Hump Camel,443,2753,gradient,2,"[-2.0, 2.0]","[1.619910527327384, -1.773724482565175]","[1.7035998850326253, -0.7961257860634093]",-0.2154638036694252,392,394,"{""max_iterations"": 5000, ""rate"": 0.001, ""tolerance"": 1e-06}"
six_hump_camel,Six-Hump Camel,444,2754,gradient,2,"[-2.0, 2.0]","[-0.06503190282752103, 1.5254541017294896]","[-0.08996893840393853, 0.7126767406899721]",-1.031628389878542,648,650,"{""max_iterations"": 5000, ""rate"": 0.001, ""tolerance"": 1e-06}"
six_hump_camel,Six-Hump Camel,445,2755,gradient,2,"[-2.0, 2.0]","[-0.7515878260061242, -0.44909232396608445]","[0.08971441392184813, -0.7126417197790405]",-1.0316283901207368,1172,1174,"{""max_iterations"": 5000, ""rate"": 0.001, ""tolerance"": 1e-06}"
six_hump_camel,Six-Hump Camel,446,2756,gradient,2,"[-2.0, 2.0]","[0.622375305953609, 1.8484499802819343]","[-0.08971448908116593, 0.712641736159576]",-1.0316283901962398,1117,1119,"{""max_iterations"": 5000, ""rate"": 0.001, ""tolerance"": 1e-06}"
six_hump_camel,Six-Hump Camel,447,2757,gradient,2,"[-2.0, 2.0]","[0.7291851601209149, -0.5605522293401601]","[0.08996978104243111, -0.712671088082466]",-1.0316283899580414,1169,1171,"{""max_iterations"": 5000, ""rate"": 0.001, ""tolerance"": 1e-06}"
six_hump_camel,Six-Hump Camel,448,2758,gradient,2,"[-2.0, 2.0]","[0.00878340918190812, 1.1278727875450225]","[-0.08971401457188244, 0.7126420106204584]",-1.0316283897606628,809,811,"{""max_iterations"": 5000, ""rate"": 0.001, ""tolerance"": 1e-06}"
six_hump_camel,Six-Hump Camel,449,2759,gradient,2,"[-2.0, 2.0]","[1.5821406911984757, 0.9470519314153663]","[1.6070521911371218, 0.5687804176972364]",2.1042503793877443,982,984,"{""max_iterations"": 5000, ""rate"": 0.001, ""tolerance"": 1e-06}"
six_hump_camel,Six-Hump Camel,450,2751,gradient,2,"[-2.0, 2.0]","[-1.7060536865330547, -0.2734880039536338]","[-1.6071528491772997, -0.5685212432345308]",2.104250378922411,1436,1438,"{""max_iterations"": 5000, ""rate"": 0.001, ""tolerance"": 1e-06}"
six_hump_camel,Six-Hump Camel,451,2752,gradient,2,"[-2.0, 2.0]","[0.8943521053725485, -1.4940279199197528]","[0.08997028365274781, -0.712671146492393]",-1.0316283894571519,1274,1276,"{""max_iterations"": 5000, ""rate"": 0.001, ""tolerance"": 1e-06}"
six_hump_camel,Six-Hump Camel,452,2753,gradient,2,"[-2.0, 2.0]","[1.619910527327384, -1.773724482565175]","[1.7035998850326253, -0.7961257860634093]",-0.2154638036694252,392,394,"{""max_iterations"": 5000, ""rate"": 0.001, ""tolerance"": 1e-06}"
six_hump_camel,Six-Hump Camel,453,2754,gradient,2,"[-2.0, 2.0]","[-0.06503190282752103, 1.5254541017294896]","[-0.08996893840393853, 0.7126767406899721]",-1.031628389878542,648,650,"{""max_iterations"": 5000, ""rate"": 0.001, ""tolerance"": 1e-06}"
six_hump_camel,Six-Hump Camel,454,2755,gradient,2,"[-2.0, 2.0]","[-0.7515878260061242, -0.44909232396608445]","[0.08971441392184813, -0.7126417197790405]",-1.0316283901207368,1172,1174,"{""max_iterations"": 5000, ""rate"": 0.001, ""tolerance"": 1e-06}"
six_hump_camel,Six-Hump Camel,455,2756,gradient,2,"[-2.0, 2.0]","[0.622375305953609, 1.8484499802819343]","[-0.08971448908116593, 0.712641736159576]",-1.0316283901962398,1117,1119,"{""max_iterations"": 5000, ""rate"": 0.001, ""tolerance"": 1e-06}"
six_hump_camel,Six-Hump Camel,456,2757,gradient,2,"[-2.0, 2.0]","[0.7291851601209149, -0.5605522293401601]","[0.08996978104243111, -0.712671088082466]",-1.0316283899580414,1169,1171,"{""max_iterations"": 5000, ""rate"": 0.001, ""tolerance"": 1e-06}"
six_hump_camel,Six-Hump Camel,457,2758,gradient,2,"[-2.0, 2.0]","[0.00878340918190812, 1.1278727875450225]","[-0.08971401457188244, 0.7126420106204584]",-1.0316283897606628,809,811,"{""max_iterations"": 5000, ""rate"": 0.001, ""tolerance"": 1e-06}"
six_hump_camel,Six-Hump Camel,458,2759,gradient,2,"[-2.0, 2.0]","[1.5821406911984757, 0.9470519314153663]","[1.6070521911371218, 0.5687804176972364]",2.1042503793877443,982,984,"{""max_iterations"": 5000, ""rate"": 0.001, ""tolerance"": 1e-06}"
six_hump_camel,Six-Hump Camel,459,2760,gradient,2,"[-2.0, 2.0]","[1.983382492348166, 0.8147513529808585]","[1.6070787354666196, 0.5687858390634211]",2.1042503780089734,877,879,"{""max_iterations"": 5000, ""rate"": 0.001, ""tolerance"": 1e-06}"
six_hump_camel,Six-Hump Camel,460,2752,gradient,2,"[-2.0, 2.0]","[0.8943521053725485, -1.4940279199197528]","[0.08997028365274781, -0.712671146492393]",-1.0316283894571519,1274,1276,"{""max_iterations"": 5000, ""rate"": 0.001, ""tolerance"": 1e-06}"
six_hump_camel,Six-Hump Camel,461,2753,gradient,2,"[-2.0, 2.0]","[1.619910527327384, -1.773724482565175]","[1.7035998850326253, -0.7961257860634093]",-0.2154638036694252,392,394,"{""max_iterations"": 5000, ""rate"": 0.001, ""tolerance"": 1e-06}"
six_hump_camel,Six-Hump Camel,462,2754,gradient,2,"[-2.0, 2.0]","[-0.06503190282752103, 1.5254541017294896]","[-0.08996893840393853, 0.7126767406899721]",-1.031628389878542,648,650,"{""max_iterations"": 5000, ""rate"": 0.001, ""tolerance"": 1e-06}"
six_hump_camel,Six-Hump Camel,463,2755,gradient,2,"[-2.0, 2.0]","[-0.7515878260061242, -0.44909232396608445]","[0.08971441392184813, -0.7126417197790405]",-1.0316283901207368,1172,1174,"{""max_iterations"": 5000, ""rate"": 0.001, ""tolerance"": 1e-06}"
six_hump_camel,Six-Hump Camel,464,2756,gradient,2,"[-2.0, 2.0]","[0.622375305953609, 1.8484499802819343]","[-0.08971448908116593, 0.712641736159576]",-1.0316283901962398,1117,1119,"{""max_iterations"": 5000, ""rate"": 0.001, ""tolerance"": 1e-06}"
six_hump_camel,Six-Hump Camel,465,2757,gradient,2,"[-2.0, 2.0]","[0.7291851601209149, -0.5605522293401601]","[0.08996978104243111, -0.712671088082466]",-1.0316283899580414,1169,1171,"{""max_iterations"": 5000, ""rate"": 0.001, ""tolerance"": 1e-06}"
six_hump_camel,Six-Hump Camel,466,2758,gradient,2,"[-2.0, 2.0]","[0.00878340918190812, 1.1278727875450225]","[-0.08971401457188244, 0.7126420106204584]",-1.0316283897606628,809,811,"{""max_iterations"": 5000, ""rate"": 0.001, ""tolerance"": 1e-06}"
six_hump_camel,Six-Hump Camel,467,2759,gradient,2,"[-2.0, 2.0]","[1.5821406911984757, 0.9470519314153663]","[1.6070521911371218, 0.5687804176972364]",2.1042503793877443,982,984,"{""max_iterations"": 5000, ""rate"": 0.001, ""tolerance"": 1e-06}"
six_hump_camel,Six-Hump Camel,468,2760,gradient,2,"[-2.0, 2.0]","[1.983382492348166, 0.8147513529808585]","[1.6070787354666196, 0.5687858390634211]",2.1042503780089734,877,879,"{""max_iterations"": 5000, ""rate"": 0.001, ""tolerance"": 1e-06}"
six_hump_camel,Six-Hump Camel,469,2761,gradient,2,"[-2.0, 2.0]","[0.10702151949398697, 1.3166168890328316]","[-0.08971404357209632, 0.712641750830051]",-1.0316283897606426,917,919,"{""max_iterations"": 5000, ""rate"": 0.001, ""tolerance"": 1e-06}"
six_hump_camel,Six-Hump Camel,470,2753,gradient,2,"[-2.0, 2.0]","[1.619910527327384, -1.773724482565175]","[1.7035998850326253, -0.7961257860634093]",-0.2154638036694252,392,394,"{""max_iterations"": 5000, ""rate"": 0.001, ""tolerance"": 1e-06}"
six_hump_camel,Six-Hump Camel,471,2754,gradient,2,"[-2.0, 2.0]","[-0.06503190282752103, 1.5254541017294896]","[-0.08996893840393853, 0.7126767406899721]",-1.031628389878542,648,650,"{""max_iterations"": 5000, ""rate"": 0.001, ""tolerance"": 1e-06}"
six_hump_camel,Six-Hump Camel,472,2755,gradient,2,"[-2.0, 2.0]","[-0.7515878260061242, -0.44909232396608445]","[0.08971441392184813, -0.7126417197790405]",-1.0316283901207368,1172,1174,"{""max_iterations"": 5000, ""rate"": 0.001, ""tolerance"": 1e-06}"
six_hump_camel,Six-Hump Camel,473,2756,gradient,2,"[-2.0, 2.0]","[0.622375305953609, 1.8484499802819343]","[-0.08971448908116593, 0.712641736159576]",-1.0316283901962398,1117,1119,"{""max_iterations"": 5000, ""rate"": 0.001, ""tolerance"": 1e-06}"
six_hump_camel,Six-Hump Camel,474,2757,gradient,2,"[-2.0, 2.0]","[0.7291851601209149, -0.5605522293401601]","[0.08996978104243111, -0.712671088082466]",-1.0316283899580414,1169,1171,"{""max_iterations"": 5000, ""rate"": 0.001, ""tolerance"": 1e-06}"
six_hump_camel,Six-Hump Camel,475,2758,gradient,2,"[-2.0, 2.0]","[0.00878340918190812, 1.1278727875450225]","[-0.08971401457188244, 0.7126420106204584]",-1.0316283897606628,809,811,"{""max_iterations"": 5000, ""rate"": 0.001, ""tolerance"": 1e-06}"
six_hump_camel,Six-Hump Camel,476,2759,gradient,2,"[-2.0, 2.0]","[1.5821406911984757, 0.9470519314153663]","[1.6070521911371218, 0.5687804176972364]",2.1042503793877443,982,984,"{""max_iterations"": 5000, ""rate"": 0.001, ""tolerance"": 1e-06}"
six_hump_camel,Six-Hump Camel,477,2760,gradient,2,"[-2.0, 2.0]","[1.983382492348166, 0.8147513529808585]","[1.6070787354666196, 0.5687858390634211]",2.1042503780089734,877,879,"{""max_iterations"": 5000, ""rate"": 0.001, ""tolerance"": 1e-06}"
six_hump_camel,Six-Hump Camel,478,2761,gradient,2,"[-2.0, 2.0]","[0.10702151949398697, 1.3166168890328316]","[-0.08971404357209632, 0.712641750830051]",-1.0316283897606426,917,919,"{""max_iterations"": 5000, ""rate"": 0.001, ""tolerance"": 1e-06}"
six_hump_camel,Six-Hump Camel,479,2762,gradient,2,"[-2.0, 2.0]","[1.0048365853827042, 0.07017353020359796]","[0.0897238263064415, -0.7126232772092598]",-1.0316283939615924,1036,1038,"{""max_iterations"": 5000, ""rate"": 0.001, ""tolerance"": 1e-06}"
six_hump_camel,Six-Hump Camel,480,2754,gradient,2,"[-2.0, 2.0]","[-0.06503190282752103, 1.5254541017294896]","[-0.08996893840393853, 0.7126767406899721]",-1.031628389878542,648,650,"{""max_iterations"": 5000, ""rate"": 0.001, ""tolerance"": 1e-06}"
six_hump_camel,Six-Hump Camel,481,2755,gradient,2,"[-2.0, 2.0]","[-0.7515878260061242, -0.44909232396608445]","[0.08971441392184813, -0.7126417197790405]",-1.0316283901207368,1172,1174,"{""max_iterations"": 5000, ""rate"": 0.001, ""tolerance"": 1e-06}"
six_hump_camel,Six-Hump Camel,482,2756,gradient,2,"[-2.0, 2.0]","[0.622375305953609, 1.8484499802819343]","[-0.08971448908116593, 0.712641736159576]",-1.0316283901962398,1117,1119,"{""max_iterations"": 5000, ""rate"": 0.001, ""tolerance"": 1e-06}"
six_hump_camel,Six-Hump Camel,483,2757,gradient,2,"[-2.0, 2.0]","[0.7291851601209149, -0.5605522293401601]","[0.08996978104243111, -0.712671088082466]",-1.0316283899580414,1169,1171,"{""max_iterations"": 5000, ""rate"": 0.001, ""tolerance"": 1e-06}"
six_hump_camel,Six-Hump Camel,484,2758,gradient,2,"[-2.0, 2.0]","[0.00878340918190812, 1.1278727875450225]","[-0.08971401457188244, 0.7126420106204584]",-1.0316283897606628,809,811,"{""max_iterations"": 5000, ""rate"": 0.001, ""tolerance"": 1e-06}"
six_hump_camel,Six-Hump Camel,485,2759,gradient,2,"[-2.0, 2.0]","[1.5821406911984757, 0.9470519314153663]","[1.6070521911371218, 0.5687804176972364]",2.1042503793877443,982,984,"{""max_iterations"": 5000, ""rate"": 0.001, ""tolerance"": 1e-06}"
six_hump_camel,Six-Hump Camel,486,2760,gradient,2,"[-2.0, 2.0]","[1.983382492348166, 0.8147513529808585]","[1.6070787354666196, 0.5687858390634211]",2.1042503780089734,877,879,"{""max_iterations"": 5000, ""rate"": 0.001, ""tolerance"": 1e-06}"
six_hump_camel,Six-Hump Camel,487,2761,gradient,2,"[-2.0, 2.0]","[0.10702151949398697, 1.3166168890328316]","[-0.08971404357209632, 0.712641750830051]",-1.0316283897606426,917,919,"{""max_iterations"": 5000, ""rate"": 0.001, ""tolerance"": 1e-06}"
six_hump_camel,Six-Hump Camel,488,2762,gradient,2,"[-2.0, 2.0]","[1.0048365853827042, 0.07017353020359796]","[0.0897238263064415, -0.7126232772092598]",-1.0316283939615924,1036,1038,"{""max_iterations"": 5000, ""rate"": 0.001, ""tolerance"": 1e-06}"
six_hump_camel,Six-Hump Camel,489,2763,gradient,2,"[-2.0, 2.0]","[-1.9243475625678736, -1.3249677333177559]","[-1.6070640708953547, -0.5687836960667478]",2.1042503786804634,962,964,"{""max_iterations"": 5000, ""rate"": 0.001, ""tolerance"": 1e-06}"
six_hump_camel,Six-Hump Camel,490,2755,gradient,2,"[-2.0, 2.0]","[-0.7515878260061242, -0.44909232396608445]","[0.08971441392184813, -0.7126417197790405]",-1.0316283901207368,1172,1174,"{""max_iterations"": 5000, ""rate"": 0.001, ""tolerance"": 1e-06}"
six_hump_camel,Six-Hump Camel,491,2756,gradient,2,"[-2.0, 2.0]","[0.622375305953609, 1.8484499802819343]","[-0.08971448908116593, 0.712641736159576]",-1.0316283901962398,1117,1119,"{""max_iterations"": 5000, ""rate"": 0.001, ""tolerance"": 1e-06}"
six_hump_camel,Six-Hump Camel,492,2757,gradient,2,"[-2.0, 2.0]","[0.7291851601209149, -0.5605522293401601]","[0.08996978104243111, -0.712671088082466]",-1.0316283899580414,1169,1171,"{""max_iterations"": 5000, ""rate"": 0.001, ""tolerance"": 1e-06}"
six_hump_camel,Six-Hump Camel,493,2758,gradient,2,"[-2.0, 2.0]","[0.00878340918190812, 1.1278727875450225]","[-0.08971401457188244, 0.7126420106204584]",-1.0316283897606628,809,811,"{""max_iterations"": 5000, ""rate"": 0.001, ""tolerance"": 1e-06}"
six_hump_camel,Six-Hump Camel,494,2759,gradient,2,"[-2.0, 2.0]","[1.5821406911984757, 0.9470519314153663]","[1.6070521911371218, 0.5687804176972364]",2.1042503793877443,982,984,"{""max_iterations"": 5000, ""rate"": 0.001, ""tolerance"": 1e-06}"
six_hump_camel,Six-Hump Camel,495,2760,gradient,2,"[-2.0, 2.0]","[1.983382492348166, 0.8147513529808585]","[1.6070787354666196, 0.5687858390634211]",2.1042503780089734,877,879,"{""max_iterations"": 5000, ""rate"": 0.001, ""tolerance"": 1e-06}"
six_hump_camel,Six-Hump Camel,496,2761,gradient,2,"[-2.0, 2.0]","[0.10702151949398697, 1.3166168890328316]","[-0.08971404357209632, 0.712641750830051]",-1.0316283897606426,917,919,"{""max_iterations"": 5000, ""rate"": 0.001, ""tolerance"": 1e-06}"
six_hump_camel,Six-Hump Camel,497,2762,gradient,2,"[-2.0, 2.0]","[1.0048365853827042, 0.07017353020359796]","[0.0897238263064415, -0.7126232772092598]",-1.0316283939615924,1036,1038,"{""max_iterations"": 5000, ""rate"": 0.001, ""tolerance"": 1e-06}"
six_hump_camel,Six-Hump Camel,498,2763,gradient,2,"[-2.0, 2.0]","[-1.9243475625678736, -1.3249677333177559]","[-1.6070640708953547, -0.5687836960667478]",2.1042503786804634,962,964,"{""max_iterations"": 5000, ""rate"": 0.001, ""tolerance"": 1e-06}"
six_hump_camel,Six-Hump Camel,499,2764,gradient,2,"[-2.0, 2.0]","[-0.3605509983831636, 1.852267722346936]","[-0.08997027610296021, 0.7126711541474512]",-1.0316283894637237,1030,1032,"{""max_iterations"": 5000, ""rate"": 0.001, ""tolerance"": 1e-06}"
six_hump_camel,Six-Hump Camel,500,2747,gradient,2,"[-2.0, 2.0]","[-0.5026438847062398, 1.725947870819295]","[-0.08996951944376963, 0.7126710612370615]",-1.031628390217566,1093,1095,"{""max_iterations"": 5000, ""rate"": 0.001, ""tolerance"": 1e-06}"
