funcion,nombre_funcion,corrida,semilla,metodo,dimension,limites,posicion_inicial,posicion_final,valor_final,iteraciones,evaluaciones,parametros
rastrigin,Rastrigin,1,2141,gradient,3,"[-5.12, 5.12]","[-1.4773613777785513, 1.140116327784754, -0.10605951568708782]","[-0.9949598205120276, 0.994958653274631, -1.0814771873350967e-08]",1.989918114464098,32,34,"{""max_iterations"": 1000, ""rate"": 0.001, ""tolerance"": 1e-06}"
rastrigin,Rastrigin,2,2142,gradient,3,"[-5.12, 5.12]","[-4.474197270769645, 3.6131978824550055, 0.9275095953359234]","[-3.9797849426974716, 3.9797834971498567, 0.9949586265266911]",32.833446642272904,31,33,"{""max_iterations"": 1000, ""rate"": 0.001, ""tolerance"": 1e-06}"
rastrigin,Rastrigin,3,2143,gradient,3,"[-5.12, 5.12]","[1.4664437868033504, -4.205838849394761, -1.66705739450411]","[0.9949598622460826, -3.979783911186147, -1.9899120905352907]",20.894034040410844,31,33,"{""max_iterations"": 1000, ""rate"": 0.001, ""tolerance"": 1e-06}"
rastrigin,Rastrigin,4,2144,gradient,3,"[-5.12, 5.12]","[0.6118463151021514, -2.7410940323531907, -3.07650479799918]","[0.9949574320422145, -2.984855363250247, -2.9848557728694973]",18.904161540379082,28,30,"{""max_iterations"": 1000, ""rate"": 0.001, ""tolerance"": 1e-06}"
rastrigin,Rastrigin,5,2145,gradient,3,"[-5.12, 5.12]","[-3.5803820858644233, 0.5183951160153626, -2.282430626115073]","[-3.9797837019797635, 0.9949574845489154, -1.9899122515895662]",20.89403404037757,34,36,"{""max_iterations"": 1000, ""rate"": 0.001, ""tolerance"": 1e-06}"
rastrigin,Rastrigin,6,2146,gradient,3,"[-5.12, 5.12]","[2.6148190293739138, 5.108870613604377, 4.748429953954154]","[2.9848543024567715, 4.974691512642628, 4.974691022333602]",58.702047110987294,28,30,"{""max_iterations"": 1000, ""rate"": 0.001, ""tolerance"": 1e-06}"
rastrigin,Rastrigin,7,2147,gradient,3,"[-5.12, 5.12]","[1.4496238305043576, 1.9443367891920298, 1.7550523297169516]","[0.9949598384021295, 1.9899122210413418, 1.9899121300940465]",8.954621438489527,30,32,"{""max_iterations"": 1000, ""rate"": 0.001, ""tolerance"": 1e-06}"
rastrigin,Rastrigin,8,2148,gradient,3,"[-5.12, 5.12]","[3.880610184809332, 2.585045547911644, 5.039872451431262]","[3.979783803447534, 2.984854234703958, 4.974691425614403]",49.74756796891629,29,31,"{""max_iterations"": 1000, ""rate"": 0.001, ""tolerance"": 1e-06}"
rastrigin,Rastrigin,9,2149,gradient,3,"[-5.12, 5.12]","[-0.9459384534249198, 4.9577467457243385, -0.0193428549707253]","[-0.9949573963249606, 4.974690888687155, -4.759354046022398e-07]",25.86868199203542,21,23,"{""max_iterations"": 1000, ""rate"": 0.001, ""tolerance"": 1e-06}"
rastrigin,Rastrigin,10,2189,gradient,3,"[-5.12, 5.12]","[1.2594346718116904, 3.14241845396269, -5.019190312582469]","[0.9949600180928531, 2.984856304461103, -4.974691564424229]",34.823283233578216,25,27,"{""max_iterations"": 1000, ""rate"": 0.001, ""tolerance"": 1e-06}"
rastrigin,Rastrigin,11,2190,gradient,3,"[-5.12, 5.12]","[4.571052976593816, -3.3446680872339107, 2.471598583267255]","[4.974690693539988, -2.9848557869636263, 1.9899129958088884]",37.80815536679505,32,34,"{""max_iterations"": 1000, ""rate"": 0.001, ""tolerance"": 1e-06}"
rastrigin,Rastrigin,12,2191,gradient,3,"[-5.12, 5.12]","[1.1651901575101258, 0.8826814479900991, 4.231875561363048]","[0.9949592997817286, 0.9949582290137912, 3.979785087383544]",17.909161907064494,25,27,"{""max_iterations"": 1000, ""rate"": 0.001, ""tolerance"": 1e-06}"
rastrigin,Rastrigin,13,2192,gradient,3,"[-5.12, 5.12]","[-4.188915575122203, 3.048359378384643, 1.6046445044901034]","[-3.979784063011758, 2.9848557500422044, 1.9899107560786415]",28.853676224943484,28,30,"{""max_iterations"": 1000, ""rate"": 0.001, ""tolerance"": 1e-06}"
rastrigin,Rastrigin,14,2193,gradient,3,"[-5.12, 5.12]","[5.112702735250417, 0.09211610175106255, -3.91133799548821]","[4.974692309602916, 5.257436165265502e-07, -3.9797834082136467]",40.792966727264165,24,26,"{""max_iterations"": 1000, ""rate"": 0.001, ""tolerance"": 1e-06}"
rastrigin,Rastrigin,15,2194,gradient,3,"[-5.12, 5.12]","[1.1492268388793203, -4.077335604269637, -5.051802570035565]","[0.9949595989803598, -3.979784456470309, -4.9746918852509205]",41.787925784398126,24,26,"{""max_iterations"": 1000, ""rate"": 0.001, ""tolerance"": 1e-06}"
rastrigin,Rastrigin,16,2195,gradient,3,"[-5.12, 5.12]","[-4.77270281365739, -4.220617646942238, -3.3516035749614037]","[-4.974690907768359, -3.979784277422702, -2.984856834781101]",49.7475679688246,27,29,"{""max_iterations"": 1000, ""rate"": 0.001, ""tolerance"": 1e-06}"
rastrigin,Rastrigin,17,2196,gradient,3,"[-5.12, 5.12]","[4.407337484546232, -3.858631711137389, 4.259696347583515]","[3.9797851639863993, -3.9797837399339904, 3.9797841935217435]",47.75773137774379,28,30,"{""max_iterations"": 1000, ""rate"": 0.001, ""tolerance"": 1e-06}"
rastrigin,Rastrigin,18,2197,gradient,3,"[-5.12, 5.12]","[-2.0564115806261225, 3.5996234429140648, 4.334784565160214]","[-1.9899122636700122, 3.9797825965991036, 3.9797842246781903]",35.818318775817744,29,31,"{""max_iterations"": 1000, ""rate"": 0.001, ""tolerance"": 1e-06}"
rastrigin,Rastrigin,19,2198,gradient,3,"[-5.12, 5.12]","[-3.0201655157792584, -3.5324299233027263, -3.6941909337265955]","[-2.9848557023690994, -3.9797823709485947, -3.979783831860407]",40.79308882684678,34,36,"{""max_iterations"": 1000, ""rate"": 0.001, ""tolerance"": 1e-06}"
rastrigin,Rastrigin,20,2190,gradient,3,"[-5.12, 5.12]","[4.571052976593816, -3.3446680872339107, 2.471598583267255]","[4.974690693539988, -2.9848557869636263, 1.9899129958088884]",37.80815536679505,32,34,"{""max_iterations"": 1000, ""rate"": 0.001, ""tolerance"": 1e-06}"
rastrigin,Rastrigin,21,2191,gradient,3,"[-5.12, 5.12]","[1.1651901575101258, 0.8826814479900991, 4.231875561363048]","[0.9949592997817286, 0.9949582290137912, 3.979785087383544]",17.909161907064494,25,27,"{""max_iterations"": 1000, ""rate"": 0.001, ""tolerance"": 1e-06}"
rastrigin,Rastrigin,22,2192,gradient,3,"[-5.12, 5.12]","[-4.188915575122203, 3.048359378384643, 1.6046445044901034]","[-3.979784063011758, 2.9848557500422044, 1.9899107560786415]",28.853676224943484,28,30,"{""max_iterations"": 1000, ""rate"": 0.001, ""tolerance"": 1e-06}"
rastrigin,Rastrigin,23,2193,gradient,3,"[-5.12, 5.12]","[5.112702735250417, 0.09211610175106255, -3.91133799548821]","[4.974692309602916, 5.257436165265502e-07, -3.9797834082136467]",40.792966727264165,24,26,"{""max_iterations"": 1000, ""rate"": 0.001, ""tolerance"": 1e-06}"
rastrigin,Rastrigin,24,2194,gradient,3,"[-5.12, 5.12]","[1.1492268388793203, -4.077335604269637, -5.051802570035565]","[0.9949595989803598, -3.979784456470309, -4.9746918852509205]",41.787925784398126,24,26,"{""max_iterations"": 1000, ""rate"": 0.001, ""tolerance"": 1e-06}"
rastrigin,Rastrigin,25,2195,gradient,3,"[-5.12, 5.12]","[-4.77270281365739, -4.220617646942238, -3.3516035749614037]","[-4.974690907768359, -3.979784277422702, -2.984856834781101]",49.7475679688246,27,29,"{""max_iterations"": 1000, ""rate"": 0.001, ""tolerance"": 1e-06}"
rastrigin,Rastrigin,26,2196,gradient,3,"[-5.12, 5.12]","[4.407337484546232, -3.858631711137389, 4.259696347583515]","[3.9797851639863993, -3.9797837399339904, 3.9797841935217435]",47.75773137774379,28,30,"{""max_iterations"": 1000, ""rate"": 0.001, ""tolerance"": 1e-06}"
rastrigin,Rastrigin,27,2197,gradient,3,"[-5.12, 5.12]","[-2.0564115806261225, 3.5996234429140648, 4.334784565160214]","[-1.9899122636700122, 3.9797825965991036, 3.9797842246781903]",35.818318775817744,29,31,"{""max_iterations"": 1000, ""rate"": 0.001, ""tolerance"": 1e-06}"
rastrigin,Rastrigin,28,2198,gradient,3,"[-5.12, 5.12]","[-3.0201655157792584, -3.5324299233027263, -3.6941909337265955]","[-2.9848557023690994, -3.9797823709485947, -3.979783831860407]",40.79308882684678,34,36,"{""max_iterations"": 1000, ""rate"": 0.001, ""tolerance"": 1e-06}"
rastrigin,Rastrigin,29,2199,gradient,3,"[-5.12, 5.12]","[-3.9413558355895635, -3.8510546208960728, 0.5519477164224851]","[-3.979783852963931, -3.97978383123671, 0.9949577184520261]",32.83344664218408,31,33,"{""max_iterations"": 1000, ""rate"": 0.001, ""tolerance"": 1e-06}"
rastrigin,Rastrigin,30,2191,gradient,3,"[-5.12, 5.12]","[1.1651901575101258, 0.8826814479900991, 4.231875561363048]","[0.9949592997817286, 0.9949582290137912, 3.979785087383544]",17.909161907064494,25,27,"{""max_iterations"": 1000, ""rate"": 0.001, ""tolerance"": 1e-06}"
rastrigin,Rastrigin,31,2192,gradient,3,"[-5.12, 5.12]","[-4.188915575122203, 3.048359378384643, 1.6046445044901034]","[-3.979784063011758, 2.9848557500422044, 1.9899107560786415]",28.853676224943484,28,30,"{""max_iterations"": 1000, ""rate"": 0.001, ""tolerance"": 1e-06}"
rastrigin,Rastrigin,32,2193,gradient,3,"[-5.12, 5.12]","[5.112702735250417, 0.09211610175106255, -3.91133799548821]","[4.974692309602916, 5.257436165265502e-07, -3.9797834082136467]",40.792966727264165,24,26,"{""max_iterations"": 1000, ""rate"": 0.001, ""tolerance"": 1e-06}"
rastrigin,Rastrigin,33,2194,gradient,3,"[-5.12, 5.12]","[1.1492268388793203, -4.077335604269637, -5.051802570035565]","[0.9949595989803598, -3.979784456470309, -4.9746918852509205]",41.787925784398126,24,26,"{""max_iterations"": 1000, ""rate"": 0.001, ""tolerance"": 1e-06}"
rastrigin,Rastrigin,34,2195,gradient,3,"[-5.12, 5.12]","[-4.77270281365739, -4.220617646942238, -3.3516035749614037]","[-4.974690907768359, -3.979784277422702, -2.984856834781101]",49.7475679688246,27,29,"{""max_iterations"": 1000, ""rate"": 0.001, ""tolerance"": 1e-06}"
rastrigin,Rastrigin,35,2196,gradient,3,"[-5.12, 5.12]","[4.407337484546232, -3.858631711137389, 4.259696347583515]","[3.9797851639863993, -3.9797837399339904, 3.9797841935217435]",47.75773137774379,28,30,"{""max_iterations"": 1000, ""rate"": 0.001, ""tolerance"": 1e-06}"
rastrigin,Rastrigin,36,2197,gradient,3,"[-5.12, 5.12]","[-2.0564115806261225, 3.5996234429140648, 4.334784565160214]","[-1.9899122636700122, 3.9797825965991036, 3.9797842246781903]",35.818318775817744,29,31,"{""max_iterations"": 1000, ""rate"": 0.001, ""tolerance"": 1e-06}"
rastrigin,Rastrigin,37,2198,gradient,3,"[-5.12, 5.12]","[-3.0201655157792584, -3.5324299233027263, -3.6941909337265955]","[-2.9848557023690994, -3.9797823709485947, -3.979783831860407]",40.79308882684678,34,36,"{""max_iterations"": 1000, ""rate"": 0.001, ""tolerance"": 1e-06}"
rastrigin,Rastrigin,38,2199,gradient,3,"[-5.12, 5.12]","[-3.9413558355895635, -3.8510546208960728, 0.5519477164224851]","[-3.979783852963931, -3.97978383123671, 0.9949577184520261]",32.83344664218408,31,33,"{""max_iterations"": 1000, ""rate"": 0.001, ""tolerance"": 1e-06}"
rastrigin,Rastrigin,39,2200,gradient,3,"[-5.12, 5.12]","[2.698948383593887, -2.2294243683706942, 2.949669987866325]","[2.984854331092124, -1.989912905770093, 2.98485562461126]",21.88903367398935,26,28,"{""max_iterations"": 1000, ""rate"": 0.001, ""tolerance"": 1e-06}"
rastrigin,Rastrigin,40,2192,gradient,3,"[-5.12, 5.12]","[-4.188915575122203, 3.048359378384643, 1.6046445044901034]","[-3.979784063011758, 2.9848557500422044, 1.9899107560786415]",28.853676224943484,28,30,"{""max_iterations"": 1000, ""rate"": 0.001, ""tolerance"": 1e-06}"
rastrigin,Rastrigin,41,2193,gradient,3,"[-5.12, 5.12]","[5.112702735250417, 0.09211610175106255, -3.91133799548821]","[4.974692309602916, 5.257436165265502e-07, -3.9797834082136467]",40.792966727264165,24,26,"{""max_iterations"": 1000, ""rate"": 0.001, ""tolerance"": 1e-06}"
rastrigin,Rastrigin,42,2194,gradient,3,"[-5.12, 5.12]","[1.1492268388793203, -4.077335604269637, -5.051802570035565]","[0.9949595989803598, -3.979784456470309, -4.9746918852509205]",41.787925784398126,24,26,"{""max_iterations"": 1000, ""rate"": 0.001, ""tolerance"": 1e-06}"
rastrigin,Rastrigin,43,2195,gradient,3,"[-5.12, 5.12]","[-4.77270281365739, -4.220617646942238, -3.3516035749614037]","[-4.974690907768359, -3.979784277422702, -2.984856834781101]",49.7475679688246,27,29,"{""max_iterations"": 1000, ""rate"": 0.001, ""tolerance"": 1e-06}"
rastrigin,Rastrigin,44,2196,gradient,3,"[-5.12, 5.12]","[4.407337484546232, -3.858631711137389, 4.259696347583515]","[3.9797851639863993, -3.9797837399339904, 3.9797841935217435]",47.75773137774379,28,30,"{""max_iterations"": 1000, ""rate"": 0.001, ""tolerance"": 1e-06}"
rastrigin,Rastrigin,45,2197,gradient,3,"[-5.12, 5.12]","[-2.0564115806261225, 3.5996234429140648, 4.334784565160214]","[-1.9899122636700122, 3.9797825965991036, 3.9797842246781903]",35.818318775817744,29,31,"{""max_iterations"": 1000, ""rate"": 0.001, ""tolerance"": 1e-06}"
rastrigin,Rastrigin,46,2198,gradient,3,"[-5.12, 5.12]","[-3.0201655157792584, -3.5324299233027263, -3.6941909337265955]","[-2.9848557023690994, -3.9797823709485947, -3.979783831860407]",40.79308882684678,34,36,"{""max_iterations"": 1000, ""rate"": 0.001, ""tolerance"": 1e-06}"
rastrigin,Rastrigin,47,2199,gradient,3,"[-5.12, 5.12]","[-3.9413558355895635, -3.8510546208960728, 0.5519477164224851]","[-3.979783852963931, -3.97978383123671, 0.9949577184520261]",32.83344664218408,31,33,"{""max_iterations"": 1000, ""rate"": 0.001, ""tolerance"": 1e-06}"
rastrigin,Rastrigin,48,2200,gradient,3,"[-5.12, 5.12]","[2.698948383593887, -2.2294243683706942, 2.949669987866325]","[2.984854331092124, -1.989912905770093, 2.98485562461126]",21.88903367398935,26,28,"{""max_iterations"": 1000, ""rate"": 0.001, ""tolerance"": 1e-06}"
rastrigin,Rastrigin,49,2201,gradient,3,"[-5.12, 5.12]","[1.9983553688670055, -1.8334092752037043, -0.36898546422300704]","[1.9899122440283903, -1.989911993715113, -1.4512532001093467e-06]",7.959662381537441,27,29,"{""max_iterations"": 1000, ""rate"": 0.001, ""tolerance"": 1e-06}"
rastrigin,Rastrigin,50,2193,gradient,3,"[-5.12, 5.12]","[5.112702735250417, 0.09211610175106255, -3.91133799548821]","[4.974692309602916, 5.257436165265502e-07, -3.9797834082136467]",40.792966727264165,24,26,"{""max_iterations"": 1000, ""rate"": 0.001, ""tolerance"": 1e-06}"
rastrigin,Rastrigin,51,2194,gradient,3,"[-5.12, 5.12]","[1.1492268388793203, -4.077335604269637, -5.051802570035565]","[0.9949595989803598, -3.979784456470309, -4.9746918852509205]",41.787925784398126,24,26,"{""max_iterations"": 1000, ""rate"": 0.001, ""tolerance"": 1e-06}"
rastrigin,Rastrigin,52,2195,gradient,3,"[-5.12, 5.12]","[-4.77270281365739, -4.220617646942238, -3.3516035749614037]","[-4.974690907768359, -3.979784277422702, -2.984856834781101]",49.7475679688246,27,29,"{""max_iterations"": 1000, ""rate"": 0.001, ""tolerance"": 1e-06}"
rastrigin,Rastrigin,53,2196,gradient,3,"[-5.12, 5.12]","[4.407337484546232, -3.858631711137389, 4.259696347583515]","[3.9797851639863993, -3.9797837399339904, 3.9797841935217435]",47.75773137774379,28,30,"{""max_iterations"": 1000, ""rate"": 0.001, ""tolerance"": 1e-06}"
rastrigin,Rastrigin,54,2197,gradient,3,"[-5.12, 5.12]","[-2.0564115806261225, 3.5996234429140648, 4.334784565160214]","[-1.9899122636700122, 3.9797825965991036, 3.9797842246781903]",35.818318775817744,29,31,"{""max_iterations"": 1000, ""rate"": 0.001, ""tolerance"": 1e-06}"
rastrigin,Rastrigin,55,2198,gradient,3,"[-5.12, 5.12]","[-3.0201655157792584, -3.5324299233027263, -3.6941909337265955]","[-2.9848557023690994, -3.9797823709485947, -3.979783831860407]",40.79308882684678,34,36,"{""max_iterations"": 1000, ""rate"": 0.001, ""tolerance"": 1e-06}"
rastrigin,Rastrigin,56,2199,gradient,3,"[-5.12, 5.12]","[-3.9413558355895635, -3.8510546208960728, 0.5519477164224851]","[-3.979783852963931, -3.97978383123671, 0.9949577184520261]",32.83344664218408,31,33,"{""max_iterations"": 1000, ""rate"": 0.001, ""tolerance"": 1e-06}"
rastrigin,Rastrigin,57,2200,gradient,3,"[-5.12, 5.12]","[2.698948383593887, -2.2294243683706942, 2.949669987866325]","[2.984854331092124, -1.989912905770093, 2.98485562461126]",21.88903367398935,26,28,"{""max_iterations"": 1000, ""rate"": 0.001, ""tolerance"": 1e-06}"
rastrigin,Rastrigin,58,2201,gradient,3,"[-5.12, 5.12]","[1.9983553688670055, -1.8334092752037043, -0.36898546422300704]","[1.9899122440283903, -1.989911993715113, -1.4512532001093467e-06]",7.959662381537441,27,29,"{""max_iterations"": 1000, ""rate"": 0.001, ""tolerance"": 1e-06}"
rastrigin,Rastrigin,59,2202,gradient,3,"[-5.12, 5.12]","[0.1247325497493561, -4.278741675374247, 0.9354471395904049]","[2.719974453324858e-07, -3.9797849019603015, 0.9949585159460864]",16.914202849785983,26,28,"{""max_iterations"": 1000, ""rate"": 0.001, ""tolerance"": 1e-06}"
rastrigin,Rastrigin,60,2194,gradient,3,"[-5.12, 5.12]","[1.1492268388793203, -4.077335604269637, -5.051802570035565]","[0.9949595989803598, -3.979784456470309, -4.9746918852509205]",41.787925784398126,24,26,"{""max_iterations"": 1000, ""rate"": 0.001, ""tolerance"": 1e-06}"
rastrigin,Rastrigin,61,2195,gradient,3,"[-5.12, 5.12]","[-4.77270281365739, -4.220617646942238, -3.3516035749614037]","[-4.974690907768359, -3.979784277422702, -2.984856834781101]",49.7475679688246,27,29,"{""max_iterations"": 1000, ""rate"": 0.001, ""tolerance"": 1e-06}"
rastrigin,Rastrigin,62,2196,gradient,3,"[-5.12, 5.12]","[4.407337484546232, -3.858631711137389, 4.259696347583515]","[3.9797851639863993, -3.9797837399339904, 3.9797841935217435]",47.75773137774379,28,30,"{""max_iterations"": 1000, ""rate"": 0.001, ""tolerance"": 1e-06}"
rastrigin,Rastrigin,63,2197,gradient,3,"[-5.12, 5.12]","[-2.0564115806261225, 3.5996234429140648, 4.334784565160214]","[-1.9899122636700122, 3.9797825965991036, 3.9797842246781903]",35.818318775817744,29,31,"{""max_iterations"": 1000, ""rate"": 0.001, ""tolerance"": 1e-06}"
rastrigin,Rastrigin,64,2198,gradient,3,"[-5.12, 5.12]","[-3.0201655157792584, -3.5324299233027263, -3.6941909337265955]","[-2.9848557023690994, -3.9797823709485947, -3.979783831860407]",40.79308882684678,34,36,"{""max_iterations"": 1000, ""rate"": 0.001, ""tolerance"": 1e-06}"
rastrigin,Rastrigin,65,2199,gradient,3,"[-5.12, 5.12]","[-3.9413558355895635, -3.8510546208960728, 0.5519477164224851]","[-3.979783852963931, -3.97978383123671, 0.9949577184520261]",32.83344664218408,31,33,"{""max_iterations"": 1000, ""rate"": 0.001, ""tolerance"": 1e-06}"
rastrigin,Rastrigin,66,2200,gradient,3,"[-5.12, 5.12]","[2.698948383593887, -2.2294243683706942, 2.949669987866325]","[2.984854331092124, -1.989912905770093, 2.98485562461126]",21.88903367398935,26,28,"{""max_iterations"": 1000, ""rate"": 0.001, ""tolerance"": 1e-06}"
rastrigin,Rastrigin,67,2201,gradient,3,"[-5.12, 5.12]","[1.9983553688670055, -1.8334092752037043, -0.36898546422300704]","[1.9899122440283903, -1.989911993715113, -1.4512532001093467e-06]",7.959662381537441,27,29,"{""max_iterations"": 1000, ""rate"": 0.001, ""tolerance"": 1e-06}"
rastrigin,Rastrigin,68,2202,gradient,3,"[-5.12, 5.12]","[0.1247325497493561, -4.278741675374247, 0.9354471395904049]","[2.719974453324858e-07, -3.9797849019603015, 0.9949585159460864]",16.914202849785983,26,28,"{""max_iterations"": 1000, ""rate"": 0.001, ""tolerance"": 1e-06}"
rastrigin,Rastrigin,69,2203,gradient,3,"[-5.12, 5.12]","[-3.353147005459589, 1.9528438961467627, -1.1120997046395917]","[-2.984856852211593, 1.989912187308204, -0.9949587881392924]",13.929391489401036,27,29,"{""max_iterations"": 1000, ""rate"": 0.001, ""tolerance"": 1e-06}"
rastrigin,Rastrigin,70,2195,gradient,3,"[-5.12, 5.12]","[-4.77270281365739, -4.220617646942238, -3.3516035749614037]","[-4.974690907768359, -3.979784277422702, -2.984856834781101]",49.7475679688246,27,29,"{""max_iterations"": 1000, ""rate"": 0.001, ""tolerance"": 1e-06}"
rastrigin,Rastrigin,71,2196,gradient,3,"[-5.12, 5.12]","[4.407337484546232, -3.858631711137389, 4.259696347583515]","[3.9797851639863993, -3.9797837399339904, 3.9797841935217435]",47.75773137774379,28,30,"{""max_iterations"": 1000, ""rate"": 0.001, ""tolerance"": 1e-06}"
rastrigin,Rastrigin,72,2197,gradient,3,"[-5.12, 5.12]","[-2.0564115806261225, 3.5996234429140648, 4.334784565160214]","[-1.9899122636700122, 3.9797825965991036, 3.9797842246781903]",35.818318775817744,29,31,"{""max_iterations"": 1000, ""rate"": 0.001, ""tolerance"": 1e-06}"
rastrigin,Rastrigin,73,2198,gradient,3,"[-5.12, 5.12]","[-3.0201655157792584, -3.5324299233027263, -3.6941909337265955]","[-2.9848557023690994, -3.9797823709485947, -3.979783831860407]",40.79308882684678,34,36,"{""max_iterations"": 1000, ""rate"": 0.001, ""tolerance"": 1e-06}"
rastrigin,Rastrigin,74,2199,gradient,3,"[-5.12, 5.12]","[-3.9413558355895635, -3.8510546208960728, 0.5519477164224851]","[-3.979783852963931, -3.97978383123671, 0.9949577184520261]",32.83344664218408,31,33,"{""max_iterations"": 1000, ""rate"": 0.001, ""tolerance"": 1e-06}"
rastrigin,Rastrigin,75,2200,gradient,3,"[-5.12, 5.12]","[2.698948383593887, -2.2294243683706942, 2.949669987866325]","[2.984854331092124, -1.989912905770093, 2.98485562461126]",21.88903367398935,26,28,"{""max_iterations"": 1000, ""rate"": 0.001, ""tolerance"": 1e-06}"
rastrigin,Rastrigin,76,2201,gradient,3,"[-5.12, 5.12]","[1.9983553688670055, -1.8334092752037043, -0.36898546422300704]","[1.9899122440283903, -1.989911993715113, -1.4512532001093467e-06]",7.959662381537441,27,29,"{""max_iterations"": 1000, ""rate"": 0.001, ""tolerance"": 1e-06}"
rastrigin,Rastrigin,77,2202,gradient,3,"[-5.12, 5.12]","[0.1247325497493561, -4.278741675374247, 0.9354471395904049]","[2.719974453324858e-07, -3.9797849019603015, 0.9949585159460864]",16.914202849785983,26,28,"{""max_iterations"": 1000, ""rate"": 0.001, ""tolerance"": 1e-06}"
rastrigin,Rastrigin,78,2203,gradient,3,"[-5.12, 5.12]","[-3.353147005459589, 1.9528438961467627, -1.1120997046395917]","[-2.984856852211593, 1.989912187308204, -0.9949587881392924]",13.929391489401036,27,29,"{""max_iterations"": 1000, ""rate"": 0.001, ""tolerance"": 1e-06}"
rastrigin,Rastrigin,79,2204,gradient,3,"[-5.12, 5.12]","[-4.412644751232339, 1.6105834460992003, 2.3713939303049303]","[-3.979784710354853, 1.9899114223958483, 1.9899127448415288]",23.878906173893967,29,31,"{""max_iterations"": 1000, ""rate"": 0.001, ""tolerance"": 1e-06}"
rastrigin,Rastrigin,80,2196,gradient,3,"[-5.12, 5.12]","[4.407337484546232, -3.858631711137389, 4.259696347583515]","[3.9797851639863993, -3.9797837399339904, 3.9797841935217435]",47.75773137774379,28,30,"{""max_iterations"": 1000, ""rate"": 0.001, ""tolerance"": 1e-06}"
rastrigin,Rastrigin,81,2197,gradient,3,"[-5.12, 5.12]","[-2.0564115806261225, 3.5996234429140648, 4.334784565160214]","[-1.9899122636700122, 3.9797825965991036, 3.9797842246781903]",35.818318775817744,29,31,"{""max_iterations"": 1000, ""rate"": 0.001, ""tolerance"": 1e-06}"
rastrigin,Rastrigin,82,2198,gradient,3,"[-5.12, 5.12]","[-3.0201655157792584, -3.5324299233027263, -3.6941909337265955]","[-2.9848557023690994, -3.9797823709485947, -3.979783831860407]",40.79308882684678,34,36,"{""max_iterations"": 1000, ""rate"": 0.001, ""tolerance"": 1e-06}"
rastrigin,Rastrigin,83,2199,gradient,3,"[-5.12, 5.12]","[-3.9413558355895635, -3.8510546208960728, 0.5519477164224851]","[-3.979783852963931, -3.97978383123671, 0.9949577184520261]",32.83344664218408,31,33,"{""max_iterations"": 1000, ""rate"": 0.001, ""tolerance"": 1e-06}"
rastrigin,Rastrigin,84,2200,gradient,3,"[-5.12, 5.12]","[2.698948383593887, -2.2294243683706942, 2.949669987866325]","[2.984854331092124, -1.989912905770093, 2.98485562461126]",21.88903367398935,26,28,"{""max_iterations"": 1000, ""rate"": 0.001, ""tolerance"": 1e-06}"
rastrigin,Rastrigin,85,2201,gradient,3,"[-5.12, 5.12]","[1.9983553688670055, -1.8334092752037043, -0.36898546422300704]","[1.9899122440283903, -1.989911993715113, -1.4512532001093467e-06]",7.959662381537441,27,29,"{""max_iterations"": 1000, ""rate"": 0.001, ""tolerance"": 1e-06}"
rastrigin,Rastrigin,86,2202,gradient,3,"[-5.12, 5.12]","[0.1247325497493561, -4.278741675374247, 0.9354471395904049]","[2.719974453324858e-07, -3.9797849019603015, 0.9949585159460864]",16.914202849785983,26,28,"{""max_iterations"": 1000, ""rate"": 0.001, ""tolerance"": 1e-06}"
rastrigin,Rastrigin,87,2203,gradient,3,"[-5.12, 5.12]","[-3.353147005459589, 1.9528438961467627, -1.1120997046395917]","[-2.984856852211593, 1.989912187308204, -0.9949587881392924]",13.929391489401036,27,29,"{""max_iterations"": 1000, ""rate"": 0.001, ""tolerance"": 1e-06}"
rastrigin,Rastrigin,88,2204,gradient,3,"[-5.12, 5.12]","[-4.412644751232339, 1.6105834460992003, 2.3713939303049303]","[-3.979784710354853, 1.9899114223958483, 1.9899127448415288]",23.878906173893967,29,31,"{""max_iterations"": 1000, ""rate"": 0.001, ""tolerance"": 1e-06}"
rastrigin,Rastrigin,89,2205,gradient,3,"[-5.12, 5.12]","[-3.7471383324759895, -4.928307152307745, 1.2461994064362436]","[-3.9797829284439725, -4.974691272147518, 0.9949593883539753]",41.787925784382466,26,28,"{""max_iterations"": 1000, ""rate"": 0.001, ""tolerance"": 1e-06}"
rastrigin,Rastrigin,90,2197,gradient,3,"[-5.12, 5.12]","[-2.0564115806261225, 3.5996234429140648, 4.334784565160214]","[-1.9899122636700122, 3.9797825965991036, 3.9797842246781903]",35.818318775817744,29,31,"{""max_iterations"": 1000, ""rate"": 0.001, ""tolerance"": 1e-06}"
rastrigin,Rastrigin,91,2198,gradient,3,"[-5.12, 5.12]","[-3.0201655157792584, -3.5324299233027263, -3.6941909337265955]","[-2.9848557023690994, -3.9797823709485947, -3.979783831860407]",40.79308882684678,34,36,"{""max_iterations"": 1000, ""rate"": 0.001, ""tolerance"": 1e-06}"
rastrigin,Rastrigin,92,2199,gradient,3,"[-5.12, 5.12]","[-3.9413558355895635, -3.8510546208960728, 0.5519477164224851]","[-3.979783852963931, -3.97978383123671, 0.9949577184520261]",32.83344664218408,31,33,"{""max_iterations"": 1000, ""rate"": 0.001, ""tolerance"": 1e-06}"
rastrigin,Rastrigin,93,2200,gradient,3,"[-5.12, 5.12]","[2.698948383593887, -2.2294243683706942, 2.949669987866325]","[2.984854331092124, -1.989912905770093, 2.98485562461126]",21.88903367398935,26,28,"{""max_iterations"": 1000, ""rate"": 0.001, ""tolerance"": 1e-06}"
rastrigin,Rastrigin,94,2201,gradient,3,"[-5.12, 5.12]","[1.9983553688670055, -1.8334092752037043, -0.36898546422300704]","[1.9899122440283903, -1.989911993715113, -1.4512532001093467e-06]",7.959662381537441,27,29,"{""max_iterations"": 1000, ""rate"": 0.001, ""tolerance"": 1e-06}"
rastrigin,Rastrigin,95,2202,gradient,3,"[-5.12, 5.12]","[0.1247325497493561, -4.278741675374247, 0.9354471395904049]","[2.719974453324858e-07, -3.9797849019603015, 0.9949585159460864]",16.914202849785983,26,28,"{""max_iterations"": 1000, ""rate"": 0.001, ""tolerance"": 1e-06}"
rastrigin,Rastrigin,96,2203,gradient,3,"[-5.12, 5.12]","[-3.353147005459589, 1.9528438961467627, -1.1120997046395917]","[-2.984856852211593, 1.989912187308204, -0.9949587881392924]",13.929391489401036,27,29,"{""max_iterations"": 1000, ""rate"": 0.001, ""tolerance"": 1e-06}"
rastrigin,Rastrigin,97,2204,gradient,3,"[-5.12, 5.12]","[-4.412644751232339, 1.6105834460992003, 2.3713939303049303]","[-3.979784710354853, 1.9899114223958483, 1.9899127448415288]",23.878906173893967,29,31,"{""max_iterations"": 1000, ""rate"": 0.001, ""tolerance"": 1e-06}"
rastrigin,Rastrigin,98,2205,gradient,3,"[-5.12, 5.12]","[-3.7471383324759895, -4.928307152307745, 1.2461994064362436]","[-3.9797829284439725, -4.974691272147518, 0.9949593883539753]",41.787925784382466,26,28,"{""max_iterations"": 1000, ""rate"": 0.001, ""tolerance"": 1e-06}"
rastrigin,Rastrigin,99,2206,gradient,3,"[-5.12, 5.12]","[0.14335187082723078, 2.0011145844358404, -3.402716364544326]","[1.1778609521923961e-07, 1.989912241974398, -2.984856932802522]",12.93443243234352,28,30,"{""max_iterations"": 1000, ""rate"": 0.001, ""tolerance"": 1e-06}"
rastrigin,Rastrigin,100,2237,gradient,3,"[-5.12, 5.12]","[-4.877281012905912, 2.136632811259643, 1.4333915102519121]","[-4.974691329224736, 1.9899123060429746, 0.9949599979828728]",29.848513182558328,29,31,"{""max_iterations"": 1000, ""rate"": 0.001, ""tolerance"": 1e-06}"
rastrigin,Rastrigin,101,2238,gradient,3,"[-5.12, 5.12]","[-1.5680078749980022, -0.19832798623299563, 2.6274593968935003]","[-1.9899110959265, -6.791598215613943e-08, 2.984855277840831]",12.934432432333699,30,32,"{""max_iterations"": 1000, ""rate"": 0.001, ""tolerance"": 1e-06}"
rastrigin,Rastrigin,102,2239,gradient,3,"[-5.12, 5.12]","[-1.123103501010045, -3.5755215240046074, -2.3012391665270515]","[-0.9949586744322955, -3.9797825313465163, -1.9899123904689073]",20.89403404046162,30,32,"{""max_iterations"": 1000, ""rate"": 0.001, ""tolerance"": 1e-06}"
rastrigin,Rastrigin,103,2240,gradient,3,"[-5.12, 5.12]","[-0.9001109309051314, 1.0444475500061126, 4.179470187885843]","[-0.994958081339871, 0.9949589086369895, 3.979785262541201]",17.909161907111013,24,26,"{""max_iterations"": 1000, ""rate"": 0.001, ""tolerance"": 1e-06}"
rastrigin,Rastrigin,104,2241,gradient,3,"[-5.12, 5.12]","[-1.3852354282911996, -0.35260115011325155, -1.081690365390032]","[-0.9949596664981175, -7.232447575150676e-07, -0.9949587024211605]",1.9899181145010907,28,30,"{""max_iterations"": 1000, ""rate"": 0.001, ""tolerance"": 1e-06}"
rastrigin,Rastrigin,105,2242,gradient,3,"[-5.12, 5.12]","[0.6870024489726969, 3.8995948814061956, -2.6584854641826996]","[0.9949581364796976, 3.9797837872327526, -2.984854926790091]",25.868804091211086,28,30,"{""max_iterations"": 1000, ""rate"": 0.001, ""tolerance"": 1e-06}"
rastrigin,Rastrigin,106,2243,gradient,3,"[-5.12, 5.12]","[2.202026317894892, 0.10041792361216029, -1.4277790045980736]","[1.9899123544771893, 4.627845092819387e-08, -0.9949598527102096]",4.974790247943444,29,31,"{""max_iterations"": 1000, ""rate"": 0.001, ""tolerance"": 1e-06}"
rastrigin,Rastrigin,107,2244,gradient,3,"[-5.12, 5.12]","[0.6064053260386064, 3.3429444389804877, -0.1058371883241831]","[0.9949573291465166, 2.9848563319675234, -8.148433790074996e-08]",9.949560298999756,28,30,"{""max_iterations"": 1000, ""rate"": 0.001, ""tolerance"": 1e-06}"
rastrigin,Rastrigin,108,2245,gradient,3,"[-5.12, 5.12]","[-1.0602182027843101, 3.7036353530941506, -2.221249269243757]","[-0.9949587169254468, 3.979783004003764, -1.9899126156618872]",20.894034040283344,27,29,"{""max_iterations"": 1000, ""rate"": 0.001, ""tolerance"": 1e-06}"
rastrigin,Rastrigin,109,2246,gradient,3,"[-5.12, 5.12]","[-1.0665633752082693, 3.7746393135354124, -3.5691591099006166]","[-0.9949586492398302, 3.979783800735532, -3.9797828933797805]",32.833446642201075,31,33,"{""max_iterations"": 1000, ""rate"": 0.001, ""tolerance"": 1e-06}"
rastrigin,Rastrigin,110,2238,gradient,3,"[-5.12, 5.12]","[-1.5680078749980022, -0.19832798623299563, 2.6274593968935003]","[-1.9899110959265, -6.791598215613943e-08, 2.984855277840831]",12.934432432333699,30,32,"{""max_iterations"": 1000, ""rate"": 0.001, ""tolerance"": 1e-06}"
rastrigin,Rastrigin,111,2239,gradient,3,"[-5.12, 5.12]","[-1.123103501010045, -3.5755215240046074, -2.3012391665270515]","[-0.9949586744322955, -3.9797825313465163, -1.9899123904689073]",20.89403404046162,30,32,"{""max_iterations"": 1000, ""rate"": 0.001, ""tolerance"": 1e-06}"
rastrigin,Rastrigin,112,2240,gradient,3,"[-5.12, 5.12]","[-0.9001109309051314, 1.0444475500061126, 4.179470187885843]","[-0.994958081339871, 0.9949589086369895, 3.979785262541201]",17.909161907111013,24,26,"{""max_iterations"": 1000, ""rate"": 0.001, ""tolerance"": 1e-06}"
rastrigin,Rastrigin,113,2241,gradient,3,"[-5.12, 5.12]","[-1.3852354282911996, -0.35260115011325155, -1.081690365390032]","[-0.9949596664981175, -7.232447575150676e-07, -0.9949587024211605]",1.9899181145010907,28,30,"{""max_iterations"": 1000, ""rate"": 0.001, ""tolerance"": 1e-06}"
rastrigin,Rastrigin,114,2242,gradient,3,"[-5.12, 5.12]","[0.6870024489726969, 3.8995948814061956, -2.6584854641826996]","[0.9949581364796976, 3.9797837872327526, -2.984854926790091]",25.868804091211086,28,30,"{""max_iterations"": 1000, ""rate"": 0.001, ""tolerance"": 1e-06}"
rastrigin,Rastrigin,115,2243,gradient,3,"[-5.12, 5.12]","[2.202026317894892, 0.10041792361216029, -1.4277790045980736]","[1.9899123544771893, 4.627845092819387e-08, -0.9949598527102096]",4.974790247943444,29,31,"{""max_iterations"": 1000, ""rate"": 0.001, ""tolerance"": 1e-06}"
rastrigin,Rastrigin,116,2244,gradient,3,"[-5.12, 5.12]","[0.6064053260386064, 3.3429444389804877, -0.1058371883241831]","[0.9949573291465166, 2.9848563319675234, -8.148433790074996e-08]",9.949560298999756,28,30,"{""max_iterations"": 1000, ""rate"": 0.001, ""tolerance"": 1e-06}"
rastrigin,Rastrigin,117,2245,gradient,3,"[-5.12, 5.12]","[-1.0602182027843101, 3.7036353530941506, -2.221249269243757]","[-0.9949587169254468, 3.979783004003764, -1.9899126156618872]",20.894034040283344,27,29,"{""max_iterations"": 1000, ""rate"": 0.001, ""tolerance"": 1e-06}"
rastrigin,Rastrigin,118,2246,gradient,3,"[-5.12, 5.12]","[-1.0665633752082693, 3.7746393135354124, -3.5691591099006166]","[-0.9949586492398302, 3.979783800735532, -3.9797828933797805]",32.833446642201075,31,33,"{""max_iterations"": 1000, ""rate"": 0.001, ""tolerance"": 1e-06}"
rastrigin,Rastrigin,119,2247,gradient,3,"[-5.12, 5.12]","[4.2386194749916735, -2.7276975516395576, -1.479897226256012]","[3.9797838990898287, -2.9848556499373253, -0.9949599894711862]",25.868804091405007,32,34,"{""max_iterations"": 1000, ""rate"": 0.001, ""tolerance"": 1e-06}"
rastrigin,Rastrigin,120,2239,gradient,3,"[-5.12, 5.12]","[-1.123103501010045, -3.5755215240046074, -2.3012391665270515]","[-0.9949586744322955, -3.9797825313465163, -1.9899123904689073]",20.89403404046162,30,32,"{""max_iterations"": 1000, ""rate"": 0.001, ""tolerance"": 1e-06}"
rastrigin,Rastrigin,121,2240,gradient,3,"[-5.12, 5.12]","[-0.9001109309051314, 1.0444475500061126, 4.179470187885843]","[-0.994958081339871, 0.9949589086369895, 3.979785262541201]",17.909161907111013,24,26,"{""max_iterations"": 1000, ""rate"": 0.001, ""tolerance"": 1e-06}"
rastrigin,Rastrigin,122,2241,gradient,3,"[-5.12, 5.12]","[-1.3852354282911996, -0.35260115011325155, -1.081690365390032]","[-0.9949596664981175, -7.232447575150676e-07, -0.9949587024211605]",1.9899181145010907,28,30,"{""max_iterations"": 1000, ""rate"": 0.001, ""tolerance"": 1e-06}"
rastrigin,Rastrigin,123,2242,gradient,3,"[-5.12, 5.12]","[0.6870024489726969, 3.8995948814061956, -2.6584854641826996]","[0.9949581364796976, 3.9797837872327526, -2.984854926790091]",25.868804091211086,28,30,"{""max_iterations"": 1000, ""rate"": 0.001, ""tolerance"": 1e-06}"
rastrigin,Rastrigin,124,2243,gradient,3,"[-5.12, 5.12]","[2.202026317894892, 0.10041792361216029, -1.4277790045980736]","[1.9899123544771893, 4.627845092819387e-08, -0.9949598527102096]",4.974790247943444,29,31,"{""max_iterations"": 1000, ""rate"": 0.001, ""tolerance"": 1e-06}"
rastrigin,Rastrigin,125,2244,gradient,3,"[-5.12, 5.12]","[0.6064053260386064, 3.3429444389804877, -0.1058371883241831]","[0.9949573291465166, 2.9848563319675234, -8.148433790074996e-08]",9.949560298999756,28,30,"{""max_iterations"": 1000, ""rate"": 0.001, ""tolerance"": 1e-06}"
rastrigin,Rastrigin,126,2245,gradient,3,"[-5.12, 5.12]","[-1.0602182027843101, 3.7036353530941506, -2.221249269243757]","[-0.9949587169254468, 3.979783004003764, -1.9899126156618872]",20.894034040283344,27,29,"{""max_iterations"": 1000, ""rate"": 0.001, ""tolerance"": 1e-06}"
rastrigin,Rastrigin,127,2246,gradient,3,"[-5.12, 5.12]","[-1.0665633752082693, 3.7746393135354124, -3.5691591099006166]","[-0.9949586492398302, 3.979783800735532, -3.9797828933797805]",32.833446642201075,31,33,"{""max_iterations"": 1000, ""rate"": 0.001, ""tolerance"": 1e-06}"
rastrigin,Rastrigin,128,2247,gradient,3,"[-5.12, 5.12]","[4.2386194749916735, -2.7276975516395576, -1.479897226256012]","[3.9797838990898287, -2.9848556499373253, -0.9949599894711862]",25.868804091405007,32,34,"{""max_iterations"": 1000, ""rate"": 0.001, ""tolerance"": 1e-06}"
rastrigin,Rastrigin,129,2248,gradient,3,"[-5.12, 5.12]","[5.044425248259729, -2.7709025699719927, -0.505272950527428]","[4.974691391152389, -2.9848557000071767, -0.9949572852273366]",34.82328323348522,39,41,"{""max_iterations"": 1000, ""rate"": 0.001, ""tolerance"": 1e-06}"
rastrigin,Rastrigin,130,2240,gradient,3,"[-5.12, 5.12]","[-0.9001109309051314, 1.0444475500061126, 4.179470187885843]","[-0.994958081339871, 0.9949589086369895, 3.979785262541201]",17.909161907111013,24,26,"{""max_iterations"": 1000, ""rate"": 0.001, ""tolerance"": 1e-06}"
rastrigin,Rastrigin,131,2241,gradient,3,"[-5.12, 5.12]","[-1.3852354282911996, -0.35260115011325155, -1.081690365390032]","[-0.9949596664981175, -7.232447575150676e-07, -0.9949587024211605]",1.9899181145010907,28,30,"{""max_iterations"": 1000, ""rate"": 0.001, ""tolerance"": 1e-06}"
rastrigin,Rastrigin,132,2242,gradient,3,"[-5.12, 5.12]","[0.6870024489726969, 3.8995948814061956, -2.6584854641826996]","[0.9949581364796976, 3.9797837872327526, -2.984854926790091]",25.868804091211086,28,30,"{""max_iterations"": 1000, ""rate"": 0.001, ""tolerance"": 1e-06}"
rastrigin,Rastrigin,133,2243,gradient,3,"[-5.12, 5.12]","[2.202026317894892, 0.10041792361216029, -1.4277790045980736]","[1.9899123544771893, 4.627845092819387e-08, -0.9949598527102096]",4.974790247943444,29,31,"{""max_iterations"": 1000, ""rate"": 0.001, ""tolerance"": 1e-06}"
rastrigin,Rastrigin,134,2244,gradient,3,"[-5.12, 5.12]","[0.6064053260386064, 3.3429444389804877, -0.1058371883241831]","[0.9949573291465166, 2.9848563319675234, -8.148433790074996e-08]",9.949560298999756,28,30,"{""max_iterations"": 1000, ""rate"": 0.001, ""tolerance"": 1e-06}"
rastrigin,Rastrigin,135,2245,gradient,3,"[-5.12, 5.12]","[-1.0602182027843101, 3.7036353530941506, -2.221249269243757]","[-0.9949587169254468, 3.979783004003764, -1.9899126156618872]",20.894034040283344,27,29,"{""max_iterations"": 1000, ""rate"": 0.001, ""tolerance"": 1e-06}"
rastrigin,Rastrigin,136,2246,gradient,3,"[-5.12, 5.12]","[-1.0665633752082693, 3.7746393135354124, -3.5691591099006166]","[-0.9949586492398302, 3.979783800735532, -3.9797828933797805]",32.833446642201075,31,33,"{""max_iterations"": 1000, ""rate"": 0.001, ""tolerance"": 1e-06}"
rastrigin,Rastrigin,137,2247,gradient,3,"[-5.12, 5.12]","[4.2386194749916735, -2.7276975516395576, -1.479897226256012]","[3.9797838990898287, -2.9848556499373253, -0.9949599894711862]",25.868804091405007,32,34,"{""max_iterations"": 1000, ""rate"": 0.001, ""tolerance"": 1e-06}"
rastrigin,Rastrigin,138,2248,gradient,3,"[-5.12, 5.12]","[5.044425248259729, -2.7709025699719927, -0.505272950527428]","[4.974691391152389, -2.9848557000071767, -0.9949572852273366]",34.82328323348522,39,41,"{""max_iterations"": 1000, ""rate"": 0.001, ""tolerance"": 1e-06}"
rastrigin,Rastrigin,139,2249,gradient,3,"[-5.12, 5.12]","[1.7624910601957087, 4.51041687832483, 0.253149006809962]","[1.9899122258902282, 3.9797850018693994, 8.398815560527167e-09]",19.89907498327212,35,37,"{""max_iterations"": 1000, ""rate"": 0.001, ""tolerance"": 1e-06}"
rastrigin,Rastrigin,140,2241,gradient,3,"[-5.12, 5.12]","[-1.3852354282911996, -0.35260115011325155, -1.081690365390032]","[-0.9949596664981175, -7.232447575150676e-07, -0.9949587024211605]",1.9899181145010907,28,30,"{""max_iterations"": 1000, ""rate"": 0.001, ""tolerance"": 1e-06}"
rastrigin,Rastrigin,141,2242,gradient,3,"[-5.12, 5.12]","[0.6870024489726969, 3.8995948814061956, -2.6584854641826996]","[0.9949581364796976, 3.9797837872327526, -2.984854926790091]",25.868804091211086,28,30,"{""max_iterations"": 1000, ""rate"": 0.001, ""tolerance"": 1e-06}"
rastrigin,Rastrigin,142,2243,gradient,3,"[-5.12, 5.12]","[2.202026317894892, 0.10041792361216029, -1.4277790045980736]","[1.9899123544771893, 4.627845092819387e-08, -0.9949598527102096]",4.974790247943444,29,31,"{""max_iterations"": 1000, ""rate"": 0.001, ""tolerance"": 1e-06}"
rastrigin,Rastrigin,143,2244,gradient,3,"[-5.12, 5.12]","[0.6064053260386064, 3.3429444389804877, -0.1058371883241831]","[0.9949573291465166, 2.9848563319675234, -8.148433790074996e-08]",9.949560298999756,28,30,"{""max_iterations"": 1000, ""rate"": 0.001, ""tolerance"": 1e-06}"
rastrigin,Rastrigin,144,2245,gradient,3,"[-5.12, 5.12]","[-1.0602182027843101, 3.7036353530941506, -2.221249269243757]","[-0.9949587169254468, 3.979783004003764, -1.9899126156618872]",20.894034040283344,27,29,"{""max_iterations"": 1000, ""rate"": 0.001, ""tolerance"": 1e-06}"
rastrigin,Rastrigin,145,2246,gradient,3,"[-5.12, 5.12]","[-1.0665633752082693, 3.7746393135354124, -3.5691591099006166]","[-0.9949586492398302, 3.979783800735532, -3.9797828933797805]",32.833446642201075,31,33,"{""max_iterations"": 1000, ""rate"": 0.001, ""tolerance"": 1e-06}"
rastrigin,Rastrigin,146,2247,gradient,3,"[-5.12, 5.12]","[4.2386194749916735, -2.7276975516395576, -1.479897226256012]","[3.9797838990898287, -2.9848556499373253, -0.9949599894711862]",25.868804091405007,32,34,"{""max_iterations"": 1000, ""rate"": 0.001, ""tolerance"": 1e-06}"
rastrigin,Rastrigin,147,2248,gradient,3,"[-5.12, 5.12]","[5.044425248259729, -2.7709025699719927, -0.505272950527428]","[4.974691391152389, -2.9848557000071767, -0.9949572852273366]",34.82328323348522,39,41,"{""max_iterations"": 1000, ""rate"": 0.001, ""tolerance"": 1e-06}"
rastrigin,Rastrigin,148,2249,gradient,3,"[-5.12, 5.12]","[1.7624910601957087, 4.51041687832483, 0.253149006809962]","[1.9899122258902282, 3.9797850018693994, 8.398815560527167e-09]",19.89907498327212,35,37,"{""max_iterations"": 1000, ""rate"": 0.001, ""tolerance"": 1e-06}"
rastrigin,Rastrigin,149,2250,gradient,3,"[-5.12, 5.12]","[1.026718325862121, 0.4336589191567386, 0.7362161534237615]","[0.9949586514695261, 1.5062254648737248e-06, 0.9949584434229157]",1.9899181146441993,29,31,"{""max_iterations"": 1000, ""rate"": 0.001, ""tolerance"": 1e-06}"
rastrigin,Rastrigin,150,2242,gradient,3,"[-5.12, 5.12]","[0.6870024489726969, 3.8995948814061956, -2.6584854641826996]","[0.9949581364796976, 3.9797837872327526, -2.984854926790091]",25.868804091211086,28,30,"{""max_iterations"": 1000, ""rate"": 0.001, ""tolerance"": 1e-06}"
rastrigin,Rastrigin,151,2243,gradient,3,"[-5.12, 5.12]","[2.202026317894892, 0.10041792361216029, -1.4277790045980736]","[1.9899123544771893, 4.627845092819387e-08, -0.9949598527102096]",4.974790247943444,29,31,"{""max_iterations"": 1000, ""rate"": 0.001, ""tolerance"": 1e-06}"
rastrigin,Rastrigin,152,2244,gradient,3,"[-5.12, 5.12]","[0.6064053260386064, 3.3429444389804877, -0.1058371883241831]","[0.9949573291465166, 2.9848563319675234, -8.148433790074996e-08]",9.949560298999756,28,30,"{""max_iterations"": 1000, ""rate"": 0.001, ""tolerance"": 1e-06}"
rastrigin,Rastrigin,153,2245,gradient,3,"[-5.12, 5.12]","[-1.0602182027843101, 3.7036353530941506, -2.221249269243757]","[-0.9949587169254468, 3.979783004003764, -1.9899126156618872]",20.894034040283344,27,29,"{""max_iterations"": 1000, ""rate"": 0.001, ""tolerance"": 1e-06}"
rastrigin,Rastrigin,154,2246,gradient,3,"[-5.12, 5.12]","[-1.0665633752082693, 3.7746393135354124, -3.5691591099006166]","[-0.9949586492398302, 3.979783800735532, -3.9797828933797805]",32.833446642201075,31,33,"{""max_iterations"": 1000, ""rate"": 0.001, ""tolerance"": 1e-06}"
rastrigin,Rastrigin,155,2247,gradient,3,"[-5.12, 5.12]","[4.2386194749916735, -2.7276975516395576, -1.479897226256012]","[3.9797838990898287, -2.9848556499373253, -0.9949599894711862]",25.868804091405007,32,34,"{""max_iterations"": 1000, ""rate"": 0.001, ""tolerance"": 1e-06}"
rastrigin,Rastrigin,156,2248,gradient,3,"[-5.12, 5.12]","[5.044425248259729, -2.7709025699719927, -0.505272950527428]","[4.974691391152389, -2.9848557000071767, -0.9949572852273366]",34.82328323348522,39,41,"{""max_iterations"": 1000, ""rate"": 0.001, ""tolerance"": 1e-06}"
rastrigin,Rastrigin,157,2249,gradient,3,"[-5.12, 5.12]","[1.7624910601957087, 4.51041687832483, 0.253149006809962]","[1.9899122258902282, 3.9797850018693994, 8.398815560527167e-09]",19.89907498327212,35,37,"{""max_iterations"": 1000, ""rate"": 0.001, ""tolerance"": 1e-06}"
rastrigin,Rastrigin,158,2250,gradient,3,"[-5.12, 5.12]","[1.026718325862121, 0.4336589191567386, 0.7362161534237615]","[0.9949586514695261, 1.5062254648737248e-06, 0.9949584434229157]",1.9899181146441993,29,31,"{""max_iterations"": 1000, ""rate"": 0.001, ""tolerance"": 1e-06}"
rastrigin,Rastrigin,159,2251,gradient,3,"[-5.12, 5.12]","[3.9911893627388375, 2.9569471374987844, -0.32074833921441037]","[3.9797838857637977, 2.9848556408253666, -1.4314784560143538e-06]",24.87384503435591,26,28,"{""max_iterations"": 1000, ""rate"": 0.001, ""tolerance"": 1e-06}"
rastrigin,Rastrigin,160,2243,gradient,3,"[-5.12, 5.12]","[2.202026317894892, 0.10041792361216029, -1.4277790045980736]","[1.9899123544771893, 4.627845092819387e-08, -0.9949598527102096]",4.974790247943444,29,31,"{""max_iterations"": 1000, ""rate"": 0.001, ""tolerance"": 1e-06}"
rastrigin,Rastrigin,161,2244,gradient,3,"[-5.12, 5.12]","[0.6064053260386064, 3.3429444389804877, -0.1058371883241831]","[0.9949573291465166, 2.9848563319675234, -8.148433790074996e-08]",9.949560298999756,28,30,"{""max_iterations"": 1000, ""rate"": 0.001, ""tolerance"": 1e-06}"
rastrigin,Rastrigin,162,2245,gradient,3,"[-5.12, 5.12]","[-1.0602182027843101, 3.7036353530941506, -2.221249269243757]","[-0.9949587169254468, 3.979783004003764, -1.9899126156618872]",20.894034040283344,27,29,"{""max_iterations"": 1000, ""rate"": 0.001, ""tolerance"": 1e-06}"
rastrigin,Rastrigin,163,2246,gradient,3,"[-5.12, 5.12]","[-1.0665633752082693, 3.7746393135354124, -3.5691591099006166]","[-0.9949586492398302, 3.979783800735532, -3.9797828933797805]",32.833446642201075,31,33,"{""max_iterations"": 1000, ""rate"": 0.001, ""tolerance"": 1e-06}"
rastrigin,Rastrigin,164,2247,gradient,3,"[-5.12, 5.12]","[4.2386194749916735, -2.7276975516395576, -1.479897226256012]","[3.9797838990898287, -2.9848556499373253, -0.9949599894711862]",25.868804091405007,32,34,"{""max_iterations"": 1000, ""rate"": 0.001, ""tolerance"": 1e-06}"
rastrigin,Rastrigin,165,2248,gradient,3,"[-5.12, 5.12]","[5.044425248259729, -2.7709025699719927, -0.505272950527428]","[4.974691391152389, -2.9848557000071767, -0.9949572852273366]",34.82328323348522,39,41,"{""max_iterations"": 1000, ""rate"": 0.001, ""tolerance"": 1e-06}"
rastrigin,Rastrigin,166,2249,gradient,3,"[-5.12, 5.12]","[1.7624910601957087, 4.51041687832483, 0.253149006809962]","[1.9899122258902282, 3.9797850018693994, 8.398815560527167e-09]",19.89907498327212,35,37,"{""max_iterations"": 1000, ""rate"": 0.001, ""tolerance"": 1e-06}"
rastrigin,Rastrigin,167,2250,gradient,3,"[-5.12, 5.12]","[1.026718325862121, 0.4336589191567386, 0.7362161534237615]","[0.9949586514695261, 1.5062254648737248e-06, 0.9949584434229157]",1.9899181146441993,29,31,"{""max_iterations"": 1000, ""rate"": 0.001, ""tolerance"": 1e-06}"
rastrigin,Rastrigin,168,2251,gradient,3,"[-5.12, 5.12]","[3.9911893627388375, 2.9569471374987844, -0.32074833921441037]","[3.9797838857637977, 2.9848556408253666, -1.4314784560143538e-06]",24.87384503435591,26,28,"{""max_iterations"": 1000, ""rate"": 0.001, ""tolerance"": 1e-06}"
rastrigin,Rastrigin,169,2252,gradient,3,"[-5.12, 5.12]","[-2.408657866706993, 2.092044339936556, 2.493707864010098]","[-1.9899123442290034, 1.9899122400131228, 1.9899137229217911]",11.9394935721038,33,35,"{""max_iterations"": 1000, ""rate"": 0.001, ""tolerance"": 1e-06}"
rastrigin,Rastrigin,170,2244,gradient,3,"[-5.12, 5.12]","[0.6064053260386064, 3.3429444389804877, -0.1058371883241831]","[0.9949573291465166, 2.9848563319675234, -8.148433790074996e-08]",9.949560298999756,28,30,"{""max_iterations"": 1000, ""rate"": 0.001, ""tolerance"": 1e-06}"
rastrigin,Rastrigin,171,2245,gradient,3,"[-5.12, 5.12]","[-1.0602182027843101, 3.7036353530941506, -2.221249269243757]","[-0.9949587169254468, 3.979783004003764, -1.9899126156618872]",20.894034040283344,27,29,"{""max_iterations"": 1000, ""rate"": 0.001, ""tolerance"": 1e-06}"
rastrigin,Rastrigin,172,2246,gradient,3,"[-5.12, 5.12]","[-1.0665633752082693, 3.7746393135354124, -3.5691591099006166]","[-0.9949586492398302, 3.979783800735532, -3.9797828933797805]",32.833446642201075,31,33,"{""max_iterations"": 1000, ""rate"": 0.001, ""tolerance"": 1e-06}"
rastrigin,Rastrigin,173,2247,gradient,3,"[-5.12, 5.12]","[4.2386194749916735, -2.7276975516395576, -1.479897226256012]","[3.9797838990898287, -2.9848556499373253, -0.9949599894711862]",25.868804091405007,32,34,"{""max_iterations"": 1000, ""rate"": 0.001, ""tolerance"": 1e-06}"
rastrigin,Rastrigin,174,2248,gradient,3,"[-5.12, 5.12]","[5.044425248259729, -2.7709025699719927, -0.505272950527428]","[4.974691391152389, -2.9848557000071767, -0.9949572852273366]",34.82328323348522,39,41,"{""max_iterations"": 1000, ""rate"": 0.001, ""tolerance"": 1e-06}"
rastrigin,Rastrigin,175,2249,gradient,3,"[-5.12, 5.12]","[1.7624910601957087, 4.51041687832483, 0.253149006809962]","[1.9899122258902282, 3.9797850018693994, 8.398815560527167e-09]",19.89907498327212,35,37,"{""max_iterations"": 1000, ""rate"": 0.001, ""tolerance"": 1e-06}"
rastrigin,Rastrigin,176,2250,gradient,3,"[-5.12, 5.12]","[1.026718325862121, 0.4336589191567386, 0.7362161534237615]","[0.9949586514695261, 1.5062254648737248e-06, 0.9949584434229157]",1.9899181146441993,29,31,"{""max_iterations"": 1000, ""rate"": 0.001, ""tolerance"": 1e-06}"
rastrigin,Rastrigin,177,2251,gradient,3,"[-5.12, 5.12]","[3.9911893627388375, 2.9569471374987844, -0.32074833921441037]","[3.9797838857637977, 2.9848556408253666, -1.4314784560143538e-06]",24.87384503435591,26,28,"{""max_iterations"": 1000, ""rate"": 0.001, ""tolerance"": 1e-06}"
rastrigin,Rastrigin,178,2252,gradient,3,"[-5.12, 5.12]","[-2.408657866706993, 2.092044339936556, 2.493707864010098]","[-1.9899123442290034, 1.9899122400131228, 1.9899137229217911]",11.9394935721038,33,35,"{""max_iterations"": 1000, ""rate"": 0.001, ""tolerance"": 1e-06}"
rastrigin,Rastrigin,179,2253,gradient,3,"[-5.12, 5.12]","[-3.9503016920471885, -3.822754887139573, -2.963626812768438]","[-3.9797836754839233, -3.9797825868936587, -2.9848555765970683]",40.79308882673898,24,26,"{""max_iterations"": 1000, ""rate"": 0.001, ""tolerance"": 1e-06}"
rastrigin,Rastrigin,180,2245,gradient,3,"[-5.12, 5.12]","[-1.0602182027843101, 3.7036353530941506, -2.221249269243757]","[-0.9949587169254468, 3.979783004003764, -1.9899126156618872]",20.894034040283344,27,29,"{""max_iterations"": 1000, ""rate"": 0.001, ""tolerance"": 1e-06}"
rastrigin,Rastrigin,181,2246,gradient,3,"[-5.12, 5.12]","[-1.0665633752082693, 3.7746393135354124, -3.5691591099006166]","[-0.9949586492398302, 3.979783800735532, -3.9797828933797805]",32.833446642201075,31,33,"{""max_iterations"": 1000, ""rate"": 0.001, ""tolerance"": 1e-06}"
rastrigin,Rastrigin,182,2247,gradient,3,"[-5.12, 5.12]","[4.2386194749916735, -2.7276975516395576, -1.479897226256012]","[3.9797838990898287, -2.9848556499373253, -0.9949599894711862]",25.868804091405007,32,34,"{""max_iterations"": 1000, ""rate"": 0.001, ""tolerance"": 1e-06}"
rastrigin,Rastrigin,183,2248,gradient,3,"[-5.12, 5.12]","[5.044425248259729, -2.7709025699719927, -0.505272950527428]","[4.974691391152389, -2.9848557000071767, -0.9949572852273366]",34.82328323348522,39,41,"{""max_iterations"": 1000, ""rate"": 0.001, ""tolerance"": 1e-06}"
rastrigin,Rastrigin,184,2249,gradient,3,"[-5.12, 5.12]","[1.7624910601957087, 4.51041687832483, 0.253149006809962]","[1.9899122258902282, 3.9797850018693994, 8.398815560527167e-09]",19.89907498327212,35,37,"{""max_iterations"": 1000, ""rate"": 0.001, ""tolerance"": 1e-06}"
rastrigin,Rastrigin,185,2250,gradient,3,"[-5.12, 5.12]","[1.026718325862121, 0.4336589191567386, 0.7362161534237615]","[0.9949586514695261, 1.5062254648737248e-06, 0.9949584434229157]",1.9899181146441993,29,31,"{""max_iterations"": 1000, ""rate"": 0.001, ""tolerance"": 1e-06}"
rastrigin,Rastrigin,186,2251,gradient,3,"[-5.12, 5.12]","[3.9911893627388375, 2.9569471374987844, -0.32074833921441037]","[3.9797838857637977, 2.9848556408253666, -1.4314784560143538e-06]",24.87384503435591,26,28,"{""max_iterations"": 1000, ""rate"": 0.001, ""tolerance"": 1e-06}"
rastrigin,Rastrigin,187,2252,gradient,3,"[-5.12, 5.12]","[-2.408657866706993, 2.092044339936556, 2.493707864010098]","[-1.9899123442290034, 1.9899122400131228, 1.9899137229217911]",11.9394935721038,33,35,"{""max_iterations"": 1000, ""rate"": 0.001, ""tolerance"": 1e-06}"
rastrigin,Rastrigin,188,2253,gradient,3,"[-5.12, 5.12]","[-3.9503016920471885, -3.822754887139573, -2.963626812768438]","[-3.9797836754839233, -3.9797825868936587, -2.9848555765970683]",40.79308882673898,24,26,"{""max_iterations"": 1000, ""rate"": 0.001, ""tolerance"": 1e-06}"
rastrigin,Rastrigin,189,2254,gradient,3,"[-5.12, 5.12]","[-0.4469209882405183, 1.915795431402219, -3.5948012152646016]","[-1.264592095400591e-06, 1.989912212419677, -3.9797830161957655]",19.899074983473206,30,32,"{""max_iterations"": 1000, ""rate"": 0.001, ""tolerance"": 1e-06}"
rastrigin,Rastrigin,190,2246,gradient,3,"[-5.12, 5.12]","[-1.0665633752082693, 3.7746393135354124, -3.5691591099006166]","[-0.9949586492398302, 3.979783800735532, -3.9797828933797805]",32.833446642201075,31,33,"{""max_iterations"": 1000, ""rate"": 0.001, ""tolerance"": 1e-06}"
rastrigin,Rastrigin,191,2247,gradient,3,"[-5.12, 5.12]","[4.2386194749916735, -2.7276975516395576, -1.479897226256012]","[3.9797838990898287, -2.9848556499373253, -0.9949599894711862]",25.868804091405007,32,34,"{""max_iterations"": 1000, ""rate"": 0.001, ""tolerance"": 1e-06}"
rastrigin,Rastrigin,192,2248,gradient,3,"[-5.12, 5.12]","[5.044425248259729, -2.7709025699719927, -0.505272950527428]","[4.974691391152389, -2.9848557000071767, -0.9949572852273366]",34.82328323348522,39,41,"{""max_iterations"": 1000, ""rate"": 0.001, ""tolerance"": 1e-06}"
rastrigin,Rastrigin,193,2249,gradient,3,"[-5.12, 5.12]","[1.7624910601957087, 4.51041687832483, 0.253149006809962]","[1.9899122258902282, 3.9797850018693994, 8.398815560527167e-09]",19.89907498327212,35,37,"{""max_iterations"": 1000, ""rate"": 0.001, ""tolerance"": 1e-06}"
rastrigin,Rastrigin,194,2250,gradient,3,"[-5.12, 5.12]","[1.026718325862121, 0.4336589191567386, 0.7362161534237615]","[0.9949586514695261, 1.5062254648737248e-06, 0.9949584434229157]",1.9899181146441993,29,31,"{""max_iterations"": 1000, ""rate"": 0.001, ""tolerance"": 1e-06}"
rastrigin,Rastrigin,195,2251,gradient,3,"[-5.12, 5.12]","[3.9911893627388375, 2.9569471374987844, -0.32074833921441037]","[3.9797838857637977, 2.9848556408253666, -1.4314784560143538e-06]",24.87384503435591,26,28,"{""max_iterations"": 1000, ""rate"": 0.001, ""tolerance"": 1e-06}"
rastrigin,Rastrigin,196,2252,gradient,3,"[-5.12, 5.12]","[-2.408657866706993, 2.092044339936556, 2.493707864010098]","[-1.9899123442290034, 1.9899122400131228, 1.9899137229217911]",11.9394935721038,33,35,"{""max_iterations"": 1000, ""rate"": 0.001, ""tolerance"": 1e-06}"
rastrigin,Rastrigin,197,2253,gradient,3,"[-5.12, 5.12]","[-3.9503016920471885, -3.822754887139573, -2.963626812768438]","[-3.9797836754839233, -3.9797825868936587, -2.9848555765970683]",40.79308882673898,24,26,"{""max_iterations"": 1000, ""rate"": 0.001, ""tolerance"": 1e-06}"
rastrigin,Rastrigin,198,2254,gradient,3,"[-5.12, 5.12]","[-0.4469209882405183, 1.915795431402219, -3.5948012152646016]","[-1.264592095400591e-06, 1.989912212419677, -3.9797830161957655]",19.899074983473206,30,32,"{""max_iterations"": 1000, ""rate"": 0.001, ""tolerance"": 1e-06}"
rastrigin,Rastrigin,199,2255,gradient,3,"[-5.12, 5.12]","[4.079314578854624, 0.488427061153061, 1.368484579942975]","[3.9797838643955306, 1.3654882958865384e-06, 0.9949586780322663]",16.914202849925065,34,36,"{""max_iterations"": 1000, ""rate"": 0.001, ""tolerance"": 1e-06}"
rastrigin,Rastrigin,200,2238,gradient,3,"[-5.12, 5.12]","[-1.5680078749980022, -0.19832798623299563, 2.6274593968935003]","[-1.9899110959265, -6.791598215613943e-08, 2.984855277840831]",12.934432432333699,30,32,"{""max_iterations"": 1000, ""rate"": 0.001, ""tolerance"": 1e-06}"
rastrigin,Rastrigin,201,2239,gradient,3,"[-5.12, 5.12]","[-1.123103501010045, -3.5755215240046074, -2.3012391665270515]","[-0.9949586744322955, -3.9797825313465163, -1.9899123904689073]",20.89403404046162,30,32,"{""max_iterations"": 1000, ""rate"": 0.001, ""tolerance"": 1e-06}"
rastrigin,Rastrigin,202,2240,gradient,3,"[-5.12, 5.12]","[-0.9001109309051314, 1.0444475500061126, 4.179470187885843]","[-0.994958081339871, 0.9949589086369895, 3.979785262541201]",17.909161907111013,24,26,"{""max_iterations"": 1000, ""rate"": 0.001, ""tolerance"": 1e-06}"
rastrigin,Rastrigin,203,2241,gradient,3,"[-5.12, 5.12]","[-1.3852354282911996, -0.35260115011325155, -1.081690365390032]","[-0.9949596664981175, -7.232447575150676e-07, -0.9949587024211605]",1.9899181145010907,28,30,"{""max_iterations"": 1000, ""rate"": 0.001, ""tolerance"": 1e-06}"
rastrigin,Rastrigin,204,2242,gradient,3,"[-5.12, 5.12]","[0.6870024489726969, 3.8995948814061956, -2.6584854641826996]","[0.9949581364796976, 3.9797837872327526, -2.984854926790091]",25.868804091211086,28,30,"{""max_iterations"": 1000, ""rate"": 0.001, ""tolerance"": 1e-06}"
rastrigin,Rastrigin,205,2243,gradient,3,"[-5.12, 5.12]","[2.202026317894892, 0.10041792361216029, -1.4277790045980736]","[1.9899123544771893, 4.627845092819387e-08, -0.9949598527102096]",4.974790247943444,29,31,"{""max_iterations"": 1000, ""rate"": 0.001, ""tolerance"": 1e-06}"
rastrigin,Rastrigin,206,2244,gradient,3,"[-5.12, 5.12]","[0.6064053260386064, 3.3429444389804877, -0.1058371883241831]","[0.9949573291465166, 2.9848563319675234, -8.148433790074996e-08]",9.949560298999756,28,30,"{""max_iterations"": 1000, ""rate"": 0.001, ""tolerance"": 1e-06}"
rastrigin,Rastrigin,207,2245,gradient,3,"[-5.12, 5.12]","[-1.0602182027843101, 3.7036353530941506, -2.221249269243757]","[-0.9949587169254468, 3.979783004003764, -1.9899126156618872]",20.894034040283344,27,29,"{""max_iterations"": 1000, ""rate"": 0.001, ""tolerance"": 1e-06}"
rastrigin,Rastrigin,208,2246,gradient,3,"[-5.12, 5.12]","[-1.0665633752082693, 3.7746393135354124, -3.5691591099006166]","[-0.9949586492398302, 3.979783800735532, -3.9797828933797805]",32.833446642201075,31,33,"{""max_iterations"": 1000, ""rate"": 0.001, ""tolerance"": 1e-06}"
rastrigin,Rastrigin,209,2247,gradient,3,"[-5.12, 5.12]","[4.2386194749916735, -2.7276975516395576, -1.479897226256012]","[3.9797838990898287, -2.9848556499373253, -0.9949599894711862]",25.868804091405007,32,34,"{""max_iterations"": 1000, ""rate"": 0.001, ""tolerance"": 1e-06}"
rastrigin,Rastrigin,210,2239,gradient,3,"[-5.12, 5.12]","[-1.123103501010045, -3.5755215240046074, -2.3012391665270515]","[-0.9949586744322955, -3.9797825313465163, -1.9899123904689073]",20.89403404046162,30,32,"{""max_iterations"": 1000, ""rate"": 0.001, ""tolerance"": 1e-06}"
rastrigin,Rastrigin,211,2240,gradient,3,"[-5.12, 5.12]","[-0.9001109309051314, 1.0444475500061126, 4.179470187885843]","[-0.994958081339871, 0.9949589086369895, 3.979785262541201]",17.909161907111013,24,26,"{""max_iterations"": 1000, ""rate"": 0.001, ""tolerance"": 1e-06}"
rastrigin,Rastrigin,212,2241,gradient,3,"[-5.12, 5.12]","[-1.3852354282911996, -0.35260115011325155, -1.081690365390032]","[-0.9949596664981175, -7.232447575150676e-07, -0.9949587024211605]",1.9899181145010907,28,30,"{""max_iterations"": 1000, ""rate"": 0.001, ""tolerance"": 1e-06}"
rastrigin,Rastrigin,213,2242,gradient,3,"[-5.12, 5.12]","[0.6870024489726969, 3.8995948814061956, -2.6584854641826996]","[0.9949581364796976, 3.9797837872327526, -2.984854926790091]",25.868804091211086,28,30,"{""max_iterations"": 1000, ""rate"": 0.001, ""tolerance"": 1e-06}"
rastrigin,Rastrigin,214,2243,gradient,3,"[-5.12, 5.12]","[2.202026317894892, 0.10041792361216029, -1.4277790045980736]","[1.9899123544771893, 4.627845092819387e-08, -0.9949598527102096]",4.974790247943444,29,31,"{""max_iterations"": 1000, ""rate"": 0.001, ""tolerance"": 1e-06}"
rastrigin,Rastrigin,215,2244,gradient,3,"[-5.12, 5.12]","[0.6064053260386064, 3.3429444389804877, -0.1058371883241831]","[0.9949573291465166, 2.9848563319675234, -8.148433790074996e-08]",9.949560298999756,28,30,"{""max_iterations"": 1000, ""rate"": 0.001, ""tolerance"": 1e-06}"
rastrigin,Rastrigin,216,2245,gradient,3,"[-5.12, 5.12]","[-1.0602182027843101, 3.7036353530941506, -2.221249269243757]","[-0.9949587169254468, 3.979783004003764, -1.9899126156618872]",20.894034040283344,27,29,"{""max_iterations"": 1000, ""rate"": 0.001, ""tolerance"": 1e-06}"
rastrigin,Rastrigin,217,2246,gradient,3,"[-5.12, 5.12]","[-1.0665633752082693, 3.7746393135354124, -3.5691591099006166]","[-0.9949586492398302, 3.979783800735532, -3.9797828933797805]",32.833446642201075,31,33,"{""max_iterations"": 1000, ""rate"": 0.001, ""tolerance"": 1e-06}"
rastrigin,Rastrigin,218,2247,gradient,3,"[-5.12, 5.12]","[4.2386194749916735, -2.7276975516395576, -1.479897226256012]","[3.9797838990898287, -2.9848556499373253, -0.9949599894711862]",25.868804091405007,32,34,"{""max_iterations"": 1000, ""rate"": 0.001, ""tolerance"": 1e-06}"
rastrigin,Rastrigin,219,2248,gradient,3,"[-5.12, 5.12]","[5.044425248259729, -2.7709025699719927, -0.505272950527428]","[4.974691391152389, -2.9848557000071767, -0.9949572852273366]",34.82328323348522,39,41,"{""max_iterations"": 1000, ""rate"": 0.001, ""tolerance"": 1e-06}"
rastrigin,Rastrigin,220,2240,gradient,3,"[-5.12, 5.12]","[-0.9001109309051314, 1.0444475500061126, 4.179470187885843]","[-0.994958081339871, 0.9949589086369895, 3.979785262541201]",17.909161907111013,24,26,"{""max_iterations"": 1000, ""rate"": 0.001, ""tolerance"": 1e-06}"
rastrigin,Rastrigin,221,2241,gradient,3,"[-5.12, 5.12]","[-1.3852354282911996, -0.35260115011325155, -1.081690365390032]","[-0.9949596664981175, -7.232447575150676e-07, -0.9949587024211605]",1.9899181145010907,28,30,"{""max_iterations"": 1000, ""rate"": 0.001, ""tolerance"": 1e-06}"
rastrigin,Rastrigin,222,2242,gradient,3,"[-5.12, 5.12]","[0.6870024489726969, 3.8995948814061956, -2.6584854641826996]","[0.9949581364796976, 3.9797837872327526, -2.984854926790091]",25.868804091211086,28,30,"{""max_iterations"": 1000, ""rate"": 0.001, ""tolerance"": 1e-06}"
rastrigin,Rastrigin,223,2243,gradient,3,"[-5.12, 5.12]","[2.202026317894892, 0.10041792361216029, -1.4277790045980736]","[1.9899123544771893, 4.627845092819387e-08, -0.9949598527102096]",4.974790247943444,29,31,"{""max_iterations"": 1000, ""rate"": 0.001, ""tolerance"": 1e-06}"
rastrigin,Rastrigin,224,2244,gradient,3,"[-5.12, 5.12]","[0.6064053260386064, 3.3429444389804877, -0.1058371883241831]","[0.9949573291465166, 2.9848563319675234, -8.148433790074996e-08]",9.949560298999756,28,30,"{""max_iterations"": 1000, ""rate"": 0.001, ""tolerance"": 1e-06}"
rastrigin,Rastrigin,225,2245,gradient,3,"[-5.12, 5.12]","[-1.0602182027843101, 3.7036353530941506, -2.221249269243757]","[-0.9949587169254468, 3.979783004003764, -1.9899126156618872]",20.894034040283344,27,29,"{""max_iterations"": 1000, ""rate"": 0.001, ""tolerance"": 1e-06}"
rastrigin,Rastrigin,226,2246,gradient,3,"[-5.12, 5.12]","[-1.0665633752082693, 3.7746393135354124, -3.5691591099006166]","[-0.9949586492398302, 3.979783800735532, -3.9797828933797805]",32.833446642201075,31,33,"{""max_iterations"": 1000, ""rate"": 0.001, ""tolerance"": 1e-06}"
rastrigin,Rastrigin,227,2247,gradient,3,"[-5.12, 5.12]","[4.2386194749916735, -2.7276975516395576, -1.479897226256012]","[3.9797838990898287, -2.9848556499373253, -0.9949599894711862]",25.868804091405007,32,34,"{""max_iterations"": 1000, ""rate"": 0.001, ""tolerance"": 1e-06}"
rastrigin,Rastrigin,228,2248,gradient,3,"[-5.12, 5.12]","[5.044425248259729, -2.7709025699719927, -0.505272950527428]","[4.974691391152389, -2.9848557000071767, -0.9949572852273366]",34.82328323348522,39,41,"{""max_iterations"": 1000, ""rate"": 0.001, ""tolerance"": 1e-06}"
rastrigin,Rastrigin,229,2249,gradient,3,"[-5.12, 5.12]","[1.7624910601957087, 4.51041687832483, 0.253149006809962]","[1.9899122258902282, 3.9797850018693994, 8.398815560527167e-09]",19.89907498327212,35,37,"{""max_iterations"": 1000, ""rate"": 0.001, ""tolerance"": 1e-06}"
rastrigin,Rastrigin,230,2241,gradient,3,"[-5.12, 5.12]","[-1.3852354282911996, -0.35260115011325155, -1.081690365390032]","[-0.9949596664981175, -7.232447575150676e-07, -0.9949587024211605]",1.9899181145010907,28,30,"{""max_iterations"": 1000, ""rate"": 0.001, ""tolerance"": 1e-06}"
rastrigin,Rastrigin,231,2242,gradient,3,"[-5.12, 5.12]","[0.6870024489726969, 3.8995948814061956, -2.6584854641826996]","[0.9949581364796976, 3.9797837872327526, -2.984854926790091]",25.868804091211086,28,30,"{""max_iterations"": 1000, ""rate"": 0.001, ""tolerance"": 1e-06}"
rastrigin,Rastrigin,232,2243,gradient,3,"[-5.12, 5.12]","[2.202026317894892, 0.10041792361216029, -1.4277790045980736]","[1.9899123544771893, 4.627845092819387e-08, -0.9949598527102096]",4.974790247943444,29,31,"{""max_iterations"": 1000, ""rate"": 0.001, ""tolerance"": 1e-06}"
rastrigin,Rastrigin,233,2244,gradient,3,"[-5.12, 5.12]","[0.6064053260386064, 3.3429444389804877, -0.1058371883241831]","[0.9949573291465166, 2.9848563319675234, -8.148433790074996e-08]",9.949560298999756,28,30,"{""max_iterations"": 1000, ""rate"": 0.001, ""tolerance"": 1e-06}"
rastrigin,Rastrigin,234,2245,gradient,3,"[-5.12, 5.12]","[-1.0602182027843101, 3.7036353530941506, -2.221249269243757]","[-0.9949587169254468, 3.979783004003764, -1.9899126156618872]",20.894034040283344,27,29,"{""max_iterations"": 1000, ""rate"": 0.001, ""tolerance"": 1e-06}"
rastrigin,Rastrigin,235,2246,gradient,3,"[-5.12, 5.12]","[-1.0665633752082693, 3.7746393135354124, -3.5691591099006166]","[-0.9949586492398302, 3.979783800735532, -3.9797828933797805]",32.833446642201075,31,33,"{""max_iterations"": 1000, ""rate"": 0.001, ""tolerance"": 1e-06}"
rastrigin,Rastrigin,236,2247,gradient,3,"[-5.12, 5.12]","[4.2386194749916735, -2.7276975516395576, -1.479897226256012]","[3.9797838990898287, -2.9848556499373253, -0.9949599894711862]",25.868804091405007,32,34,"{""max_iterations"": 1000, ""rate"": 0.001, ""tolerance"": 1e-06}"
rastrigin,Rastrigin,237,2248,gradient,3,"[-5.12, 5.12]","[5.044425248259729, -2.7709025699719927, -0.505272950527428]","[4.974691391152389, -2.9848557000071767, -0.9949572852273366]",34.82328323348522,39,41,"{""max_iterations"": 1000, ""rate"": 0.001, ""tolerance"": 1e-06}"
rastrigin,Rastrigin,238,2249,gradient,3,"[-5.12, 5.12]","[1.7624910601957087, 4.51041687832483, 0.253149006809962]","[1.9899122258902282, 3.9797850018693994, 8.398815560527167e-09]",19.89907498327212,35,37,"{""max_iterations"": 1000, ""rate"": 0.001, ""tolerance"": 1e-06}"
rastrigin,Rastrigin,239,2250,gradient,3,"[-5.12, 5.12]","[1.026718325862121, 0.4336589191567386, 0.7362161534237615]","[0.9949586514695261, 1.5062254648737248e-06, 0.9949584434229157]",1.9899181146441993,29,31,"{""max_iterations"": 1000, ""rate"": 0.001, ""tolerance"": 1e-06}"
rastrigin,Rastrigin,240,2242,gradient,3,"[-5.12, 5.12]","[0.6870024489726969, 3.8995948814061956, -2.6584854641826996]","[0.9949581364796976, 3.9797837872327526, -2.984854926790091]",25.868804091211086,28,30,"{""max_iterations"": 1000, ""rate"": 0.001, ""tolerance"": 1e-06}"
rastrigin,Rastrigin,241,2243,gradient,3,"[-5.12, 5.12]","[2.202026317894892, 0.10041792361216029, -1.4277790045980736]","[1.9899123544771893, 4.627845092819387e-08, -0.9949598527102096]",4.974790247943444,29,31,"{""max_iterations"": 1000, ""rate"": 0.001, ""tolerance"": 1e-06}"
rastrigin,Rastrigin,242,2244,gradient,3,"[-5.12, 5.12]","[0.6064053260386064, 3.3429444389804877, -0.1058371883241831]","[0.9949573291465166, 2.9848563319675234, -8.148433790074996e-08]",9.949560298999756,28,30,"{""max_iterations"": 1000, ""rate"": 0.001, ""tolerance"": 1e-06}"
rastrigin,Rastrigin,243,2245,gradient,3,"[-5.12, 5.12]","[-1.0602182027843101, 3.7036353530941506, -2.221249269243757]","[-0.9949587169254468, 3.979783004003764, -1.9899126156618872]",20.894034040283344,27,29,"{""max_iterations"": 1000, ""rate"": 0.001, ""tolerance"": 1e-06}"
rastrigin,Rastrigin,244,2246,gradient,3,"[-5.12, 5.12]","[-1.0665633752082693, 3.7746393135354124, -3.5691591099006166]","[-0.9949586492398302, 3.979783800735532, -3.9797828933797805]",32.833446642201075,31,33,"{""max_iterations"": 1000, ""rate"": 0.001, ""tolerance"": 1e-06}"
rastrigin,Rastrigin,245,2247,gradient,3,"[-5.12, 5.12]","[4.2386194749916735, -2.7276975516395576, -1.479897226256012]","[3.9797838990898287, -2.9848556499373253, -0.9949599894711862]",25.868804091405007,32,34,"{""max_iterations"": 1000, ""rate"": 0.001, ""tolerance"": 1e-06}"
rastrigin,Rastrigin,246,2248,gradient,3,"[-5.12, 5.12]","[5.044425248259729, -2.7709025699719927, -0.505272950527428]","[4.974691391152389, -2.9848557000071767, -0.9949572852273366]",34.82328323348522,39,41,"{""max_iterations"": 1000, ""rate"": 0.001, ""tolerance"": 1e-06}"
rastrigin,Rastrigin,247,2249,gradient,3,"[-5.12, 5.12]","[1.7624910601957087, 4.51041687832483, 0.253149006809962]","[1.9899122258902282, 3.9797850018693994, 8.398815560527167e-09]",19.89907498327212,35,37,"{""max_iterations"": 1000, ""rate"": 0.001, ""tolerance"": 1e-06}"
rastrigin,Rastrigin,248,2250,gradient,3,"[-5.12, 5.12]","[1.026718325862121, 0.4336589191567386, 0.7362161534237615]","[0.9949586514695261, 1.5062254648737248e-06, 0.9949584434229157]",1.9899181146441993,29,31,"{""max_iterations"": 1000, ""rate"": 0.001, ""tolerance"": 1e-06}"
rastrigin,Rastrigin,249,2251,gradient,3,"[-5.12, 5.12]","[3.9911893627388375, 2.9569471374987844, -0.32074833921441037]","[3.9797838857637977, 2.9848556408253666, -1.4314784560143538e-06]",24.87384503435591,26,28,"{""max_iterations"": 1000, ""rate"": 0.001, ""tolerance"": 1e-06}"
rastrigin,Rastrigin,250,2243,gradient,3,"[-5.12, 5.12]","[2.202026317894892, 0.10041792361216029, -1.4277790045980736]","[1.9899123544771893, 4.627845092819387e-08, -0.9949598527102096]",4.974790247943444,29,31,"{""max_iterations"": 1000, ""rate"": 0.001, ""tolerance"": 1e-06}"
rastrigin,Rastrigin,251,2244,gradient,3,"[-5.12, 5.12]","[0.6064053260386064, 3.3429444389804877, -0.1058371883241831]","[0.9949573291465166, 2.9848563319675234, -8.148433790074996e-08]",9.949560298999756,28,30,"{""max_iterations"": 1000, ""rate"": 0.001, ""tolerance"": 1e-06}"
rastrigin,Rastrigin,252,2245,gradient,3,"[-5.12, 5.12]","[-1.0602182027843101, 3.7036353530941506, -2.221249269243757]","[-0.9949587169254468, 3.979783004003764, -1.9899126156618872]",20.894034040283344,27,29,"{""max_iterations"": 1000, ""rate"": 0.001, ""tolerance"": 1e-06}"
rastrigin,Rastrigin,253,2246,gradient,3,"[-5.12, 5.12]","[-1.0665633752082693, 3.7746393135354124, -3.5691591099006166]","[-0.9949586492398302, 3.979783800735532, -3.9797828933797805]",32.833446642201075,31,33,"{""max_iterations"": 1000, ""rate"": 0.001, ""tolerance"": 1e-06}"
rastrigin,Rastrigin,254,2247,gradient,3,"[-5.12, 5.12]","[4.2386194749916735, -2.7276975516395576, -1.479897226256012]","[3.9797838990898287, -2.9848556499373253, -0.9949599894711862]",25.868804091405007,32,34,"{""max_iterations"": 1000, ""rate"": 0.001, ""tolerance"": 1e-06}"
rastrigin,Rastrigin,255,2248,gradient,3,"[-5.12, 5.12]","[5.044425248259729, -2.7709025699719927, -0.505272950527428]","[4.974691391152389, -2.9848557000071767, -0.9949572852273366]",34.82328323348522,39,41,"{""max_iterations"": 1000, ""rate"": 0.001, ""tolerance"": 1e-06}"
rastrigin,Rastrigin,256,2249,gradient,3,"[-5.12, 5.12]","[1.7624910601957087, 4.51041687832483, 0.253149006809962]","[1.9899122258902282, 3.9797850018693994, 8.398815560527167e-09]",19.89907498327212,35,37,"{""max_iterations"": 1000, ""rate"": 0.001, ""tolerance"": 1e-06}"
rastrigin,Rastrigin,257,2250,gradient,3,"[-5.12, 5.12]","[1.026718325862121, 0.4336589191567386, 0.7362161534237615]","[0.9949586514695261, 1.5062254648737248e-06, 0.9949584434229157]",1.9899181146441993,29,31,"{""max_iterations"": 1000, ""rate"": 0.001, ""tolerance"": 1e-06}"
rastrigin,Rastrigin,258,2251,gradient,3,"[-5.12, 5.12]","[3.9911893627388375, 2.9569471374987844, -0.32074833921441037]","[3.9797838857637977, 2.9848556408253666, -1.4314784560143538e-06]",24.87384503435591,26,28,"{""max_iterations"": 1000, ""rate"": 0.001, ""tolerance"": 1e-06}"
rastrigin,Rastrigin,259,2252,gradient,3,"[-5.12, 5.12]","[-2.408657866706993, 2.092044339936556, 2.493707864010098]","[-1.9899123442290034, 1.9899122400131228, 1.9899137229217911]",11.9394935721038,33,35,"{""max_iterations"": 1000, ""rate"": 0.001, ""tolerance"": 1e-06}"
rastrigin,Rastrigin,260,2244,gradient,3,"[-5.12, 5.12]","[0.6064053260386064, 3.3429444389804877, -0.1058371883241831]","[0.9949573291465166, 2.9848563319675234, -8.148433790074996e-08]",9.949560298999756,28,30,"{""max_iterations"": 1000, ""rate"": 0.001, ""tolerance"": 1e-06}"
rastrigin,Rastrigin,261,2245,gradient,3,"[-5.12, 5.12]","[-1.0602182027843101, 3.7036353530941506, -2.221249269243757]","[-0.9949587169254468, 3.979783004003764, -1.9899126156618872]",20.894034040283344,27,29,"{""max_iterations"": 1000, ""rate"": 0.001, ""tolerance"": 1e-06}"
rastrigin,Rastrigin,262,2246,gradient,3,"[-5.12, 5.12]","[-1.0665633752082693, 3.7746393135354124, -3.5691591099006166]","[-0.9949586492398302, 3.979783800735532, -3.9797828933797805]",32.833446642201075,31,33,"{""max_iterations"": 1000, ""rate"": 0.001, ""tolerance"": 1e-06}"
rastrigin,Rastrigin,263,2247,gradient,3,"[-5.12, 5.12]","[4.2386194749916735, -2.7276975516395576, -1.479897226256012]","[3.9797838990898287, -2.9848556499373253, -0.9949599894711862]",25.868804091405007,32,34,"{""max_iterations"": 1000, ""rate"": 0.001, ""tolerance"": 1e-06}"
rastrigin,Rastrigin,264,2248,gradient,3,"[-5.12, 5.12]","[5.044425248259729, -2.7709025699719927, -0.505272950527428]","[4.974691391152389, -2.9848557000071767, -0.9949572852273366]",34.82328323348522,39,41,"{""max_iterations"": 1000, ""rate"": 0.001, ""tolerance"": 1e-06}"
rastrigin,Rastrigin,265,2249,gradient,3,"[-5.12, 5.12]","[1.7624910601957087, 4.51041687832483, 0.253149006809962]","[1.9899122258902282, 3.9797850018693994, 8.398815560527167e-09]",19.89907498327212,35,37,"{""max_iterations"": 1000, ""rate"": 0.001, ""tolerance"": 1e-06}"
rastrigin,Rastrigin,266,2250,gradient,3,"[-5.12, 5.12]","[1.026718325862121, 0.4336589191567386, 0.7362161534237615]","[0.9949586514695261, 1.5062254648737248e-06, 0.9949584434229157]",1.9899181146441993,29,31,"{""max_iterations"": 1000, ""rate"": 0.001, ""tolerance"": 1e-06}"
rastrigin,Rastrigin,267,2251,gradient,3,"[-5.12, 5.12]","[3.9911893627388375, 2.9569471374987844, -0.32074833921441037]","[3.9797838857637977, 2.9848556408253666, -1.4314784560143538e-06]",24.87384503435591,26,28,"{""max_iterations"": 1000, ""rate"": 0.001, ""tolerance"": 1e-06}"
rastrigin,Rastrigin,268,2252,gradient,3,"[-5.12, 5.12]","[-2.408657866706993, 2.092044339936556, 2.493707864010098]","[-1.9899123442290034, 1.9899122400131228, 1.9899137229217911]",11.9394935721038,33,35,"{""max_iterations"": 1000, ""rate"": 0.001, ""tolerance"": 1e-06}"
rastrigin,Rastrigin,269,2253,gradient,3,"[-5.12, 5.12]","[-3.9503016920471885, -3.822754887139573, -2.963626812768438]","[-3.9797836754839233, -3.9797825868936587, -2.9848555765970683]",40.79308882673898,24,26,"{""max_iterations"": 1000, ""rate"": 0.001, ""tolerance"": 1e-06}"
rastrigin,Rastrigin,270,2245,gradient,3,"[-5.12, 5.12]","[-1.0602182027843101, 3.7036353530941506, -2.221249269243757]","[-0.9949587169254468, 3.979783004003764, -1.9899126156618872]",20.894034040283344,27,29,"{""max_iterations"": 1000, ""rate"": 0.001, ""tolerance"": 1e-06}"
rastrigin,Rastrigin,271,2246,gradient,3,"[-5.12, 5.12]","[-1.0665633752082693, 3.7746393135354124, -3.5691591099006166]","[-0.9949586492398302, 3.979783800735532, -3.9797828933797805]",32.833446642201075,31,33,"{""max_iterations"": 1000, ""rate"": 0.001, ""tolerance"": 1e-06}"
rastrigin,Rastrigin,272,2247,gradient,3,"[-5.12, 5.12]","[4.2386194749916735, -2.7276975516395576, -1.479897226256012]","[3.9797838990898287, -2.9848556499373253, -0.9949599894711862]",25.868804091405007,32,34,"{""max_iterations"": 1000, ""rate"": 0.001, ""tolerance"": 1e-06}"
rastrigin,Rastrigin,273,2248,gradient,3,"[-5.12, 5.12]","[5.044425248259729, -2.7709025699719927, -0.505272950527428]","[4.974691391152389, -2.9848557000071767, -0.9949572852273366]",34.82328323348522,39,41,"{""max_iterations"": 1000, ""rate"": 0.001, ""tolerance"": 1e-06}"
rastrigin,Rastrigin,274,2249,gradient,3,"[-5.12, 5.12]","[1.7624910601957087, 4.51041687832483, 0.253149006809962]","[1.9899122258902282, 3.9797850018693994, 8.398815560527167e-09]",19.89907498327212,35,37,"{""max_iterations"": 1000, ""rate"": 0.001, ""tolerance"": 1e-06}"
rastrigin,Rastrigin,275,2250,gradient,3,"[-5.12, 5.12]","[1.026718325862121, 0.4336589191567386, 0.7362161534237615]","[0.9949586514695261, 1.5062254648737248e-06, 0.9949584434229157]",1.9899181146441993,29,31,"{""max_iterations"": 1000, ""rate"": 0.001, ""tolerance"": 1e-06}"
rastrigin,Rastrigin,276,2251,gradient,3,"[-5.12, 5.12]","[3.9911893627388375, 2.9569471374987844, -0.32074833921441037]","[3.9797838857637977, 2.9848556408253666, -1.4314784560143538e-06]",24.87384503435591,26,28,"{""max_iterations"": 1000, ""rate"": 0.001, ""tolerance"": 1e-06}"
rastrigin,Rastrigin,277,2252,gradient,3,"[-5.12, 5.12]","[-2.408657866706993, 2.092044339936556, 2.493707864010098]","[-1.9899123442290034, 1.9899122400131228, 1.9899137229217911]",11.9394935721038,33,35,"{""max_iterations"": 1000, ""rate"": 0.001, ""tolerance"": 1e-06}"
rastrigin,Rastrigin,278,2253,gradient,3,"[-5.12, 5.12]","[-3.9503016920471885, -3.822754887139573, -2.963626812768438]","[-3.9797836754839233, -3.9797825868936587, -2.9848555765970683]",40.79308882673898,24,26,"{""max_iterations"": 1000, ""rate"": 0.001, ""tolerance"": 1e-06}"
rastrigin,Rastrigin,279,2254,gradient,3,"[-5.12, 5.12]","[-0.4469209882405183, 1.915795431402219, -3.5948012152646016]","[-1.264592095400591e-06, 1.989912212419677, -3.9797830161957655]",19.899074983473206,30,32,"{""max_iterations"": 1000, ""rate"": 0.001, ""tolerance"": 1e-06}"
rastrigin,Rastrigin,280,2246,gradient,3,"[-5.12, 5.12]","[-1.0665633752082693, 3.7746393135354124, -3.5691591099006166]","[-0.9949586492398302, 3.979783800735532, -3.9797828933797805]",32.833446642201075,31,33,"{""max_iterations"": 1000, ""rate"": 0.001, ""tolerance"": 1e-06}"
rastrigin,Rastrigin,281,2247,gradient,3,"[-5.12, 5.12]","[4.2386194749916735, -2.7276975516395576, -1.479897226256012]","[3.9797838990898287, -2.9848556499373253, -0.9949599894711862]",25.868804091405007,32,34,"{""max_iterations"": 1000, ""rate"": 0.001, ""tolerance"": 1e-06}"
rastrigin,Rastrigin,282,2248,gradient,3,"[-5.12, 5.12]","[5.044425248259729, -2.7709025699719927, -0.505272950527428]","[4.974691391152389, -2.9848557000071767, -0.9949572852273366]",34.82328323348522,39,41,"{""max_iterations"": 1000, ""rate"": 0.001, ""tolerance"": 1e-06}"
rastrigin,Rastrigin,283,2249,gradient,3,"[-5.12, 5.12]","[1.7624910601957087, 4.51041687832483, 0.253149006809962]","[1.9899122258902282, 3.9797850018693994, 8.398815560527167e-09]",19.89907498327212,35,37,"{""max_iterations"": 1000, ""rate"": 0.001, ""tolerance"": 1e-06}"
rastrigin,Rastrigin,284,2250,gradient,3,"[-5.12, 5.12]","[1.026718325862121, 0.4336589191567386, 0.7362161534237615]","[0.9949586514695261, 1.5062254648737248e-06, 0.9949584434229157]",1.9899181146441993,29,31,"{""max_iterations"": 1000, ""rate"": 0.001, ""tolerance"": 1e-06}"
rastrigin,Rastrigin,285,2251,gradient,3,"[-5.12, 5.12]","[3.9911893627388375, 2.9569471374987844, -0.32074833921441037]","[3.9797838857637977, 2.9848556408253666, -1.4314784560143538e-06]",24.87384503435591,26,28,"{""max_iterations"": 1000, ""rate"": 0.001, ""tolerance"": 1e-06}"
rastrigin,Rastrigin,286,2252,gradient,3,"[-5.12, 5.12]","[-2.408657866706993, 2.092044339936556, 2.493707864010098]","[-1.9899123442290034, 1.9899122400131228, 1.9899137229217911]",11.9394935721038,33,35,"{""max_iterations"": 1000, ""rate"": 0.001, ""tolerance"": 1e-06}"
rastrigin,Rastrigin,287,2253,gradient,3,"[-5.12, 5.12]","[-3.9503016920471885, -3.822754887139573, -2.963626812768438]","[-3.9797836754839233, -3.9797825868936587, -2.9848555765970683]",40.79308882673898,24,26,"{""max_iterations"": 1000, ""rate"": 0.001, ""tolerance"": 1e-06}"
rastrigin,Rastrigin,288,2254,gradient,3,"[-5.12, 5.12]","[-0.4469209882405183, 1.915795431402219, -3.5948012152646016]","[-1.264592095400591e-06, 1.989912212419677, -3.9797830161957655]",19.899074983473206,30,32,"{""max_iterations"": 1000, ""rate"": 0.001, ""tolerance"": 1e-06}"
rastrigin,Rastrigin,289,2255,gradient,3,"[-5.12, 5.12]","[4.079314578854624, 0.488427061153061, 1.368484579942975]","[3.9797838643955306, 1.3654882958865384e-06, 0.9949586780322663]",16.914202849925065,34,36,"{""max_iterations"": 1000, ""rate"": 0.001, ""tolerance"": 1e-06}"
rastrigin,Rastrigin,290,2247,gradient,3,"[-5.12, 5.12]","[4.2386194749916735, -2.7276975516395576, -1.479897226256012]","[3.9797838990898287, -2.9848556499373253, -0.9949599894711862]",25.868804091405007,32,34,"{""max_iterations"": 1000, ""rate"": 0.001, ""tolerance"": 1e-06}"
rastrigin,Rastrigin,291,2248,gradient,3,"[-5.12, 5.12]","[5.044425248259729, -2.7709025699719927, -0.505272950527428]","[4.974691391152389, -2.9848557000071767, -0.9949572852273366]",34.82328323348522,39,41,"{""max_iterations"": 1000, ""rate"": 0.001, ""tolerance"": 1e-06}"
rastrigin,Rastrigin,292,2249,gradient,3,"[-5.12, 5.12]","[1.7624910601957087, 4.51041687832483, 0.253149006809962]","[1.9899122258902282, 3.9797850018693994, 8.398815560527167e-09]",19.89907498327212,35,37,"{""max_iterations"": 1000, ""rate"": 0.001, ""tolerance"": 1e-06}"
rastrigin,Rastrigin,293,2250,gradient,3,"[-5.12, 5.12]","[1.026718325862121, 0.4336589191567386, 0.7362161534237615]","[0.9949586514695261, 1.5062254648737248e-06, 0.9949584434229157]",1.9899181146441993,29,31,"{""max_iterations"": 1000, ""rate"": 0.001, ""tolerance"": 1e-06}"
rastrigin,Rastrigin,294,2251,gradient,3,"[-5.12, 5.12]","[3.9911893627388375, 2.9569471374987844, -0.32074833921441037]","[3.9797838857637977, 2.9848556408253666, -1.4314784560143538e-06]",24.87384503435591,26,28,"{""max_iterations"": 1000, ""rate"": 0.001, ""tolerance"": 1e-06}"
rastrigin,Rastrigin,295,2252,gradient,3,"[-5.12, 5.12]","[-2.408657866706993, 2.092044339936556, 2.493707864010098]","[-1.9899123442290034, 1.9899122400131228, 1.9899137229217911]",11.9394935721038,33,35,"{""max_iterations"": 1000, ""rate"": 0.001, ""tolerance"": 1e-06}"
rastrigin,Rastrigin,296,2253,gradient,3,"[-5.12, 5.12]","[-3.9503016920471885, -3.822754887139573, -2.963626812768438]","[-3.9797836754839233, -3.9797825868936587, -2.9848555765970683]",40.79308882673898,24,26,"{""max_iterations"": 1000, ""rate"": 0.001, ""tolerance"": 1e-06}"
rastrigin,Rastrigin,297,2254,gradient,3,"[-5.12, 5.12]","[-0.4469209882405183, 1.915795431402219, -3.5948012152646016]","[-1.264592095400591e-06, 1.989912212419677, -3.9797830161957655]",19.899074983473206,30,32,"{""max_iterations"": 1000, ""rate"": 0.001, ""tolerance"": 1e-06}"
rastrigin,Rastrigin,298,2255,gradient,3,"[-5.12, 5.12]","[4.079314578854624, 0.488427061153061, 1.368484579942975]","[3.9797838643955306, 1.3654882958865384e-06, 0.9949586780322663]",16.914202849925065,34,36,"{""max_iterations"": 1000, ""rate"": 0.001, ""tolerance"": 1e-06}"
rastrigin,Rastrigin,299,2256,gradient,3,"[-5.12, 5.12]","[4.0595403704423285, 0.2867336488697312, -2.650675538640959]","[3.9797839255841017, 3.824557187877912e-07, -2.9848548506101222]",24.873845034121235,28,30,"{""max_iterations"": 1000, ""rate"": 0.001, ""tolerance"": 1e-06}"
rastrigin,Rastrigin,300,2239,gradient,3,"[-5.12, 5.12]","[-1.123103501010045, -3.5755215240046074, -2.3012391665270515]","[-0.9949586744322955, -3.9797825313465163, -1.9899123904689073]",20.89403404046162,30,32,"{""max_iterations"": 1000, ""rate"": 0.001, ""tolerance"": 1e-06}"
rastrigin,Rastrigin,301,2240,gradient,3,"[-5.12, 5.12]","[-0.9001109309051314, 1.0444475500061126, 4.179470187885843]","[-0.994958081339871, 0.9949589086369895, 3.979785262541201]",17.909161907111013,24,26,"{""max_iterations"": 1000, ""rate"": 0.001, ""tolerance"": 1e-06}"
rastrigin,Rastrigin,302,2241,gradient,3,"[-5.12, 5.12]","[-1.3852354282911996, -0.35260115011325155, -1.081690365390032]","[-0.9949596664981175, -7.232447575150676e-07, -0.9949587024211605]",1.9899181145010907,28,30,"{""max_iterations"": 1000, ""rate"": 0.001, ""tolerance"": 1e-06}"
rastrigin,Rastrigin,303,2242,gradient,3,"[-5.12, 5.12]","[0.6870024489726969, 3.8995948814061956, -2.6584854641826996]","[0.9949581364796976, 3.9797837872327526, -2.984854926790091]",25.868804091211086,28,30,"{""max_iterations"": 1000, ""rate"": 0.001, ""tolerance"": 1e-06}"
rastrigin,Rastrigin,304,2243,gradient,3,"[-5.12, 5.12]","[2.202026317894892, 0.10041792361216029, -1.4277790045980736]","[1.9899123544771893, 4.627845092819387e-08, -0.9949598527102096]",4.974790247943444,29,31,"{""max_iterations"": 1000, ""rate"": 0.001, ""tolerance"": 1e-06}"
rastrigin,Rastrigin,305,2244,gradient,3,"[-5.12, 5.12]","[0.6064053260386064, 3.3429444389804877, -0.1058371883241831]","[0.9949573291465166, 2.9848563319675234, -8.148433790074996e-08]",9.949560298999756,28,30,"{""max_iterations"": 1000, ""rate"": 0.001, ""tolerance"": 1e-06}"
rastrigin,Rastrigin,306,2245,gradient,3,"[-5.12, 5.12]","[-1.0602182027843101, 3.7036353530941506, -2.221249269243757]","[-0.9949587169254468, 3.979783004003764, -1.9899126156618872]",20.894034040283344,27,29,"{""max_iterations"": 1000, ""rate"": 0.001, ""tolerance"": 1e-06}"
rastrigin,Rastrigin,307,2246,gradient,3,"[-5.12, 5.12]","[-1.0665633752082693, 3.7746393135354124, -3.5691591099006166]","[-0.9949586492398302, 3.979783800735532, -3.9797828933797805]",32.833446642201075,31,33,"{""max_iterations"": 1000, ""rate"": 0.001, ""tolerance"": 1e-06}"
rastrigin,Rastrigin,308,2247,gradient,3,"[-5.12, 5.12]","[4.2386194749916735, -2.7276975516395576, -1.479897226256012]","[3.9797838990898287, -2.9848556499373253, -0.9949599894711862]",25.868804091405007,32,34,"{""max_iterations"": 1000, ""rate"": 0.001, ""tolerance"": 1e-06}"
rastrigin,Rastrigin,309,2248,gradient,3,"[-5.12, 5.12]","[5.044425248259729, -2.7709025699719927, -0.505272950527428]","[4.974691391152389, -2.9848557000071767, -0.9949572852273366]",34.82328323348522,39,41,"{""max_iterations"": 1000, ""rate"": 0.001, ""tolerance"": 1e-06}"
rastrigin,Rastrigin,310,2240,gradient,3,"[-5.12, 5.12]","[-0.9001109309051314, 1.0444475500061126, 4.179470187885843]","[-0.994958081339871, 0.9949589086369895, 3.979785262541201]",17.909161907111013,24,26,"{""max_iterations"": 1000, ""rate"": 0.001, ""tolerance"": 1e-06}"
rastrigin,Rastrigin,311,2241,gradient,3,"[-5.12, 5.12]","[-1.3852354282911996, -0.35260115011325155, -1.081690365390032]","[-0.9949596664981175, -7.232447575150676e-07, -0.9949587024211605]",1.9899181145010907,28,30,"{""max_iterations"": 1000, ""rate"": 0.001, ""tolerance"": 1e-06}"
rastrigin,Rastrigin,312,2242,gradient,3,"[-5.12, 5.12]","[0.6870024489726969, 3.8995948814061956, -2.6584854641826996]","[0.9949581364796976, 3.9797837872327526, -2.984854926790091]",25.868804091211086,28,30,"{""max_iterations"": 1000, ""rate"": 0.001, ""tolerance"": 1e-06}"
rastrigin,Rastrigin,313,2243,gradient,3,"[-5.12, 5.12]","[2.202026317894892, 0.10041792361216029, -1.4277790045980736]","[1.9899123544771893, 4.627845092819387e-08, -0.9949598527102096]",4.974790247943444,29,31,"{""max_iterations"": 1000, ""rate"": 0.001, ""tolerance"": 1e-06}"
rastrigin,Rastrigin,314,2244,gradient,3,"[-5.12, 5.12]","[0.6064053260386064, 3.3429444389804877, -0.1058371883241831]","[0.9949573291465166, 2.9848563319675234, -8.148433790074996e-08]",9.949560298999756,28,30,"{""max_iterations"": 1000, ""rate"": 0.001, ""tolerance"": 1e-06}"
rastrigin,Rastrigin,315,2245,gradient,3,"[-5.12, 5.12]","[-1.0602182027843101, 3.7036353530941506, -2.221249269243757]","[-0.9949587169254468, 3.979783004003764, -1.9899126156618872]",20.894034040283344,27,29,"{""max_iterations"": 1000, ""rate"": 0.001, ""tolerance"": 1e-06}"
rastrigin,Rastrigin,316,2246,gradient,3,"[-5.12, 5.12]","[-1.0665633752082693, 3.7746393135354124, -3.5691591099006166]","[-0.9949586492398302, 3.979783800735532, -3.9797828933797805]",32.833446642201075,31,33,"{""max_iterations"": 1000, ""rate"": 0.001, ""tolerance"": 1e-06}"
rastrigin,Rastrigin,317,2247,gradient,3,"[-5.12, 5.12]","[4.2386194749916735, -2.7276975516395576, -1.479897226256012]","[3.9797838990898287, -2.9848556499373253, -0.9949599894711862]",25.868804091405007,32,34,"{""max_iterations"": 1000, ""rate"": 0.001, ""tolerance"": 1e-06}"
rastrigin,Rastrigin,318,2248,gradient,3,"[-5.12, 5.12]","[5.044425248259729, -2.7709025699719927, -0.505272950527428]","[4.974691391152389, -2.9848557000071767, -0.9949572852273366]",34.82328323348522,39,41,"{""max_iterations"": 1000, ""rate"": 0.001, ""tolerance"": 1e-06}"
rastrigin,Rastrigin,319,2249,gradient,3,"[-5.12, 5.12]","[1.7624910601957087, 4.51041687832483, 0.253149006809962]","[1.9899122258902282, 3.9797850018693994, 8.398815560527167e-09]",19.89907498327212,35,37,"{""max_iterations"": 1000, ""rate"": 0.001, ""tolerance"": 1e-06}"
rastrigin,Rastrigin,320,2241,gradient,3,"[-5.12, 5.12]","[-1.3852354282911996, -0.35260115011325155, -1.081690365390032]","[-0.9949596664981175, -7.232447575150676e-07, -0.9949587024211605]",1.9899181145010907,28,30,"{""max_iterations"": 1000, ""rate"": 0.001, ""tolerance"": 1e-06}"
rastrigin,Rastrigin,321,2242,gradient,3,"[-5.12, 5.12]","[0.6870024489726969, 3.8995948814061956, -2.6584854641826996]","[0.9949581364796976, 3.9797837872327526, -2.984854926790091]",25.868804091211086,28,30,"{""max_iterations"": 1000, ""rate"": 0.001, ""tolerance"": 1e-06}"
rastrigin,Rastrigin,322,2243,gradient,3,"[-5.12, 5.12]","[2.202026317894892, 0.10041792361216029, -1.4277790045980736]","[1.9899123544771893, 4.627845092819387e-08, -0.9949598527102096]",4.974790247943444,29,31,"{""max_iterations"": 1000, ""rate"": 0.001, ""tolerance"": 1e-06}"
rastrigin,Rastrigin,323,2244,gradient,3,"[-5.12, 5.12]","[0.6064053260386064, 3.3429444389804877, -0.1058371883241831]","[0.9949573291465166, 2.9848563319675234, -8.148433790074996e-08]",9.949560298999756,28,30,"{""max_iterations"": 1000, ""rate"": 0.001, ""tolerance"": 1e-06}"
rastrigin,Rastrigin,324,2245,gradient,3,"[-5.12, 5.12]","[-1.0602182027843101, 3.7036353530941506, -2.221249269243757]","[-0.9949587169254468, 3.979783004003764, -1.9899126156618872]",20.894034040283344,27,29,"{""max_iterations"": 1000, ""rate"": 0.001, ""tolerance"": 1e-06}"
rastrigin,Rastrigin,325,2246,gradient,3,"[-5.12, 5.12]","[-1.0665633752082693, 3.7746393135354124, -3.5691591099006166]","[-0.9949586492398302, 3.979783800735532, -3.9797828933797805]",32.833446642201075,31,33,"{""max_iterations"": 1000, ""rate"": 0.001, ""tolerance"": 1e-06}"
rastrigin,Rastrigin,326,2247,gradient,3,"[-5.12, 5.12]","[4.2386194749916735, -2.7276975516395576, -1.479897226256012]","[3.9797838990898287, -2.9848556499373253, -0.9949599894711862]",25.868804091405007,32,34,"{""max_iterations"": 1000, ""rate"": 0.001, ""tolerance"": 1e-06}"
rastrigin,Rastrigin,327,2248,gradient,3,"[-5.12, 5.12]","[5.044425248259729, -2.7709025699719927, -0.505272950527428]","[4.974691391152389, -2.9848557000071767, -0.9949572852273366]",34.82328323348522,39,41,"{""max_iterations"": 1000, ""rate"": 0.001, ""tolerance"": 1e-06}"
rastrigin,Rastrigin,328,2249,gradient,3,"[-5.12, 5.12]","[1.7624910601957087, 4.51041687832483, 0.253149006809962]","[1.9899122258902282, 3.9797850018693994, 8.398815560527167e-09]",19.89907498327212,35,37,"{""max_iterations"": 1000, ""rate"": 0.001, ""tolerance"": 1e-06}"
rastrigin,Rastrigin,329,2250,gradient,3,"[-5.12, 5.12]","[1.026718325862121, 0.4336589191567386, 0.7362161534237615]","[0.9949586514695261, 1.5062254648737248e-06, 0.9949584434229157]",1.9899181146441993,29,31,"{""max_iterations"": 1000, ""rate"": 0.001, ""tolerance"": 1e-06}"
rastrigin,Rastrigin,330,2242,gradient,3,"[-5.12, 5.12]","[0.6870024489726969, 3.8995948814061956, -2.6584854641826996]","[0.9949581364796976, 3.9797837872327526, -2.984854926790091]",25.868804091211086,28,30,"{""max_iterations"": 1000, ""rate"": 0.001, ""tolerance"": 1e-06}"
rastrigin,Rastrigin,331,2243,gradient,3,"[-5.12, 5.12]","[2.202026317894892, 0.10041792361216029, -1.4277790045980736]","[1.9899123544771893, 4.627845092819387e-08, -0.9949598527102096]",4.974790247943444,29,31,"{""max_iterations"": 1000, ""rate"": 0.001, ""tolerance"": 1e-06}"
rastrigin,Rastrigin,332,2244,gradient,3,"[-5.12, 5.12]","[0.6064053260386064, 3.3429444389804877, -0.1058371883241831]","[0.9949573291465166, 2.9848563319675234, -8.148433790074996e-08]",9.949560298999756,28,30,"{""max_iterations"": 1000, ""rate"": 0.001, ""tolerance"": 1e-06}"
rastrigin,Rastrigin,333,2245,gradient,3,"[-5.12, 5.12]","[-1.0602182027843101, 3.7036353530941506, -2.221249269243757]","[-0.9949587169254468, 3.979783004003764, -1.9899126156618872]",20.894034040283344,27,29,"{""max_iterations"": 1000, ""rate"": 0.001, ""tolerance"": 1e-06}"
rastrigin,Rastrigin,334,2246,gradient,3,"[-5.12, 5.12]","[-1.0665633752082693, 3.7746393135354124, -3.5691591099006166]","[-0.9949586492398302, 3.979783800735532, -3.9797828933797805]",32.833446642201075,31,33,"{""max_iterations"": 1000, ""rate"": 0.001, ""tolerance"": 1e-06}"
rastrigin,Rastrigin,335,2247,gradient,3,"[-5.12, 5.12]","[4.2386194749916735, -2.7276975516395576, -1.479897226256012]","[3.9797838990898287, -2.9848556499373253, -0.9949599894711862]",25.868804091405007,32,34,"{""max_iterations"": 1000, ""rate"": 0.001, ""tolerance"": 1e-06}"
rastrigin,Rastrigin,336,2248,gradient,3,"[-5.12, 5.12]","[5.044425248259729, -2.7709025699719927, -0.505272950527428]","[4.974691391152389, -2.9848557000071767, -0.9949572852273366]",34.82328323348522,39,41,"{""max_iterations"": 1000, ""rate"": 0.001, ""tolerance"": 1e-06}"
rastrigin,Rastrigin,337,2249,gradient,3,"[-5.12, 5.12]","[1.7624910601957087, 4.51041687832483, 0.253149006809962]","[1.9899122258902282, 3.9797850018693994, 8.398815560527167e-09]",19.89907498327212,35,37,"{""max_iterations"": 1000, ""rate"": 0.001, ""tolerance"": 1e-06}"
rastrigin,Rastrigin,338,2250,gradient,3,"[-5.12, 5.12]","[1.026718325862121, 0.4336589191567386, 0.7362161534237615]","[0.9949586514695261, 1.5062254648737248e-06, 0.9949584434229157]",1.9899181146441993,29,31,"{""max_iterations"": 1000, ""rate"": 0.001, ""tolerance"": 1e-06}"
rastrigin,Rastrigin,339,2251,gradient,3,"[-5.12, 5.12]","[3.9911893627388375, 2.9569471374987844, -0.32074833921441037]","[3.9797838857637977, 2.9848556408253666, -1.4314784560143538e-06]",24.87384503435591,26,28,"{""max_iterations"": 1000, ""rate"": 0.001, ""tolerance"": 1e-06}"
rastrigin,Rastrigin,340,2243,gradient,3,"[-5.12, 5.12]","[2.202026317894892, 0.10041792361216029, -1.4277790045980736]","[1.9899123544771893, 4.627845092819387e-08, -0.9949598527102096]",4.974790247943444,29,31,"{""max_iterations"": 1000, ""rate"": 0.001, ""tolerance"": 1e-06}"
rastrigin,Rastrigin,341,2244,gradient,3,"[-5.12, 5.12]","[0.6064053260386064, 3.3429444389804877, -0.1058371883241831]","[0.9949573291465166, 2.9848563319675234, -8.148433790074996e-08]",9.949560298999756,28,30,"{""max_iterations"": 1000, ""rate"": 0.001, ""tolerance"": 1e-06}"
rastrigin,Rastrigin,342,2245,gradient,3,"[-5.12, 5.12]","[-1.0602182027843101, 3.7036353530941506, -2.221249269243757]","[-0.9949587169254468, 3.979783004003764, -1.9899126156618872]",20.894034040283344,27,29,"{""max_iterations"": 1000, ""rate"": 0.001, ""tolerance"": 1e-06}"
rastrigin,Rastrigin,343,2246,gradient,3,"[-5.12, 5.12]","[-1.0665633752082693, 3.7746393135354124, -3.5691591099006166]","[-0.9949586492398302, 3.979783800735532, -3.9797828933797805]",32.833446642201075,31,33,"{""max_iterations"": 1000, ""rate"": 0.001, ""tolerance"": 1e-06}"
rastrigin,Rastrigin,344,2247,gradient,3,"[-5.12, 5.12]","[4.2386194749916735, -2.7276975516395576, -1.479897226256012]","[3.9797838990898287, -2.9848556499373253, -0.9949599894711862]",25.868804091405007,32,34,"{""max_iterations"": 1000, ""rate"": 0.001, ""tolerance"": 1e-06}"
rastrigin,Rastrigin,345,2248,gradient,3,"[-5.12, 5.12]","[5.044425248259729, -2.7709025699719927, -0.505272950527428]","[4.974691391152389, -2.9848557000071767, -0.9949572852273366]",34.82328323348522,39,41,"{""max_iterations"": 1000, ""rate"": 0.001, ""tolerance"": 1e-06}"
rastrigin,Rastrigin,346,2249,gradient,3,"[-5.12, 5.12]","[1.7624910601957087, 4.51041687832483, 0.253149006809962]","[1.9899122258902282, 3.9797850018693994, 8.398815560527167e-09]",19.89907498327212,35,37,"{""max_iterations"": 1000, ""rate"": 0.001, ""tolerance"": 1e-06}"
rastrigin,Rastrigin,347,2250,gradient,3,"[-5.12, 5.12]","[1.026718325862121, 0.4336589191567386, 0.7362161534237615]","[0.9949586514695261, 1.5062254648737248e-06, 0.9949584434229157]",1.9899181146441993,29,31,"{""max_iterations"": 1000, ""rate"": 0.001, ""tolerance"": 1e-06}"
rastrigin,Rastrigin,348,2251,gradient,3,"[-5.12, 5.12]","[3.9911893627388375, 2.9569471374987844, -0.32074833921441037]","[3.9797838857637977, 2.9848556408253666, -1.4314784560143538e-06]",24.87384503435591,26,28,"{""max_iterations"": 1000, ""rate"": 0.001, ""tolerance"": 1e-06}"
rastrigin,Rastrigin,349,2252,gradient,3,"[-5.12, 5.12]","[-2.408657866706993, 2.092044339936556, 2.493707864010098]","[-1.9899123442290034, 1.9899122400131228, 1.9899137229217911]",11.9394935721038,33,35,"{""max_iterations"": 1000, ""rate"": 0.001, ""tolerance"": 1e-06}"
rastrigin,Rastrigin,350,2244,gradient,3,"[-5.12, 5.12]","[0.6064053260386064, 3.3429444389804877, -0.1058371883241831]","[0.9949573291465166, 2.9848563319675234, -8.148433790074996e-08]",9.949560298999756,28,30,"{""max_iterations"": 1000, ""rate"": 0.001, ""tolerance"": 1e-06}"
rastrigin,Rastrigin,351,2245,gradient,3,"[-5.12, 5.12]","[-1.0602182027843101, 3.7036353530941506, -2.221249269243757]","[-0.9949587169254468, 3.979783004003764, -1.9899126156618872]",20.894034040283344,27,29,"{""max_iterations"": 1000, ""rate"": 0.001, ""tolerance"": 1e-06}"
rastrigin,Rastrigin,352,2246,gradient,3,"[-5.12, 5.12]","[-1.0665633752082693, 3.7746393135354124, -3.5691591099006166]","[-0.9949586492398302, 3.979783800735532, -3.9797828933797805]",32.833446642201075,31,33,"{""max_iterations"": 1000, ""rate"": 0.001, ""tolerance"": 1e-06}"
rastrigin,Rastrigin,353,2247,gradient,3,"[-5.12, 5.12]","[4.2386194749916735, -2.7276975516395576, -1.479897226256012]","[3.9797838990898287, -2.9848556499373253, -0.9949599894711862]",25.868804091405007,32,34,"{""max_iterations"": 1000, ""rate"": 0.001, ""tolerance"": 1e-06}"
rastrigin,Rastrigin,354,2248,gradient,3,"[-5.12, 5.12]","[5.044425248259729, -2.7709025699719927, -0.505272950527428]","[4.974691391152389, -2.9848557000071767, -0.9949572852273366]",34.82328323348522,39,41,"{""max_iterations"": 1000, ""rate"": 0.001, ""tolerance"": 1e-06}"
rastrigin,Rastrigin,355,2249,gradient,3,"[-5.12, 5.12]","[1.7624910601957087, 4.51041687832483, 0.253149006809962]","[1.9899122258902282, 3.9797850018693994, 8.398815560527167e-09]",19.89907498327212,35,37,"{""max_iterations"": 1000, ""rate"": 0.001, ""tolerance"": 1e-06}"
rastrigin,Rastrigin,356,2250,gradient,3,"[-5.12, 5.12]","[1.026718325862121, 0.4336589191567386, 0.7362161534237615]","[0.9949586514695261, 1.5062254648737248e-06, 0.9949584434229157]",1.9899181146441993,29,31,"{""max_iterations"": 1000, ""rate"": 0.001, ""tolerance"": 1e-06}"
rastrigin,Rastrigin,357,2251,gradient,3,"[-5.12, 5.12]","[3.9911893627388375, 2.9569471374987844, -0.32074833921441037]","[3.9797838857637977, 2.9848556408253666, -1.4314784560143538e-06]",24.87384503435591,26,28,"{""max_iterations"": 1000, ""rate"": 0.001, ""tolerance"": 1e-06}"
rastrigin,Rastrigin,358,2252,gradient,3,"[-5.12, 5.12]","[-2.408657866706993, 2.092044339936556, 2.493707864010098]","[-1.9899123442290034, 1.9899122400131228, 1.9899137229217911]",11.9394935721038,33,35,"{""max_iterations"": 1000, ""rate"": 0.001, ""tolerance"": 1e-06}"
rastrigin,Rastrigin,359,2253,gradient,3,"[-5.12, 5.12]","[-3.9503016920471885, -3.822754887139573, -2.963626812768438]","[-3.9797836754839233, -3.9797825868936587, -2.9848555765970683]",40.79308882673898,24,26,"{""max_iterations"": 1000, ""rate"": 0.001, ""tolerance"": 1e-06}"
rastrigin,Rastrigin,360,2245,gradient,3,"[-5.12, 5.12]","[-1.0602182027843101, 3.7036353530941506, -2.221249269243757]","[-0.9949587169254468, 3.979783004003764, -1.9899126156618872]",20.894034040283344,27,29,"{""max_iterations"": 1000, ""rate"": 0.001, ""tolerance"": 1e-06}"
rastrigin,Rastrigin,361,2246,gradient,3,"[-5.12, 5.12]","[-1.0665633752082693, 3.7746393135354124, -3.5691591099006166]","[-0.9949586492398302, 3.979783800735532, -3.9797828933797805]",32.833446642201075,31,33,"{""max_iterations"": 1000, ""rate"": 0.001, ""tolerance"": 1e-06}"
rastrigin,Rastrigin,362,2247,gradient,3,"[-5.12, 5.12]","[4.2386194749916735, -2.7276975516395576, -1.479897226256012]","[3.9797838990898287, -2.9848556499373253, -0.9949599894711862]",25.868804091405007,32,34,"{""max_iterations"": 1000, ""rate"": 0.001, ""tolerance"": 1e-06}"
rastrigin,Rastrigin,363,2248,gradient,3,"[-5.12, 5.12]","[5.044425248259729, -2.7709025699719927, -0.505272950527428]","[4.974691391152389, -2.9848557000071767, -0.9949572852273366]",34.82328323348522,39,41,"{""max_iterations"": 1000, ""rate"": 0.001, ""tolerance"": 1e-06}"
rastrigin,Rastrigin,364,2249,gradient,3,"[-5.12, 5.12]","[1.7624910601957087, 4.51041687832483, 0.253149006809962]","[1.9899122258902282, 3.9797850018693994, 8.398815560527167e-09]",19.89907498327212,35,37,"{""max_iterations"": 1000, ""rate"": 0.001, ""tolerance"": 1e-06}"
rastrigin,Rastrigin,365,2250,gradient,3,"[-5.12, 5.12]","[1.026718325862121, 0.4336589191567386, 0.7362161534237615]","[0.9949586514695261, 1.5062254648737248e-06, 0.9949584434229157]",1.9899181146441993,29,31,"{""max_iterations"": 1000, ""rate"": 0.001, ""tolerance"": 1e-06}"
rastrigin,Rastrigin,366,2251,gradient,3,"[-5.12, 5.12]","[3.9911893627388375, 2.9569471374987844, -0.32074833921441037]","[3.9797838857637977, 2.9848556408253666, -1.4314784560143538e-06]",24.87384503435591,26,28,"{""max_iterations"": 1000, ""rate"": 0.001, ""tolerance"": 1e-06}"
rastrigin,Rastrigin,367,2252,gradient,3,"[-5.12, 5.12]","[-2.408657866706993, 2.092044339936556, 2.493707864010098]","[-1.9899123442290034, 1.9899122400131228, 1.9899137229217911]",11.9394935721038,33,35,"{""max_iterations"": 1000, ""rate"": 0.001, ""tolerance"": 1e-06}"
rastrigin,Rastrigin,368,2253,gradient,3,"[-5.12, 5.12]","[-3.9503016920471885, -3.822754887139573, -2.963626812768438]","[-3.9797836754839233, -3.9797825868936587, -2.9848555765970683]",40.79308882673898,24,26,"{""max_iterations"": 1000, ""rate"": 0.001, ""tolerance"": 1e-06}"
rastrigin,Rastrigin,369,2254,gradient,3,"[-5.12, 5.12]","[-0.4469209882405183, 1.915795431402219, -3.5948012152646016]","[-1.264592095400591e-06, 1.989912212419677, -3.9797830161957655]",19.899074983473206,30,32,"{""max_iterations"": 1000, ""rate"": 0.001, ""tolerance"": 1e-06}"
rastrigin,Rastrigin,370,2246,gradient,3,"[-5.12, 5.12]","[-1.0665633752082693, 3.7746393135354124, -3.5691591099006166]","[-0.9949586492398302, 3.979783800735532, -3.9797828933797805]",32.833446642201075,31,33,"{""max_iterations"": 1000, ""rate"": 0.001, ""tolerance"": 1e-06}"
rastrigin,Rastrigin,371,2247,gradient,3,"[-5.12, 5.12]","[4.2386194749916735, -2.7276975516395576, -1.479897226256012]","[3.9797838990898287, -2.9848556499373253, -0.9949599894711862]",25.868804091405007,32,34,"{""max_iterations"": 1000, ""rate"": 0.001, ""tolerance"": 1e-06}"
rastrigin,Rastrigin,372,2248,gradient,3,"[-5.12, 5.12]","[5.044425248259729, -2.7709025699719927, -0.505272950527428]","[4.974691391152389, -2.9848557000071767, -0.9949572852273366]",34.82328323348522,39,41,"{""max_iterations"": 1000, ""rate"": 0.001, ""tolerance"": 1e-06}"
rastrigin,Rastrigin,373,2249,gradient,3,"[-5.12, 5.12]","[1.7624910601957087, 4.51041687832483, 0.253149006809962]","[1.9899122258902282, 3.9797850018693994, 8.398815560527167e-09]",19.89907498327212,35,37,"{""max_iterations"": 1000, ""rate"": 0.001, ""tolerance"": 1e-06}"
rastrigin,Rastrigin,374,2250,gradient,3,"[-5.12, 5.12]","[1.026718325862121, 0.4336589191567386, 0.7362161534237615]","[0.9949586514695261, 1.5062254648737248e-06, 0.9949584434229157]",1.9899181146441993,29,31,"{""max_iterations"": 1000, ""rate"": 0.001, ""tolerance"": 1e-06}"
rastrigin,Rastrigin,375,2251,gradient,3,"[-5.12, 5.12]","[3.9911893627388375, 2.9569471374987844, -0.32074833921441037]","[3.9797838857637977, 2.9848556408253666, -1.4314784560143538e-06]",24.87384503435591,26,28,"{""max_iterations"": 1000, ""rate"": 0.001, ""tolerance"": 1e-06}"
rastrigin,Rastrigin,376,2252,gradient,3,"[-5.12, 5.12]","[-2.408657866706993, 2.092044339936556, 2.493707864010098]","[-1.9899123442290034, 1.9899122400131228, 1.9899137229217911]",11.9394935721038,33,35,"{""max_iterations"": 1000, ""rate"": 0.001, ""tolerance"": 1e-06}"
rastrigin,Rastrigin,377,2253,gradient,3,"[-5.12, 5.12]","[-3.9503016920471885, -3.822754887139573, -2.963626812768438]","[-3.9797836754839233, -3.9797825868936587, -2.9848555765970683]",40.79308882673898,24,26,"{""max_iterations"": 1000, ""rate"": 0.001, ""tolerance"": 1e-06}"
rastrigin,Rastrigin,378,2254,gradient,3,"[-5.12, 5.12]","[-0.4469209882405183, 1.915795431402219, -3.5948012152646016]","[-1.264592095400591e-06, 1.989912212419677, -3.9797830161957655]",19.899074983473206,30,32,"{""max_iterations"": 1000, ""rate"": 0.001, ""tolerance"": 1e-06}"
rastrigin,Rastrigin,379,2255,gradient,3,"[-5.12, 5.12]","[4.079314578854624, 0.488427061153061, 1.368484579942975]","[3.9797838643955306, 1.3654882958865384e-06, 0.9949586780322663]",16.914202849925065,34,36,"{""max_iterations"": 1000, ""rate"": 0.001, ""tolerance"": 1e-06}"
rastrigin,Rastrigin,380,2247,gradient,3,"[-5.12, 5.12]","[4.2386194749916735, -2.7276975516395576, -1.479897226256012]","[3.9797838990898287, -2.9848556499373253, -0.9949599894711862]",25.868804091405007,32,34,"{""max_iterations"": 1000, ""rate"": 0.001, ""tolerance"": 1e-06}"
rastrigin,Rastrigin,381,2248,gradient,3,"[-5.12, 5.12]","[5.044425248259729, -2.7709025699719927, -0.505272950527428]","[4.974691391152389, -2.9848557000071767, -0.9949572852273366]",34.82328323348522,39,41,"{""max_iterations"": 1000, ""rate"": 0.001, ""tolerance"": 1e-06}"
rastrigin,Rastrigin,382,2249,gradient,3,"[-5.12, 5.12]","[1.7624910601957087, 4.51041687832483, 0.253149006809962]","[1.9899122258902282, 3.9797850018693994, 8.398815560527167e-09]",19.89907498327212,35,37,"{""max_iterations"": 1000, ""rate"": 0.001, ""tolerance"": 1e-06}"
rastrigin,Rastrigin,383,2250,gradient,3,"[-5.12, 5.12]","[1.026718325862121, 0.4336589191567386, 0.7362161534237615]","[0.9949586514695261, 1.5062254648737248e-06, 0.9949584434229157]",1.9899181146441993,29,31,"{""max_iterations"": 1000, ""rate"": 0.001, ""tolerance"": 1e-06}"
rastrigin,Rastrigin,384,2251,gradient,3,"[-5.12, 5.12]","[3.9911893627388375, 2.9569471374987844, -0.32074833921441037]","[3.9797838857637977, 2.9848556408253666, -1.4314784560143538e-06]",24.87384503435591,26,28,"{""max_iterations"": 1000, ""rate"": 0.001, ""tolerance"": 1e-06}"
rastrigin,Rastrigin,385,2252,gradient,3,"[-5.12, 5.12]","[-2.408657866706993, 2.092044339936556, 2.493707864010098]","[-1.9899123442290034, 1.9899122400131228, 1.9899137229217911]",11.9394935721038,33,35,"{""max_iterations"": 1000, ""rate"": 0.001, ""tolerance"": 1e-06}"
rastrigin,Rastrigin,386,2253,gradient,3,"[-5.12, 5.12]","[-3.9503016920471885, -3.822754887139573, -2.963626812768438]","[-3.9797836754839233, -3.9797825868936587, -2.9848555765970683]",40.79308882673898,24,26,"{""max_iterations"": 1000, ""rate"": 0.001, ""tolerance"": 1e-06}"
rastrigin,Rastrigin,387,2254,gradient,3,"[-5.12, 5.12]","[-0.4469209882405183, 1.915795431402219, -3.5948012152646016]","[-1.264592095400591e-06, 1.989912212419677, -3.9797830161957655]",19.899074983473206,30,32,"{""max_iterations"": 1000, ""rate"": 0.001, ""tolerance"": 1e-06}"
rastrigin,Rastrigin,388,2255,gradient,3,"[-5.12, 5.12]","[4.079314578854624, 0.488427061153061, 1.368484579942975]","[3.9797838643955306, 1.3654882958865384e-06, 0.9949586780322663]",16.914202849925065,34,36,"{""max_iterations"": 1000, ""rate"": 0.001, ""tolerance"": 1e-06}"
rastrigin,Rastrigin,389,2256,gradient,3,"[-5.12, 5.12]","[4.0595403704423285, 0.2867336488697312, -2.650675538640959]","[3.9797839255841017, 3.824557187877912e-07, -2.9848548506101222]",24.873845034121235,28,30,"{""max_iterations"": 1000, ""rate"": 0.001, ""tolerance"": 1e-06}"
rastrigin,Rastrigin,390,2248,gradient,3,"[-5.12, 5.12]","[5.044425248259729, -2.7709025699719927, -0.505272950527428]","[4.974691391152389, -2.9848557000071767, -0.9949572852273366]",34.82328323348522,39,41,"{""max_iterations"": 1000, ""rate"": 0.001, ""tolerance"": 1e-06}"
rastrigin,Rastrigin,391,2249,gradient,3,"[-5.12, 5.12]","[1.7624910601957087, 4.51041687832483, 0.253149006809962]","[1.9899122258902282, 3.9797850018693994, 8.398815560527167e-09]",19.89907498327212,35,37,"{""max_iterations"": 1000, ""rate"": 0.001, ""tolerance"": 1e-06}"
rastrigin,Rastrigin,392,2250,gradient,3,"[-5.12, 5.12]","[1.026718325862121, 0.4336589191567386, 0.7362161534237615]","[0.9949586514695261, 1.5062254648737248e-06, 0.9949584434229157]",1.9899181146441993,29,31,"{""max_iterations"": 1000, ""rate"": 0.001, ""tolerance"": 1e-06}"
rastrigin,Rastrigin,393,2251,gradient,3,"[-5.12, 5.12]","[3.9911893627388375, 2.9569471374987844, -0.32074833921441037]","[3.9797838857637977, 2.9848556408253666, -1.4314784560143538e-06]",24.87384503435591,26,28,"{""max_iterations"": 1000, ""rate"": 0.001, ""tolerance"": 1e-06}"
rastrigin,Rastrigin,394,2252,gradient,3,"[-5.12, 5.12]","[-2.408657866706993, 2.092044339936556, 2.493707864010098]","[-1.9899123442290034, 1.9899122400131228, 1.9899137229217911]",11.9394935721038,33,35,"{""max_iterations"": 1000, ""rate"": 0.001, ""tolerance"": 1e-06}"
rastrigin,Rastrigin,395,2253,gradient,3,"[-5.12, 5.12]","[-3.9503016920471885, -3.822754887139573, -2.963626812768438]","[-3.9797836754839233, -3.9797825868936587, -2.9848555765970683]",40.79308882673898,24,26,"{""max_iterations"": 1000, ""rate"": 0.001, ""tolerance"": 1e-06}"
rastrigin,Rastrigin,396,2254,gradient,3,"[-5.12, 5.12]","[-0.4469209882405183, 1.915795431402219, -3.5948012152646016]","[-1.264592095400591e-06, 1.989912212419677, -3.9797830161957655]",19.899074983473206,30,32,"{""max_iterations"": 1000, ""rate"": 0.001, ""tolerance"": 1e-06}"
rastrigin,Rastrigin,397,2255,gradient,3,"[-5.12, 5.12]","[4.079314578854624, 0.488427061153061, 1.368484579942975]","[3.9797838643955306, 1.3654882958865384e-06, 0.9949586780322663]",16.914202849925065,34,36,"{""max_iterations"": 1000, ""rate"": 0.001, ""tolerance"": 1e-06}"
rastrigin,Rastrigin,398,2256,gradient,3,"[-5.12, 5.12]","[4.0595403704423285, 0.2867336488697312, -2.650675538640959]","[3.9797839255841017, 3.824557187877912e-07, -2.9848548506101222]",24.873845034121235,28,30,"{""max_iterations"": 1000, ""rate"": 0.001, ""tolerance"": 1e-06}"
rastrigin,Rastrigin,399,2257,gradient,3,"[-5.12, 5.12]","[1.8669571333871682, 0.13433629860849905, 2.7714576390709986]","[1.989911756097436, 4.941284571140977e-07, 2.984854533928983]",12.934432432403726,25,27,"{""max_iterations"": 1000, ""rate"": 0.001, ""tolerance"": 1e-06}"
rastrigin,Rastrigin,400,2240,gradient,3,"[-5.12, 5.12]","[-0.9001109309051314, 1.0444475500061126, 4.179470187885843]","[-0.994958081339871, 0.9949589086369895, 3.979785262541201]",17.909161907111013,24,26,"{""max_iterations"": 1000, ""rate"": 0.001, ""tolerance"": 1e-06}"
rastrigin,Rastrigin,401,2241,gradient,3,"[-5.12, 5.12]","[-1.3852354282911996, -0.35260115011325155, -1.081690365390032]","[-0.9949596664981175, -7.232447575150676e-07, -0.9949587024211605]",1.9899181145010907,28,30,"{""max_iterations"": 1000, ""rate"": 0.001, ""tolerance"": 1e-06}"
rastrigin,Rastrigin,402,2242,gradient,3,"[-5.12, 5.12]","[0.6870024489726969, 3.8995948814061956, -2.6584854641826996]","[0.9949581364796976, 3.9797837872327526, -2.984854926790091]",25.868804091211086,28,30,"{""max_iterations"": 1000, ""rate"": 0.001, ""tolerance"": 1e-06}"
rastrigin,Rastrigin,403,2243,gradient,3,"[-5.12, 5.12]","[2.202026317894892, 0.10041792361216029, -1.4277790045980736]","[1.9899123544771893, 4.627845092819387e-08, -0.9949598527102096]",4.974790247943444,29,31,"{""max_iterations"": 1000, ""rate"": 0.001, ""tolerance"": 1e-06}"
rastrigin,Rastrigin,404,2244,gradient,3,"[-5.12, 5.12]","[0.6064053260386064, 3.3429444389804877, -0.1058371883241831]","[0.9949573291465166, 2.9848563319675234, -8.148433790074996e-08]",9.949560298999756,28,30,"{""max_iterations"": 1000, ""rate"": 0.001, ""tolerance"": 1e-06}"
rastrigin,Rastrigin,405,2245,gradient,3,"[-5.12, 5.12]","[-1.0602182027843101, 3.7036353530941506, -2.221249269243757]","[-0.9949587169254468, 3.979783004003764, -1.9899126156618872]",20.894034040283344,27,29,"{""max_iterations"": 1000, ""rate"": 0.001, ""tolerance"": 1e-06}"
rastrigin,Rastrigin,406,2246,gradient,3,"[-5.12, 5.12]","[-1.0665633752082693, 3.7746393135354124, -3.5691591099006166]","[-0.9949586492398302, 3.979783800735532, -3.9797828933797805]",32.833446642201075,31,33,"{""max_iterations"": 1000, ""rate"": 0.001, ""tolerance"": 1e-06}"
rastrigin,Rastrigin,407,2247,gradient,3,"[-5.12, 5.12]","[4.2386194749916735, -2.7276975516395576, -1.479897226256012]","[3.9797838990898287, -2.9848556499373253, -0.9949599894711862]",25.868804091405007,32,34,"{""max_iterations"": 1000, ""rate"": 0.001, ""tolerance"": 1e-06}"
rastrigin,Rastrigin,408,2248,gradient,3,"[-5.12, 5.12]","[5.044425248259729, -2.7709025699719927, -0.505272950527428]","[4.974691391152389, -2.9848557000071767, -0.9949572852273366]",34.82328323348522,39,41,"{""max_iterations"": 1000, ""rate"": 0.001, ""tolerance"": 1e-06}"
rastrigin,Rastrigin,409,2249,gradient,3,"[-5.12, 5.12]","[1.7624910601957087, 4.51041687832483, 0.253149006809962]","[1.9899122258902282, 3.9797850018693994, 8.398815560527167e-09]",19.89907498327212,35,37,"{""max_iterations"": 1000, ""rate"": 0.001, ""tolerance"": 1e-06}"
rastrigin,Rastrigin,410,2241,gradient,3,"[-5.12, 5.12]","[-1.3852354282911996, -0.35260115011325155, -1.081690365390032]","[-0.9949596664981175, -7.232447575150676e-07, -0.9949587024211605]",1.9899181145010907,28,30,"{""max_iterations"": 1000, ""rate"": 0.001, ""tolerance"": 1e-06}"
rastrigin,Rastrigin,411,2242,gradient,3,"[-5.12, 5.12]","[0.6870024489726969, 3.8995948814061956, -2.6584854641826996]","[0.9949581364796976, 3.9797837872327526, -2.984854926790091]",25.868804091211086,28,30,"{""max_iterations"": 1000, ""rate"": 0.001, ""tolerance"": 1e-06}"
rastrigin,Rastrigin,412,2243,gradient,3,"[-5.12, 5.12]","[2.202026317894892, 0.10041792361216029, -1.4277790045980736]","[1.9899123544771893, 4.627845092819387e-08, -0.9949598527102096]",4.974790247943444,29,31,"{""max_iterations"": 1000, ""rate"": 0.001, ""tolerance"": 1e-06}"
rastrigin,Rastrigin,413,2244,gradient,3,"[-5.12, 5.12]","[0.6064053260386064, 3.3429444389804877, -0.1058371883241831]","[0.9949573291465166, 2.9848563319675234, -8.148433790074996e-08]",9.949560298999756,28,30,"{""max_iterations"": 1000, ""rate"": 0.001, ""tolerance"": 1e-06}"
rastrigin,Rastrigin,414,2245,gradient,3,"[-5.12, 5.12]","[-1.0602182027843101, 3.7036353530941506, -2.221249269243757]","[-0.9949587169254468, 3.979783004003764, -1.9899126156618872]",20.894034040283344,27,29,"{""max_iterations"": 1000, ""rate"": 0.001, ""tolerance"": 1e-06}"
rastrigin,Rastrigin,415,2246,gradient,3,"[-5.12, 5.12]","[-1.0665633752082693, 3.7746393135354124, -3.5691591099006166]","[-0.9949586492398302, 3.979783800735532, -3.9797828933797805]",32.833446642201075,31,33,"{""max_iterations"": 1000, ""rate"": 0.001, ""tolerance"": 1e-06}"
rastrigin,Rastrigin,416,2247,gradient,3,"[-5.12, 5.12]","[4.2386194749916735, -2.7276975516395576, -1.479897226256012]","[3.9797838990898287, -2.9848556499373253, -0.9949599894711862]",25.868804091405007,32,34,"{""max_iterations"": 1000, ""rate"": 0.001, ""tolerance"": 1e-06}"
rastrigin,Rastrigin,417,2248,gradient,3,"[-5.12, 5.12]","[5.044425248259729, -2.7709025699719927, -0.505272950527428]","[4.974691391152389, -2.9848557000071767, -0.9949572852273366]",34.82328323348522,39,41,"{""max_iterations"": 1000, ""rate"": 0.001, ""tolerance"": 1e-06}"
rastrigin,Rastrigin,418,2249,gradient,3,"[-5.12, 5.12]","[1.7624910601957087, 4.51041687832483, 0.253149006809962]","[1.9899122258902282, 3.9797850018693994, 8.398815560527167e-09]",19.89907498327212,35,37,"{""max_iterations"": 1000, ""rate"": 0.001, ""tolerance"": 1e-06}"
rastrigin,Rastrigin,419,2250,gradient,3,"[-5.12, 5.12]","[1.026718325862121, 0.4336589191567386, 0.7362161534237615]","[0.9949586514695261, 1.5062254648737248e-06, 0.9949584434229157]",1.9899181146441993,29,31,"{""max_iterations"": 1000, ""rate"": 0.001, ""tolerance"": 1e-06}"
rastrigin,Rastrigin,420,2242,gradient,3,"[-5.12, 5.12]","[0.6870024489726969, 3.8995948814061956, -2.6584854641826996]","[0.9949581364796976, 3.9797837872327526, -2.984854926790091]",25.868804091211086,28,30,"{""max_iterations"": 1000, ""rate"": 0.001, ""tolerance"": 1e-06}"
rastrigin,Rastrigin,421,2243,gradient,3,"[-5.12, 5.12]","[2.202026317894892, 0.10041792361216029, -1.4277790045980736]","[1.9899123544771893, 4.627845092819387e-08, -0.9949598527102096]",4.974790247943444,29,31,"{""max_iterations"": 1000, ""rate"": 0.001, ""tolerance"": 1e-06}"
rastrigin,Rastrigin,422,2244,gradient,3,"[-5.12, 5.12]","[0.6064053260386064, 3.3429444389804877, -0.1058371883241831]","[0.9949573291465166, 2.9848563319675234, -8.148433790074996e-08]",9.949560298999756,28,30,"{""max_iterations"": 1000, ""rate"": 0.001, ""tolerance"": 1e-06}"
rastrigin,Rastrigin,423,2245,gradient,3,"[-5.12, 5.12]","[-1.0602182027843101, 3.7036353530941506, -2.221249269243757]","[-0.9949587169254468, 3.979783004003764, -1.9899126156618872]",20.894034040283344,27,29,"{""max_iterations"": 1000, ""rate"": 0.001, ""tolerance"": 1e-06}"
rastrigin,Rastrigin,424,2246,gradient,3,"[-5.12, 5.12]","[-1.0665633752082693, 3.7746393135354124, -3.5691591099006166]","[-0.9949586492398302, 3.979783800735532, -3.9797828933797805]",32.833446642201075,31,33,"{""max_iterations"": 1000, ""rate"": 0.001, ""tolerance"": 1e-06}"
rastrigin,Rastrigin,425,2247,gradient,3,"[-5.12, 5.12]","[4.2386194749916735, -2.7276975516395576, -1.479897226256012]","[3.9797838990898287, -2.9848556499373253, -0.9949599894711862]",25.868804091405007,32,34,"{""max_iterations"": 1000, ""rate"": 0.001, ""tolerance"": 1e-06}"
rastrigin,Rastrigin,426,2248,gradient,3,"[-5.12, 5.12]","[5.044425248259729, -2.7709025699719927, -0.505272950527428]","[4.974691391152389, -2.9848557000071767, -0.9949572852273366]",34.82328323348522,39,41,"{""max_iterations"": 1000, ""rate"": 0.001, ""tolerance"": 1e-06}"
rastrigin,Rastrigin,427,2249,gradient,3,"[-5.12, 5.12]","[1.7624910601957087, 4.51041687832483, 0.253149006809962]","[1.9899122258902282, 3.9797850018693994, 8.398815560527167e-09]",19.89907498327212,35,37,"{""max_iterations"": 1000, ""rate"": 0.001, ""tolerance"": 1e-06}"
rastrigin,Rastrigin,428,2250,gradient,3,"[-5.12, 5.12]","[1.026718325862121, 0.4336589191567386, 0.7362161534237615]","[0.9949586514695261, 1.5062254648737248e-06, 0.9949584434229157]",1.9899181146441993,29,31,"{""max_iterations"": 1000, ""rate"": 0.001, ""tolerance"": 1e-06}"
rastrigin,Rastrigin,429,2251,gradient,3,"[-5.12, 5.12]","[3.9911893627388375, 2.9569471374987844, -0.32074833921441037]","[3.9797838857637977, 2.9848556408253666, -1.4314784560143538e-06]",24.87384503435591,26,28,"{""max_iterations"": 1000, ""rate"": 0.001, ""tolerance"": 1e-06}"
rastrigin,Rastrigin,430,2243,gradient,3,"[-5.12, 5.12]","[2.202026317894892, 0.10041792361216029, -1.4277790045980736]","[1.9899123544771893, 4.627845092819387e-08, -0.9949598527102096]",4.974790247943444,29,31,"{""max_iterations"": 1000, ""rate"": 0.001, ""tolerance"": 1e-06}"
rastrigin,Rastrigin,431,2244,gradient,3,"[-5.12, 5.12]","[0.6064053260386064, 3.3429444389804877, -0.1058371883241831]","[0.9949573291465166, 2.9848563319675234, -8.148433790074996e-08]",9.949560298999756,28,30,"{""max_iterations"": 1000, ""rate"": 0.001, ""tolerance"": 1e-06}"
rastrigin,Rastrigin,432,2245,gradient,3,"[-5.12, 5.12]","[-1.0602182027843101, 3.7036353530941506, -2.221249269243757]","[-0.9949587169254468, 3.979783004003764, -1.9899126156618872]",20.894034040283344,27,29,"{""max_iterations"": 1000, ""rate"": 0.001, ""tolerance"": 1e-06}"
rastrigin,Rastrigin,433,2246,gradient,3,"[-5.12, 5.12]","[-1.0665633752082693, 3.7746393135354124, -3.5691591099006166]","[-0.9949586492398302, 3.979783800735532, -3.9797828933797805]",32.833446642201075,31,33,"{""max_iterations"": 1000, ""rate"": 0.001, ""tolerance"": 1e-06}"
rastrigin,Rastrigin,434,2247,gradient,3,"[-5.12, 5.12]","[4.2386194749916735, -2.7276975516395576, -1.479897226256012]","[3.9797838990898287, -2.9848556499373253, -0.9949599894711862]",25.868804091405007,32,34,"{""max_iterations"": 1000, ""rate"": 0.001, ""tolerance"": 1e-06}"
rastrigin,Rastrigin,435,2248,gradient,3,"[-5.12, 5.12]","[5.044425248259729, -2.7709025699719927, -0.505272950527428]","[4.974691391152389, -2.9848557000071767, -0.9949572852273366]",34.82328323348522,39,41,"{""max_iterations"": 1000, ""rate"": 0.001, ""tolerance"": 1e-06}"
rastrigin,Rastrigin,436,2249,gradient,3,"[-5.12, 5.12]","[1.7624910601957087, 4.51041687832483, 0.253149006809962]","[1.9899122258902282, 3.9797850018693994, 8.398815560527167e-09]",19.89907498327212,35,37,"{""max_iterations"": 1000, ""rate"": 0.001, ""tolerance"": 1e-06}"
rastrigin,Rastrigin,437,2250,gradient,3,"[-5.12, 5.12]","[1.026718325862121, 0.4336589191567386, 0.7362161534237615]","[0.9949586514695261, 1.5062254648737248e-06, 0.9949584434229157]",1.9899181146441993,29,31,"{""max_iterations"": 1000, ""rate"": 0.001, ""tolerance"": 1e-06}"
rastrigin,Rastrigin,438,2251,gradient,3,"[-5.12, 5.12]","[3.9911893627388375, 2.9569471374987844, -0.32074833921441037]","[3.9797838857637977, 2.9848556408253666, -1.4314784560143538e-06]",24.87384503435591,26,28,"{""max_iterations"": 1000, ""rate"": 0.001, ""tolerance"": 1e-06}"
rastrigin,Rastrigin,439,2252,gradient,3,"[-5.12, 5.12]","[-2.408657866706993, 2.092044339936556, 2.493707864010098]","[-1.9899123442290034, 1.9899122400131228, 1.9899137229217911]",11.9394935721038,33,35,"{""max_iterations"": 1000, ""rate"": 0.001, ""tolerance"": 1e-06}"
rastrigin,Rastrigin,440,2244,gradient,3,"[-5.12, 5.12]","[0.6064053260386064, 3.3429444389804877, -0.1058371883241831]","[0.9949573291465166, 2.9848563319675234, -8.148433790074996e-08]",9.949560298999756,28,30,"{""max_iterations"": 1000, ""rate"": 0.001, ""tolerance"": 1e-06}"
rastrigin,Rastrigin,441,2245,gradient,3,"[-5.12, 5.12]","[-1.0602182027843101, 3.7036353530941506, -2.221249269243757]","[-0.9949587169254468, 3.979783004003764, -1.9899126156618872]",20.894034040283344,27,29,"{""max_iterations"": 1000, ""rate"": 0.001, ""tolerance"": 1e-06}"
rastrigin,Rastrigin,442,2246,gradient,3,"[-5.12, 5.12]","[-1.0665633752082693, 3.7746393135354124, -3.5691591099006166]","[-0.9949586492398302, 3.979783800735532, -3.9797828933797805]",32.833446642201075,31,33,"{""max_iterations"": 1000, ""rate"": 0.001, ""tolerance"": 1e-06}"
rastrigin,Rastrigin,443,2247,gradient,3,"[-5.12, 5.12]","[4.2386194749916735, -2.7276975516395576, -1.479897226256012]","[3.9797838990898287, -2.9848556499373253, -0.9949599894711862]",25.868804091405007,32,34,"{""max_iterations"": 1000, ""rate"": 0.001, ""tolerance"": 1e-06}"
rastrigin,Rastrigin,444,2248,gradient,3,"[-5.12, 5.12]","[5.044425248259729, -2.7709025699719927, -0.505272950527428]","[4.974691391152389, -2.9848557000071767, -0.9949572852273366]",34.82328323348522,39,41,"{""max_iterations"": 1000, ""rate"": 0.001, ""tolerance"": 1e-06}"
rastrigin,Rastrigin,445,2249,gradient,3,"[-5.12, 5.12]","[1.7624910601957087, 4.51041687832483, 0.253149006809962]","[1.9899122258902282, 3.9797850018693994, 8.398815560527167e-09]",19.89907498327212,35,37,"{""max_iterations"": 1000, ""rate"": 0.001, ""tolerance"": 1e-06}"
rastrigin,Rastrigin,446,2250,gradient,3,"[-5.12, 5.12]","[1.026718325862121, 0.4336589191567386, 0.7362161534237615]","[0.9949586514695261, 1.5062254648737248e-06, 0.9949584434229157]",1.9899181146441993,29,31,"{""max_iterations"": 1000, ""rate"": 0.001, ""tolerance"": 1e-06}"
rastrigin,Rastrigin,447,2251,gradient,3,"[-5.12, 5.12]","[3.9911893627388375, 2.9569471374987844, -0.32074833921441037]","[3.9797838857637977, 2.9848556408253666, -1.4314784560143538e-06]",24.87384503435591,26,28,"{""max_iterations"": 1000, ""rate"": 0.001, ""tolerance"": 1e-06}"
rastrigin,Rastrigin,448,2252,gradient,3,"[-5.12, 5.12]","[-2.408657866706993, 2.092044339936556, 2.493707864010098]","[-1.9899123442290034, 1.9899122400131228, 1.9899137229217911]",11.9394935721038,33,35,"{""max_iterations"": 1000, ""rate"": 0.001, ""tolerance"": 1e-06}"
rastrigin,Rastrigin,449,2253,gradient,3,"[-5.12, 5.12]","[-3.9503016920471885, -3.822754887139573, -2.963626812768438]","[-3.9797836754839233, -3.9797825868936587, -2.9848555765970683]",40.79308882673898,24,26,"{""max_iterations"": 1000, ""rate"": 0.001, ""tolerance"": 1e-06}"
rastrigin,Rastrigin,450,2245,gradient,3,"[-5.12, 5.12]","[-1.0602182027843101, 3.7036353530941506, -2.221249269243757]","[-0.9949587169254468, 3.979783004003764, -1.9899126156618872]",20.894034040283344,27,29,"{""max_iterations"": 1000, ""rate"": 0.001, ""tolerance"": 1e-06}"
rastrigin,Rastrigin,451,2246,gradient,3,"[-5.12, 5.12]","[-1.0665633752082693, 3.7746393135354124, -3.5691591099006166]","[-0.9949586492398302, 3.979783800735532, -3.9797828933797805]",32.833446642201075,31,33,"{""max_iterations"": 1000, ""rate"": 0.001, ""tolerance"": 1e-06}"
rastrigin,Rastrigin,452,2247,gradient,3,"[-5.12, 5.12]","[4.2386194749916735, -2.7276975516395576, -1.479897226256012]","[3.9797838990898287, -2.9848556499373253, -0.9949599894711862]",25.868804091405007,32,34,"{""max_iterations"": 1000, ""rate"": 0.001, ""tolerance"": 1e-06}"
rastrigin,Rastrigin,453,2248,gradient,3,"[-5.12, 5.12]","[5.044425248259729, -2.7709025699719927, -0.505272950527428]","[4.974691391152389, -2.9848557000071767, -0.9949572852273366]",34.82328323348522,39,41,"{""max_iterations"": 1000, ""rate"": 0.001, ""tolerance"": 1e-06}"
rastrigin,Rastrigin,454,2249,gradient,3,"[-5.12, 5.12]","[1.7624910601957087, 4.51041687832483, 0.253149006809962]","[1.9899122258902282, 3.9797850018693994, 8.398815560527167e-09]",19.89907498327212,35,37,"{""max_iterations"": 1000, ""rate"": 0.001, ""tolerance"": 1e-06}"
rastrigin,Rastrigin,455,2250,gradient,3,"[-5.12, 5.12]","[1.026718325862121, 0.4336589191567386, 0.7362161534237615]","[0.9949586514695261, 1.5062254648737248e-06, 0.9949584434229157]",1.9899181146441993,29,31,"{""max_iterations"": 1000, ""rate"": 0.001, ""tolerance"": 1e-06}"
rastrigin,Rastrigin,456,2251,gradient,3,"[-5.12, 5.12]","[3.9911893627388375, 2.9569471374987844, -0.32074833921441037]","[3.9797838857637977, 2.9848556408253666, -1.4314784560143538e-06]",24.87384503435591,26,28,"{""max_iterations"": 1000, ""rate"": 0.001, ""tolerance"": 1e-06}"
rastrigin,Rastrigin,457,2252,gradient,3,"[-5.12, 5.12]","[-2.408657866706993, 2.092044339936556, 2.493707864010098]","[-1.9899123442290034, 1.9899122400131228, 1.9899137229217911]",11.9394935721038,33,35,"{""max_iterations"": 1000, ""rate"": 0.001, ""tolerance"": 1e-06}"
rastrigin,Rastrigin,458,2253,gradient,3,"[-5.12, 5.12]","[-3.9503016920471885, -3.822754887139573, -2.963626812768438]","[-3.9797836754839233, -3.9797825868936587, -2.9848555765970683]",40.79308882673898,24,26,"{""max_iterations"": 1000, ""rate"": 0.001, ""tolerance"": 1e-06}"
rastrigin,Rastrigin,459,2254,gradient,3,"[-5.12, 5.12]","[-0.4469209882405183, 1.915795431402219, -3.5948012152646016]","[-1.264592095400591e-06, 1.989912212419677, -3.9797830161957655]",19.899074983473206,30,32,"{""max_iterations"": 1000, ""rate"": 0.001, ""tolerance"": 1e-06}"
rastrigin,Rastrigin,460,2246,gradient,3,"[-5.12, 5.12]","[-1.0665633752082693, 3.7746393135354124, -3.5691591099006166]","[-0.9949586492398302, 3.979783800735532, -3.9797828933797805]",32.833446642201075,31,33,"{""max_iterations"": 1000, ""rate"": 0.001, ""tolerance"": 1e-06}"
rastrigin,Rastrigin,461,2247,gradient,3,"[-5.12, 5.12]","[4.2386194749916735, -2.7276975516395576, -1.479897226256012]","[3.9797838990898287, -2.9848556499373253, -0.9949599894711862]",25.868804091405007,32,34,"{""max_iterations"": 1000, ""rate"": 0.001, ""tolerance"": 1e-06}"
rastrigin,Rastrigin,462,2248,gradient,3,"[-5.12, 5.12]","[5.044425248259729, -2.7709025699719927, -0.505272950527428]","[4.974691391152389, -2.9848557000071767, -0.9949572852273366]",34.82328323348522,39,41,"{""max_iterations"": 1000, ""rate"": 0.001, ""tolerance"": 1e-06}"
rastrigin,Rastrigin,463,2249,gradient,3,"[-5.12, 5.12]","[1.7624910601957087, 4.51041687832483, 0.253149006809962]","[1.9899122258902282, 3.9797850018693994, 8.398815560527167e-09]",19.89907498327212,35,37,"{""max_iterations"": 1000, ""rate"": 0.001, ""tolerance"": 1e-06}"
rastrigin,Rastrigin,464,2250,gradient,3,"[-5.12, 5.12]","[1.026718325862121, 0.4336589191567386, 0.7362161534237615]","[0.9949586514695261, 1.5062254648737248e-06, 0.9949584434229157]",1.9899181146441993,29,31,"{""max_iterations"": 1000, ""rate"": 0.001, ""tolerance"": 1e-06}"
rastrigin,Rastrigin,465,2251,gradient,3,"[-5.12, 5.12]","[3.9911893627388375, 2.9569471374987844, -0.32074833921441037]","[3.9797838857637977, 2.9848556408253666, -1.4314784560143538e-06]",24.87384503435591,26,28,"{""max_iterations"": 1000, ""rate"": 0.001, ""tolerance"": 1e-06}"
rastrigin,Rastrigin,466,2252,gradient,3,"[-5.12, 5.12]","[-2.408657866706993, 2.092044339936556, 2.493707864010098]","[-1.9899123442290034, 1.9899122400131228, 1.9899137229217911]",11.9394935721038,33,35,"{""max_iterations"": 1000, ""rate"": 0.001, ""tolerance"": 1e-06}"
rastrigin,Rastrigin,467,2253,gradient,3,"[-5.12, 5.12]","[-3.9503016920471885, -3.822754887139573, -2.963626812768438]","[-3.9797836754839233, -3.9797825868936587, -2.9848555765970683]",40.79308882673898,24,26,"{""max_iterations"": 1000, ""rate"": 0.001, ""tolerance"": 1e-06}"
rastrigin,Rastrigin,468,2254,gradient,3,"[-5.12, 5.12]","[-0.4469209882405183, 1.915795431402219, -3.5948012152646016]","[-1.264592095400591e-06, 1.989912212419677, -3.9797830161957655]",19.899074983473206,30,32,"{""max_iterations"": 1000, ""rate"": 0.001, ""tolerance"": 1e-06}"
rastrigin,Rastrigin,469,2255,gradient,3,"[-5.12, 5.12]","[4.079314578854624, 0.488427061153061, 1.368484579942975]","[3.9797838643955306, 1.3654882958865384e-06, 0.9949586780322663]",16.914202849925065,34,36,"{""max_iterations"": 1000, ""rate"": 0.001, ""tolerance"": 1e-06}"
rastrigin,Rastrigin,470,2247,gradient,3,"[-5.12, 5.12]","[4.2386194749916735, -2.7276975516395576, -1.479897226256012]","[3.9797838990898287, -2.9848556499373253, -0.9949599894711862]",25.868804091405007,32,34,"{""max_iterations"": 1000, ""rate"": 0.001, ""tolerance"": 1e-06}"
rastrigin,Rastrigin,471,2248,gradient,3,"[-5.12, 5.12]","[5.044425248259729, -2.7709025699719927, -0.505272950527428]","[4.974691391152389, -2.9848557000071767, -0.9949572852273366]",34.82328323348522,39,41,"{""max_iterations"": 1000, ""rate"": 0.001, ""tolerance"": 1e-06}"
rastrigin,Rastrigin,472,2249,gradient,3,"[-5.12, 5.12]","[1.7624910601957087, 4.51041687832483, 0.253149006809962]","[1.9899122258902282, 3.9797850018693994, 8.398815560527167e-09]",19.89907498327212,35,37,"{""max_iterations"": 1000, ""rate"": 0.001, ""tolerance"": 1e-06}"
rastrigin,Rastrigin,473,2250,gradient,3,"[-5.12, 5.12]","[1.026718325862121, 0.4336589191567386, 0.7362161534237615]","[0.9949586514695261, 1.5062254648737248e-06, 0.9949584434229157]",1.9899181146441993,29,31,"{""max_iterations"": 1000, ""rate"": 0.001, ""tolerance"": 1e-06}"
rastrigin,Rastrigin,474,2251,gradient,3,"[-5.12, 5.12]","[3.9911893627388375, 2.9569471374987844, -0.32074833921441037]","[3.9797838857637977, 2.9848556408253666, -1.4314784560143538e-06]",24.87384503435591,26,28,"{""max_iterations"": 1000, ""rate"": 0.001, ""tolerance"": 1e-06}"
rastrigin,Rastrigin,475,2252,gradient,3,"[-5.12, 5.12]","[-2.408657866706993, 2.092044339936556, 2.493707864010098]","[-1.9899123442290034, 1.9899122400131228, 1.9899137229217911]",11.9394935721038,33,35,"{""max_iterations"": 1000, ""rate"": 0.001, ""tolerance"": 1e-06}"
rastrigin,Rastrigin,476,2253,gradient,3,"[-5.12, 5.12]","[-3.9503016920471885, -3.822754887139573, -2.963626812768438]","[-3.9797836754839233, -3.9797825868936587, -2.9848555765970683]",40.79308882673898,24,26,"{""max_iterations"": 1000, ""rate"": 0.001, ""tolerance"": 1e-06}"
rastrigin,Rastrigin,477,2254,gradient,3,"[-5.12, 5.12]","[-0.4469209882405183, 1.915795431402219, -3.5948012152646016]","[-1.264592095400591e-06, 1.989912212419677, -3.9797830161957655]",19.899074983473206,30,32,"{""max_iterations"": 1000, ""rate"": 0.001, ""tolerance"": 1e-06}"
rastrigin,Rastrigin,478,2255,gradient,3,"[-5.12, 5.12]","[4.079314578854624, 0.488427061153061, 1.368484579942975]","[3.9797838643955306, 1.3654882958865384e-06, 0.9949586780322663]",16.914202849925065,34,36,"{""max_iterations"": 1000, ""rate"": 0.001, ""tolerance"": 1e-06}"
rastrigin,Rastrigin,479,2256,gradient,3,"[-5.12, 5.12]","[4.0595403704423285, 0.2867336488697312, -2.650675538640959]","[3.9797839255841017, 3.824557187877912e-07, -2.9848548506101222]",24.873845034121235,28,30,"{""max_iterations"": 1000, ""rate"": 0.001, ""tolerance"": 1e-06}"
rastrigin,Rastrigin,480,2248,gradient,3,"[-5.12, 5.12]","[5.044425248259729, -2.7709025699719927, -0.505272950527428]","[4.974691391152389, -2.9848557000071767, -0.9949572852273366]",34.82328323348522,39,41,"{""max_iterations"": 1000, ""rate"": 0.001, ""tolerance"": 1e-06}"
rastrigin,Rastrigin,481,2249,gradient,3,"[-5.12, 5.12]","[1.7624910601957087, 4.51041687832483, 0.253149006809962]","[1.9899122258902282, 3.9797850018693994, 8.398815560527167e-09]",19.89907498327212,35,37,"{""max_iterations"": 1000, ""rate"": 0.001, ""tolerance"": 1e-06}"
rastrigin,Rastrigin,482,2250,gradient,3,"[-5.12, 5.12]","[1.026718325862121, 0.4336589191567386, 0.7362161534237615]","[0.9949586514695261, 1.5062254648737248e-06, 0.9949584434229157]",1.9899181146441993,29,31,"{""max_iterations"": 1000, ""rate"": 0.001, ""tolerance"": 1e-06}"
rastrigin,Rastrigin,483,2251,gradient,3,"[-5.12, 5.12]","[3.9911893627388375, 2.9569471374987844, -0.32074833921441037]","[3.9797838857637977, 2.9848556408253666, -1.4314784560143538e-06]",24.87384503435591,26,28,"{""max_iterations"": 1000, ""rate"": 0.001, ""tolerance"": 1e-06}"
rastrigin,Rastrigin,484,2252,gradient,3,"[-5.12, 5.12]","[-2.408657866706993, 2.092044339936556, 2.493707864010098]","[-1.9899123442290034, 1.9899122400131228, 1.9899137229217911]",11.9394935721038,33,35,"{""max_iterations"": 1000, ""rate"": 0.001, ""tolerance"": 1e-06}"
rastrigin,Rastrigin,485,2253,gradient,3,"[-5.12, 5.12]","[-3.9503016920471885, -3.822754887139573, -2.963626812768438]","[-3.9797836754839233, -3.9797825868936587, -2.9848555765970683]",40.79308882673898,24,26,"{""max_iterations"": 1000, ""rate"": 0.001, ""tolerance"": 1e-06}"
rastrigin,Rastrigin,486,2254,gradient,3,"[-5.12, 5.12]","[-0.4469209882405183, 1.915795431402219, -3.5948012152646016]","[-1.264592095400591e-06, 1.989912212419677, -3.9797830161957655]",19.899074983473206,30,32,"{""max_iterations"": 1000, ""rate"": 0.001, ""tolerance"": 1e-06}"
rastrigin,Rastrigin,487,2255,gradient,3,"[-5.12, 5.12]","[4.079314578854624, 0.488427061153061, 1.368484579942975]","[3.9797838643955306, 1.3654882958865384e-06, 0.9949586780322663]",16.914202849925065,34,36,"{""max_iterations"": 1000, ""rate"": 0.001, ""tolerance"": 1e-06}"
rastrigin,Rastrigin,488,2256,gradient,3,"[-5.12, 5.12]","[4.0595403704423285, 0.2867336488697312, -2.650675538640959]","[3.9797839255841017, 3.824557187877912e-07, -2.9848548506101222]",24.873845034121235,28,30,"{""max_iterations"": 1000, ""rate"": 0.001, ""tolerance"": 1e-06}"
rastrigin,Rastrigin,489,2257,gradient,3,"[-5.12, 5.12]","[1.8669571333871682, 0.13433629860849905, 2.7714576390709986]","[1.989911756097436, 4.941284571140977e-07, 2.984854533928983]",12.934432432403726,25,27,"{""max_iterations"": 1000, ""rate"": 0.001, ""tolerance"": 1e-06}"
rastrigin,Rastrigin,490,2249,gradient,3,"[-5.12, 5.12]","[1.7624910601957087, 4.51041687832483, 0.253149006809962]","[1.9899122258902282, 3.9797850018693994, 8.398815560527167e-09]",19.89907498327212,35,37,"{""max_iterations"": 1000, ""rate"": 0.001, ""tolerance"": 1e-06}"
rastrigin,Rastrigin,491,2250,gradient,3,"[-5.12, 5.12]","[1.026718325862121, 0.4336589191567386, 0.7362161534237615]","[0.9949586514695261, 1.5062254648737248e-06, 0.9949584434229157]",1.9899181146441993,29,31,"{""max_iterations"": 1000, ""rate"": 0.001, ""tolerance"": 1e-06}"
rastrigin,Rastrigin,492,2251,gradient,3,"[-5.12, 5.12]","[3.9911893627388375, 2.9569471374987844, -0.32074833921441037]","[3.9797838857637977, 2.9848556408253666, -1.4314784560143538e-06]",24.87384503435591,26,28,"{""max_iterations"": 1000, ""rate"": 0.001, ""tolerance"": 1e-06}"
rastrigin,Rastrigin,493,2252,gradient,3,"[-5.12, 5.12]","[-2.408657866706993, 2.092044339936556, 2.493707864010098]","[-1.9899123442290034, 1.9899122400131228, 1.9899137229217911]",11.9394935721038,33,35,"{""max_iterations"": 1000, ""rate"": 0.001, ""tolerance"": 1e-06}"
rastrigin,Rastrigin,494,2253,gradient,3,"[-5.12, 5.12]","[-3.9503016920471885, -3.822754887139573, -2.963626812768438]","[-3.9797836754839233, -3.9797825868936587, -2.9848555765970683]",40.79308882673898,24,26,"{""max_iterations"": 1000, ""rate"": 0.001, ""tolerance"": 1e-06}"
rastrigin,Rastrigin,495,2254,gradient,3,"[-5.12, 5.12]","[-0.4469209882405183, 1.915795431402219, -3.5948012152646016]","[-1.264592095400591e-06, 1.989912212419677, -3.9797830161957655]",19.899074983473206,30,32,"{""max_iterations"": 1000, ""rate"": 0.001, ""tolerance"": 1e-06}"
rastrigin,Rastrigin,496,2255,gradient,3,"[-5.12, 5.12]","[4.079314578854624, 0.488427061153061, 1.368484579942975]","[3.9797838643955306, 1.3654882958865384e-06, 0.9949586780322663]",16.914202849925065,34,36,"{""max_iterations"": 1000, ""rate"": 0.001, ""tolerance"": 1e-06}"
rastrigin,Rastrigin,497,2256,gradient,3,"[-5.12, 5.12]","[4.0595403704423285, 0.2867336488697312, -2.650675538640959]","[3.9797839255841017, 3.824557187877912e-07, -2.9848548506101222]",24.873845034121235,28,30,"{""max_iterations"": 1000, ""rate"": 0.001, ""tolerance"": 1e-06}"
rastrigin,Rastrigin,498,2257,gradient,3,"[-5.12, 5.12]","[1.8669571333871682, 0.13433629860849905, 2.7714576390709986]","[1.989911756097436, 4.941284571140977e-07, 2.984854533928983]",12.934432432403726,25,27,"{""max_iterations"": 1000, ""rate"": 0.001, ""tolerance"": 1e-06}"
rastrigin,Rastrigin,499,2258,gradient,3,"[-5.12, 5.12]","[1.855132521801477, 0.445381455771674, 2.486736624338757]","[1.9899122241923908, 2.66123350544965e-07, 1.989913159650214]",7.959662381291999,33,35,"{""max_iterations"": 1000, ""rate"": 0.001, ""tolerance"": 1e-06}"
rastrigin,Rastrigin,500,2241,gradient,3,"[-5.12, 5.12]","[-1.3852354282911996, -0.35260115011325155, -1.081690365390032]","[-0.9949596664981175, -7.232447575150676e-07, -0.9949587024211605]",1.9899181145010907,28,30,"{""max_iterations"": 1000, ""rate"": 0.001, ""tolerance"": 1e-06}"
rastrigin,Rastrigin,501,2242,gradient,3,"[-5.12, 5.12]","[0.6870024489726969, 3.8995948814061956, -2.6584854641826996]","[0.9949581364796976, 3.9797837872327526, -2.984854926790091]",25.868804091211086,28,30,"{""max_iterations"": 1000, ""rate"": 0.001, ""tolerance"": 1e-06}"
rastrigin,Rastrigin,502,2243,gradient,3,"[-5.12, 5.12]","[2.202026317894892, 0.10041792361216029, -1.4277790045980736]","[1.9899123544771893, 4.627845092819387e-08, -0.9949598527102096]",4.974790247943444,29,31,"{""max_iterations"": 1000, ""rate"": 0.001, ""tolerance"": 1e-06}"
rastrigin,Rastrigin,503,2244,gradient,3,"[-5.12, 5.12]","[0.6064053260386064, 3.3429444389804877, -0.1058371883241831]","[0.9949573291465166, 2.9848563319675234, -8.148433790074996e-08]",9.949560298999756,28,30,"{""max_iterations"": 1000, ""rate"": 0.001, ""tolerance"": 1e-06}"
rastrigin,Rastrigin,504,2245,gradient,3,"[-5.12, 5.12]","[-1.0602182027843101, 3.7036353530941506, -2.221249269243757]","[-0.9949587169254468, 3.979783004003764, -1.9899126156618872]",20.894034040283344,27,29,"{""max_iterations"": 1000, ""rate"": 0.001, ""tolerance"": 1e-06}"
rastrigin,Rastrigin,505,2246,gradient,3,"[-5.12, 5.12]","[-1.0665633752082693, 3.7746393135354124, -3.5691591099006166]","[-0.9949586492398302, 3.979783800735532, -3.9797828933797805]",32.833446642201075,31,33,"{""max_iterations"": 1000, ""rate"": 0.001, ""tolerance"": 1e-06}"
rastrigin,Rastrigin,506,2247,gradient,3,"[-5.12, 5.12]","[4.2386194749916735, -2.7276975516395576, -1.479897226256012]","[3.9797838990898287, -2.9848556499373253, -0.9949599894711862]",25.868804091405007,32,34,"{""max_iterations"": 1000, ""rate"": 0.001, ""tolerance"": 1e-06}"
rastrigin,Rastrigin,507,2248,gradient,3,"[-5.12, 5.12]","[5.044425248259729, -2.7709025699719927, -0.505272950527428]","[4.974691391152389, -2.9848557000071767, -0.9949572852273366]",34.82328323348522,39,41,"{""max_iterations"": 1000, ""rate"": 0.001, ""tolerance"": 1e-06}"
rastrigin,Rastrigin,508,2249,gradient,3,"[-5.12, 5.12]","[1.7624910601957087, 4.51041687832483, 0.253149006809962]","[1.9899122258902282, 3.9797850018693994, 8.398815560527167e-09]",19.89907498327212,35,37,"{""max_iterations"": 1000, ""rate"": 0.001, ""tolerance"": 1e-06}"
rastrigin,Rastrigin,509,2250,gradient,3,"[-5.12, 5.12]","[1.026718325862121, 0.4336589191567386, 0.7362161534237615]","[0.9949586514695261, 1.5062254648737248e-06, 0.9949584434229157]",1.9899181146441993,29,31,"{""max_iterations"": 1000, ""rate"": 0.001, ""tolerance"": 1e-06}"
rastrigin,Rastrigin,510,2242,gradient,3,"[-5.12, 5.12]","[0.6870024489726969, 3.8995948814061956, -2.6584854641826996]","[0.9949581364796976, 3.9797837872327526, -2.984854926790091]",25.868804091211086,28,30,"{""max_iterations"": 1000, ""rate"": 0.001, ""tolerance"": 1e-06}"
rastrigin,Rastrigin,511,2243,gradient,3,"[-5.12, 5.12]","[2.202026317894892, 0.10041792361216029, -1.4277790045980736]","[1.9899123544771893, 4.627845092819387e-08, -0.9949598527102096]",4.974790247943444,29,31,"{""max_iterations"": 1000, ""rate"": 0.001, ""tolerance"": 1e-06}"
rastrigin,Rastrigin,512,2244,gradient,3,"[-5.12, 5.12]","[0.6064053260386064, 3.3429444389804877, -0.1058371883241831]","[0.9949573291465166, 2.9848563319675234, -8.148433790074996e-08]",9.949560298999756,28,30,"{""max_iterations"": 1000, ""rate"": 0.001, ""tolerance"": 1e-06}"
rastrigin,Rastrigin,513,2245,gradient,3,"[-5.12, 5.12]","[-1.0602182027843101, 3.7036353530941506, -2.221249269243757]","[-0.9949587169254468, 3.979783004003764, -1.9899126156618872]",20.894034040283344,27,29,"{""max_iterations"": 1000, ""rate"": 0.001, ""tolerance"": 1e-06}"
rastrigin,Rastrigin,514,2246,gradient,3,"[-5.12, 5.12]","[-1.0665633752082693, 3.7746393135354124, -3.5691591099006166]","[-0.9949586492398302, 3.979783800735532, -3.9797828933797805]",32.833446642201075,31,33,"{""max_iterations"": 1000, ""rate"": 0.001, ""tolerance"": 1e-06}"
rastrigin,Rastrigin,515,2247,gradient,3,"[-5.12, 5.12]","[4.2386194749916735, -2.7276975516395576, -1.479897226256012]","[3.9797838990898287, -2.9848556499373253, -0.9949599894711862]",25.868804091405007,32,34,"{""max_iterations"": 1000, ""rate"": 0.001, ""tolerance"": 1e-06}"
rastrigin,Rastrigin,516,2248,gradient,3,"[-5.12, 5.12]","[5.044425248259729, -2.7709025699719927, -0.505272950527428]","[4.974691391152389, -2.9848557000071767, -0.9949572852273366]",34.82328323348522,39,41,"{""max_iterations"": 1000, ""rate"": 0.001, ""tolerance"": 1e-06}"
rastrigin,Rastrigin,517,2249,gradient,3,"[-5.12, 5.12]","[1.7624910601957087, 4.51041687832483, 0.253149006809962]","[1.9899122258902282, 3.9797850018693994, 8.398815560527167e-09]",19.89907498327212,35,37,"{""max_iterations"": 1000, ""rate"": 0.001, ""tolerance"": 1e-06}"
rastrigin,Rastrigin,518,2250,gradient,3,"[-5.12, 5.12]","[1.026718325862121, 0.4336589191567386, 0.7362161534237615]","[0.9949586514695261, 1.5062254648737248e-06, 0.9949584434229157]",1.9899181146441993,29,31,"{""max_iterations"": 1000, ""rate"": 0.001, ""tolerance"": 1e-06}"
rastrigin,Rastrigin,519,2251,gradient,3,"[-5.12, 5.12]","[3.9911893627388375, 2.9569471374987844, -0.32074833921441037]","[3.9797838857637977, 2.9848556408253666, -1.4314784560143538e-06]",24.87384503435591,26,28,"{""max_iterations"": 1000, ""rate"": 0.001, ""tolerance"": 1e-06}"
rastrigin,Rastrigin,520,2243,gradient,3,"[-5.12, 5.12]","[2.202026317894892, 0.10041792361216029, -1.4277790045980736]","[1.9899123544771893, 4.627845092819387e-08, -0.9949598527102096]",4.974790247943444,29,31,"{""max_iterations"": 1000, ""rate"": 0.001, ""tolerance"": 1e-06}"
rastrigin,Rastrigin,521,2244,gradient,3,"[-5.12, 5.12]","[0.6064053260386064, 3.3429444389804877, -0.1058371883241831]","[0.9949573291465166, 2.9848563319675234, -8.148433790074996e-08]",9.949560298999756,28,30,"{""max_iterations"": 1000, ""rate"": 0.001, ""tolerance"": 1e-06}"
rastrigin,Rastrigin,522,2245,gradient,3,"[-5.12, 5.12]","[-1.0602182027843101, 3.7036353530941506, -2.221249269243757]","[-0.9949587169254468, 3.979783004003764, -1.9899126156618872]",20.894034040283344,27,29,"{""max_iterations"": 1000, ""rate"": 0.001, ""tolerance"": 1e-06}"
rastrigin,Rastrigin,523,2246,gradient,3,"[-5.12, 5.12]","[-1.0665633752082693, 3.7746393135354124, -3.5691591099006166]","[-0.9949586492398302, 3.979783800735532, -3.9797828933797805]",32.833446642201075,31,33,"{""max_iterations"": 1000, ""rate"": 0.001, ""tolerance"": 1e-06}"
rastrigin,Rastrigin,524,2247,gradient,3,"[-5.12, 5.12]","[4.2386194749916735, -2.7276975516395576, -1.479897226256012]","[3.9797838990898287, -2.9848556499373253, -0.9949599894711862]",25.868804091405007,32,34,"{""max_iterations"": 1000, ""rate"": 0.001, ""tolerance"": 1e-06}"
rastrigin,Rastrigin,525,2248,gradient,3,"[-5.12, 5.12]","[5.044425248259729, -2.7709025699719927, -0.505272950527428]","[4.974691391152389, -2.9848557000071767, -0.9949572852273366]",34.82328323348522,39,41,"{""max_iterations"": 1000, ""rate"": 0.001, ""tolerance"": 1e-06}"
rastrigin,Rastrigin,526,2249,gradient,3,"[-5.12, 5.12]","[1.7624910601957087, 4.51041687832483, 0.253149006809962]","[1.9899122258902282, 3.9797850018693994, 8.398815560527167e-09]",19.89907498327212,35,37,"{""max_iterations"": 1000, ""rate"": 0.001, ""tolerance"": 1e-06}"
rastrigin,Rastrigin,527,2250,gradient,3,"[-5.12, 5.12]","[1.026718325862121, 0.4336589191567386, 0.7362161534237615]","[0.9949586514695261, 1.5062254648737248e-06, 0.9949584434229157]",1.9899181146441993,29,31,"{""max_iterations"": 1000, ""rate"": 0.001, ""tolerance"": 1e-06}"
rastrigin,Rastrigin,528,2251,gradient,3,"[-5.12, 5.12]","[3.9911893627388375, 2.9569471374987844, -0.32074833921441037]","[3.9797838857637977, 2.9848556408253666, -1.4314784560143538e-06]",24.87384503435591,26,28,"{""max_iterations"": 1000, ""rate"": 0.001, ""tolerance"": 1e-06}"
rastrigin,Rastrigin,529,2252,gradient,3,"[-5.12, 5.12]","[-2.408657866706993, 2.092044339936556, 2.493707864010098]","[-1.9899123442290034, 1.9899122400131228, 1.9899137229217911]",11.9394935721038,33,35,"{""max_iterations"": 1000, ""rate"": 0.001, ""tolerance"": 1e-06}"
rastrigin,Rastrigin,530,2244,gradient,3,"[-5.12, 5.12]","[0.6064053260386064, 3.3429444389804877, -0.1058371883241831]","[0.9949573291465166, 2.9848563319675234, -8.148433790074996e-08]",9.949560298999756,28,30,"{""max_iterations"": 1000, ""rate"": 0.001, ""tolerance"": 1e-06}"
rastrigin,Rastrigin,531,2245,gradient,3,"[-5.12, 5.12]","[-1.0602182027843101, 3.7036353530941506, -2.221249269243757]","[-0.9949587169254468, 3.979783004003764, -1.9899126156618872]",20.894034040283344,27,29,"{""max_iterations"": 1000, ""rate"": 0.001, ""tolerance"": 1e-06}"
rastrigin,Rastrigin,532,2246,gradient,3,"[-5.12, 5.12]","[-1.0665633752082693, 3.7746393135354124, -3.5691591099006166]","[-0.9949586492398302, 3.979783800735532, -3.9797828933797805]",32.833446642201075,31,33,"{""max_iterations"": 1000, ""rate"": 0.001, ""tolerance"": 1e-06}"
rastrigin,Rastrigin,533,2247,gradient,3,"[-5.12, 5.12]","[4.2386194749916735, -2.7276975516395576, -1.479897226256012]","[3.9797838990898287, -2.9848556499373253, -0.9949599894711862]",25.868804091405007,32,34,"{""max_iterations"": 1000, ""rate"": 0.001, ""tolerance"": 1e-06}"
rastrigin,Rastrigin,534,2248,gradient,3,"[-5.12, 5.12]","[5.044425248259729, -2.7709025699719927, -0.505272950527428]","[4.974691391152389, -2.9848557000071767, -0.9949572852273366]",34.82328323348522,39,41,"{""max_iterations"": 1000, ""rate"": 0.001, ""tolerance"": 1e-06}"
rastrigin,Rastrigin,535,2249,gradient,3,"[-5.12, 5.12]","[1.7624910601957087, 4.51041687832483, 0.253149006809962]","[1.9899122258902282, 3.9797850018693994, 8.398815560527167e-09]",19.89907498327212,35,37,"{""max_iterations"": 1000, ""rate"": 0.001, ""tolerance"": 1e-06}"
rastrigin,Rastrigin,536,2250,gradient,3,"[-5.12, 5.12]","[1.026718325862121, 0.4336589191567386, 0.7362161534237615]","[0.9949586514695261, 1.5062254648737248e-06, 0.9949584434229157]",1.9899181146441993,29,31,"{""max_iterations"": 1000, ""rate"": 0.001, ""tolerance"": 1e-06}"
rastrigin,Rastrigin,537,2251,gradient,3,"[-5.12, 5.12]","[3.9911893627388375, 2.9569471374987844, -0.32074833921441037]","[3.9797838857637977, 2.9848556408253666, -1.4314784560143538e-06]",24.87384503435591,26,28,"{""max_iterations"": 1000, ""rate"": 0.001, ""tolerance"": 1e-06}"
rastrigin,Rastrigin,538,2252,gradient,3,"[-5.12, 5.12]","[-2.408657866706993, 2.092044339936556, 2.493707864010098]","[-1.9899123442290034, 1.9899122400131228, 1.9899137229217911]",11.9394935721038,33,35,"{""max_iterations"": 1000, ""rate"": 0.001, ""tolerance"": 1e-06}"
rastrigin,Rastrigin,539,2253,gradient,3,"[-5.12, 5.12]","[-3.9503016920471885, -3.822754887139573, -2.963626812768438]","[-3.9797836754839233, -3.9797825868936587, -2.9848555765970683]",40.79308882673898,24,26,"{""max_iterations"": 1000, ""rate"": 0.001, ""tolerance"": 1e-06}"
rastrigin,Rastrigin,540,2245,gradient,3,"[-5.12, 5.12]","[-1.0602182027843101, 3.7036353530941506, -2.221249269243757]","[-0.9949587169254468, 3.979783004003764, -1.9899126156618872]",20.894034040283344,27,29,"{""max_iterations"": 1000, ""rate"": 0.001, ""tolerance"": 1e-06}"
rastrigin,Rastrigin,541,2246,gradient,3,"[-5.12, 5.12]","[-1.0665633752082693, 3.7746393135354124, -3.5691591099006166]","[-0.9949586492398302, 3.979783800735532, -3.9797828933797805]",32.833446642201075,31,33,"{""max_iterations"": 1000, ""rate"": 0.001, ""tolerance"": 1e-06}"
rastrigin,Rastrigin,542,2247,gradient,3,"[-5.12, 5.12]","[4.2386194749916735, -2.7276975516395576, -1.479897226256012]","[3.9797838990898287, -2.9848556499373253, -0.9949599894711862]",25.868804091405007,32,34,"{""max_iterations"": 1000, ""rate"": 0.001, ""tolerance"": 1e-06}"
rastrigin,Rastrigin,543,2248,gradient,3,"[-5.12, 5.12]","[5.044425248259729, -2.7709025699719927, -0.505272950527428]","[4.974691391152389, -2.9848557000071767, -0.9949572852273366]",34.82328323348522,39,41,"{""max_iterations"": 1000, ""rate"": 0.001, ""tolerance"": 1e-06}"
rastrigin,Rastrigin,544,2249,gradient,3,"[-5.12, 5.12]","[1.7624910601957087, 4.51041687832483, 0.253149006809962]","[1.9899122258902282, 3.9797850018693994, 8.398815560527167e-09]",19.89907498327212,35,37,"{""max_iterations"": 1000, ""rate"": 0.001, ""tolerance"": 1e-06}"
rastrigin,Rastrigin,545,2250,gradient,3,"[-5.12, 5.12]","[1.026718325862121, 0.4336589191567386, 0.7362161534237615]","[0.9949586514695261, 1.5062254648737248e-06, 0.9949584434229157]",1.9899181146441993,29,31,"{""max_iterations"": 1000, ""rate"": 0.001, ""tolerance"": 1e-06}"
rastrigin,Rastrigin,546,2251,gradient,3,"[-5.12, 5.12]","[3.9911893627388375, 2.9569471374987844, -0.32074833921441037]","[3.9797838857637977, 2.9848556408253666, -1.4314784560143538e-06]",24.87384503435591,26,28,"{""max_iterations"": 1000, ""rate"": 0.001, ""tolerance"": 1e-06}"
rastrigin,Rastrigin,547,2252,gradient,3,"[-5.12, 5.12]","[-2.408657866706993, 2.092044339936556, 2.493707864010098]","[-1.9899123442290034, 1.9899122400131228, 1.9899137229217911]",11.9394935721038,33,35,"{""max_iterations"": 1000, ""rate"": 0.001, ""tolerance"": 1e-06}"
rastrigin,Rastrigin,548,2253,gradient,3,"[-5.12, 5.12]","[-3.9503016920471885, -3.822754887139573, -2.963626812768438]","[-3.9797836754839233, -3.9797825868936587, -2.9848555765970683]",40.79308882673898,24,26,"{""max_iterations"": 1000, ""rate"": 0.001, ""tolerance"": 1e-06}"
rastrigin,Rastrigin,549,2254,gradient,3,"[-5.12, 5.12]","[-0.4469209882405183, 1.915795431402219, -3.5948012152646016]","[-1.264592095400591e-06, 1.989912212419677, -3.9797830161957655]",19.899074983473206,30,32,"{""max_iterations"": 1000, ""rate"": 0.001, ""tolerance"": 1e-06}"
rastrigin,Rastrigin,550,2246,gradient,3,"[-5.12, 5.12]","[-1.0665633752082693, 3.7746393135354124, -3.5691591099006166]","[-0.9949586492398302, 3.979783800735532, -3.9797828933797805]",32.833446642201075,31,33,"{""max_iterations"": 1000, ""rate"": 0.001, ""tolerance"": 1e-06}"
rastrigin,Rastrigin,551,2247,gradient,3,"[-5.12, 5.12]","[4.2386194749916735, -2.7276975516395576, -1.479897226256012]","[3.9797838990898287, -2.9848556499373253, -0.9949599894711862]",25.868804091405007,32,34,"{""max_iterations"": 1000, ""rate"": 0.001, ""tolerance"": 1e-06}"
rastrigin,Rastrigin,552,2248,gradient,3,"[-5.12, 5.12]","[5.044425248259729, -2.7709025699719927, -0.505272950527428]","[4.974691391152389, -2.9848557000071767, -0.9949572852273366]",34.82328323348522,39,41,"{""max_iterations"": 1000, ""rate"": 0.001, ""tolerance"": 1e-06}"
rastrigin,Rastrigin,553,2249,gradient,3,"[-5.12, 5.12]","[1.7624910601957087, 4.51041687832483, 0.253149006809962]","[1.9899122258902282, 3.9797850018693994, 8.398815560527167e-09]",19.89907498327212,35,37,"{""max_iterations"": 1000, ""rate"": 0.001, ""tolerance"": 1e-06}"
rastrigin,Rastrigin,554,2250,gradient,3,"[-5.12, 5.12]","[1.026718325862121, 0.4336589191567386, 0.7362161534237615]","[0.9949586514695261, 1.5062254648737248e-06, 0.9949584434229157]",1.9899181146441993,29,31,"{""max_iterations"": 1000, ""rate"": 0.001, ""tolerance"": 1e-06}"
rastrigin,Rastrigin,555,2251,gradient,3,"[-5.12, 5.12]","[3.9911893627388375, 2.9569471374987844, -0.32074833921441037]","[3.9797838857637977, 2.9848556408253666, -1.4314784560143538e-06]",24.87384503435591,26,28,"{""max_iterations"": 1000, ""rate"": 0.001, ""tolerance"": 1e-06}"
rastrigin,Rastrigin,556,2252,gradient,3,"[-5.12, 5.12]","[-2.408657866706993, 2.092044339936556, 2.493707864010098]","[-1.9899123442290034, 1.9899122400131228, 1.9899137229217911]",11.9394935721038,33,35,"{""max_iterations"": 1000, ""rate"": 0.001, ""tolerance"": 1e-06}"
rastrigin,Rastrigin,557,2253,gradient,3,"[-5.12, 5.12]","[-3.9503016920471885, -3.822754887139573, -2.963626812768438]","[-3.9797836754839233, -3.9797825868936587, -2.9848555765970683]",40.79308882673898,24,26,"{""max_iterations"": 1000, ""rate"": 0.001, ""tolerance"": 1e-06}"
rastrigin,Rastrigin,558,2254,gradient,3,"[-5.12, 5.12]","[-0.4469209882405183, 1.915795431402219, -3.5948012152646016]","[-1.264592095400591e-06, 1.989912212419677, -3.9797830161957655]",19.899074983473206,30,32,"{""max_iterations"": 1000, ""rate"": 0.001, ""tolerance"": 1e-06}"
rastrigin,Rastrigin,559,2255,gradient,3,"[-5.12, 5.12]","[4.079314578854624, 0.488427061153061, 1.368484579942975]","[3.9797838643955306, 1.3654882958865384e-06, 0.9949586780322663]",16.914202849925065,34,36,"{""max_iterations"": 1000, ""rate"": 0.001, ""tolerance"": 1e-06}"
rastrigin,Rastrigin,560,2247,gradient,3,"[-5.12, 5.12]","[4.2386194749916735, -2.7276975516395576, -1.479897226256012]","[3.9797838990898287, -2.9848556499373253, -0.9949599894711862]",25.868804091405007,32,34,"{""max_iterations"": 1000, ""rate"": 0.001, ""tolerance"": 1e-06}"
rastrigin,Rastrigin,561,2248,gradient,3,"[-5.12, 5.12]","[5.044425248259729, -2.7709025699719927, -0.505272950527428]","[4.974691391152389, -2.9848557000071767, -0.9949572852273366]",34.82328323348522,39,41,"{""max_iterations"": 1000, ""rate"": 0.001, ""tolerance"": 1e-06}"
rastrigin,Rastrigin,562,2249,gradient,3,"[-5.12, 5.12]","[1.7624910601957087, 4.51041687832483, 0.253149006809962]","[1.9899122258902282, 3.9797850018693994, 8.398815560527167e-09]",19.89907498327212,35,37,"{""max_iterations"": 1000, ""rate"": 0.001, ""tolerance"": 1e-06}"
rastrigin,Rastrigin,563,2250,gradient,3,"[-5.12, 5.12]","[1.026718325862121, 0.4336589191567386, 0.7362161534237615]","[0.9949586514695261, 1.5062254648737248e-06, 0.9949584434229157]",1.9899181146441993,29,31,"{""max_iterations"": 1000, ""rate"": 0.001, ""tolerance"": 1e-06}"
rastrigin,Rastrigin,564,2251,gradient,3,"[-5.12, 5.12]","[3.9911893627388375, 2.9569471374987844, -0.32074833921441037]","[3.9797838857637977, 2.9848556408253666, -1.4314784560143538e-06]",24.87384503435591,26,28,"{""max_iterations"": 1000, ""rate"": 0.001, ""tolerance"": 1e-06}"
rastrigin,Rastrigin,565,2252,gradient,3,"[-5.12, 5.12]","[-2.408657866706993, 2.092044339936556, 2.493707864010098]","[-1.9899123442290034, 1.9899122400131228, 1.9899137229217911]",11.9394935721038,33,35,"{""max_iterations"": 1000, ""rate"": 0.001, ""tolerance"": 1e-06}"
rastrigin,Rastrigin,566,2253,gradient,3,"[-5.12, 5.12]","[-3.9503016920471885, -3.822754887139573, -2.963626812768438]","[-3.9797836754839233, -3.9797825868936587, -2.9848555765970683]",40.79308882673898,24,26,"{""max_iterations"": 1000, ""rate"": 0.001, ""tolerance"": 1e-06}"
rastrigin,Rastrigin,567,2254,gradient,3,"[-5.12, 5.12]","[-0.4469209882405183, 1.915795431402219, -3.5948012152646016]","[-1.264592095400591e-06, 1.989912212419677, -3.9797830161957655]",19.899074983473206,30,32,"{""max_iterations"": 1000, ""rate"": 0.001, ""tolerance"": 1e-06}"
rastrigin,Rastrigin,568,2255,gradient,3,"[-5.12, 5.12]","[4.079314578854624, 0.488427061153061, 1.368484579942975]","[3.9797838643955306, 1.3654882958865384e-06, 0.9949586780322663]",16.914202849925065,34,36,"{""max_iterations"": 1000, ""rate"": 0.001, ""tolerance"": 1e-06}"
rastrigin,Rastrigin,569,2256,gradient,3,"[-5.12, 5.12]","[4.0595403704423285, 0.2867336488697312, -2.650675538640959]","[3.9797839255841017, 3.824557187877912e-07, -2.9848548506101222]",24.873845034121235,28,30,"{""max_iterations"": 1000, ""rate"": 0.001, ""tolerance"": 1e-06}"
rastrigin,Rastrigin,570,2248,gradient,3,"[-5.12, 5.12]","[5.044425248259729, -2.7709025699719927, -0.505272950527428]","[4.974691391152389, -2.9848557000071767, -0.9949572852273366]",34.82328323348522,39,41,"{""max_iterations"": 1000, ""rate"": 0.001, ""tolerance"": 1e-06}"
rastrigin,Rastrigin,571,2249,gradient,3,"[-5.12, 5.12]","[1.7624910601957087, 4.51041687832483, 0.253149006809962]","[1.9899122258902282, 3.9797850018693994, 8.398815560527167e-09]",19.89907498327212,35,37,"{""max_iterations"": 1000, ""rate"": 0.001, ""tolerance"": 1e-06}"
rastrigin,Rastrigin,572,2250,gradient,3,"[-5.12, 5.12]","[1.026718325862121, 0.4336589191567386, 0.7362161534237615]","[0.9949586514695261, 1.5062254648737248e-06, 0.9949584434229157]",1.9899181146441993,29,31,"{""max_iterations"": 1000, ""rate"": 0.001, ""tolerance"": 1e-06}"
rastrigin,Rastrigin,573,2251,gradient,3,"[-5.12, 5.12]","[3.9911893627388375, 2.9569471374987844, -0.32074833921441037]","[3.9797838857637977, 2.9848556408253666, -1.4314784560143538e-06]",24.87384503435591,26,28,"{""max_iterations"": 1000, ""rate"": 0.001, ""tolerance"": 1e-06}"
rastrigin,Rastrigin,574,2252,gradient,3,"[-5.12, 5.12]","[-2.408657866706993, 2.092044339936556, 2.493707864010098]","[-1.9899123442290034, 1.9899122400131228, 1.9899137229217911]",11.9394935721038,33,35,"{""max_iterations"": 1000, ""rate"": 0.001, ""tolerance"": 1e-06}"
rastrigin,Rastrigin,575,2253,gradient,3,"[-5.12, 5.12]","[-3.9503016920471885, -3.822754887139573, -2.963626812768438]","[-3.9797836754839233, -3.9797825868936587, -2.9848555765970683]",40.79308882673898,24,26,"{""max_iterations"": 1000, ""rate"": 0.001, ""tolerance"": 1e-06}"
rastrigin,Rastrigin,576,2254,gradient,3,"[-5.12, 5.12]","[-0.4469209882405183, 1.915795431402219, -3.5948012152646016]","[-1.264592095400591e-06, 1.989912212419677, -3.9797830161957655]",19.899074983473206,30,32,"{""max_iterations"": 1000, ""rate"": 0.001, ""tolerance"": 1e-06}"
rastrigin,Rastrigin,577,2255,gradient,3,"[-5.12, 5.12]","[4.079314578854624, 0.488427061153061, 1.368484579942975]","[3.9797838643955306, 1.3654882958865384e-06, 0.9949586780322663]",16.914202849925065,34,36,"{""max_iterations"": 1000, ""rate"": 0.001, ""tolerance"": 1e-06}"
rastrigin,Rastrigin,578,2256,gradient,3,"[-5.12, 5.12]","[4.0595403704423285, 0.2867336488697312, -2.650675538640959]","[3.9797839255841017, 3.824557187877912e-07, -2.9848548506101222]",24.873845034121235,28,30,"{""max_iterations"": 1000, ""rate"": 0.001, ""tolerance"": 1e-06}"
rastrigin,Rastrigin,579,2257,gradient,3,"[-5.12, 5.12]","[1.8669571333871682, 0.13433629860849905, 2.7714576390709986]","[1.989911756097436, 4.941284571140977e-07, 2.984854533928983]",12.934432432403726,25,27,"{""max_iterations"": 1000, ""rate"": 0.001, ""tolerance"": 1e-06}"
rastrigin,Rastrigin,580,2249,gradient,3,"[-5.12, 5.12]","[1.7624910601957087, 4.51041687832483, 0.253149006809962]","[1.9899122258902282, 3.9797850018693994, 8.398815560527167e-09]",19.89907498327212,35,37,"{""max_iterations"": 1000, ""rate"": 0.001, ""tolerance"": 1e-06}"
rastrigin,Rastrigin,581,2250,gradient,3,"[-5.12, 5.12]","[1.026718325862121, 0.4336589191567386, 0.7362161534237615]","[0.9949586514695261, 1.5062254648737248e-06, 0.9949584434229157]",1.9899181146441993,29,31,"{""max_iterations"": 1000, ""rate"": 0.001, ""tolerance"": 1e-06}"
rastrigin,Rastrigin,582,2251,gradient,3,"[-5.12, 5.12]","[3.9911893627388375, 2.9569471374987844, -0.32074833921441037]","[3.9797838857637977, 2.9848556408253666, -1.4314784560143538e-06]",24.87384503435591,26,28,"{""max_iterations"": 1000, ""rate"": 0.001, ""tolerance"": 1e-06}"
rastrigin,Rastrigin,583,2252,gradient,3,"[-5.12, 5.12]","[-2.408657866706993, 2.092044339936556, 2.493707864010098]","[-1.9899123442290034, 1.9899122400131228, 1.9899137229217911]",11.9394935721038,33,35,"{""max_iterations"": 1000, ""rate"": 0.001, ""tolerance"": 1e-06}"
rastrigin,Rastrigin,584,2253,gradient,3,"[-5.12, 5.12]","[-3.9503016920471885, -3.822754887139573, -2.963626812768438]","[-3.9797836754839233, -3.9797825868936587, -2.9848555765970683]",40.79308882673898,24,26,"{""max_iterations"": 1000, ""rate"": 0.001, ""tolerance"": 1e-06}"
rastrigin,Rastrigin,585,2254,gradient,3,"[-5.12, 5.12]","[-0.4469209882405183, 1.915795431402219, -3.5948012152646016]","[-1.264592095400591e-06, 1.989912212419677, -3.9797830161957655]",19.899074983473206,30,32,"{""max_iterations"": 1000, ""rate"": 0.001, ""tolerance"": 1e-06}"
rastrigin,Rastrigin,586,2255,gradient,3,"[-5.12, 5.12]","[4.079314578854624, 0.488427061153061, 1.368484579942975]","[3.9797838643955306, 1.3654882958865384e-06, 0.9949586780322663]",16.914202849925065,34,36,"{""max_iterations"": 1000, ""rate"": 0.001, ""tolerance"": 1e-06}"
rastrigin,Rastrigin,587,2256,gradient,3,"[-5.12, 5.12]","[4.0595403704423285, 0.2867336488697312, -2.650675538640959]","[3.9797839255841017, 3.824557187877912e-07, -2.9848548506101222]",24.873845034121235,28,30,"{""max_iterations"": 1000, ""rate"": 0.001, ""tolerance"": 1e-06}"
rastrigin,Rastrigin,588,2257,gradient,3,"[-5.12, 5.12]","[1.8669571333871682, 0.13433629860849905, 2.7714576390709986]","[1.989911756097436, 4.941284571140977e-07, 2.984854533928983]",12.934432432403726,25,27,"{""max_iterations"": 1000, ""rate"": 0.001, ""tolerance"": 1e-06}"
rastrigin,Rastrigin,589,2258,gradient,3,"[-5.12, 5.12]","[1.855132521801477, 0.445381455771674, 2.486736624338757]","[1.9899122241923908, 2.66123350544965e-07, 1.989913159650214]",7.959662381291999,33,35,"{""max_iterations"": 1000, ""rate"": 0.001, ""tolerance"": 1e-06}"
rastrigin,Rastrigin,590,2250,gradient,3,"[-5.12, 5.12]","[1.026718325862121, 0.4336589191567386, 0.7362161534237615]","[0.9949586514695261, 1.5062254648737248e-06, 0.9949584434229157]",1.9899181146441993,29,31,"{""max_iterations"": 1000, ""rate"": 0.001, ""tolerance"": 1e-06}"
rastrigin,Rastrigin,591,2251,gradient,3,"[-5.12, 5.12]","[3.9911893627388375, 2.9569471374987844, -0.32074833921441037]","[3.9797838857637977, 2.9848556408253666, -1.4314784560143538e-06]",24.87384503435591,26,28,"{""max_iterations"": 1000, ""rate"": 0.001, ""tolerance"": 1e-06}"
rastrigin,Rastrigin,592,2252,gradient,3,"[-5.12, 5.12]","[-2.408657866706993, 2.092044339936556, 2.493707864010098]","[-1.9899123442290034, 1.9899122400131228, 1.9899137229217911]",11.9394935721038,33,35,"{""max_iterations"": 1000, ""rate"": 0.001, ""tolerance"": 1e-06}"
rastrigin,Rastrigin,593,2253,gradient,3,"[-5.12, 5.12]","[-3.9503016920471885, -3.822754887139573, -2.963626812768438]","[-3.9797836754839233, -3.9797825868936587, -2.9848555765970683]",40.79308882673898,24,26,"{""max_iterations"": 1000, ""rate"": 0.001, ""tolerance"": 1e-06}"
rastrigin,Rastrigin,594,2254,gradient,3,"[-5.12, 5.12]","[-0.4469209882405183, 1.915795431402219, -3.5948012152646016]","[-1.264592095400591e-06, 1.989912212419677, -3.9797830161957655]",19.899074983473206,30,32,"{""max_iterations"": 1000, ""rate"": 0.001, ""tolerance"": 1e-06}"
rastrigin,Rastrigin,595,2255,gradient,3,"[-5.12, 5.12]","[4.079314578854624, 0.488427061153061, 1.368484579942975]","[3.9797838643955306, 1.3654882958865384e-06, 0.9949586780322663]",16.914202849925065,34,36,"{""max_iterations"": 1000, ""rate"": 0.001, ""tolerance"": 1e-06}"
rastrigin,Rastrigin,596,2256,gradient,3,"[-5.12, 5.12]","[4.0595403704423285, 0.2867336488697312, -2.650675538640959]","[3.9797839255841017, 3.824557187877912e-07, -2.9848548506101222]",24.873845034121235,28,30,"{""max_iterations"": 1000, ""rate"": 0.001, ""tolerance"": 1e-06}"
rastrigin,Rastrigin,597,2257,gradient,3,"[-5.12, 5.12]","[1.8669571333871682, 0.13433629860849905, 2.7714576390709986]","[1.989911756097436, 4.941284571140977e-07, 2.984854533928983]",12.934432432403726,25,27,"{""max_iterations"": 1000, ""rate"": 0.001, ""tolerance"": 1e-06}"
rastrigin,Rastrigin,598,2258,gradient,3,"[-5.12, 5.12]","[1.855132521801477, 0.445381455771674, 2.486736624338757]","[1.9899122241923908, 2.66123350544965e-07, 1.989913159650214]",7.959662381291999,33,35,"{""max_iterations"": 1000, ""rate"": 0.001, ""tolerance"": 1e-06}"
rastrigin,Rastrigin,599,2259,gradient,3,"[-5.12, 5.12]","[-0.5674276992336535, 0.0033738487728021127, -0.19196483493335936]","[-0.994957638729549, 8.756707601172864e-10, -6.45381790439074e-08]",0.9949590572919806,30,32,"{""max_iterations"": 1000, ""rate"": 0.001, ""tolerance"": 1e-06}"
rastrigin,Rastrigin,600,2242,gradient,3,"[-5.12, 5.12]","[0.6870024489726969, 3.8995948814061956, -2.6584854641826996]","[0.9949581364796976, 3.9797837872327526, -2.984854926790091]",25.868804091211086,28,30,"{""max_iterations"": 1000, ""rate"": 0.001, ""tolerance"": 1e-06}"
rastrigin,Rastrigin,601,2243,gradient,3,"[-5.12, 5.12]","[2.202026317894892, 0.10041792361216029, -1.4277790045980736]","[1.9899123544771893, 4.627845092819387e-08, -0.9949598527102096]",4.974790247943444,29,31,"{""max_iterations"": 1000, ""rate"": 0.001, ""tolerance"": 1e-06}"
rastrigin,Rastrigin,602,2244,gradient,3,"[-5.12, 5.12]","[0.6064053260386064, 3.3429444389804877, -0.1058371883241831]","[0.9949573291465166, 2.9848563319675234, -8.148433790074996e-08]",9.949560298999756,28,30,"{""max_iterations"": 1000, ""rate"": 0.001, ""tolerance"": 1e-06}"
rastrigin,Rastrigin,603,2245,gradient,3,"[-5.12, 5.12]","[-1.0602182027843101, 3.7036353530941506, -2.221249269243757]","[-0.9949587169254468, 3.979783004003764, -1.9899126156618872]",20.894034040283344,27,29,"{""max_iterations"": 1000, ""rate"": 0.001, ""tolerance"": 1e-06}"
rastrigin,Rastrigin,604,2246,gradient,3,"[-5.12, 5.12]","[-1.0665633752082693, 3.7746393135354124, -3.5691591099006166]","[-0.9949586492398302, 3.979783800735532, -3.9797828933797805]",32.833446642201075,31,33,"{""max_iterations"": 1000, ""rate"": 0.001, ""tolerance"": 1e-06}"
rastrigin,Rastrigin,605,2247,gradient,3,"[-5.12, 5.12]","[4.2386194749916735, -2.7276975516395576, -1.479897226256012]","[3.9797838990898287, -2.9848556499373253, -0.9949599894711862]",25.868804091405007,32,34,"{""max_iterations"": 1000, ""rate"": 0.001, ""tolerance"": 1e-06}"
rastrigin,Rastrigin,606,2248,gradient,3,"[-5.12, 5.12]","[5.044425248259729, -2.7709025699719927, -0.505272950527428]","[4.974691391152389, -2.9848557000071767, -0.9949572852273366]",34.82328323348522,39,41,"{""max_iterations"": 1000, ""rate"": 0.001, ""tolerance"": 1e-06}"
rastrigin,Rastrigin,607,2249,gradient,3,"[-5.12, 5.12]","[1.7624910601957087, 4.51041687832483, 0.253149006809962]","[1.9899122258902282, 3.9797850018693994, 8.398815560527167e-09]",19.89907498327212,35,37,"{""max_iterations"": 1000, ""rate"": 0.001, ""tolerance"": 1e-06}"
rastrigin,Rastrigin,608,2250,gradient,3,"[-5.12, 5.12]","[1.026718325862121, 0.4336589191567386, 0.7362161534237615]","[0.9949586514695261, 1.5062254648737248e-06, 0.9949584434229157]",1.9899181146441993,29,31,"{""max_iterations"": 1000, ""rate"": 0.001, ""tolerance"": 1e-06}"
rastrigin,Rastrigin,609,2251,gradient,3,"[-5.12, 5.12]","[3.9911893627388375, 2.9569471374987844, -0.32074833921441037]","[3.9797838857637977, 2.9848556408253666, -1.4314784560143538e-06]",24.87384503435591,26,28,"{""max_iterations"": 1000, ""rate"": 0.001, ""tolerance"": 1e-06}"
rastrigin,Rastrigin,610,2243,gradient,3,"[-5.12, 5.12]","[2.202026317894892, 0.10041792361216029, -1.4277790045980736]","[1.9899123544771893, 4.627845092819387e-08, -0.9949598527102096]",4.974790247943444,29,31,"{""max_iterations"": 1000, ""rate"": 0.001, ""tolerance"": 1e-06}"
rastrigin,Rastrigin,611,2244,gradient,3,"[-5.12, 5.12]","[0.6064053260386064, 3.3429444389804877, -0.1058371883241831]","[0.9949573291465166, 2.9848563319675234, -8.148433790074996e-08]",9.949560298999756,28,30,"{""max_iterations"": 1000, ""rate"": 0.001, ""tolerance"": 1e-06}"
rastrigin,Rastrigin,612,2245,gradient,3,"[-5.12, 5.12]","[-1.0602182027843101, 3.7036353530941506, -2.221249269243757]","[-0.9949587169254468, 3.979783004003764, -1.9899126156618872]",20.894034040283344,27,29,"{""max_iterations"": 1000, ""rate"": 0.001, ""tolerance"": 1e-06}"
rastrigin,Rastrigin,613,2246,gradient,3,"[-5.12, 5.12]","[-1.0665633752082693, 3.7746393135354124, -3.5691591099006166]","[-0.9949586492398302, 3.979783800735532, -3.9797828933797805]",32.833446642201075,31,33,"{""max_iterations"": 1000, ""rate"": 0.001, ""tolerance"": 1e-06}"
rastrigin,Rastrigin,614,2247,gradient,3,"[-5.12, 5.12]","[4.2386194749916735, -2.7276975516395576, -1.479897226256012]","[3.9797838990898287, -2.9848556499373253, -0.9949599894711862]",25.868804091405007,32,34,"{""max_iterations"": 1000, ""rate"": 0.001, ""tolerance"": 1e-06}"
rastrigin,Rastrigin,615,2248,gradient,3,"[-5.12, 5.12]","[5.044425248259729, -2.7709025699719927, -0.505272950527428]","[4.974691391152389, -2.9848557000071767, -0.9949572852273366]",34.82328323348522,39,41,"{""max_iterations"": 1000, ""rate"": 0.001, ""tolerance"": 1e-06}"
rastrigin,Rastrigin,616,2249,gradient,3,"[-5.12, 5.12]","[1.7624910601957087, 4.51041687832483, 0.253149006809962]","[1.9899122258902282, 3.9797850018693994, 8.398815560527167e-09]",19.89907498327212,35,37,"{""max_iterations"": 1000, ""rate"": 0.001, ""tolerance"": 1e-06}"
rastrigin,Rastrigin,617,2250,gradient,3,"[-5.12, 5.12]","[1.026718325862121, 0.4336589191567386, 0.7362161534237615]","[0.9949586514695261, 1.5062254648737248e-06, 0.9949584434229157]",1.9899181146441993,29,31,"{""max_iterations"": 1000, ""rate"": 0.001, ""tolerance"": 1e-06}"
rastrigin,Rastrigin,618,2251,gradient,3,"[-5.12, 5.12]","[3.9911893627388375, 2.9569471374987844, -0.32074833921441037]","[3.9797838857637977, 2.9848556408253666, -1.4314784560143538e-06]",24.87384503435591,26,28,"{""max_iterations"": 1000, ""rate"": 0.001, ""tolerance"": 1e-06}"
rastrigin,Rastrigin,619,2252,gradient,3,"[-5.12, 5.12]","[-2.408657866706993, 2.092044339936556, 2.493707864010098]","[-1.9899123442290034, 1.9899122400131228, 1.9899137229217911]",11.9394935721038,33,35,"{""max_iterations"": 1000, ""rate"": 0.001, ""tolerance"": 1e-06}"
rastrigin,Rastrigin,620,2244,gradient,3,"[-5.12, 5.12]","[0.6064053260386064, 3.3429444389804877, -0.1058371883241831]","[0.9949573291465166, 2.9848563319675234, -8.148433790074996e-08]",9.949560298999756,28,30,"{""max_iterations"": 1000, ""rate"": 0.001, ""tolerance"": 1e-06}"
rastrigin,Rastrigin,621,2245,gradient,3,"[-5.12, 5.12]","[-1.0602182027843101, 3.7036353530941506, -2.221249269243757]","[-0.9949587169254468, 3.979783004003764, -1.9899126156618872]",20.894034040283344,27,29,"{""max_iterations"": 1000, ""rate"": 0.001, ""tolerance"": 1e-06}"
rastrigin,Rastrigin,622,2246,gradient,3,"[-5.12, 5.12]","[-1.0665633752082693, 3.7746393135354124, -3.5691591099006166]","[-0.9949586492398302, 3.979783800735532, -3.9797828933797805]",32.833446642201075,31,33,"{""max_iterations"": 1000, ""rate"": 0.001, ""tolerance"": 1e-06}"
rastrigin,Rastrigin,623,2247,gradient,3,"[-5.12, 5.12]","[4.2386194749916735, -2.7276975516395576, -1.479897226256012]","[3.9797838990898287, -2.9848556499373253, -0.9949599894711862]",25.868804091405007,32,34,"{""max_iterations"": 1000, ""rate"": 0.001, ""tolerance"": 1e-06}"
rastrigin,Rastrigin,624,2248,gradient,3,"[-5.12, 5.12]","[5.044425248259729, -2.7709025699719927, -0.505272950527428]","[4.974691391152389, -2.9848557000071767, -0.9949572852273366]",34.82328323348522,39,41,"{""max_iterations"": 1000, ""rate"": 0.001, ""tolerance"": 1e-06}"
rastrigin,Rastrigin,625,2249,gradient,3,"[-5.12, 5.12]","[1.7624910601957087, 4.51041687832483, 0.253149006809962]","[1.9899122258902282, 3.9797850018693994, 8.398815560527167e-09]",19.89907498327212,35,37,"{""max_iterations"": 1000, ""rate"": 0.001, ""tolerance"": 1e-06}"
rastrigin,Rastrigin,626,2250,gradient,3,"[-5.12, 5.12]","[1.026718325862121, 0.4336589191567386, 0.7362161534237615]","[0.9949586514695261, 1.5062254648737248e-06, 0.9949584434229157]",1.9899181146441993,29,31,"{""max_iterations"": 1000, ""rate"": 0.001, ""tolerance"": 1e-06}"
rastrigin,Rastrigin,627,2251,gradient,3,"[-5.12, 5.12]","[3.9911893627388375, 2.9569471374987844, -0.32074833921441037]","[3.9797838857637977, 2.9848556408253666, -1.4314784560143538e-06]",24.87384503435591,26,28,"{""max_iterations"": 1000, ""rate"": 0.001, ""tolerance"": 1e-06}"
rastrigin,Rastrigin,628,2252,gradient,3,"[-5.12, 5.12]","[-2.408657866706993, 2.092044339936556, 2.493707864010098]","[-1.9899123442290034, 1.9899122400131228, 1.9899137229217911]",11.9394935721038,33,35,"{""max_iterations"": 1000, ""rate"": 0.001, ""tolerance"": 1e-06}"
rastrigin,Rastrigin,629,2253,gradient,3,"[-5.12, 5.12]","[-3.9503016920471885, -3.822754887139573, -2.963626812768438]","[-3.9797836754839233, -3.9797825868936587, -2.9848555765970683]",40.79308882673898,24,26,"{""max_iterations"": 1000, ""rate"": 0.001, ""tolerance"": 1e-06}"
rastrigin,Rastrigin,630,2245,gradient,3,"[-5.12, 5.12]","[-1.0602182027843101, 3.7036353530941506, -2.221249269243757]","[-0.9949587169254468, 3.979783004003764, -1.9899126156618872]",20.894034040283344,27,29,"{""max_iterations"": 1000, ""rate"": 0.001, ""tolerance"": 1e-06}"
rastrigin,Rastrigin,631,2246,gradient,3,"[-5.12, 5.12]","[-1.0665633752082693, 3.7746393135354124, -3.5691591099006166]","[-0.9949586492398302, 3.979783800735532, -3.9797828933797805]",32.833446642201075,31,33,"{""max_iterations"": 1000, ""rate"": 0.001, ""tolerance"": 1e-06}"
rastrigin,Rastrigin,632,2247,gradient,3,"[-5.12, 5.12]","[4.2386194749916735, -2.7276975516395576, -1.479897226256012]","[3.9797838990898287, -2.9848556499373253, -0.9949599894711862]",25.868804091405007,32,34,"{""max_iterations"": 1000, ""rate"": 0.001, ""tolerance"": 1e-06}"
rastrigin,Rastrigin,633,2248,gradient,3,"[-5.12, 5.12]","[5.044425248259729, -2.7709025699719927, -0.505272950527428]","[4.974691391152389, -2.9848557000071767, -0.9949572852273366]",34.82328323348522,39,41,"{""max_iterations"": 1000, ""rate"": 0.001, ""tolerance"": 1e-06}"
rastrigin,Rastrigin,634,2249,gradient,3,"[-5.12, 5.12]","[1.7624910601957087, 4.51041687832483, 0.253149006809962]","[1.9899122258902282, 3.9797850018693994, 8.398815560527167e-09]",19.89907498327212,35,37,"{""max_iterations"": 1000, ""rate"": 0.001, ""tolerance"": 1e-06}"
rastrigin,Rastrigin,635,2250,gradient,3,"[-5.12, 5.12]","[1.026718325862121, 0.4336589191567386, 0.7362161534237615]","[0.9949586514695261, 1.5062254648737248e-06, 0.9949584434229157]",1.9899181146441993,29,31,"{""max_iterations"": 1000, ""rate"": 0.001, ""tolerance"": 1e-06}"
rastrigin,Rastrigin,636,2251,gradient,3,"[-5.12, 5.12]","[3.9911893627388375, 2.9569471374987844, -0.32074833921441037]","[3.9797838857637977, 2.9848556408253666, -1.4314784560143538e-06]",24.87384503435591,26,28,"{""max_iterations"": 1000, ""rate"": 0.001, ""tolerance"": 1e-06}"
rastrigin,Rastrigin,637,2252,gradient,3,"[-5.12, 5.12]","[-2.408657866706993, 2.092044339936556, 2.493707864010098]","[-1.9899123442290034, 1.9899122400131228, 1.9899137229217911]",11.9394935721038,33,35,"{""max_iterations"": 1000, ""rate"": 0.001, ""tolerance"": 1e-06}"
rastrigin,Rastrigin,638,2253,gradient,3,"[-5.12, 5.12]","[-3.9503016920471885, -3.822754887139573, -2.963626812768438]","[-3.9797836754839233, -3.9797825868936587, -2.9848555765970683]",40.79308882673898,24,26,"{""max_iterations"": 1000, ""rate"": 0.001, ""tolerance"": 1e-06}"
rastrigin,Rastrigin,639,2254,gradient,3,"[-5.12, 5.12]","[-0.4469209882405183, 1.915795431402219, -3.5948012152646016]","[-1.264592095400591e-06, 1.989912212419677, -3.9797830161957655]",19.899074983473206,30,32,"{""max_iterations"": 1000, ""rate"": 0.001, ""tolerance"": 1e-06}"
rastrigin,Rastrigin,640,2246,gradient,3,"[-5.12, 5.12]","[-1.0665633752082693, 3.7746393135354124, -3.5691591099006166]","[-0.9949586492398302, 3.979783800735532, -3.9797828933797805]",32.833446642201075,31,33,"{""max_iterations"": 1000, ""rate"": 0.001, ""tolerance"": 1e-06}"
rastrigin,Rastrigin,641,2247,gradient,3,"[-5.12, 5.12]","[4.2386194749916735, -2.7276975516395576, -1.479897226256012]","[3.9797838990898287, -2.9848556499373253, -0.9949599894711862]",25.868804091405007,32,34,"{""max_iterations"": 1000, ""rate"": 0.001, ""tolerance"": 1e-06}"
rastrigin,Rastrigin,642,2248,gradient,3,"[-5.12, 5.12]","[5.044425248259729, -2.7709025699719927, -0.505272950527428]","[4.974691391152389, -2.9848557000071767, -0.9949572852273366]",34.82328323348522,39,41,"{""max_iterations"": 1000, ""rate"": 0.001, ""tolerance"": 1e-06}"
rastrigin,Rastrigin,643,2249,gradient,3,"[-5.12, 5.12]","[1.7624910601957087, 4.51041687832483, 0.253149006809962]","[1.9899122258902282, 3.9797850018693994, 8.398815560527167e-09]",19.89907498327212,35,37,"{""max_iterations"": 1000, ""rate"": 0.001, ""tolerance"": 1e-06}"
rastrigin,Rastrigin,644,2250,gradient,3,"[-5.12, 5.12]","[1.026718325862121, 0.4336589191567386, 0.7362161534237615]","[0.9949586514695261, 1.5062254648737248e-06, 0.9949584434229157]",1.9899181146441993,29,31,"{""max_iterations"": 1000, ""rate"": 0.001, ""tolerance"": 1e-06}"
rastrigin,Rastrigin,645,2251,gradient,3,"[-5.12, 5.12]","[3.9911893627388375, 2.9569471374987844, -0.32074833921441037]","[3.9797838857637977, 2.9848556408253666, -1.4314784560143538e-06]",24.87384503435591,26,28,"{""max_iterations"": 1000, ""rate"": 0.001, ""tolerance"": 1e-06}"
rastrigin,Rastrigin,646,2252,gradient,3,"[-5.12, 5.12]","[-2.408657866706993, 2.092044339936556, 2.493707864010098]","[-1.9899123442290034, 1.9899122400131228, 1.9899137229217911]",11.9394935721038,33,35,"{""max_iterations"": 1000, ""rate"": 0.001, ""tolerance"": 1e-06}"
rastrigin,Rastrigin,647,2253,gradient,3,"[-5.12, 5.12]","[-3.9503016920471885, -3.822754887139573, -2.963626812768438]","[-3.9797836754839233, -3.9797825868936587, -2.9848555765970683]",40.79308882673898,24,26,"{""max_iterations"": 1000, ""rate"": 0.001, ""tolerance"": 1e-06}"
rastrigin,Rastrigin,648,2254,gradient,3,"[-5.12, 5.12]","[-0.4469209882405183, 1.915795431402219, -3.5948012152646016]","[-1.264592095400591e-06, 1.989912212419677, -3.9797830161957655]",19.899074983473206,30,32,"{""max_iterations"": 1000, ""rate"": 0.001, ""tolerance"": 1e-06}"
rastrigin,Rastrigin,649,2255,gradient,3,"[-5.12, 5.12]","[4.079314578854624, 0.488427061153061, 1.368484579942975]","[3.9797838643955306, 1.3654882958865384e-06, 0.9949586780322663]",16.914202849925065,34,36,"{""max_iterations"": 1000, ""rate"": 0.001, ""tolerance"": 1e-06}"
rastrigin,Rastrigin,650,2247,gradient,3,"[-5.12, 5.12]","[4.2386194749916735, -2.7276975516395576, -1.479897226256012]","[3.9797838990898287, -2.9848556499373253, -0.9949599894711862]",25.868804091405007,32,34,"{""max_iterations"": 1000, ""rate"": 0.001, ""tolerance"": 1e-06}"
rastrigin,Rastrigin,651,2248,gradient,3,"[-5.12, 5.12]","[5.044425248259729, -2.7709025699719927, -0.505272950527428]","[4.974691391152389, -2.9848557000071767, -0.9949572852273366]",34.82328323348522,39,41,"{""max_iterations"": 1000, ""rate"": 0.001, ""tolerance"": 1e-06}"
rastrigin,Rastrigin,652,2249,gradient,3,"[-5.12, 5.12]","[1.7624910601957087, 4.51041687832483, 0.253149006809962]","[1.9899122258902282, 3.9797850018693994, 8.398815560527167e-09]",19.89907498327212,35,37,"{""max_iterations"": 1000, ""rate"": 0.001, ""tolerance"": 1e-06}"
rastrigin,Rastrigin,653,2250,gradient,3,"[-5.12, 5.12]","[1.026718325862121, 0.4336589191567386, 0.7362161534237615]","[0.9949586514695261, 1.5062254648737248e-06, 0.9949584434229157]",1.9899181146441993,29,31,"{""max_iterations"": 1000, ""rate"": 0.001, ""tolerance"": 1e-06}"
rastrigin,Rastrigin,654,2251,gradient,3,"[-5.12, 5.12]","[3.9911893627388375, 2.9569471374987844, -0.32074833921441037]","[3.9797838857637977, 2.9848556408253666, -1.4314784560143538e-06]",24.87384503435591,26,28,"{""max_iterations"": 1000, ""rate"": 0.001, ""tolerance"": 1e-06}"
rastrigin,Rastrigin,655,2252,gradient,3,"[-5.12, 5.12]","[-2.408657866706993, 2.092044339936556, 2.493707864010098]","[-1.9899123442290034, 1.9899122400131228, 1.9899137229217911]",11.9394935721038,33,35,"{""max_iterations"": 1000, ""rate"": 0.001, ""tolerance"": 1e-06}"
rastrigin,Rastrigin,656,2253,gradient,3,"[-5.12, 5.12]","[-3.9503016920471885, -3.822754887139573, -2.963626812768438]","[-3.9797836754839233, -3.9797825868936587, -2.9848555765970683]",40.79308882673898,24,26,"{""max_iterations"": 1000, ""rate"": 0.001, ""tolerance"": 1e-06}"
rastrigin,Rastrigin,657,2254,gradient,3,"[-5.12, 5.12]","[-0.4469209882405183, 1.915795431402219, -3.5948012152646016]","[-1.264592095400591e-06, 1.989912212419677, -3.9797830161957655]",19.899074983473206,30,32,"{""max_iterations"": 1000, ""rate"": 0.001, ""tolerance"": 1e-06}"
rastrigin,Rastrigin,658,2255,gradient,3,"[-5.12, 5.12]","[4.079314578854624, 0.488427061153061, 1.368484579942975]","[3.9797838643955306, 1.3654882958865384e-06, 0.9949586780322663]",16.914202849925065,34,36,"{""max_iterations"": 1000, ""rate"": 0.001, ""tolerance"": 1e-06}"
rastrigin,Rastrigin,659,2256,gradient,3,"[-5.12, 5.12]","[4.0595403704423285, 0.2867336488697312, -2.650675538640959]","[3.9797839255841017, 3.824557187877912e-07, -2.9848548506101222]",24.873845034121235,28,30,"{""max_iterations"": 1000, ""rate"": 0.001, ""tolerance"": 1e-06}"
rastrigin,Rastrigin,660,2248,gradient,3,"[-5.12, 5.12]","[5.044425248259729, -2.7709025699719927, -0.505272950527428]","[4.974691391152389, -2.9848557000071767, -0.9949572852273366]",34.82328323348522,39,41,"{""max_iterations"": 1000, ""rate"": 0.001, ""tolerance"": 1e-06}"
rastrigin,Rastrigin,661,2249,gradient,3,"[-5.12, 5.12]","[1.7624910601957087, 4.51041687832483, 0.253149006809962]","[1.9899122258902282, 3.9797850018693994, 8.398815560527167e-09]",19.89907498327212,35,37,"{""max_iterations"": 1000, ""rate"": 0.001, ""tolerance"": 1e-06}"
rastrigin,Rastrigin,662,2250,gradient,3,"[-5.12, 5.12]","[1.026718325862121, 0.4336589191567386, 0.7362161534237615]","[0.9949586514695261, 1.5062254648737248e-06, 0.9949584434229157]",1.9899181146441993,29,31,"{""max_iterations"": 1000, ""rate"": 0.001, ""tolerance"": 1e-06}"
rastrigin,Rastrigin,663,2251,gradient,3,"[-5.12, 5.12]","[3.9911893627388375, 2.9569471374987844, -0.32074833921441037]","[3.9797838857637977, 2.9848556408253666, -1.4314784560143538e-06]",24.87384503435591,26,28,"{""max_iterations"": 1000, ""rate"": 0.001, ""tolerance"": 1e-06}"
rastrigin,Rastrigin,664,2252,gradient,3,"[-5.12, 5.12]","[-2.408657866706993, 2.092044339936556, 2.493707864010098]","[-1.9899123442290034, 1.9899122400131228, 1.9899137229217911]",11.9394935721038,33,35,"{""max_iterations"": 1000, ""rate"": 0.001, ""tolerance"": 1e-06}"
rastrigin,Rastrigin,665,2253,gradient,3,"[-5.12, 5.12]","[-3.9503016920471885, -3.822754887139573, -2.963626812768438]","[-3.9797836754839233, -3.9797825868936587, -2.9848555765970683]",40.79308882673898,24,26,"{""max_iterations"": 1000, ""rate"": 0.001, ""tolerance"": 1e-06}"
rastrigin,Rastrigin,666,2254,gradient,3,"[-5.12, 5.12]","[-0.4469209882405183, 1.915795431402219, -3.5948012152646016]","[-1.264592095400591e-06, 1.989912212419677, -3.9797830161957655]",19.899074983473206,30,32,"{""max_iterations"": 1000, ""rate"": 0.001, ""tolerance"": 1e-06}"
rastrigin,Rastrigin,667,2255,gradient,3,"[-5.12, 5.12]","[4.079314578854624, 0.488427061153061, 1.368484579942975]","[3.9797838643955306, 1.3654882958865384e-06, 0.9949586780322663]",16.914202849925065,34,36,"{""max_iterations"": 1000, ""rate"": 0.001, ""tolerance"": 1e-06}"
rastrigin,Rastrigin,668,2256,gradient,3,"[-5.12, 5.12]","[4.0595403704423285, 0.2867336488697312, -2.650675538640959]","[3.9797839255841017, 3.824557187877912e-07, -2.9848548506101222]",24.873845034121235,28,30,"{""max_iterations"": 1000, ""rate"": 0.001, ""tolerance"": 1e-06}"
rastrigin,Rastrigin,669,2257,gradient,3,"[-5.12, 5.12]","[1.8669571333871682, 0.13433629860849905, 2.7714576390709986]","[1.989911756097436, 4.941284571140977e-07, 2.984854533928983]",12.934432432403726,25,27,"{""max_iterations"": 1000, ""rate"": 0.001, ""tolerance"": 1e-06}"
rastrigin,Rastrigin,670,2249,gradient,3,"[-5.12, 5.12]","[1.7624910601957087, 4.51041687832483, 0.253149006809962]","[1.9899122258902282, 3.9797850018693994, 8.398815560527167e-09]",19.89907498327212,35,37,"{""max_iterations"": 1000, ""rate"": 0.001, ""tolerance"": 1e-06}"
rastrigin,Rastrigin,671,2250,gradient,3,"[-5.12, 5.12]","[1.026718325862121, 0.4336589191567386, 0.7362161534237615]","[0.9949586514695261, 1.5062254648737248e-06, 0.9949584434229157]",1.9899181146441993,29,31,"{""max_iterations"": 1000, ""rate"": 0.001, ""tolerance"": 1e-06}"
rastrigin,Rastrigin,672,2251,gradient,3,"[-5.12, 5.12]","[3.9911893627388375, 2.9569471374987844, -0.32074833921441037]","[3.9797838857637977, 2.9848556408253666, -1.4314784560143538e-06]",24.87384503435591,26,28,"{""max_iterations"": 1000, ""rate"": 0.001, ""tolerance"": 1e-06}"
rastrigin,Rastrigin,673,2252,gradient,3,"[-5.12, 5.12]","[-2.408657866706993, 2.092044339936556, 2.493707864010098]","[-1.9899123442290034, 1.9899122400131228, 1.9899137229217911]",11.9394935721038,33,35,"{""max_iterations"": 1000, ""rate"": 0.001, ""tolerance"": 1e-06}"
rastrigin,Rastrigin,674,2253,gradient,3,"[-5.12, 5.12]","[-3.9503016920471885, -3.822754887139573, -2.963626812768438]","[-3.9797836754839233, -3.9797825868936587, -2.9848555765970683]",40.79308882673898,24,26,"{""max_iterations"": 1000, ""rate"": 0.001, ""tolerance"": 1e-06}"
rastrigin,Rastrigin,675,2254,gradient,3,"[-5.12, 5.12]","[-0.4469209882405183, 1.915795431402219, -3.5948012152646016]","[-1.264592095400591e-06, 1.989912212419677, -3.9797830161957655]",19.899074983473206,30,32,"{""max_iterations"": 1000, ""rate"": 0.001, ""tolerance"": 1e-06}"
rastrigin,Rastrigin,676,2255,gradient,3,"[-5.12, 5.12]","[4.079314578854624, 0.488427061153061, 1.368484579942975]","[3.9797838643955306, 1.3654882958865384e-06, 0.9949586780322663]",16.914202849925065,34,36,"{""max_iterations"": 1000, ""rate"": 0.001, ""tolerance"": 1e-06}"
rastrigin,Rastrigin,677,2256,gradient,3,"[-5.12, 5.12]","[4.0595403704423285, 0.2867336488697312, -2.650675538640959]","[3.9797839255841017, 3.824557187877912e-07, -2.9848548506101222]",24.873845034121235,28,30,"{""max_iterations"": 1000, ""rate"": 0.001, ""tolerance"": 1e-06}"
rastrigin,Rastrigin,678,2257,gradient,3,"[-5.12, 5.12]","[1.8669571333871682, 0.13433629860849905, 2.7714576390709986]","[1.989911756097436, 4.941284571140977e-07, 2.984854533928983]",12.934432432403726,25,27,"{""max_iterations"": 1000, ""rate"": 0.001, ""tolerance"": 1e-06}"
rastrigin,Rastrigin,679,2258,gradient,3,"[-5.12, 5.12]","[1.855132521801477, 0.445381455771674, 2.486736624338757]","[1.9899122241923908, 2.66123350544965e-07, 1.989913159650214]",7.959662381291999,33,35,"{""max_iterations"": 1000, ""rate"": 0.001, ""tolerance"": 1e-06}"
rastrigin,Rastrigin,680,2250,gradient,3,"[-5.12, 5.12]","[1.026718325862121, 0.4336589191567386, 0.7362161534237615]","[0.9949586514695261, 1.5062254648737248e-06, 0.9949584434229157]",1.9899181146441993,29,31,"{""max_iterations"": 1000, ""rate"": 0.001, ""tolerance"": 1e-06}"
rastrigin,Rastrigin,681,2251,gradient,3,"[-5.12, 5.12]","[3.9911893627388375, 2.9569471374987844, -0.32074833921441037]","[3.9797838857637977, 2.9848556408253666, -1.4314784560143538e-06]",24.87384503435591,26,28,"{""max_iterations"": 1000, ""rate"": 0.001, ""tolerance"": 1e-06}"
rastrigin,Rastrigin,682,2252,gradient,3,"[-5.12, 5.12]","[-2.408657866706993, 2.092044339936556, 2.493707864010098]","[-1.9899123442290034, 1.9899122400131228, 1.9899137229217911]",11.9394935721038,33,35,"{""max_iterations"": 1000, ""rate"": 0.001, ""tolerance"": 1e-06}"
rastrigin,Rastrigin,683,2253,gradient,3,"[-5.12, 5.12]","[-3.9503016920471885, -3.822754887139573, -2.963626812768438]","[-3.9797836754839233, -3.9797825868936587, -2.9848555765970683]",40.79308882673898,24,26,"{""max_iterations"": 1000, ""rate"": 0.001, ""tolerance"": 1e-06}"
rastrigin,Rastrigin,684,2254,gradient,3,"[-5.12, 5.12]","[-0.4469209882405183, 1.915795431402219, -3.5948012152646016]","[-1.264592095400591e-06, 1.989912212419677, -3.9797830161957655]",19.899074983473206,30,32,"{""max_iterations"": 1000, ""rate"": 0.001, ""tolerance"": 1e-06}"
rastrigin,Rastrigin,685,2255,gradient,3,"[-5.12, 5.12]","[4.079314578854624, 0.488427061153061, 1.368484579942975]","[3.9797838643955306, 1.3654882958865384e-06, 0.9949586780322663]",16.914202849925065,34,36,"{""max_iterations"": 1000, ""rate"": 0.001, ""tolerance"": 1e-06}"
rastrigin,Rastrigin,686,2256,gradient,3,"[-5.12, 5.12]","[4.0595403704423285, 0.2867336488697312, -2.650675538640959]","[3.9797839255841017, 3.824557187877912e-07, -2.9848548506101222]",24.873845034121235,28,30,"{""max_iterations"": 1000, ""rate"": 0.001, ""tolerance"": 1e-06}"
rastrigin,Rastrigin,687,2257,gradient,3,"[-5.12, 5.12]","[1.8669571333871682, 0.13433629860849905, 2.7714576390709986]","[1.989911756097436, 4.941284571140977e-07, 2.984854533928983]",12.934432432403726,25,27,"{""max_iterations"": 1000, ""rate"": 0.001, ""tolerance"": 1e-06}"
rastrigin,Rastrigin,688,2258,gradient,3,"[-5.12, 5.12]","[1.855132521801477, 0.445381455771674, 2.486736624338757]","[1.9899122241923908, 2.66123350544965e-07, 1.989913159650214]",7.959662381291999,33,35,"{""max_iterations"": 1000, ""rate"": 0.001, ""tolerance"": 1e-06}"
rastrigin,Rastrigin,689,2259,gradient,3,"[-5.12, 5.12]","[-0.5674276992336535, 0.0033738487728021127, -0.19196483493335936]","[-0.994957638729549, 8.756707601172864e-10, -6.45381790439074e-08]",0.9949590572919806,30,32,"{""max_iterations"": 1000, ""rate"": 0.001, ""tolerance"": 1e-06}"
rastrigin,Rastrigin,690,2251,gradient,3,"[-5.12, 5.12]","[3.9911893627388375, 2.9569471374987844, -0.32074833921441037]","[3.9797838857637977, 2.9848556408253666, -1.4314784560143538e-06]",24.87384503435591,26,28,"{""max_iterations"": 1000, ""rate"": 0.001, ""tolerance"": 1e-06}"
rastrigin,Rastrigin,691,2252,gradient,3,"[-5.12, 5.12]","[-2.408657866706993, 2.092044339936556, 2.493707864010098]","[-1.9899123442290034, 1.9899122400131228, 1.9899137229217911]",11.9394935721038,33,35,"{""max_iterations"": 1000, ""rate"": 0.001, ""tolerance"": 1e-06}"
rastrigin,Rastrigin,692,2253,gradient,3,"[-5.12, 5.12]","[-3.9503016920471885, -3.822754887139573, -2.963626812768438]","[-3.9797836754839233, -3.9797825868936587, -2.9848555765970683]",40.79308882673898,24,26,"{""max_iterations"": 1000, ""rate"": 0.001, ""tolerance"": 1e-06}"
rastrigin,Rastrigin,693,2254,gradient,3,"[-5.12, 5.12]","[-0.4469209882405183, 1.915795431402219, -3.5948012152646016]","[-1.264592095400591e-06, 1.989912212419677, -3.9797830161957655]",19.899074983473206,30,32,"{""max_iterations"": 1000, ""rate"": 0.001, ""tolerance"": 1e-06}"
rastrigin,Rastrigin,694,2255,gradient,3,"[-5.12, 5.12]","[4.079314578854624, 0.488427061153061, 1.368484579942975]","[3.9797838643955306, 1.3654882958865384e-06, 0.9949586780322663]",16.914202849925065,34,36,"{""max_iterations"": 1000, ""rate"": 0.001, ""tolerance"": 1e-06}"
rastrigin,Rastrigin,695,2256,gradient,3,"[-5.12, 5.12]","[4.0595403704423285, 0.2867336488697312, -2.650675538640959]","[3.9797839255841017, 3.824557187877912e-07, -2.9848548506101222]",24.873845034121235,28,30,"{""max_iterations"": 1000, ""rate"": 0.001, ""tolerance"": 1e-06}"
rastrigin,Rastrigin,696,2257,gradient,3,"[-5.12, 5.12]","[1.8669571333871682, 0.13433629860849905, 2.7714576390709986]","[1.989911756097436, 4.941284571140977e-07, 2.984854533928983]",12.934432432403726,25,27,"{""max_iterations"": 1000, ""rate"": 0.001, ""tolerance"": 1e-06}"
rastrigin,Rastrigin,697,2258,gradient,3,"[-5.12, 5.12]","[1.855132521801477, 0.445381455771674, 2.486736624338757]","[1.9899122241923908, 2.66123350544965e-07, 1.989913159650214]",7.959662381291999,33,35,"{""max_iterations"": 1000, ""rate"": 0.001, ""tolerance"": 1e-06}"
rastrigin,Rastrigin,698,2259,gradient,3,"[-5.12, 5.12]","[-0.5674276992336535, 0.0033738487728021127, -0.19196483493335936]","[-0.994957638729549, 8.756707601172864e-10, -6.45381790439074e-08]",0.9949590572919806,30,32,"{""max_iterations"": 1000, ""rate"": 0.001, ""tolerance"": 1e-06}"
rastrigin,Rastrigin,699,2260,gradient,3,"[-5.12, 5.12]","[-4.989685339139107, -0.07784346882446336, -0.40037971232547154]","[-4.974691404213452, -5.7855519424345223e-08, -1.3468819947486853e-06]",24.873722934902826,28,30,"{""max_iterations"": 1000, ""rate"": 0.001, ""tolerance"": 1e-06}"
rastrigin,Rastrigin,700,2243,gradient,3,"[-5.12, 5.12]","[2.202026317894892, 0.10041792361216029, -1.4277790045980736]","[1.9899123544771893, 4.627845092819387e-08, -0.9949598527102096]",4.974790247943444,29,31,"{""max_iterations"": 1000, ""rate"": 0.001, ""tolerance"": 1e-06}"
rastrigin,Rastrigin,701,2244,gradient,3,"[-5.12, 5.12]","[0.6064053260386064, 3.3429444389804877, -0.1058371883241831]","[0.9949573291465166, 2.9848563319675234, -8.148433790074996e-08]",9.949560298999756,28,30,"{""max_iterations"": 1000, ""rate"": 0.001, ""tolerance"": 1e-06}"
rastrigin,Rastrigin,702,2245,gradient,3,"[-5.12, 5.12]","[-1.0602182027843101, 3.7036353530941506, -2.221249269243757]","[-0.9949587169254468, 3.979783004003764, -1.9899126156618872]",20.894034040283344,27,29,"{""max_iterations"": 1000, ""rate"": 0.001, ""tolerance"": 1e-06}"
rastrigin,Rastrigin,703,2246,gradient,3,"[-5.12, 5.12]","[-1.0665633752082693, 3.7746393135354124, -3.5691591099006166]","[-0.9949586492398302, 3.979783800735532, -3.9797828933797805]",32.833446642201075,31,33,"{""max_iterations"": 1000, ""rate"": 0.001, ""tolerance"": 1e-06}"
rastrigin,Rastrigin,704,2247,gradient,3,"[-5.12, 5.12]","[4.2386194749916735, -2.7276975516395576, -1.479897226256012]","[3.9797838990898287, -2.9848556499373253, -0.9949599894711862]",25.868804091405007,32,34,"{""max_iterations"": 1000, ""rate"": 0.001, ""tolerance"": 1e-06}"
rastrigin,Rastrigin,705,2248,gradient,3,"[-5.12, 5.12]","[5.044425248259729, -2.7709025699719927, -0.505272950527428]","[4.974691391152389, -2.9848557000071767, -0.9949572852273366]",34.82328323348522,39,41,"{""max_iterations"": 1000, ""rate"": 0.001, ""tolerance"": 1e-06}"
rastrigin,Rastrigin,706,2249,gradient,3,"[-5.12, 5.12]","[1.7624910601957087, 4.51041687832483, 0.253149006809962]","[1.9899122258902282, 3.9797850018693994, 8.398815560527167e-09]",19.89907498327212,35,37,"{""max_iterations"": 1000, ""rate"": 0.001, ""tolerance"": 1e-06}"
rastrigin,Rastrigin,707,2250,gradient,3,"[-5.12, 5.12]","[1.026718325862121, 0.4336589191567386, 0.7362161534237615]","[0.9949586514695261, 1.5062254648737248e-06, 0.9949584434229157]",1.9899181146441993,29,31,"{""max_iterations"": 1000, ""rate"": 0.001, ""tolerance"": 1e-06}"
rastrigin,Rastrigin,708,2251,gradient,3,"[-5.12, 5.12]","[3.9911893627388375, 2.9569471374987844, -0.32074833921441037]","[3.9797838857637977, 2.9848556408253666, -1.4314784560143538e-06]",24.87384503435591,26,28,"{""max_iterations"": 1000, ""rate"": 0.001, ""tolerance"": 1e-06}"
rastrigin,Rastrigin,709,2252,gradient,3,"[-5.12, 5.12]","[-2.408657866706993, 2.092044339936556, 2.493707864010098]","[-1.9899123442290034, 1.9899122400131228, 1.9899137229217911]",11.9394935721038,33,35,"{""max_iterations"": 1000, ""rate"": 0.001, ""tolerance"": 1e-06}"
rastrigin,Rastrigin,710,2244,gradient,3,"[-5.12, 5.12]","[0.6064053260386064, 3.3429444389804877, -0.1058371883241831]","[0.9949573291465166, 2.9848563319675234, -8.148433790074996e-08]",9.949560298999756,28,30,"{""max_iterations"": 1000, ""rate"": 0.001, ""tolerance"": 1e-06}"
rastrigin,Rastrigin,711,2245,gradient,3,"[-5.12, 5.12]","[-1.0602182027843101, 3.7036353530941506, -2.221249269243757]","[-0.9949587169254468, 3.979783004003764, -1.9899126156618872]",20.894034040283344,27,29,"{""max_iterations"": 1000, ""rate"": 0.001, ""tolerance"": 1e-06}"
rastrigin,Rastrigin,712,2246,gradient,3,"[-5.12, 5.12]","[-1.0665633752082693, 3.7746393135354124, -3.5691591099006166]","[-0.9949586492398302, 3.979783800735532, -3.9797828933797805]",32.833446642201075,31,33,"{""max_iterations"": 1000, ""rate"": 0.001, ""tolerance"": 1e-06}"
rastrigin,Rastrigin,713,2247,gradient,3,"[-5.12, 5.12]","[4.2386194749916735, -2.7276975516395576, -1.479897226256012]","[3.9797838990898287, -2.9848556499373253, -0.9949599894711862]",25.868804091405007,32,34,"{""max_iterations"": 1000, ""rate"": 0.001, ""tolerance"": 1e-06}"
rastrigin,Rastrigin,714,2248,gradient,3,"[-5.12, 5.12]","[5.044425248259729, -2.7709025699719927, -0.505272950527428]","[4.974691391152389, -2.9848557000071767, -0.9949572852273366]",34.82328323348522,39,41,"{""max_iterations"": 1000, ""rate"": 0.001, ""tolerance"": 1e-06}"
rastrigin,Rastrigin,715,2249,gradient,3,"[-5.12, 5.12]","[1.7624910601957087, 4.51041687832483, 0.253149006809962]","[1.9899122258902282, 3.9797850018693994, 8.398815560527167e-09]",19.89907498327212,35,37,"{""max_iterations"": 1000, ""rate"": 0.001, ""tolerance"": 1e-06}"
rastrigin,Rastrigin,716,2250,gradient,3,"[-5.12, 5.12]","[1.026718325862121, 0.4336589191567386, 0.7362161534237615]","[0.9949586514695261, 1.5062254648737248e-06, 0.9949584434229157]",1.9899181146441993,29,31,"{""max_iterations"": 1000, ""rate"": 0.001, ""tolerance"": 1e-06}"
rastrigin,Rastrigin,717,2251,gradient,3,"[-5.12, 5.12]","[3.9911893627388375, 2.9569471374987844, -0.32074833921441037]","[3.9797838857637977, 2.9848556408253666, -1.4314784560143538e-06]",24.87384503435591,26,28,"{""max_iterations"": 1000, ""rate"": 0.001, ""tolerance"": 1e-06}"
rastrigin,Rastrigin,718,2252,gradient,3,"[-5.12, 5.12]","[-2.408657866706993, 2.092044339936556, 2.493707864010098]","[-1.9899123442290034, 1.9899122400131228, 1.9899137229217911]",11.9394935721038,33,35,"{""max_iterations"": 1000, ""rate"": 0.001, ""tolerance"": 1e-06}"
rastrigin,Rastrigin,719,2253,gradient,3,"[-5.12, 5.12]","[-3.9503016920471885, -3.822754887139573, -2.963626812768438]","[-3.9797836754839233, -3.9797825868936587, -2.9848555765970683]",40.79308882673898,24,26,"{""max_iterations"": 1000, ""rate"": 0.001, ""tolerance"": 1e-06}"
rastrigin,Rastrigin,720,2245,gradient,3,"[-5.12, 5.12]","[-1.0602182027843101, 3.7036353530941506, -2.221249269243757]","[-0.9949587169254468, 3.979783004003764, -1.9899126156618872]",20.894034040283344,27,29,"{""max_iterations"": 1000, ""rate"": 0.001, ""tolerance"": 1e-06}"
rastrigin,Rastrigin,721,2246,gradient,3,"[-5.12, 5.12]","[-1.0665633752082693, 3.7746393135354124, -3.5691591099006166]","[-0.9949586492398302, 3.979783800735532, -3.9797828933797805]",32.833446642201075,31,33,"{""max_iterations"": 1000, ""rate"": 0.001, ""tolerance"": 1e-06}"
rastrigin,Rastrigin,722,2247,gradient,3,"[-5.12, 5.12]","[4.2386194749916735, -2.7276975516395576, -1.479897226256012]","[3.9797838990898287, -2.9848556499373253, -0.9949599894711862]",25.868804091405007,32,34,"{""max_iterations"": 1000, ""rate"": 0.001, ""tolerance"": 1e-06}"
rastrigin,Rastrigin,723,2248,gradient,3,"[-5.12, 5.12]","[5.044425248259729, -2.7709025699719927, -0.505272950527428]","[4.974691391152389, -2.9848557000071767, -0.9949572852273366]",34.82328323348522,39,41,"{""max_iterations"": 1000, ""rate"": 0.001, ""tolerance"": 1e-06}"
rastrigin,Rastrigin,724,2249,gradient,3,"[-5.12, 5.12]","[1.7624910601957087, 4.51041687832483, 0.253149006809962]","[1.9899122258902282, 3.9797850018693994, 8.398815560527167e-09]",19.89907498327212,35,37,"{""max_iterations"": 1000, ""rate"": 0.001, ""tolerance"": 1e-06}"
rastrigin,Rastrigin,725,2250,gradient,3,"[-5.12, 5.12]","[1.026718325862121, 0.4336589191567386, 0.7362161534237615]","[0.9949586514695261, 1.5062254648737248e-06, 0.9949584434229157]",1.9899181146441993,29,31,"{""max_iterations"": 1000, ""rate"": 0.001, ""tolerance"": 1e-06}"
rastrigin,Rastrigin,726,2251,gradient,3,"[-5.12, 5.12]","[3.9911893627388375, 2.9569471374987844, -0.32074833921441037]","[3.9797838857637977, 2.9848556408253666, -1.4314784560143538e-06]",24.87384503435591,26,28,"{""max_iterations"": 1000, ""rate"": 0.001, ""tolerance"": 1e-06}"
rastrigin,Rastrigin,727,2252,gradient,3,"[-5.12, 5.12]","[-2.408657866706993, 2.092044339936556, 2.493707864010098]","[-1.9899123442290034, 1.9899122400131228, 1.9899137229217911]",11.9394935721038,33,35,"{""max_iterations"": 1000, ""rate"": 0.001, ""tolerance"": 1e-06}"
rastrigin,Rastrigin,728,2253,gradient,3,"[-5.12, 5.12]","[-3.9503016920471885, -3.822754887139573, -2.963626812768438]","[-3.9797836754839233, -3.9797825868936587, -2.9848555765970683]",40.79308882673898,24,26,"{""max_iterations"": 1000, ""rate"": 0.001, ""tolerance"": 1e-06}"
rastrigin,Rastrigin,729,2254,gradient,3,"[-5.12, 5.12]","[-0.4469209882405183, 1.915795431402219, -3.5948012152646016]","[-1.264592095400591e-06, 1.989912212419677, -3.9797830161957655]",19.899074983473206,30,32,"{""max_iterations"": 1000, ""rate"": 0.001, ""tolerance"": 1e-06}"
rastrigin,Rastrigin,730,2246,gradient,3,"[-5.12, 5.12]","[-1.0665633752082693, 3.7746393135354124, -3.5691591099006166]","[-0.9949586492398302, 3.979783800735532, -3.9797828933797805]",32.833446642201075,31,33,"{""max_iterations"": 1000, ""rate"": 0.001, ""tolerance"": 1e-06}"
rastrigin,Rastrigin,731,2247,gradient,3,"[-5.12, 5.12]","[4.2386194749916735, -2.7276975516395576, -1.479897226256012]","[3.9797838990898287, -2.9848556499373253, -0.9949599894711862]",25.868804091405007,32,34,"{""max_iterations"": 1000, ""rate"": 0.001, ""tolerance"": 1e-06}"
rastrigin,Rastrigin,732,2248,gradient,3,"[-5.12, 5.12]","[5.044425248259729, -2.7709025699719927, -0.505272950527428]","[4.974691391152389, -2.9848557000071767, -0.9949572852273366]",34.82328323348522,39,41,"{""max_iterations"": 1000, ""rate"": 0.001, ""tolerance"": 1e-06}"
rastrigin,Rastrigin,733,2249,gradient,3,"[-5.12, 5.12]","[1.7624910601957087, 4.51041687832483, 0.253149006809962]","[1.9899122258902282, 3.9797850018693994, 8.398815560527167e-09]",19.89907498327212,35,37,"{""max_iterations"": 1000, ""rate"": 0.001, ""tolerance"": 1e-06}"
rastrigin,Rastrigin,734,2250,gradient,3,"[-5.12, 5.12]","[1.026718325862121, 0.4336589191567386, 0.7362161534237615]","[0.9949586514695261, 1.5062254648737248e-06, 0.9949584434229157]",1.9899181146441993,29,31,"{""max_iterations"": 1000, ""rate"": 0.001, ""tolerance"": 1e-06}"
rastrigin,Rastrigin,735,2251,gradient,3,"[-5.12, 5.12]","[3.9911893627388375, 2.9569471374987844, -0.32074833921441037]","[3.9797838857637977, 2.9848556408253666, -1.4314784560143538e-06]",24.87384503435591,26,28,"{""max_iterations"": 1000, ""rate"": 0.001, ""tolerance"": 1e-06}"
rastrigin,Rastrigin,736,2252,gradient,3,"[-5.12, 5.12]","[-2.408657866706993, 2.092044339936556, 2.493707864010098]","[-1.9899123442290034, 1.9899122400131228, 1.9899137229217911]",11.9394935721038,33,35,"{""max_iterations"": 1000, ""rate"": 0.001, ""tolerance"": 1e-06}"
rastrigin,Rastrigin,737,2253,gradient,3,"[-5.12, 5.12]","[-3.9503016920471885, -3.822754887139573, -2.963626812768438]","[-3.9797836754839233, -3.9797825868936587, -2.9848555765970683]",40.79308882673898,24,26,"{""max_iterations"": 1000, ""rate"": 0.001, ""tolerance"": 1e-06}"
rastrigin,Rastrigin,738,2254,gradient,3,"[-5.12, 5.12]","[-0.4469209882405183, 1.915795431402219, -3.5948012152646016]","[-1.264592095400591e-06, 1.989912212419677, -3.9797830161957655]",19.899074983473206,30,32,"{""max_iterations"": 1000, ""rate"": 0.001, ""tolerance"": 1e-06}"
rastrigin,Rastrigin,739,2255,gradient,3,"[-5.12, 5.12]","[4.079314578854624, 0.488427061153061, 1.368484579942975]","[3.9797838643955306, 1.3654882958865384e-06, 0.9949586780322663]",16.914202849925065,34,36,"{""max_iterations"": 1000, ""rate"": 0.001, ""tolerance"": 1e-06}"
rastrigin,Rastrigin,740,2247,gradient,3,"[-5.12, 5.12]","[4.2386194749916735, -2.7276975516395576, -1.479897226256012]","[3.9797838990898287, -2.9848556499373253, -0.9949599894711862]",25.868804091405007,32,34,"{""max_iterations"": 1000, ""rate"": 0.001, ""tolerance"": 1e-06}"
rastrigin,Rastrigin,741,2248,gradient,3,"[-5.12, 5.12]","[5.044425248259729, -2.7709025699719927, -0.505272950527428]","[4.974691391152389, -2.9848557000071767, -0.9949572852273366]",34.82328323348522,39,41,"{""max_iterations"": 1000, ""rate"": 0.001, ""tolerance"": 1e-06}"
rastrigin,Rastrigin,742,2249,gradient,3,"[-5.12, 5.12]","[1.7624910601957087, 4.51041687832483, 0.253149006809962]","[1.9899122258902282, 3.9797850018693994, 8.398815560527167e-09]",19.89907498327212,35,37,"{""max_iterations"": 1000, ""rate"": 0.001, ""tolerance"": 1e-06}"
rastrigin,Rastrigin,743,2250,gradient,3,"[-5.12, 5.12]","[1.026718325862121, 0.4336589191567386, 0.7362161534237615]","[0.9949586514695261, 1.5062254648737248e-06, 0.9949584434229157]",1.9899181146441993,29,31,"{""max_iterations"": 1000, ""rate"": 0.001, ""tolerance"": 1e-06}"
rastrigin,Rastrigin,744,2251,gradient,3,"[-5.12, 5.12]","[3.9911893627388375, 2.9569471374987844, -0.32074833921441037]","[3.9797838857637977, 2.9848556408253666, -1.4314784560143538e-06]",24.87384503435591,26,28,"{""max_iterations"": 1000, ""rate"": 0.001, ""tolerance"": 1e-06}"
rastrigin,Rastrigin,745,2252,gradient,3,"[-5.12, 5.12]","[-2.408657866706993, 2.092044339936556, 2.493707864010098]","[-1.9899123442290034, 1.9899122400131228, 1.9899137229217911]",11.9394935721038,33,35,"{""max_iterations"": 1000, ""rate"": 0.001, ""tolerance"": 1e-06}"
rastrigin,Rastrigin,746,2253,gradient,3,"[-5.12, 5.12]","[-3.9503016920471885, -3.822754887139573, -2.963626812768438]","[-3.9797836754839233, -3.9797825868936587, -2.9848555765970683]",40.79308882673898,24,26,"{""max_iterations"": 1000, ""rate"": 0.001, ""tolerance"": 1e-06}"
rastrigin,Rastrigin,747,2254,gradient,3,"[-5.12, 5.12]","[-0.4469209882405183, 1.915795431402219, -3.5948012152646016]","[-1.264592095400591e-06, 1.989912212419677, -3.9797830161957655]",19.899074983473206,30,32,"{""max_iterations"": 1000, ""rate"": 0.001, ""tolerance"": 1e-06}"
rastrigin,Rastrigin,748,2255,gradient,3,"[-5.12, 5.12]","[4.079314578854624, 0.488427061153061, 1.368484579942975]","[3.9797838643955306, 1.3654882958865384e-06, 0.9949586780322663]",16.914202849925065,34,36,"{""max_iterations"": 1000, ""rate"": 0.001, ""tolerance"": 1e-06}"
rastrigin,Rastrigin,749,2256,gradient,3,"[-5.12, 5.12]","[4.0595403704423285, 0.2867336488697312, -2.650675538640959]","[3.9797839255841017, 3.824557187877912e-07, -2.9848548506101222]",24.873845034121235,28,30,"{""max_iterations"": 1000, ""rate"": 0.001, ""tolerance"": 1e-06}"
rastrigin,Rastrigin,750,2248,gradient,3,"[-5.12, 5.12]","[5.044425248259729, -2.7709025699719927, -0.505272950527428]","[4.974691391152389, -2.9848557000071767, -0.9949572852273366]",34.82328323348522,39,41,"{""max_iterations"": 1000, ""rate"": 0.001, ""tolerance"": 1e-06}"
rastrigin,Rastrigin,751,2249,gradient,3,"[-5.12, 5.12]","[1.7624910601957087, 4.51041687832483, 0.253149006809962]","[1.9899122258902282, 3.9797850018693994, 8.398815560527167e-09]",19.89907498327212,35,37,"{""max_iterations"": 1000, ""rate"": 0.001, ""tolerance"": 1e-06}"
rastrigin,Rastrigin,752,2250,gradient,3,"[-5.12, 5.12]","[1.026718325862121, 0.4336589191567386, 0.7362161534237615]","[0.9949586514695261, 1.5062254648737248e-06, 0.9949584434229157]",1.9899181146441993,29,31,"{""max_iterations"": 1000, ""rate"": 0.001, ""tolerance"": 1e-06}"
rastrigin,Rastrigin,753,2251,gradient,3,"[-5.12, 5.12]","[3.9911893627388375, 2.9569471374987844, -0.32074833921441037]","[3.9797838857637977, 2.9848556408253666, -1.4314784560143538e-06]",24.87384503435591,26,28,"{""max_iterations"": 1000, ""rate"": 0.001, ""tolerance"": 1e-06}"
rastrigin,Rastrigin,754,2252,gradient,3,"[-5.12, 5.12]","[-2.408657866706993, 2.092044339936556, 2.493707864010098]","[-1.9899123442290034, 1.9899122400131228, 1.9899137229217911]",11.9394935721038,33,35,"{""max_iterations"": 1000, ""rate"": 0.001, ""tolerance"": 1e-06}"
rastrigin,Rastrigin,755,2253,gradient,3,"[-5.12, 5.12]","[-3.9503016920471885, -3.822754887139573, -2.963626812768438]","[-3.9797836754839233, -3.9797825868936587, -2.9848555765970683]",40.79308882673898,24,26,"{""max_iterations"": 1000, ""rate"": 0.001, ""tolerance"": 1e-06}"
rastrigin,Rastrigin,756,2254,gradient,3,"[-5.12, 5.12]","[-0.4469209882405183, 1.915795431402219, -3.5948012152646016]","[-1.264592095400591e-06, 1.989912212419677, -3.9797830161957655]",19.899074983473206,30,32,"{""max_iterations"": 1000, ""rate"": 0.001, ""tolerance"": 1e-06}"
rastrigin,Rastrigin,757,2255,gradient,3,"[-5.12, 5.12]","[4.079314578854624, 0.488427061153061, 1.368484579942975]","[3.9797838643955306, 1.3654882958865384e-06, 0.9949586780322663]",16.914202849925065,34,36,"{""max_iterations"": 1000, ""rate"": 0.001, ""tolerance"": 1e-06}"
rastrigin,Rastrigin,758,2256,gradient,3,"[-5.12, 5.12]","[4.0595403704423285, 0.2867336488697312, -2.650675538640959]","[3.9797839255841017, 3.824557187877912e-07, -2.9848548506101222]",24.873845034121235,28,30,"{""max_iterations"": 1000, ""rate"": 0.001, ""tolerance"": 1e-06}"
rastrigin,Rastrigin,759,2257,gradient,3,"[-5.12, 5.12]","[1.8669571333871682, 0.13433629860849905, 2.7714576390709986]","[1.989911756097436, 4.941284571140977e-07, 2.984854533928983]",12.934432432403726,25,27,"{""max_iterations"": 1000, ""rate"": 0.001, ""tolerance"": 1e-06}"
rastrigin,Rastrigin,760,2249,gradient,3,"[-5.12, 5.12]","[1.7624910601957087, 4.51041687832483, 0.253149006809962]","[1.9899122258902282, 3.9797850018693994, 8.398815560527167e-09]",19.89907498327212,35,37,"{""max_iterations"": 1000, ""rate"": 0.001, ""tolerance"": 1e-06}"
rastrigin,Rastrigin,761,2250,gradient,3,"[-5.12, 5.12]","[1.026718325862121, 0.4336589191567386, 0.7362161534237615]","[0.9949586514695261, 1.5062254648737248e-06, 0.9949584434229157]",1.9899181146441993,29,31,"{""max_iterations"": 1000, ""rate"": 0.001, ""tolerance"": 1e-06}"
rastrigin,Rastrigin,762,2251,gradient,3,"[-5.12, 5.12]","[3.9911893627388375, 2.9569471374987844, -0.32074833921441037]","[3.9797838857637977, 2.9848556408253666, -1.4314784560143538e-06]",24.87384503435591,26,28,"{""max_iterations"": 1000, ""rate"": 0.001, ""tolerance"": 1e-06}"
rastrigin,Rastrigin,763,2252,gradient,3,"[-5.12, 5.12]","[-2.408657866706993, 2.092044339936556, 2.493707864010098]","[-1.9899123442290034, 1.9899122400131228, 1.9899137229217911]",11.9394935721038,33,35,"{""max_iterations"": 1000, ""rate"": 0.001, ""tolerance"": 1e-06}"
rastrigin,Rastrigin,764,2253,gradient,3,"[-5.12, 5.12]","[-3.9503016920471885, -3.822754887139573, -2.963626812768438]","[-3.9797836754839233, -3.9797825868936587, -2.9848555765970683]",40.79308882673898,24,26,"{""max_iterations"": 1000, ""rate"": 0.001, ""tolerance"": 1e-06}"
rastrigin,Rastrigin,765,2254,gradient,3,"[-5.12, 5.12]","[-0.4469209882405183, 1.915795431402219, -3.5948012152646016]","[-1.264592095400591e-06, 1.989912212419677, -3.9797830161957655]",19.899074983473206,30,32,"{""max_iterations"": 1000, ""rate"": 0.001, ""tolerance"": 1e-06}"
rastrigin,Rastrigin,766,2255,gradient,3,"[-5.12, 5.12]","[4.079314578854624, 0.488427061153061, 1.368484579942975]","[3.9797838643955306, 1.3654882958865384e-06, 0.9949586780322663]",16.914202849925065,34,36,"{""max_iterations"": 1000, ""rate"": 0.001, ""tolerance"": 1e-06}"
rastrigin,Rastrigin,767,2256,gradient,3,"[-5.12, 5.12]","[4.0595403704423285, 0.2867336488697312, -2.650675538640959]","[3.9797839255841017, 3.824557187877912e-07, -2.9848548506101222]",24.873845034121235,28,30,"{""max_iterations"": 1000, ""rate"": 0.001, ""tolerance"": 1e-06}"
rastrigin,Rastrigin,768,2257,gradient,3,"[-5.12, 5.12]","[1.8669571333871682, 0.13433629860849905, 2.7714576390709986]","[1.989911756097436, 4.941284571140977e-07, 2.984854533928983]",12.934432432403726,25,27,"{""max_iterations"": 1000, ""rate"": 0.001, ""tolerance"": 1e-06}"
rastrigin,Rastrigin,769,2258,gradient,3,"[-5.12, 5.12]","[1.855132521801477, 0.445381455771674, 2.486736624338757]","[1.9899122241923908, 2.66123350544965e-07, 1.989913159650214]",7.959662381291999,33,35,"{""max_iterations"": 1000, ""rate"": 0.001, ""tolerance"": 1e-06}"
rastrigin,Rastrigin,770,2250,gradient,3,"[-5.12, 5.12]","[1.026718325862121, 0.4336589191567386, 0.7362161534237615]","[0.9949586514695261, 1.5062254648737248e-06, 0.9949584434229157]",1.9899181146441993,29,31,"{""max_iterations"": 1000, ""rate"": 0.001, ""tolerance"": 1e-06}"
rastrigin,Rastrigin,771,2251,gradient,3,"[-5.12, 5.12]","[3.9911893627388375, 2.9569471374987844, -0.32074833921441037]","[3.9797838857637977, 2.9848556408253666, -1.4314784560143538e-06]",24.87384503435591,26,28,"{""max_iterations"": 1000, ""rate"": 0.001, ""tolerance"": 1e-06}"
rastrigin,Rastrigin,772,2252,gradient,3,"[-5.12, 5.12]","[-2.408657866706993, 2.092044339936556, 2.493707864010098]","[-1.9899123442290034, 1.9899122400131228, 1.9899137229217911]",11.9394935721038,33,35,"{""max_iterations"": 1000, ""rate"": 0.001, ""tolerance"": 1e-06}"
rastrigin,Rastrigin,773,2253,gradient,3,"[-5.12, 5.12]","[-3.9503016920471885, -3.822754887139573, -2.963626812768438]","[-3.9797836754839233, -3.9797825868936587, -2.9848555765970683]",40.79308882673898,24,26,"{""max_iterations"": 1000, ""rate"": 0.001, ""tolerance"": 1e-06}"
rastrigin,Rastrigin,774,2254,gradient,3,"[-5.12, 5.12]","[-0.4469209882405183, 1.915795431402219, -3.5948012152646016]","[-1.264592095400591e-06, 1.989912212419677, -3.9797830161957655]",19.899074983473206,30,32,"{""max_iterations"": 1000, ""rate"": 0.001, ""tolerance"": 1e-06}"
rastrigin,Rastrigin,775,2255,gradient,3,"[-5.12, 5.12]","[4.079314578854624, 0.488427061153061, 1.368484579942975]","[3.9797838643955306, 1.3654882958865384e-06, 0.9949586780322663]",16.914202849925065,34,36,"{""max_iterations"": 1000, ""rate"": 0.001, ""tolerance"": 1e-06}"
rastrigin,Rastrigin,776,2256,gradient,3,"[-5.12, 5.12]","[4.0595403704423285, 0.2867336488697312, -2.650675538640959]","[3.9797839255841017, 3.824557187877912e-07, -2.9848548506101222]",24.873845034121235,28,30,"{""max_iterations"": 1000, ""rate"": 0.001, ""tolerance"": 1e-06}"
rastrigin,Rastrigin,777,2257,gradient,3,"[-5.12, 5.12]","[1.8669571333871682, 0.13433629860849905, 2.7714576390709986]","[1.989911756097436, 4.941284571140977e-07, 2.984854533928983]",12.934432432403726,25,27,"{""max_iterations"": 1000, ""rate"": 0.001, ""tolerance"": 1e-06}"
rastrigin,Rastrigin,778,2258,gradient,3,"[-5.12, 5.12]","[1.855132521801477, 0.445381455771674, 2.486736624338757]","[1.9899122241923908, 2.66123350544965e-07, 1.989913159650214]",7.959662381291999,33,35,"{""max_iterations"": 1000, ""rate"": 0.001, ""tolerance"": 1e-06}"
rastrigin,Rastrigin,779,2259,gradient,3,"[-5.12, 5.12]","[-0.5674276992336535, 0.0033738487728021127, -0.19196483493335936]","[-0.994957638729549, 8.756707601172864e-10, -6.45381790439074e-08]",0.9949590572919806,30,32,"{""max_iterations"": 1000, ""rate"": 0.001, ""tolerance"": 1e-06}"
rastrigin,Rastrigin,780,2251,gradient,3,"[-5.12, 5.12]","[3.9911893627388375, 2.9569471374987844, -0.32074833921441037]","[3.9797838857637977, 2.9848556408253666, -1.4314784560143538e-06]",24.87384503435591,26,28,"{""max_iterations"": 1000, ""rate"": 0.001, ""tolerance"": 1e-06}"
rastrigin,Rastrigin,781,2252,gradient,3,"[-5.12, 5.12]","[-2.408657866706993, 2.092044339936556, 2.493707864010098]","[-1.9899123442290034, 1.9899122400131228, 1.9899137229217911]",11.9394935721038,33,35,"{""max_iterations"": 1000, ""rate"": 0.001, ""tolerance"": 1e-06}"
rastrigin,Rastrigin,782,2253,gradient,3,"[-5.12, 5.12]","[-3.9503016920471885, -3.822754887139573, -2.963626812768438]","[-3.9797836754839233, -3.9797825868936587, -2.9848555765970683]",40.79308882673898,24,26,"{""max_iterations"": 1000, ""rate"": 0.001, ""tolerance"": 1e-06}"
rastrigin,Rastrigin,783,2254,gradient,3,"[-5.12, 5.12]","[-0.4469209882405183, 1.915795431402219, -3.5948012152646016]","[-1.264592095400591e-06, 1.989912212419677, -3.9797830161957655]",19.899074983473206,30,32,"{""max_iterations"": 1000, ""rate"": 0.001, ""tolerance"": 1e-06}"
rastrigin,Rastrigin,784,2255,gradient,3,"[-5.12, 5.12]","[4.079314578854624, 0.488427061153061, 1.368484579942975]","[3.9797838643955306, 1.3654882958865384e-06, 0.9949586780322663]",16.914202849925065,34,36,"{""max_iterations"": 1000, ""rate"": 0.001, ""tolerance"": 1e-06}"
rastrigin,Rastrigin,785,2256,gradient,3,"[-5.12, 5.12]","[4.0595403704423285, 0.2867336488697312, -2.650675538640959]","[3.9797839255841017, 3.824557187877912e-07, -2.9848548506101222]",24.873845034121235,28,30,"{""max_iterations"": 1000, ""rate"": 0.001, ""tolerance"": 1e-06}"
rastrigin,Rastrigin,786,2257,gradient,3,"[-5.12, 5.12]","[1.8669571333871682, 0.13433629860849905, 2.7714576390709986]","[1.989911756097436, 4.941284571140977e-07, 2.984854533928983]",12.934432432403726,25,27,"{""max_iterations"": 1000, ""rate"": 0.001, ""tolerance"": 1e-06}"
rastrigin,Rastrigin,787,2258,gradient,3,"[-5.12, 5.12]","[1.855132521801477, 0.445381455771674, 2.486736624338757]","[1.9899122241923908, 2.66123350544965e-07, 1.989913159650214]",7.959662381291999,33,35,"{""max_iterations"": 1000, ""rate"": 0.001, ""tolerance"": 1e-06}"
rastrigin,Rastrigin,788,2259,gradient,3,"[-5.12, 5.12]","[-0.5674276992336535, 0.0033738487728021127, -0.19196483493335936]","[-0.994957638729549, 8.756707601172864e-10, -6.45381790439074e-08]",0.9949590572919806,30,32,"{""max_iterations"": 1000, ""rate"": 0.001, ""tolerance"": 1e-06}"
rastrigin,Rastrigin,789,2260,gradient,3,"[-5.12, 5.12]","[-4.989685339139107, -0.07784346882446336, -0.40037971232547154]","[-4.974691404213452, -5.7855519424345223e-08, -1.3468819947486853e-06]",24.873722934902826,28,30,"{""max_iterations"": 1000, ""rate"": 0.001, ""tolerance"": 1e-06}"
rastrigin,Rastrigin,790,2252,gradient,3,"[-5.12, 5.12]","[-2.408657866706993, 2.092044339936556, 2.493707864010098]","[-1.9899123442290034, 1.9899122400131228, 1.9899137229217911]",11.9394935721038,33,35,"{""max_iterations"": 1000, ""rate"": 0.001, ""tolerance"": 1e-06}"
rastrigin,Rastrigin,791,2253,gradient,3,"[-5.12, 5.12]","[-3.9503016920471885, -3.822754887139573, -2.963626812768438]","[-3.9797836754839233, -3.9797825868936587, -2.9848555765970683]",40.79308882673898,24,26,"{""max_iterations"": 1000, ""rate"": 0.001, ""tolerance"": 1e-06}"
rastrigin,Rastrigin,792,2254,gradient,3,"[-5.12, 5.12]","[-0.4469209882405183, 1.915795431402219, -3.5948012152646016]","[-1.264592095400591e-06, 1.989912212419677, -3.9797830161957655]",19.899074983473206,30,32,"{""max_iterations"": 1000, ""rate"": 0.001, ""tolerance"": 1e-06}"
rastrigin,Rastrigin,793,2255,gradient,3,"[-5.12, 5.12]","[4.079314578854624, 0.488427061153061, 1.368484579942975]","[3.9797838643955306, 1.3654882958865384e-06, 0.9949586780322663]",16.914202849925065,34,36,"{""max_iterations"": 1000, ""rate"": 0.001, ""tolerance"": 1e-06}"
rastrigin,Rastrigin,794,2256,gradient,3,"[-5.12, 5.12]","[4.0595403704423285, 0.2867336488697312, -2.650675538640959]","[3.9797839255841017, 3.824557187877912e-07, -2.9848548506101222]",24.873845034121235,28,30,"{""max_iterations"": 1000, ""rate"": 0.001, ""tolerance"": 1e-06}"
rastrigin,Rastrigin,795,2257,gradient,3,"[-5.12, 5.12]","[1.8669571333871682, 0.13433629860849905, 2.7714576390709986]","[1.989911756097436, 4.941284571140977e-07, 2.984854533928983]",12.934432432403726,25,27,"{""max_iterations"": 1000, ""rate"": 0.001, ""tolerance"": 1e-06}"
rastrigin,Rastrigin,796,2258,gradient,3,"[-5.12, 5.12]","[1.855132521801477, 0.445381455771674, 2.486736624338757]","[1.9899122241923908, 2.66123350544965e-07, 1.989913159650214]",7.959662381291999,33,35,"{""max_iterations"": 1000, ""rate"": 0.001, ""tolerance"": 1e-06}"
rastrigin,Rastrigin,797,2259,gradient,3,"[-5.12, 5.12]","[-0.5674276992336535, 0.0033738487728021127, -0.19196483493335936]","[-0.994957638729549, 8.756707601172864e-10, -6.45381790439074e-08]",0.9949590572919806,30,32,"{""max_iterations"": 1000, ""rate"": 0.001, ""tolerance"": 1e-06}"
rastrigin,Rastrigin,798,2260,gradient,3,"[-5.12, 5.12]","[-4.989685339139107, -0.07784346882446336, -0.40037971232547154]","[-4.974691404213452, -5.7855519424345223e-08, -1.3468819947486853e-06]",24.873722934902826,28,30,"{""max_iterations"": 1000, ""rate"": 0.001, ""tolerance"": 1e-06}"
rastrigin,Rastrigin,799,2261,gradient,3,"[-5.12, 5.12]","[1.1534940112415875, 4.797424229606643, -2.3678707679504862]","[0.9949588565916386, 4.974691007006232, -1.9899135800797556]",29.848513182586892,27,29,"{""max_iterations"": 1000, ""rate"": 0.001, ""tolerance"": 1e-06}"
rastrigin,Rastrigin,800,2244,gradient,3,"[-5.12, 5.12]","[0.6064053260386064, 3.3429444389804877, -0.1058371883241831]","[0.9949573291465166, 2.9848563319675234, -8.148433790074996e-08]",9.949560298999756,28,30,"{""max_iterations"": 1000, ""rate"": 0.001, ""tolerance"": 1e-06}"
rastrigin,Rastrigin,801,2245,gradient,3,"[-5.12, 5.12]","[-1.0602182027843101, 3.7036353530941506, -2.221249269243757]","[-0.9949587169254468, 3.979783004003764, -1.9899126156618872]",20.894034040283344,27,29,"{""max_iterations"": 1000, ""rate"": 0.001, ""tolerance"": 1e-06}"
rastrigin,Rastrigin,802,2246,gradient,3,"[-5.12, 5.12]","[-1.0665633752082693, 3.7746393135354124, -3.5691591099006166]","[-0.9949586492398302, 3.979783800735532, -3.9797828933797805]",32.833446642201075,31,33,"{""max_iterations"": 1000, ""rate"": 0.001, ""tolerance"": 1e-06}"
rastrigin,Rastrigin,803,2247,gradient,3,"[-5.12, 5.12]","[4.2386194749916735, -2.7276975516395576, -1.479897226256012]","[3.9797838990898287, -2.9848556499373253, -0.9949599894711862]",25.868804091405007,32,34,"{""max_iterations"": 1000, ""rate"": 0.001, ""tolerance"": 1e-06}"
rastrigin,Rastrigin,804,2248,gradient,3,"[-5.12, 5.12]","[5.044425248259729, -2.7709025699719927, -0.505272950527428]","[4.974691391152389, -2.9848557000071767, -0.9949572852273366]",34.82328323348522,39,41,"{""max_iterations"": 1000, ""rate"": 0.001, ""tolerance"": 1e-06}"
rastrigin,Rastrigin,805,2249,gradient,3,"[-5.12, 5.12]","[1.7624910601957087, 4.51041687832483, 0.253149006809962]","[1.9899122258902282, 3.9797850018693994, 8.398815560527167e-09]",19.89907498327212,35,37,"{""max_iterations"": 1000, ""rate"": 0.001, ""tolerance"": 1e-06}"
rastrigin,Rastrigin,806,2250,gradient,3,"[-5.12, 5.12]","[1.026718325862121, 0.4336589191567386, 0.7362161534237615]","[0.9949586514695261, 1.5062254648737248e-06, 0.9949584434229157]",1.9899181146441993,29,31,"{""max_iterations"": 1000, ""rate"": 0.001, ""tolerance"": 1e-06}"
rastrigin,Rastrigin,807,2251,gradient,3,"[-5.12, 5.12]","[3.9911893627388375, 2.9569471374987844, -0.32074833921441037]","[3.9797838857637977, 2.9848556408253666, -1.4314784560143538e-06]",24.87384503435591,26,28,"{""max_iterations"": 1000, ""rate"": 0.001, ""tolerance"": 1e-06}"
rastrigin,Rastrigin,808,2252,gradient,3,"[-5.12, 5.12]","[-2.408657866706993, 2.092044339936556, 2.493707864010098]","[-1.9899123442290034, 1.9899122400131228, 1.9899137229217911]",11.9394935721038,33,35,"{""max_iterations"": 1000, ""rate"": 0.001, ""tolerance"": 1e-06}"
rastrigin,Rastrigin,809,2253,gradient,3,"[-5.12, 5.12]","[-3.9503016920471885, -3.822754887139573, -2.963626812768438]","[-3.9797836754839233, -3.9797825868936587, -2.9848555765970683]",40.79308882673898,24,26,"{""max_iterations"": 1000, ""rate"": 0.001, ""tolerance"": 1e-06}"
rastrigin,Rastrigin,810,2245,gradient,3,"[-5.12, 5.12]","[-1.0602182027843101, 3.7036353530941506, -2.221249269243757]","[-0.9949587169254468, 3.979783004003764, -1.9899126156618872]",20.894034040283344,27,29,"{""max_iterations"": 1000, ""rate"": 0.001, ""tolerance"": 1e-06}"
rastrigin,Rastrigin,811,2246,gradient,3,"[-5.12, 5.12]","[-1.0665633752082693, 3.7746393135354124, -3.5691591099006166]","[-0.9949586492398302, 3.979783800735532, -3.9797828933797805]",32.833446642201075,31,33,"{""max_iterations"": 1000, ""rate"": 0.001, ""tolerance"": 1e-06}"
rastrigin,Rastrigin,812,2247,gradient,3,"[-5.12, 5.12]","[4.2386194749916735, -2.7276975516395576, -1.479897226256012]","[3.9797838990898287, -2.9848556499373253, -0.9949599894711862]",25.868804091405007,32,34,"{""max_iterations"": 1000, ""rate"": 0.001, ""tolerance"": 1e-06}"
rastrigin,Rastrigin,813,2248,gradient,3,"[-5.12, 5.12]","[5.044425248259729, -2.7709025699719927, -0.505272950527428]","[4.974691391152389, -2.9848557000071767, -0.9949572852273366]",34.82328323348522,39,41,"{""max_iterations"": 1000, ""rate"": 0.001, ""tolerance"": 1e-06}"
rastrigin,Rastrigin,814,2249,gradient,3,"[-5.12, 5.12]","[1.7624910601957087, 4.51041687832483, 0.253149006809962]","[1.9899122258902282, 3.9797850018693994, 8.398815560527167e-09]",19.89907498327212,35,37,"{""max_iterations"": 1000, ""rate"": 0.001, ""tolerance"": 1e-06}"
rastrigin,Rastrigin,815,2250,gradient,3,"[-5.12, 5.12]","[1.026718325862121, 0.4336589191567386, 0.7362161534237615]","[0.9949586514695261, 1.5062254648737248e-06, 0.9949584434229157]",1.9899181146441993,29,31,"{""max_iterations"": 1000, ""rate"": 0.001, ""tolerance"": 1e-06}"
rastrigin,Rastrigin,816,2251,gradient,3,"[-5.12, 5.12]","[3.9911893627388375, 2.9569471374987844, -0.32074833921441037]","[3.9797838857637977, 2.9848556408253666, -1.4314784560143538e-06]",24.87384503435591,26,28,"{""max_iterations"": 1000, ""rate"": 0.001, ""tolerance"": 1e-06}"
rastrigin,Rastrigin,817,2252,gradient,3,"[-5.12, 5.12]","[-2.408657866706993, 2.092044339936556, 2.493707864010098]","[-1.9899123442290034, 1.9899122400131228, 1.9899137229217911]",11.9394935721038,33,35,"{""max_iterations"": 1000, ""rate"": 0.001, ""tolerance"": 1e-06}"
rastrigin,Rastrigin,818,2253,gradient,3,"[-5.12, 5.12]","[-3.9503016920471885, -3.822754887139573, -2.963626812768438]","[-3.9797836754839233, -3.9797825868936587, -2.9848555765970683]",40.79308882673898,24,26,"{""max_iterations"": 1000, ""rate"": 0.001, ""tolerance"": 1e-06}"
rastrigin,Rastrigin,819,2254,gradient,3,"[-5.12, 5.12]","[-0.4469209882405183, 1.915795431402219, -3.5948012152646016]","[-1.264592095400591e-06, 1.989912212419677, -3.9797830161957655]",19.899074983473206,30,32,"{""max_iterations"": 1000, ""rate"": 0.001, ""tolerance"": 1e-06}"
rastrigin,Rastrigin,820,2246,gradient,3,"[-5.12, 5.12]","[-1.0665633752082693, 3.7746393135354124, -3.5691591099006166]","[-0.9949586492398302, 3.979783800735532, -3.9797828933797805]",32.833446642201075,31,33,"{""max_iterations"": 1000, ""rate"": 0.001, ""tolerance"": 1e-06}"
rastrigin,Rastrigin,821,2247,gradient,3,"[-5.12, 5.12]","[4.2386194749916735, -2.7276975516395576, -1.479897226256012]","[3.9797838990898287, -2.9848556499373253, -0.9949599894711862]",25.868804091405007,32,34,"{""max_iterations"": 1000, ""rate"": 0.001, ""tolerance"": 1e-06}"
rastrigin,Rastrigin,822,2248,gradient,3,"[-5.12, 5.12]","[5.044425248259729, -2.7709025699719927, -0.505272950527428]","[4.974691391152389, -2.9848557000071767, -0.9949572852273366]",34.82328323348522,39,41,"{""max_iterations"": 1000, ""rate"": 0.001, ""tolerance"": 1e-06}"
rastrigin,Rastrigin,823,2249,gradient,3,"[-5.12, 5.12]","[1.7624910601957087, 4.51041687832483, 0.253149006809962]","[1.9899122258902282, 3.9797850018693994, 8.398815560527167e-09]",19.89907498327212,35,37,"{""max_iterations"": 1000, ""rate"": 0.001, ""tolerance"": 1e-06}"
rastrigin,Rastrigin,824,2250,gradient,3,"[-5.12, 5.12]","[1.026718325862121, 0.4336589191567386, 0.7362161534237615]","[0.9949586514695261, 1.5062254648737248e-06, 0.9949584434229157]",1.9899181146441993,29,31,"{""max_iterations"": 1000, ""rate"": 0.001, ""tolerance"": 1e-06}"
rastrigin,Rastrigin,825,2251,gradient,3,"[-5.12, 5.12]","[3.9911893627388375, 2.9569471374987844, -0.32074833921441037]","[3.9797838857637977, 2.9848556408253666, -1.4314784560143538e-06]",24.87384503435591,26,28,"{""max_iterations"": 1000, ""rate"": 0.001, ""tolerance"": 1e-06}"
rastrigin,Rastrigin,826,2252,gradient,3,"[-5.12, 5.12]","[-2.408657866706993, 2.092044339936556, 2.493707864010098]","[-1.9899123442290034, 1.9899122400131228, 1.9899137229217911]",11.9394935721038,33,35,"{""max_iterations"": 1000, ""rate"": 0.001, ""tolerance"": 1e-06}"
rastrigin,Rastrigin,827,2253,gradient,3,"[-5.12, 5.12]","[-3.9503016920471885, -3.822754887139573, -2.963626812768438]","[-3.9797836754839233, -3.9797825868936587, -2.9848555765970683]",40.79308882673898,24,26,"{""max_iterations"": 1000, ""rate"": 0.001, ""tolerance"": 1e-06}"
rastrigin,Rastrigin,828,2254,gradient,3,"[-5.12, 5.12]","[-0.4469209882405183, 1.915795431402219, -3.5948012152646016]","[-1.264592095400591e-06, 1.989912212419677, -3.9797830161957655]",19.899074983473206,30,32,"{""max_iterations"": 1000, ""rate"": 0.001, ""tolerance"": 1e-06}"
rastrigin,Rastrigin,829,2255,gradient,3,"[-5.12, 5.12]","[4.079314578854624, 0.488427061153061, 1.368484579942975]","[3.9797838643955306, 1.3654882958865384e-06, 0.9949586780322663]",16.914202849925065,34,36,"{""max_iterations"": 1000, ""rate"": 0.001, ""tolerance"": 1e-06}"
rastrigin,Rastrigin,830,2247,gradient,3,"[-5.12, 5.12]","[4.2386194749916735, -2.7276975516395576, -1.479897226256012]","[3.9797838990898287, -2.9848556499373253, -0.9949599894711862]",25.868804091405007,32,34,"{""max_iterations"": 1000, ""rate"": 0.001, ""tolerance"": 1e-06}"
rastrigin,Rastrigin,831,2248,gradient,3,"[-5.12, 5.12]","[5.044425248259729, -2.7709025699719927, -0.505272950527428]","[4.974691391152389, -2.9848557000071767, -0.9949572852273366]",34.82328323348522,39,41,"{""max_iterations"": 1000, ""rate"": 0.001, ""tolerance"": 1e-06}"
rastrigin,Rastrigin,832,2249,gradient,3,"[-5.12, 5.12]","[1.7624910601957087, 4.51041687832483, 0.253149006809962]","[1.9899122258902282, 3.9797850018693994, 8.398815560527167e-09]",19.89907498327212,35,37,"{""max_iterations"": 1000, ""rate"": 0.001, ""tolerance"": 1e-06}"
rastrigin,Rastrigin,833,2250,gradient,3,"[-5.12, 5.12]","[1.026718325862121, 0.4336589191567386, 0.7362161534237615]","[0.9949586514695261, 1.5062254648737248e-06, 0.9949584434229157]",1.9899181146441993,29,31,"{""max_iterations"": 1000, ""rate"": 0.001, ""tolerance"": 1e-06}"
rastrigin,Rastrigin,834,2251,gradient,3,"[-5.12, 5.12]","[3.9911893627388375, 2.9569471374987844, -0.32074833921441037]","[3.9797838857637977, 2.9848556408253666, -1.4314784560143538e-06]",24.87384503435591,26,28,"{""max_iterations"": 1000, ""rate"": 0.001, ""tolerance"": 1e-06}"
rastrigin,Rastrigin,835,2252,gradient,3,"[-5.12, 5.12]","[-2.408657866706993, 2.092044339936556, 2.493707864010098]","[-1.9899123442290034, 1.9899122400131228, 1.9899137229217911]",11.9394935721038,33,35,"{""max_iterations"": 1000, ""rate"": 0.001, ""tolerance"": 1e-06}"
rastrigin,Rastrigin,836,2253,gradient,3,"[-5.12, 5.12]","[-3.9503016920471885, -3.822754887139573, -2.963626812768438]","[-3.9797836754839233, -3.9797825868936587, -2.9848555765970683]",40.79308882673898,24,26,"{""max_iterations"": 1000, ""rate"": 0.001, ""tolerance"": 1e-06}"
rastrigin,Rastrigin,837,2254,gradient,3,"[-5.12, 5.12]","[-0.4469209882405183, 1.915795431402219, -3.5948012152646016]","[-1.264592095400591e-06, 1.989912212419677, -3.9797830161957655]",19.899074983473206,30,32,"{""max_iterations"": 1000, ""rate"": 0.001, ""tolerance"": 1e-06}"
rastrigin,Rastrigin,838,2255,gradient,3,"[-5.12, 5.12]","[4.079314578854624, 0.488427061153061, 1.368484579942975]","[3.9797838643955306, 1.3654882958865384e-06, 0.9949586780322663]",16.914202849925065,34,36,"{""max_iterations"": 1000, ""rate"": 0.001, ""tolerance"": 1e-06}"
rastrigin,Rastrigin,839,2256,gradient,3,"[-5.12, 5.12]","[4.0595403704423285, 0.2867336488697312, -2.650675538640959]","[3.9797839255841017, 3.824557187877912e-07, -2.9848548506101222]",24.873845034121235,28,30,"{""max_iterations"": 1000, ""rate"": 0.001, ""tolerance"": 1e-06}"
rastrigin,Rastrigin,840,2248,gradient,3,"[-5.12, 5.12]","[5.044425248259729, -2.7709025699719927, -0.505272950527428]","[4.974691391152389, -2.9848557000071767, -0.9949572852273366]",34.82328323348522,39,41,"{""max_iterations"": 1000, ""rate"": 0.001, ""tolerance"": 1e-06}"
rastrigin,Rastrigin,841,2249,gradient,3,"[-5.12, 5.12]","[1.7624910601957087, 4.51041687832483, 0.253149006809962]","[1.9899122258902282, 3.9797850018693994, 8.398815560527167e-09]",19.89907498327212,35,37,"{""max_iterations"": 1000, ""rate"": 0.001, ""tolerance"": 1e-06}"
rastrigin,Rastrigin,842,2250,gradient,3,"[-5.12, 5.12]","[1.026718325862121, 0.4336589191567386, 0.7362161534237615]","[0.9949586514695261, 1.5062254648737248e-06, 0.9949584434229157]",1.9899181146441993,29,31,"{""max_iterations"": 1000, ""rate"": 0.001, ""tolerance"": 1e-06}"
rastrigin,Rastrigin,843,2251,gradient,3,"[-5.12, 5.12]","[3.9911893627388375, 2.9569471374987844, -0.32074833921441037]","[3.9797838857637977, 2.9848556408253666, -1.4314784560143538e-06]",24.87384503435591,26,28,"{""max_iterations"": 1000, ""rate"": 0.001, ""tolerance"": 1e-06}"
rastrigin,Rastrigin,844,2252,gradient,3,"[-5.12, 5.12]","[-2.408657866706993, 2.092044339936556, 2.493707864010098]","[-1.9899123442290034, 1.9899122400131228, 1.9899137229217911]",11.9394935721038,33,35,"{""max_iterations"": 1000, ""rate"": 0.001, ""tolerance"": 1e-06}"
rastrigin,Rastrigin,845,2253,gradient,3,"[-5.12, 5.12]","[-3.9503016920471885, -3.822754887139573, -2.963626812768438]","[-3.9797836754839233, -3.9797825868936587, -2.9848555765970683]",40.79308882673898,24,26,"{""max_iterations"": 1000, ""rate"": 0.001, ""tolerance"": 1e-06}"
rastrigin,Rastrigin,846,2254,gradient,3,"[-5.12, 5.12]","[-0.4469209882405183, 1.915795431402219, -3.5948012152646016]","[-1.264592095400591e-06, 1.989912212419677, -3.9797830161957655]",19.899074983473206,30,32,"{""max_iterations"": 1000, ""rate"": 0.001, ""tolerance"": 1e-06}"
rastrigin,Rastrigin,847,2255,gradient,3,"[-5.12, 5.12]","[4.079314578854624, 0.488427061153061, 1.368484579942975]","[3.9797838643955306, 1.3654882958865384e-06, 0.9949586780322663]",16.914202849925065,34,36,"{""max_iterations"": 1000, ""rate"": 0.001, ""tolerance"": 1e-06}"
rastrigin,Rastrigin,848,2256,gradient,3,"[-5.12, 5.12]","[4.0595403704423285, 0.2867336488697312, -2.650675538640959]","[3.9797839255841017, 3.824557187877912e-07, -2.9848548506101222]",24.873845034121235,28,30,"{""max_iterations"": 1000, ""rate"": 0.001, ""tolerance"": 1e-06}"
rastrigin,Rastrigin,849,2257,gradient,3,"[-5.12, 5.12]","[1.8669571333871682, 0.13433629860849905, 2.7714576390709986]","[1.989911756097436, 4.941284571140977e-07, 2.984854533928983]",12.934432432403726,25,27,"{""max_iterations"": 1000, ""rate"": 0.001, ""tolerance"": 1e-06}"
rastrigin,Rastrigin,850,2249,gradient,3,"[-5.12, 5.12]","[1.7624910601957087, 4.51041687832483, 0.253149006809962]","[1.9899122258902282, 3.9797850018693994, 8.398815560527167e-09]",19.89907498327212,35,37,"{""max_iterations"": 1000, ""rate"": 0.001, ""tolerance"": 1e-06}"
rastrigin,Rastrigin,851,2250,gradient,3,"[-5.12, 5.12]","[1.026718325862121, 0.4336589191567386, 0.7362161534237615]","[0.9949586514695261, 1.5062254648737248e-06, 0.9949584434229157]",1.9899181146441993,29,31,"{""max_iterations"": 1000, ""rate"": 0.001, ""tolerance"": 1e-06}"
rastrigin,Rastrigin,852,2251,gradient,3,"[-5.12, 5.12]","[3.9911893627388375, 2.9569471374987844, -0.32074833921441037]","[3.9797838857637977, 2.9848556408253666, -1.4314784560143538e-06]",24.87384503435591,26,28,"{""max_iterations"": 1000, ""rate"": 0.001, ""tolerance"": 1e-06}"
rastrigin,Rastrigin,853,2252,gradient,3,"[-5.12, 5.12]","[-2.408657866706993, 2.092044339936556, 2.493707864010098]","[-1.9899123442290034, 1.9899122400131228, 1.9899137229217911]",11.9394935721038,33,35,"{""max_iterations"": 1000, ""rate"": 0.001, ""tolerance"": 1e-06}"
rastrigin,Rastrigin,854,2253,gradient,3,"[-5.12, 5.12]","[-3.9503016920471885, -3.822754887139573, -2.963626812768438]","[-3.9797836754839233, -3.9797825868936587, -2.9848555765970683]",40.79308882673898,24,26,"{""max_iterations"": 1000, ""rate"": 0.001, ""tolerance"": 1e-06}"
rastrigin,Rastrigin,855,2254,gradient,3,"[-5.12, 5.12]","[-0.4469209882405183, 1.915795431402219, -3.5948012152646016]","[-1.264592095400591e-06, 1.989912212419677, -3.9797830161957655]",19.899074983473206,30,32,"{""max_iterations"": 1000, ""rate"": 0.001, ""tolerance"": 1e-06}"
rastrigin,Rastrigin,856,2255,gradient,3,"[-5.12, 5.12]","[4.079314578854624, 0.488427061153061, 1.368484579942975]","[3.9797838643955306, 1.3654882958865384e-06, 0.9949586780322663]",16.914202849925065,34,36,"{""max_iterations"": 1000, ""rate"": 0.001, ""tolerance"": 1e-06}"
rastrigin,Rastrigin,857,2256,gradient,3,"[-5.12, 5.12]","[4.0595403704423285, 0.2867336488697312, -2.650675538640959]","[3.9797839255841017, 3.824557187877912e-07, -2.9848548506101222]",24.873845034121235,28,30,"{""max_iterations"": 1000, ""rate"": 0.001, ""tolerance"": 1e-06}"
rastrigin,Rastrigin,858,2257,gradient,3,"[-5.12, 5.12]","[1.8669571333871682, 0.13433629860849905, 2.7714576390709986]","[1.989911756097436, 4.941284571140977e-07, 2.984854533928983]",12.934432432403726,25,27,"{""max_iterations"": 1000, ""rate"": 0.001, ""tolerance"": 1e-06}"
rastrigin,Rastrigin,859,2258,gradient,3,"[-5.12, 5.12]","[1.855132521801477, 0.445381455771674, 2.486736624338757]","[1.9899122241923908, 2.66123350544965e-07, 1.989913159650214]",7.959662381291999,33,35,"{""max_iterations"": 1000, ""rate"": 0.001, ""tolerance"": 1e-06}"
rastrigin,Rastrigin,860,2250,gradient,3,"[-5.12, 5.12]","[1.026718325862121, 0.4336589191567386, 0.7362161534237615]","[0.9949586514695261, 1.5062254648737248e-06, 0.9949584434229157]",1.9899181146441993,29,31,"{""max_iterations"": 1000, ""rate"": 0.001, ""tolerance"": 1e-06}"
rastrigin,Rastrigin,861,2251,gradient,3,"[-5.12, 5.12]","[3.9911893627388375, 2.9569471374987844, -0.32074833921441037]","[3.9797838857637977, 2.9848556408253666, -1.4314784560143538e-06]",24.87384503435591,26,28,"{""max_iterations"": 1000, ""rate"": 0.001, ""tolerance"": 1e-06}"
rastrigin,Rastrigin,862,2252,gradient,3,"[-5.12, 5.12]","[-2.408657866706993, 2.092044339936556, 2.493707864010098]","[-1.9899123442290034, 1.9899122400131228, 1.9899137229217911]",11.9394935721038,33,35,"{""max_iterations"": 1000, ""rate"": 0.001, ""tolerance"": 1e-06}"
rastrigin,Rastrigin,863,2253,gradient,3,"[-5.12, 5.12]","[-3.9503016920471885, -3.822754887139573, -2.963626812768438]","[-3.9797836754839233, -3.9797825868936587, -2.9848555765970683]",40.79308882673898,24,26,"{""max_iterations"": 1000, ""rate"": 0.001, ""tolerance"": 1e-06}"
rastrigin,Rastrigin,864,2254,gradient,3,"[-5.12, 5.12]","[-0.4469209882405183, 1.915795431402219, -3.5948012152646016]","[-1.264592095400591e-06, 1.989912212419677, -3.9797830161957655]",19.899074983473206,30,32,"{""max_iterations"": 1000, ""rate"": 0.001, ""tolerance"": 1e-06}"
rastrigin,Rastrigin,865,2255,gradient,3,"[-5.12, 5.12]","[4.079314578854624, 0.488427061153061, 1.368484579942975]","[3.9797838643955306, 1.3654882958865384e-06, 0.9949586780322663]",16.914202849925065,34,36,"{""max_iterations"": 1000, ""rate"": 0.001, ""tolerance"": 1e-06}"
rastrigin,Rastrigin,866,2256,gradient,3,"[-5.12, 5.12]","[4.0595403704423285, 0.2867336488697312, -2.650675538640959]","[3.9797839255841017, 3.824557187877912e-07, -2.9848548506101222]",24.873845034121235,28,30,"{""max_iterations"": 1000, ""rate"": 0.001, ""tolerance"": 1e-06}"
rastrigin,Rastrigin,867,2257,gradient,3,"[-5.12, 5.12]","[1.8669571333871682, 0.13433629860849905, 2.7714576390709986]","[1.989911756097436, 4.941284571140977e-07, 2.984854533928983]",12.934432432403726,25,27,"{""max_iterations"": 1000, ""rate"": 0.001, ""tolerance"": 1e-06}"
rastrigin,Rastrigin,868,2258,gradient,3,"[-5.12, 5.12]","[1.855132521801477, 0.445381455771674, 2.486736624338757]","[1.9899122241923908, 2.66123350544965e-07, 1.989913159650214]",7.959662381291999,33,35,"{""max_iterations"": 1000, ""rate"": 0.001, ""tolerance"": 1e-06}"
rastrigin,Rastrigin,869,2259,gradient,3,"[-5.12, 5.12]","[-0.5674276992336535, 0.0033738487728021127, -0.19196483493335936]","[-0.994957638729549, 8.756707601172864e-10, -6.45381790439074e-08]",0.9949590572919806,30,32,"{""max_iterations"": 1000, ""rate"": 0.001, ""tolerance"": 1e-06}"
rastrigin,Rastrigin,870,2251,gradient,3,"[-5.12, 5.12]","[3.9911893627388375, 2.9569471374987844, -0.32074833921441037]","[3.9797838857637977, 2.9848556408253666, -1.4314784560143538e-06]",24.87384503435591,26,28,"{""max_iterations"": 1000, ""rate"": 0.001, ""tolerance"": 1e-06}"
rastrigin,Rastrigin,871,2252,gradient,3,"[-5.12, 5.12]","[-2.408657866706993, 2.092044339936556, 2.493707864010098]","[-1.9899123442290034, 1.9899122400131228, 1.9899137229217911]",11.9394935721038,33,35,"{""max_iterations"": 1000, ""rate"": 0.001, ""tolerance"": 1e-06}"
rastrigin,Rastrigin,872,2253,gradient,3,"[-5.12, 5.12]","[-3.9503016920471885, -3.822754887139573, -2.963626812768438]","[-3.9797836754839233, -3.9797825868936587, -2.9848555765970683]",40.79308882673898,24,26,"{""max_iterations"": 1000, ""rate"": 0.001, ""tolerance"": 1e-06}"
rastrigin,Rastrigin,873,2254,gradient,3,"[-5.12, 5.12]","[-0.4469209882405183, 1.915795431402219, -3.5948012152646016]","[-1.264592095400591e-06, 1.989912212419677, -3.9797830161957655]",19.899074983473206,30,32,"{""max_iterations"": 1000, ""rate"": 0.001, ""tolerance"": 1e-06}"
rastrigin,Rastrigin,874,2255,gradient,3,"[-5.12, 5.12]","[4.079314578854624, 0.488427061153061, 1.368484579942975]","[3.9797838643955306, 1.3654882958865384e-06, 0.9949586780322663]",16.914202849925065,34,36,"{""max_iterations"": 1000, ""rate"": 0.001, ""tolerance"": 1e-06}"
rastrigin,Rastrigin,875,2256,gradient,3,"[-5.12, 5.12]","[4.0595403704423285, 0.2867336488697312, -2.650675538640959]","[3.9797839255841017, 3.824557187877912e-07, -2.9848548506101222]",24.873845034121235,28,30,"{""max_iterations"": 1000, ""rate"": 0.001, ""tolerance"": 1e-06}"
rastrigin,Rastrigin,876,2257,gradient,3,"[-5.12, 5.12]","[1.8669571333871682, 0.13433629860849905, 2.7714576390709986]","[1.989911756097436, 4.941284571140977e-07, 2.984854533928983]",12.934432432403726,25,27,"{""max_iterations"": 1000, ""rate"": 0.001, ""tolerance"": 1e-06}"
rastrigin,Rastrigin,877,2258,gradient,3,"[-5.12, 5.12]","[1.855132521801477, 0.445381455771674, 2.486736624338757]","[1.9899122241923908, 2.66123350544965e-07, 1.989913159650214]",7.959662381291999,33,35,"{""max_iterations"": 1000, ""rate"": 0.001, ""tolerance"": 1e-06}"
rastrigin,Rastrigin,878,2259,gradient,3,"[-5.12, 5.12]","[-0.5674276992336535, 0.0033738487728021127, -0.19196483493335936]","[-0.994957638729549, 8.756707601172864e-10, -6.45381790439074e-08]",0.9949590572919806,30,32,"{""max_iterations"": 1000, ""rate"": 0.001, ""tolerance"": 1e-06}"
rastrigin,Rastrigin,879,2260,gradient,3,"[-5.12, 5.12]","[-4.989685339139107, -0.07784346882446336, -0.40037971232547154]","[-4.974691404213452, -5.7855519424345223e-08, -1.3468819947486853e-06]",24.873722934902826,28,30,"{""max_iterations"": 1000, ""rate"": 0.001, ""tolerance"": 1e-06}"
rastrigin,Rastrigin,880,2252,gradient,3,"[-5.12, 5.12]","[-2.408657866706993, 2.092044339936556, 2.493707864010098]","[-1.9899123442290034, 1.9899122400131228, 1.9899137229217911]",11.9394935721038,33,35,"{""max_iterations"": 1000, ""rate"": 0.001, ""tolerance"": 1e-06}"
rastrigin,Rastrigin,881,2253,gradient,3,"[-5.12, 5.12]","[-3.9503016920471885, -3.822754887139573, -2.963626812768438]","[-3.9797836754839233, -3.9797825868936587, -2.9848555765970683]",40.79308882673898,24,26,"{""max_iterations"": 1000, ""rate"": 0.001, ""tolerance"": 1e-06}"
rastrigin,Rastrigin,882,2254,gradient,3,"[-5.12, 5.12]","[-0.4469209882405183, 1.915795431402219, -3.5948012152646016]","[-1.264592095400591e-06, 1.989912212419677, -3.9797830161957655]",19.899074983473206,30,32,"{""max_iterations"": 1000, ""rate"": 0.001, ""tolerance"": 1e-06}"
rastrigin,Rastrigin,883,2255,gradient,3,"[-5.12, 5.12]","[4.079314578854624, 0.488427061153061, 1.368484579942975]","[3.9797838643955306, 1.3654882958865384e-06, 0.9949586780322663]",16.914202849925065,34,36,"{""max_iterations"": 1000, ""rate"": 0.001, ""tolerance"": 1e-06}"
rastrigin,Rastrigin,884,2256,gradient,3,"[-5.12, 5.12]","[4.0595403704423285, 0.2867336488697312, -2.650675538640959]","[3.9797839255841017, 3.824557187877912e-07, -2.9848548506101222]",24.873845034121235,28,30,"{""max_iterations"": 1000, ""rate"": 0.001, ""tolerance"": 1e-06}"
rastrigin,Rastrigin,885,2257,gradient,3,"[-5.12, 5.12]","[1.8669571333871682, 0.13433629860849905, 2.7714576390709986]","[1.989911756097436, 4.941284571140977e-07, 2.984854533928983]",12.934432432403726,25,27,"{""max_iterations"": 1000, ""rate"": 0.001, ""tolerance"": 1e-06}"
rastrigin,Rastrigin,886,2258,gradient,3,"[-5.12, 5.12]","[1.855132521801477, 0.445381455771674, 2.486736624338757]","[1.9899122241923908, 2.66123350544965e-07, 1.989913159650214]",7.959662381291999,33,35,"{""max_iterations"": 1000, ""rate"": 0.001, ""tolerance"": 1e-06}"
rastrigin,Rastrigin,887,2259,gradient,3,"[-5.12, 5.12]","[-0.5674276992336535, 0.0033738487728021127, -0.19196483493335936]","[-0.994957638729549, 8.756707601172864e-10, -6.45381790439074e-08]",0.9949590572919806,30,32,"{""max_iterations"": 1000, ""rate"": 0.001, ""tolerance"": 1e-06}"
rastrigin,Rastrigin,888,2260,gradient,3,"[-5.12, 5.12]","[-4.989685339139107, -0.07784346882446336, -0.40037971232547154]","[-4.974691404213452, -5.7855519424345223e-08, -1.3468819947486853e-06]",24.873722934902826,28,30,"{""max_iterations"": 1000, ""rate"": 0.001, ""tolerance"": 1e-06}"
rastrigin,Rastrigin,889,2261,gradient,3,"[-5.12, 5.12]","[1.1534940112415875, 4.797424229606643, -2.3678707679504862]","[0.9949588565916386, 4.974691007006232, -1.9899135800797556]",29.848513182586892,27,29,"{""max_iterations"": 1000, ""rate"": 0.001, ""tolerance"": 1e-06}"
rastrigin,Rastrigin,890,2253,gradient,3,"[-5.12, 5.12]","[-3.9503016920471885, -3.822754887139573, -2.963626812768438]","[-3.9797836754839233, -3.9797825868936587, -2.9848555765970683]",40.79308882673898,24,26,"{""max_iterations"": 1000, ""rate"": 0.001, ""tolerance"": 1e-06}"
rastrigin,Rastrigin,891,2254,gradient,3,"[-5.12, 5.12]","[-0.4469209882405183, 1.915795431402219, -3.5948012152646016]","[-1.264592095400591e-06, 1.989912212419677, -3.9797830161957655]",19.899074983473206,30,32,"{""max_iterations"": 1000, ""rate"": 0.001, ""tolerance"": 1e-06}"
rastrigin,Rastrigin,892,2255,gradient,3,"[-5.12, 5.12]","[4.079314578854624, 0.488427061153061, 1.368484579942975]","[3.9797838643955306, 1.3654882958865384e-06, 0.9949586780322663]",16.914202849925065,34,36,"{""max_iterations"": 1000, ""rate"": 0.001, ""tolerance"": 1e-06}"
rastrigin,Rastrigin,893,2256,gradient,3,"[-5.12, 5.12]","[4.0595403704423285, 0.2867336488697312, -2.650675538640959]","[3.9797839255841017, 3.824557187877912e-07, -2.9848548506101222]",24.873845034121235,28,30,"{""max_iterations"": 1000, ""rate"": 0.001, ""tolerance"": 1e-06}"
rastrigin,Rastrigin,894,2257,gradient,3,"[-5.12, 5.12]","[1.8669571333871682, 0.13433629860849905, 2.7714576390709986]","[1.989911756097436, 4.941284571140977e-07, 2.984854533928983]",12.934432432403726,25,27,"{""max_iterations"": 1000, ""rate"": 0.001, ""tolerance"": 1e-06}"
rastrigin,Rastrigin,895,2258,gradient,3,"[-5.12, 5.12]","[1.855132521801477, 0.445381455771674, 2.486736624338757]","[1.9899122241923908, 2.66123350544965e-07, 1.989913159650214]",7.959662381291999,33,35,"{""max_iterations"": 1000, ""rate"": 0.001, ""tolerance"": 1e-06}"
rastrigin,Rastrigin,896,2259,gradient,3,"[-5.12, 5.12]","[-0.5674276992336535, 0.0033738487728021127, -0.19196483493335936]","[-0.994957638729549, 8.756707601172864e-10, -6.45381790439074e-08]",0.9949590572919806,30,32,"{""max_iterations"": 1000, ""rate"": 0.001, ""tolerance"": 1e-06}"
rastrigin,Rastrigin,897,2260,gradient,3,"[-5.12, 5.12]","[-4.989685339139107, -0.07784346882446336, -0.40037971232547154]","[-4.974691404213452, -5.7855519424345223e-08, -1.3468819947486853e-06]",24.873722934902826,28,30,"{""max_iterations"": 1000, ""rate"": 0.001, ""tolerance"": 1e-06}"
rastrigin,Rastrigin,898,2261,gradient,3,"[-5.12, 5.12]","[1.1534940112415875, 4.797424229606643, -2.3678707679504862]","[0.9949588565916386, 4.974691007006232, -1.9899135800797556]",29.848513182586892,27,29,"{""max_iterations"": 1000, ""rate"": 0.001, ""tolerance"": 1e-06}"
rastrigin,Rastrigin,899,2262,gradient,3,"[-5.12, 5.12]","[2.720779345595701, 3.590569031472234, -3.419257811832324]","[2.9848555521973403, 3.9797829370517888, -2.984856274722096]",33.82844627567269,30,32,"{""max_iterations"": 1000, ""rate"": 0.001, ""tolerance"": 1e-06}"
rastrigin,Rastrigin,900,2245,gradient,3,"[-5.12, 5.12]","[-1.0602182027843101, 3.7036353530941506, -2.221249269243757]","[-0.9949587169254468, 3.979783004003764, -1.9899126156618872]",20.894034040283344,27,29,"{""max_iterations"": 1000, ""rate"": 0.001, ""tolerance"": 1e-06}"
rastrigin,Rastrigin,901,2246,gradient,3,"[-5.12, 5.12]","[-1.0665633752082693, 3.7746393135354124, -3.5691591099006166]","[-0.9949586492398302, 3.979783800735532, -3.9797828933797805]",32.833446642201075,31,33,"{""max_iterations"": 1000, ""rate"": 0.001, ""tolerance"": 1e-06}"
rastrigin,Rastrigin,902,2247,gradient,3,"[-5.12, 5.12]","[4.2386194749916735, -2.7276975516395576, -1.479897226256012]","[3.9797838990898287, -2.9848556499373253, -0.9949599894711862]",25.868804091405007,32,34,"{""max_iterations"": 1000, ""rate"": 0.001, ""tolerance"": 1e-06}"
rastrigin,Rastrigin,903,2248,gradient,3,"[-5.12, 5.12]","[5.044425248259729, -2.7709025699719927, -0.505272950527428]","[4.974691391152389, -2.9848557000071767, -0.9949572852273366]",34.82328323348522,39,41,"{""max_iterations"": 1000, ""rate"": 0.001, ""tolerance"": 1e-06}"
rastrigin,Rastrigin,904,2249,gradient,3,"[-5.12, 5.12]","[1.7624910601957087, 4.51041687832483, 0.253149006809962]","[1.9899122258902282, 3.9797850018693994, 8.398815560527167e-09]",19.89907498327212,35,37,"{""max_iterations"": 1000, ""rate"": 0.001, ""tolerance"": 1e-06}"
rastrigin,Rastrigin,905,2250,gradient,3,"[-5.12, 5.12]","[1.026718325862121, 0.4336589191567386, 0.7362161534237615]","[0.9949586514695261, 1.5062254648737248e-06, 0.9949584434229157]",1.9899181146441993,29,31,"{""max_iterations"": 1000, ""rate"": 0.001, ""tolerance"": 1e-06}"
rastrigin,Rastrigin,906,2251,gradient,3,"[-5.12, 5.12]","[3.9911893627388375, 2.9569471374987844, -0.32074833921441037]","[3.9797838857637977, 2.9848556408253666, -1.4314784560143538e-06]",24.87384503435591,26,28,"{""max_iterations"": 1000, ""rate"": 0.001, ""tolerance"": 1e-06}"
rastrigin,Rastrigin,907,2252,gradient,3,"[-5.12, 5.12]","[-2.408657866706993, 2.092044339936556, 2.493707864010098]","[-1.9899123442290034, 1.9899122400131228, 1.9899137229217911]",11.9394935721038,33,35,"{""max_iterations"": 1000, ""rate"": 0.001, ""tolerance"": 1e-06}"
rastrigin,Rastrigin,908,2253,gradient,3,"[-5.12, 5.12]","[-3.9503016920471885, -3.822754887139573, -2.963626812768438]","[-3.9797836754839233, -3.9797825868936587, -2.9848555765970683]",40.79308882673898,24,26,"{""max_iterations"": 1000, ""rate"": 0.001, ""tolerance"": 1e-06}"
rastrigin,Rastrigin,909,2254,gradient,3,"[-5.12, 5.12]","[-0.4469209882405183, 1.915795431402219, -3.5948012152646016]","[-1.264592095400591e-06, 1.989912212419677, -3.9797830161957655]",19.899074983473206,30,32,"{""max_iterations"": 1000, ""rate"": 0.001, ""tolerance"": 1e-06}"
rastrigin,Rastrigin,910,2246,gradient,3,"[-5.12, 5.12]","[-1.0665633752082693, 3.7746393135354124, -3.5691591099006166]","[-0.9949586492398302, 3.979783800735532, -3.9797828933797805]",32.833446642201075,31,33,"{""max_iterations"": 1000, ""rate"": 0.001, ""tolerance"": 1e-06}"
rastrigin,Rastrigin,911,2247,gradient,3,"[-5.12, 5.12]","[4.2386194749916735, -2.7276975516395576, -1.479897226256012]","[3.9797838990898287, -2.9848556499373253, -0.9949599894711862]",25.868804091405007,32,34,"{""max_iterations"": 1000, ""rate"": 0.001, ""tolerance"": 1e-06}"
rastrigin,Rastrigin,912,2248,gradient,3,"[-5.12, 5.12]","[5.044425248259729, -2.7709025699719927, -0.505272950527428]","[4.974691391152389, -2.9848557000071767, -0.9949572852273366]",34.82328323348522,39,41,"{""max_iterations"": 1000, ""rate"": 0.001, ""tolerance"": 1e-06}"
rastrigin,Rastrigin,913,2249,gradient,3,"[-5.12, 5.12]","[1.7624910601957087, 4.51041687832483, 0.253149006809962]","[1.9899122258902282, 3.9797850018693994, 8.398815560527167e-09]",19.89907498327212,35,37,"{""max_iterations"": 1000, ""rate"": 0.001, ""tolerance"": 1e-06}"
rastrigin,Rastrigin,914,2250,gradient,3,"[-5.12, 5.12]","[1.026718325862121, 0.4336589191567386, 0.7362161534237615]","[0.9949586514695261, 1.5062254648737248e-06, 0.9949584434229157]",1.9899181146441993,29,31,"{""max_iterations"": 1000, ""rate"": 0.001, ""tolerance"": 1e-06}"
rastrigin,Rastrigin,915,2251,gradient,3,"[-5.12, 5.12]","[3.9911893627388375, 2.9569471374987844, -0.32074833921441037]","[3.9797838857637977, 2.9848556408253666, -1.4314784560143538e-06]",24.87384503435591,26,28,"{""max_iterations"": 1000, ""rate"": 0.001, ""tolerance"": 1e-06}"
rastrigin,Rastrigin,916,2252,gradient,3,"[-5.12, 5.12]","[-2.408657866706993, 2.092044339936556, 2.493707864010098]","[-1.9899123442290034, 1.9899122400131228, 1.9899137229217911]",11.9394935721038,33,35,"{""max_iterations"": 1000, ""rate"": 0.001, ""tolerance"": 1e-06}"
rastrigin,Rastrigin,917,2253,gradient,3,"[-5.12, 5.12]","[-3.9503016920471885, -3.822754887139573, -2.963626812768438]","[-3.9797836754839233, -3.9797825868936587, -2.9848555765970683]",40.79308882673898,24,26,"{""max_iterations"": 1000, ""rate"": 0.001, ""tolerance"": 1e-06}"
rastrigin,Rastrigin,918,2254,gradient,3,"[-5.12, 5.12]","[-0.4469209882405183, 1.915795431402219, -3.5948012152646016]","[-1.264592095400591e-06, 1.989912212419677, -3.9797830161957655]",19.899074983473206,30,32,"{""max_iterations"": 1000, ""rate"": 0.001, ""tolerance"": 1e-06}"
rastrigin,Rastrigin,919,2255,gradient,3,"[-5.12, 5.12]","[4.079314578854624, 0.488427061153061, 1.368484579942975]","[3.9797838643955306, 1.3654882958865384e-06, 0.9949586780322663]",16.914202849925065,34,36,"{""max_iterations"": 1000, ""rate"": 0.001, ""tolerance"": 1e-06}"
rastrigin,Rastrigin,920,2247,gradient,3,"[-5.12, 5.12]","[4.2386194749916735, -2.7276975516395576, -1.479897226256012]","[3.9797838990898287, -2.9848556499373253, -0.9949599894711862]",25.868804091405007,32,34,"{""max_iterations"": 1000, ""rate"": 0.001, ""tolerance"": 1e-06}"
rastrigin,Rastrigin,921,2248,gradient,3,"[-5.12, 5.12]","[5.044425248259729, -2.7709025699719927, -0.505272950527428]","[4.974691391152389, -2.9848557000071767, -0.9949572852273366]",34.82328323348522,39,41,"{""max_iterations"": 1000, ""rate"": 0.001, ""tolerance"": 1e-06}"
rastrigin,Rastrigin,922,2249,gradient,3,"[-5.12, 5.12]","[1.7624910601957087, 4.51041687832483, 0.253149006809962]","[1.9899122258902282, 3.9797850018693994, 8.398815560527167e-09]",19.89907498327212,35,37,"{""max_iterations"": 1000, ""rate"": 0.001, ""tolerance"": 1e-06}"
rastrigin,Rastrigin,923,2250,gradient,3,"[-5.12, 5.12]","[1.026718325862121, 0.4336589191567386, 0.7362161534237615]","[0.9949586514695261, 1.5062254648737248e-06, 0.9949584434229157]",1.9899181146441993,29,31,"{""max_iterations"": 1000, ""rate"": 0.001, ""tolerance"": 1e-06}"
rastrigin,Rastrigin,924,2251,gradient,3,"[-5.12, 5.12]","[3.9911893627388375, 2.9569471374987844, -0.32074833921441037]","[3.9797838857637977, 2.9848556408253666, -1.4314784560143538e-06]",24.87384503435591,26,28,"{""max_iterations"": 1000, ""rate"": 0.001, ""tolerance"": 1e-06}"
rastrigin,Rastrigin,925,2252,gradient,3,"[-5.12, 5.12]","[-2.408657866706993, 2.092044339936556, 2.493707864010098]","[-1.9899123442290034, 1.9899122400131228, 1.9899137229217911]",11.9394935721038,33,35,"{""max_iterations"": 1000, ""rate"": 0.001, ""tolerance"": 1e-06}"
rastrigin,Rastrigin,926,2253,gradient,3,"[-5.12, 5.12]","[-3.9503016920471885, -3.822754887139573, -2.963626812768438]","[-3.9797836754839233, -3.9797825868936587, -2.9848555765970683]",40.79308882673898,24,26,"{""max_iterations"": 1000, ""rate"": 0.001, ""tolerance"": 1e-06}"
rastrigin,Rastrigin,927,2254,gradient,3,"[-5.12, 5.12]","[-0.4469209882405183, 1.915795431402219, -3.5948012152646016]","[-1.264592095400591e-06, 1.989912212419677, -3.9797830161957655]",19.899074983473206,30,32,"{""max_iterations"": 1000, ""rate"": 0.001, ""tolerance"": 1e-06}"
rastrigin,Rastrigin,928,2255,gradient,3,"[-5.12, 5.12]","[4.079314578854624, 0.488427061153061, 1.368484579942975]","[3.9797838643955306, 1.3654882958865384e-06, 0.9949586780322663]",16.914202849925065,34,36,"{""max_iterations"": 1000, ""rate"": 0.001, ""tolerance"": 1e-06}"
rastrigin,Rastrigin,929,2256,gradient,3,"[-5.12, 5.12]","[4.0595403704423285, 0.2867336488697312, -2.650675538640959]","[3.9797839255841017, 3.824557187877912e-07, -2.9848548506101222]",24.873845034121235,28,30,"{""max_iterations"": 1000, ""rate"": 0.001, ""tolerance"": 1e-06}"
rastrigin,Rastrigin,930,2248,gradient,3,"[-5.12, 5.12]","[5.044425248259729, -2.7709025699719927, -0.505272950527428]","[4.974691391152389, -2.9848557000071767, -0.9949572852273366]",34.82328323348522,39,41,"{""max_iterations"": 1000, ""rate"": 0.001, ""tolerance"": 1e-06}"
rastrigin,Rastrigin,931,2249,gradient,3,"[-5.12, 5.12]","[1.7624910601957087, 4.51041687832483, 0.253149006809962]","[1.9899122258902282, 3.9797850018693994, 8.398815560527167e-09]",19.89907498327212,35,37,"{""max_iterations"": 1000, ""rate"": 0.001, ""tolerance"": 1e-06}"
rastrigin,Rastrigin,932,2250,gradient,3,"[-5.12, 5.12]","[1.026718325862121, 0.4336589191567386, 0.7362161534237615]","[0.9949586514695261, 1.5062254648737248e-06, 0.9949584434229157]",1.9899181146441993,29,31,"{""max_iterations"": 1000, ""rate"": 0.001, ""tolerance"": 1e-06}"
rastrigin,Rastrigin,933,2251,gradient,3,"[-5.12, 5.12]","[3.9911893627388375, 2.9569471374987844, -0.32074833921441037]","[3.9797838857637977, 2.9848556408253666, -1.4314784560143538e-06]",24.87384503435591,26,28,"{""max_iterations"": 1000, ""rate"": 0.001, ""tolerance"": 1e-06}"
rastrigin,Rastrigin,934,2252,gradient,3,"[-5.12, 5.12]","[-2.408657866706993, 2.092044339936556, 2.493707864010098]","[-1.9899123442290034, 1.9899122400131228, 1.9899137229217911]",11.9394935721038,33,35,"{""max_iterations"": 1000, ""rate"": 0.001, ""tolerance"": 1e-06}"
rastrigin,Rastrigin,935,2253,gradient,3,"[-5.12, 5.12]","[-3.9503016920471885, -3.822754887139573, -2.963626812768438]","[-3.9797836754839233, -3.9797825868936587, -2.9848555765970683]",40.79308882673898,24,26,"{""max_iterations"": 1000, ""rate"": 0.001, ""tolerance"": 1e-06}"
rastrigin,Rastrigin,936,2254,gradient,3,"[-5.12, 5.12]","[-0.4469209882405183, 1.915795431402219, -3.5948012152646016]","[-1.264592095400591e-06, 1.989912212419677, -3.9797830161957655]",19.899074983473206,30,32,"{""max_iterations"": 1000, ""rate"": 0.001, ""tolerance"": 1e-06}"
rastrigin,Rastrigin,937,2255,gradient,3,"[-5.12, 5.12]","[4.079314578854624, 0.488427061153061, 1.368484579942975]","[3.9797838643955306, 1.3654882958865384e-06, 0.9949586780322663]",16.914202849925065,34,36,"{""max_iterations"": 1000, ""rate"": 0.001, ""tolerance"": 1e-06}"
rastrigin,Rastrigin,938,2256,gradient,3,"[-5.12, 5.12]","[4.0595403704423285, 0.2867336488697312, -2.650675538640959]","[3.9797839255841017, 3.824557187877912e-07, -2.9848548506101222]",24.873845034121235,28,30,"{""max_iterations"": 1000, ""rate"": 0.001, ""tolerance"": 1e-06}"
rastrigin,Rastrigin,939,2257,gradient,3,"[-5.12, 5.12]","[1.8669571333871682, 0.13433629860849905, 2.7714576390709986]","[1.989911756097436, 4.941284571140977e-07, 2.984854533928983]",12.934432432403726,25,27,"{""max_iterations"": 1000, ""rate"": 0.001, ""tolerance"": 1e-06}"
rastrigin,Rastrigin,940,2249,gradient,3,"[-5.12, 5.12]","[1.7624910601957087, 4.51041687832483, 0.253149006809962]","[1.9899122258902282, 3.9797850018693994, 8.398815560527167e-09]",19.89907498327212,35,37,"{""max_iterations"": 1000, ""rate"": 0.001, ""tolerance"": 1e-06}"
rastrigin,Rastrigin,941,2250,gradient,3,"[-5.12, 5.12]","[1.026718325862121, 0.4336589191567386, 0.7362161534237615]","[0.9949586514695261, 1.5062254648737248e-06, 0.9949584434229157]",1.9899181146441993,29,31,"{""max_iterations"": 1000, ""rate"": 0.001, ""tolerance"": 1e-06}"
rastrigin,Rastrigin,942,2251,gradient,3,"[-5.12, 5.12]","[3.9911893627388375, 2.9569471374987844, -0.32074833921441037]","[3.9797838857637977, 2.9848556408253666, -1.4314784560143538e-06]",24.87384503435591,26,28,"{""max_iterations"": 1000, ""rate"": 0.001, ""tolerance"": 1e-06}"
rastrigin,Rastrigin,943,2252,gradient,3,"[-5.12, 5.12]","[-2.408657866706993, 2.092044339936556, 2.493707864010098]","[-1.9899123442290034, 1.9899122400131228, 1.9899137229217911]",11.9394935721038,33,35,"{""max_iterations"": 1000, ""rate"": 0.001, ""tolerance"": 1e-06}"
rastrigin,Rastrigin,944,2253,gradient,3,"[-5.12, 5.12]","[-3.9503016920471885, -3.822754887139573, -2.963626812768438]","[-3.9797836754839233, -3.9797825868936587, -2.9848555765970683]",40.79308882673898,24,26,"{""max_iterations"": 1000, ""rate"": 0.001, ""tolerance"": 1e-06}"
rastrigin,Rastrigin,945,2254,gradient,3,"[-5.12, 5.12]","[-0.4469209882405183, 1.915795431402219, -3.5948012152646016]","[-1.264592095400591e-06, 1.989912212419677, -3.9797830161957655]",19.899074983473206,30,32,"{""max_iterations"": 1000, ""rate"": 0.001, ""tolerance"": 1e-06}"
rastrigin,Rastrigin,946,2255,gradient,3,"[-5.12, 5.12]","[4.079314578854624, 0.488427061153061, 1.368484579942975]","[3.9797838643955306, 1.3654882958865384e-06, 0.9949586780322663]",16.914202849925065,34,36,"{""max_iterations"": 1000, ""rate"": 0.001, ""tolerance"": 1e-06}"
rastrigin,Rastrigin,947,2256,gradient,3,"[-5.12, 5.12]","[4.0595403704423285, 0.2867336488697312, -2.650675538640959]","[3.9797839255841017, 3.824557187877912e-07, -2.9848548506101222]",24.873845034121235,28,30,"{""max_iterations"": 1000, ""rate"": 0.001, ""tolerance"": 1e-06}"
rastrigin,Rastrigin,948,2257,gradient,3,"[-5.12, 5.12]","[1.8669571333871682, 0.13433629860849905, 2.7714576390709986]","[1.989911756097436, 4.941284571140977e-07, 2.984854533928983]",12.934432432403726,25,27,"{""max_iterations"": 1000, ""rate"": 0.001, ""tolerance"": 1e-06}"
rastrigin,Rastrigin,949,2258,gradient,3,"[-5.12, 5.12]","[1.855132521801477, 0.445381455771674, 2.486736624338757]","[1.9899122241923908, 2.66123350544965e-07, 1.989913159650214]",7.959662381291999,33,35,"{""max_iterations"": 1000, ""rate"": 0.001, ""tolerance"": 1e-06}"
rastrigin,Rastrigin,950,2250,gradient,3,"[-5.12, 5.12]","[1.026718325862121, 0.4336589191567386, 0.7362161534237615]","[0.9949586514695261, 1.5062254648737248e-06, 0.9949584434229157]",1.9899181146441993,29,31,"{""max_iterations"": 1000, ""rate"": 0.001, ""tolerance"": 1e-06}"
rastrigin,Rastrigin,951,2251,gradient,3,"[-5.12, 5.12]","[3.9911893627388375, 2.9569471374987844, -0.32074833921441037]","[3.9797838857637977, 2.9848556408253666, -1.4314784560143538e-06]",24.87384503435591,26,28,"{""max_iterations"": 1000, ""rate"": 0.001, ""tolerance"": 1e-06}"
rastrigin,Rastrigin,952,2252,gradient,3,"[-5.12, 5.12]","[-2.408657866706993, 2.092044339936556, 2.493707864010098]","[-1.9899123442290034, 1.9899122400131228, 1.9899137229217911]",11.9394935721038,33,35,"{""max_iterations"": 1000, ""rate"": 0.001, ""tolerance"": 1e-06}"
rastrigin,Rastrigin,953,2253,gradient,3,"[-5.12, 5.12]","[-3.9503016920471885, -3.822754887139573, -2.963626812768438]","[-3.9797836754839233, -3.9797825868936587, -2.9848555765970683]",40.79308882673898,24,26,"{""max_iterations"": 1000, ""rate"": 0.001, ""tolerance"": 1e-06}"
rastrigin,Rastrigin,954,2254,gradient,3,"[-5.12, 5.12]","[-0.4469209882405183, 1.915795431402219, -3.5948012152646016]","[-1.264592095400591e-06, 1.989912212419677, -3.9797830161957655]",19.899074983473206,30,32,"{""max_iterations"": 1000, ""rate"": 0.001, ""tolerance"": 1e-06}"
rastrigin,Rastrigin,955,2255,gradient,3,"[-5.12, 5.12]","[4.079314578854624, 0.488427061153061, 1.368484579942975]","[3.9797838643955306, 1.3654882958865384e-06, 0.9949586780322663]",16.914202849925065,34,36,"{""max_iterations"": 1000, ""rate"": 0.001, ""tolerance"": 1e-06}"
rastrigin,Rastrigin,956,2256,gradient,3,"[-5.12, 5.12]","[4.0595403704423285, 0.2867336488697312, -2.650675538640959]","[3.9797839255841017, 3.824557187877912e-07, -2.9848548506101222]",24.873845034121235,28,30,"{""max_iterations"": 1000, ""rate"": 0.001, ""tolerance"": 1e-06}"
rastrigin,Rastrigin,957,2257,gradient,3,"[-5.12, 5.12]","[1.8669571333871682, 0.13433629860849905, 2.7714576390709986]","[1.989911756097436, 4.941284571140977e-07, 2.984854533928983]",12.934432432403726,25,27,"{""max_iterations"": 1000, ""rate"": 0.001, ""tolerance"": 1e-06}"
rastrigin,Rastrigin,958,2258,gradient,3,"[-5.12, 5.12]","[1.855132521801477, 0.445381455771674, 2.486736624338757]","[1.9899122241923908, 2.66123350544965e-07, 1.989913159650214]",7.959662381291999,33,35,"{""max_iterations"": 1000, ""rate"": 0.001, ""tolerance"": 1e-06}"
rastrigin,Rastrigin,959,2259,gradient,3,"[-5.12, 5.12]","[-0.5674276992336535, 0.0033738487728021127, -0.19196483493335936]","[-0.994957638729549, 8.756707601172864e-10, -6.45381790439074e-08]",0.9949590572919806,30,32,"{""max_iterations"": 1000, ""rate"": 0.001, ""tolerance"": 1e-06}"
rastrigin,Rastrigin,960,2251,gradient,3,"[-5.12, 5.12]","[3.9911893627388375, 2.9569471374987844, -0.32074833921441037]","[3.9797838857637977, 2.9848556408253666, -1.4314784560143538e-06]",24.87384503435591,26,28,"{""max_iterations"": 1000, ""rate"": 0.001, ""tolerance"": 1e-06}"
rastrigin,Rastrigin,961,2252,gradient,3,"[-5.12, 5.12]","[-2.408657866706993, 2.092044339936556, 2.493707864010098]","[-1.9899123442290034, 1.9899122400131228, 1.9899137229217911]",11.9394935721038,33,35,"{""max_iterations"": 1000, ""rate"": 0.001, ""tolerance"": 1e-06}"
rastrigin,Rastrigin,962,2253,gradient,3,"[-5.12, 5.12]","[-3.9503016920471885, -3.822754887139573, -2.963626812768438]","[-3.9797836754839233, -3.9797825868936587, -2.9848555765970683]",40.79308882673898,24,26,"{""max_iterations"": 1000, ""rate"": 0.001, ""tolerance"": 1e-06}"
rastrigin,Rastrigin,963,2254,gradient,3,"[-5.12, 5.12]","[-0.4469209882405183, 1.915795431402219, -3.5948012152646016]","[-1.264592095400591e-06, 1.989912212419677, -3.9797830161957655]",19.899074983473206,30,32,"{""max_iterations"": 1000, ""rate"": 0.001, ""tolerance"": 1e-06}"
rastrigin,Rastrigin,964,2255,gradient,3,"[-5.12, 5.12]","[4.079314578854624, 0.488427061153061, 1.368484579942975]","[3.9797838643955306, 1.3654882958865384e-06, 0.9949586780322663]",16.914202849925065,34,36,"{""max_iterations"": 1000, ""rate"": 0.001, ""tolerance"": 1e-06}"
rastrigin,Rastrigin,965,2256,gradient,3,"[-5.12, 5.12]","[4.0595403704423285, 0.2867336488697312, -2.650675538640959]","[3.9797839255841017, 3.824557187877912e-07, -2.9848548506101222]",24.873845034121235,28,30,"{""max_iterations"": 1000, ""rate"": 0.001, ""tolerance"": 1e-06}"
rastrigin,Rastrigin,966,2257,gradient,3,"[-5.12, 5.12]","[1.8669571333871682, 0.13433629860849905, 2.7714576390709986]","[1.989911756097436, 4.941284571140977e-07, 2.984854533928983]",12.934432432403726,25,27,"{""max_iterations"": 1000, ""rate"": 0.001, ""tolerance"": 1e-06}"
rastrigin,Rastrigin,967,2258,gradient,3,"[-5.12, 5.12]","[1.855132521801477, 0.445381455771674, 2.486736624338757]","[1.9899122241923908, 2.66123350544965e-07, 1.989913159650214]",7.959662381291999,33,35,"{""max_iterations"": 1000, ""rate"": 0.001, ""tolerance"": 1e-06}"
rastrigin,Rastrigin,968,2259,gradient,3,"[-5.12, 5.12]","[-0.5674276992336535, 0.0033738487728021127, -0.19196483493335936]","[-0.994957638729549, 8.756707601172864e-10, -6.45381790439074e-08]",0.9949590572919806,30,32,"{""max_iterations"": 1000, ""rate"": 0.001, ""tolerance"": 1e-06}"
rastrigin,Rastrigin,969,2260,gradient,3,"[-5.12, 5.12]","[-4.989685339139107, -0.07784346882446336, -0.40037971232547154]","[-4.974691404213452, -5.7855519424345223e-08, -1.3468819947486853e-06]",24.873722934902826,28,30,"{""max_iterations"": 1000, ""rate"": 0.001, ""tolerance"": 1e-06}"
rastrigin,Rastrigin,970,2252,gradient,3,"[-5.12, 5.12]","[-2.408657866706993, 2.092044339936556, 2.493707864010098]","[-1.9899123442290034, 1.9899122400131228, 1.9899137229217911]",11.9394935721038,33,35,"{""max_iterations"": 1000, ""rate"": 0.001, ""tolerance"": 1e-06}"
rastrigin,Rastrigin,971,2253,gradient,3,"[-5.12, 5.12]","[-3.9503016920471885, -3.822754887139573, -2.963626812768438]","[-3.9797836754839233, -3.9797825868936587, -2.9848555765970683]",40.79308882673898,24,26,"{""max_iterations"": 1000, ""rate"": 0.001, ""tolerance"": 1e-06}"
rastrigin,Rastrigin,972,2254,gradient,3,"[-5.12, 5.12]","[-0.4469209882405183, 1.915795431402219, -3.5948012152646016]","[-1.264592095400591e-06, 1.989912212419677, -3.9797830161957655]",19.899074983473206,30,32,"{""max_iterations"": 1000, ""rate"": 0.001, ""tolerance"": 1e-06}"
rastrigin,Rastrigin,973,2255,gradient,3,"[-5.12, 5.12]","[4.079314578854624, 0.488427061153061, 1.368484579942975]","[3.9797838643955306, 1.3654882958865384e-06, 0.9949586780322663]",16.914202849925065,34,36,"{""max_iterations"": 1000, ""rate"": 0.001, ""tolerance"": 1e-06}"
rastrigin,Rastrigin,974,2256,gradient,3,"[-5.12, 5.12]","[4.0595403704423285, 0.2867336488697312, -2.650675538640959]","[3.9797839255841017, 3.824557187877912e-07, -2.9848548506101222]",24.873845034121235,28,30,"{""max_iterations"": 1000, ""rate"": 0.001, ""tolerance"": 1e-06}"
rastrigin,Rastrigin,975,2257,gradient,3,"[-5.12, 5.12]","[1.8669571333871682, 0.13433629860849905, 2.7714576390709986]","[1.989911756097436, 4.941284571140977e-07, 2.984854533928983]",12.934432432403726,25,27,"{""max_iterations"": 1000, ""rate"": 0.001, ""tolerance"": 1e-06}"
rastrigin,Rastrigin,976,2258,gradient,3,"[-5.12, 5.12]","[1.855132521801477, 0.445381455771674, 2.486736624338757]","[1.9899122241923908, 2.66123350544965e-07, 1.989913159650214]",7.959662381291999,33,35,"{""max_iterations"": 1000, ""rate"": 0.001, ""tolerance"": 1e-06}"
rastrigin,Rastrigin,977,2259,gradient,3,"[-5.12, 5.12]","[-0.5674276992336535, 0.0033738487728021127, -0.19196483493335936]","[-0.994957638729549, 8.756707601172864e-10, -6.45381790439074e-08]",0.9949590572919806,30,32,"{""max_iterations"": 1000, ""rate"": 0.001, ""tolerance"": 1e-06}"
rastrigin,Rastrigin,978,2260,gradient,3,"[-5.12, 5.12]","[-4.989685339139107, -0.07784346882446336, -0.40037971232547154]","[-4.974691404213452, -5.7855519424345223e-08, -1.3468819947486853e-06]",24.873722934902826,28,30,"{""max_iterations"": 1000, ""rate"": 0.001, ""tolerance"": 1e-06}"
rastrigin,Rastrigin,979,2261,gradient,3,"[-5.12, 5.12]","[1.1534940112415875, 4.797424229606643, -2.3678707679504862]","[0.9949588565916386, 4.974691007006232, -1.9899135800797556]",29.848513182586892,27,29,"{""max_iterations"": 1000, ""rate"": 0.001, ""tolerance"": 1e-06}"
rastrigin,Rastrigin,980,2253,gradient,3,"[-5.12, 5.12]","[-3.9503016920471885, -3.822754887139573, -2.963626812768438]","[-3.9797836754839233, -3.9797825868936587, -2.9848555765970683]",40.79308882673898,24,26,"{""max_iterations"": 1000, ""rate"": 0.001, ""tolerance"": 1e-06}"
rastrigin,Rastrigin,981,2254,gradient,3,"[-5.12, 5.12]","[-0.4469209882405183, 1.915795431402219, -3.5948012152646016]","[-1.264592095400591e-06, 1.989912212419677, -3.9797830161957655]",19.899074983473206,30,32,"{""max_iterations"": 1000, ""rate"": 0.001, ""tolerance"": 1e-06}"
rastrigin,Rastrigin,982,2255,gradient,3,"[-5.12, 5.12]","[4.079314578854624, 0.488427061153061, 1.368484579942975]","[3.9797838643955306, 1.3654882958865384e-06, 0.9949586780322663]",16.914202849925065,34,36,"{""max_iterations"": 1000, ""rate"": 0.001, ""tolerance"": 1e-06}"
rastrigin,Rastrigin,983,2256,gradient,3,"[-5.12, 5.12]","[4.0595403704423285, 0.2867336488697312, -2.650675538640959]","[3.9797839255841017, 3.824557187877912e-07, -2.9848548506101222]",24.873845034121235,28,30,"{""max_iterations"": 1000, ""rate"": 0.001, ""tolerance"": 1e-06}"
rastrigin,Rastrigin,984,2257,gradient,3,"[-5.12, 5.12]","[1.8669571333871682, 0.13433629860849905, 2.7714576390709986]","[1.989911756097436, 4.941284571140977e-07, 2.984854533928983]",12.934432432403726,25,27,"{""max_iterations"": 1000, ""rate"": 0.001, ""tolerance"": 1e-06}"
rastrigin,Rastrigin,985,2258,gradient,3,"[-5.12, 5.12]","[1.855132521801477, 0.445381455771674, 2.486736624338757]","[1.9899122241923908, 2.66123350544965e-07, 1.989913159650214]",7.959662381291999,33,35,"{""max_iterations"": 1000, ""rate"": 0.001, ""tolerance"": 1e-06}"
rastrigin,Rastrigin,986,2259,gradient,3,"[-5.12, 5.12]","[-0.5674276992336535, 0.0033738487728021127, -0.19196483493335936]","[-0.994957638729549, 8.756707601172864e-10, -6.45381790439074e-08]",0.9949590572919806,30,32,"{""max_iterations"": 1000, ""rate"": 0.001, ""tolerance"": 1e-06}"
rastrigin,Rastrigin,987,2260,gradient,3,"[-5.12, 5.12]","[-4.989685339139107, -0.07784346882446336, -0.40037971232547154]","[-4.974691404213452, -5.7855519424345223e-08, -1.3468819947486853e-06]",24.873722934902826,28,30,"{""max_iterations"": 1000, ""rate"": 0.001, ""tolerance"": 1e-06}"
rastrigin,Rastrigin,988,2261,gradient,3,"[-5.12, 5.12]","[1.1534940112415875, 4.797424229606643, -2.3678707679504862]","[0.9949588565916386, 4.974691007006232, -1.9899135800797556]",29.848513182586892,27,29,"{""max_iterations"": 1000, ""rate"": 0.001, ""tolerance"": 1e-06}"
rastrigin,Rastrigin,989,2262,gradient,3,"[-5.12, 5.12]","[2.720779345595701, 3.590569031472234, -3.419257811832324]","[2.9848555521973403, 3.9797829370517888, -2.984856274722096]",33.82844627567269,30,32,"{""max_iterations"": 1000, ""rate"": 0.001, ""tolerance"": 1e-06}"
rastrigin,Rastrigin,990,2254,gradient,3,"[-5.12, 5.12]","[-0.4469209882405183, 1.915795431402219, -3.5948012152646016]","[-1.264592095400591e-06, 1.989912212419677, -3.9797830161957655]",19.899074983473206,30,32,"{""max_iterations"": 1000, ""rate"": 0.001, ""tolerance"": 1e-06}"
rastrigin,Rastrigin,991,2255,gradient,3,"[-5.12, 5.12]","[4.079314578854624, 0.488427061153061, 1.368484579942975]","[3.9797838643955306, 1.3654882958865384e-06, 0.9949586780322663]",16.914202849925065,34,36,"{""max_iterations"": 1000, ""rate"": 0.001, ""tolerance"": 1e-06}"
rastrigin,Rastrigin,992,2256,gradient,3,"[-5.12, 5.12]","[4.0595403704423285, 0.2867336488697312, -2.650675538640959]","[3.9797839255841017, 3.824557187877912e-07, -2.9848548506101222]",24.873845034121235,28,30,"{""max_iterations"": 1000, ""rate"": 0.001, ""tolerance"": 1e-06}"
rastrigin,Rastrigin,993,2257,gradient,3,"[-5.12, 5.12]","[1.8669571333871682, 0.13433629860849905, 2.7714576390709986]","[1.989911756097436, 4.941284571140977e-07, 2.984854533928983]",12.934432432403726,25,27,"{""max_iterations"": 1000, ""rate"": 0.001, ""tolerance"": 1e-06}"
rastrigin,Rastrigin,994,2258,gradient,3,"[-5.12, 5.12]","[1.855132521801477, 0.445381455771674, 2.486736624338757]","[1.9899122241923908, 2.66123350544965e-07, 1.989913159650214]",7.959662381291999,33,35,"{""max_iterations"": 1000, ""rate"": 0.001, ""tolerance"": 1e-06}"
rastrigin,Rastrigin,995,2259,gradient,3,"[-5.12, 5.12]","[-0.5674276992336535, 0.0033738487728021127, -0.19196483493335936]","[-0.994957638729549, 8.756707601172864e-10, -6.45381790439074e-08]",0.9949590572919806,30,32,"{""max_iterations"": 1000, ""rate"": 0.001, ""tolerance"": 1e-06}"
rastrigin,Rastrigin,996,2260,gradient,3,"[-5.12, 5.12]","[-4.989685339139107, -0.07784346882446336, -0.40037971232547154]","[-4.974691404213452, -5.7855519424345223e-08, -1.3468819947486853e-06]",24.873722934902826,28,30,"{""max_iterations"": 1000, ""rate"": 0.001, ""tolerance"": 1e-06}"
rastrigin,Rastrigin,997,2261,gradient,3,"[-5.12, 5.12]","[1.1534940112415875, 4.797424229606643, -2.3678707679504862]","[0.9949588565916386, 4.974691007006232, -1.9899135800797556]",29.848513182586892,27,29,"{""max_iterations"": 1000, ""rate"": 0.001, ""tolerance"": 1e-06}"
rastrigin,Rastrigin,998,2262,gradient,3,"[-5.12, 5.12]","[2.720779345595701, 3.590569031472234, -3.419257811832324]","[2.9848555521973403, 3.9797829370517888, -2.984856274722096]",33.82844627567269,30,32,"{""max_iterations"": 1000, ""rate"": 0.001, ""tolerance"": 1e-06}"
rastrigin,Rastrigin,999,2263,gradient,3,"[-5.12, 5.12]","[2.5381040889060014, -1.330163089433635, 2.7781141960700664]","[2.984854707387841, -0.994958682289688, 2.9848556812713367]",18.90416154026279,33,35,"{""max_iterations"": 1000, ""rate"": 0.001, ""tolerance"": 1e-06}"
rastrigin,Rastrigin,1000,2285,gradient,3,"[-5.12, 5.12]","[-0.3585647151655884, -3.0268313373945115, -4.477656978761404]","[-1.6981592710851193e-07, -2.9848557081785816, -3.979785070117704]",24.873845034242322,31,33,"{""max_iterations"": 1000, ""rate"": 0.001, ""tolerance"": 1e-06}"
