funcion,nombre_funcion,corrida,semilla,metodo,dimension,limites,posicion_inicial,posicion_final,valor_final,iteraciones,evaluaciones,parametros
rosenbrock,Rosenbrock,1,2241,gradient,2,"[-2.048, 2.048]","[-0.5540941713164798, -0.1410404600453008]","[-0.13321867216795846, 0.020764167193429748]",1.2850947592366466,1000,1002,"{""max_iterations"": 1000, ""rate"": 0.0001, ""tolerance"": 1e-06}"
rosenbrock,Rosenbrock,2,2242,gradient,2,"[-2.048, 2.048]","[0.2748009795890791, 1.5598379525624781]","[0.9634805103327895, 0.9281453169477395]",0.0013359044696877019,1000,1002,"{""max_iterations"": 1000, ""rate"": 0.0001, ""tolerance"": 1e-06}"
rosenbrock,Rosenbrock,3,2243,gradient,2,"[-2.048, 2.048]","[0.8808105271579567, 0.040167169444864204]","[0.5756766207495329, 0.32929853158384126]",0.1804934495581696,1000,1002,"{""max_iterations"": 1000, ""rate"": 0.0001, ""tolerance"": 1e-06}"
rosenbrock,Rosenbrock,4,2244,gradient,2,"[-2.048, 2.048]","[0.2425621304154424, 1.3371777755921954]","[0.8504491582173824, 0.7226099061389359]",0.02240820816596591,1000,1002,"{""max_iterations"": 1000, ""rate"": 0.0001, ""tolerance"": 1e-06}"
rosenbrock,Rosenbrock,5,2245,gradient,2,"[-2.048, 2.048]","[-0.4240872811137242, 1.48145414123766]","[-0.9320348836428229, 0.8767367178836597]",3.7392353287707807,1000,1002,"{""max_iterations"": 1000, ""rate"": 0.0001, ""tolerance"": 1e-06}"
rosenbrock,Rosenbrock,6,2246,gradient,2,"[-2.048, 2.048]","[-0.4266253500833077, 1.5098557254141647]","[-0.9455465154108931, 0.9020973463360564]",3.791614010419387,1000,1002,"{""max_iterations"": 1000, ""rate"": 0.0001, ""tolerance"": 1e-06}"
rosenbrock,Rosenbrock,7,2247,gradient,2,"[-2.048, 2.048]","[1.6954477899966691, -1.0910790206558232]","[0.28985287674187454, 0.08093768555332055]",0.5052557324039993,1000,1002,"{""max_iterations"": 1000, ""rate"": 0.0001, ""tolerance"": 1e-06}"
rosenbrock,Rosenbrock,8,2248,gradient,2,"[-2.048, 2.048]","[2.017770099303892, -1.108361027988797]","[0.3041150727443231, 0.08939757001763454]",0.4852096580409973,1000,1002,"{""max_iterations"": 1000, ""rate"": 0.0001, ""tolerance"": 1e-06}"
rosenbrock,Rosenbrock,9,2249,gradient,2,"[-2.048, 2.048]","[0.7049964240782836, 1.804166751329932]","[1.226394480765153, 1.504835015583151]",0.051317122889573775,1000,1002,"{""max_iterations"": 1000, ""rate"": 0.0001, ""tolerance"": 1e-06}"
rosenbrock,Rosenbrock,10,2289,gradient,2,"[-2.048, 2.048]","[1.7115556132021346, 1.4296173677530262]","[1.2502172926445445, 1.5639061282639093]",0.06268314445336463,1000,1002,"{""max_iterations"": 1000, ""rate"": 0.0001, ""tolerance"": 1e-06}"
rosenbrock,Rosenbrock,11,2290,gradient,2,"[-2.048, 2.048]","[-0.25392518039336975, 1.420582458587761]","[-0.7840815223887585, 0.6228718831355201]",3.1894885328128684,1000,1002,"{""max_iterations"": 1000, ""rate"": 0.0001, ""tolerance"": 1e-06}"
rosenbrock,Rosenbrock,12,2291,gradient,2,"[-2.048, 2.048]","[0.6347128879594646, -1.906509998850821]","[0.1705362793606656, 0.02661049852835069]",0.6886212035886217,1000,1002,"{""max_iterations"": 1000, ""rate"": 0.0001, ""tolerance"": 1e-06}"
rosenbrock,Rosenbrock,13,2292,gradient,2,"[-2.048, 2.048]","[-1.879159170153052, 0.8882886945249462]","[-0.996902189790864, 1.001815738873384]",3.9940211764840186,1000,1002,"{""max_iterations"": 1000, ""rate"": 0.0001, ""tolerance"": 1e-06}"
rosenbrock,Rosenbrock,14,2293,gradient,2,"[-2.048, 2.048]","[-0.3120174376698237, -1.4687964442337298]","[0.15077544789229613, 0.02046372238431524]",0.7216974089656921,1000,1002,"{""max_iterations"": 1000, ""rate"": 0.0001, ""tolerance"": 1e-06}"
rosenbrock,Rosenbrock,15,2294,gradient,2,"[-2.048, 2.048]","[-1.4713683046207064, -0.22571120972451908]","[-0.3640299449631241, 0.13906419591402788]",1.8648632196159114,1000,1002,"{""max_iterations"": 1000, ""rate"": 0.0001, ""tolerance"": 1e-06}"
rosenbrock,Rosenbrock,16,2295,gradient,2,"[-2.048, 2.048]","[-0.020407272703912405, 0.6515440009149733]","[0.1327454378017947, 0.015563927781490449]",0.7525537747894367,1000,1002,"{""max_iterations"": 1000, ""rate"": 0.0001, ""tolerance"": 1e-06}"
rosenbrock,Rosenbrock,17,2296,gradient,2,"[-2.048, 2.048]","[-1.7643312082090605, 1.1093735864405025]","[-1.0747630944062603, 1.1630499075747014]",4.310937048457455,1000,1002,"{""max_iterations"": 1000, ""rate"": 0.0001, ""tolerance"": 1e-06}"
rosenbrock,Rosenbrock,18,2297,gradient,2,"[-2.048, 2.048]","[-0.44194091836463123, -1.6177242647346133]","[0.149665183182583, 0.020142464242478484]",0.7235787971465328,1000,1002,"{""max_iterations"": 1000, ""rate"": 0.0001, ""tolerance"": 1e-06}"
rosenbrock,Rosenbrock,19,2298,gradient,2,"[-2.048, 2.048]","[-0.7525084654644101, 1.1944924123220884]","[-0.9349253995457051, 0.8821314153742604]",3.7504099728580313,1000,1002,"{""max_iterations"": 1000, ""rate"": 0.0001, ""tolerance"": 1e-06}"
rosenbrock,Rosenbrock,20,2290,gradient,2,"[-2.048, 2.048]","[-0.25392518039336975, 1.420582458587761]","[-0.7840815223887585, 0.6228718831355201]",3.1894885328128684,1000,1002,"{""max_iterations"": 1000, ""rate"": 0.0001, ""tolerance"": 1e-06}"
rosenbrock,Rosenbrock,21,2291,gradient,2,"[-2.048, 2.048]","[0.6347128879594646, -1.906509998850821]","[0.1705362793606656, 0.02661049852835069]",0.6886212035886217,1000,1002,"{""max_iterations"": 1000, ""rate"": 0.0001, ""tolerance"": 1e-06}"
rosenbrock,Rosenbrock,22,2292,gradient,2,"[-2.048, 2.048]","[-1.879159170153052, 0.8882886945249462]","[-0.996902189790864, 1.001815738873384]",3.9940211764840186,1000,1002,"{""max_iterations"": 1000, ""rate"": 0.0001, ""tolerance"": 1e-06}"
rosenbrock,Rosenbrock,23,2293,gradient,2,"[-2.048, 2.048]","[-0.3120174376698237, -1.4687964442337298]","[0.15077544789229613, 0.02046372238431524]",0.7216974089656921,1000,1002,"{""max_iterations"": 1000, ""rate"": 0.0001, ""tolerance"": 1e-06}"
rosenbrock,Rosenbrock,24,2294,gradient,2,"[-2.048, 2.048]","[-1.4713683046207064, -0.22571120972451908]","[-0.3640299449631241, 0.13906419591402788]",1.8648632196159114,1000,1002,"{""max_iterations"": 1000, ""rate"": 0.0001, ""tolerance"": 1e-06}"
rosenbrock,Rosenbrock,25,2295,gradient,2,"[-2.048, 2.048]","[-0.020407272703912405, 0.6515440009149733]","[0.1327454378017947, 0.015563927781490449]",0.7525537747894367,1000,1002,"{""max_iterations"": 1000, ""rate"": 0.0001, ""tolerance"": 1e-06}"
rosenbrock,Rosenbrock,26,2296,gradient,2,"[-2.048, 2.048]","[-1.7643312082090605, 1.1093735864405025]","[-1.0747630944062603, 1.1630499075747014]",4.310937048457455,1000,1002,"{""max_iterations"": 1000, ""rate"": 0.0001, ""tolerance"": 1e-06}"
rosenbrock,Rosenbrock,27,2297,gradient,2,"[-2.048, 2.048]","[-0.44194091836463123, -1.6177242647346133]","[0.149665183182583, 0.020142464242478484]",0.7235787971465328,1000,1002,"{""max_iterations"": 1000, ""rate"": 0.0001, ""tolerance"": 1e-06}"
rosenbrock,Rosenbrock,28,2298,gradient,2,"[-2.048, 2.048]","[-0.7525084654644101, 1.1944924123220884]","[-0.9349253995457051, 0.8821314153742604]",3.7504099728580313,1000,1002,"{""max_iterations"": 1000, ""rate"": 0.0001, ""tolerance"": 1e-06}"
rosenbrock,Rosenbrock,29,2299,gradient,2,"[-2.048, 2.048]","[0.1656918603585007, -1.237824202801895]","[0.17380460482869517, 0.027705409783825786]",0.6832251471323358,1000,1002,"{""max_iterations"": 1000, ""rate"": 0.0001, ""tolerance"": 1e-06}"
rosenbrock,Rosenbrock,30,2291,gradient,2,"[-2.048, 2.048]","[0.6347128879594646, -1.906509998850821]","[0.1705362793606656, 0.02661049852835069]",0.6886212035886217,1000,1002,"{""max_iterations"": 1000, ""rate"": 0.0001, ""tolerance"": 1e-06}"
rosenbrock,Rosenbrock,31,2292,gradient,2,"[-2.048, 2.048]","[-1.879159170153052, 0.8882886945249462]","[-0.996902189790864, 1.001815738873384]",3.9940211764840186,1000,1002,"{""max_iterations"": 1000, ""rate"": 0.0001, ""tolerance"": 1e-06}"
rosenbrock,Rosenbrock,32,2293,gradient,2,"[-2.048, 2.048]","[-0.3120174376698237, -1.4687964442337298]","[0.15077544789229613, 0.02046372238431524]",0.7216974089656921,1000,1002,"{""max_iterations"": 1000, ""rate"": 0.0001, ""tolerance"": 1e-06}"
rosenbrock,Rosenbrock,33,2294,gradient,2,"[-2.048, 2.048]","[-1.4713683046207064, -0.22571120972451908]","[-0.3640299449631241, 0.13906419591402788]",1.8648632196159114,1000,1002,"{""max_iterations"": 1000, ""rate"": 0.0001, ""tolerance"": 1e-06}"
rosenbrock,Rosenbrock,34,2295,gradient,2,"[-2.048, 2.048]","[-0.020407272703912405, 0.6515440009149733]","[0.1327454378017947, 0.015563927781490449]",0.7525537747894367,1000,1002,"{""max_iterations"": 1000, ""rate"": 0.0001, ""tolerance"": 1e-06}"
rosenbrock,Rosenbrock,35,2296,gradient,2,"[-2.048, 2.048]","[-1.7643312082090605, 1.1093735864405025]","[-1.0747630944062603, 1.1630499075747014]",4.310937048457455,1000,1002,"{""max_iterations"": 1000, ""rate"": 0.0001, ""tolerance"": 1e-06}"
rosenbrock,Rosenbrock,36,2297,gradient,2,"[-2.048, 2.048]","[-0.44194091836463123, -1.6177242647346133]","[0.149665183182583, 0.020142464242478484]",0.7235787971465328,1000,1002,"{""max_iterations"": 1000, ""rate"": 0.0001, ""tolerance"": 1e-06}"
rosenbrock,Rosenbrock,37,2298,gradient,2,"[-2.048, 2.048]","[-0.7525084654644101, 1.1944924123220884]","[-0.9349253995457051, 0.8821314153742604]",3.7504099728580313,1000,1002,"{""max_iterations"": 1000, ""rate"": 0.0001, ""tolerance"": 1e-06}"
rosenbrock,Rosenbrock,38,2299,gradient,2,"[-2.048, 2.048]","[0.1656918603585007, -1.237824202801895]","[0.17380460482869517, 0.027705409783825786]",0.6832251471323358,1000,1002,"{""max_iterations"": 1000, ""rate"": 0.0001, ""tolerance"": 1e-06}"
rosenbrock,Rosenbrock,39,2300,gradient,2,"[-2.048, 2.048]","[-1.910326886355604, 0.9494190442022341]","[-1.0254070914232323, 1.0594379981080455]",4.1086392050455505,1000,1002,"{""max_iterations"": 1000, ""rate"": 0.0001, ""tolerance"": 1e-06}"
rosenbrock,Rosenbrock,40,2292,gradient,2,"[-2.048, 2.048]","[-1.879159170153052, 0.8882886945249462]","[-0.996902189790864, 1.001815738873384]",3.9940211764840186,1000,1002,"{""max_iterations"": 1000, ""rate"": 0.0001, ""tolerance"": 1e-06}"
rosenbrock,Rosenbrock,41,2293,gradient,2,"[-2.048, 2.048]","[-0.3120174376698237, -1.4687964442337298]","[0.15077544789229613, 0.02046372238431524]",0.7216974089656921,1000,1002,"{""max_iterations"": 1000, ""rate"": 0.0001, ""tolerance"": 1e-06}"
rosenbrock,Rosenbrock,42,2294,gradient,2,"[-2.048, 2.048]","[-1.4713683046207064, -0.22571120972451908]","[-0.3640299449631241, 0.13906419591402788]",1.8648632196159114,1000,1002,"{""max_iterations"": 1000, ""rate"": 0.0001, ""tolerance"": 1e-06}"
rosenbrock,Rosenbrock,43,2295,gradient,2,"[-2.048, 2.048]","[-0.020407272703912405, 0.6515440009149733]","[0.1327454378017947, 0.015563927781490449]",0.7525537747894367,1000,1002,"{""max_iterations"": 1000, ""rate"": 0.0001, ""tolerance"": 1e-06}"
rosenbrock,Rosenbrock,44,2296,gradient,2,"[-2.048, 2.048]","[-1.7643312082090605, 1.1093735864405025]","[-1.0747630944062603, 1.1630499075747014]",4.310937048457455,1000,1002,"{""max_iterations"": 1000, ""rate"": 0.0001, ""tolerance"": 1e-06}"
rosenbrock,Rosenbrock,45,2297,gradient,2,"[-2.048, 2.048]","[-0.44194091836463123, -1.6177242647346133]","[0.149665183182583, 0.020142464242478484]",0.7235787971465328,1000,1002,"{""max_iterations"": 1000, ""rate"": 0.0001, ""tolerance"": 1e-06}"
rosenbrock,Rosenbrock,46,2298,gradient,2,"[-2.048, 2.048]","[-0.7525084654644101, 1.1944924123220884]","[-0.9349253995457051, 0.8821314153742604]",3.7504099728580313,1000,1002,"{""max_iterations"": 1000, ""rate"": 0.0001, ""tolerance"": 1e-06}"
rosenbrock,Rosenbrock,47,2299,gradient,2,"[-2.048, 2.048]","[0.1656918603585007, -1.237824202801895]","[0.17380460482869517, 0.027705409783825786]",0.6832251471323358,1000,1002,"{""max_iterations"": 1000, ""rate"": 0.0001, ""tolerance"": 1e-06}"
rosenbrock,Rosenbrock,48,2300,gradient,2,"[-2.048, 2.048]","[-1.910326886355604, 0.9494190442022341]","[-1.0254070914232323, 1.0594379981080455]",4.1086392050455505,1000,1002,"{""max_iterations"": 1000, ""rate"": 0.0001, ""tolerance"": 1e-06}"
rosenbrock,Rosenbrock,49,2301,gradient,2,"[-2.048, 2.048]","[-1.0955071376936858, 1.9004747718615236]","[-1.279749716080746, 1.645486331421092]",5.203229414089558,1000,1002,"{""max_iterations"": 1000, ""rate"": 0.0001, ""tolerance"": 1e-06}"
rosenbrock,Rosenbrock,50,2293,gradient,2,"[-2.048, 2.048]","[-0.3120174376698237, -1.4687964442337298]","[0.15077544789229613, 0.02046372238431524]",0.7216974089656921,1000,1002,"{""max_iterations"": 1000, ""rate"": 0.0001, ""tolerance"": 1e-06}"
rosenbrock,Rosenbrock,51,2294,gradient,2,"[-2.048, 2.048]","[-1.4713683046207064, -0.22571120972451908]","[-0.3640299449631241, 0.13906419591402788]",1.8648632196159114,1000,1002,"{""max_iterations"": 1000, ""rate"": 0.0001, ""tolerance"": 1e-06}"
rosenbrock,Rosenbrock,52,2295,gradient,2,"[-2.048, 2.048]","[-0.020407272703912405, 0.6515440009149733]","[0.1327454378017947, 0.015563927781490449]",0.7525537747894367,1000,1002,"{""max_iterations"": 1000, ""rate"": 0.0001, ""tolerance"": 1e-06}"
rosenbrock,Rosenbrock,53,2296,gradient,2,"[-2.048, 2.048]","[-1.7643312082090605, 1.1093735864405025]","[-1.0747630944062603, 1.1630499075747014]",4.310937048457455,1000,1002,"{""max_iterations"": 1000, ""rate"": 0.0001, ""tolerance"": 1e-06}"
rosenbrock,Rosenbrock,54,2297,gradient,2,"[-2.048, 2.048]","[-0.44194091836463123, -1.6177242647346133]","[0.149665183182583, 0.020142464242478484]",0.7235787971465328,1000,1002,"{""max_iterations"": 1000, ""rate"": 0.0001, ""tolerance"": 1e-06}"
rosenbrock,Rosenbrock,55,2298,gradient,2,"[-2.048, 2.048]","[-0.7525084654644101, 1.1944924123220884]","[-0.9349253995457051, 0.8821314153742604]",3.7504099728580313,1000,1002,"{""max_iterations"": 1000, ""rate"": 0.0001, ""tolerance"": 1e-06}"
rosenbrock,Rosenbrock,56,2299,gradient,2,"[-2.048, 2.048]","[0.1656918603585007, -1.237824202801895]","[0.17380460482869517, 0.027705409783825786]",0.6832251471323358,1000,1002,"{""max_iterations"": 1000, ""rate"": 0.0001, ""tolerance"": 1e-06}"
rosenbrock,Rosenbrock,57,2300,gradient,2,"[-2.048, 2.048]","[-1.910326886355604, 0.9494190442022341]","[-1.0254070914232323, 1.0594379981080455]",4.1086392050455505,1000,1002,"{""max_iterations"": 1000, ""rate"": 0.0001, ""tolerance"": 1e-06}"
rosenbrock,Rosenbrock,58,2301,gradient,2,"[-2.048, 2.048]","[-1.0955071376936858, 1.9004747718615236]","[-1.279749716080746, 1.645486331421092]",5.203229414089558,1000,1002,"{""max_iterations"": 1000, ""rate"": 0.0001, ""tolerance"": 1e-06}"
rosenbrock,Rosenbrock,59,2302,gradient,2,"[-2.048, 2.048]","[-0.20025851210478285, 1.9688600386403632]","[-0.973162691731896, 0.9550655357843572]",3.8998029056170527,1000,1002,"{""max_iterations"": 1000, ""rate"": 0.0001, ""tolerance"": 1e-06}"
rosenbrock,Rosenbrock,60,2294,gradient,2,"[-2.048, 2.048]","[-1.4713683046207064, -0.22571120972451908]","[-0.3640299449631241, 0.13906419591402788]",1.8648632196159114,1000,1002,"{""max_iterations"": 1000, ""rate"": 0.0001, ""tolerance"": 1e-06}"
rosenbrock,Rosenbrock,61,2295,gradient,2,"[-2.048, 2.048]","[-0.020407272703912405, 0.6515440009149733]","[0.1327454378017947, 0.015563927781490449]",0.7525537747894367,1000,1002,"{""max_iterations"": 1000, ""rate"": 0.0001, ""tolerance"": 1e-06}"
rosenbrock,Rosenbrock,62,2296,gradient,2,"[-2.048, 2.048]","[-1.7643312082090605, 1.1093735864405025]","[-1.0747630944062603, 1.1630499075747014]",4.310937048457455,1000,1002,"{""max_iterations"": 1000, ""rate"": 0.0001, ""tolerance"": 1e-06}"
rosenbrock,Rosenbrock,63,2297,gradient,2,"[-2.048, 2.048]","[-0.44194091836463123, -1.6177242647346133]","[0.149665183182583, 0.020142464242478484]",0.7235787971465328,1000,1002,"{""max_iterations"": 1000, ""rate"": 0.0001, ""tolerance"": 1e-06}"
rosenbrock,Rosenbrock,64,2298,gradient,2,"[-2.048, 2.048]","[-0.7525084654644101, 1.1944924123220884]","[-0.9349253995457051, 0.8821314153742604]",3.7504099728580313,1000,1002,"{""max_iterations"": 1000, ""rate"": 0.0001, ""tolerance"": 1e-06}"
rosenbrock,Rosenbrock,65,2299,gradient,2,"[-2.048, 2.048]","[0.1656918603585007, -1.237824202801895]","[0.17380460482869517, 0.027705409783825786]",0.6832251471323358,1000,1002,"{""max_iterations"": 1000, ""rate"": 0.0001, ""tolerance"": 1e-06}"
rosenbrock,Rosenbrock,66,2300,gradient,2,"[-2.048, 2.048]","[-1.910326886355604, 0.9494190442022341]","[-1.0254070914232323, 1.0594379981080455]",4.1086392050455505,1000,1002,"{""max_iterations"": 1000, ""rate"": 0.0001, ""tolerance"": 1e-06}"
rosenbrock,Rosenbrock,67,2301,gradient,2,"[-2.048, 2.048]","[-1.0955071376936858, 1.9004747718615236]","[-1.279749716080746, 1.645486331421092]",5.203229414089558,1000,1002,"{""max_iterations"": 1000, ""rate"": 0.0001, ""tolerance"": 1e-06}"
rosenbrock,Rosenbrock,68,2302,gradient,2,"[-2.048, 2.048]","[-0.20025851210478285, 1.9688600386403632]","[-0.973162691731896, 0.9550655357843572]",3.8998029056170527,1000,1002,"{""max_iterations"": 1000, ""rate"": 0.0001, ""tolerance"": 1e-06}"
rosenbrock,Rosenbrock,69,2303,gradient,2,"[-2.048, 2.048]","[2.0083003608792422, -1.1982296482612087]","[0.282524389023398, 0.07675318289213304]",0.515711807705633,1000,1002,"{""max_iterations"": 1000, ""rate"": 0.0001, ""tolerance"": 1e-06}"
rosenbrock,Rosenbrock,70,2295,gradient,2,"[-2.048, 2.048]","[-0.020407272703912405, 0.6515440009149733]","[0.1327454378017947, 0.015563927781490449]",0.7525537747894367,1000,1002,"{""max_iterations"": 1000, ""rate"": 0.0001, ""tolerance"": 1e-06}"
rosenbrock,Rosenbrock,71,2296,gradient,2,"[-2.048, 2.048]","[-1.7643312082090605, 1.1093735864405025]","[-1.0747630944062603, 1.1630499075747014]",4.310937048457455,1000,1002,"{""max_iterations"": 1000, ""rate"": 0.0001, ""tolerance"": 1e-06}"
rosenbrock,Rosenbrock,72,2297,gradient,2,"[-2.048, 2.048]","[-0.44194091836463123, -1.6177242647346133]","[0.149665183182583, 0.020142464242478484]",0.7235787971465328,1000,1002,"{""max_iterations"": 1000, ""rate"": 0.0001, ""tolerance"": 1e-06}"
rosenbrock,Rosenbrock,73,2298,gradient,2,"[-2.048, 2.048]","[-0.7525084654644101, 1.1944924123220884]","[-0.9349253995457051, 0.8821314153742604]",3.7504099728580313,1000,1002,"{""max_iterations"": 1000, ""rate"": 0.0001, ""tolerance"": 1e-06}"
rosenbrock,Rosenbrock,74,2299,gradient,2,"[-2.048, 2.048]","[0.1656918603585007, -1.237824202801895]","[0.17380460482869517, 0.027705409783825786]",0.6832251471323358,1000,1002,"{""max_iterations"": 1000, ""rate"": 0.0001, ""tolerance"": 1e-06}"
rosenbrock,Rosenbrock,75,2300,gradient,2,"[-2.048, 2.048]","[-1.910326886355604, 0.9494190442022341]","[-1.0254070914232323, 1.0594379981080455]",4.1086392050455505,1000,1002,"{""max_iterations"": 1000, ""rate"": 0.0001, ""tolerance"": 1e-06}"
rosenbrock,Rosenbrock,76,2301,gradient,2,"[-2.048, 2.048]","[-1.0955071376936858, 1.9004747718615236]","[-1.279749716080746, 1.645486331421092]",5.203229414089558,1000,1002,"{""max_iterations"": 1000, ""rate"": 0.0001, ""tolerance"": 1e-06}"
rosenbrock,Rosenbrock,77,2302,gradient,2,"[-2.048, 2.048]","[-0.20025851210478285, 1.9688600386403632]","[-0.973162691731896, 0.9550655357843572]",3.8998029056170527,1000,1002,"{""max_iterations"": 1000, ""rate"": 0.0001, ""tolerance"": 1e-06}"
rosenbrock,Rosenbrock,78,2303,gradient,2,"[-2.048, 2.048]","[2.0083003608792422, -1.1982296482612087]","[0.282524389023398, 0.07675318289213304]",0.515711807705633,1000,1002,"{""max_iterations"": 1000, ""rate"": 0.0001, ""tolerance"": 1e-06}"
rosenbrock,Rosenbrock,79,2304,gradient,2,"[-2.048, 2.048]","[-0.9275748126002992, 0.13671087967117312]","[-0.4479283699323813, 0.2078640124142095]",2.101715453426584,1000,1002,"{""max_iterations"": 1000, ""rate"": 0.0001, ""tolerance"": 1e-06}"
rosenbrock,Rosenbrock,80,2296,gradient,2,"[-2.048, 2.048]","[-1.7643312082090605, 1.1093735864405025]","[-1.0747630944062603, 1.1630499075747014]",4.310937048457455,1000,1002,"{""max_iterations"": 1000, ""rate"": 0.0001, ""tolerance"": 1e-06}"
rosenbrock,Rosenbrock,81,2297,gradient,2,"[-2.048, 2.048]","[-0.44194091836463123, -1.6177242647346133]","[0.149665183182583, 0.020142464242478484]",0.7235787971465328,1000,1002,"{""max_iterations"": 1000, ""rate"": 0.0001, ""tolerance"": 1e-06}"
rosenbrock,Rosenbrock,82,2298,gradient,2,"[-2.048, 2.048]","[-0.7525084654644101, 1.1944924123220884]","[-0.9349253995457051, 0.8821314153742604]",3.7504099728580313,1000,1002,"{""max_iterations"": 1000, ""rate"": 0.0001, ""tolerance"": 1e-06}"
rosenbrock,Rosenbrock,83,2299,gradient,2,"[-2.048, 2.048]","[0.1656918603585007, -1.237824202801895]","[0.17380460482869517, 0.027705409783825786]",0.6832251471323358,1000,1002,"{""max_iterations"": 1000, ""rate"": 0.0001, ""tolerance"": 1e-06}"
rosenbrock,Rosenbrock,84,2300,gradient,2,"[-2.048, 2.048]","[-1.910326886355604, 0.9494190442022341]","[-1.0254070914232323, 1.0594379981080455]",4.1086392050455505,1000,1002,"{""max_iterations"": 1000, ""rate"": 0.0001, ""tolerance"": 1e-06}"
rosenbrock,Rosenbrock,85,2301,gradient,2,"[-2.048, 2.048]","[-1.0955071376936858, 1.9004747718615236]","[-1.279749716080746, 1.645486331421092]",5.203229414089558,1000,1002,"{""max_iterations"": 1000, ""rate"": 0.0001, ""tolerance"": 1e-06}"
rosenbrock,Rosenbrock,86,2302,gradient,2,"[-2.048, 2.048]","[-0.20025851210478285, 1.9688600386403632]","[-0.973162691731896, 0.9550655357843572]",3.8998029056170527,1000,1002,"{""max_iterations"": 1000, ""rate"": 0.0001, ""tolerance"": 1e-06}"
rosenbrock,Rosenbrock,87,2303,gradient,2,"[-2.048, 2.048]","[2.0083003608792422, -1.1982296482612087]","[0.282524389023398, 0.07675318289213304]",0.515711807705633,1000,1002,"{""max_iterations"": 1000, ""rate"": 0.0001, ""tolerance"": 1e-06}"
rosenbrock,Rosenbrock,88,2304,gradient,2,"[-2.048, 2.048]","[-0.9275748126002992, 0.13671087967117312]","[-0.4479283699323813, 0.2078640124142095]",2.101715453426584,1000,1002,"{""max_iterations"": 1000, ""rate"": 0.0001, ""tolerance"": 1e-06}"
rosenbrock,Rosenbrock,89,2305,gradient,2,"[-2.048, 2.048]","[0.8950449620885785, -1.237611285329614]","[0.2170898415256348, 0.04429982801553782]",0.6137481715201755,1000,1002,"{""max_iterations"": 1000, ""rate"": 0.0001, ""tolerance"": 1e-06}"
rosenbrock,Rosenbrock,90,2297,gradient,2,"[-2.048, 2.048]","[-0.44194091836463123, -1.6177242647346133]","[0.149665183182583, 0.020142464242478484]",0.7235787971465328,1000,1002,"{""max_iterations"": 1000, ""rate"": 0.0001, ""tolerance"": 1e-06}"
rosenbrock,Rosenbrock,91,2298,gradient,2,"[-2.048, 2.048]","[-0.7525084654644101, 1.1944924123220884]","[-0.9349253995457051, 0.8821314153742604]",3.7504099728580313,1000,1002,"{""max_iterations"": 1000, ""rate"": 0.0001, ""tolerance"": 1e-06}"
rosenbrock,Rosenbrock,92,2299,gradient,2,"[-2.048, 2.048]","[0.1656918603585007, -1.237824202801895]","[0.17380460482869517, 0.027705409783825786]",0.6832251471323358,1000,1002,"{""max_iterations"": 1000, ""rate"": 0.0001, ""tolerance"": 1e-06}"
rosenbrock,Rosenbrock,93,2300,gradient,2,"[-2.048, 2.048]","[-1.910326886355604, 0.9494190442022341]","[-1.0254070914232323, 1.0594379981080455]",4.1086392050455505,1000,1002,"{""max_iterations"": 1000, ""rate"": 0.0001, ""tolerance"": 1e-06}"
rosenbrock,Rosenbrock,94,2301,gradient,2,"[-2.048, 2.048]","[-1.0955071376936858, 1.9004747718615236]","[-1.279749716080746, 1.645486331421092]",5.203229414089558,1000,1002,"{""max_iterations"": 1000, ""rate"": 0.0001, ""tolerance"": 1e-06}"
rosenbrock,Rosenbrock,95,2302,gradient,2,"[-2.048, 2.048]","[-0.20025851210478285, 1.9688600386403632]","[-0.973162691731896, 0.9550655357843572]",3.8998029056170527,1000,1002,"{""max_iterations"": 1000, ""rate"": 0.0001, ""tolerance"": 1e-06}"
rosenbrock,Rosenbrock,96,2303,gradient,2,"[-2.048, 2.048]","[2.0083003608792422, -1.1982296482612087]","[0.282524389023398, 0.07675318289213304]",0.515711807705633,1000,1002,"{""max_iterations"": 1000, ""rate"": 0.0001, ""tolerance"": 1e-06}"
rosenbrock,Rosenbrock,97,2304,gradient,2,"[-2.048, 2.048]","[-0.9275748126002992, 0.13671087967117312]","[-0.4479283699323813, 0.2078640124142095]",2.101715453426584,1000,1002,"{""max_iterations"": 1000, ""rate"": 0.0001, ""tolerance"": 1e-06}"
rosenbrock,Rosenbrock,98,2305,gradient,2,"[-2.048, 2.048]","[0.8950449620885785, -1.237611285329614]","[0.2170898415256348, 0.04429982801553782]",0.6137481715201755,1000,1002,"{""max_iterations"": 1000, ""rate"": 0.0001, ""tolerance"": 1e-06}"
rosenbrock,Rosenbrock,99,2306,gradient,2,"[-2.048, 2.048]","[1.3815737413273674, 1.0958759619604357]","[1.0960293246661255, 1.201642995898452]",0.009234787439822317,1000,1002,"{""max_iterations"": 1000, ""rate"": 0.0001, ""tolerance"": 1e-06}"
rosenbrock,Rosenbrock,100,2337,gradient,2,"[-2.048, 2.048]","[-1.110448683273522, 0.4096123734088404]","[-0.6523831096818633, 0.43358502996443987]",2.736740069166389,1000,1002,"{""max_iterations"": 1000, ""rate"": 0.0001, ""tolerance"": 1e-06}"
rosenbrock,Rosenbrock,101,2338,gradient,2,"[-2.048, 2.048]","[0.9869003471071531, -0.7677114246228993]","[0.30699812598927934, 0.09115842340189899]",0.48120605265800387,1000,1002,"{""max_iterations"": 1000, ""rate"": 0.0001, ""tolerance"": 1e-06}"
rosenbrock,Rosenbrock,102,2339,gradient,2,"[-2.048, 2.048]","[-0.5596568105510265, -1.157219220252534]","[0.12405268710337358, 0.013443098473062033]",0.7676623751690997,1000,1002,"{""max_iterations"": 1000, ""rate"": 0.0001, ""tolerance"": 1e-06}"
rosenbrock,Rosenbrock,103,2340,gradient,2,"[-2.048, 2.048]","[1.407090173140097, -1.4310535248888987]","[0.2187787487430187, 0.045026140538826136]",0.6111120680214117,1000,1002,"{""max_iterations"": 1000, ""rate"": 0.0001, ""tolerance"": 1e-06}"
rosenbrock,Rosenbrock,104,2341,gradient,2,"[-2.048, 2.048]","[-0.5962476441903228, -1.2036411989602775]","[0.12511534213930856, 0.013693935203398363]",0.7658072907057782,1000,1002,"{""max_iterations"": 1000, ""rate"": 0.0001, ""tolerance"": 1e-06}"
rosenbrock,Rosenbrock,105,2342,gradient,2,"[-2.048, 2.048]","[-0.6030737393469077, -1.0498840137316088]","[0.11077207336582036, 0.010506108217829232]",0.7910375964881894,1000,1002,"{""max_iterations"": 1000, ""rate"": 0.0001, ""tolerance"": 1e-06}"
rosenbrock,Rosenbrock,106,2343,gradient,2,"[-2.048, 2.048]","[-0.2818295317337287, -1.815074198064459]","[0.15582511635067076, 0.021957207288642595]",0.71317145245181,1000,1002,"{""max_iterations"": 1000, ""rate"": 0.0001, ""tolerance"": 1e-06}"
rosenbrock,Rosenbrock,107,2344,gradient,2,"[-2.048, 2.048]","[-1.6593854367064378, 1.9773261333044347]","[-1.375381675261066, 1.8993017385333548]",5.6482551945418065,1000,1002,"{""max_iterations"": 1000, ""rate"": 0.0001, ""tolerance"": 1e-06}"
rosenbrock,Rosenbrock,108,2345,gradient,2,"[-2.048, 2.048]","[0.6579990905790711, -0.3538917293203312]","[0.36958006953778766, 0.13356965023500478]",0.3983411943779173,1000,1002,"{""max_iterations"": 1000, ""rate"": 0.0001, ""tolerance"": 1e-06}"
rosenbrock,Rosenbrock,109,2346,gradient,2,"[-2.048, 2.048]","[-1.73404799484475, -1.2634778772480364]","[0.06681439930277043, 0.003393249763725387]",0.870950051068983,1000,1002,"{""max_iterations"": 1000, ""rate"": 0.0001, ""tolerance"": 1e-06}"
rosenbrock,Rosenbrock,110,2338,gradient,2,"[-2.048, 2.048]","[0.9869003471071531, -0.7677114246228993]","[0.30699812598927934, 0.09115842340189899]",0.48120605265800387,1000,1002,"{""max_iterations"": 1000, ""rate"": 0.0001, ""tolerance"": 1e-06}"
rosenbrock,Rosenbrock,111,2339,gradient,2,"[-2.048, 2.048]","[-0.5596568105510265, -1.157219220252534]","[0.12405268710337358, 0.013443098473062033]",0.7676623751690997,1000,1002,"{""max_iterations"": 1000, ""rate"": 0.0001, ""tolerance"": 1e-06}"
rosenbrock,Rosenbrock,112,2340,gradient,2,"[-2.048, 2.048]","[1.407090173140097, -1.4310535248888987]","[0.2187787487430187, 0.045026140538826136]",0.6111120680214117,1000,1002,"{""max_iterations"": 1000, ""rate"": 0.0001, ""tolerance"": 1e-06}"
rosenbrock,Rosenbrock,113,2341,gradient,2,"[-2.048, 2.048]","[-0.5962476441903228, -1.2036411989602775]","[0.12511534213930856, 0.013693935203398363]",0.7658072907057782,1000,1002,"{""max_iterations"": 1000, ""rate"": 0.0001, ""tolerance"": 1e-06}"
rosenbrock,Rosenbrock,114,2342,gradient,2,"[-2.048, 2.048]","[-0.6030737393469077, -1.0498840137316088]","[0.11077207336582036, 0.010506108217829232]",0.7910375964881894,1000,1002,"{""max_iterations"": 1000, ""rate"": 0.0001, ""tolerance"": 1e-06}"
rosenbrock,Rosenbrock,115,2343,gradient,2,"[-2.048, 2.048]","[-0.2818295317337287, -1.815074198064459]","[0.15582511635067076, 0.021957207288642595]",0.71317145245181,1000,1002,"{""max_iterations"": 1000, ""rate"": 0.0001, ""tolerance"": 1e-06}"
rosenbrock,Rosenbrock,116,2344,gradient,2,"[-2.048, 2.048]","[-1.6593854367064378, 1.9773261333044347]","[-1.375381675261066, 1.8993017385333548]",5.6482551945418065,1000,1002,"{""max_iterations"": 1000, ""rate"": 0.0001, ""tolerance"": 1e-06}"
rosenbrock,Rosenbrock,117,2345,gradient,2,"[-2.048, 2.048]","[0.6579990905790711, -0.3538917293203312]","[0.36958006953778766, 0.13356965023500478]",0.3983411943779173,1000,1002,"{""max_iterations"": 1000, ""rate"": 0.0001, ""tolerance"": 1e-06}"
rosenbrock,Rosenbrock,118,2346,gradient,2,"[-2.048, 2.048]","[-1.73404799484475, -1.2634778772480364]","[0.06681439930277043, 0.003393249763725387]",0.870950051068983,1000,1002,"{""max_iterations"": 1000, ""rate"": 0.0001, ""tolerance"": 1e-06}"
rosenbrock,Rosenbrock,119,2347,gradient,2,"[-2.048, 2.048]","[0.20630241938255223, -0.8858881802066376]","[0.19138665523260373, 0.033976575083345346]",0.6545589985146828,1000,1002,"{""max_iterations"": 1000, ""rate"": 0.0001, ""tolerance"": 1e-06}"
rosenbrock,Rosenbrock,120,2339,gradient,2,"[-2.048, 2.048]","[-0.5596568105510265, -1.157219220252534]","[0.12405268710337358, 0.013443098473062033]",0.7676623751690997,1000,1002,"{""max_iterations"": 1000, ""rate"": 0.0001, ""tolerance"": 1e-06}"
rosenbrock,Rosenbrock,121,2340,gradient,2,"[-2.048, 2.048]","[1.407090173140097, -1.4310535248888987]","[0.2187787487430187, 0.045026140538826136]",0.6111120680214117,1000,1002,"{""max_iterations"": 1000, ""rate"": 0.0001, ""tolerance"": 1e-06}"
rosenbrock,Rosenbrock,122,2341,gradient,2,"[-2.048, 2.048]","[-0.5962476441903228, -1.2036411989602775]","[0.12511534213930856, 0.013693935203398363]",0.7658072907057782,1000,1002,"{""max_iterations"": 1000, ""rate"": 0.0001, ""tolerance"": 1e-06}"
rosenbrock,Rosenbrock,123,2342,gradient,2,"[-2.048, 2.048]","[-0.6030737393469077, -1.0498840137316088]","[0.11077207336582036, 0.010506108217829232]",0.7910375964881894,1000,1002,"{""max_iterations"": 1000, ""rate"": 0.0001, ""tolerance"": 1e-06}"
rosenbrock,Rosenbrock,124,2343,gradient,2,"[-2.048, 2.048]","[-0.2818295317337287, -1.815074198064459]","[0.15582511635067076, 0.021957207288642595]",0.71317145245181,1000,1002,"{""max_iterations"": 1000, ""rate"": 0.0001, ""tolerance"": 1e-06}"
rosenbrock,Rosenbrock,125,2344,gradient,2,"[-2.048, 2.048]","[-1.6593854367064378, 1.9773261333044347]","[-1.375381675261066, 1.8993017385333548]",5.6482551945418065,1000,1002,"{""max_iterations"": 1000, ""rate"": 0.0001, ""tolerance"": 1e-06}"
rosenbrock,Rosenbrock,126,2345,gradient,2,"[-2.048, 2.048]","[0.6579990905790711, -0.3538917293203312]","[0.36958006953778766, 0.13356965023500478]",0.3983411943779173,1000,1002,"{""max_iterations"": 1000, ""rate"": 0.0001, ""tolerance"": 1e-06}"
rosenbrock,Rosenbrock,127,2346,gradient,2,"[-2.048, 2.048]","[-1.73404799484475, -1.2634778772480364]","[0.06681439930277043, 0.003393249763725387]",0.870950051068983,1000,1002,"{""max_iterations"": 1000, ""rate"": 0.0001, ""tolerance"": 1e-06}"
rosenbrock,Rosenbrock,128,2347,gradient,2,"[-2.048, 2.048]","[0.20630241938255223, -0.8858881802066376]","[0.19138665523260373, 0.033976575083345346]",0.6545589985146828,1000,1002,"{""max_iterations"": 1000, ""rate"": 0.0001, ""tolerance"": 1e-06}"
rosenbrock,Rosenbrock,129,2348,gradient,2,"[-2.048, 2.048]","[1.9794994887698856, 0.7046476483274784]","[1.0135899732326585, 1.0274185725743188]",0.000184978311194299,1000,1002,"{""max_iterations"": 1000, ""rate"": 0.0001, ""tolerance"": 1e-06}"
rosenbrock,Rosenbrock,130,2340,gradient,2,"[-2.048, 2.048]","[1.407090173140097, -1.4310535248888987]","[0.2187787487430187, 0.045026140538826136]",0.6111120680214117,1000,1002,"{""max_iterations"": 1000, ""rate"": 0.0001, ""tolerance"": 1e-06}"
rosenbrock,Rosenbrock,131,2341,gradient,2,"[-2.048, 2.048]","[-0.5962476441903228, -1.2036411989602775]","[0.12511534213930856, 0.013693935203398363]",0.7658072907057782,1000,1002,"{""max_iterations"": 1000, ""rate"": 0.0001, ""tolerance"": 1e-06}"
rosenbrock,Rosenbrock,132,2342,gradient,2,"[-2.048, 2.048]","[-0.6030737393469077, -1.0498840137316088]","[0.11077207336582036, 0.010506108217829232]",0.7910375964881894,1000,1002,"{""max_iterations"": 1000, ""rate"": 0.0001, ""tolerance"": 1e-06}"
rosenbrock,Rosenbrock,133,2343,gradient,2,"[-2.048, 2.048]","[-0.2818295317337287, -1.815074198064459]","[0.15582511635067076, 0.021957207288642595]",0.71317145245181,1000,1002,"{""max_iterations"": 1000, ""rate"": 0.0001, ""tolerance"": 1e-06}"
rosenbrock,Rosenbrock,134,2344,gradient,2,"[-2.048, 2.048]","[-1.6593854367064378, 1.9773261333044347]","[-1.375381675261066, 1.8993017385333548]",5.6482551945418065,1000,1002,"{""max_iterations"": 1000, ""rate"": 0.0001, ""tolerance"": 1e-06}"
rosenbrock,Rosenbrock,135,2345,gradient,2,"[-2.048, 2.048]","[0.6579990905790711, -0.3538917293203312]","[0.36958006953778766, 0.13356965023500478]",0.3983411943779173,1000,1002,"{""max_iterations"": 1000, ""rate"": 0.0001, ""tolerance"": 1e-06}"
rosenbrock,Rosenbrock,136,2346,gradient,2,"[-2.048, 2.048]","[-1.73404799484475, -1.2634778772480364]","[0.06681439930277043, 0.003393249763725387]",0.870950051068983,1000,1002,"{""max_iterations"": 1000, ""rate"": 0.0001, ""tolerance"": 1e-06}"
rosenbrock,Rosenbrock,137,2347,gradient,2,"[-2.048, 2.048]","[0.20630241938255223, -0.8858881802066376]","[0.19138665523260373, 0.033976575083345346]",0.6545589985146828,1000,1002,"{""max_iterations"": 1000, ""rate"": 0.0001, ""tolerance"": 1e-06}"
rosenbrock,Rosenbrock,138,2348,gradient,2,"[-2.048, 2.048]","[1.9794994887698856, 0.7046476483274784]","[1.0135899732326585, 1.0274185725743188]",0.000184978311194299,1000,1002,"{""max_iterations"": 1000, ""rate"": 0.0001, ""tolerance"": 1e-06}"
rosenbrock,Rosenbrock,139,2349,gradient,2,"[-2.048, 2.048]","[1.8485183115189976, 0.97194542019668]","[1.1019893368242226, 1.2147643531361705]",0.010416559265989464,1000,1002,"{""max_iterations"": 1000, ""rate"": 0.0001, ""tolerance"": 1e-06}"
rosenbrock,Rosenbrock,140,2341,gradient,2,"[-2.048, 2.048]","[-0.5962476441903228, -1.2036411989602775]","[0.12511534213930856, 0.013693935203398363]",0.7658072907057782,1000,1002,"{""max_iterations"": 1000, ""rate"": 0.0001, ""tolerance"": 1e-06}"
rosenbrock,Rosenbrock,141,2342,gradient,2,"[-2.048, 2.048]","[-0.6030737393469077, -1.0498840137316088]","[0.11077207336582036, 0.010506108217829232]",0.7910375964881894,1000,1002,"{""max_iterations"": 1000, ""rate"": 0.0001, ""tolerance"": 1e-06}"
rosenbrock,Rosenbrock,142,2343,gradient,2,"[-2.048, 2.048]","[-0.2818295317337287, -1.815074198064459]","[0.15582511635067076, 0.021957207288642595]",0.71317145245181,1000,1002,"{""max_iterations"": 1000, ""rate"": 0.0001, ""tolerance"": 1e-06}"
rosenbrock,Rosenbrock,143,2344,gradient,2,"[-2.048, 2.048]","[-1.6593854367064378, 1.9773261333044347]","[-1.375381675261066, 1.8993017385333548]",5.6482551945418065,1000,1002,"{""max_iterations"": 1000, ""rate"": 0.0001, ""tolerance"": 1e-06}"
rosenbrock,Rosenbrock,144,2345,gradient,2,"[-2.048, 2.048]","[0.6579990905790711, -0.3538917293203312]","[0.36958006953778766, 0.13356965023500478]",0.3983411943779173,1000,1002,"{""max_iterations"": 1000, ""rate"": 0.0001, ""tolerance"": 1e-06}"
rosenbrock,Rosenbrock,145,2346,gradient,2,"[-2.048, 2.048]","[-1.73404799484475, -1.2634778772480364]","[0.06681439930277043, 0.003393249763725387]",0.870950051068983,1000,1002,"{""max_iterations"": 1000, ""rate"": 0.0001, ""tolerance"": 1e-06}"
rosenbrock,Rosenbrock,146,2347,gradient,2,"[-2.048, 2.048]","[0.20630241938255223, -0.8858881802066376]","[0.19138665523260373, 0.033976575083345346]",0.6545589985146828,1000,1002,"{""max_iterations"": 1000, ""rate"": 0.0001, ""tolerance"": 1e-06}"
rosenbrock,Rosenbrock,147,2348,gradient,2,"[-2.048, 2.048]","[1.9794994887698856, 0.7046476483274784]","[1.0135899732326585, 1.0274185725743188]",0.000184978311194299,1000,1002,"{""max_iterations"": 1000, ""rate"": 0.0001, ""tolerance"": 1e-06}"
rosenbrock,Rosenbrock,148,2349,gradient,2,"[-2.048, 2.048]","[1.8485183115189976, 0.97194542019668]","[1.1019893368242226, 1.2147643531361705]",0.010416559265989464,1000,1002,"{""max_iterations"": 1000, ""rate"": 0.0001, ""tolerance"": 1e-06}"
rosenbrock,Rosenbrock,149,2350,gradient,2,"[-2.048, 2.048]","[-0.8845594597350019, 0.04938295195661313]","[-0.38107591804973134, 0.15192608612540243]",1.911869385928029,1000,1002,"{""max_iterations"": 1000, ""rate"": 0.0001, ""tolerance"": 1e-06}"
rosenbrock,Rosenbrock,150,2342,gradient,2,"[-2.048, 2.048]","[-0.6030737393469077, -1.0498840137316088]","[0.11077207336582036, 0.010506108217829232]",0.7910375964881894,1000,1002,"{""max_iterations"": 1000, ""rate"": 0.0001, ""tolerance"": 1e-06}"
rosenbrock,Rosenbrock,151,2343,gradient,2,"[-2.048, 2.048]","[-0.2818295317337287, -1.815074198064459]","[0.15582511635067076, 0.021957207288642595]",0.71317145245181,1000,1002,"{""max_iterations"": 1000, ""rate"": 0.0001, ""tolerance"": 1e-06}"
rosenbrock,Rosenbrock,152,2344,gradient,2,"[-2.048, 2.048]","[-1.6593854367064378, 1.9773261333044347]","[-1.375381675261066, 1.8993017385333548]",5.6482551945418065,1000,1002,"{""max_iterations"": 1000, ""rate"": 0.0001, ""tolerance"": 1e-06}"
rosenbrock,Rosenbrock,153,2345,gradient,2,"[-2.048, 2.048]","[0.6579990905790711, -0.3538917293203312]","[0.36958006953778766, 0.13356965023500478]",0.3983411943779173,1000,1002,"{""max_iterations"": 1000, ""rate"": 0.0001, ""tolerance"": 1e-06}"
rosenbrock,Rosenbrock,154,2346,gradient,2,"[-2.048, 2.048]","[-1.73404799484475, -1.2634778772480364]","[0.06681439930277043, 0.003393249763725387]",0.870950051068983,1000,1002,"{""max_iterations"": 1000, ""rate"": 0.0001, ""tolerance"": 1e-06}"
rosenbrock,Rosenbrock,155,2347,gradient,2,"[-2.048, 2.048]","[0.20630241938255223, -0.8858881802066376]","[0.19138665523260373, 0.033976575083345346]",0.6545589985146828,1000,1002,"{""max_iterations"": 1000, ""rate"": 0.0001, ""tolerance"": 1e-06}"
rosenbrock,Rosenbrock,156,2348,gradient,2,"[-2.048, 2.048]","[1.9794994887698856, 0.7046476483274784]","[1.0135899732326585, 1.0274185725743188]",0.000184978311194299,1000,1002,"{""max_iterations"": 1000, ""rate"": 0.0001, ""tolerance"": 1e-06}"
rosenbrock,Rosenbrock,157,2349,gradient,2,"[-2.048, 2.048]","[1.8485183115189976, 0.97194542019668]","[1.1019893368242226, 1.2147643531361705]",0.010416559265989464,1000,1002,"{""max_iterations"": 1000, ""rate"": 0.0001, ""tolerance"": 1e-06}"
rosenbrock,Rosenbrock,158,2350,gradient,2,"[-2.048, 2.048]","[-0.8845594597350019, 0.04938295195661313]","[-0.38107591804973134, 0.15192608612540243]",1.911869385928029,1000,1002,"{""max_iterations"": 1000, ""rate"": 0.0001, ""tolerance"": 1e-06}"
rosenbrock,Rosenbrock,159,2351,gradient,2,"[-2.048, 2.048]","[-0.739260285876977, -1.6846395027686585]","[0.1440212561242463, 0.018549023274891115]",0.7331805782634895,1000,1002,"{""max_iterations"": 1000, ""rate"": 0.0001, ""tolerance"": 1e-06}"
rosenbrock,Rosenbrock,160,2343,gradient,2,"[-2.048, 2.048]","[-0.2818295317337287, -1.815074198064459]","[0.15582511635067076, 0.021957207288642595]",0.71317145245181,1000,1002,"{""max_iterations"": 1000, ""rate"": 0.0001, ""tolerance"": 1e-06}"
rosenbrock,Rosenbrock,161,2344,gradient,2,"[-2.048, 2.048]","[-1.6593854367064378, 1.9773261333044347]","[-1.375381675261066, 1.8993017385333548]",5.6482551945418065,1000,1002,"{""max_iterations"": 1000, ""rate"": 0.0001, ""tolerance"": 1e-06}"
rosenbrock,Rosenbrock,162,2345,gradient,2,"[-2.048, 2.048]","[0.6579990905790711, -0.3538917293203312]","[0.36958006953778766, 0.13356965023500478]",0.3983411943779173,1000,1002,"{""max_iterations"": 1000, ""rate"": 0.0001, ""tolerance"": 1e-06}"
rosenbrock,Rosenbrock,163,2346,gradient,2,"[-2.048, 2.048]","[-1.73404799484475, -1.2634778772480364]","[0.06681439930277043, 0.003393249763725387]",0.870950051068983,1000,1002,"{""max_iterations"": 1000, ""rate"": 0.0001, ""tolerance"": 1e-06}"
rosenbrock,Rosenbrock,164,2347,gradient,2,"[-2.048, 2.048]","[0.20630241938255223, -0.8858881802066376]","[0.19138665523260373, 0.033976575083345346]",0.6545589985146828,1000,1002,"{""max_iterations"": 1000, ""rate"": 0.0001, ""tolerance"": 1e-06}"
rosenbrock,Rosenbrock,165,2348,gradient,2,"[-2.048, 2.048]","[1.9794994887698856, 0.7046476483274784]","[1.0135899732326585, 1.0274185725743188]",0.000184978311194299,1000,1002,"{""max_iterations"": 1000, ""rate"": 0.0001, ""tolerance"": 1e-06}"
rosenbrock,Rosenbrock,166,2349,gradient,2,"[-2.048, 2.048]","[1.8485183115189976, 0.97194542019668]","[1.1019893368242226, 1.2147643531361705]",0.010416559265989464,1000,1002,"{""max_iterations"": 1000, ""rate"": 0.0001, ""tolerance"": 1e-06}"
rosenbrock,Rosenbrock,167,2350,gradient,2,"[-2.048, 2.048]","[-0.8845594597350019, 0.04938295195661313]","[-0.38107591804973134, 0.15192608612540243]",1.911869385928029,1000,1002,"{""max_iterations"": 1000, ""rate"": 0.0001, ""tolerance"": 1e-06}"
rosenbrock,Rosenbrock,168,2351,gradient,2,"[-2.048, 2.048]","[-0.739260285876977, -1.6846395027686585]","[0.1440212561242463, 0.018549023274891115]",0.7331805782634895,1000,1002,"{""max_iterations"": 1000, ""rate"": 0.0001, ""tolerance"": 1e-06}"
rosenbrock,Rosenbrock,169,2352,gradient,2,"[-2.048, 2.048]","[-0.9988935866602291, 1.4867606849114368]","[-1.1123434345196064, 1.2452063004578513]",4.468233232558771,1000,1002,"{""max_iterations"": 1000, ""rate"": 0.0001, ""tolerance"": 1e-06}"
rosenbrock,Rosenbrock,170,2344,gradient,2,"[-2.048, 2.048]","[-1.6593854367064378, 1.9773261333044347]","[-1.375381675261066, 1.8993017385333548]",5.6482551945418065,1000,1002,"{""max_iterations"": 1000, ""rate"": 0.0001, ""tolerance"": 1e-06}"
rosenbrock,Rosenbrock,171,2345,gradient,2,"[-2.048, 2.048]","[0.6579990905790711, -0.3538917293203312]","[0.36958006953778766, 0.13356965023500478]",0.3983411943779173,1000,1002,"{""max_iterations"": 1000, ""rate"": 0.0001, ""tolerance"": 1e-06}"
rosenbrock,Rosenbrock,172,2346,gradient,2,"[-2.048, 2.048]","[-1.73404799484475, -1.2634778772480364]","[0.06681439930277043, 0.003393249763725387]",0.870950051068983,1000,1002,"{""max_iterations"": 1000, ""rate"": 0.0001, ""tolerance"": 1e-06}"
rosenbrock,Rosenbrock,173,2347,gradient,2,"[-2.048, 2.048]","[0.20630241938255223, -0.8858881802066376]","[0.19138665523260373, 0.033976575083345346]",0.6545589985146828,1000,1002,"{""max_iterations"": 1000, ""rate"": 0.0001, ""tolerance"": 1e-06}"
rosenbrock,Rosenbrock,174,2348,gradient,2,"[-2.048, 2.048]","[1.9794994887698856, 0.7046476483274784]","[1.0135899732326585, 1.0274185725743188]",0.000184978311194299,1000,1002,"{""max_iterations"": 1000, ""rate"": 0.0001, ""tolerance"": 1e-06}"
rosenbrock,Rosenbrock,175,2349,gradient,2,"[-2.048, 2.048]","[1.8485183115189976, 0.97194542019668]","[1.1019893368242226, 1.2147643531361705]",0.010416559265989464,1000,1002,"{""max_iterations"": 1000, ""rate"": 0.0001, ""tolerance"": 1e-06}"
rosenbrock,Rosenbrock,176,2350,gradient,2,"[-2.048, 2.048]","[-0.8845594597350019, 0.04938295195661313]","[-0.38107591804973134, 0.15192608612540243]",1.911869385928029,1000,1002,"{""max_iterations"": 1000, ""rate"": 0.0001, ""tolerance"": 1e-06}"
rosenbrock,Rosenbrock,177,2351,gradient,2,"[-2.048, 2.048]","[-0.739260285876977, -1.6846395027686585]","[0.1440212561242463, 0.018549023274891115]",0.7331805782634895,1000,1002,"{""max_iterations"": 1000, ""rate"": 0.0001, ""tolerance"": 1e-06}"
rosenbrock,Rosenbrock,178,2352,gradient,2,"[-2.048, 2.048]","[-0.9988935866602291, 1.4867606849114368]","[-1.1123434345196064, 1.2452063004578513]",4.468233232558771,1000,1002,"{""max_iterations"": 1000, ""rate"": 0.0001, ""tolerance"": 1e-06}"
rosenbrock,Rosenbrock,179,2353,gradient,2,"[-2.048, 2.048]","[-1.1673971424315164, -0.32803799198959904]","[-0.23445921518482452, 0.05984734920726719]",1.5262673115865768,1000,1002,"{""max_iterations"": 1000, ""rate"": 0.0001, ""tolerance"": 1e-06}"
rosenbrock,Rosenbrock,180,2345,gradient,2,"[-2.048, 2.048]","[0.6579990905790711, -0.3538917293203312]","[0.36958006953778766, 0.13356965023500478]",0.3983411943779173,1000,1002,"{""max_iterations"": 1000, ""rate"": 0.0001, ""tolerance"": 1e-06}"
rosenbrock,Rosenbrock,181,2346,gradient,2,"[-2.048, 2.048]","[-1.73404799484475, -1.2634778772480364]","[0.06681439930277043, 0.003393249763725387]",0.870950051068983,1000,1002,"{""max_iterations"": 1000, ""rate"": 0.0001, ""tolerance"": 1e-06}"
rosenbrock,Rosenbrock,182,2347,gradient,2,"[-2.048, 2.048]","[0.20630241938255223, -0.8858881802066376]","[0.19138665523260373, 0.033976575083345346]",0.6545589985146828,1000,1002,"{""max_iterations"": 1000, ""rate"": 0.0001, ""tolerance"": 1e-06}"
rosenbrock,Rosenbrock,183,2348,gradient,2,"[-2.048, 2.048]","[1.9794994887698856, 0.7046476483274784]","[1.0135899732326585, 1.0274185725743188]",0.000184978311194299,1000,1002,"{""max_iterations"": 1000, ""rate"": 0.0001, ""tolerance"": 1e-06}"
rosenbrock,Rosenbrock,184,2349,gradient,2,"[-2.048, 2.048]","[1.8485183115189976, 0.97194542019668]","[1.1019893368242226, 1.2147643531361705]",0.010416559265989464,1000,1002,"{""max_iterations"": 1000, ""rate"": 0.0001, ""tolerance"": 1e-06}"
rosenbrock,Rosenbrock,185,2350,gradient,2,"[-2.048, 2.048]","[-0.8845594597350019, 0.04938295195661313]","[-0.38107591804973134, 0.15192608612540243]",1.911869385928029,1000,1002,"{""max_iterations"": 1000, ""rate"": 0.0001, ""tolerance"": 1e-06}"
rosenbrock,Rosenbrock,186,2351,gradient,2,"[-2.048, 2.048]","[-0.739260285876977, -1.6846395027686585]","[0.1440212561242463, 0.018549023274891115]",0.7331805782634895,1000,1002,"{""max_iterations"": 1000, ""rate"": 0.0001, ""tolerance"": 1e-06}"
rosenbrock,Rosenbrock,187,2352,gradient,2,"[-2.048, 2.048]","[-0.9988935866602291, 1.4867606849114368]","[-1.1123434345196064, 1.2452063004578513]",4.468233232558771,1000,1002,"{""max_iterations"": 1000, ""rate"": 0.0001, ""tolerance"": 1e-06}"
rosenbrock,Rosenbrock,188,2353,gradient,2,"[-2.048, 2.048]","[-1.1673971424315164, -0.32803799198959904]","[-0.23445921518482452, 0.05984734920726719]",1.5262673115865768,1000,1002,"{""max_iterations"": 1000, ""rate"": 0.0001, ""tolerance"": 1e-06}"
rosenbrock,Rosenbrock,189,2354,gradient,2,"[-2.048, 2.048]","[-0.616868571832123, -1.411828340183427]","[0.13681713509257215, 0.01661134615103212]",0.745528848586569,1000,1002,"{""max_iterations"": 1000, ""rate"": 0.0001, ""tolerance"": 1e-06}"
rosenbrock,Rosenbrock,190,2346,gradient,2,"[-2.048, 2.048]","[-1.73404799484475, -1.2634778772480364]","[0.06681439930277043, 0.003393249763725387]",0.870950051068983,1000,1002,"{""max_iterations"": 1000, ""rate"": 0.0001, ""tolerance"": 1e-06}"
rosenbrock,Rosenbrock,191,2347,gradient,2,"[-2.048, 2.048]","[0.20630241938255223, -0.8858881802066376]","[0.19138665523260373, 0.033976575083345346]",0.6545589985146828,1000,1002,"{""max_iterations"": 1000, ""rate"": 0.0001, ""tolerance"": 1e-06}"
rosenbrock,Rosenbrock,192,2348,gradient,2,"[-2.048, 2.048]","[1.9794994887698856, 0.7046476483274784]","[1.0135899732326585, 1.0274185725743188]",0.000184978311194299,1000,1002,"{""max_iterations"": 1000, ""rate"": 0.0001, ""tolerance"": 1e-06}"
rosenbrock,Rosenbrock,193,2349,gradient,2,"[-2.048, 2.048]","[1.8485183115189976, 0.97194542019668]","[1.1019893368242226, 1.2147643531361705]",0.010416559265989464,1000,1002,"{""max_iterations"": 1000, ""rate"": 0.0001, ""tolerance"": 1e-06}"
rosenbrock,Rosenbrock,194,2350,gradient,2,"[-2.048, 2.048]","[-0.8845594597350019, 0.04938295195661313]","[-0.38107591804973134, 0.15192608612540243]",1.911869385928029,1000,1002,"{""max_iterations"": 1000, ""rate"": 0.0001, ""tolerance"": 1e-06}"
rosenbrock,Rosenbrock,195,2351,gradient,2,"[-2.048, 2.048]","[-0.739260285876977, -1.6846395027686585]","[0.1440212561242463, 0.018549023274891115]",0.7331805782634895,1000,1002,"{""max_iterations"": 1000, ""rate"": 0.0001, ""tolerance"": 1e-06}"
rosenbrock,Rosenbrock,196,2352,gradient,2,"[-2.048, 2.048]","[-0.9988935866602291, 1.4867606849114368]","[-1.1123434345196064, 1.2452063004578513]",4.468233232558771,1000,1002,"{""max_iterations"": 1000, ""rate"": 0.0001, ""tolerance"": 1e-06}"
rosenbrock,Rosenbrock,197,2353,gradient,2,"[-2.048, 2.048]","[-1.1673971424315164, -0.32803799198959904]","[-0.23445921518482452, 0.05984734920726719]",1.5262673115865768,1000,1002,"{""max_iterations"": 1000, ""rate"": 0.0001, ""tolerance"": 1e-06}"
rosenbrock,Rosenbrock,198,2354,gradient,2,"[-2.048, 2.048]","[-0.616868571832123, -1.411828340183427]","[0.13681713509257215, 0.01661134615103212]",0.745528848586569,1000,1002,"{""max_iterations"": 1000, ""rate"": 0.0001, ""tolerance"": 1e-06}"
rosenbrock,Rosenbrock,199,2355,gradient,2,"[-2.048, 2.048]","[-1.2075672827210213, 0.5107777739506347]","[-0.7261181154669851, 0.5353113976178195]",2.9859863646224345,1000,1002,"{""max_iterations"": 1000, ""rate"": 0.0001, ""tolerance"": 1e-06}"
rosenbrock,Rosenbrock,200,2338,gradient,2,"[-2.048, 2.048]","[0.9869003471071531, -0.7677114246228993]","[0.30699812598927934, 0.09115842340189899]",0.48120605265800387,1000,1002,"{""max_iterations"": 1000, ""rate"": 0.0001, ""tolerance"": 1e-06}"
rosenbrock,Rosenbrock,201,2339,gradient,2,"[-2.048, 2.048]","[-0.5596568105510265, -1.157219220252534]","[0.12405268710337358, 0.013443098473062033]",0.7676623751690997,1000,1002,"{""max_iterations"": 1000, ""rate"": 0.0001, ""tolerance"": 1e-06}"
rosenbrock,Rosenbrock,202,2340,gradient,2,"[-2.048, 2.048]","[1.407090173140097, -1.4310535248888987]","[0.2187787487430187, 0.045026140538826136]",0.6111120680214117,1000,1002,"{""max_iterations"": 1000, ""rate"": 0.0001, ""tolerance"": 1e-06}"
rosenbrock,Rosenbrock,203,2341,gradient,2,"[-2.048, 2.048]","[-0.5962476441903228, -1.2036411989602775]","[0.12511534213930856, 0.013693935203398363]",0.7658072907057782,1000,1002,"{""max_iterations"": 1000, ""rate"": 0.0001, ""tolerance"": 1e-06}"
rosenbrock,Rosenbrock,204,2342,gradient,2,"[-2.048, 2.048]","[-0.6030737393469077, -1.0498840137316088]","[0.11077207336582036, 0.010506108217829232]",0.7910375964881894,1000,1002,"{""max_iterations"": 1000, ""rate"": 0.0001, ""tolerance"": 1e-06}"
rosenbrock,Rosenbrock,205,2343,gradient,2,"[-2.048, 2.048]","[-0.2818295317337287, -1.815074198064459]","[0.15582511635067076, 0.021957207288642595]",0.71317145245181,1000,1002,"{""max_iterations"": 1000, ""rate"": 0.0001, ""tolerance"": 1e-06}"
rosenbrock,Rosenbrock,206,2344,gradient,2,"[-2.048, 2.048]","[-1.6593854367064378, 1.9773261333044347]","[-1.375381675261066, 1.8993017385333548]",5.6482551945418065,1000,1002,"{""max_iterations"": 1000, ""rate"": 0.0001, ""tolerance"": 1e-06}"
rosenbrock,Rosenbrock,207,2345,gradient,2,"[-2.048, 2.048]","[0.6579990905790711, -0.3538917293203312]","[0.36958006953778766, 0.13356965023500478]",0.3983411943779173,1000,1002,"{""max_iterations"": 1000, ""rate"": 0.0001, ""tolerance"": 1e-06}"
rosenbrock,Rosenbrock,208,2346,gradient,2,"[-2.048, 2.048]","[-1.73404799484475, -1.2634778772480364]","[0.06681439930277043, 0.003393249763725387]",0.870950051068983,1000,1002,"{""max_iterations"": 1000, ""rate"": 0.0001, ""tolerance"": 1e-06}"
rosenbrock,Rosenbrock,209,2347,gradient,2,"[-2.048, 2.048]","[0.20630241938255223, -0.8858881802066376]","[0.19138665523260373, 0.033976575083345346]",0.6545589985146828,1000,1002,"{""max_iterations"": 1000, ""rate"": 0.0001, ""tolerance"": 1e-06}"
rosenbrock,Rosenbrock,210,2339,gradient,2,"[-2.048, 2.048]","[-0.5596568105510265, -1.157219220252534]","[0.12405268710337358, 0.013443098473062033]",0.7676623751690997,1000,1002,"{""max_iterations"": 1000, ""rate"": 0.0001, ""tolerance"": 1e-06}"
rosenbrock,Rosenbrock,211,2340,gradient,2,"[-2.048, 2.048]","[1.407090173140097, -1.4310535248888987]","[0.2187787487430187, 0.045026140538826136]",0.6111120680214117,1000,1002,"{""max_iterations"": 1000, ""rate"": 0.0001, ""tolerance"": 1e-06}"
rosenbrock,Rosenbrock,212,2341,gradient,2,"[-2.048, 2.048]","[-0.5962476441903228, -1.2036411989602775]","[0.12511534213930856, 0.013693935203398363]",0.7658072907057782,1000,1002,"{""max_iterations"": 1000, ""rate"": 0.0001, ""tolerance"": 1e-06}"
rosenbrock,Rosenbrock,213,2342,gradient,2,"[-2.048, 2.048]","[-0.6030737393469077, -1.0498840137316088]","[0.11077207336582036, 0.010506108217829232]",0.7910375964881894,1000,1002,"{""max_iterations"": 1000, ""rate"": 0.0001, ""tolerance"": 1e-06}"
rosenbrock,Rosenbrock,214,2343,gradient,2,"[-2.048, 2.048]","[-0.2818295317337287, -1.815074198064459]","[0.15582511635067076, 0.021957207288642595]",0.71317145245181,1000,1002,"{""max_iterations"": 1000, ""rate"": 0.0001, ""tolerance"": 1e-06}"
rosenbrock,Rosenbrock,215,2344,gradient,2,"[-2.048, 2.048]","[-1.6593854367064378, 1.9773261333044347]","[-1.375381675261066, 1.8993017385333548]",5.6482551945418065,1000,1002,"{""max_iterations"": 1000, ""rate"": 0.0001, ""tolerance"": 1e-06}"
rosenbrock,Rosenbrock,216,2345,gradient,2,"[-2.048, 2.048]","[0.6579990905790711, -0.3538917293203312]","[0.36958006953778766, 0.13356965023500478]",0.3983411943779173,1000,1002,"{""max_iterations"": 1000, ""rate"": 0.0001, ""tolerance"": 1e-06}"
rosenbrock,Rosenbrock,217,2346,gradient,2,"[-2.048, 2.048]","[-1.73404799484475, -1.2634778772480364]","[0.06681439930277043, 0.003393249763725387]",0.870950051068983,1000,1002,"{""max_iterations"": 1000, ""rate"": 0.0001, ""tolerance"": 1e-06}"
rosenbrock,Rosenbrock,218,2347,gradient,2,"[-2.048, 2.048]","[0.20630241938255223, -0.8858881802066376]","[0.19138665523260373, 0.033976575083345346]",0.6545589985146828,1000,1002,"{""max_iterations"": 1000, ""rate"": 0.0001, ""tolerance"": 1e-06}"
rosenbrock,Rosenbrock,219,2348,gradient,2,"[-2.048, 2.048]","[1.9794994887698856, 0.7046476483274784]","[1.0135899732326585, 1.0274185725743188]",0.000184978311194299,1000,1002,"{""max_iterations"": 1000, ""rate"": 0.0001, ""tolerance"": 1e-06}"
rosenbrock,Rosenbrock,220,2340,gradient,2,"[-2.048, 2.048]","[1.407090173140097, -1.4310535248888987]","[0.2187787487430187, 0.045026140538826136]",0.6111120680214117,1000,1002,"{""max_iterations"": 1000, ""rate"": 0.0001, ""tolerance"": 1e-06}"
rosenbrock,Rosenbrock,221,2341,gradient,2,"[-2.048, 2.048]","[-0.5962476441903228, -1.2036411989602775]","[0.12511534213930856, 0.013693935203398363]",0.7658072907057782,1000,1002,"{""max_iterations"": 1000, ""rate"": 0.0001, ""tolerance"": 1e-06}"
rosenbrock,Rosenbrock,222,2342,gradient,2,"[-2.048, 2.048]","[-0.6030737393469077, -1.0498840137316088]","[0.11077207336582036, 0.010506108217829232]",0.7910375964881894,1000,1002,"{""max_iterations"": 1000, ""rate"": 0.0001, ""tolerance"": 1e-06}"
rosenbrock,Rosenbrock,223,2343,gradient,2,"[-2.048, 2.048]","[-0.2818295317337287, -1.815074198064459]","[0.15582511635067076, 0.021957207288642595]",0.71317145245181,1000,1002,"{""max_iterations"": 1000, ""rate"": 0.0001, ""tolerance"": 1e-06}"
rosenbrock,Rosenbrock,224,2344,gradient,2,"[-2.048, 2.048]","[-1.6593854367064378, 1.9773261333044347]","[-1.375381675261066, 1.8993017385333548]",5.6482551945418065,1000,1002,"{""max_iterations"": 1000, ""rate"": 0.0001, ""tolerance"": 1e-06}"
rosenbrock,Rosenbrock,225,2345,gradient,2,"[-2.048, 2.048]","[0.6579990905790711, -0.3538917293203312]","[0.36958006953778766, 0.13356965023500478]",0.3983411943779173,1000,1002,"{""max_iterations"": 1000, ""rate"": 0.0001, ""tolerance"": 1e-06}"
rosenbrock,Rosenbrock,226,2346,gradient,2,"[-2.048, 2.048]","[-1.73404799484475, -1.2634778772480364]","[0.06681439930277043, 0.003393249763725387]",0.870950051068983,1000,1002,"{""max_iterations"": 1000, ""rate"": 0.0001, ""tolerance"": 1e-06}"
rosenbrock,Rosenbrock,227,2347,gradient,2,"[-2.048, 2.048]","[0.20630241938255223, -0.8858881802066376]","[0.19138665523260373, 0.033976575083345346]",0.6545589985146828,1000,1002,"{""max_iterations"": 1000, ""rate"": 0.0001, ""tolerance"": 1e-06}"
rosenbrock,Rosenbrock,228,2348,gradient,2,"[-2.048, 2.048]","[1.9794994887698856, 0.7046476483274784]","[1.0135899732326585, 1.0274185725743188]",0.000184978311194299,1000,1002,"{""max_iterations"": 1000, ""rate"": 0.0001, ""tolerance"": 1e-06}"
rosenbrock,Rosenbrock,229,2349,gradient,2,"[-2.048, 2.048]","[1.8485183115189976, 0.97194542019668]","[1.1019893368242226, 1.2147643531361705]",0.010416559265989464,1000,1002,"{""max_iterations"": 1000, ""rate"": 0.0001, ""tolerance"": 1e-06}"
rosenbrock,Rosenbrock,230,2341,gradient,2,"[-2.048, 2.048]","[-0.5962476441903228, -1.2036411989602775]","[0.12511534213930856, 0.013693935203398363]",0.7658072907057782,1000,1002,"{""max_iterations"": 1000, ""rate"": 0.0001, ""tolerance"": 1e-06}"
rosenbrock,Rosenbrock,231,2342,gradient,2,"[-2.048, 2.048]","[-0.6030737393469077, -1.0498840137316088]","[0.11077207336582036, 0.010506108217829232]",0.7910375964881894,1000,1002,"{""max_iterations"": 1000, ""rate"": 0.0001, ""tolerance"": 1e-06}"
rosenbrock,Rosenbrock,232,2343,gradient,2,"[-2.048, 2.048]","[-0.2818295317337287, -1.815074198064459]","[0.15582511635067076, 0.021957207288642595]",0.71317145245181,1000,1002,"{""max_iterations"": 1000, ""rate"": 0.0001, ""tolerance"": 1e-06}"
rosenbrock,Rosenbrock,233,2344,gradient,2,"[-2.048, 2.048]","[-1.6593854367064378, 1.9773261333044347]","[-1.375381675261066, 1.8993017385333548]",5.6482551945418065,1000,1002,"{""max_iterations"": 1000, ""rate"": 0.0001, ""tolerance"": 1e-06}"
rosenbrock,Rosenbrock,234,2345,gradient,2,"[-2.048, 2.048]","[0.6579990905790711, -0.3538917293203312]","[0.36958006953778766, 0.13356965023500478]",0.3983411943779173,1000,1002,"{""max_iterations"": 1000, ""rate"": 0.0001, ""tolerance"": 1e-06}"
rosenbrock,Rosenbrock,235,2346,gradient,2,"[-2.048, 2.048]","[-1.73404799484475, -1.2634778772480364]","[0.06681439930277043, 0.003393249763725387]",0.870950051068983,1000,1002,"{""max_iterations"": 1000, ""rate"": 0.0001, ""tolerance"": 1e-06}"
rosenbrock,Rosenbrock,236,2347,gradient,2,"[-2.048, 2.048]","[0.20630241938255223, -0.8858881802066376]","[0.19138665523260373, 0.033976575083345346]",0.6545589985146828,1000,1002,"{""max_iterations"": 1000, ""rate"": 0.0001, ""tolerance"": 1e-06}"
rosenbrock,Rosenbrock,237,2348,gradient,2,"[-2.048, 2.048]","[1.9794994887698856, 0.7046476483274784]","[1.0135899732326585, 1.0274185725743188]",0.000184978311194299,1000,1002,"{""max_iterations"": 1000, ""rate"": 0.0001, ""tolerance"": 1e-06}"
rosenbrock,Rosenbrock,238,2349,gradient,2,"[-2.048, 2.048]","[1.8485183115189976, 0.97194542019668]","[1.1019893368242226, 1.2147643531361705]",0.010416559265989464,1000,1002,"{""max_iterations"": 1000, ""rate"": 0.0001, ""tolerance"": 1e-06}"
rosenbrock,Rosenbrock,239,2350,gradient,2,"[-2.048, 2.048]","[-0.8845594597350019, 0.04938295195661313]","[-0.38107591804973134, 0.15192608612540243]",1.911869385928029,1000,1002,"{""max_iterations"": 1000, ""rate"": 0.0001, ""tolerance"": 1e-06}"
rosenbrock,Rosenbrock,240,2342,gradient,2,"[-2.048, 2.048]","[-0.6030737393469077, -1.0498840137316088]","[0.11077207336582036, 0.010506108217829232]",0.7910375964881894,1000,1002,"{""max_iterations"": 1000, ""rate"": 0.0001, ""tolerance"": 1e-06}"
rosenbrock,Rosenbrock,241,2343,gradient,2,"[-2.048, 2.048]","[-0.2818295317337287, -1.815074198064459]","[0.15582511635067076, 0.021957207288642595]",0.71317145245181,1000,1002,"{""max_iterations"": 1000, ""rate"": 0.0001, ""tolerance"": 1e-06}"
rosenbrock,Rosenbrock,242,2344,gradient,2,"[-2.048, 2.048]","[-1.6593854367064378, 1.9773261333044347]","[-1.375381675261066, 1.8993017385333548]",5.6482551945418065,1000,1002,"{""max_iterations"": 1000, ""rate"": 0.0001, ""tolerance"": 1e-06}"
rosenbrock,Rosenbrock,243,2345,gradient,2,"[-2.048, 2.048]","[0.6579990905790711, -0.3538917293203312]","[0.36958006953778766, 0.13356965023500478]",0.3983411943779173,1000,1002,"{""max_iterations"": 1000, ""rate"": 0.0001, ""tolerance"": 1e-06}"
rosenbrock,Rosenbrock,244,2346,gradient,2,"[-2.048, 2.048]","[-1.73404799484475, -1.2634778772480364]","[0.06681439930277043, 0.003393249763725387]",0.870950051068983,1000,1002,"{""max_iterations"": 1000, ""rate"": 0.0001, ""tolerance"": 1e-06}"
rosenbrock,Rosenbrock,245,2347,gradient,2,"[-2.048, 2.048]","[0.20630241938255223, -0.8858881802066376]","[0.19138665523260373, 0.033976575083345346]",0.6545589985146828,1000,1002,"{""max_iterations"": 1000, ""rate"": 0.0001, ""tolerance"": 1e-06}"
rosenbrock,Rosenbrock,246,2348,gradient,2,"[-2.048, 2.048]","[1.9794994887698856, 0.7046476483274784]","[1.0135899732326585, 1.0274185725743188]",0.000184978311194299,1000,1002,"{""max_iterations"": 1000, ""rate"": 0.0001, ""tolerance"": 1e-06}"
rosenbrock,Rosenbrock,247,2349,gradient,2,"[-2.048, 2.048]","[1.8485183115189976, 0.97194542019668]","[1.1019893368242226, 1.2147643531361705]",0.010416559265989464,1000,1002,"{""max_iterations"": 1000, ""rate"": 0.0001, ""tolerance"": 1e-06}"
rosenbrock,Rosenbrock,248,2350,gradient,2,"[-2.048, 2.048]","[-0.8845594597350019, 0.04938295195661313]","[-0.38107591804973134, 0.15192608612540243]",1.911869385928029,1000,1002,"{""max_iterations"": 1000, ""rate"": 0.0001, ""tolerance"": 1e-06}"
rosenbrock,Rosenbrock,249,2351,gradient,2,"[-2.048, 2.048]","[-0.739260285876977, -1.6846395027686585]","[0.1440212561242463, 0.018549023274891115]",0.7331805782634895,1000,1002,"{""max_iterations"": 1000, ""rate"": 0.0001, ""tolerance"": 1e-06}"
rosenbrock,Rosenbrock,250,2343,gradient,2,"[-2.048, 2.048]","[-0.2818295317337287, -1.815074198064459]","[0.15582511635067076, 0.021957207288642595]",0.71317145245181,1000,1002,"{""max_iterations"": 1000, ""rate"": 0.0001, ""tolerance"": 1e-06}"
rosenbrock,Rosenbrock,251,2344,gradient,2,"[-2.048, 2.048]","[-1.6593854367064378, 1.9773261333044347]","[-1.375381675261066, 1.8993017385333548]",5.6482551945418065,1000,1002,"{""max_iterations"": 1000, ""rate"": 0.0001, ""tolerance"": 1e-06}"
rosenbrock,Rosenbrock,252,2345,gradient,2,"[-2.048, 2.048]","[0.6579990905790711, -0.3538917293203312]","[0.36958006953778766, 0.13356965023500478]",0.3983411943779173,1000,1002,"{""max_iterations"": 1000, ""rate"": 0.0001, ""tolerance"": 1e-06}"
rosenbrock,Rosenbrock,253,2346,gradient,2,"[-2.048, 2.048]","[-1.73404799484475, -1.2634778772480364]","[0.06681439930277043, 0.003393249763725387]",0.870950051068983,1000,1002,"{""max_iterations"": 1000, ""rate"": 0.0001, ""tolerance"": 1e-06}"
rosenbrock,Rosenbrock,254,2347,gradient,2,"[-2.048, 2.048]","[0.20630241938255223, -0.8858881802066376]","[0.19138665523260373, 0.033976575083345346]",0.6545589985146828,1000,1002,"{""max_iterations"": 1000, ""rate"": 0.0001, ""tolerance"": 1e-06}"
rosenbrock,Rosenbrock,255,2348,gradient,2,"[-2.048, 2.048]","[1.9794994887698856, 0.7046476483274784]","[1.0135899732326585, 1.0274185725743188]",0.000184978311194299,1000,1002,"{""max_iterations"": 1000, ""rate"": 0.0001, ""tolerance"": 1e-06}"
rosenbrock,Rosenbrock,256,2349,gradient,2,"[-2.048, 2.048]","[1.8485183115189976, 0.97194542019668]","[1.1019893368242226, 1.2147643531361705]",0.010416559265989464,1000,1002,"{""max_iterations"": 1000, ""rate"": 0.0001, ""tolerance"": 1e-06}"
rosenbrock,Rosenbrock,257,2350,gradient,2,"[-2.048, 2.048]","[-0.8845594597350019, 0.04938295195661313]","[-0.38107591804973134, 0.15192608612540243]",1.911869385928029,1000,1002,"{""max_iterations"": 1000, ""rate"": 0.0001, ""tolerance"": 1e-06}"
rosenbrock,Rosenbrock,258,2351,gradient,2,"[-2.048, 2.048]","[-0.739260285876977, -1.6846395027686585]","[0.1440212561242463, 0.018549023274891115]",0.7331805782634895,1000,1002,"{""max_iterations"": 1000, ""rate"": 0.0001, ""tolerance"": 1e-06}"
rosenbrock,Rosenbrock,259,2352,gradient,2,"[-2.048, 2.048]","[-0.9988935866602291, 1.4867606849114368]","[-1.1123434345196064, 1.2452063004578513]",4.468233232558771,1000,1002,"{""max_iterations"": 1000, ""rate"": 0.0001, ""tolerance"": 1e-06}"
rosenbrock,Rosenbrock,260,2344,gradient,2,"[-2.048, 2.048]","[-1.6593854367064378, 1.9773261333044347]","[-1.375381675261066, 1.8993017385333548]",5.6482551945418065,1000,1002,"{""max_iterations"": 1000, ""rate"": 0.0001, ""tolerance"": 1e-06}"
rosenbrock,Rosenbrock,261,2345,gradient,2,"[-2.048, 2.048]","[0.6579990905790711, -0.3538917293203312]","[0.36958006953778766, 0.13356965023500478]",0.3983411943779173,1000,1002,"{""max_iterations"": 1000, ""rate"": 0.0001, ""tolerance"": 1e-06}"
rosenbrock,Rosenbrock,262,2346,gradient,2,"[-2.048, 2.048]","[-1.73404799484475, -1.2634778772480364]","[0.06681439930277043, 0.003393249763725387]",0.870950051068983,1000,1002,"{""max_iterations"": 1000, ""rate"": 0.0001, ""tolerance"": 1e-06}"
rosenbrock,Rosenbrock,263,2347,gradient,2,"[-2.048, 2.048]","[0.20630241938255223, -0.8858881802066376]","[0.19138665523260373, 0.033976575083345346]",0.6545589985146828,1000,1002,"{""max_iterations"": 1000, ""rate"": 0.0001, ""tolerance"": 1e-06}"
rosenbrock,Rosenbrock,264,2348,gradient,2,"[-2.048, 2.048]","[1.9794994887698856, 0.7046476483274784]","[1.0135899732326585, 1.0274185725743188]",0.000184978311194299,1000,1002,"{""max_iterations"": 1000, ""rate"": 0.0001, ""tolerance"": 1e-06}"
rosenbrock,Rosenbrock,265,2349,gradient,2,"[-2.048, 2.048]","[1.8485183115189976, 0.97194542019668]","[1.1019893368242226, 1.2147643531361705]",0.010416559265989464,1000,1002,"{""max_iterations"": 1000, ""rate"": 0.0001, ""tolerance"": 1e-06}"
rosenbrock,Rosenbrock,266,2350,gradient,2,"[-2.048, 2.048]","[-0.8845594597350019, 0.04938295195661313]","[-0.38107591804973134, 0.15192608612540243]",1.911869385928029,1000,1002,"{""max_iterations"": 1000, ""rate"": 0.0001, ""tolerance"": 1e-06}"
rosenbrock,Rosenbrock,267,2351,gradient,2,"[-2.048, 2.048]","[-0.739260285876977, -1.6846395027686585]","[0.1440212561242463, 0.018549023274891115]",0.7331805782634895,1000,1002,"{""max_iterations"": 1000, ""rate"": 0.0001, ""tolerance"": 1e-06}"
rosenbrock,Rosenbrock,268,2352,gradient,2,"[-2.048, 2.048]","[-0.9988935866602291, 1.4867606849114368]","[-1.1123434345196064, 1.2452063004578513]",4.468233232558771,1000,1002,"{""max_iterations"": 1000, ""rate"": 0.0001, ""tolerance"": 1e-06}"
rosenbrock,Rosenbrock,269,2353,gradient,2,"[-2.048, 2.048]","[-1.1673971424315164, -0.32803799198959904]","[-0.23445921518482452, 0.05984734920726719]",1.5262673115865768,1000,1002,"{""max_iterations"": 1000, ""rate"": 0.0001, ""tolerance"": 1e-06}"
rosenbrock,Rosenbrock,270,2345,gradient,2,"[-2.048, 2.048]","[0.6579990905790711, -0.3538917293203312]","[0.36958006953778766, 0.13356965023500478]",0.3983411943779173,1000,1002,"{""max_iterations"": 1000, ""rate"": 0.0001, ""tolerance"": 1e-06}"
rosenbrock,Rosenbrock,271,2346,gradient,2,"[-2.048, 2.048]","[-1.73404799484475, -1.2634778772480364]","[0.06681439930277043, 0.003393249763725387]",0.870950051068983,1000,1002,"{""max_iterations"": 1000, ""rate"": 0.0001, ""tolerance"": 1e-06}"
rosenbrock,Rosenbrock,272,2347,gradient,2,"[-2.048, 2.048]","[0.20630241938255223, -0.8858881802066376]","[0.19138665523260373, 0.033976575083345346]",0.6545589985146828,1000,1002,"{""max_iterations"": 1000, ""rate"": 0.0001, ""tolerance"": 1e-06}"
rosenbrock,Rosenbrock,273,2348,gradient,2,"[-2.048, 2.048]","[1.9794994887698856, 0.7046476483274784]","[1.0135899732326585, 1.0274185725743188]",0.000184978311194299,1000,1002,"{""max_iterations"": 1000, ""rate"": 0.0001, ""tolerance"": 1e-06}"
rosenbrock,Rosenbrock,274,2349,gradient,2,"[-2.048, 2.048]","[1.8485183115189976, 0.97194542019668]","[1.1019893368242226, 1.2147643531361705]",0.010416559265989464,1000,1002,"{""max_iterations"": 1000, ""rate"": 0.0001, ""tolerance"": 1e-06}"
rosenbrock,Rosenbrock,275,2350,gradient,2,"[-2.048, 2.048]","[-0.8845594597350019, 0.04938295195661313]","[-0.38107591804973134, 0.15192608612540243]",1.911869385928029,1000,1002,"{""max_iterations"": 1000, ""rate"": 0.0001, ""tolerance"": 1e-06}"
rosenbrock,Rosenbrock,276,2351,gradient,2,"[-2.048, 2.048]","[-0.739260285876977, -1.6846395027686585]","[0.1440212561242463, 0.018549023274891115]",0.7331805782634895,1000,1002,"{""max_iterations"": 1000, ""rate"": 0.0001, ""tolerance"": 1e-06}"
rosenbrock,Rosenbrock,277,2352,gradient,2,"[-2.048, 2.048]","[-0.9988935866602291, 1.4867606849114368]","[-1.1123434345196064, 1.2452063004578513]",4.468233232558771,1000,1002,"{""max_iterations"": 1000, ""rate"": 0.0001, ""tolerance"": 1e-06}"
rosenbrock,Rosenbrock,278,2353,gradient,2,"[-2.048, 2.048]","[-1.1673971424315164, -0.32803799198959904]","[-0.23445921518482452, 0.05984734920726719]",1.5262673115865768,1000,1002,"{""max_iterations"": 1000, ""rate"": 0.0001, ""tolerance"": 1e-06}"
rosenbrock,Rosenbrock,279,2354,gradient,2,"[-2.048, 2.048]","[-0.616868571832123, -1.411828340183427]","[0.13681713509257215, 0.01661134615103212]",0.745528848586569,1000,1002,"{""max_iterations"": 1000, ""rate"": 0.0001, ""tolerance"": 1e-06}"
rosenbrock,Rosenbrock,280,2346,gradient,2,"[-2.048, 2.048]","[-1.73404799484475, -1.2634778772480364]","[0.06681439930277043, 0.003393249763725387]",0.870950051068983,1000,1002,"{""max_iterations"": 1000, ""rate"": 0.0001, ""tolerance"": 1e-06}"
rosenbrock,Rosenbrock,281,2347,gradient,2,"[-2.048, 2.048]","[0.20630241938255223, -0.8858881802066376]","[0.19138665523260373, 0.033976575083345346]",0.6545589985146828,1000,1002,"{""max_iterations"": 1000, ""rate"": 0.0001, ""tolerance"": 1e-06}"
rosenbrock,Rosenbrock,282,2348,gradient,2,"[-2.048, 2.048]","[1.9794994887698856, 0.7046476483274784]","[1.0135899732326585, 1.0274185725743188]",0.000184978311194299,1000,1002,"{""max_iterations"": 1000, ""rate"": 0.0001, ""tolerance"": 1e-06}"
rosenbrock,Rosenbrock,283,2349,gradient,2,"[-2.048, 2.048]","[1.8485183115189976, 0.97194542019668]","[1.1019893368242226, 1.2147643531361705]",0.010416559265989464,1000,1002,"{""max_iterations"": 1000, ""rate"": 0.0001, ""tolerance"": 1e-06}"
rosenbrock,Rosenbrock,284,2350,gradient,2,"[-2.048, 2.048]","[-0.8845594597350019, 0.04938295195661313]","[-0.38107591804973134, 0.15192608612540243]",1.911869385928029,1000,1002,"{""max_iterations"": 1000, ""rate"": 0.0001, ""tolerance"": 1e-06}"
rosenbrock,Rosenbrock,285,2351,gradient,2,"[-2.048, 2.048]","[-0.739260285876977, -1.6846395027686585]","[0.1440212561242463, 0.018549023274891115]",0.7331805782634895,1000,1002,"{""max_iterations"": 1000, ""rate"": 0.0001, ""tolerance"": 1e-06}"
rosenbrock,Rosenbrock,286,2352,gradient,2,"[-2.048, 2.048]","[-0.9988935866602291, 1.4867606849114368]","[-1.1123434345196064, 1.2452063004578513]",4.468233232558771,1000,1002,"{""max_iterations"": 1000, ""rate"": 0.0001, ""tolerance"": 1e-06}"
rosenbrock,Rosenbrock,287,2353,gradient,2,"[-2.048, 2.048]","[-1.1673971424315164, -0.32803799198959904]","[-0.23445921518482452, 0.05984734920726719]",1.5262673115865768,1000,1002,"{""max_iterations"": 1000, ""rate"": 0.0001, ""tolerance"": 1e-06}"
rosenbrock,Rosenbrock,288,2354,gradient,2,"[-2.048, 2.048]","[-0.616868571832123, -1.411828340183427]","[0.13681713509257215, 0.01661134615103212]",0.745528848586569,1000,1002,"{""max_iterations"": 1000, ""rate"": 0.0001, ""tolerance"": 1e-06}"
rosenbrock,Rosenbrock,289,2355,gradient,2,"[-2.048, 2.048]","[-1.2075672827210213, 0.5107777739506347]","[-0.7261181154669851, 0.5353113976178195]",2.9859863646224345,1000,1002,"{""max_iterations"": 1000, ""rate"": 0.0001, ""tolerance"": 1e-06}"
rosenbrock,Rosenbrock,290,2347,gradient,2,"[-2.048, 2.048]","[0.20630241938255223, -0.8858881802066376]","[0.19138665523260373, 0.033976575083345346]",0.6545589985146828,1000,1002,"{""max_iterations"": 1000, ""rate"": 0.0001, ""tolerance"": 1e-06}"
rosenbrock,Rosenbrock,291,2348,gradient,2,"[-2.048, 2.048]","[1.9794994887698856, 0.7046476483274784]","[1.0135899732326585, 1.0274185725743188]",0.000184978311194299,1000,1002,"{""max_iterations"": 1000, ""rate"": 0.0001, ""tolerance"": 1e-06}"
rosenbrock,Rosenbrock,292,2349,gradient,2,"[-2.048, 2.048]","[1.8485183115189976, 0.97194542019668]","[1.1019893368242226, 1.2147643531361705]",0.010416559265989464,1000,1002,"{""max_iterations"": 1000, ""rate"": 0.0001, ""tolerance"": 1e-06}"
rosenbrock,Rosenbrock,293,2350,gradient,2,"[-2.048, 2.048]","[-0.8845594597350019, 0.04938295195661313]","[-0.38107591804973134, 0.15192608612540243]",1.911869385928029,1000,1002,"{""max_iterations"": 1000, ""rate"": 0.0001, ""tolerance"": 1e-06}"
rosenbrock,Rosenbrock,294,2351,gradient,2,"[-2.048, 2.048]","[-0.739260285876977, -1.6846395027686585]","[0.1440212561242463, 0.018549023274891115]",0.7331805782634895,1000,1002,"{""max_iterations"": 1000, ""rate"": 0.0001, ""tolerance"": 1e-06}"
rosenbrock,Rosenbrock,295,2352,gradient,2,"[-2.048, 2.048]","[-0.9988935866602291, 1.4867606849114368]","[-1.1123434345196064, 1.2452063004578513]",4.468233232558771,1000,1002,"{""max_iterations"": 1000, ""rate"": 0.0001, ""tolerance"": 1e-06}"
rosenbrock,Rosenbrock,296,2353,gradient,2,"[-2.048, 2.048]","[-1.1673971424315164, -0.32803799198959904]","[-0.23445921518482452, 0.05984734920726719]",1.5262673115865768,1000,1002,"{""max_iterations"": 1000, ""rate"": 0.0001, ""tolerance"": 1e-06}"
rosenbrock,Rosenbrock,297,2354,gradient,2,"[-2.048, 2.048]","[-0.616868571832123, -1.411828340183427]","[0.13681713509257215, 0.01661134615103212]",0.745528848586569,1000,1002,"{""max_iterations"": 1000, ""rate"": 0.0001, ""tolerance"": 1e-06}"
rosenbrock,Rosenbrock,298,2355,gradient,2,"[-2.048, 2.048]","[-1.2075672827210213, 0.5107777739506347]","[-0.7261181154669851, 0.5353113976178195]",2.9859863646224345,1000,1002,"{""max_iterations"": 1000, ""rate"": 0.0001, ""tolerance"": 1e-06}"
rosenbrock,Rosenbrock,299,2356,gradient,2,"[-2.048, 2.048]","[1.0054548356892927, 1.2554413780306328]","[1.096660482807187, 1.2030291758737608]",0.009356568613237467,1000,1002,"{""max_iterations"": 1000, ""rate"": 0.0001, ""tolerance"": 1e-06}"
rosenbrock,Rosenbrock,300,2339,gradient,2,"[-2.048, 2.048]","[-0.5596568105510265, -1.157219220252534]","[0.12405268710337358, 0.013443098473062033]",0.7676623751690997,1000,1002,"{""max_iterations"": 1000, ""rate"": 0.0001, ""tolerance"": 1e-06}"
rosenbrock,Rosenbrock,301,2340,gradient,2,"[-2.048, 2.048]","[1.407090173140097, -1.4310535248888987]","[0.2187787487430187, 0.045026140538826136]",0.6111120680214117,1000,1002,"{""max_iterations"": 1000, ""rate"": 0.0001, ""tolerance"": 1e-06}"
rosenbrock,Rosenbrock,302,2341,gradient,2,"[-2.048, 2.048]","[-0.5962476441903228, -1.2036411989602775]","[0.12511534213930856, 0.013693935203398363]",0.7658072907057782,1000,1002,"{""max_iterations"": 1000, ""rate"": 0.0001, ""tolerance"": 1e-06}"
rosenbrock,Rosenbrock,303,2342,gradient,2,"[-2.048, 2.048]","[-0.6030737393469077, -1.0498840137316088]","[0.11077207336582036, 0.010506108217829232]",0.7910375964881894,1000,1002,"{""max_iterations"": 1000, ""rate"": 0.0001, ""tolerance"": 1e-06}"
rosenbrock,Rosenbrock,304,2343,gradient,2,"[-2.048, 2.048]","[-0.2818295317337287, -1.815074198064459]","[0.15582511635067076, 0.021957207288642595]",0.71317145245181,1000,1002,"{""max_iterations"": 1000, ""rate"": 0.0001, ""tolerance"": 1e-06}"
rosenbrock,Rosenbrock,305,2344,gradient,2,"[-2.048, 2.048]","[-1.6593854367064378, 1.9773261333044347]","[-1.375381675261066, 1.8993017385333548]",5.6482551945418065,1000,1002,"{""max_iterations"": 1000, ""rate"": 0.0001, ""tolerance"": 1e-06}"
rosenbrock,Rosenbrock,306,2345,gradient,2,"[-2.048, 2.048]","[0.6579990905790711, -0.3538917293203312]","[0.36958006953778766, 0.13356965023500478]",0.3983411943779173,1000,1002,"{""max_iterations"": 1000, ""rate"": 0.0001, ""tolerance"": 1e-06}"
rosenbrock,Rosenbrock,307,2346,gradient,2,"[-2.048, 2.048]","[-1.73404799484475, -1.2634778772480364]","[0.06681439930277043, 0.003393249763725387]",0.870950051068983,1000,1002,"{""max_iterations"": 1000, ""rate"": 0.0001, ""tolerance"": 1e-06}"
rosenbrock,Rosenbrock,308,2347,gradient,2,"[-2.048, 2.048]","[0.20630241938255223, -0.8858881802066376]","[0.19138665523260373, 0.033976575083345346]",0.6545589985146828,1000,1002,"{""max_iterations"": 1000, ""rate"": 0.0001, ""tolerance"": 1e-06}"
rosenbrock,Rosenbrock,309,2348,gradient,2,"[-2.048, 2.048]","[1.9794994887698856, 0.7046476483274784]","[1.0135899732326585, 1.0274185725743188]",0.000184978311194299,1000,1002,"{""max_iterations"": 1000, ""rate"": 0.0001, ""tolerance"": 1e-06}"
rosenbrock,Rosenbrock,310,2340,gradient,2,"[-2.048, 2.048]","[1.407090173140097, -1.4310535248888987]","[0.2187787487430187, 0.045026140538826136]",0.6111120680214117,1000,1002,"{""max_iterations"": 1000, ""rate"": 0.0001, ""tolerance"": 1e-06}"
rosenbrock,Rosenbrock,311,2341,gradient,2,"[-2.048, 2.048]","[-0.5962476441903228, -1.2036411989602775]","[0.12511534213930856, 0.013693935203398363]",0.7658072907057782,1000,1002,"{""max_iterations"": 1000, ""rate"": 0.0001, ""tolerance"": 1e-06}"
rosenbrock,Rosenbrock,312,2342,gradient,2,"[-2.048, 2.048]","[-0.6030737393469077, -1.0498840137316088]","[0.11077207336582036, 0.010506108217829232]",0.7910375964881894,1000,1002,"{""max_iterations"": 1000, ""rate"": 0.0001, ""tolerance"": 1e-06}"
rosenbrock,Rosenbrock,313,2343,gradient,2,"[-2.048, 2.048]","[-0.2818295317337287, -1.815074198064459]","[0.15582511635067076, 0.021957207288642595]",0.71317145245181,1000,1002,"{""max_iterations"": 1000, ""rate"": 0.0001, ""tolerance"": 1e-06}"
rosenbrock,Rosenbrock,314,2344,gradient,2,"[-2.048, 2.048]","[-1.6593854367064378, 1.9773261333044347]","[-1.375381675261066, 1.8993017385333548]",5.6482551945418065,1000,1002,"{""max_iterations"": 1000, ""rate"": 0.0001, ""tolerance"": 1e-06}"
rosenbrock,Rosenbrock,315,2345,gradient,2,"[-2.048, 2.048]","[0.6579990905790711, -0.3538917293203312]","[0.36958006953778766, 0.13356965023500478]",0.3983411943779173,1000,1002,"{""max_iterations"": 1000, ""rate"": 0.0001, ""tolerance"": 1e-06}"
rosenbrock,Rosenbrock,316,2346,gradient,2,"[-2.048, 2.048]","[-1.73404799484475, -1.2634778772480364]","[0.06681439930277043, 0.003393249763725387]",0.870950051068983,1000,1002,"{""max_iterations"": 1000, ""rate"": 0.0001, ""tolerance"": 1e-06}"
rosenbrock,Rosenbrock,317,2347,gradient,2,"[-2.048, 2.048]","[0.20630241938255223, -0.8858881802066376]","[0.19138665523260373, 0.033976575083345346]",0.6545589985146828,1000,1002,"{""max_iterations"": 1000, ""rate"": 0.0001, ""tolerance"": 1e-06}"
rosenbrock,Rosenbrock,318,2348,gradient,2,"[-2.048, 2.048]","[1.9794994887698856, 0.7046476483274784]","[1.0135899732326585, 1.0274185725743188]",0.000184978311194299,1000,1002,"{""max_iterations"": 1000, ""rate"": 0.0001, ""tolerance"": 1e-06}"
rosenbrock,Rosenbrock,319,2349,gradient,2,"[-2.048, 2.048]","[1.8485183115189976, 0.97194542019668]","[1.1019893368242226, 1.2147643531361705]",0.010416559265989464,1000,1002,"{""max_iterations"": 1000, ""rate"": 0.0001, ""tolerance"": 1e-06}"
rosenbrock,Rosenbrock,320,2341,gradient,2,"[-2.048, 2.048]","[-0.5962476441903228, -1.2036411989602775]","[0.12511534213930856, 0.013693935203398363]",0.7658072907057782,1000,1002,"{""max_iterations"": 1000, ""rate"": 0.0001, ""tolerance"": 1e-06}"
rosenbrock,Rosenbrock,321,2342,gradient,2,"[-2.048, 2.048]","[-0.6030737393469077, -1.0498840137316088]","[0.11077207336582036, 0.010506108217829232]",0.7910375964881894,1000,1002,"{""max_iterations"": 1000, ""rate"": 0.0001, ""tolerance"": 1e-06}"
rosenbrock,Rosenbrock,322,2343,gradient,2,"[-2.048, 2.048]","[-0.2818295317337287, -1.815074198064459]","[0.15582511635067076, 0.021957207288642595]",0.71317145245181,1000,1002,"{""max_iterations"": 1000, ""rate"": 0.0001, ""tolerance"": 1e-06}"
rosenbrock,Rosenbrock,323,2344,gradient,2,"[-2.048, 2.048]","[-1.6593854367064378, 1.9773261333044347]","[-1.375381675261066, 1.8993017385333548]",5.6482551945418065,1000,1002,"{""max_iterations"": 1000, ""rate"": 0.0001, ""tolerance"": 1e-06}"
rosenbrock,Rosenbrock,324,2345,gradient,2,"[-2.048, 2.048]","[0.6579990905790711, -0.3538917293203312]","[0.36958006953778766, 0.13356965023500478]",0.3983411943779173,1000,1002,"{""max_iterations"": 1000, ""rate"": 0.0001, ""tolerance"": 1e-06}"
rosenbrock,Rosenbrock,325,2346,gradient,2,"[-2.048, 2.048]","[-1.73404799484475, -1.2634778772480364]","[0.06681439930277043, 0.003393249763725387]",0.870950051068983,1000,1002,"{""max_iterations"": 1000, ""rate"": 0.0001, ""tolerance"": 1e-06}"
rosenbrock,Rosenbrock,326,2347,gradient,2,"[-2.048, 2.048]","[0.20630241938255223, -0.8858881802066376]","[0.19138665523260373, 0.033976575083345346]",0.6545589985146828,1000,1002,"{""max_iterations"": 1000, ""rate"": 0.0001, ""tolerance"": 1e-06}"
rosenbrock,Rosenbrock,327,2348,gradient,2,"[-2.048, 2.048]","[1.9794994887698856, 0.7046476483274784]","[1.0135899732326585, 1.0274185725743188]",0.000184978311194299,1000,1002,"{""max_iterations"": 1000, ""rate"": 0.0001, ""tolerance"": 1e-06}"
rosenbrock,Rosenbrock,328,2349,gradient,2,"[-2.048, 2.048]","[1.8485183115189976, 0.97194542019668]","[1.1019893368242226, 1.2147643531361705]",0.010416559265989464,1000,1002,"{""max_iterations"": 1000, ""rate"": 0.0001, ""tolerance"": 1e-06}"
rosenbrock,Rosenbrock,329,2350,gradient,2,"[-2.048, 2.048]","[-0.8845594597350019, 0.04938295195661313]","[-0.38107591804973134, 0.15192608612540243]",1.911869385928029,1000,1002,"{""max_iterations"": 1000, ""rate"": 0.0001, ""tolerance"": 1e-06}"
rosenbrock,Rosenbrock,330,2342,gradient,2,"[-2.048, 2.048]","[-0.6030737393469077, -1.0498840137316088]","[0.11077207336582036, 0.010506108217829232]",0.7910375964881894,1000,1002,"{""max_iterations"": 1000, ""rate"": 0.0001, ""tolerance"": 1e-06}"
rosenbrock,Rosenbrock,331,2343,gradient,2,"[-2.048, 2.048]","[-0.2818295317337287, -1.815074198064459]","[0.15582511635067076, 0.021957207288642595]",0.71317145245181,1000,1002,"{""max_iterations"": 1000, ""rate"": 0.0001, ""tolerance"": 1e-06}"
rosenbrock,Rosenbrock,332,2344,gradient,2,"[-2.048, 2.048]","[-1.6593854367064378, 1.9773261333044347]","[-1.375381675261066, 1.8993017385333548]",5.6482551945418065,1000,1002,"{""max_iterations"": 1000, ""rate"": 0.0001, ""tolerance"": 1e-06}"
rosenbrock,Rosenbrock,333,2345,gradient,2,"[-2.048, 2.048]","[0.6579990905790711, -0.3538917293203312]","[0.36958006953778766, 0.13356965023500478]",0.3983411943779173,1000,1002,"{""max_iterations"": 1000, ""rate"": 0.0001, ""tolerance"": 1e-06}"
rosenbrock,Rosenbrock,334,2346,gradient,2,"[-2.048, 2.048]","[-1.73404799484475, -1.2634778772480364]","[0.06681439930277043, 0.003393249763725387]",0.870950051068983,1000,1002,"{""max_iterations"": 1000, ""rate"": 0.0001, ""tolerance"": 1e-06}"
rosenbrock,Rosenbrock,335,2347,gradient,2,"[-2.048, 2.048]","[0.20630241938255223, -0.8858881802066376]","[0.19138665523260373, 0.033976575083345346]",0.6545589985146828,1000,1002,"{""max_iterations"": 1000, ""rate"": 0.0001, ""tolerance"": 1e-06}"
rosenbrock,Rosenbrock,336,2348,gradient,2,"[-2.048, 2.048]","[1.9794994887698856, 0.7046476483274784]","[1.0135899732326585, 1.0274185725743188]",0.000184978311194299,1000,1002,"{""max_iterations"": 1000, ""rate"": 0.0001, ""tolerance"": 1e-06}"
rosenbrock,Rosenbrock,337,2349,gradient,2,"[-2.048, 2.048]","[1.8485183115189976, 0.97194542019668]","[1.1019893368242226, 1.2147643531361705]",0.010416559265989464,1000,1002,"{""max_iterations"": 1000, ""rate"": 0.0001, ""tolerance"": 1e-06}"
rosenbrock,Rosenbrock,338,2350,gradient,2,"[-2.048, 2.048]","[-0.8845594597350019, 0.04938295195661313]","[-0.38107591804973134, 0.15192608612540243]",1.911869385928029,1000,1002,"{""max_iterations"": 1000, ""rate"": 0.0001, ""tolerance"": 1e-06}"
rosenbrock,Rosenbrock,339,2351,gradient,2,"[-2.048, 2.048]","[-0.739260285876977, -1.6846395027686585]","[0.1440212561242463, 0.018549023274891115]",0.7331805782634895,1000,1002,"{""max_iterations"": 1000, ""rate"": 0.0001, ""tolerance"": 1e-06}"
rosenbrock,Rosenbrock,340,2343,gradient,2,"[-2.048, 2.048]","[-0.2818295317337287, -1.815074198064459]","[0.15582511635067076, 0.021957207288642595]",0.71317145245181,1000,1002,"{""max_iterations"": 1000, ""rate"": 0.0001, ""tolerance"": 1e-06}"
rosenbrock,Rosenbrock,341,2344,gradient,2,"[-2.048, 2.048]","[-1.6593854367064378, 1.9773261333044347]","[-1.375381675261066, 1.8993017385333548]",5.6482551945418065,1000,1002,"{""max_iterations"": 1000, ""rate"": 0.0001, ""tolerance"": 1e-06}"
rosenbrock,Rosenbrock,342,2345,gradient,2,"[-2.048, 2.048]","[0.6579990905790711, -0.3538917293203312]","[0.36958006953778766, 0.13356965023500478]",0.3983411943779173,1000,1002,"{""max_iterations"": 1000, ""rate"": 0.0001, ""tolerance"": 1e-06}"
rosenbrock,Rosenbrock,343,2346,gradient,2,"[-2.048, 2.048]","[-1.73404799484475, -1.2634778772480364]","[0.06681439930277043, 0.003393249763725387]",0.870950051068983,1000,1002,"{""max_iterations"": 1000, ""rate"": 0.0001, ""tolerance"": 1e-06}"
rosenbrock,Rosenbrock,344,2347,gradient,2,"[-2.048, 2.048]","[0.20630241938255223, -0.8858881802066376]","[0.19138665523260373, 0.033976575083345346]",0.6545589985146828,1000,1002,"{""max_iterations"": 1000, ""rate"": 0.0001, ""tolerance"": 1e-06}"
rosenbrock,Rosenbrock,345,2348,gradient,2,"[-2.048, 2.048]","[1.9794994887698856, 0.7046476483274784]","[1.0135899732326585, 1.0274185725743188]",0.000184978311194299,1000,1002,"{""max_iterations"": 1000, ""rate"": 0.0001, ""tolerance"": 1e-06}"
rosenbrock,Rosenbrock,346,2349,gradient,2,"[-2.048, 2.048]","[1.8485183115189976, 0.97194542019668]","[1.1019893368242226, 1.2147643531361705]",0.010416559265989464,1000,1002,"{""max_iterations"": 1000, ""rate"": 0.0001, ""tolerance"": 1e-06}"
rosenbrock,Rosenbrock,347,2350,gradient,2,"[-2.048, 2.048]","[-0.8845594597350019, 0.04938295195661313]","[-0.38107591804973134, 0.15192608612540243]",1.911869385928029,1000,1002,"{""max_iterations"": 1000, ""rate"": 0.0001, ""tolerance"": 1e-06}"
rosenbrock,Rosenbrock,348,2351,gradient,2,"[-2.048, 2.048]","[-0.739260285876977, -1.6846395027686585]","[0.1440212561242463, 0.018549023274891115]",0.7331805782634895,1000,1002,"{""max_iterations"": 1000, ""rate"": 0.0001, ""tolerance"": 1e-06}"
rosenbrock,Rosenbrock,349,2352,gradient,2,"[-2.048, 2.048]","[-0.9988935866602291, 1.4867606849114368]","[-1.1123434345196064, 1.2452063004578513]",4.468233232558771,1000,1002,"{""max_iterations"": 1000, ""rate"": 0.0001, ""tolerance"": 1e-06}"
rosenbrock,Rosenbrock,350,2344,gradient,2,"[-2.048, 2.048]","[-1.6593854367064378, 1.9773261333044347]","[-1.375381675261066, 1.8993017385333548]",5.6482551945418065,1000,1002,"{""max_iterations"": 1000, ""rate"": 0.0001, ""tolerance"": 1e-06}"
rosenbrock,Rosenbrock,351,2345,gradient,2,"[-2.048, 2.048]","[0.6579990905790711, -0.3538917293203312]","[0.36958006953778766, 0.13356965023500478]",0.3983411943779173,1000,1002,"{""max_iterations"": 1000, ""rate"": 0.0001, ""tolerance"": 1e-06}"
rosenbrock,Rosenbrock,352,2346,gradient,2,"[-2.048, 2.048]","[-1.73404799484475, -1.2634778772480364]","[0.06681439930277043, 0.003393249763725387]",0.870950051068983,1000,1002,"{""max_iterations"": 1000, ""rate"": 0.0001, ""tolerance"": 1e-06}"
rosenbrock,Rosenbrock,353,2347,gradient,2,"[-2.048, 2.048]","[0.20630241938255223, -0.8858881802066376]","[0.19138665523260373, 0.033976575083345346]",0.6545589985146828,1000,1002,"{""max_iterations"": 1000, ""rate"": 0.0001, ""tolerance"": 1e-06}"
rosenbrock,Rosenbrock,354,2348,gradient,2,"[-2.048, 2.048]","[1.9794994887698856, 0.7046476483274784]","[1.0135899732326585, 1.0274185725743188]",0.000184978311194299,1000,1002,"{""max_iterations"": 1000, ""rate"": 0.0001, ""tolerance"": 1e-06}"
rosenbrock,Rosenbrock,355,2349,gradient,2,"[-2.048, 2.048]","[1.8485183115189976, 0.97194542019668]","[1.1019893368242226, 1.2147643531361705]",0.010416559265989464,1000,1002,"{""max_iterations"": 1000, ""rate"": 0.0001, ""tolerance"": 1e-06}"
rosenbrock,Rosenbrock,356,2350,gradient,2,"[-2.048, 2.048]","[-0.8845594597350019, 0.04938295195661313]","[-0.38107591804973134, 0.15192608612540243]",1.911869385928029,1000,1002,"{""max_iterations"": 1000, ""rate"": 0.0001, ""tolerance"": 1e-06}"
rosenbrock,Rosenbrock,357,2351,gradient,2,"[-2.048, 2.048]","[-0.739260285876977, -1.6846395027686585]","[0.1440212561242463, 0.018549023274891115]",0.7331805782634895,1000,1002,"{""max_iterations"": 1000, ""rate"": 0.0001, ""tolerance"": 1e-06}"
rosenbrock,Rosenbrock,358,2352,gradient,2,"[-2.048, 2.048]","[-0.9988935866602291, 1.4867606849114368]","[-1.1123434345196064, 1.2452063004578513]",4.468233232558771,1000,1002,"{""max_iterations"": 1000, ""rate"": 0.0001, ""tolerance"": 1e-06}"
rosenbrock,Rosenbrock,359,2353,gradient,2,"[-2.048, 2.048]","[-1.1673971424315164, -0.32803799198959904]","[-0.23445921518482452, 0.05984734920726719]",1.5262673115865768,1000,1002,"{""max_iterations"": 1000, ""rate"": 0.0001, ""tolerance"": 1e-06}"
rosenbrock,Rosenbrock,360,2345,gradient,2,"[-2.048, 2.048]","[0.6579990905790711, -0.3538917293203312]","[0.36958006953778766, 0.13356965023500478]",0.3983411943779173,1000,1002,"{""max_iterations"": 1000, ""rate"": 0.0001, ""tolerance"": 1e-06}"
rosenbrock,Rosenbrock,361,2346,gradient,2,"[-2.048, 2.048]","[-1.73404799484475, -1.2634778772480364]","[0.06681439930277043, 0.003393249763725387]",0.870950051068983,1000,1002,"{""max_iterations"": 1000, ""rate"": 0.0001, ""tolerance"": 1e-06}"
rosenbrock,Rosenbrock,362,2347,gradient,2,"[-2.048, 2.048]","[0.20630241938255223, -0.8858881802066376]","[0.19138665523260373, 0.033976575083345346]",0.6545589985146828,1000,1002,"{""max_iterations"": 1000, ""rate"": 0.0001, ""tolerance"": 1e-06}"
rosenbrock,Rosenbrock,363,2348,gradient,2,"[-2.048, 2.048]","[1.9794994887698856, 0.7046476483274784]","[1.0135899732326585, 1.0274185725743188]",0.000184978311194299,1000,1002,"{""max_iterations"": 1000, ""rate"": 0.0001, ""tolerance"": 1e-06}"
rosenbrock,Rosenbrock,364,2349,gradient,2,"[-2.048, 2.048]","[1.8485183115189976, 0.97194542019668]","[1.1019893368242226, 1.2147643531361705]",0.010416559265989464,1000,1002,"{""max_iterations"": 1000, ""rate"": 0.0001, ""tolerance"": 1e-06}"
rosenbrock,Rosenbrock,365,2350,gradient,2,"[-2.048, 2.048]","[-0.8845594597350019, 0.04938295195661313]","[-0.38107591804973134, 0.15192608612540243]",1.911869385928029,1000,1002,"{""max_iterations"": 1000, ""rate"": 0.0001, ""tolerance"": 1e-06}"
rosenbrock,Rosenbrock,366,2351,gradient,2,"[-2.048, 2.048]","[-0.739260285876977, -1.6846395027686585]","[0.1440212561242463, 0.018549023274891115]",0.7331805782634895,1000,1002,"{""max_iterations"": 1000, ""rate"": 0.0001, ""tolerance"": 1e-06}"
rosenbrock,Rosenbrock,367,2352,gradient,2,"[-2.048, 2.048]","[-0.9988935866602291, 1.4867606849114368]","[-1.1123434345196064, 1.2452063004578513]",4.468233232558771,1000,1002,"{""max_iterations"": 1000, ""rate"": 0.0001, ""tolerance"": 1e-06}"
rosenbrock,Rosenbrock,368,2353,gradient,2,"[-2.048, 2.048]","[-1.1673971424315164, -0.32803799198959904]","[-0.23445921518482452, 0.05984734920726719]",1.5262673115865768,1000,1002,"{""max_iterations"": 1000, ""rate"": 0.0001, ""tolerance"": 1e-06}"
rosenbrock,Rosenbrock,369,2354,gradient,2,"[-2.048, 2.048]","[-0.616868571832123, -1.411828340183427]","[0.13681713509257215, 0.01661134615103212]",0.745528848586569,1000,1002,"{""max_iterations"": 1000, ""rate"": 0.0001, ""tolerance"": 1e-06}"
rosenbrock,Rosenbrock,370,2346,gradient,2,"[-2.048, 2.048]","[-1.73404799484475, -1.2634778772480364]","[0.06681439930277043, 0.003393249763725387]",0.870950051068983,1000,1002,"{""max_iterations"": 1000, ""rate"": 0.0001, ""tolerance"": 1e-06}"
rosenbrock,Rosenbrock,371,2347,gradient,2,"[-2.048, 2.048]","[0.20630241938255223, -0.8858881802066376]","[0.19138665523260373, 0.033976575083345346]",0.6545589985146828,1000,1002,"{""max_iterations"": 1000, ""rate"": 0.0001, ""tolerance"": 1e-06}"
rosenbrock,Rosenbrock,372,2348,gradient,2,"[-2.048, 2.048]","[1.9794994887698856, 0.7046476483274784]","[1.0135899732326585, 1.0274185725743188]",0.000184978311194299,1000,1002,"{""max_iterations"": 1000, ""rate"": 0.0001, ""tolerance"": 1e-06}"
rosenbrock,Rosenbrock,373,2349,gradient,2,"[-2.048, 2.048]","[1.8485183115189976, 0.97194542019668]","[1.1019893368242226, 1.2147643531361705]",0.010416559265989464,1000,1002,"{""max_iterations"": 1000, ""rate"": 0.0001, ""tolerance"": 1e-06}"
rosenbrock,Rosenbrock,374,2350,gradient,2,"[-2.048, 2.048]","[-0.8845594597350019, 0.04938295195661313]","[-0.38107591804973134, 0.15192608612540243]",1.911869385928029,1000,1002,"{""max_iterations"": 1000, ""rate"": 0.0001, ""tolerance"": 1e-06}"
rosenbrock,Rosenbrock,375,2351,gradient,2,"[-2.048, 2.048]","[-0.739260285876977, -1.6846395027686585]","[0.1440212561242463, 0.018549023274891115]",0.7331805782634895,1000,1002,"{""max_iterations"": 1000, ""rate"": 0.0001, ""tolerance"": 1e-06}"
rosenbrock,Rosenbrock,376,2352,gradient,2,"[-2.048, 2.048]","[-0.9988935866602291, 1.4867606849114368]","[-1.1123434345196064, 1.2452063004578513]",4.468233232558771,1000,1002,"{""max_iterations"": 1000, ""rate"": 0.0001, ""tolerance"": 1e-06}"
rosenbrock,Rosenbrock,377,2353,gradient,2,"[-2.048, 2.048]","[-1.1673971424315164, -0.32803799198959904]","[-0.23445921518482452, 0.05984734920726719]",1.5262673115865768,1000,1002,"{""max_iterations"": 1000, ""rate"": 0.0001, ""tolerance"": 1e-06}"
rosenbrock,Rosenbrock,378,2354,gradient,2,"[-2.048, 2.048]","[-0.616868571832123, -1.411828340183427]","[0.13681713509257215, 0.01661134615103212]",0.745528848586569,1000,1002,"{""max_iterations"": 1000, ""rate"": 0.0001, ""tolerance"": 1e-06}"
rosenbrock,Rosenbrock,379,2355,gradient,2,"[-2.048, 2.048]","[-1.2075672827210213, 0.5107777739506347]","[-0.7261181154669851, 0.5353113976178195]",2.9859863646224345,1000,1002,"{""max_iterations"": 1000, ""rate"": 0.0001, ""tolerance"": 1e-06}"
rosenbrock,Rosenbrock,380,2347,gradient,2,"[-2.048, 2.048]","[0.20630241938255223, -0.8858881802066376]","[0.19138665523260373, 0.033976575083345346]",0.6545589985146828,1000,1002,"{""max_iterations"": 1000, ""rate"": 0.0001, ""tolerance"": 1e-06}"
rosenbrock,Rosenbrock,381,2348,gradient,2,"[-2.048, 2.048]","[1.9794994887698856, 0.7046476483274784]","[1.0135899732326585, 1.0274185725743188]",0.000184978311194299,1000,1002,"{""max_iterations"": 1000, ""rate"": 0.0001, ""tolerance"": 1e-06}"
rosenbrock,Rosenbrock,382,2349,gradient,2,"[-2.048, 2.048]","[1.8485183115189976, 0.97194542019668]","[1.1019893368242226, 1.2147643531361705]",0.010416559265989464,1000,1002,"{""max_iterations"": 1000, ""rate"": 0.0001, ""tolerance"": 1e-06}"
rosenbrock,Rosenbrock,383,2350,gradient,2,"[-2.048, 2.048]","[-0.8845594597350019, 0.04938295195661313]","[-0.38107591804973134, 0.15192608612540243]",1.911869385928029,1000,1002,"{""max_iterations"": 1000, ""rate"": 0.0001, ""tolerance"": 1e-06}"
rosenbrock,Rosenbrock,384,2351,gradient,2,"[-2.048, 2.048]","[-0.739260285876977, -1.6846395027686585]","[0.1440212561242463, 0.018549023274891115]",0.7331805782634895,1000,1002,"{""max_iterations"": 1000, ""rate"": 0.0001, ""tolerance"": 1e-06}"
rosenbrock,Rosenbrock,385,2352,gradient,2,"[-2.048, 2.048]","[-0.9988935866602291, 1.4867606849114368]","[-1.1123434345196064, 1.2452063004578513]",4.468233232558771,1000,1002,"{""max_iterations"": 1000, ""rate"": 0.0001, ""tolerance"": 1e-06}"
rosenbrock,Rosenbrock,386,2353,gradient,2,"[-2.048, 2.048]","[-1.1673971424315164, -0.32803799198959904]","[-0.23445921518482452, 0.05984734920726719]",1.5262673115865768,1000,1002,"{""max_iterations"": 1000, ""rate"": 0.0001, ""tolerance"": 1e-06}"
rosenbrock,Rosenbrock,387,2354,gradient,2,"[-2.048, 2.048]","[-0.616868571832123, -1.411828340183427]","[0.13681713509257215, 0.01661134615103212]",0.745528848586569,1000,1002,"{""max_iterations"": 1000, ""rate"": 0.0001, ""tolerance"": 1e-06}"
rosenbrock,Rosenbrock,388,2355,gradient,2,"[-2.048, 2.048]","[-1.2075672827210213, 0.5107777739506347]","[-0.7261181154669851, 0.5353113976178195]",2.9859863646224345,1000,1002,"{""max_iterations"": 1000, ""rate"": 0.0001, ""tolerance"": 1e-06}"
rosenbrock,Rosenbrock,389,2356,gradient,2,"[-2.048, 2.048]","[1.0054548356892927, 1.2554413780306328]","[1.096660482807187, 1.2030291758737608]",0.009356568613237467,1000,1002,"{""max_iterations"": 1000, ""rate"": 0.0001, ""tolerance"": 1e-06}"
rosenbrock,Rosenbrock,390,2348,gradient,2,"[-2.048, 2.048]","[1.9794994887698856, 0.7046476483274784]","[1.0135899732326585, 1.0274185725743188]",0.000184978311194299,1000,1002,"{""max_iterations"": 1000, ""rate"": 0.0001, ""tolerance"": 1e-06}"
rosenbrock,Rosenbrock,391,2349,gradient,2,"[-2.048, 2.048]","[1.8485183115189976, 0.97194542019668]","[1.1019893368242226, 1.2147643531361705]",0.010416559265989464,1000,1002,"{""max_iterations"": 1000, ""rate"": 0.0001, ""tolerance"": 1e-06}"
rosenbrock,Rosenbrock,392,2350,gradient,2,"[-2.048, 2.048]","[-0.8845594597350019, 0.04938295195661313]","[-0.38107591804973134, 0.15192608612540243]",1.911869385928029,1000,1002,"{""max_iterations"": 1000, ""rate"": 0.0001, ""tolerance"": 1e-06}"
rosenbrock,Rosenbrock,393,2351,gradient,2,"[-2.048, 2.048]","[-0.739260285876977, -1.6846395027686585]","[0.1440212561242463, 0.018549023274891115]",0.7331805782634895,1000,1002,"{""max_iterations"": 1000, ""rate"": 0.0001, ""tolerance"": 1e-06}"
rosenbrock,Rosenbrock,394,2352,gradient,2,"[-2.048, 2.048]","[-0.9988935866602291, 1.4867606849114368]","[-1.1123434345196064, 1.2452063004578513]",4.468233232558771,1000,1002,"{""max_iterations"": 1000, ""rate"": 0.0001, ""tolerance"": 1e-06}"
rosenbrock,Rosenbrock,395,2353,gradient,2,"[-2.048, 2.048]","[-1.1673971424315164, -0.32803799198959904]","[-0.23445921518482452, 0.05984734920726719]",1.5262673115865768,1000,1002,"{""max_iterations"": 1000, ""rate"": 0.0001, ""tolerance"": 1e-06}"
rosenbrock,Rosenbrock,396,2354,gradient,2,"[-2.048, 2.048]","[-0.616868571832123, -1.411828340183427]","[0.13681713509257215, 0.01661134615103212]",0.745528848586569,1000,1002,"{""max_iterations"": 1000, ""rate"": 0.0001, ""tolerance"": 1e-06}"
rosenbrock,Rosenbrock,397,2355,gradient,2,"[-2.048, 2.048]","[-1.2075672827210213, 0.5107777739506347]","[-0.7261181154669851, 0.5353113976178195]",2.9859863646224345,1000,1002,"{""max_iterations"": 1000, ""rate"": 0.0001, ""tolerance"": 1e-06}"
rosenbrock,Rosenbrock,398,2356,gradient,2,"[-2.048, 2.048]","[1.0054548356892927, 1.2554413780306328]","[1.096660482807187, 1.2030291758737608]",0.009356568613237467,1000,1002,"{""max_iterations"": 1000, ""rate"": 0.0001, ""tolerance"": 1e-06}"
rosenbrock,Rosenbrock,399,2357,gradient,2,"[-2.048, 2.048]","[-0.8916994134822167, 1.2502530956086217]","[-0.9950221989324691, 0.9980724257474911]",3.986518774295727,1000,1002,"{""max_iterations"": 1000, ""rate"": 0.0001, ""tolerance"": 1e-06}"
rosenbrock,Rosenbrock,400,2340,gradient,2,"[-2.048, 2.048]","[1.407090173140097, -1.4310535248888987]","[0.2187787487430187, 0.045026140538826136]",0.6111120680214117,1000,1002,"{""max_iterations"": 1000, ""rate"": 0.0001, ""tolerance"": 1e-06}"
rosenbrock,Rosenbrock,401,2341,gradient,2,"[-2.048, 2.048]","[-0.5962476441903228, -1.2036411989602775]","[0.12511534213930856, 0.013693935203398363]",0.7658072907057782,1000,1002,"{""max_iterations"": 1000, ""rate"": 0.0001, ""tolerance"": 1e-06}"
rosenbrock,Rosenbrock,402,2342,gradient,2,"[-2.048, 2.048]","[-0.6030737393469077, -1.0498840137316088]","[0.11077207336582036, 0.010506108217829232]",0.7910375964881894,1000,1002,"{""max_iterations"": 1000, ""rate"": 0.0001, ""tolerance"": 1e-06}"
rosenbrock,Rosenbrock,403,2343,gradient,2,"[-2.048, 2.048]","[-0.2818295317337287, -1.815074198064459]","[0.15582511635067076, 0.021957207288642595]",0.71317145245181,1000,1002,"{""max_iterations"": 1000, ""rate"": 0.0001, ""tolerance"": 1e-06}"
rosenbrock,Rosenbrock,404,2344,gradient,2,"[-2.048, 2.048]","[-1.6593854367064378, 1.9773261333044347]","[-1.375381675261066, 1.8993017385333548]",5.6482551945418065,1000,1002,"{""max_iterations"": 1000, ""rate"": 0.0001, ""tolerance"": 1e-06}"
rosenbrock,Rosenbrock,405,2345,gradient,2,"[-2.048, 2.048]","[0.6579990905790711, -0.3538917293203312]","[0.36958006953778766, 0.13356965023500478]",0.3983411943779173,1000,1002,"{""max_iterations"": 1000, ""rate"": 0.0001, ""tolerance"": 1e-06}"
rosenbrock,Rosenbrock,406,2346,gradient,2,"[-2.048, 2.048]","[-1.73404799484475, -1.2634778772480364]","[0.06681439930277043, 0.003393249763725387]",0.870950051068983,1000,1002,"{""max_iterations"": 1000, ""rate"": 0.0001, ""tolerance"": 1e-06}"
rosenbrock,Rosenbrock,407,2347,gradient,2,"[-2.048, 2.048]","[0.20630241938255223, -0.8858881802066376]","[0.19138665523260373, 0.033976575083345346]",0.6545589985146828,1000,1002,"{""max_iterations"": 1000, ""rate"": 0.0001, ""tolerance"": 1e-06}"
rosenbrock,Rosenbrock,408,2348,gradient,2,"[-2.048, 2.048]","[1.9794994887698856, 0.7046476483274784]","[1.0135899732326585, 1.0274185725743188]",0.000184978311194299,1000,1002,"{""max_iterations"": 1000, ""rate"": 0.0001, ""tolerance"": 1e-06}"
rosenbrock,Rosenbrock,409,2349,gradient,2,"[-2.048, 2.048]","[1.8485183115189976, 0.97194542019668]","[1.1019893368242226, 1.2147643531361705]",0.010416559265989464,1000,1002,"{""max_iterations"": 1000, ""rate"": 0.0001, ""tolerance"": 1e-06}"
rosenbrock,Rosenbrock,410,2341,gradient,2,"[-2.048, 2.048]","[-0.5962476441903228, -1.2036411989602775]","[0.12511534213930856, 0.013693935203398363]",0.7658072907057782,1000,1002,"{""max_iterations"": 1000, ""rate"": 0.0001, ""tolerance"": 1e-06}"
rosenbrock,Rosenbrock,411,2342,gradient,2,"[-2.048, 2.048]","[-0.6030737393469077, -1.0498840137316088]","[0.11077207336582036, 0.010506108217829232]",0.7910375964881894,1000,1002,"{""max_iterations"": 1000, ""rate"": 0.0001, ""tolerance"": 1e-06}"
rosenbrock,Rosenbrock,412,2343,gradient,2,"[-2.048, 2.048]","[-0.2818295317337287, -1.815074198064459]","[0.15582511635067076, 0.021957207288642595]",0.71317145245181,1000,1002,"{""max_iterations"": 1000, ""rate"": 0.0001, ""tolerance"": 1e-06}"
rosenbrock,Rosenbrock,413,2344,gradient,2,"[-2.048, 2.048]","[-1.6593854367064378, 1.9773261333044347]","[-1.375381675261066, 1.8993017385333548]",5.6482551945418065,1000,1002,"{""max_iterations"": 1000, ""rate"": 0.0001, ""tolerance"": 1e-06}"
rosenbrock,Rosenbrock,414,2345,gradient,2,"[-2.048, 2.048]","[0.6579990905790711, -0.3538917293203312]","[0.36958006953778766, 0.13356965023500478]",0.3983411943779173,1000,1002,"{""max_iterations"": 1000, ""rate"": 0.0001, ""tolerance"": 1e-06}"
rosenbrock,Rosenbrock,415,2346,gradient,2,"[-2.048, 2.048]","[-1.73404799484475, -1.2634778772480364]","[0.06681439930277043, 0.003393249763725387]",0.870950051068983,1000,1002,"{""max_iterations"": 1000, ""rate"": 0.0001, ""tolerance"": 1e-06}"
rosenbrock,Rosenbrock,416,2347,gradient,2,"[-2.048, 2.048]","[0.20630241938255223, -0.8858881802066376]","[0.19138665523260373, 0.033976575083345346]",0.6545589985146828,1000,1002,"{""max_iterations"": 1000, ""rate"": 0.0001, ""tolerance"": 1e-06}"
rosenbrock,Rosenbrock,417,2348,gradient,2,"[-2.048, 2.048]","[1.9794994887698856, 0.7046476483274784]","[1.0135899732326585, 1.0274185725743188]",0.000184978311194299,1000,1002,"{""max_iterations"": 1000, ""rate"": 0.0001, ""tolerance"": 1e-06}"
rosenbrock,Rosenbrock,418,2349,gradient,2,"[-2.048, 2.048]","[1.8485183115189976, 0.97194542019668]","[1.1019893368242226, 1.2147643531361705]",0.010416559265989464,1000,1002,"{""max_iterations"": 1000, ""rate"": 0.0001, ""tolerance"": 1e-06}"
rosenbrock,Rosenbrock,419,2350,gradient,2,"[-2.048, 2.048]","[-0.8845594597350019, 0.04938295195661313]","[-0.38107591804973134, 0.15192608612540243]",1.911869385928029,1000,1002,"{""max_iterations"": 1000, ""rate"": 0.0001, ""tolerance"": 1e-06}"
rosenbrock,Rosenbrock,420,2342,gradient,2,"[-2.048, 2.048]","[-0.6030737393469077, -1.0498840137316088]","[0.11077207336582036, 0.010506108217829232]",0.7910375964881894,1000,1002,"{""max_iterations"": 1000, ""rate"": 0.0001, ""tolerance"": 1e-06}"
rosenbrock,Rosenbrock,421,2343,gradient,2,"[-2.048, 2.048]","[-0.2818295317337287, -1.815074198064459]","[0.15582511635067076, 0.021957207288642595]",0.71317145245181,1000,1002,"{""max_iterations"": 1000, ""rate"": 0.0001, ""tolerance"": 1e-06}"
rosenbrock,Rosenbrock,422,2344,gradient,2,"[-2.048, 2.048]","[-1.6593854367064378, 1.9773261333044347]","[-1.375381675261066, 1.8993017385333548]",5.6482551945418065,1000,1002,"{""max_iterations"": 1000, ""rate"": 0.0001, ""tolerance"": 1e-06}"
rosenbrock,Rosenbrock,423,2345,gradient,2,"[-2.048, 2.048]","[0.6579990905790711, -0.3538917293203312]","[0.36958006953778766, 0.13356965023500478]",0.3983411943779173,1000,1002,"{""max_iterations"": 1000, ""rate"": 0.0001, ""tolerance"": 1e-06}"
rosenbrock,Rosenbrock,424,2346,gradient,2,"[-2.048, 2.048]","[-1.73404799484475, -1.2634778772480364]","[0.06681439930277043, 0.003393249763725387]",0.870950051068983,1000,1002,"{""max_iterations"": 1000, ""rate"": 0.0001, ""tolerance"": 1e-06}"
rosenbrock,Rosenbrock,425,2347,gradient,2,"[-2.048, 2.048]","[0.20630241938255223, -0.8858881802066376]","[0.19138665523260373, 0.033976575083345346]",0.6545589985146828,1000,1002,"{""max_iterations"": 1000, ""rate"": 0.0001, ""tolerance"": 1e-06}"
rosenbrock,Rosenbrock,426,2348,gradient,2,"[-2.048, 2.048]","[1.9794994887698856, 0.7046476483274784]","[1.0135899732326585, 1.0274185725743188]",0.000184978311194299,1000,1002,"{""max_iterations"": 1000, ""rate"": 0.0001, ""tolerance"": 1e-06}"
rosenbrock,Rosenbrock,427,2349,gradient,2,"[-2.048, 2.048]","[1.8485183115189976, 0.97194542019668]","[1.1019893368242226, 1.2147643531361705]",0.010416559265989464,1000,1002,"{""max_iterations"": 1000, ""rate"": 0.0001, ""tolerance"": 1e-06}"
rosenbrock,Rosenbrock,428,2350,gradient,2,"[-2.048, 2.048]","[-0.8845594597350019, 0.04938295195661313]","[-0.38107591804973134, 0.15192608612540243]",1.911869385928029,1000,1002,"{""max_iterations"": 1000, ""rate"": 0.0001, ""tolerance"": 1e-06}"
rosenbrock,Rosenbrock,429,2351,gradient,2,"[-2.048, 2.048]","[-0.739260285876977, -1.6846395027686585]","[0.1440212561242463, 0.018549023274891115]",0.7331805782634895,1000,1002,"{""max_iterations"": 1000, ""rate"": 0.0001, ""tolerance"": 1e-06}"
rosenbrock,Rosenbrock,430,2343,gradient,2,"[-2.048, 2.048]","[-0.2818295317337287, -1.815074198064459]","[0.15582511635067076, 0.021957207288642595]",0.71317145245181,1000,1002,"{""max_iterations"": 1000, ""rate"": 0.0001, ""tolerance"": 1e-06}"
rosenbrock,Rosenbrock,431,2344,gradient,2,"[-2.048, 2.048]","[-1.6593854367064378, 1.9773261333044347]","[-1.375381675261066, 1.8993017385333548]",5.6482551945418065,1000,1002,"{""max_iterations"": 1000, ""rate"": 0.0001, ""tolerance"": 1e-06}"
rosenbrock,Rosenbrock,432,2345,gradient,2,"[-2.048, 2.048]","[0.6579990905790711, -0.3538917293203312]","[0.36958006953778766, 0.13356965023500478]",0.3983411943779173,1000,1002,"{""max_iterations"": 1000, ""rate"": 0.0001, ""tolerance"": 1e-06}"
rosenbrock,Rosenbrock,433,2346,gradient,2,"[-2.048, 2.048]","[-1.73404799484475, -1.2634778772480364]","[0.06681439930277043, 0.003393249763725387]",0.870950051068983,1000,1002,"{""max_iterations"": 1000, ""rate"": 0.0001, ""tolerance"": 1e-06}"
rosenbrock,Rosenbrock,434,2347,gradient,2,"[-2.048, 2.048]","[0.20630241938255223, -0.8858881802066376]","[0.19138665523260373, 0.033976575083345346]",0.6545589985146828,1000,1002,"{""max_iterations"": 1000, ""rate"": 0.0001, ""tolerance"": 1e-06}"
rosenbrock,Rosenbrock,435,2348,gradient,2,"[-2.048, 2.048]","[1.9794994887698856, 0.7046476483274784]","[1.0135899732326585, 1.0274185725743188]",0.000184978311194299,1000,1002,"{""max_iterations"": 1000, ""rate"": 0.0001, ""tolerance"": 1e-06}"
rosenbrock,Rosenbrock,436,2349,gradient,2,"[-2.048, 2.048]","[1.8485183115189976, 0.97194542019668]","[1.1019893368242226, 1.2147643531361705]",0.010416559265989464,1000,1002,"{""max_iterations"": 1000, ""rate"": 0.0001, ""tolerance"": 1e-06}"
rosenbrock,Rosenbrock,437,2350,gradient,2,"[-2.048, 2.048]","[-0.8845594597350019, 0.04938295195661313]","[-0.38107591804973134, 0.15192608612540243]",1.911869385928029,1000,1002,"{""max_iterations"": 1000, ""rate"": 0.0001, ""tolerance"": 1e-06}"
rosenbrock,Rosenbrock,438,2351,gradient,2,"[-2.048, 2.048]","[-0.739260285876977, -1.6846395027686585]","[0.1440212561242463, 0.018549023274891115]",0.7331805782634895,1000,1002,"{""max_iterations"": 1000, ""rate"": 0.0001, ""tolerance"": 1e-06}"
rosenbrock,Rosenbrock,439,2352,gradient,2,"[-2.048, 2.048]","[-0.9988935866602291, 1.4867606849114368]","[-1.1123434345196064, 1.2452063004578513]",4.468233232558771,1000,1002,"{""max_iterations"": 1000, ""rate"": 0.0001, ""tolerance"": 1e-06}"
rosenbrock,Rosenbrock,440,2344,gradient,2,"[-2.048, 2.048]","[-1.6593854367064378, 1.9773261333044347]","[-1.375381675261066, 1.8993017385333548]",5.6482551945418065,1000,1002,"{""max_iterations"": 1000, ""rate"": 0.0001, ""tolerance"": 1e-06}"
rosenbrock,Rosenbrock,441,2345,gradient,2,"[-2.048, 2.048]","[0.6579990905790711, -0.3538917293203312]","[0.36958006953778766, 0.13356965023500478]",0.3983411943779173,1000,1002,"{""max_iterations"": 1000, ""rate"": 0.0001, ""tolerance"": 1e-06}"
rosenbrock,Rosenbrock,442,2346,gradient,2,"[-2.048, 2.048]","[-1.73404799484475, -1.2634778772480364]","[0.06681439930277043, 0.003393249763725387]",0.870950051068983,1000,1002,"{""max_iterations"": 1000, ""rate"": 0.0001, ""tolerance"": 1e-06}"
rosenbrock,Rosenbrock,443,2347,gradient,2,"[-2.048, 2.048]","[0.20630241938255223, -0.8858881802066376]","[0.19138665523260373, 0.033976575083345346]",0.6545589985146828,1000,1002,"{""max_iterations"": 1000, ""rate"": 0.0001, ""tolerance"": 1e-06}"
rosenbrock,Rosenbrock,444,2348,gradient,2,"[-2.048, 2.048]","[1.9794994887698856, 0.7046476483274784]","[1.0135899732326585, 1.0274185725743188]",0.000184978311194299,1000,1002,"{""max_iterations"": 1000, ""rate"": 0.0001, ""tolerance"": 1e-06}"
rosenbrock,Rosenbrock,445,2349,gradient,2,"[-2.048, 2.048]","[1.8485183115189976, 0.97194542019668]","[1.1019893368242226, 1.2147643531361705]",0.010416559265989464,1000,1002,"{""max_iterations"": 1000, ""rate"": 0.0001, ""tolerance"": 1e-06}"
rosenbrock,Rosenbrock,446,2350,gradient,2,"[-2.048, 2.048]","[-0.8845594597350019, 0.04938295195661313]","[-0.38107591804973134, 0.15192608612540243]",1.911869385928029,1000,1002,"{""max_iterations"": 1000, ""rate"": 0.0001, ""tolerance"": 1e-06}"
rosenbrock,Rosenbrock,447,2351,gradient,2,"[-2.048, 2.048]","[-0.739260285876977, -1.6846395027686585]","[0.1440212561242463, 0.018549023274891115]",0.7331805782634895,1000,1002,"{""max_iterations"": 1000, ""rate"": 0.0001, ""tolerance"": 1e-06}"
rosenbrock,Rosenbrock,448,2352,gradient,2,"[-2.048, 2.048]","[-0.9988935866602291, 1.4867606849114368]","[-1.1123434345196064, 1.2452063004578513]",4.468233232558771,1000,1002,"{""max_iterations"": 1000, ""rate"": 0.0001, ""tolerance"": 1e-06}"
rosenbrock,Rosenbrock,449,2353,gradient,2,"[-2.048, 2.048]","[-1.1673971424315164, -0.32803799198959904]","[-0.23445921518482452, 0.05984734920726719]",1.5262673115865768,1000,1002,"{""max_iterations"": 1000, ""rate"": 0.0001, ""tolerance"": 1e-06}"
rosenbrock,Rosenbrock,450,2345,gradient,2,"[-2.048, 2.048]","[0.6579990905790711, -0.3538917293203312]","[0.36958006953778766, 0.13356965023500478]",0.3983411943779173,1000,1002,"{""max_iterations"": 1000, ""rate"": 0.0001, ""tolerance"": 1e-06}"
rosenbrock,Rosenbrock,451,2346,gradient,2,"[-2.048, 2.048]","[-1.73404799484475, -1.2634778772480364]","[0.06681439930277043, 0.003393249763725387]",0.870950051068983,1000,1002,"{""max_iterations"": 1000, ""rate"": 0.0001, ""tolerance"": 1e-06}"
rosenbrock,Rosenbrock,452,2347,gradient,2,"[-2.048, 2.048]","[0.20630241938255223, -0.8858881802066376]","[0.19138665523260373, 0.033976575083345346]",0.6545589985146828,1000,1002,"{""max_iterations"": 1000, ""rate"": 0.0001, ""tolerance"": 1e-06}"
rosenbrock,Rosenbrock,453,2348,gradient,2,"[-2.048, 2.048]","[1.9794994887698856, 0.7046476483274784]","[1.0135899732326585, 1.0274185725743188]",0.000184978311194299,1000,1002,"{""max_iterations"": 1000, ""rate"": 0.0001, ""tolerance"": 1e-06}"
rosenbrock,Rosenbrock,454,2349,gradient,2,"[-2.048, 2.048]","[1.8485183115189976, 0.97194542019668]","[1.1019893368242226, 1.2147643531361705]",0.010416559265989464,1000,1002,"{""max_iterations"": 1000, ""rate"": 0.0001, ""tolerance"": 1e-06}"
rosenbrock,Rosenbrock,455,2350,gradient,2,"[-2.048, 2.048]","[-0.8845594597350019, 0.04938295195661313]","[-0.38107591804973134, 0.15192608612540243]",1.911869385928029,1000,1002,"{""max_iterations"": 1000, ""rate"": 0.0001, ""tolerance"": 1e-06}"
rosenbrock,Rosenbrock,456,2351,gradient,2,"[-2.048, 2.048]","[-0.739260285876977, -1.6846395027686585]","[0.1440212561242463, 0.018549023274891115]",0.7331805782634895,1000,1002,"{""max_iterations"": 1000, ""rate"": 0.0001, ""tolerance"": 1e-06}"
rosenbrock,Rosenbrock,457,2352,gradient,2,"[-2.048, 2.048]","[-0.9988935866602291, 1.4867606849114368]","[-1.1123434345196064, 1.2452063004578513]",4.468233232558771,1000,1002,"{""max_iterations"": 1000, ""rate"": 0.0001, ""tolerance"": 1e-06}"
rosenbrock,Rosenbrock,458,2353,gradient,2,"[-2.048, 2.048]","[-1.1673971424315164, -0.32803799198959904]","[-0.23445921518482452, 0.05984734920726719]",1.5262673115865768,1000,1002,"{""max_iterations"": 1000, ""rate"": 0.0001, ""tolerance"": 1e-06}"
rosenbrock,Rosenbrock,459,2354,gradient,2,"[-2.048, 2.048]","[-0.616868571832123, -1.411828340183427]","[0.13681713509257215, 0.01661134615103212]",0.745528848586569,1000,1002,"{""max_iterations"": 1000, ""rate"": 0.0001, ""tolerance"": 1e-06}"
rosenbrock,Rosenbrock,460,2346,gradient,2,"[-2.048, 2.048]","[-1.73404799484475, -1.2634778772480364]","[0.06681439930277043, 0.003393249763725387]",0.870950051068983,1000,1002,"{""max_iterations"": 1000, ""rate"": 0.0001, ""tolerance"": 1e-06}"
rosenbrock,Rosenbrock,461,2347,gradient,2,"[-2.048, 2.048]","[0.20630241938255223, -0.8858881802066376]","[0.19138665523260373, 0.033976575083345346]",0.6545589985146828,1000,1002,"{""max_iterations"": 1000, ""rate"": 0.0001, ""tolerance"": 1e-06}"
rosenbrock,Rosenbrock,462,2348,gradient,2,"[-2.048, 2.048]","[1.9794994887698856, 0.7046476483274784]","[1.0135899732326585, 1.0274185725743188]",0.000184978311194299,1000,1002,"{""max_iterations"": 1000, ""rate"": 0.0001, ""tolerance"": 1e-06}"
rosenbrock,Rosenbrock,463,2349,gradient,2,"[-2.048, 2.048]","[1.8485183115189976, 0.97194542019668]","[1.1019893368242226, 1.2147643531361705]",0.010416559265989464,1000,1002,"{""max_iterations"": 1000, ""rate"": 0.0001, ""tolerance"": 1e-06}"
rosenbrock,Rosenbrock,464,2350,gradient,2,"[-2.048, 2.048]","[-0.8845594597350019, 0.04938295195661313]","[-0.38107591804973134, 0.15192608612540243]",1.911869385928029,1000,1002,"{""max_iterations"": 1000, ""rate"": 0.0001, ""tolerance"": 1e-06}"
rosenbrock,Rosenbrock,465,2351,gradient,2,"[-2.048, 2.048]","[-0.739260285876977, -1.6846395027686585]","[0.1440212561242463, 0.018549023274891115]",0.7331805782634895,1000,1002,"{""max_iterations"": 1000, ""rate"": 0.0001, ""tolerance"": 1e-06}"
rosenbrock,Rosenbrock,466,2352,gradient,2,"[-2.048, 2.048]","[-0.9988935866602291, 1.4867606849114368]","[-1.1123434345196064, 1.2452063004578513]",4.468233232558771,1000,1002,"{""max_iterations"": 1000, ""rate"": 0.0001, ""tolerance"": 1e-06}"
rosenbrock,Rosenbrock,467,2353,gradient,2,"[-2.048, 2.048]","[-1.1673971424315164, -0.32803799198959904]","[-0.23445921518482452, 0.05984734920726719]",1.5262673115865768,1000,1002,"{""max_iterations"": 1000, ""rate"": 0.0001, ""tolerance"": 1e-06}"
rosenbrock,Rosenbrock,468,2354,gradient,2,"[-2.048, 2.048]","[-0.616868571832123, -1.411828340183427]","[0.13681713509257215, 0.01661134615103212]",0.745528848586569,1000,1002,"{""max_iterations"": 1000, ""rate"": 0.0001, ""tolerance"": 1e-06}"
rosenbrock,Rosenbrock,469,2355,gradient,2,"[-2.048, 2.048]","[-1.2075672827210213, 0.5107777739506347]","[-0.7261181154669851, 0.5353113976178195]",2.9859863646224345,1000,1002,"{""max_iterations"": 1000, ""rate"": 0.0001, ""tolerance"": 1e-06}"
rosenbrock,Rosenbrock,470,2347,gradient,2,"[-2.048, 2.048]","[0.20630241938255223, -0.8858881802066376]","[0.19138665523260373, 0.033976575083345346]",0.6545589985146828,1000,1002,"{""max_iterations"": 1000, ""rate"": 0.0001, ""tolerance"": 1e-06}"
rosenbrock,Rosenbrock,471,2348,gradient,2,"[-2.048, 2.048]","[1.9794994887698856, 0.7046476483274784]","[1.0135899732326585, 1.0274185725743188]",0.000184978311194299,1000,1002,"{""max_iterations"": 1000, ""rate"": 0.0001, ""tolerance"": 1e-06}"
rosenbrock,Rosenbrock,472,2349,gradient,2,"[-2.048, 2.048]","[1.8485183115189976, 0.97194542019668]","[1.1019893368242226, 1.2147643531361705]",0.010416559265989464,1000,1002,"{""max_iterations"": 1000, ""rate"": 0.0001, ""tolerance"": 1e-06}"
rosenbrock,Rosenbrock,473,2350,gradient,2,"[-2.048, 2.048]","[-0.8845594597350019, 0.04938295195661313]","[-0.38107591804973134, 0.15192608612540243]",1.911869385928029,1000,1002,"{""max_iterations"": 1000, ""rate"": 0.0001, ""tolerance"": 1e-06}"
rosenbrock,Rosenbrock,474,2351,gradient,2,"[-2.048, 2.048]","[-0.739260285876977, -1.6846395027686585]","[0.1440212561242463, 0.018549023274891115]",0.7331805782634895,1000,1002,"{""max_iterations"": 1000, ""rate"": 0.0001, ""tolerance"": 1e-06}"
rosenbrock,Rosenbrock,475,2352,gradient,2,"[-2.048, 2.048]","[-0.9988935866602291, 1.4867606849114368]","[-1.1123434345196064, 1.2452063004578513]",4.468233232558771,1000,1002,"{""max_iterations"": 1000, ""rate"": 0.0001, ""tolerance"": 1e-06}"
rosenbrock,Rosenbrock,476,2353,gradient,2,"[-2.048, 2.048]","[-1.1673971424315164, -0.32803799198959904]","[-0.23445921518482452, 0.05984734920726719]",1.5262673115865768,1000,1002,"{""max_iterations"": 1000, ""rate"": 0.0001, ""tolerance"": 1e-06}"
rosenbrock,Rosenbrock,477,2354,gradient,2,"[-2.048, 2.048]","[-0.616868571832123, -1.411828340183427]","[0.13681713509257215, 0.01661134615103212]",0.745528848586569,1000,1002,"{""max_iterations"": 1000, ""rate"": 0.0001, ""tolerance"": 1e-06}"
rosenbrock,Rosenbrock,478,2355,gradient,2,"[-2.048, 2.048]","[-1.2075672827210213, 0.5107777739506347]","[-0.7261181154669851, 0.5353113976178195]",2.9859863646224345,1000,1002,"{""max_iterations"": 1000, ""rate"": 0.0001, ""tolerance"": 1e-06}"
rosenbrock,Rosenbrock,479,2356,gradient,2,"[-2.048, 2.048]","[1.0054548356892927, 1.2554413780306328]","[1.096660482807187, 1.2030291758737608]",0.009356568613237467,1000,1002,"{""max_iterations"": 1000, ""rate"": 0.0001, ""tolerance"": 1e-06}"
rosenbrock,Rosenbrock,480,2348,gradient,2,"[-2.048, 2.048]","[1.9794994887698856, 0.7046476483274784]","[1.0135899732326585, 1.0274185725743188]",0.000184978311194299,1000,1002,"{""max_iterations"": 1000, ""rate"": 0.0001, ""tolerance"": 1e-06}"
rosenbrock,Rosenbrock,481,2349,gradient,2,"[-2.048, 2.048]","[1.8485183115189976, 0.97194542019668]","[1.1019893368242226, 1.2147643531361705]",0.010416559265989464,1000,1002,"{""max_iterations"": 1000, ""rate"": 0.0001, ""tolerance"": 1e-06}"
rosenbrock,Rosenbrock,482,2350,gradient,2,"[-2.048, 2.048]","[-0.8845594597350019, 0.04938295195661313]","[-0.38107591804973134, 0.15192608612540243]",1.911869385928029,1000,1002,"{""max_iterations"": 1000, ""rate"": 0.0001, ""tolerance"": 1e-06}"
rosenbrock,Rosenbrock,483,2351,gradient,2,"[-2.048, 2.048]","[-0.739260285876977, -1.6846395027686585]","[0.1440212561242463, 0.018549023274891115]",0.7331805782634895,1000,1002,"{""max_iterations"": 1000, ""rate"": 0.0001, ""tolerance"": 1e-06}"
rosenbrock,Rosenbrock,484,2352,gradient,2,"[-2.048, 2.048]","[-0.9988935866602291, 1.4867606849114368]","[-1.1123434345196064, 1.2452063004578513]",4.468233232558771,1000,1002,"{""max_iterations"": 1000, ""rate"": 0.0001, ""tolerance"": 1e-06}"
rosenbrock,Rosenbrock,485,2353,gradient,2,"[-2.048, 2.048]","[-1.1673971424315164, -0.32803799198959904]","[-0.23445921518482452, 0.05984734920726719]",1.5262673115865768,1000,1002,"{""max_iterations"": 1000, ""rate"": 0.0001, ""tolerance"": 1e-06}"
rosenbrock,Rosenbrock,486,2354,gradient,2,"[-2.048, 2.048]","[-0.616868571832123, -1.411828340183427]","[0.13681713509257215, 0.01661134615103212]",0.745528848586569,1000,1002,"{""max_iterations"": 1000, ""rate"": 0.0001, ""tolerance"": 1e-06}"
rosenbrock,Rosenbrock,487,2355,gradient,2,"[-2.048, 2.048]","[-1.2075672827210213, 0.5107777739506347]","[-0.7261181154669851, 0.5353113976178195]",2.9859863646224345,1000,1002,"{""max_iterations"": 1000, ""rate"": 0.0001, ""tolerance"": 1e-06}"
rosenbrock,Rosenbrock,488,2356,gradient,2,"[-2.048, 2.048]","[1.0054548356892927, 1.2554413780306328]","[1.096660482807187, 1.2030291758737608]",0.009356568613237467,1000,1002,"{""max_iterations"": 1000, ""rate"": 0.0001, ""tolerance"": 1e-06}"
rosenbrock,Rosenbrock,489,2357,gradient,2,"[-2.048, 2.048]","[-0.8916994134822167, 1.2502530956086217]","[-0.9950221989324691, 0.9980724257474911]",3.986518774295727,1000,1002,"{""max_iterations"": 1000, ""rate"": 0.0001, ""tolerance"": 1e-06}"
rosenbrock,Rosenbrock,490,2349,gradient,2,"[-2.048, 2.048]","[1.8485183115189976, 0.97194542019668]","[1.1019893368242226, 1.2147643531361705]",0.010416559265989464,1000,1002,"{""max_iterations"": 1000, ""rate"": 0.0001, ""tolerance"": 1e-06}"
rosenbrock,Rosenbrock,491,2350,gradient,2,"[-2.048, 2.048]","[-0.8845594597350019, 0.04938295195661313]","[-0.38107591804973134, 0.15192608612540243]",1.911869385928029,1000,1002,"{""max_iterations"": 1000, ""rate"": 0.0001, ""tolerance"": 1e-06}"
rosenbrock,Rosenbrock,492,2351,gradient,2,"[-2.048, 2.048]","[-0.739260285876977, -1.6846395027686585]","[0.1440212561242463, 0.018549023274891115]",0.7331805782634895,1000,1002,"{""max_iterations"": 1000, ""rate"": 0.0001, ""tolerance"": 1e-06}"
rosenbrock,Rosenbrock,493,2352,gradient,2,"[-2.048, 2.048]","[-0.9988935866602291, 1.4867606849114368]","[-1.1123434345196064, 1.2452063004578513]",4.468233232558771,1000,1002,"{""max_iterations"": 1000, ""rate"": 0.0001, ""tolerance"": 1e-06}"
rosenbrock,Rosenbrock,494,2353,gradient,2,"[-2.048, 2.048]","[-1.1673971424315164, -0.32803799198959904]","[-0.23445921518482452, 0.05984734920726719]",1.5262673115865768,1000,1002,"{""max_iterations"": 1000, ""rate"": 0.0001, ""tolerance"": 1e-06}"
rosenbrock,Rosenbrock,495,2354,gradient,2,"[-2.048, 2.048]","[-0.616868571832123, -1.411828340183427]","[0.13681713509257215, 0.01661134615103212]",0.745528848586569,1000,1002,"{""max_iterations"": 1000, ""rate"": 0.0001, ""tolerance"": 1e-06}"
rosenbrock,Rosenbrock,496,2355,gradient,2,"[-2.048, 2.048]","[-1.2075672827210213, 0.5107777739506347]","[-0.7261181154669851, 0.5353113976178195]",2.9859863646224345,1000,1002,"{""max_iterations"": 1000, ""rate"": 0.0001, ""tolerance"": 1e-06}"
rosenbrock,Rosenbrock,497,2356,gradient,2,"[-2.048, 2.048]","[1.0054548356892927, 1.2554413780306328]","[1.096660482807187, 1.2030291758737608]",0.009356568613237467,1000,1002,"{""max_iterations"": 1000, ""rate"": 0.0001, ""tolerance"": 1e-06}"
rosenbrock,Rosenbrock,498,2357,gradient,2,"[-2.048, 2.048]","[-0.8916994134822167, 1.2502530956086217]","[-0.9950221989324691, 0.9980724257474911]",3.986518774295727,1000,1002,"{""max_iterations"": 1000, ""rate"": 0.0001, ""tolerance"": 1e-06}"
rosenbrock,Rosenbrock,499,2358,gradient,2,"[-2.048, 2.048]","[0.5949156493332071, 0.4072999223186109]","[0.6497842077554157, 0.4205242010439433]",0.12293851063735065,1000,1002,"{""max_iterations"": 1000, ""rate"": 0.0001, ""tolerance"": 1e-06}"
rosenbrock,Rosenbrock,500,2341,gradient,2,"[-2.048, 2.048]","[-0.5962476441903228, -1.2036411989602775]","[0.12511534213930856, 0.013693935203398363]",0.7658072907057782,1000,1002,"{""max_iterations"": 1000, ""rate"": 0.0001, ""tolerance"": 1e-06}"
rosenbrock,Rosenbrock,501,2342,gradient,2,"[-2.048, 2.048]","[-0.6030737393469077, -1.0498840137316088]","[0.11077207336582036, 0.010506108217829232]",0.7910375964881894,1000,1002,"{""max_iterations"": 1000, ""rate"": 0.0001, ""tolerance"": 1e-06}"
rosenbrock,Rosenbrock,502,2343,gradient,2,"[-2.048, 2.048]","[-0.2818295317337287, -1.815074198064459]","[0.15582511635067076, 0.021957207288642595]",0.71317145245181,1000,1002,"{""max_iterations"": 1000, ""rate"": 0.0001, ""tolerance"": 1e-06}"
rosenbrock,Rosenbrock,503,2344,gradient,2,"[-2.048, 2.048]","[-1.6593854367064378, 1.9773261333044347]","[-1.375381675261066, 1.8993017385333548]",5.6482551945418065,1000,1002,"{""max_iterations"": 1000, ""rate"": 0.0001, ""tolerance"": 1e-06}"
rosenbrock,Rosenbrock,504,2345,gradient,2,"[-2.048, 2.048]","[0.6579990905790711, -0.3538917293203312]","[0.36958006953778766, 0.13356965023500478]",0.3983411943779173,1000,1002,"{""max_iterations"": 1000, ""rate"": 0.0001, ""tolerance"": 1e-06}"
rosenbrock,Rosenbrock,505,2346,gradient,2,"[-2.048, 2.048]","[-1.73404799484475, -1.2634778772480364]","[0.06681439930277043, 0.003393249763725387]",0.870950051068983,1000,1002,"{""max_iterations"": 1000, ""rate"": 0.0001, ""tolerance"": 1e-06}"
rosenbrock,Rosenbrock,506,2347,gradient,2,"[-2.048, 2.048]","[0.20630241938255223, -0.8858881802066376]","[0.19138665523260373, 0.033976575083345346]",0.6545589985146828,1000,1002,"{""max_iterations"": 1000, ""rate"": 0.0001, ""tolerance"": 1e-06}"
rosenbrock,Rosenbrock,507,2348,gradient,2,"[-2.048, 2.048]","[1.9794994887698856, 0.7046476483274784]","[1.0135899732326585, 1.0274185725743188]",0.000184978311194299,1000,1002,"{""max_iterations"": 1000, ""rate"": 0.0001, ""tolerance"": 1e-06}"
rosenbrock,Rosenbrock,508,2349,gradient,2,"[-2.048, 2.048]","[1.8485183115189976, 0.97194542019668]","[1.1019893368242226, 1.2147643531361705]",0.010416559265989464,1000,1002,"{""max_iterations"": 1000, ""rate"": 0.0001, ""tolerance"": 1e-06}"
rosenbrock,Rosenbrock,509,2350,gradient,2,"[-2.048, 2.048]","[-0.8845594597350019, 0.04938295195661313]","[-0.38107591804973134, 0.15192608612540243]",1.911869385928029,1000,1002,"{""max_iterations"": 1000, ""rate"": 0.0001, ""tolerance"": 1e-06}"
rosenbrock,Rosenbrock,510,2342,gradient,2,"[-2.048, 2.048]","[-0.6030737393469077, -1.0498840137316088]","[0.11077207336582036, 0.010506108217829232]",0.7910375964881894,1000,1002,"{""max_iterations"": 1000, ""rate"": 0.0001, ""tolerance"": 1e-06}"
rosenbrock,Rosenbrock,511,2343,gradient,2,"[-2.048, 2.048]","[-0.2818295317337287, -1.815074198064459]","[0.15582511635067076, 0.021957207288642595]",0.71317145245181,1000,1002,"{""max_iterations"": 1000, ""rate"": 0.0001, ""tolerance"": 1e-06}"
rosenbrock,Rosenbrock,512,2344,gradient,2,"[-2.048, 2.048]","[-1.6593854367064378, 1.9773261333044347]","[-1.375381675261066, 1.8993017385333548]",5.6482551945418065,1000,1002,"{""max_iterations"": 1000, ""rate"": 0.0001, ""tolerance"": 1e-06}"
rosenbrock,Rosenbrock,513,2345,gradient,2,"[-2.048, 2.048]","[0.6579990905790711, -0.3538917293203312]","[0.36958006953778766, 0.13356965023500478]",0.3983411943779173,1000,1002,"{""max_iterations"": 1000, ""rate"": 0.0001, ""tolerance"": 1e-06}"
rosenbrock,Rosenbrock,514,2346,gradient,2,"[-2.048, 2.048]","[-1.73404799484475, -1.2634778772480364]","[0.06681439930277043, 0.003393249763725387]",0.870950051068983,1000,1002,"{""max_iterations"": 1000, ""rate"": 0.0001, ""tolerance"": 1e-06}"
rosenbrock,Rosenbrock,515,2347,gradient,2,"[-2.048, 2.048]","[0.20630241938255223, -0.8858881802066376]","[0.19138665523260373, 0.033976575083345346]",0.6545589985146828,1000,1002,"{""max_iterations"": 1000, ""rate"": 0.0001, ""tolerance"": 1e-06}"
rosenbrock,Rosenbrock,516,2348,gradient,2,"[-2.048, 2.048]","[1.9794994887698856, 0.7046476483274784]","[1.0135899732326585, 1.0274185725743188]",0.000184978311194299,1000,1002,"{""max_iterations"": 1000, ""rate"": 0.0001, ""tolerance"": 1e-06}"
rosenbrock,Rosenbrock,517,2349,gradient,2,"[-2.048, 2.048]","[1.8485183115189976, 0.97194542019668]","[1.1019893368242226, 1.2147643531361705]",0.010416559265989464,1000,1002,"{""max_iterations"": 1000, ""rate"": 0.0001, ""tolerance"": 1e-06}"
rosenbrock,Rosenbrock,518,2350,gradient,2,"[-2.048, 2.048]","[-0.8845594597350019, 0.04938295195661313]","[-0.38107591804973134, 0.15192608612540243]",1.911869385928029,1000,1002,"{""max_iterations"": 1000, ""rate"": 0.0001, ""tolerance"": 1e-06}"
rosenbrock,Rosenbrock,519,2351,gradient,2,"[-2.048, 2.048]","[-0.739260285876977, -1.6846395027686585]","[0.1440212561242463, 0.018549023274891115]",0.7331805782634895,1000,1002,"{""max_iterations"": 1000, ""rate"": 0.0001, ""tolerance"": 1e-06}"
rosenbrock,Rosenbrock,520,2343,gradient,2,"[-2.048, 2.048]","[-0.2818295317337287, -1.815074198064459]","[0.15582511635067076, 0.021957207288642595]",0.71317145245181,1000,1002,"{""max_iterations"": 1000, ""rate"": 0.0001, ""tolerance"": 1e-06}"
rosenbrock,Rosenbrock,521,2344,gradient,2,"[-2.048, 2.048]","[-1.6593854367064378, 1.9773261333044347]","[-1.375381675261066, 1.8993017385333548]",5.6482551945418065,1000,1002,"{""max_iterations"": 1000, ""rate"": 0.0001, ""tolerance"": 1e-06}"
rosenbrock,Rosenbrock,522,2345,gradient,2,"[-2.048, 2.048]","[0.6579990905790711, -0.3538917293203312]","[0.36958006953778766, 0.13356965023500478]",0.3983411943779173,1000,1002,"{""max_iterations"": 1000, ""rate"": 0.0001, ""tolerance"": 1e-06}"
rosenbrock,Rosenbrock,523,2346,gradient,2,"[-2.048, 2.048]","[-1.73404799484475, -1.2634778772480364]","[0.06681439930277043, 0.003393249763725387]",0.870950051068983,1000,1002,"{""max_iterations"": 1000, ""rate"": 0.0001, ""tolerance"": 1e-06}"
rosenbrock,Rosenbrock,524,2347,gradient,2,"[-2.048, 2.048]","[0.20630241938255223, -0.8858881802066376]","[0.19138665523260373, 0.033976575083345346]",0.6545589985146828,1000,1002,"{""max_iterations"": 1000, ""rate"": 0.0001, ""tolerance"": 1e-06}"
rosenbrock,Rosenbrock,525,2348,gradient,2,"[-2.048, 2.048]","[1.9794994887698856, 0.7046476483274784]","[1.0135899732326585, 1.0274185725743188]",0.000184978311194299,1000,1002,"{""max_iterations"": 1000, ""rate"": 0.0001, ""tolerance"": 1e-06}"
rosenbrock,Rosenbrock,526,2349,gradient,2,"[-2.048, 2.048]","[1.8485183115189976, 0.97194542019668]","[1.1019893368242226, 1.2147643531361705]",0.010416559265989464,1000,1002,"{""max_iterations"": 1000, ""rate"": 0.0001, ""tolerance"": 1e-06}"
rosenbrock,Rosenbrock,527,2350,gradient,2,"[-2.048, 2.048]","[-0.8845594597350019, 0.04938295195661313]","[-0.38107591804973134, 0.15192608612540243]",1.911869385928029,1000,1002,"{""max_iterations"": 1000, ""rate"": 0.0001, ""tolerance"": 1e-06}"
rosenbrock,Rosenbrock,528,2351,gradient,2,"[-2.048, 2.048]","[-0.739260285876977, -1.6846395027686585]","[0.1440212561242463, 0.018549023274891115]",0.7331805782634895,1000,1002,"{""max_iterations"": 1000, ""rate"": 0.0001, ""tolerance"": 1e-06}"
rosenbrock,Rosenbrock,529,2352,gradient,2,"[-2.048, 2.048]","[-0.9988935866602291, 1.4867606849114368]","[-1.1123434345196064, 1.2452063004578513]",4.468233232558771,1000,1002,"{""max_iterations"": 1000, ""rate"": 0.0001, ""tolerance"": 1e-06}"
rosenbrock,Rosenbrock,530,2344,gradient,2,"[-2.048, 2.048]","[-1.6593854367064378, 1.9773261333044347]","[-1.375381675261066, 1.8993017385333548]",5.6482551945418065,1000,1002,"{""max_iterations"": 1000, ""rate"": 0.0001, ""tolerance"": 1e-06}"
rosenbrock,Rosenbrock,531,2345,gradient,2,"[-2.048, 2.048]","[0.6579990905790711, -0.3538917293203312]","[0.36958006953778766, 0.13356965023500478]",0.3983411943779173,1000,1002,"{""max_iterations"": 1000, ""rate"": 0.0001, ""tolerance"": 1e-06}"
rosenbrock,Rosenbrock,532,2346,gradient,2,"[-2.048, 2.048]","[-1.73404799484475, -1.2634778772480364]","[0.06681439930277043, 0.003393249763725387]",0.870950051068983,1000,1002,"{""max_iterations"": 1000, ""rate"": 0.0001, ""tolerance"": 1e-06}"
rosenbrock,Rosenbrock,533,2347,gradient,2,"[-2.048, 2.048]","[0.20630241938255223, -0.8858881802066376]","[0.19138665523260373, 0.033976575083345346]",0.6545589985146828,1000,1002,"{""max_iterations"": 1000, ""rate"": 0.0001, ""tolerance"": 1e-06}"
rosenbrock,Rosenbrock,534,2348,gradient,2,"[-2.048, 2.048]","[1.9794994887698856, 0.7046476483274784]","[1.0135899732326585, 1.0274185725743188]",0.000184978311194299,1000,1002,"{""max_iterations"": 1000, ""rate"": 0.0001, ""tolerance"": 1e-06}"
rosenbrock,Rosenbrock,535,2349,gradient,2,"[-2.048, 2.048]","[1.8485183115189976, 0.97194542019668]","[1.1019893368242226, 1.2147643531361705]",0.010416559265989464,1000,1002,"{""max_iterations"": 1000, ""rate"": 0.0001, ""tolerance"": 1e-06}"
rosenbrock,Rosenbrock,536,2350,gradient,2,"[-2.048, 2.048]","[-0.8845594597350019, 0.04938295195661313]","[-0.38107591804973134, 0.15192608612540243]",1.911869385928029,1000,1002,"{""max_iterations"": 1000, ""rate"": 0.0001, ""tolerance"": 1e-06}"
rosenbrock,Rosenbrock,537,2351,gradient,2,"[-2.048, 2.048]","[-0.739260285876977, -1.6846395027686585]","[0.1440212561242463, 0.018549023274891115]",0.7331805782634895,1000,1002,"{""max_iterations"": 1000, ""rate"": 0.0001, ""tolerance"": 1e-06}"
rosenbrock,Rosenbrock,538,2352,gradient,2,"[-2.048, 2.048]","[-0.9988935866602291, 1.4867606849114368]","[-1.1123434345196064, 1.2452063004578513]",4.468233232558771,1000,1002,"{""max_iterations"": 1000, ""rate"": 0.0001, ""tolerance"": 1e-06}"
rosenbrock,Rosenbrock,539,2353,gradient,2,"[-2.048, 2.048]","[-1.1673971424315164, -0.32803799198959904]","[-0.23445921518482452, 0.05984734920726719]",1.5262673115865768,1000,1002,"{""max_iterations"": 1000, ""rate"": 0.0001, ""tolerance"": 1e-06}"
rosenbrock,Rosenbrock,540,2345,gradient,2,"[-2.048, 2.048]","[0.6579990905790711, -0.3538917293203312]","[0.36958006953778766, 0.13356965023500478]",0.3983411943779173,1000,1002,"{""max_iterations"": 1000, ""rate"": 0.0001, ""tolerance"": 1e-06}"
rosenbrock,Rosenbrock,541,2346,gradient,2,"[-2.048, 2.048]","[-1.73404799484475, -1.2634778772480364]","[0.06681439930277043, 0.003393249763725387]",0.870950051068983,1000,1002,"{""max_iterations"": 1000, ""rate"": 0.0001, ""tolerance"": 1e-06}"
rosenbrock,Rosenbrock,542,2347,gradient,2,"[-2.048, 2.048]","[0.20630241938255223, -0.8858881802066376]","[0.19138665523260373, 0.033976575083345346]",0.6545589985146828,1000,1002,"{""max_iterations"": 1000, ""rate"": 0.0001, ""tolerance"": 1e-06}"
rosenbrock,Rosenbrock,543,2348,gradient,2,"[-2.048, 2.048]","[1.9794994887698856, 0.7046476483274784]","[1.0135899732326585, 1.0274185725743188]",0.000184978311194299,1000,1002,"{""max_iterations"": 1000, ""rate"": 0.0001, ""tolerance"": 1e-06}"
rosenbrock,Rosenbrock,544,2349,gradient,2,"[-2.048, 2.048]","[1.8485183115189976, 0.97194542019668]","[1.1019893368242226, 1.2147643531361705]",0.010416559265989464,1000,1002,"{""max_iterations"": 1000, ""rate"": 0.0001, ""tolerance"": 1e-06}"
rosenbrock,Rosenbrock,545,2350,gradient,2,"[-2.048, 2.048]","[-0.8845594597350019, 0.04938295195661313]","[-0.38107591804973134, 0.15192608612540243]",1.911869385928029,1000,1002,"{""max_iterations"": 1000, ""rate"": 0.0001, ""tolerance"": 1e-06}"
rosenbrock,Rosenbrock,546,2351,gradient,2,"[-2.048, 2.048]","[-0.739260285876977, -1.6846395027686585]","[0.1440212561242463, 0.018549023274891115]",0.7331805782634895,1000,1002,"{""max_iterations"": 1000, ""rate"": 0.0001, ""tolerance"": 1e-06}"
rosenbrock,Rosenbrock,547,2352,gradient,2,"[-2.048, 2.048]","[-0.9988935866602291, 1.4867606849114368]","[-1.1123434345196064, 1.2452063004578513]",4.468233232558771,1000,1002,"{""max_iterations"": 1000, ""rate"": 0.0001, ""tolerance"": 1e-06}"
rosenbrock,Rosenbrock,548,2353,gradient,2,"[-2.048, 2.048]","[-1.1673971424315164, -0.32803799198959904]","[-0.23445921518482452, 0.05984734920726719]",1.5262673115865768,1000,1002,"{""max_iterations"": 1000, ""rate"": 0.0001, ""tolerance"": 1e-06}"
rosenbrock,Rosenbrock,549,2354,gradient,2,"[-2.048, 2.048]","[-0.616868571832123, -1.411828340183427]","[0.13681713509257215, 0.01661134615103212]",0.745528848586569,1000,1002,"{""max_iterations"": 1000, ""rate"": 0.0001, ""tolerance"": 1e-06}"
rosenbrock,Rosenbrock,550,2346,gradient,2,"[-2.048, 2.048]","[-1.73404799484475, -1.2634778772480364]","[0.06681439930277043, 0.003393249763725387]",0.870950051068983,1000,1002,"{""max_iterations"": 1000, ""rate"": 0.0001, ""tolerance"": 1e-06}"
rosenbrock,Rosenbrock,551,2347,gradient,2,"[-2.048, 2.048]","[0.20630241938255223, -0.8858881802066376]","[0.19138665523260373, 0.033976575083345346]",0.6545589985146828,1000,1002,"{""max_iterations"": 1000, ""rate"": 0.0001, ""tolerance"": 1e-06}"
rosenbrock,Rosenbrock,552,2348,gradient,2,"[-2.048, 2.048]","[1.9794994887698856, 0.7046476483274784]","[1.0135899732326585, 1.0274185725743188]",0.000184978311194299,1000,1002,"{""max_iterations"": 1000, ""rate"": 0.0001, ""tolerance"": 1e-06}"
rosenbrock,Rosenbrock,553,2349,gradient,2,"[-2.048, 2.048]","[1.8485183115189976, 0.97194542019668]","[1.1019893368242226, 1.2147643531361705]",0.010416559265989464,1000,1002,"{""max_iterations"": 1000, ""rate"": 0.0001, ""tolerance"": 1e-06}"
rosenbrock,Rosenbrock,554,2350,gradient,2,"[-2.048, 2.048]","[-0.8845594597350019, 0.04938295195661313]","[-0.38107591804973134, 0.15192608612540243]",1.911869385928029,1000,1002,"{""max_iterations"": 1000, ""rate"": 0.0001, ""tolerance"": 1e-06}"
rosenbrock,Rosenbrock,555,2351,gradient,2,"[-2.048, 2.048]","[-0.739260285876977, -1.6846395027686585]","[0.1440212561242463, 0.018549023274891115]",0.7331805782634895,1000,1002,"{""max_iterations"": 1000, ""rate"": 0.0001, ""tolerance"": 1e-06}"
rosenbrock,Rosenbrock,556,2352,gradient,2,"[-2.048, 2.048]","[-0.9988935866602291, 1.4867606849114368]","[-1.1123434345196064, 1.2452063004578513]",4.468233232558771,1000,1002,"{""max_iterations"": 1000, ""rate"": 0.0001, ""tolerance"": 1e-06}"
rosenbrock,Rosenbrock,557,2353,gradient,2,"[-2.048, 2.048]","[-1.1673971424315164, -0.32803799198959904]","[-0.23445921518482452, 0.05984734920726719]",1.5262673115865768,1000,1002,"{""max_iterations"": 1000, ""rate"": 0.0001, ""tolerance"": 1e-06}"
rosenbrock,Rosenbrock,558,2354,gradient,2,"[-2.048, 2.048]","[-0.616868571832123, -1.411828340183427]","[0.13681713509257215, 0.01661134615103212]",0.745528848586569,1000,1002,"{""max_iterations"": 1000, ""rate"": 0.0001, ""tolerance"": 1e-06}"
rosenbrock,Rosenbrock,559,2355,gradient,2,"[-2.048, 2.048]","[-1.2075672827210213, 0.5107777739506347]","[-0.7261181154669851, 0.5353113976178195]",2.9859863646224345,1000,1002,"{""max_iterations"": 1000, ""rate"": 0.0001, ""tolerance"": 1e-06}"
rosenbrock,Rosenbrock,560,2347,gradient,2,"[-2.048, 2.048]","[0.20630241938255223, -0.8858881802066376]","[0.19138665523260373, 0.033976575083345346]",0.6545589985146828,1000,1002,"{""max_iterations"": 1000, ""rate"": 0.0001, ""tolerance"": 1e-06}"
rosenbrock,Rosenbrock,561,2348,gradient,2,"[-2.048, 2.048]","[1.9794994887698856, 0.7046476483274784]","[1.0135899732326585, 1.0274185725743188]",0.000184978311194299,1000,1002,"{""max_iterations"": 1000, ""rate"": 0.0001, ""tolerance"": 1e-06}"
rosenbrock,Rosenbrock,562,2349,gradient,2,"[-2.048, 2.048]","[1.8485183115189976, 0.97194542019668]","[1.1019893368242226, 1.2147643531361705]",0.010416559265989464,1000,1002,"{""max_iterations"": 1000, ""rate"": 0.0001, ""tolerance"": 1e-06}"
rosenbrock,Rosenbrock,563,2350,gradient,2,"[-2.048, 2.048]","[-0.8845594597350019, 0.04938295195661313]","[-0.38107591804973134, 0.15192608612540243]",1.911869385928029,1000,1002,"{""max_iterations"": 1000, ""rate"": 0.0001, ""tolerance"": 1e-06}"
rosenbrock,Rosenbrock,564,2351,gradient,2,"[-2.048, 2.048]","[-0.739260285876977, -1.6846395027686585]","[0.1440212561242463, 0.018549023274891115]",0.7331805782634895,1000,1002,"{""max_iterations"": 1000, ""rate"": 0.0001, ""tolerance"": 1e-06}"
rosenbrock,Rosenbrock,565,2352,gradient,2,"[-2.048, 2.048]","[-0.9988935866602291, 1.4867606849114368]","[-1.1123434345196064, 1.2452063004578513]",4.468233232558771,1000,1002,"{""max_iterations"": 1000, ""rate"": 0.0001, ""tolerance"": 1e-06}"
rosenbrock,Rosenbrock,566,2353,gradient,2,"[-2.048, 2.048]","[-1.1673971424315164, -0.32803799198959904]","[-0.23445921518482452, 0.05984734920726719]",1.5262673115865768,1000,1002,"{""max_iterations"": 1000, ""rate"": 0.0001, ""tolerance"": 1e-06}"
rosenbrock,Rosenbrock,567,2354,gradient,2,"[-2.048, 2.048]","[-0.616868571832123, -1.411828340183427]","[0.13681713509257215, 0.01661134615103212]",0.745528848586569,1000,1002,"{""max_iterations"": 1000, ""rate"": 0.0001, ""tolerance"": 1e-06}"
rosenbrock,Rosenbrock,568,2355,gradient,2,"[-2.048, 2.048]","[-1.2075672827210213, 0.5107777739506347]","[-0.7261181154669851, 0.5353113976178195]",2.9859863646224345,1000,1002,"{""max_iterations"": 1000, ""rate"": 0.0001, ""tolerance"": 1e-06}"
rosenbrock,Rosenbrock,569,2356,gradient,2,"[-2.048, 2.048]","[1.0054548356892927, 1.2554413780306328]","[1.096660482807187, 1.2030291758737608]",0.009356568613237467,1000,1002,"{""max_iterations"": 1000, ""rate"": 0.0001, ""tolerance"": 1e-06}"
rosenbrock,Rosenbrock,570,2348,gradient,2,"[-2.048, 2.048]","[1.9794994887698856, 0.7046476483274784]","[1.0135899732326585, 1.0274185725743188]",0.000184978311194299,1000,1002,"{""max_iterations"": 1000, ""rate"": 0.0001, ""tolerance"": 1e-06}"
rosenbrock,Rosenbrock,571,2349,gradient,2,"[-2.048, 2.048]","[1.8485183115189976, 0.97194542019668]","[1.1019893368242226, 1.2147643531361705]",0.010416559265989464,1000,1002,"{""max_iterations"": 1000, ""rate"": 0.0001, ""tolerance"": 1e-06}"
rosenbrock,Rosenbrock,572,2350,gradient,2,"[-2.048, 2.048]","[-0.8845594597350019, 0.04938295195661313]","[-0.38107591804973134, 0.15192608612540243]",1.911869385928029,1000,1002,"{""max_iterations"": 1000, ""rate"": 0.0001, ""tolerance"": 1e-06}"
rosenbrock,Rosenbrock,573,2351,gradient,2,"[-2.048, 2.048]","[-0.739260285876977, -1.6846395027686585]","[0.1440212561242463, 0.018549023274891115]",0.7331805782634895,1000,1002,"{""max_iterations"": 1000, ""rate"": 0.0001, ""tolerance"": 1e-06}"
rosenbrock,Rosenbrock,574,2352,gradient,2,"[-2.048, 2.048]","[-0.9988935866602291, 1.4867606849114368]","[-1.1123434345196064, 1.2452063004578513]",4.468233232558771,1000,1002,"{""max_iterations"": 1000, ""rate"": 0.0001, ""tolerance"": 1e-06}"
rosenbrock,Rosenbrock,575,2353,gradient,2,"[-2.048, 2.048]","[-1.1673971424315164, -0.32803799198959904]","[-0.23445921518482452, 0.05984734920726719]",1.5262673115865768,1000,1002,"{""max_iterations"": 1000, ""rate"": 0.0001, ""tolerance"": 1e-06}"
rosenbrock,Rosenbrock,576,2354,gradient,2,"[-2.048, 2.048]","[-0.616868571832123, -1.411828340183427]","[0.13681713509257215, 0.01661134615103212]",0.745528848586569,1000,1002,"{""max_iterations"": 1000, ""rate"": 0.0001, ""tolerance"": 1e-06}"
rosenbrock,Rosenbrock,577,2355,gradient,2,"[-2.048, 2.048]","[-1.2075672827210213, 0.5107777739506347]","[-0.7261181154669851, 0.5353113976178195]",2.9859863646224345,1000,1002,"{""max_iterations"": 1000, ""rate"": 0.0001, ""tolerance"": 1e-06}"
rosenbrock,Rosenbrock,578,2356,gradient,2,"[-2.048, 2.048]","[1.0054548356892927, 1.2554413780306328]","[1.096660482807187, 1.2030291758737608]",0.009356568613237467,1000,1002,"{""max_iterations"": 1000, ""rate"": 0.0001, ""tolerance"": 1e-06}"
rosenbrock,Rosenbrock,579,2357,gradient,2,"[-2.048, 2.048]","[-0.8916994134822167, 1.2502530956086217]","[-0.9950221989324691, 0.9980724257474911]",3.986518774295727,1000,1002,"{""max_iterations"": 1000, ""rate"": 0.0001, ""tolerance"": 1e-06}"
rosenbrock,Rosenbrock,580,2349,gradient,2,"[-2.048, 2.048]","[1.8485183115189976, 0.97194542019668]","[1.1019893368242226, 1.2147643531361705]",0.010416559265989464,1000,1002,"{""max_iterations"": 1000, ""rate"": 0.0001, ""tolerance"": 1e-06}"
rosenbrock,Rosenbrock,581,2350,gradient,2,"[-2.048, 2.048]","[-0.8845594597350019, 0.04938295195661313]","[-0.38107591804973134, 0.15192608612540243]",1.911869385928029,1000,1002,"{""max_iterations"": 1000, ""rate"": 0.0001, ""tolerance"": 1e-06}"
rosenbrock,Rosenbrock,582,2351,gradient,2,"[-2.048, 2.048]","[-0.739260285876977, -1.6846395027686585]","[0.1440212561242463, 0.018549023274891115]",0.7331805782634895,1000,1002,"{""max_iterations"": 1000, ""rate"": 0.0001, ""tolerance"": 1e-06}"
rosenbrock,Rosenbrock,583,2352,gradient,2,"[-2.048, 2.048]","[-0.9988935866602291, 1.4867606849114368]","[-1.1123434345196064, 1.2452063004578513]",4.468233232558771,1000,1002,"{""max_iterations"": 1000, ""rate"": 0.0001, ""tolerance"": 1e-06}"
rosenbrock,Rosenbrock,584,2353,gradient,2,"[-2.048, 2.048]","[-1.1673971424315164, -0.32803799198959904]","[-0.23445921518482452, 0.05984734920726719]",1.5262673115865768,1000,1002,"{""max_iterations"": 1000, ""rate"": 0.0001, ""tolerance"": 1e-06}"
rosenbrock,Rosenbrock,585,2354,gradient,2,"[-2.048, 2.048]","[-0.616868571832123, -1.411828340183427]","[0.13681713509257215, 0.01661134615103212]",0.745528848586569,1000,1002,"{""max_iterations"": 1000, ""rate"": 0.0001, ""tolerance"": 1e-06}"
rosenbrock,Rosenbrock,586,2355,gradient,2,"[-2.048, 2.048]","[-1.2075672827210213, 0.5107777739506347]","[-0.7261181154669851, 0.5353113976178195]",2.9859863646224345,1000,1002,"{""max_iterations"": 1000, ""rate"": 0.0001, ""tolerance"": 1e-06}"
rosenbrock,Rosenbrock,587,2356,gradient,2,"[-2.048, 2.048]","[1.0054548356892927, 1.2554413780306328]","[1.096660482807187, 1.2030291758737608]",0.009356568613237467,1000,1002,"{""max_iterations"": 1000, ""rate"": 0.0001, ""tolerance"": 1e-06}"
rosenbrock,Rosenbrock,588,2357,gradient,2,"[-2.048, 2.048]","[-0.8916994134822167, 1.2502530956086217]","[-0.9950221989324691, 0.9980724257474911]",3.986518774295727,1000,1002,"{""max_iterations"": 1000, ""rate"": 0.0001, ""tolerance"": 1e-06}"
rosenbrock,Rosenbrock,589,2358,gradient,2,"[-2.048, 2.048]","[0.5949156493332071, 0.4072999223186109]","[0.6497842077554157, 0.4205242010439433]",0.12293851063735065,1000,1002,"{""max_iterations"": 1000, ""rate"": 0.0001, ""tolerance"": 1e-06}"
rosenbrock,Rosenbrock,590,2350,gradient,2,"[-2.048, 2.048]","[-0.8845594597350019, 0.04938295195661313]","[-0.38107591804973134, 0.15192608612540243]",1.911869385928029,1000,1002,"{""max_iterations"": 1000, ""rate"": 0.0001, ""tolerance"": 1e-06}"
rosenbrock,Rosenbrock,591,2351,gradient,2,"[-2.048, 2.048]","[-0.739260285876977, -1.6846395027686585]","[0.1440212561242463, 0.018549023274891115]",0.7331805782634895,1000,1002,"{""max_iterations"": 1000, ""rate"": 0.0001, ""tolerance"": 1e-06}"
rosenbrock,Rosenbrock,592,2352,gradient,2,"[-2.048, 2.048]","[-0.9988935866602291, 1.4867606849114368]","[-1.1123434345196064, 1.2452063004578513]",4.468233232558771,1000,1002,"{""max_iterations"": 1000, ""rate"": 0.0001, ""tolerance"": 1e-06}"
rosenbrock,Rosenbrock,593,2353,gradient,2,"[-2.048, 2.048]","[-1.1673971424315164, -0.32803799198959904]","[-0.23445921518482452, 0.05984734920726719]",1.5262673115865768,1000,1002,"{""max_iterations"": 1000, ""rate"": 0.0001, ""tolerance"": 1e-06}"
rosenbrock,Rosenbrock,594,2354,gradient,2,"[-2.048, 2.048]","[-0.616868571832123, -1.411828340183427]","[0.13681713509257215, 0.01661134615103212]",0.745528848586569,1000,1002,"{""max_iterations"": 1000, ""rate"": 0.0001, ""tolerance"": 1e-06}"
rosenbrock,Rosenbrock,595,2355,gradient,2,"[-2.048, 2.048]","[-1.2075672827210213, 0.5107777739506347]","[-0.7261181154669851, 0.5353113976178195]",2.9859863646224345,1000,1002,"{""max_iterations"": 1000, ""rate"": 0.0001, ""tolerance"": 1e-06}"
rosenbrock,Rosenbrock,596,2356,gradient,2,"[-2.048, 2.048]","[1.0054548356892927, 1.2554413780306328]","[1.096660482807187, 1.2030291758737608]",0.009356568613237467,1000,1002,"{""max_iterations"": 1000, ""rate"": 0.0001, ""tolerance"": 1e-06}"
rosenbrock,Rosenbrock,597,2357,gradient,2,"[-2.048, 2.048]","[-0.8916994134822167, 1.2502530956086217]","[-0.9950221989324691, 0.9980724257474911]",3.986518774295727,1000,1002,"{""max_iterations"": 1000, ""rate"": 0.0001, ""tolerance"": 1e-06}"
rosenbrock,Rosenbrock,598,2358,gradient,2,"[-2.048, 2.048]","[0.5949156493332071, 0.4072999223186109]","[0.6497842077554157, 0.4205242010439433]",0.12293851063735065,1000,1002,"{""max_iterations"": 1000, ""rate"": 0.0001, ""tolerance"": 1e-06}"
rosenbrock,Rosenbrock,599,2359,gradient,2,"[-2.048, 2.048]","[-0.14648149725228676, 0.3374420380870311]","[-0.03885165546507052, 0.002528576104567619]",1.0793166236334117,1000,1002,"{""max_iterations"": 1000, ""rate"": 0.0001, ""tolerance"": 1e-06}"
rosenbrock,Rosenbrock,600,2342,gradient,2,"[-2.048, 2.048]","[-0.6030737393469077, -1.0498840137316088]","[0.11077207336582036, 0.010506108217829232]",0.7910375964881894,1000,1002,"{""max_iterations"": 1000, ""rate"": 0.0001, ""tolerance"": 1e-06}"
rosenbrock,Rosenbrock,601,2343,gradient,2,"[-2.048, 2.048]","[-0.2818295317337287, -1.815074198064459]","[0.15582511635067076, 0.021957207288642595]",0.71317145245181,1000,1002,"{""max_iterations"": 1000, ""rate"": 0.0001, ""tolerance"": 1e-06}"
rosenbrock,Rosenbrock,602,2344,gradient,2,"[-2.048, 2.048]","[-1.6593854367064378, 1.9773261333044347]","[-1.375381675261066, 1.8993017385333548]",5.6482551945418065,1000,1002,"{""max_iterations"": 1000, ""rate"": 0.0001, ""tolerance"": 1e-06}"
rosenbrock,Rosenbrock,603,2345,gradient,2,"[-2.048, 2.048]","[0.6579990905790711, -0.3538917293203312]","[0.36958006953778766, 0.13356965023500478]",0.3983411943779173,1000,1002,"{""max_iterations"": 1000, ""rate"": 0.0001, ""tolerance"": 1e-06}"
rosenbrock,Rosenbrock,604,2346,gradient,2,"[-2.048, 2.048]","[-1.73404799484475, -1.2634778772480364]","[0.06681439930277043, 0.003393249763725387]",0.870950051068983,1000,1002,"{""max_iterations"": 1000, ""rate"": 0.0001, ""tolerance"": 1e-06}"
rosenbrock,Rosenbrock,605,2347,gradient,2,"[-2.048, 2.048]","[0.20630241938255223, -0.8858881802066376]","[0.19138665523260373, 0.033976575083345346]",0.6545589985146828,1000,1002,"{""max_iterations"": 1000, ""rate"": 0.0001, ""tolerance"": 1e-06}"
rosenbrock,Rosenbrock,606,2348,gradient,2,"[-2.048, 2.048]","[1.9794994887698856, 0.7046476483274784]","[1.0135899732326585, 1.0274185725743188]",0.000184978311194299,1000,1002,"{""max_iterations"": 1000, ""rate"": 0.0001, ""tolerance"": 1e-06}"
rosenbrock,Rosenbrock,607,2349,gradient,2,"[-2.048, 2.048]","[1.8485183115189976, 0.97194542019668]","[1.1019893368242226, 1.2147643531361705]",0.010416559265989464,1000,1002,"{""max_iterations"": 1000, ""rate"": 0.0001, ""tolerance"": 1e-06}"
rosenbrock,Rosenbrock,608,2350,gradient,2,"[-2.048, 2.048]","[-0.8845594597350019, 0.04938295195661313]","[-0.38107591804973134, 0.15192608612540243]",1.911869385928029,1000,1002,"{""max_iterations"": 1000, ""rate"": 0.0001, ""tolerance"": 1e-06}"
rosenbrock,Rosenbrock,609,2351,gradient,2,"[-2.048, 2.048]","[-0.739260285876977, -1.6846395027686585]","[0.1440212561242463, 0.018549023274891115]",0.7331805782634895,1000,1002,"{""max_iterations"": 1000, ""rate"": 0.0001, ""tolerance"": 1e-06}"
rosenbrock,Rosenbrock,610,2343,gradient,2,"[-2.048, 2.048]","[-0.2818295317337287, -1.815074198064459]","[0.15582511635067076, 0.021957207288642595]",0.71317145245181,1000,1002,"{""max_iterations"": 1000, ""rate"": 0.0001, ""tolerance"": 1e-06}"
rosenbrock,Rosenbrock,611,2344,gradient,2,"[-2.048, 2.048]","[-1.6593854367064378, 1.9773261333044347]","[-1.375381675261066, 1.8993017385333548]",5.6482551945418065,1000,1002,"{""max_iterations"": 1000, ""rate"": 0.0001, ""tolerance"": 1e-06}"
rosenbrock,Rosenbrock,612,2345,gradient,2,"[-2.048, 2.048]","[0.6579990905790711, -0.3538917293203312]","[0.36958006953778766, 0.13356965023500478]",0.3983411943779173,1000,1002,"{""max_iterations"": 1000, ""rate"": 0.0001, ""tolerance"": 1e-06}"
rosenbrock,Rosenbrock,613,2346,gradient,2,"[-2.048, 2.048]","[-1.73404799484475, -1.2634778772480364]","[0.06681439930277043, 0.003393249763725387]",0.870950051068983,1000,1002,"{""max_iterations"": 1000, ""rate"": 0.0001, ""tolerance"": 1e-06}"
rosenbrock,Rosenbrock,614,2347,gradient,2,"[-2.048, 2.048]","[0.20630241938255223, -0.8858881802066376]","[0.19138665523260373, 0.033976575083345346]",0.6545589985146828,1000,1002,"{""max_iterations"": 1000, ""rate"": 0.0001, ""tolerance"": 1e-06}"
rosenbrock,Rosenbrock,615,2348,gradient,2,"[-2.048, 2.048]","[1.9794994887698856, 0.7046476483274784]","[1.0135899732326585, 1.0274185725743188]",0.000184978311194299,1000,1002,"{""max_iterations"": 1000, ""rate"": 0.0001, ""tolerance"": 1e-06}"
rosenbrock,Rosenbrock,616,2349,gradient,2,"[-2.048, 2.048]","[1.8485183115189976, 0.97194542019668]","[1.1019893368242226, 1.2147643531361705]",0.010416559265989464,1000,1002,"{""max_iterations"": 1000, ""rate"": 0.0001, ""tolerance"": 1e-06}"
rosenbrock,Rosenbrock,617,2350,gradient,2,"[-2.048, 2.048]","[-0.8845594597350019, 0.04938295195661313]","[-0.38107591804973134, 0.15192608612540243]",1.911869385928029,1000,1002,"{""max_iterations"": 1000, ""rate"": 0.0001, ""tolerance"": 1e-06}"
rosenbrock,Rosenbrock,618,2351,gradient,2,"[-2.048, 2.048]","[-0.739260285876977, -1.6846395027686585]","[0.1440212561242463, 0.018549023274891115]",0.7331805782634895,1000,1002,"{""max_iterations"": 1000, ""rate"": 0.0001, ""tolerance"": 1e-06}"
rosenbrock,Rosenbrock,619,2352,gradient,2,"[-2.048, 2.048]","[-0.9988935866602291, 1.4867606849114368]","[-1.1123434345196064, 1.2452063004578513]",4.468233232558771,1000,1002,"{""max_iterations"": 1000, ""rate"": 0.0001, ""tolerance"": 1e-06}"
rosenbrock,Rosenbrock,620,2344,gradient,2,"[-2.048, 2.048]","[-1.6593854367064378, 1.9773261333044347]","[-1.375381675261066, 1.8993017385333548]",5.6482551945418065,1000,1002,"{""max_iterations"": 1000, ""rate"": 0.0001, ""tolerance"": 1e-06}"
rosenbrock,Rosenbrock,621,2345,gradient,2,"[-2.048, 2.048]","[0.6579990905790711, -0.3538917293203312]","[0.36958006953778766, 0.13356965023500478]",0.3983411943779173,1000,1002,"{""max_iterations"": 1000, ""rate"": 0.0001, ""tolerance"": 1e-06}"
rosenbrock,Rosenbrock,622,2346,gradient,2,"[-2.048, 2.048]","[-1.73404799484475, -1.2634778772480364]","[0.06681439930277043, 0.003393249763725387]",0.870950051068983,1000,1002,"{""max_iterations"": 1000, ""rate"": 0.0001, ""tolerance"": 1e-06}"
rosenbrock,Rosenbrock,623,2347,gradient,2,"[-2.048, 2.048]","[0.20630241938255223, -0.8858881802066376]","[0.19138665523260373, 0.033976575083345346]",0.6545589985146828,1000,1002,"{""max_iterations"": 1000, ""rate"": 0.0001, ""tolerance"": 1e-06}"
rosenbrock,Rosenbrock,624,2348,gradient,2,"[-2.048, 2.048]","[1.9794994887698856, 0.7046476483274784]","[1.0135899732326585, 1.0274185725743188]",0.000184978311194299,1000,1002,"{""max_iterations"": 1000, ""rate"": 0.0001, ""tolerance"": 1e-06}"
rosenbrock,Rosenbrock,625,2349,gradient,2,"[-2.048, 2.048]","[1.8485183115189976, 0.97194542019668]","[1.1019893368242226, 1.2147643531361705]",0.010416559265989464,1000,1002,"{""max_iterations"": 1000, ""rate"": 0.0001, ""tolerance"": 1e-06}"
rosenbrock,Rosenbrock,626,2350,gradient,2,"[-2.048, 2.048]","[-0.8845594597350019, 0.04938295195661313]","[-0.38107591804973134, 0.15192608612540243]",1.911869385928029,1000,1002,"{""max_iterations"": 1000, ""rate"": 0.0001, ""tolerance"": 1e-06}"
rosenbrock,Rosenbrock,627,2351,gradient,2,"[-2.048, 2.048]","[-0.739260285876977, -1.6846395027686585]","[0.1440212561242463, 0.018549023274891115]",0.7331805782634895,1000,1002,"{""max_iterations"": 1000, ""rate"": 0.0001, ""tolerance"": 1e-06}"
rosenbrock,Rosenbrock,628,2352,gradient,2,"[-2.048, 2.048]","[-0.9988935866602291, 1.4867606849114368]","[-1.1123434345196064, 1.2452063004578513]",4.468233232558771,1000,1002,"{""max_iterations"": 1000, ""rate"": 0.0001, ""tolerance"": 1e-06}"
rosenbrock,Rosenbrock,629,2353,gradient,2,"[-2.048, 2.048]","[-1.1673971424315164, -0.32803799198959904]","[-0.23445921518482452, 0.05984734920726719]",1.5262673115865768,1000,1002,"{""max_iterations"": 1000, ""rate"": 0.0001, ""tolerance"": 1e-06}"
rosenbrock,Rosenbrock,630,2345,gradient,2,"[-2.048, 2.048]","[0.6579990905790711, -0.3538917293203312]","[0.36958006953778766, 0.13356965023500478]",0.3983411943779173,1000,1002,"{""max_iterations"": 1000, ""rate"": 0.0001, ""tolerance"": 1e-06}"
rosenbrock,Rosenbrock,631,2346,gradient,2,"[-2.048, 2.048]","[-1.73404799484475, -1.2634778772480364]","[0.06681439930277043, 0.003393249763725387]",0.870950051068983,1000,1002,"{""max_iterations"": 1000, ""rate"": 0.0001, ""tolerance"": 1e-06}"
rosenbrock,Rosenbrock,632,2347,gradient,2,"[-2.048, 2.048]","[0.20630241938255223, -0.8858881802066376]","[0.19138665523260373, 0.033976575083345346]",0.6545589985146828,1000,1002,"{""max_iterations"": 1000, ""rate"": 0.0001, ""tolerance"": 1e-06}"
rosenbrock,Rosenbrock,633,2348,gradient,2,"[-2.048, 2.048]","[1.9794994887698856, 0.7046476483274784]","[1.0135899732326585, 1.0274185725743188]",0.000184978311194299,1000,1002,"{""max_iterations"": 1000, ""rate"": 0.0001, ""tolerance"": 1e-06}"
rosenbrock,Rosenbrock,634,2349,gradient,2,"[-2.048, 2.048]","[1.8485183115189976, 0.97194542019668]","[1.1019893368242226, 1.2147643531361705]",0.010416559265989464,1000,1002,"{""max_iterations"": 1000, ""rate"": 0.0001, ""tolerance"": 1e-06}"
rosenbrock,Rosenbrock,635,2350,gradient,2,"[-2.048, 2.048]","[-0.8845594597350019, 0.04938295195661313]","[-0.38107591804973134, 0.15192608612540243]",1.911869385928029,1000,1002,"{""max_iterations"": 1000, ""rate"": 0.0001, ""tolerance"": 1e-06}"
rosenbrock,Rosenbrock,636,2351,gradient,2,"[-2.048, 2.048]","[-0.739260285876977, -1.6846395027686585]","[0.1440212561242463, 0.018549023274891115]",0.7331805782634895,1000,1002,"{""max_iterations"": 1000, ""rate"": 0.0001, ""tolerance"": 1e-06}"
rosenbrock,Rosenbrock,637,2352,gradient,2,"[-2.048, 2.048]","[-0.9988935866602291, 1.4867606849114368]","[-1.1123434345196064, 1.2452063004578513]",4.468233232558771,1000,1002,"{""max_iterations"": 1000, ""rate"": 0.0001, ""tolerance"": 1e-06}"
rosenbrock,Rosenbrock,638,2353,gradient,2,"[-2.048, 2.048]","[-1.1673971424315164, -0.32803799198959904]","[-0.23445921518482452, 0.05984734920726719]",1.5262673115865768,1000,1002,"{""max_iterations"": 1000, ""rate"": 0.0001, ""tolerance"": 1e-06}"
rosenbrock,Rosenbrock,639,2354,gradient,2,"[-2.048, 2.048]","[-0.616868571832123, -1.411828340183427]","[0.13681713509257215, 0.01661134615103212]",0.745528848586569,1000,1002,"{""max_iterations"": 1000, ""rate"": 0.0001, ""tolerance"": 1e-06}"
rosenbrock,Rosenbrock,640,2346,gradient,2,"[-2.048, 2.048]","[-1.73404799484475, -1.2634778772480364]","[0.06681439930277043, 0.003393249763725387]",0.870950051068983,1000,1002,"{""max_iterations"": 1000, ""rate"": 0.0001, ""tolerance"": 1e-06}"
rosenbrock,Rosenbrock,641,2347,gradient,2,"[-2.048, 2.048]","[0.20630241938255223, -0.8858881802066376]","[0.19138665523260373, 0.033976575083345346]",0.6545589985146828,1000,1002,"{""max_iterations"": 1000, ""rate"": 0.0001, ""tolerance"": 1e-06}"
rosenbrock,Rosenbrock,642,2348,gradient,2,"[-2.048, 2.048]","[1.9794994887698856, 0.7046476483274784]","[1.0135899732326585, 1.0274185725743188]",0.000184978311194299,1000,1002,"{""max_iterations"": 1000, ""rate"": 0.0001, ""tolerance"": 1e-06}"
rosenbrock,Rosenbrock,643,2349,gradient,2,"[-2.048, 2.048]","[1.8485183115189976, 0.97194542019668]","[1.1019893368242226, 1.2147643531361705]",0.010416559265989464,1000,1002,"{""max_iterations"": 1000, ""rate"": 0.0001, ""tolerance"": 1e-06}"
rosenbrock,Rosenbrock,644,2350,gradient,2,"[-2.048, 2.048]","[-0.8845594597350019, 0.04938295195661313]","[-0.38107591804973134, 0.15192608612540243]",1.911869385928029,1000,1002,"{""max_iterations"": 1000, ""rate"": 0.0001, ""tolerance"": 1e-06}"
rosenbrock,Rosenbrock,645,2351,gradient,2,"[-2.048, 2.048]","[-0.739260285876977, -1.6846395027686585]","[0.1440212561242463, 0.018549023274891115]",0.7331805782634895,1000,1002,"{""max_iterations"": 1000, ""rate"": 0.0001, ""tolerance"": 1e-06}"
rosenbrock,Rosenbrock,646,2352,gradient,2,"[-2.048, 2.048]","[-0.9988935866602291, 1.4867606849114368]","[-1.1123434345196064, 1.2452063004578513]",4.468233232558771,1000,1002,"{""max_iterations"": 1000, ""rate"": 0.0001, ""tolerance"": 1e-06}"
rosenbrock,Rosenbrock,647,2353,gradient,2,"[-2.048, 2.048]","[-1.1673971424315164, -0.32803799198959904]","[-0.23445921518482452, 0.05984734920726719]",1.5262673115865768,1000,1002,"{""max_iterations"": 1000, ""rate"": 0.0001, ""tolerance"": 1e-06}"
rosenbrock,Rosenbrock,648,2354,gradient,2,"[-2.048, 2.048]","[-0.616868571832123, -1.411828340183427]","[0.13681713509257215, 0.01661134615103212]",0.745528848586569,1000,1002,"{""max_iterations"": 1000, ""rate"": 0.0001, ""tolerance"": 1e-06}"
rosenbrock,Rosenbrock,649,2355,gradient,2,"[-2.048, 2.048]","[-1.2075672827210213, 0.5107777739506347]","[-0.7261181154669851, 0.5353113976178195]",2.9859863646224345,1000,1002,"{""max_iterations"": 1000, ""rate"": 0.0001, ""tolerance"": 1e-06}"
rosenbrock,Rosenbrock,650,2347,gradient,2,"[-2.048, 2.048]","[0.20630241938255223, -0.8858881802066376]","[0.19138665523260373, 0.033976575083345346]",0.6545589985146828,1000,1002,"{""max_iterations"": 1000, ""rate"": 0.0001, ""tolerance"": 1e-06}"
rosenbrock,Rosenbrock,651,2348,gradient,2,"[-2.048, 2.048]","[1.9794994887698856, 0.7046476483274784]","[1.0135899732326585, 1.0274185725743188]",0.000184978311194299,1000,1002,"{""max_iterations"": 1000, ""rate"": 0.0001, ""tolerance"": 1e-06}"
rosenbrock,Rosenbrock,652,2349,gradient,2,"[-2.048, 2.048]","[1.8485183115189976, 0.97194542019668]","[1.1019893368242226, 1.2147643531361705]",0.010416559265989464,1000,1002,"{""max_iterations"": 1000, ""rate"": 0.0001, ""tolerance"": 1e-06}"
rosenbrock,Rosenbrock,653,2350,gradient,2,"[-2.048, 2.048]","[-0.8845594597350019, 0.04938295195661313]","[-0.38107591804973134, 0.15192608612540243]",1.911869385928029,1000,1002,"{""max_iterations"": 1000, ""rate"": 0.0001, ""tolerance"": 1e-06}"
rosenbrock,Rosenbrock,654,2351,gradient,2,"[-2.048, 2.048]","[-0.739260285876977, -1.6846395027686585]","[0.1440212561242463, 0.018549023274891115]",0.7331805782634895,1000,1002,"{""max_iterations"": 1000, ""rate"": 0.0001, ""tolerance"": 1e-06}"
rosenbrock,Rosenbrock,655,2352,gradient,2,"[-2.048, 2.048]","[-0.9988935866602291, 1.4867606849114368]","[-1.1123434345196064, 1.2452063004578513]",4.468233232558771,1000,1002,"{""max_iterations"": 1000, ""rate"": 0.0001, ""tolerance"": 1e-06}"
rosenbrock,Rosenbrock,656,2353,gradient,2,"[-2.048, 2.048]","[-1.1673971424315164, -0.32803799198959904]","[-0.23445921518482452, 0.05984734920726719]",1.5262673115865768,1000,1002,"{""max_iterations"": 1000, ""rate"": 0.0001, ""tolerance"": 1e-06}"
rosenbrock,Rosenbrock,657,2354,gradient,2,"[-2.048, 2.048]","[-0.616868571832123, -1.411828340183427]","[0.13681713509257215, 0.01661134615103212]",0.745528848586569,1000,1002,"{""max_iterations"": 1000, ""rate"": 0.0001, ""tolerance"": 1e-06}"
rosenbrock,Rosenbrock,658,2355,gradient,2,"[-2.048, 2.048]","[-1.2075672827210213, 0.5107777739506347]","[-0.7261181154669851, 0.5353113976178195]",2.9859863646224345,1000,1002,"{""max_iterations"": 1000, ""rate"": 0.0001, ""tolerance"": 1e-06}"
rosenbrock,Rosenbrock,659,2356,gradient,2,"[-2.048, 2.048]","[1.0054548356892927, 1.2554413780306328]","[1.096660482807187, 1.2030291758737608]",0.009356568613237467,1000,1002,"{""max_iterations"": 1000, ""rate"": 0.0001, ""tolerance"": 1e-06}"
rosenbrock,Rosenbrock,660,2348,gradient,2,"[-2.048, 2.048]","[1.9794994887698856, 0.7046476483274784]","[1.0135899732326585, 1.0274185725743188]",0.000184978311194299,1000,1002,"{""max_iterations"": 1000, ""rate"": 0.0001, ""tolerance"": 1e-06}"
rosenbrock,Rosenbrock,661,2349,gradient,2,"[-2.048, 2.048]","[1.8485183115189976, 0.97194542019668]","[1.1019893368242226, 1.2147643531361705]",0.010416559265989464,1000,1002,"{""max_iterations"": 1000, ""rate"": 0.0001, ""tolerance"": 1e-06}"
rosenbrock,Rosenbrock,662,2350,gradient,2,"[-2.048, 2.048]","[-0.8845594597350019, 0.04938295195661313]","[-0.38107591804973134, 0.15192608612540243]",1.911869385928029,1000,1002,"{""max_iterations"": 1000, ""rate"": 0.0001, ""tolerance"": 1e-06}"
rosenbrock,Rosenbrock,663,2351,gradient,2,"[-2.048, 2.048]","[-0.739260285876977, -1.6846395027686585]","[0.1440212561242463, 0.018549023274891115]",0.7331805782634895,1000,1002,"{""max_iterations"": 1000, ""rate"": 0.0001, ""tolerance"": 1e-06}"
rosenbrock,Rosenbrock,664,2352,gradient,2,"[-2.048, 2.048]","[-0.9988935866602291, 1.4867606849114368]","[-1.1123434345196064, 1.2452063004578513]",4.468233232558771,1000,1002,"{""max_iterations"": 1000, ""rate"": 0.0001, ""tolerance"": 1e-06}"
rosenbrock,Rosenbrock,665,2353,gradient,2,"[-2.048, 2.048]","[-1.1673971424315164, -0.32803799198959904]","[-0.23445921518482452, 0.05984734920726719]",1.5262673115865768,1000,1002,"{""max_iterations"": 1000, ""rate"": 0.0001, ""tolerance"": 1e-06}"
rosenbrock,Rosenbrock,666,2354,gradient,2,"[-2.048, 2.048]","[-0.616868571832123, -1.411828340183427]","[0.13681713509257215, 0.01661134615103212]",0.745528848586569,1000,1002,"{""max_iterations"": 1000, ""rate"": 0.0001, ""tolerance"": 1e-06}"
rosenbrock,Rosenbrock,667,2355,gradient,2,"[-2.048, 2.048]","[-1.2075672827210213, 0.5107777739506347]","[-0.7261181154669851, 0.5353113976178195]",2.9859863646224345,1000,1002,"{""max_iterations"": 1000, ""rate"": 0.0001, ""tolerance"": 1e-06}"
rosenbrock,Rosenbrock,668,2356,gradient,2,"[-2.048, 2.048]","[1.0054548356892927, 1.2554413780306328]","[1.096660482807187, 1.2030291758737608]",0.009356568613237467,1000,1002,"{""max_iterations"": 1000, ""rate"": 0.0001, ""tolerance"": 1e-06}"
rosenbrock,Rosenbrock,669,2357,gradient,2,"[-2.048, 2.048]","[-0.8916994134822167, 1.2502530956086217]","[-0.9950221989324691, 0.9980724257474911]",3.986518774295727,1000,1002,"{""max_iterations"": 1000, ""rate"": 0.0001, ""tolerance"": 1e-06}"
rosenbrock,Rosenbrock,670,2349,gradient,2,"[-2.048, 2.048]","[1.8485183115189976, 0.97194542019668]","[1.1019893368242226, 1.2147643531361705]",0.010416559265989464,1000,1002,"{""max_iterations"": 1000, ""rate"": 0.0001, ""tolerance"": 1e-06}"
rosenbrock,Rosenbrock,671,2350,gradient,2,"[-2.048, 2.048]","[-0.8845594597350019, 0.04938295195661313]","[-0.38107591804973134, 0.15192608612540243]",1.911869385928029,1000,1002,"{""max_iterations"": 1000, ""rate"": 0.0001, ""tolerance"": 1e-06}"
rosenbrock,Rosenbrock,672,2351,gradient,2,"[-2.048, 2.048]","[-0.739260285876977, -1.6846395027686585]","[0.1440212561242463, 0.018549023274891115]",0.7331805782634895,1000,1002,"{""max_iterations"": 1000, ""rate"": 0.0001, ""tolerance"": 1e-06}"
rosenbrock,Rosenbrock,673,2352,gradient,2,"[-2.048, 2.048]","[-0.9988935866602291, 1.4867606849114368]","[-1.1123434345196064, 1.2452063004578513]",4.468233232558771,1000,1002,"{""max_iterations"": 1000, ""rate"": 0.0001, ""tolerance"": 1e-06}"
rosenbrock,Rosenbrock,674,2353,gradient,2,"[-2.048, 2.048]","[-1.1673971424315164, -0.32803799198959904]","[-0.23445921518482452, 0.05984734920726719]",1.5262673115865768,1000,1002,"{""max_iterations"": 1000, ""rate"": 0.0001, ""tolerance"": 1e-06}"
rosenbrock,Rosenbrock,675,2354,gradient,2,"[-2.048, 2.048]","[-0.616868571832123, -1.411828340183427]","[0.13681713509257215, 0.01661134615103212]",0.745528848586569,1000,1002,"{""max_iterations"": 1000, ""rate"": 0.0001, ""tolerance"": 1e-06}"
rosenbrock,Rosenbrock,676,2355,gradient,2,"[-2.048, 2.048]","[-1.2075672827210213, 0.5107777739506347]","[-0.7261181154669851, 0.5353113976178195]",2.9859863646224345,1000,1002,"{""max_iterations"": 1000, ""rate"": 0.0001, ""tolerance"": 1e-06}"
rosenbrock,Rosenbrock,677,2356,gradient,2,"[-2.048, 2.048]","[1.0054548356892927, 1.2554413780306328]","[1.096660482807187, 1.2030291758737608]",0.009356568613237467,1000,1002,"{""max_iterations"": 1000, ""rate"": 0.0001, ""tolerance"": 1e-06}"
rosenbrock,Rosenbrock,678,2357,gradient,2,"[-2.048, 2.048]","[-0.8916994134822167, 1.2502530956086217]","[-0.9950221989324691, 0.9980724257474911]",3.986518774295727,1000,1002,"{""max_iterations"": 1000, ""rate"": 0.0001, ""tolerance"": 1e-06}"
rosenbrock,Rosenbrock,679,2358,gradient,2,"[-2.048, 2.048]","[0.5949156493332071, 0.4072999223186109]","[0.6497842077554157, 0.4205242010439433]",0.12293851063735065,1000,1002,"{""max_iterations"": 1000, ""rate"": 0.0001, ""tolerance"": 1e-06}"
rosenbrock,Rosenbrock,680,2350,gradient,2,"[-2.048, 2.048]","[-0.8845594597350019, 0.04938295195661313]","[-0.38107591804973134, 0.15192608612540243]",1.911869385928029,1000,1002,"{""max_iterations"": 1000, ""rate"": 0.0001, ""tolerance"": 1e-06}"
rosenbrock,Rosenbrock,681,2351,gradient,2,"[-2.048, 2.048]","[-0.739260285876977, -1.6846395027686585]","[0.1440212561242463, 0.018549023274891115]",0.7331805782634895,1000,1002,"{""max_iterations"": 1000, ""rate"": 0.0001, ""tolerance"": 1e-06}"
rosenbrock,Rosenbrock,682,2352,gradient,2,"[-2.048, 2.048]","[-0.9988935866602291, 1.4867606849114368]","[-1.1123434345196064, 1.2452063004578513]",4.468233232558771,1000,1002,"{""max_iterations"": 1000, ""rate"": 0.0001, ""tolerance"": 1e-06}"
rosenbrock,Rosenbrock,683,2353,gradient,2,"[-2.048, 2.048]","[-1.1673971424315164, -0.32803799198959904]","[-0.23445921518482452, 0.05984734920726719]",1.5262673115865768,1000,1002,"{""max_iterations"": 1000, ""rate"": 0.0001, ""tolerance"": 1e-06}"
rosenbrock,Rosenbrock,684,2354,gradient,2,"[-2.048, 2.048]","[-0.616868571832123, -1.411828340183427]","[0.13681713509257215, 0.01661134615103212]",0.745528848586569,1000,1002,"{""max_iterations"": 1000, ""rate"": 0.0001, ""tolerance"": 1e-06}"
rosenbrock,Rosenbrock,685,2355,gradient,2,"[-2.048, 2.048]","[-1.2075672827210213, 0.5107777739506347]","[-0.7261181154669851, 0.5353113976178195]",2.9859863646224345,1000,1002,"{""max_iterations"": 1000, ""rate"": 0.0001, ""tolerance"": 1e-06}"
rosenbrock,Rosenbrock,686,2356,gradient,2,"[-2.048, 2.048]","[1.0054548356892927, 1.2554413780306328]","[1.096660482807187, 1.2030291758737608]",0.009356568613237467,1000,1002,"{""max_iterations"": 1000, ""rate"": 0.0001, ""tolerance"": 1e-06}"
rosenbrock,Rosenbrock,687,2357,gradient,2,"[-2.048, 2.048]","[-0.8916994134822167, 1.2502530956086217]","[-0.9950221989324691, 0.9980724257474911]",3.986518774295727,1000,1002,"{""max_iterations"": 1000, ""rate"": 0.0001, ""tolerance"": 1e-06}"
rosenbrock,Rosenbrock,688,2358,gradient,2,"[-2.048, 2.048]","[0.5949156493332071, 0.4072999223186109]","[0.6497842077554157, 0.4205242010439433]",0.12293851063735065,1000,1002,"{""max_iterations"": 1000, ""rate"": 0.0001, ""tolerance"": 1e-06}"
rosenbrock,Rosenbrock,689,2359,gradient,2,"[-2.048, 2.048]","[-0.14648149725228676, 0.3374420380870311]","[-0.03885165546507052, 0.002528576104567619]",1.0793166236334117,1000,1002,"{""max_iterations"": 1000, ""rate"": 0.0001, ""tolerance"": 1e-06}"
rosenbrock,Rosenbrock,690,2351,gradient,2,"[-2.048, 2.048]","[-0.739260285876977, -1.6846395027686585]","[0.1440212561242463, 0.018549023274891115]",0.7331805782634895,1000,1002,"{""max_iterations"": 1000, ""rate"": 0.0001, ""tolerance"": 1e-06}"
rosenbrock,Rosenbrock,691,2352,gradient,2,"[-2.048, 2.048]","[-0.9988935866602291, 1.4867606849114368]","[-1.1123434345196064, 1.2452063004578513]",4.468233232558771,1000,1002,"{""max_iterations"": 1000, ""rate"": 0.0001, ""tolerance"": 1e-06}"
rosenbrock,Rosenbrock,692,2353,gradient,2,"[-2.048, 2.048]","[-1.1673971424315164, -0.32803799198959904]","[-0.23445921518482452, 0.05984734920726719]",1.5262673115865768,1000,1002,"{""max_iterations"": 1000, ""rate"": 0.0001, ""tolerance"": 1e-06}"
rosenbrock,Rosenbrock,693,2354,gradient,2,"[-2.048, 2.048]","[-0.616868571832123, -1.411828340183427]","[0.13681713509257215, 0.01661134615103212]",0.745528848586569,1000,1002,"{""max_iterations"": 1000, ""rate"": 0.0001, ""tolerance"": 1e-06}"
rosenbrock,Rosenbrock,694,2355,gradient,2,"[-2.048, 2.048]","[-1.2075672827210213, 0.5107777739506347]","[-0.7261181154669851, 0.5353113976178195]",2.9859863646224345,1000,1002,"{""max_iterations"": 1000, ""rate"": 0.0001, ""tolerance"": 1e-06}"
rosenbrock,Rosenbrock,695,2356,gradient,2,"[-2.048, 2.048]","[1.0054548356892927, 1.2554413780306328]","[1.096660482807187, 1.2030291758737608]",0.009356568613237467,1000,1002,"{""max_iterations"": 1000, ""rate"": 0.0001, ""tolerance"": 1e-06}"
rosenbrock,Rosenbrock,696,2357,gradient,2,"[-2.048, 2.048]","[-0.8916994134822167, 1.2502530956086217]","[-0.9950221989324691, 0.9980724257474911]",3.986518774295727,1000,1002,"{""max_iterations"": 1000, ""rate"": 0.0001, ""tolerance"": 1e-06}"
rosenbrock,Rosenbrock,697,2358,gradient,2,"[-2.048, 2.048]","[0.5949156493332071, 0.4072999223186109]","[0.6497842077554157, 0.4205242010439433]",0.12293851063735065,1000,1002,"{""max_iterations"": 1000, ""rate"": 0.0001, ""tolerance"": 1e-06}"
rosenbrock,Rosenbrock,698,2359,gradient,2,"[-2.048, 2.048]","[-0.14648149725228676, 0.3374420380870311]","[-0.03885165546507052, 0.002528576104567619]",1.0793166236334117,1000,1002,"{""max_iterations"": 1000, ""rate"": 0.0001, ""tolerance"": 1e-06}"
rosenbrock,Rosenbrock,699,2360,gradient,2,"[-2.048, 2.048]","[-1.1942874185605001, -0.5683169057827191]","[-0.10858992085861219, 0.014299862632282993]",1.2296006650369995,1000,1002,"{""max_iterations"": 1000, ""rate"": 0.0001, ""tolerance"": 1e-06}"
rosenbrock,Rosenbrock,700,2343,gradient,2,"[-2.048, 2.048]","[-0.2818295317337287, -1.815074198064459]","[0.15582511635067076, 0.021957207288642595]",0.71317145245181,1000,1002,"{""max_iterations"": 1000, ""rate"": 0.0001, ""tolerance"": 1e-06}"
rosenbrock,Rosenbrock,701,2344,gradient,2,"[-2.048, 2.048]","[-1.6593854367064378, 1.9773261333044347]","[-1.375381675261066, 1.8993017385333548]",5.6482551945418065,1000,1002,"{""max_iterations"": 1000, ""rate"": 0.0001, ""tolerance"": 1e-06}"
rosenbrock,Rosenbrock,702,2345,gradient,2,"[-2.048, 2.048]","[0.6579990905790711, -0.3538917293203312]","[0.36958006953778766, 0.13356965023500478]",0.3983411943779173,1000,1002,"{""max_iterations"": 1000, ""rate"": 0.0001, ""tolerance"": 1e-06}"
rosenbrock,Rosenbrock,703,2346,gradient,2,"[-2.048, 2.048]","[-1.73404799484475, -1.2634778772480364]","[0.06681439930277043, 0.003393249763725387]",0.870950051068983,1000,1002,"{""max_iterations"": 1000, ""rate"": 0.0001, ""tolerance"": 1e-06}"
rosenbrock,Rosenbrock,704,2347,gradient,2,"[-2.048, 2.048]","[0.20630241938255223, -0.8858881802066376]","[0.19138665523260373, 0.033976575083345346]",0.6545589985146828,1000,1002,"{""max_iterations"": 1000, ""rate"": 0.0001, ""tolerance"": 1e-06}"
rosenbrock,Rosenbrock,705,2348,gradient,2,"[-2.048, 2.048]","[1.9794994887698856, 0.7046476483274784]","[1.0135899732326585, 1.0274185725743188]",0.000184978311194299,1000,1002,"{""max_iterations"": 1000, ""rate"": 0.0001, ""tolerance"": 1e-06}"
rosenbrock,Rosenbrock,706,2349,gradient,2,"[-2.048, 2.048]","[1.8485183115189976, 0.97194542019668]","[1.1019893368242226, 1.2147643531361705]",0.010416559265989464,1000,1002,"{""max_iterations"": 1000, ""rate"": 0.0001, ""tolerance"": 1e-06}"
rosenbrock,Rosenbrock,707,2350,gradient,2,"[-2.048, 2.048]","[-0.8845594597350019, 0.04938295195661313]","[-0.38107591804973134, 0.15192608612540243]",1.911869385928029,1000,1002,"{""max_iterations"": 1000, ""rate"": 0.0001, ""tolerance"": 1e-06}"
rosenbrock,Rosenbrock,708,2351,gradient,2,"[-2.048, 2.048]","[-0.739260285876977, -1.6846395027686585]","[0.1440212561242463, 0.018549023274891115]",0.7331805782634895,1000,1002,"{""max_iterations"": 1000, ""rate"": 0.0001, ""tolerance"": 1e-06}"
rosenbrock,Rosenbrock,709,2352,gradient,2,"[-2.048, 2.048]","[-0.9988935866602291, 1.4867606849114368]","[-1.1123434345196064, 1.2452063004578513]",4.468233232558771,1000,1002,"{""max_iterations"": 1000, ""rate"": 0.0001, ""tolerance"": 1e-06}"
rosenbrock,Rosenbrock,710,2344,gradient,2,"[-2.048, 2.048]","[-1.6593854367064378, 1.9773261333044347]","[-1.375381675261066, 1.8993017385333548]",5.6482551945418065,1000,1002,"{""max_iterations"": 1000, ""rate"": 0.0001, ""tolerance"": 1e-06}"
rosenbrock,Rosenbrock,711,2345,gradient,2,"[-2.048, 2.048]","[0.6579990905790711, -0.3538917293203312]","[0.36958006953778766, 0.13356965023500478]",0.3983411943779173,1000,1002,"{""max_iterations"": 1000, ""rate"": 0.0001, ""tolerance"": 1e-06}"
rosenbrock,Rosenbrock,712,2346,gradient,2,"[-2.048, 2.048]","[-1.73404799484475, -1.2634778772480364]","[0.06681439930277043, 0.003393249763725387]",0.870950051068983,1000,1002,"{""max_iterations"": 1000, ""rate"": 0.0001, ""tolerance"": 1e-06}"
rosenbrock,Rosenbrock,713,2347,gradient,2,"[-2.048, 2.048]","[0.20630241938255223, -0.8858881802066376]","[0.19138665523260373, 0.033976575083345346]",0.6545589985146828,1000,1002,"{""max_iterations"": 1000, ""rate"": 0.0001, ""tolerance"": 1e-06}"
rosenbrock,Rosenbrock,714,2348,gradient,2,"[-2.048, 2.048]","[1.9794994887698856, 0.7046476483274784]","[1.0135899732326585, 1.0274185725743188]",0.000184978311194299,1000,1002,"{""max_iterations"": 1000, ""rate"": 0.0001, ""tolerance"": 1e-06}"
rosenbrock,Rosenbrock,715,2349,gradient,2,"[-2.048, 2.048]","[1.8485183115189976, 0.97194542019668]","[1.1019893368242226, 1.2147643531361705]",0.010416559265989464,1000,1002,"{""max_iterations"": 1000, ""rate"": 0.0001, ""tolerance"": 1e-06}"
rosenbrock,Rosenbrock,716,2350,gradient,2,"[-2.048, 2.048]","[-0.8845594597350019, 0.04938295195661313]","[-0.38107591804973134, 0.15192608612540243]",1.911869385928029,1000,1002,"{""max_iterations"": 1000, ""rate"": 0.0001, ""tolerance"": 1e-06}"
rosenbrock,Rosenbrock,717,2351,gradient,2,"[-2.048, 2.048]","[-0.739260285876977, -1.6846395027686585]","[0.1440212561242463, 0.018549023274891115]",0.7331805782634895,1000,1002,"{""max_iterations"": 1000, ""rate"": 0.0001, ""tolerance"": 1e-06}"
rosenbrock,Rosenbrock,718,2352,gradient,2,"[-2.048, 2.048]","[-0.9988935866602291, 1.4867606849114368]","[-1.1123434345196064, 1.2452063004578513]",4.468233232558771,1000,1002,"{""max_iterations"": 1000, ""rate"": 0.0001, ""tolerance"": 1e-06}"
rosenbrock,Rosenbrock,719,2353,gradient,2,"[-2.048, 2.048]","[-1.1673971424315164, -0.32803799198959904]","[-0.23445921518482452, 0.05984734920726719]",1.5262673115865768,1000,1002,"{""max_iterations"": 1000, ""rate"": 0.0001, ""tolerance"": 1e-06}"
rosenbrock,Rosenbrock,720,2345,gradient,2,"[-2.048, 2.048]","[0.6579990905790711, -0.3538917293203312]","[0.36958006953778766, 0.13356965023500478]",0.3983411943779173,1000,1002,"{""max_iterations"": 1000, ""rate"": 0.0001, ""tolerance"": 1e-06}"
rosenbrock,Rosenbrock,721,2346,gradient,2,"[-2.048, 2.048]","[-1.73404799484475, -1.2634778772480364]","[0.06681439930277043, 0.003393249763725387]",0.870950051068983,1000,1002,"{""max_iterations"": 1000, ""rate"": 0.0001, ""tolerance"": 1e-06}"
rosenbrock,Rosenbrock,722,2347,gradient,2,"[-2.048, 2.048]","[0.20630241938255223, -0.8858881802066376]","[0.19138665523260373, 0.033976575083345346]",0.6545589985146828,1000,1002,"{""max_iterations"": 1000, ""rate"": 0.0001, ""tolerance"": 1e-06}"
rosenbrock,Rosenbrock,723,2348,gradient,2,"[-2.048, 2.048]","[1.9794994887698856, 0.7046476483274784]","[1.0135899732326585, 1.0274185725743188]",0.000184978311194299,1000,1002,"{""max_iterations"": 1000, ""rate"": 0.0001, ""tolerance"": 1e-06}"
rosenbrock,Rosenbrock,724,2349,gradient,2,"[-2.048, 2.048]","[1.8485183115189976, 0.97194542019668]","[1.1019893368242226, 1.2147643531361705]",0.010416559265989464,1000,1002,"{""max_iterations"": 1000, ""rate"": 0.0001, ""tolerance"": 1e-06}"
rosenbrock,Rosenbrock,725,2350,gradient,2,"[-2.048, 2.048]","[-0.8845594597350019, 0.04938295195661313]","[-0.38107591804973134, 0.15192608612540243]",1.911869385928029,1000,1002,"{""max_iterations"": 1000, ""rate"": 0.0001, ""tolerance"": 1e-06}"
rosenbrock,Rosenbrock,726,2351,gradient,2,"[-2.048, 2.048]","[-0.739260285876977, -1.6846395027686585]","[0.1440212561242463, 0.018549023274891115]",0.7331805782634895,1000,1002,"{""max_iterations"": 1000, ""rate"": 0.0001, ""tolerance"": 1e-06}"
rosenbrock,Rosenbrock,727,2352,gradient,2,"[-2.048, 2.048]","[-0.9988935866602291, 1.4867606849114368]","[-1.1123434345196064, 1.2452063004578513]",4.468233232558771,1000,1002,"{""max_iterations"": 1000, ""rate"": 0.0001, ""tolerance"": 1e-06}"
rosenbrock,Rosenbrock,728,2353,gradient,2,"[-2.048, 2.048]","[-1.1673971424315164, -0.32803799198959904]","[-0.23445921518482452, 0.05984734920726719]",1.5262673115865768,1000,1002,"{""max_iterations"": 1000, ""rate"": 0.0001, ""tolerance"": 1e-06}"
rosenbrock,Rosenbrock,729,2354,gradient,2,"[-2.048, 2.048]","[-0.616868571832123, -1.411828340183427]","[0.13681713509257215, 0.01661134615103212]",0.745528848586569,1000,1002,"{""max_iterations"": 1000, ""rate"": 0.0001, ""tolerance"": 1e-06}"
rosenbrock,Rosenbrock,730,2346,gradient,2,"[-2.048, 2.048]","[-1.73404799484475, -1.2634778772480364]","[0.06681439930277043, 0.003393249763725387]",0.870950051068983,1000,1002,"{""max_iterations"": 1000, ""rate"": 0.0001, ""tolerance"": 1e-06}"
rosenbrock,Rosenbrock,731,2347,gradient,2,"[-2.048, 2.048]","[0.20630241938255223, -0.8858881802066376]","[0.19138665523260373, 0.033976575083345346]",0.6545589985146828,1000,1002,"{""max_iterations"": 1000, ""rate"": 0.0001, ""tolerance"": 1e-06}"
rosenbrock,Rosenbrock,732,2348,gradient,2,"[-2.048, 2.048]","[1.9794994887698856, 0.7046476483274784]","[1.0135899732326585, 1.0274185725743188]",0.000184978311194299,1000,1002,"{""max_iterations"": 1000, ""rate"": 0.0001, ""tolerance"": 1e-06}"
rosenbrock,Rosenbrock,733,2349,gradient,2,"[-2.048, 2.048]","[1.8485183115189976, 0.97194542019668]","[1.1019893368242226, 1.2147643531361705]",0.010416559265989464,1000,1002,"{""max_iterations"": 1000, ""rate"": 0.0001, ""tolerance"": 1e-06}"
rosenbrock,Rosenbrock,734,2350,gradient,2,"[-2.048, 2.048]","[-0.8845594597350019, 0.04938295195661313]","[-0.38107591804973134, 0.15192608612540243]",1.911869385928029,1000,1002,"{""max_iterations"": 1000, ""rate"": 0.0001, ""tolerance"": 1e-06}"
rosenbrock,Rosenbrock,735,2351,gradient,2,"[-2.048, 2.048]","[-0.739260285876977, -1.6846395027686585]","[0.1440212561242463, 0.018549023274891115]",0.7331805782634895,1000,1002,"{""max_iterations"": 1000, ""rate"": 0.0001, ""tolerance"": 1e-06}"
rosenbrock,Rosenbrock,736,2352,gradient,2,"[-2.048, 2.048]","[-0.9988935866602291, 1.4867606849114368]","[-1.1123434345196064, 1.2452063004578513]",4.468233232558771,1000,1002,"{""max_iterations"": 1000, ""rate"": 0.0001, ""tolerance"": 1e-06}"
rosenbrock,Rosenbrock,737,2353,gradient,2,"[-2.048, 2.048]","[-1.1673971424315164, -0.32803799198959904]","[-0.23445921518482452, 0.05984734920726719]",1.5262673115865768,1000,1002,"{""max_iterations"": 1000, ""rate"": 0.0001, ""tolerance"": 1e-06}"
rosenbrock,Rosenbrock,738,2354,gradient,2,"[-2.048, 2.048]","[-0.616868571832123, -1.411828340183427]","[0.13681713509257215, 0.01661134615103212]",0.745528848586569,1000,1002,"{""max_iterations"": 1000, ""rate"": 0.0001, ""tolerance"": 1e-06}"
rosenbrock,Rosenbrock,739,2355,gradient,2,"[-2.048, 2.048]","[-1.2075672827210213, 0.5107777739506347]","[-0.7261181154669851, 0.5353113976178195]",2.9859863646224345,1000,1002,"{""max_iterations"": 1000, ""rate"": 0.0001, ""tolerance"": 1e-06}"
rosenbrock,Rosenbrock,740,2347,gradient,2,"[-2.048, 2.048]","[0.20630241938255223, -0.8858881802066376]","[0.19138665523260373, 0.033976575083345346]",0.6545589985146828,1000,1002,"{""max_iterations"": 1000, ""rate"": 0.0001, ""tolerance"": 1e-06}"
rosenbrock,Rosenbrock,741,2348,gradient,2,"[-2.048, 2.048]","[1.9794994887698856, 0.7046476483274784]","[1.0135899732326585, 1.0274185725743188]",0.000184978311194299,1000,1002,"{""max_iterations"": 1000, ""rate"": 0.0001, ""tolerance"": 1e-06}"
rosenbrock,Rosenbrock,742,2349,gradient,2,"[-2.048, 2.048]","[1.8485183115189976, 0.97194542019668]","[1.1019893368242226, 1.2147643531361705]",0.010416559265989464,1000,1002,"{""max_iterations"": 1000, ""rate"": 0.0001, ""tolerance"": 1e-06}"
rosenbrock,Rosenbrock,743,2350,gradient,2,"[-2.048, 2.048]","[-0.8845594597350019, 0.04938295195661313]","[-0.38107591804973134, 0.15192608612540243]",1.911869385928029,1000,1002,"{""max_iterations"": 1000, ""rate"": 0.0001, ""tolerance"": 1e-06}"
rosenbrock,Rosenbrock,744,2351,gradient,2,"[-2.048, 2.048]","[-0.739260285876977, -1.6846395027686585]","[0.1440212561242463, 0.018549023274891115]",0.7331805782634895,1000,1002,"{""max_iterations"": 1000, ""rate"": 0.0001, ""tolerance"": 1e-06}"
rosenbrock,Rosenbrock,745,2352,gradient,2,"[-2.048, 2.048]","[-0.9988935866602291, 1.4867606849114368]","[-1.1123434345196064, 1.2452063004578513]",4.468233232558771,1000,1002,"{""max_iterations"": 1000, ""rate"": 0.0001, ""tolerance"": 1e-06}"
rosenbrock,Rosenbrock,746,2353,gradient,2,"[-2.048, 2.048]","[-1.1673971424315164, -0.32803799198959904]","[-0.23445921518482452, 0.05984734920726719]",1.5262673115865768,1000,1002,"{""max_iterations"": 1000, ""rate"": 0.0001, ""tolerance"": 1e-06}"
rosenbrock,Rosenbrock,747,2354,gradient,2,"[-2.048, 2.048]","[-0.616868571832123, -1.411828340183427]","[0.13681713509257215, 0.01661134615103212]",0.745528848586569,1000,1002,"{""max_iterations"": 1000, ""rate"": 0.0001, ""tolerance"": 1e-06}"
rosenbrock,Rosenbrock,748,2355,gradient,2,"[-2.048, 2.048]","[-1.2075672827210213, 0.5107777739506347]","[-0.7261181154669851, 0.5353113976178195]",2.9859863646224345,1000,1002,"{""max_iterations"": 1000, ""rate"": 0.0001, ""tolerance"": 1e-06}"
rosenbrock,Rosenbrock,749,2356,gradient,2,"[-2.048, 2.048]","[1.0054548356892927, 1.2554413780306328]","[1.096660482807187, 1.2030291758737608]",0.009356568613237467,1000,1002,"{""max_iterations"": 1000, ""rate"": 0.0001, ""tolerance"": 1e-06}"
rosenbrock,Rosenbrock,750,2348,gradient,2,"[-2.048, 2.048]","[1.9794994887698856, 0.7046476483274784]","[1.0135899732326585, 1.0274185725743188]",0.000184978311194299,1000,1002,"{""max_iterations"": 1000, ""rate"": 0.0001, ""tolerance"": 1e-06}"
rosenbrock,Rosenbrock,751,2349,gradient,2,"[-2.048, 2.048]","[1.8485183115189976, 0.97194542019668]","[1.1019893368242226, 1.2147643531361705]",0.010416559265989464,1000,1002,"{""max_iterations"": 1000, ""rate"": 0.0001, ""tolerance"": 1e-06}"
rosenbrock,Rosenbrock,752,2350,gradient,2,"[-2.048, 2.048]","[-0.8845594597350019, 0.04938295195661313]","[-0.38107591804973134, 0.15192608612540243]",1.911869385928029,1000,1002,"{""max_iterations"": 1000, ""rate"": 0.0001, ""tolerance"": 1e-06}"
rosenbrock,Rosenbrock,753,2351,gradient,2,"[-2.048, 2.048]","[-0.739260285876977, -1.6846395027686585]","[0.1440212561242463, 0.018549023274891115]",0.7331805782634895,1000,1002,"{""max_iterations"": 1000, ""rate"": 0.0001, ""tolerance"": 1e-06}"
rosenbrock,Rosenbrock,754,2352,gradient,2,"[-2.048, 2.048]","[-0.9988935866602291, 1.4867606849114368]","[-1.1123434345196064, 1.2452063004578513]",4.468233232558771,1000,1002,"{""max_iterations"": 1000, ""rate"": 0.0001, ""tolerance"": 1e-06}"
rosenbrock,Rosenbrock,755,2353,gradient,2,"[-2.048, 2.048]","[-1.1673971424315164, -0.32803799198959904]","[-0.23445921518482452, 0.05984734920726719]",1.5262673115865768,1000,1002,"{""max_iterations"": 1000, ""rate"": 0.0001, ""tolerance"": 1e-06}"
rosenbrock,Rosenbrock,756,2354,gradient,2,"[-2.048, 2.048]","[-0.616868571832123, -1.411828340183427]","[0.13681713509257215, 0.01661134615103212]",0.745528848586569,1000,1002,"{""max_iterations"": 1000, ""rate"": 0.0001, ""tolerance"": 1e-06}"
rosenbrock,Rosenbrock,757,2355,gradient,2,"[-2.048, 2.048]","[-1.2075672827210213, 0.5107777739506347]","[-0.7261181154669851, 0.5353113976178195]",2.9859863646224345,1000,1002,"{""max_iterations"": 1000, ""rate"": 0.0001, ""tolerance"": 1e-06}"
rosenbrock,Rosenbrock,758,2356,gradient,2,"[-2.048, 2.048]","[1.0054548356892927, 1.2554413780306328]","[1.096660482807187, 1.2030291758737608]",0.009356568613237467,1000,1002,"{""max_iterations"": 1000, ""rate"": 0.0001, ""tolerance"": 1e-06}"
rosenbrock,Rosenbrock,759,2357,gradient,2,"[-2.048, 2.048]","[-0.8916994134822167, 1.2502530956086217]","[-0.9950221989324691, 0.9980724257474911]",3.986518774295727,1000,1002,"{""max_iterations"": 1000, ""rate"": 0.0001, ""tolerance"": 1e-06}"
rosenbrock,Rosenbrock,760,2349,gradient,2,"[-2.048, 2.048]","[1.8485183115189976, 0.97194542019668]","[1.1019893368242226, 1.2147643531361705]",0.010416559265989464,1000,1002,"{""max_iterations"": 1000, ""rate"": 0.0001, ""tolerance"": 1e-06}"
rosenbrock,Rosenbrock,761,2350,gradient,2,"[-2.048, 2.048]","[-0.8845594597350019, 0.04938295195661313]","[-0.38107591804973134, 0.15192608612540243]",1.911869385928029,1000,1002,"{""max_iterations"": 1000, ""rate"": 0.0001, ""tolerance"": 1e-06}"
rosenbrock,Rosenbrock,762,2351,gradient,2,"[-2.048, 2.048]","[-0.739260285876977, -1.6846395027686585]","[0.1440212561242463, 0.018549023274891115]",0.7331805782634895,1000,1002,"{""max_iterations"": 1000, ""rate"": 0.0001, ""tolerance"": 1e-06}"
rosenbrock,Rosenbrock,763,2352,gradient,2,"[-2.048, 2.048]","[-0.9988935866602291, 1.4867606849114368]","[-1.1123434345196064, 1.2452063004578513]",4.468233232558771,1000,1002,"{""max_iterations"": 1000, ""rate"": 0.0001, ""tolerance"": 1e-06}"
rosenbrock,Rosenbrock,764,2353,gradient,2,"[-2.048, 2.048]","[-1.1673971424315164, -0.32803799198959904]","[-0.23445921518482452, 0.05984734920726719]",1.5262673115865768,1000,1002,"{""max_iterations"": 1000, ""rate"": 0.0001, ""tolerance"": 1e-06}"
rosenbrock,Rosenbrock,765,2354,gradient,2,"[-2.048, 2.048]","[-0.616868571832123, -1.411828340183427]","[0.13681713509257215, 0.01661134615103212]",0.745528848586569,1000,1002,"{""max_iterations"": 1000, ""rate"": 0.0001, ""tolerance"": 1e-06}"
rosenbrock,Rosenbrock,766,2355,gradient,2,"[-2.048, 2.048]","[-1.2075672827210213, 0.5107777739506347]","[-0.7261181154669851, 0.5353113976178195]",2.9859863646224345,1000,1002,"{""max_iterations"": 1000, ""rate"": 0.0001, ""tolerance"": 1e-06}"
rosenbrock,Rosenbrock,767,2356,gradient,2,"[-2.048, 2.048]","[1.0054548356892927, 1.2554413780306328]","[1.096660482807187, 1.2030291758737608]",0.009356568613237467,1000,1002,"{""max_iterations"": 1000, ""rate"": 0.0001, ""tolerance"": 1e-06}"
rosenbrock,Rosenbrock,768,2357,gradient,2,"[-2.048, 2.048]","[-0.8916994134822167, 1.2502530956086217]","[-0.9950221989324691, 0.9980724257474911]",3.986518774295727,1000,1002,"{""max_iterations"": 1000, ""rate"": 0.0001, ""tolerance"": 1e-06}"
rosenbrock,Rosenbrock,769,2358,gradient,2,"[-2.048, 2.048]","[0.5949156493332071, 0.4072999223186109]","[0.6497842077554157, 0.4205242010439433]",0.12293851063735065,1000,1002,"{""max_iterations"": 1000, ""rate"": 0.0001, ""tolerance"": 1e-06}"
rosenbrock,Rosenbrock,770,2350,gradient,2,"[-2.048, 2.048]","[-0.8845594597350019, 0.04938295195661313]","[-0.38107591804973134, 0.15192608612540243]",1.911869385928029,1000,1002,"{""max_iterations"": 1000, ""rate"": 0.0001, ""tolerance"": 1e-06}"
rosenbrock,Rosenbrock,771,2351,gradient,2,"[-2.048, 2.048]","[-0.739260285876977, -1.6846395027686585]","[0.1440212561242463, 0.018549023274891115]",0.7331805782634895,1000,1002,"{""max_iterations"": 1000, ""rate"": 0.0001, ""tolerance"": 1e-06}"
rosenbrock,Rosenbrock,772,2352,gradient,2,"[-2.048, 2.048]","[-0.9988935866602291, 1.4867606849114368]","[-1.1123434345196064, 1.2452063004578513]",4.468233232558771,1000,1002,"{""max_iterations"": 1000, ""rate"": 0.0001, ""tolerance"": 1e-06}"
rosenbrock,Rosenbrock,773,2353,gradient,2,"[-2.048, 2.048]","[-1.1673971424315164, -0.32803799198959904]","[-0.23445921518482452, 0.05984734920726719]",1.5262673115865768,1000,1002,"{""max_iterations"": 1000, ""rate"": 0.0001, ""tolerance"": 1e-06}"
rosenbrock,Rosenbrock,774,2354,gradient,2,"[-2.048, 2.048]","[-0.616868571832123, -1.411828340183427]","[0.13681713509257215, 0.01661134615103212]",0.745528848586569,1000,1002,"{""max_iterations"": 1000, ""rate"": 0.0001, ""tolerance"": 1e-06}"
rosenbrock,Rosenbrock,775,2355,gradient,2,"[-2.048, 2.048]","[-1.2075672827210213, 0.5107777739506347]","[-0.7261181154669851, 0.5353113976178195]",2.9859863646224345,1000,1002,"{""max_iterations"": 1000, ""rate"": 0.0001, ""tolerance"": 1e-06}"
rosenbrock,Rosenbrock,776,2356,gradient,2,"[-2.048, 2.048]","[1.0054548356892927, 1.2554413780306328]","[1.096660482807187, 1.2030291758737608]",0.009356568613237467,1000,1002,"{""max_iterations"": 1000, ""rate"": 0.0001, ""tolerance"": 1e-06}"
rosenbrock,Rosenbrock,777,2357,gradient,2,"[-2.048, 2.048]","[-0.8916994134822167, 1.2502530956086217]","[-0.9950221989324691, 0.9980724257474911]",3.986518774295727,1000,1002,"{""max_iterations"": 1000, ""rate"": 0.0001, ""tolerance"": 1e-06}"
rosenbrock,Rosenbrock,778,2358,gradient,2,"[-2.048, 2.048]","[0.5949156493332071, 0.4072999223186109]","[0.6497842077554157, 0.4205242010439433]",0.12293851063735065,1000,1002,"{""max_iterations"": 1000, ""rate"": 0.0001, ""tolerance"": 1e-06}"
rosenbrock,Rosenbrock,779,2359,gradient,2,"[-2.048, 2.048]","[-0.14648149725228676, 0.3374420380870311]","[-0.03885165546507052, 0.002528576104567619]",1.0793166236334117,1000,1002,"{""max_iterations"": 1000, ""rate"": 0.0001, ""tolerance"": 1e-06}"
rosenbrock,Rosenbrock,780,2351,gradient,2,"[-2.048, 2.048]","[-0.739260285876977, -1.6846395027686585]","[0.1440212561242463, 0.018549023274891115]",0.7331805782634895,1000,1002,"{""max_iterations"": 1000, ""rate"": 0.0001, ""tolerance"": 1e-06}"
rosenbrock,Rosenbrock,781,2352,gradient,2,"[-2.048, 2.048]","[-0.9988935866602291, 1.4867606849114368]","[-1.1123434345196064, 1.2452063004578513]",4.468233232558771,1000,1002,"{""max_iterations"": 1000, ""rate"": 0.0001, ""tolerance"": 1e-06}"
rosenbrock,Rosenbrock,782,2353,gradient,2,"[-2.048, 2.048]","[-1.1673971424315164, -0.32803799198959904]","[-0.23445921518482452, 0.05984734920726719]",1.5262673115865768,1000,1002,"{""max_iterations"": 1000, ""rate"": 0.0001, ""tolerance"": 1e-06}"
rosenbrock,Rosenbrock,783,2354,gradient,2,"[-2.048, 2.048]","[-0.616868571832123, -1.411828340183427]","[0.13681713509257215, 0.01661134615103212]",0.745528848586569,1000,1002,"{""max_iterations"": 1000, ""rate"": 0.0001, ""tolerance"": 1e-06}"
rosenbrock,Rosenbrock,784,2355,gradient,2,"[-2.048, 2.048]","[-1.2075672827210213, 0.5107777739506347]","[-0.7261181154669851, 0.5353113976178195]",2.9859863646224345,1000,1002,"{""max_iterations"": 1000, ""rate"": 0.0001, ""tolerance"": 1e-06}"
rosenbrock,Rosenbrock,785,2356,gradient,2,"[-2.048, 2.048]","[1.0054548356892927, 1.2554413780306328]","[1.096660482807187, 1.2030291758737608]",0.009356568613237467,1000,1002,"{""max_iterations"": 1000, ""rate"": 0.0001, ""tolerance"": 1e-06}"
rosenbrock,Rosenbrock,786,2357,gradient,2,"[-2.048, 2.048]","[-0.8916994134822167, 1.2502530956086217]","[-0.9950221989324691, 0.9980724257474911]",3.986518774295727,1000,1002,"{""max_iterations"": 1000, ""rate"": 0.0001, ""tolerance"": 1e-06}"
rosenbrock,Rosenbrock,787,2358,gradient,2,"[-2.048, 2.048]","[0.5949156493332071, 0.4072999223186109]","[0.6497842077554157, 0.4205242010439433]",0.12293851063735065,1000,1002,"{""max_iterations"": 1000, ""rate"": 0.0001, ""tolerance"": 1e-06}"
rosenbrock,Rosenbrock,788,2359,gradient,2,"[-2.048, 2.048]","[-0.14648149725228676, 0.3374420380870311]","[-0.03885165546507052, 0.002528576104567619]",1.0793166236334117,1000,1002,"{""max_iterations"": 1000, ""rate"": 0.0001, ""tolerance"": 1e-06}"
rosenbrock,Rosenbrock,789,2360,gradient,2,"[-2.048, 2.048]","[-1.1942874185605001, -0.5683169057827191]","[-0.10858992085861219, 0.014299862632282993]",1.2296006650369995,1000,1002,"{""max_iterations"": 1000, ""rate"": 0.0001, ""tolerance"": 1e-06}"
rosenbrock,Rosenbrock,790,2352,gradient,2,"[-2.048, 2.048]","[-0.9988935866602291, 1.4867606849114368]","[-1.1123434345196064, 1.2452063004578513]",4.468233232558771,1000,1002,"{""max_iterations"": 1000, ""rate"": 0.0001, ""tolerance"": 1e-06}"
rosenbrock,Rosenbrock,791,2353,gradient,2,"[-2.048, 2.048]","[-1.1673971424315164, -0.32803799198959904]","[-0.23445921518482452, 0.05984734920726719]",1.5262673115865768,1000,1002,"{""max_iterations"": 1000, ""rate"": 0.0001, ""tolerance"": 1e-06}"
rosenbrock,Rosenbrock,792,2354,gradient,2,"[-2.048, 2.048]","[-0.616868571832123, -1.411828340183427]","[0.13681713509257215, 0.01661134615103212]",0.745528848586569,1000,1002,"{""max_iterations"": 1000, ""rate"": 0.0001, ""tolerance"": 1e-06}"
rosenbrock,Rosenbrock,793,2355,gradient,2,"[-2.048, 2.048]","[-1.2075672827210213, 0.5107777739506347]","[-0.7261181154669851, 0.5353113976178195]",2.9859863646224345,1000,1002,"{""max_iterations"": 1000, ""rate"": 0.0001, ""tolerance"": 1e-06}"
rosenbrock,Rosenbrock,794,2356,gradient,2,"[-2.048, 2.048]","[1.0054548356892927, 1.2554413780306328]","[1.096660482807187, 1.2030291758737608]",0.009356568613237467,1000,1002,"{""max_iterations"": 1000, ""rate"": 0.0001, ""tolerance"": 1e-06}"
rosenbrock,Rosenbrock,795,2357,gradient,2,"[-2.048, 2.048]","[-0.8916994134822167, 1.2502530956086217]","[-0.9950221989324691, 0.9980724257474911]",3.986518774295727,1000,1002,"{""max_iterations"": 1000, ""rate"": 0.0001, ""tolerance"": 1e-06}"
rosenbrock,Rosenbrock,796,2358,gradient,2,"[-2.048, 2.048]","[0.5949156493332071, 0.4072999223186109]","[0.6497842077554157, 0.4205242010439433]",0.12293851063735065,1000,1002,"{""max_iterations"": 1000, ""rate"": 0.0001, ""tolerance"": 1e-06}"
rosenbrock,Rosenbrock,797,2359,gradient,2,"[-2.048, 2.048]","[-0.14648149725228676, 0.3374420380870311]","[-0.03885165546507052, 0.002528576104567619]",1.0793166236334117,1000,1002,"{""max_iterations"": 1000, ""rate"": 0.0001, ""tolerance"": 1e-06}"
rosenbrock,Rosenbrock,798,2360,gradient,2,"[-2.048, 2.048]","[-1.1942874185605001, -0.5683169057827191]","[-0.10858992085861219, 0.014299862632282993]",1.2296006650369995,1000,1002,"{""max_iterations"": 1000, ""rate"": 0.0001, ""tolerance"": 1e-06}"
rosenbrock,Rosenbrock,799,2361,gradient,2,"[-2.048, 2.048]","[0.7834888651333505, 0.3875017094847535]","[0.6999157062886924, 0.4884607700470279]",0.09025257162745845,1000,1002,"{""max_iterations"": 1000, ""rate"": 0.0001, ""tolerance"": 1e-06}"
rosenbrock,Rosenbrock,800,2344,gradient,2,"[-2.048, 2.048]","[-1.6593854367064378, 1.9773261333044347]","[-1.375381675261066, 1.8993017385333548]",5.6482551945418065,1000,1002,"{""max_iterations"": 1000, ""rate"": 0.0001, ""tolerance"": 1e-06}"
rosenbrock,Rosenbrock,801,2345,gradient,2,"[-2.048, 2.048]","[0.6579990905790711, -0.3538917293203312]","[0.36958006953778766, 0.13356965023500478]",0.3983411943779173,1000,1002,"{""max_iterations"": 1000, ""rate"": 0.0001, ""tolerance"": 1e-06}"
rosenbrock,Rosenbrock,802,2346,gradient,2,"[-2.048, 2.048]","[-1.73404799484475, -1.2634778772480364]","[0.06681439930277043, 0.003393249763725387]",0.870950051068983,1000,1002,"{""max_iterations"": 1000, ""rate"": 0.0001, ""tolerance"": 1e-06}"
rosenbrock,Rosenbrock,803,2347,gradient,2,"[-2.048, 2.048]","[0.20630241938255223, -0.8858881802066376]","[0.19138665523260373, 0.033976575083345346]",0.6545589985146828,1000,1002,"{""max_iterations"": 1000, ""rate"": 0.0001, ""tolerance"": 1e-06}"
rosenbrock,Rosenbrock,804,2348,gradient,2,"[-2.048, 2.048]","[1.9794994887698856, 0.7046476483274784]","[1.0135899732326585, 1.0274185725743188]",0.000184978311194299,1000,1002,"{""max_iterations"": 1000, ""rate"": 0.0001, ""tolerance"": 1e-06}"
rosenbrock,Rosenbrock,805,2349,gradient,2,"[-2.048, 2.048]","[1.8485183115189976, 0.97194542019668]","[1.1019893368242226, 1.2147643531361705]",0.010416559265989464,1000,1002,"{""max_iterations"": 1000, ""rate"": 0.0001, ""tolerance"": 1e-06}"
rosenbrock,Rosenbrock,806,2350,gradient,2,"[-2.048, 2.048]","[-0.8845594597350019, 0.04938295195661313]","[-0.38107591804973134, 0.15192608612540243]",1.911869385928029,1000,1002,"{""max_iterations"": 1000, ""rate"": 0.0001, ""tolerance"": 1e-06}"
rosenbrock,Rosenbrock,807,2351,gradient,2,"[-2.048, 2.048]","[-0.739260285876977, -1.6846395027686585]","[0.1440212561242463, 0.018549023274891115]",0.7331805782634895,1000,1002,"{""max_iterations"": 1000, ""rate"": 0.0001, ""tolerance"": 1e-06}"
rosenbrock,Rosenbrock,808,2352,gradient,2,"[-2.048, 2.048]","[-0.9988935866602291, 1.4867606849114368]","[-1.1123434345196064, 1.2452063004578513]",4.468233232558771,1000,1002,"{""max_iterations"": 1000, ""rate"": 0.0001, ""tolerance"": 1e-06}"
rosenbrock,Rosenbrock,809,2353,gradient,2,"[-2.048, 2.048]","[-1.1673971424315164, -0.32803799198959904]","[-0.23445921518482452, 0.05984734920726719]",1.5262673115865768,1000,1002,"{""max_iterations"": 1000, ""rate"": 0.0001, ""tolerance"": 1e-06}"
rosenbrock,Rosenbrock,810,2345,gradient,2,"[-2.048, 2.048]","[0.6579990905790711, -0.3538917293203312]","[0.36958006953778766, 0.13356965023500478]",0.3983411943779173,1000,1002,"{""max_iterations"": 1000, ""rate"": 0.0001, ""tolerance"": 1e-06}"
rosenbrock,Rosenbrock,811,2346,gradient,2,"[-2.048, 2.048]","[-1.73404799484475, -1.2634778772480364]","[0.06681439930277043, 0.003393249763725387]",0.870950051068983,1000,1002,"{""max_iterations"": 1000, ""rate"": 0.0001, ""tolerance"": 1e-06}"
rosenbrock,Rosenbrock,812,2347,gradient,2,"[-2.048, 2.048]","[0.20630241938255223, -0.8858881802066376]","[0.19138665523260373, 0.033976575083345346]",0.6545589985146828,1000,1002,"{""max_iterations"": 1000, ""rate"": 0.0001, ""tolerance"": 1e-06}"
rosenbrock,Rosenbrock,813,2348,gradient,2,"[-2.048, 2.048]","[1.9794994887698856, 0.7046476483274784]","[1.0135899732326585, 1.0274185725743188]",0.000184978311194299,1000,1002,"{""max_iterations"": 1000, ""rate"": 0.0001, ""tolerance"": 1e-06}"
rosenbrock,Rosenbrock,814,2349,gradient,2,"[-2.048, 2.048]","[1.8485183115189976, 0.97194542019668]","[1.1019893368242226, 1.2147643531361705]",0.010416559265989464,1000,1002,"{""max_iterations"": 1000, ""rate"": 0.0001, ""tolerance"": 1e-06}"
rosenbrock,Rosenbrock,815,2350,gradient,2,"[-2.048, 2.048]","[-0.8845594597350019, 0.04938295195661313]","[-0.38107591804973134, 0.15192608612540243]",1.911869385928029,1000,1002,"{""max_iterations"": 1000, ""rate"": 0.0001, ""tolerance"": 1e-06}"
rosenbrock,Rosenbrock,816,2351,gradient,2,"[-2.048, 2.048]","[-0.739260285876977, -1.6846395027686585]","[0.1440212561242463, 0.018549023274891115]",0.7331805782634895,1000,1002,"{""max_iterations"": 1000, ""rate"": 0.0001, ""tolerance"": 1e-06}"
rosenbrock,Rosenbrock,817,2352,gradient,2,"[-2.048, 2.048]","[-0.9988935866602291, 1.4867606849114368]","[-1.1123434345196064, 1.2452063004578513]",4.468233232558771,1000,1002,"{""max_iterations"": 1000, ""rate"": 0.0001, ""tolerance"": 1e-06}"
rosenbrock,Rosenbrock,818,2353,gradient,2,"[-2.048, 2.048]","[-1.1673971424315164, -0.32803799198959904]","[-0.23445921518482452, 0.05984734920726719]",1.5262673115865768,1000,1002,"{""max_iterations"": 1000, ""rate"": 0.0001, ""tolerance"": 1e-06}"
rosenbrock,Rosenbrock,819,2354,gradient,2,"[-2.048, 2.048]","[-0.616868571832123, -1.411828340183427]","[0.13681713509257215, 0.01661134615103212]",0.745528848586569,1000,1002,"{""max_iterations"": 1000, ""rate"": 0.0001, ""tolerance"": 1e-06}"
rosenbrock,Rosenbrock,820,2346,gradient,2,"[-2.048, 2.048]","[-1.73404799484475, -1.2634778772480364]","[0.06681439930277043, 0.003393249763725387]",0.870950051068983,1000,1002,"{""max_iterations"": 1000, ""rate"": 0.0001, ""tolerance"": 1e-06}"
rosenbrock,Rosenbrock,821,2347,gradient,2,"[-2.048, 2.048]","[0.20630241938255223, -0.8858881802066376]","[0.19138665523260373, 0.033976575083345346]",0.6545589985146828,1000,1002,"{""max_iterations"": 1000, ""rate"": 0.0001, ""tolerance"": 1e-06}"
rosenbrock,Rosenbrock,822,2348,gradient,2,"[-2.048, 2.048]","[1.9794994887698856, 0.7046476483274784]","[1.0135899732326585, 1.0274185725743188]",0.000184978311194299,1000,1002,"{""max_iterations"": 1000, ""rate"": 0.0001, ""tolerance"": 1e-06}"
rosenbrock,Rosenbrock,823,2349,gradient,2,"[-2.048, 2.048]","[1.8485183115189976, 0.97194542019668]","[1.1019893368242226, 1.2147643531361705]",0.010416559265989464,1000,1002,"{""max_iterations"": 1000, ""rate"": 0.0001, ""tolerance"": 1e-06}"
rosenbrock,Rosenbrock,824,2350,gradient,2,"[-2.048, 2.048]","[-0.8845594597350019, 0.04938295195661313]","[-0.38107591804973134, 0.15192608612540243]",1.911869385928029,1000,1002,"{""max_iterations"": 1000, ""rate"": 0.0001, ""tolerance"": 1e-06}"
rosenbrock,Rosenbrock,825,2351,gradient,2,"[-2.048, 2.048]","[-0.739260285876977, -1.6846395027686585]","[0.1440212561242463, 0.018549023274891115]",0.7331805782634895,1000,1002,"{""max_iterations"": 1000, ""rate"": 0.0001, ""tolerance"": 1e-06}"
rosenbrock,Rosenbrock,826,2352,gradient,2,"[-2.048, 2.048]","[-0.9988935866602291, 1.4867606849114368]","[-1.1123434345196064, 1.2452063004578513]",4.468233232558771,1000,1002,"{""max_iterations"": 1000, ""rate"": 0.0001, ""tolerance"": 1e-06}"
rosenbrock,Rosenbrock,827,2353,gradient,2,"[-2.048, 2.048]","[-1.1673971424315164, -0.32803799198959904]","[-0.23445921518482452, 0.05984734920726719]",1.5262673115865768,1000,1002,"{""max_iterations"": 1000, ""rate"": 0.0001, ""tolerance"": 1e-06}"
rosenbrock,Rosenbrock,828,2354,gradient,2,"[-2.048, 2.048]","[-0.616868571832123, -1.411828340183427]","[0.13681713509257215, 0.01661134615103212]",0.745528848586569,1000,1002,"{""max_iterations"": 1000, ""rate"": 0.0001, ""tolerance"": 1e-06}"
rosenbrock,Rosenbrock,829,2355,gradient,2,"[-2.048, 2.048]","[-1.2075672827210213, 0.5107777739506347]","[-0.7261181154669851, 0.5353113976178195]",2.9859863646224345,1000,1002,"{""max_iterations"": 1000, ""rate"": 0.0001, ""tolerance"": 1e-06}"
rosenbrock,Rosenbrock,830,2347,gradient,2,"[-2.048, 2.048]","[0.20630241938255223, -0.8858881802066376]","[0.19138665523260373, 0.033976575083345346]",0.6545589985146828,1000,1002,"{""max_iterations"": 1000, ""rate"": 0.0001, ""tolerance"": 1e-06}"
rosenbrock,Rosenbrock,831,2348,gradient,2,"[-2.048, 2.048]","[1.9794994887698856, 0.7046476483274784]","[1.0135899732326585, 1.0274185725743188]",0.000184978311194299,1000,1002,"{""max_iterations"": 1000, ""rate"": 0.0001, ""tolerance"": 1e-06}"
rosenbrock,Rosenbrock,832,2349,gradient,2,"[-2.048, 2.048]","[1.8485183115189976, 0.97194542019668]","[1.1019893368242226, 1.2147643531361705]",0.010416559265989464,1000,1002,"{""max_iterations"": 1000, ""rate"": 0.0001, ""tolerance"": 1e-06}"
rosenbrock,Rosenbrock,833,2350,gradient,2,"[-2.048, 2.048]","[-0.8845594597350019, 0.04938295195661313]","[-0.38107591804973134, 0.15192608612540243]",1.911869385928029,1000,1002,"{""max_iterations"": 1000, ""rate"": 0.0001, ""tolerance"": 1e-06}"
rosenbrock,Rosenbrock,834,2351,gradient,2,"[-2.048, 2.048]","[-0.739260285876977, -1.6846395027686585]","[0.1440212561242463, 0.018549023274891115]",0.7331805782634895,1000,1002,"{""max_iterations"": 1000, ""rate"": 0.0001, ""tolerance"": 1e-06}"
rosenbrock,Rosenbrock,835,2352,gradient,2,"[-2.048, 2.048]","[-0.9988935866602291, 1.4867606849114368]","[-1.1123434345196064, 1.2452063004578513]",4.468233232558771,1000,1002,"{""max_iterations"": 1000, ""rate"": 0.0001, ""tolerance"": 1e-06}"
rosenbrock,Rosenbrock,836,2353,gradient,2,"[-2.048, 2.048]","[-1.1673971424315164, -0.32803799198959904]","[-0.23445921518482452, 0.05984734920726719]",1.5262673115865768,1000,1002,"{""max_iterations"": 1000, ""rate"": 0.0001, ""tolerance"": 1e-06}"
rosenbrock,Rosenbrock,837,2354,gradient,2,"[-2.048, 2.048]","[-0.616868571832123, -1.411828340183427]","[0.13681713509257215, 0.01661134615103212]",0.745528848586569,1000,1002,"{""max_iterations"": 1000, ""rate"": 0.0001, ""tolerance"": 1e-06}"
rosenbrock,Rosenbrock,838,2355,gradient,2,"[-2.048, 2.048]","[-1.2075672827210213, 0.5107777739506347]","[-0.7261181154669851, 0.5353113976178195]",2.9859863646224345,1000,1002,"{""max_iterations"": 1000, ""rate"": 0.0001, ""tolerance"": 1e-06}"
rosenbrock,Rosenbrock,839,2356,gradient,2,"[-2.048, 2.048]","[1.0054548356892927, 1.2554413780306328]","[1.096660482807187, 1.2030291758737608]",0.009356568613237467,1000,1002,"{""max_iterations"": 1000, ""rate"": 0.0001, ""tolerance"": 1e-06}"
rosenbrock,Rosenbrock,840,2348,gradient,2,"[-2.048, 2.048]","[1.9794994887698856, 0.7046476483274784]","[1.0135899732326585, 1.0274185725743188]",0.000184978311194299,1000,1002,"{""max_iterations"": 1000, ""rate"": 0.0001, ""tolerance"": 1e-06}"
rosenbrock,Rosenbrock,841,2349,gradient,2,"[-2.048, 2.048]","[1.8485183115189976, 0.97194542019668]","[1.1019893368242226, 1.2147643531361705]",0.010416559265989464,1000,1002,"{""max_iterations"": 1000, ""rate"": 0.0001, ""tolerance"": 1e-06}"
rosenbrock,Rosenbrock,842,2350,gradient,2,"[-2.048, 2.048]","[-0.8845594597350019, 0.04938295195661313]","[-0.38107591804973134, 0.15192608612540243]",1.911869385928029,1000,1002,"{""max_iterations"": 1000, ""rate"": 0.0001, ""tolerance"": 1e-06}"
rosenbrock,Rosenbrock,843,2351,gradient,2,"[-2.048, 2.048]","[-0.739260285876977, -1.6846395027686585]","[0.1440212561242463, 0.018549023274891115]",0.7331805782634895,1000,1002,"{""max_iterations"": 1000, ""rate"": 0.0001, ""tolerance"": 1e-06}"
rosenbrock,Rosenbrock,844,2352,gradient,2,"[-2.048, 2.048]","[-0.9988935866602291, 1.4867606849114368]","[-1.1123434345196064, 1.2452063004578513]",4.468233232558771,1000,1002,"{""max_iterations"": 1000, ""rate"": 0.0001, ""tolerance"": 1e-06}"
rosenbrock,Rosenbrock,845,2353,gradient,2,"[-2.048, 2.048]","[-1.1673971424315164, -0.32803799198959904]","[-0.23445921518482452, 0.05984734920726719]",1.5262673115865768,1000,1002,"{""max_iterations"": 1000, ""rate"": 0.0001, ""tolerance"": 1e-06}"
rosenbrock,Rosenbrock,846,2354,gradient,2,"[-2.048, 2.048]","[-0.616868571832123, -1.411828340183427]","[0.13681713509257215, 0.01661134615103212]",0.745528848586569,1000,1002,"{""max_iterations"": 1000, ""rate"": 0.0001, ""tolerance"": 1e-06}"
rosenbrock,Rosenbrock,847,2355,gradient,2,"[-2.048, 2.048]","[-1.2075672827210213, 0.5107777739506347]","[-0.7261181154669851, 0.5353113976178195]",2.9859863646224345,1000,1002,"{""max_iterations"": 1000, ""rate"": 0.0001, ""tolerance"": 1e-06}"
rosenbrock,Rosenbrock,848,2356,gradient,2,"[-2.048, 2.048]","[1.0054548356892927, 1.2554413780306328]","[1.096660482807187, 1.2030291758737608]",0.009356568613237467,1000,1002,"{""max_iterations"": 1000, ""rate"": 0.0001, ""tolerance"": 1e-06}"
rosenbrock,Rosenbrock,849,2357,gradient,2,"[-2.048, 2.048]","[-0.8916994134822167, 1.2502530956086217]","[-0.9950221989324691, 0.9980724257474911]",3.986518774295727,1000,1002,"{""max_iterations"": 1000, ""rate"": 0.0001, ""tolerance"": 1e-06}"
rosenbrock,Rosenbrock,850,2349,gradient,2,"[-2.048, 2.048]","[1.8485183115189976, 0.97194542019668]","[1.1019893368242226, 1.2147643531361705]",0.010416559265989464,1000,1002,"{""max_iterations"": 1000, ""rate"": 0.0001, ""tolerance"": 1e-06}"
rosenbrock,Rosenbrock,851,2350,gradient,2,"[-2.048, 2.048]","[-0.8845594597350019, 0.04938295195661313]","[-0.38107591804973134, 0.15192608612540243]",1.911869385928029,1000,1002,"{""max_iterations"": 1000, ""rate"": 0.0001, ""tolerance"": 1e-06}"
rosenbrock,Rosenbrock,852,2351,gradient,2,"[-2.048, 2.048]","[-0.739260285876977, -1.6846395027686585]","[0.1440212561242463, 0.018549023274891115]",0.7331805782634895,1000,1002,"{""max_iterations"": 1000, ""rate"": 0.0001, ""tolerance"": 1e-06}"
rosenbrock,Rosenbrock,853,2352,gradient,2,"[-2.048, 2.048]","[-0.9988935866602291, 1.4867606849114368]","[-1.1123434345196064, 1.2452063004578513]",4.468233232558771,1000,1002,"{""max_iterations"": 1000, ""rate"": 0.0001, ""tolerance"": 1e-06}"
rosenbrock,Rosenbrock,854,2353,gradient,2,"[-2.048, 2.048]","[-1.1673971424315164, -0.32803799198959904]","[-0.23445921518482452, 0.05984734920726719]",1.5262673115865768,1000,1002,"{""max_iterations"": 1000, ""rate"": 0.0001, ""tolerance"": 1e-06}"
rosenbrock,Rosenbrock,855,2354,gradient,2,"[-2.048, 2.048]","[-0.616868571832123, -1.411828340183427]","[0.13681713509257215, 0.01661134615103212]",0.745528848586569,1000,1002,"{""max_iterations"": 1000, ""rate"": 0.0001, ""tolerance"": 1e-06}"
rosenbrock,Rosenbrock,856,2355,gradient,2,"[-2.048, 2.048]","[-1.2075672827210213, 0.5107777739506347]","[-0.7261181154669851, 0.5353113976178195]",2.9859863646224345,1000,1002,"{""max_iterations"": 1000, ""rate"": 0.0001, ""tolerance"": 1e-06}"
rosenbrock,Rosenbrock,857,2356,gradient,2,"[-2.048, 2.048]","[1.0054548356892927, 1.2554413780306328]","[1.096660482807187, 1.2030291758737608]",0.009356568613237467,1000,1002,"{""max_iterations"": 1000, ""rate"": 0.0001, ""tolerance"": 1e-06}"
rosenbrock,Rosenbrock,858,2357,gradient,2,"[-2.048, 2.048]","[-0.8916994134822167, 1.2502530956086217]","[-0.9950221989324691, 0.9980724257474911]",3.986518774295727,1000,1002,"{""max_iterations"": 1000, ""rate"": 0.0001, ""tolerance"": 1e-06}"
rosenbrock,Rosenbrock,859,2358,gradient,2,"[-2.048, 2.048]","[0.5949156493332071, 0.4072999223186109]","[0.6497842077554157, 0.4205242010439433]",0.12293851063735065,1000,1002,"{""max_iterations"": 1000, ""rate"": 0.0001, ""tolerance"": 1e-06}"
rosenbrock,Rosenbrock,860,2350,gradient,2,"[-2.048, 2.048]","[-0.8845594597350019, 0.04938295195661313]","[-0.38107591804973134, 0.15192608612540243]",1.911869385928029,1000,1002,"{""max_iterations"": 1000, ""rate"": 0.0001, ""tolerance"": 1e-06}"
rosenbrock,Rosenbrock,861,2351,gradient,2,"[-2.048, 2.048]","[-0.739260285876977, -1.6846395027686585]","[0.1440212561242463, 0.018549023274891115]",0.7331805782634895,1000,1002,"{""max_iterations"": 1000, ""rate"": 0.0001, ""tolerance"": 1e-06}"
rosenbrock,Rosenbrock,862,2352,gradient,2,"[-2.048, 2.048]","[-0.9988935866602291, 1.4867606849114368]","[-1.1123434345196064, 1.2452063004578513]",4.468233232558771,1000,1002,"{""max_iterations"": 1000, ""rate"": 0.0001, ""tolerance"": 1e-06}"
rosenbrock,Rosenbrock,863,2353,gradient,2,"[-2.048, 2.048]","[-1.1673971424315164, -0.32803799198959904]","[-0.23445921518482452, 0.05984734920726719]",1.5262673115865768,1000,1002,"{""max_iterations"": 1000, ""rate"": 0.0001, ""tolerance"": 1e-06}"
rosenbrock,Rosenbrock,864,2354,gradient,2,"[-2.048, 2.048]","[-0.616868571832123, -1.411828340183427]","[0.13681713509257215, 0.01661134615103212]",0.745528848586569,1000,1002,"{""max_iterations"": 1000, ""rate"": 0.0001, ""tolerance"": 1e-06}"
rosenbrock,Rosenbrock,865,2355,gradient,2,"[-2.048, 2.048]","[-1.2075672827210213, 0.5107777739506347]","[-0.7261181154669851, 0.5353113976178195]",2.9859863646224345,1000,1002,"{""max_iterations"": 1000, ""rate"": 0.0001, ""tolerance"": 1e-06}"
rosenbrock,Rosenbrock,866,2356,gradient,2,"[-2.048, 2.048]","[1.0054548356892927, 1.2554413780306328]","[1.096660482807187, 1.2030291758737608]",0.009356568613237467,1000,1002,"{""max_iterations"": 1000, ""rate"": 0.0001, ""tolerance"": 1e-06}"
rosenbrock,Rosenbrock,867,2357,gradient,2,"[-2.048, 2.048]","[-0.8916994134822167, 1.2502530956086217]","[-0.9950221989324691, 0.9980724257474911]",3.986518774295727,1000,1002,"{""max_iterations"": 1000, ""rate"": 0.0001, ""tolerance"": 1e-06}"
rosenbrock,Rosenbrock,868,2358,gradient,2,"[-2.048, 2.048]","[0.5949156493332071, 0.4072999223186109]","[0.6497842077554157, 0.4205242010439433]",0.12293851063735065,1000,1002,"{""max_iterations"": 1000, ""rate"": 0.0001, ""tolerance"": 1e-06}"
rosenbrock,Rosenbrock,869,2359,gradient,2,"[-2.048, 2.048]","[-0.14648149725228676, 0.3374420380870311]","[-0.03885165546507052, 0.002528576104567619]",1.0793166236334117,1000,1002,"{""max_iterations"": 1000, ""rate"": 0.0001, ""tolerance"": 1e-06}"
rosenbrock,Rosenbrock,870,2351,gradient,2,"[-2.048, 2.048]","[-0.739260285876977, -1.6846395027686585]","[0.1440212561242463, 0.018549023274891115]",0.7331805782634895,1000,1002,"{""max_iterations"": 1000, ""rate"": 0.0001, ""tolerance"": 1e-06}"
rosenbrock,Rosenbrock,871,2352,gradient,2,"[-2.048, 2.048]","[-0.9988935866602291, 1.4867606849114368]","[-1.1123434345196064, 1.2452063004578513]",4.468233232558771,1000,1002,"{""max_iterations"": 1000, ""rate"": 0.0001, ""tolerance"": 1e-06}"
rosenbrock,Rosenbrock,872,2353,gradient,2,"[-2.048, 2.048]","[-1.1673971424315164, -0.32803799198959904]","[-0.23445921518482452, 0.05984734920726719]",1.5262673115865768,1000,1002,"{""max_iterations"": 1000, ""rate"": 0.0001, ""tolerance"": 1e-06}"
rosenbrock,Rosenbrock,873,2354,gradient,2,"[-2.048, 2.048]","[-0.616868571832123, -1.411828340183427]","[0.13681713509257215, 0.01661134615103212]",0.745528848586569,1000,1002,"{""max_iterations"": 1000, ""rate"": 0.0001, ""tolerance"": 1e-06}"
rosenbrock,Rosenbrock,874,2355,gradient,2,"[-2.048, 2.048]","[-1.2075672827210213, 0.5107777739506347]","[-0.7261181154669851, 0.5353113976178195]",2.9859863646224345,1000,1002,"{""max_iterations"": 1000, ""rate"": 0.0001, ""tolerance"": 1e-06}"
rosenbrock,Rosenbrock,875,2356,gradient,2,"[-2.048, 2.048]","[1.0054548356892927, 1.2554413780306328]","[1.096660482807187, 1.2030291758737608]",0.009356568613237467,1000,1002,"{""max_iterations"": 1000, ""rate"": 0.0001, ""tolerance"": 1e-06}"
rosenbrock,Rosenbrock,876,2357,gradient,2,"[-2.048, 2.048]","[-0.8916994134822167, 1.2502530956086217]","[-0.9950221989324691, 0.9980724257474911]",3.986518774295727,1000,1002,"{""max_iterations"": 1000, ""rate"": 0.0001, ""tolerance"": 1e-06}"
rosenbrock,Rosenbrock,877,2358,gradient,2,"[-2.048, 2.048]","[0.5949156493332071, 0.4072999223186109]","[0.6497842077554157, 0.4205242010439433]",0.12293851063735065,1000,1002,"{""max_iterations"": 1000, ""rate"": 0.0001, ""tolerance"": 1e-06}"
rosenbrock,Rosenbrock,878,2359,gradient,2,"[-2.048, 2.048]","[-0.14648149725228676, 0.3374420380870311]","[-0.03885165546507052, 0.002528576104567619]",1.0793166236334117,1000,1002,"{""max_iterations"": 1000, ""rate"": 0.0001, ""tolerance"": 1e-06}"
rosenbrock,Rosenbrock,879,2360,gradient,2,"[-2.048, 2.048]","[-1.1942874185605001, -0.5683169057827191]","[-0.10858992085861219, 0.014299862632282993]",1.2296006650369995,1000,1002,"{""max_iterations"": 1000, ""rate"": 0.0001, ""tolerance"": 1e-06}"
rosenbrock,Rosenbrock,880,2352,gradient,2,"[-2.048, 2.048]","[-0.9988935866602291, 1.4867606849114368]","[-1.1123434345196064, 1.2452063004578513]",4.468233232558771,1000,1002,"{""max_iterations"": 1000, ""rate"": 0.0001, ""tolerance"": 1e-06}"
rosenbrock,Rosenbrock,881,2353,gradient,2,"[-2.048, 2.048]","[-1.1673971424315164, -0.32803799198959904]","[-0.23445921518482452, 0.05984734920726719]",1.5262673115865768,1000,1002,"{""max_iterations"": 1000, ""rate"": 0.0001, ""tolerance"": 1e-06}"
rosenbrock,Rosenbrock,882,2354,gradient,2,"[-2.048, 2.048]","[-0.616868571832123, -1.411828340183427]","[0.13681713509257215, 0.01661134615103212]",0.745528848586569,1000,1002,"{""max_iterations"": 1000, ""rate"": 0.0001, ""tolerance"": 1e-06}"
rosenbrock,Rosenbrock,883,2355,gradient,2,"[-2.048, 2.048]","[-1.2075672827210213, 0.5107777739506347]","[-0.7261181154669851, 0.5353113976178195]",2.9859863646224345,1000,1002,"{""max_iterations"": 1000, ""rate"": 0.0001, ""tolerance"": 1e-06}"
rosenbrock,Rosenbrock,884,2356,gradient,2,"[-2.048, 2.048]","[1.0054548356892927, 1.2554413780306328]","[1.096660482807187, 1.2030291758737608]",0.009356568613237467,1000,1002,"{""max_iterations"": 1000, ""rate"": 0.0001, ""tolerance"": 1e-06}"
rosenbrock,Rosenbrock,885,2357,gradient,2,"[-2.048, 2.048]","[-0.8916994134822167, 1.2502530956086217]","[-0.9950221989324691, 0.9980724257474911]",3.986518774295727,1000,1002,"{""max_iterations"": 1000, ""rate"": 0.0001, ""tolerance"": 1e-06}"
rosenbrock,Rosenbrock,886,2358,gradient,2,"[-2.048, 2.048]","[0.5949156493332071, 0.4072999223186109]","[0.6497842077554157, 0.4205242010439433]",0.12293851063735065,1000,1002,"{""max_iterations"": 1000, ""rate"": 0.0001, ""tolerance"": 1e-06}"
rosenbrock,Rosenbrock,887,2359,gradient,2,"[-2.048, 2.048]","[-0.14648149725228676, 0.3374420380870311]","[-0.03885165546507052, 0.002528576104567619]",1.0793166236334117,1000,1002,"{""max_iterations"": 1000, ""rate"": 0.0001, ""tolerance"": 1e-06}"
rosenbrock,Rosenbrock,888,2360,gradient,2,"[-2.048, 2.048]","[-1.1942874185605001, -0.5683169057827191]","[-0.10858992085861219, 0.014299862632282993]",1.2296006650369995,1000,1002,"{""max_iterations"": 1000, ""rate"": 0.0001, ""tolerance"": 1e-06}"
rosenbrock,Rosenbrock,889,2361,gradient,2,"[-2.048, 2.048]","[0.7834888651333505, 0.3875017094847535]","[0.6999157062886924, 0.4884607700470279]",0.09025257162745845,1000,1002,"{""max_iterations"": 1000, ""rate"": 0.0001, ""tolerance"": 1e-06}"
rosenbrock,Rosenbrock,890,2353,gradient,2,"[-2.048, 2.048]","[-1.1673971424315164, -0.32803799198959904]","[-0.23445921518482452, 0.05984734920726719]",1.5262673115865768,1000,1002,"{""max_iterations"": 1000, ""rate"": 0.0001, ""tolerance"": 1e-06}"
rosenbrock,Rosenbrock,891,2354,gradient,2,"[-2.048, 2.048]","[-0.616868571832123, -1.411828340183427]","[0.13681713509257215, 0.01661134615103212]",0.745528848586569,1000,1002,"{""max_iterations"": 1000, ""rate"": 0.0001, ""tolerance"": 1e-06}"
rosenbrock,Rosenbrock,892,2355,gradient,2,"[-2.048, 2.048]","[-1.2075672827210213, 0.5107777739506347]","[-0.7261181154669851, 0.5353113976178195]",2.9859863646224345,1000,1002,"{""max_iterations"": 1000, ""rate"": 0.0001, ""tolerance"": 1e-06}"
rosenbrock,Rosenbrock,893,2356,gradient,2,"[-2.048, 2.048]","[1.0054548356892927, 1.2554413780306328]","[1.096660482807187, 1.2030291758737608]",0.009356568613237467,1000,1002,"{""max_iterations"": 1000, ""rate"": 0.0001, ""tolerance"": 1e-06}"
rosenbrock,Rosenbrock,894,2357,gradient,2,"[-2.048, 2.048]","[-0.8916994134822167, 1.2502530956086217]","[-0.9950221989324691, 0.9980724257474911]",3.986518774295727,1000,1002,"{""max_iterations"": 1000, ""rate"": 0.0001, ""tolerance"": 1e-06}"
rosenbrock,Rosenbrock,895,2358,gradient,2,"[-2.048, 2.048]","[0.5949156493332071, 0.4072999223186109]","[0.6497842077554157, 0.4205242010439433]",0.12293851063735065,1000,1002,"{""max_iterations"": 1000, ""rate"": 0.0001, ""tolerance"": 1e-06}"
rosenbrock,Rosenbrock,896,2359,gradient,2,"[-2.048, 2.048]","[-0.14648149725228676, 0.3374420380870311]","[-0.03885165546507052, 0.002528576104567619]",1.0793166236334117,1000,1002,"{""max_iterations"": 1000, ""rate"": 0.0001, ""tolerance"": 1e-06}"
rosenbrock,Rosenbrock,897,2360,gradient,2,"[-2.048, 2.048]","[-1.1942874185605001, -0.5683169057827191]","[-0.10858992085861219, 0.014299862632282993]",1.2296006650369995,1000,1002,"{""max_iterations"": 1000, ""rate"": 0.0001, ""tolerance"": 1e-06}"
rosenbrock,Rosenbrock,898,2361,gradient,2,"[-2.048, 2.048]","[0.7834888651333505, 0.3875017094847535]","[0.6999157062886924, 0.4884607700470279]",0.09025257162745845,1000,1002,"{""max_iterations"": 1000, ""rate"": 0.0001, ""tolerance"": 1e-06}"
rosenbrock,Rosenbrock,899,2362,gradient,2,"[-2.048, 2.048]","[1.7765768529097223, 1.5668509902877004]","[1.3019882012252835, 1.6961840822974028]",0.09129904659011873,1000,1002,"{""max_iterations"": 1000, ""rate"": 0.0001, ""tolerance"": 1e-06}"
rosenbrock,Rosenbrock,900,2345,gradient,2,"[-2.048, 2.048]","[0.6579990905790711, -0.3538917293203312]","[0.36958006953778766, 0.13356965023500478]",0.3983411943779173,1000,1002,"{""max_iterations"": 1000, ""rate"": 0.0001, ""tolerance"": 1e-06}"
rosenbrock,Rosenbrock,901,2346,gradient,2,"[-2.048, 2.048]","[-1.73404799484475, -1.2634778772480364]","[0.06681439930277043, 0.003393249763725387]",0.870950051068983,1000,1002,"{""max_iterations"": 1000, ""rate"": 0.0001, ""tolerance"": 1e-06}"
rosenbrock,Rosenbrock,902,2347,gradient,2,"[-2.048, 2.048]","[0.20630241938255223, -0.8858881802066376]","[0.19138665523260373, 0.033976575083345346]",0.6545589985146828,1000,1002,"{""max_iterations"": 1000, ""rate"": 0.0001, ""tolerance"": 1e-06}"
rosenbrock,Rosenbrock,903,2348,gradient,2,"[-2.048, 2.048]","[1.9794994887698856, 0.7046476483274784]","[1.0135899732326585, 1.0274185725743188]",0.000184978311194299,1000,1002,"{""max_iterations"": 1000, ""rate"": 0.0001, ""tolerance"": 1e-06}"
rosenbrock,Rosenbrock,904,2349,gradient,2,"[-2.048, 2.048]","[1.8485183115189976, 0.97194542019668]","[1.1019893368242226, 1.2147643531361705]",0.010416559265989464,1000,1002,"{""max_iterations"": 1000, ""rate"": 0.0001, ""tolerance"": 1e-06}"
rosenbrock,Rosenbrock,905,2350,gradient,2,"[-2.048, 2.048]","[-0.8845594597350019, 0.04938295195661313]","[-0.38107591804973134, 0.15192608612540243]",1.911869385928029,1000,1002,"{""max_iterations"": 1000, ""rate"": 0.0001, ""tolerance"": 1e-06}"
rosenbrock,Rosenbrock,906,2351,gradient,2,"[-2.048, 2.048]","[-0.739260285876977, -1.6846395027686585]","[0.1440212561242463, 0.018549023274891115]",0.7331805782634895,1000,1002,"{""max_iterations"": 1000, ""rate"": 0.0001, ""tolerance"": 1e-06}"
rosenbrock,Rosenbrock,907,2352,gradient,2,"[-2.048, 2.048]","[-0.9988935866602291, 1.4867606849114368]","[-1.1123434345196064, 1.2452063004578513]",4.468233232558771,1000,1002,"{""max_iterations"": 1000, ""rate"": 0.0001, ""tolerance"": 1e-06}"
rosenbrock,Rosenbrock,908,2353,gradient,2,"[-2.048, 2.048]","[-1.1673971424315164, -0.32803799198959904]","[-0.23445921518482452, 0.05984734920726719]",1.5262673115865768,1000,1002,"{""max_iterations"": 1000, ""rate"": 0.0001, ""tolerance"": 1e-06}"
rosenbrock,Rosenbrock,909,2354,gradient,2,"[-2.048, 2.048]","[-0.616868571832123, -1.411828340183427]","[0.13681713509257215, 0.01661134615103212]",0.745528848586569,1000,1002,"{""max_iterations"": 1000, ""rate"": 0.0001, ""tolerance"": 1e-06}"
rosenbrock,Rosenbrock,910,2346,gradient,2,"[-2.048, 2.048]","[-1.73404799484475, -1.2634778772480364]","[0.06681439930277043, 0.003393249763725387]",0.870950051068983,1000,1002,"{""max_iterations"": 1000, ""rate"": 0.0001, ""tolerance"": 1e-06}"
rosenbrock,Rosenbrock,911,2347,gradient,2,"[-2.048, 2.048]","[0.20630241938255223, -0.8858881802066376]","[0.19138665523260373, 0.033976575083345346]",0.6545589985146828,1000,1002,"{""max_iterations"": 1000, ""rate"": 0.0001, ""tolerance"": 1e-06}"
rosenbrock,Rosenbrock,912,2348,gradient,2,"[-2.048, 2.048]","[1.9794994887698856, 0.7046476483274784]","[1.0135899732326585, 1.0274185725743188]",0.000184978311194299,1000,1002,"{""max_iterations"": 1000, ""rate"": 0.0001, ""tolerance"": 1e-06}"
rosenbrock,Rosenbrock,913,2349,gradient,2,"[-2.048, 2.048]","[1.8485183115189976, 0.97194542019668]","[1.1019893368242226, 1.2147643531361705]",0.010416559265989464,1000,1002,"{""max_iterations"": 1000, ""rate"": 0.0001, ""tolerance"": 1e-06}"
rosenbrock,Rosenbrock,914,2350,gradient,2,"[-2.048, 2.048]","[-0.8845594597350019, 0.04938295195661313]","[-0.38107591804973134, 0.15192608612540243]",1.911869385928029,1000,1002,"{""max_iterations"": 1000, ""rate"": 0.0001, ""tolerance"": 1e-06}"
rosenbrock,Rosenbrock,915,2351,gradient,2,"[-2.048, 2.048]","[-0.739260285876977, -1.6846395027686585]","[0.1440212561242463, 0.018549023274891115]",0.7331805782634895,1000,1002,"{""max_iterations"": 1000, ""rate"": 0.0001, ""tolerance"": 1e-06}"
rosenbrock,Rosenbrock,916,2352,gradient,2,"[-2.048, 2.048]","[-0.9988935866602291, 1.4867606849114368]","[-1.1123434345196064, 1.2452063004578513]",4.468233232558771,1000,1002,"{""max_iterations"": 1000, ""rate"": 0.0001, ""tolerance"": 1e-06}"
rosenbrock,Rosenbrock,917,2353,gradient,2,"[-2.048, 2.048]","[-1.1673971424315164, -0.32803799198959904]","[-0.23445921518482452, 0.05984734920726719]",1.5262673115865768,1000,1002,"{""max_iterations"": 1000, ""rate"": 0.0001, ""tolerance"": 1e-06}"
rosenbrock,Rosenbrock,918,2354,gradient,2,"[-2.048, 2.048]","[-0.616868571832123, -1.411828340183427]","[0.13681713509257215, 0.01661134615103212]",0.745528848586569,1000,1002,"{""max_iterations"": 1000, ""rate"": 0.0001, ""tolerance"": 1e-06}"
rosenbrock,Rosenbrock,919,2355,gradient,2,"[-2.048, 2.048]","[-1.2075672827210213, 0.5107777739506347]","[-0.7261181154669851, 0.5353113976178195]",2.9859863646224345,1000,1002,"{""max_iterations"": 1000, ""rate"": 0.0001, ""tolerance"": 1e-06}"
rosenbrock,Rosenbrock,920,2347,gradient,2,"[-2.048, 2.048]","[0.20630241938255223, -0.8858881802066376]","[0.19138665523260373, 0.033976575083345346]",0.6545589985146828,1000,1002,"{""max_iterations"": 1000, ""rate"": 0.0001, ""tolerance"": 1e-06}"
rosenbrock,Rosenbrock,921,2348,gradient,2,"[-2.048, 2.048]","[1.9794994887698856, 0.7046476483274784]","[1.0135899732326585, 1.0274185725743188]",0.000184978311194299,1000,1002,"{""max_iterations"": 1000, ""rate"": 0.0001, ""tolerance"": 1e-06}"
rosenbrock,Rosenbrock,922,2349,gradient,2,"[-2.048, 2.048]","[1.8485183115189976, 0.97194542019668]","[1.1019893368242226, 1.2147643531361705]",0.010416559265989464,1000,1002,"{""max_iterations"": 1000, ""rate"": 0.0001, ""tolerance"": 1e-06}"
rosenbrock,Rosenbrock,923,2350,gradient,2,"[-2.048, 2.048]","[-0.8845594597350019, 0.04938295195661313]","[-0.38107591804973134, 0.15192608612540243]",1.911869385928029,1000,1002,"{""max_iterations"": 1000, ""rate"": 0.0001, ""tolerance"": 1e-06}"
rosenbrock,Rosenbrock,924,2351,gradient,2,"[-2.048, 2.048]","[-0.739260285876977, -1.6846395027686585]","[0.1440212561242463, 0.018549023274891115]",0.7331805782634895,1000,1002,"{""max_iterations"": 1000, ""rate"": 0.0001, ""tolerance"": 1e-06}"
rosenbrock,Rosenbrock,925,2352,gradient,2,"[-2.048, 2.048]","[-0.9988935866602291, 1.4867606849114368]","[-1.1123434345196064, 1.2452063004578513]",4.468233232558771,1000,1002,"{""max_iterations"": 1000, ""rate"": 0.0001, ""tolerance"": 1e-06}"
rosenbrock,Rosenbrock,926,2353,gradient,2,"[-2.048, 2.048]","[-1.1673971424315164, -0.32803799198959904]","[-0.23445921518482452, 0.05984734920726719]",1.5262673115865768,1000,1002,"{""max_iterations"": 1000, ""rate"": 0.0001, ""tolerance"": 1e-06}"
rosenbrock,Rosenbrock,927,2354,gradient,2,"[-2.048, 2.048]","[-0.616868571832123, -1.411828340183427]","[0.13681713509257215, 0.01661134615103212]",0.745528848586569,1000,1002,"{""max_iterations"": 1000, ""rate"": 0.0001, ""tolerance"": 1e-06}"
rosenbrock,Rosenbrock,928,2355,gradient,2,"[-2.048, 2.048]","[-1.2075672827210213, 0.5107777739506347]","[-0.7261181154669851, 0.5353113976178195]",2.9859863646224345,1000,1002,"{""max_iterations"": 1000, ""rate"": 0.0001, ""tolerance"": 1e-06}"
rosenbrock,Rosenbrock,929,2356,gradient,2,"[-2.048, 2.048]","[1.0054548356892927, 1.2554413780306328]","[1.096660482807187, 1.2030291758737608]",0.009356568613237467,1000,1002,"{""max_iterations"": 1000, ""rate"": 0.0001, ""tolerance"": 1e-06}"
rosenbrock,Rosenbrock,930,2348,gradient,2,"[-2.048, 2.048]","[1.9794994887698856, 0.7046476483274784]","[1.0135899732326585, 1.0274185725743188]",0.000184978311194299,1000,1002,"{""max_iterations"": 1000, ""rate"": 0.0001, ""tolerance"": 1e-06}"
rosenbrock,Rosenbrock,931,2349,gradient,2,"[-2.048, 2.048]","[1.8485183115189976, 0.97194542019668]","[1.1019893368242226, 1.2147643531361705]",0.010416559265989464,1000,1002,"{""max_iterations"": 1000, ""rate"": 0.0001, ""tolerance"": 1e-06}"
rosenbrock,Rosenbrock,932,2350,gradient,2,"[-2.048, 2.048]","[-0.8845594597350019, 0.04938295195661313]","[-0.38107591804973134, 0.15192608612540243]",1.911869385928029,1000,1002,"{""max_iterations"": 1000, ""rate"": 0.0001, ""tolerance"": 1e-06}"
rosenbrock,Rosenbrock,933,2351,gradient,2,"[-2.048, 2.048]","[-0.739260285876977, -1.6846395027686585]","[0.1440212561242463, 0.018549023274891115]",0.7331805782634895,1000,1002,"{""max_iterations"": 1000, ""rate"": 0.0001, ""tolerance"": 1e-06}"
rosenbrock,Rosenbrock,934,2352,gradient,2,"[-2.048, 2.048]","[-0.9988935866602291, 1.4867606849114368]","[-1.1123434345196064, 1.2452063004578513]",4.468233232558771,1000,1002,"{""max_iterations"": 1000, ""rate"": 0.0001, ""tolerance"": 1e-06}"
rosenbrock,Rosenbrock,935,2353,gradient,2,"[-2.048, 2.048]","[-1.1673971424315164, -0.32803799198959904]","[-0.23445921518482452, 0.05984734920726719]",1.5262673115865768,1000,1002,"{""max_iterations"": 1000, ""rate"": 0.0001, ""tolerance"": 1e-06}"
rosenbrock,Rosenbrock,936,2354,gradient,2,"[-2.048, 2.048]","[-0.616868571832123, -1.411828340183427]","[0.13681713509257215, 0.01661134615103212]",0.745528848586569,1000,1002,"{""max_iterations"": 1000, ""rate"": 0.0001, ""tolerance"": 1e-06}"
rosenbrock,Rosenbrock,937,2355,gradient,2,"[-2.048, 2.048]","[-1.2075672827210213, 0.5107777739506347]","[-0.7261181154669851, 0.5353113976178195]",2.9859863646224345,1000,1002,"{""max_iterations"": 1000, ""rate"": 0.0001, ""tolerance"": 1e-06}"
rosenbrock,Rosenbrock,938,2356,gradient,2,"[-2.048, 2.048]","[1.0054548356892927, 1.2554413780306328]","[1.096660482807187, 1.2030291758737608]",0.009356568613237467,1000,1002,"{""max_iterations"": 1000, ""rate"": 0.0001, ""tolerance"": 1e-06}"
rosenbrock,Rosenbrock,939,2357,gradient,2,"[-2.048, 2.048]","[-0.8916994134822167, 1.2502530956086217]","[-0.9950221989324691, 0.9980724257474911]",3.986518774295727,1000,1002,"{""max_iterations"": 1000, ""rate"": 0.0001, ""tolerance"": 1e-06}"
rosenbrock,Rosenbrock,940,2349,gradient,2,"[-2.048, 2.048]","[1.8485183115189976, 0.97194542019668]","[1.1019893368242226, 1.2147643531361705]",0.010416559265989464,1000,1002,"{""max_iterations"": 1000, ""rate"": 0.0001, ""tolerance"": 1e-06}"
rosenbrock,Rosenbrock,941,2350,gradient,2,"[-2.048, 2.048]","[-0.8845594597350019, 0.04938295195661313]","[-0.38107591804973134, 0.15192608612540243]",1.911869385928029,1000,1002,"{""max_iterations"": 1000, ""rate"": 0.0001, ""tolerance"": 1e-06}"
rosenbrock,Rosenbrock,942,2351,gradient,2,"[-2.048, 2.048]","[-0.739260285876977, -1.6846395027686585]","[0.1440212561242463, 0.018549023274891115]",0.7331805782634895,1000,1002,"{""max_iterations"": 1000, ""rate"": 0.0001, ""tolerance"": 1e-06}"
rosenbrock,Rosenbrock,943,2352,gradient,2,"[-2.048, 2.048]","[-0.9988935866602291, 1.4867606849114368]","[-1.1123434345196064, 1.2452063004578513]",4.468233232558771,1000,1002,"{""max_iterations"": 1000, ""rate"": 0.0001, ""tolerance"": 1e-06}"
rosenbrock,Rosenbrock,944,2353,gradient,2,"[-2.048, 2.048]","[-1.1673971424315164, -0.32803799198959904]","[-0.23445921518482452, 0.05984734920726719]",1.5262673115865768,1000,1002,"{""max_iterations"": 1000, ""rate"": 0.0001, ""tolerance"": 1e-06}"
rosenbrock,Rosenbrock,945,2354,gradient,2,"[-2.048, 2.048]","[-0.616868571832123, -1.411828340183427]","[0.13681713509257215, 0.01661134615103212]",0.745528848586569,1000,1002,"{""max_iterations"": 1000, ""rate"": 0.0001, ""tolerance"": 1e-06}"
rosenbrock,Rosenbrock,946,2355,gradient,2,"[-2.048, 2.048]","[-1.2075672827210213, 0.5107777739506347]","[-0.7261181154669851, 0.5353113976178195]",2.9859863646224345,1000,1002,"{""max_iterations"": 1000, ""rate"": 0.0001, ""tolerance"": 1e-06}"
rosenbrock,Rosenbrock,947,2356,gradient,2,"[-2.048, 2.048]","[1.0054548356892927, 1.2554413780306328]","[1.096660482807187, 1.2030291758737608]",0.009356568613237467,1000,1002,"{""max_iterations"": 1000, ""rate"": 0.0001, ""tolerance"": 1e-06}"
rosenbrock,Rosenbrock,948,2357,gradient,2,"[-2.048, 2.048]","[-0.8916994134822167, 1.2502530956086217]","[-0.9950221989324691, 0.9980724257474911]",3.986518774295727,1000,1002,"{""max_iterations"": 1000, ""rate"": 0.0001, ""tolerance"": 1e-06}"
rosenbrock,Rosenbrock,949,2358,gradient,2,"[-2.048, 2.048]","[0.5949156493332071, 0.4072999223186109]","[0.6497842077554157, 0.4205242010439433]",0.12293851063735065,1000,1002,"{""max_iterations"": 1000, ""rate"": 0.0001, ""tolerance"": 1e-06}"
rosenbrock,Rosenbrock,950,2350,gradient,2,"[-2.048, 2.048]","[-0.8845594597350019, 0.04938295195661313]","[-0.38107591804973134, 0.15192608612540243]",1.911869385928029,1000,1002,"{""max_iterations"": 1000, ""rate"": 0.0001, ""tolerance"": 1e-06}"
rosenbrock,Rosenbrock,951,2351,gradient,2,"[-2.048, 2.048]","[-0.739260285876977, -1.6846395027686585]","[0.1440212561242463, 0.018549023274891115]",0.7331805782634895,1000,1002,"{""max_iterations"": 1000, ""rate"": 0.0001, ""tolerance"": 1e-06}"
rosenbrock,Rosenbrock,952,2352,gradient,2,"[-2.048, 2.048]","[-0.9988935866602291, 1.4867606849114368]","[-1.1123434345196064, 1.2452063004578513]",4.468233232558771,1000,1002,"{""max_iterations"": 1000, ""rate"": 0.0001, ""tolerance"": 1e-06}"
rosenbrock,Rosenbrock,953,2353,gradient,2,"[-2.048, 2.048]","[-1.1673971424315164, -0.32803799198959904]","[-0.23445921518482452, 0.05984734920726719]",1.5262673115865768,1000,1002,"{""max_iterations"": 1000, ""rate"": 0.0001, ""tolerance"": 1e-06}"
rosenbrock,Rosenbrock,954,2354,gradient,2,"[-2.048, 2.048]","[-0.616868571832123, -1.411828340183427]","[0.13681713509257215, 0.01661134615103212]",0.745528848586569,1000,1002,"{""max_iterations"": 1000, ""rate"": 0.0001, ""tolerance"": 1e-06}"
rosenbrock,Rosenbrock,955,2355,gradient,2,"[-2.048, 2.048]","[-1.2075672827210213, 0.5107777739506347]","[-0.7261181154669851, 0.5353113976178195]",2.9859863646224345,1000,1002,"{""max_iterations"": 1000, ""rate"": 0.0001, ""tolerance"": 1e-06}"
rosenbrock,Rosenbrock,956,2356,gradient,2,"[-2.048, 2.048]","[1.0054548356892927, 1.2554413780306328]","[1.096660482807187, 1.2030291758737608]",0.009356568613237467,1000,1002,"{""max_iterations"": 1000, ""rate"": 0.0001, ""tolerance"": 1e-06}"
rosenbrock,Rosenbrock,957,2357,gradient,2,"[-2.048, 2.048]","[-0.8916994134822167, 1.2502530956086217]","[-0.9950221989324691, 0.9980724257474911]",3.986518774295727,1000,1002,"{""max_iterations"": 1000, ""rate"": 0.0001, ""tolerance"": 1e-06}"
rosenbrock,Rosenbrock,958,2358,gradient,2,"[-2.048, 2.048]","[0.5949156493332071, 0.4072999223186109]","[0.6497842077554157, 0.4205242010439433]",0.12293851063735065,1000,1002,"{""max_iterations"": 1000, ""rate"": 0.0001, ""tolerance"": 1e-06}"
rosenbrock,Rosenbrock,959,2359,gradient,2,"[-2.048, 2.048]","[-0.14648149725228676, 0.3374420380870311]","[-0.03885165546507052, 0.002528576104567619]",1.0793166236334117,1000,1002,"{""max_iterations"": 1000, ""rate"": 0.0001, ""tolerance"": 1e-06}"
rosenbrock,Rosenbrock,960,2351,gradient,2,"[-2.048, 2.048]","[-0.739260285876977, -1.6846395027686585]","[0.1440212561242463, 0.018549023274891115]",0.7331805782634895,1000,1002,"{""max_iterations"": 1000, ""rate"": 0.0001, ""tolerance"": 1e-06}"
rosenbrock,Rosenbrock,961,2352,gradient,2,"[-2.048, 2.048]","[-0.9988935866602291, 1.4867606849114368]","[-1.1123434345196064, 1.2452063004578513]",4.468233232558771,1000,1002,"{""max_iterations"": 1000, ""rate"": 0.0001, ""tolerance"": 1e-06}"
rosenbrock,Rosenbrock,962,2353,gradient,2,"[-2.048, 2.048]","[-1.1673971424315164, -0.32803799198959904]","[-0.23445921518482452, 0.05984734920726719]",1.5262673115865768,1000,1002,"{""max_iterations"": 1000, ""rate"": 0.0001, ""tolerance"": 1e-06}"
rosenbrock,Rosenbrock,963,2354,gradient,2,"[-2.048, 2.048]","[-0.616868571832123, -1.411828340183427]","[0.13681713509257215, 0.01661134615103212]",0.745528848586569,1000,1002,"{""max_iterations"": 1000, ""rate"": 0.0001, ""tolerance"": 1e-06}"
rosenbrock,Rosenbrock,964,2355,gradient,2,"[-2.048, 2.048]","[-1.2075672827210213, 0.5107777739506347]","[-0.7261181154669851, 0.5353113976178195]",2.9859863646224345,1000,1002,"{""max_iterations"": 1000, ""rate"": 0.0001, ""tolerance"": 1e-06}"
rosenbrock,Rosenbrock,965,2356,gradient,2,"[-2.048, 2.048]","[1.0054548356892927, 1.2554413780306328]","[1.096660482807187, 1.2030291758737608]",0.009356568613237467,1000,1002,"{""max_iterations"": 1000, ""rate"": 0.0001, ""tolerance"": 1e-06}"
rosenbrock,Rosenbrock,966,2357,gradient,2,"[-2.048, 2.048]","[-0.8916994134822167, 1.2502530956086217]","[-0.9950221989324691, 0.9980724257474911]",3.986518774295727,1000,1002,"{""max_iterations"": 1000, ""rate"": 0.0001, ""tolerance"": 1e-06}"
rosenbrock,Rosenbrock,967,2358,gradient,2,"[-2.048, 2.048]","[0.5949156493332071, 0.4072999223186109]","[0.6497842077554157, 0.4205242010439433]",0.12293851063735065,1000,1002,"{""max_iterations"": 1000, ""rate"": 0.0001, ""tolerance"": 1e-06}"
rosenbrock,Rosenbrock,968,2359,gradient,2,"[-2.048, 2.048]","[-0.14648149725228676, 0.3374420380870311]","[-0.03885165546507052, 0.002528576104567619]",1.0793166236334117,1000,1002,"{""max_iterations"": 1000, ""rate"": 0.0001, ""tolerance"": 1e-06}"
rosenbrock,Rosenbrock,969,2360,gradient,2,"[-2.048, 2.048]","[-1.1942874185605001, -0.5683169057827191]","[-0.10858992085861219, 0.014299862632282993]",1.2296006650369995,1000,1002,"{""max_iterations"": 1000, ""rate"": 0.0001, ""tolerance"": 1e-06}"
rosenbrock,Rosenbrock,970,2352,gradient,2,"[-2.048, 2.048]","[-0.9988935866602291, 1.4867606849114368]","[-1.1123434345196064, 1.2452063004578513]",4.468233232558771,1000,1002,"{""max_iterations"": 1000, ""rate"": 0.0001, ""tolerance"": 1e-06}"
rosenbrock,Rosenbrock,971,2353,gradient,2,"[-2.048, 2.048]","[-1.1673971424315164, -0.32803799198959904]","[-0.23445921518482452, 0.05984734920726719]",1.5262673115865768,1000,1002,"{""max_iterations"": 1000, ""rate"": 0.0001, ""tolerance"": 1e-06}"
rosenbrock,Rosenbrock,972,2354,gradient,2,"[-2.048, 2.048]","[-0.616868571832123, -1.411828340183427]","[0.13681713509257215, 0.01661134615103212]",0.745528848586569,1000,1002,"{""max_iterations"": 1000, ""rate"": 0.0001, ""tolerance"": 1e-06}"
rosenbrock,Rosenbrock,973,2355,gradient,2,"[-2.048, 2.048]","[-1.2075672827210213, 0.5107777739506347]","[-0.7261181154669851, 0.5353113976178195]",2.9859863646224345,1000,1002,"{""max_iterations"": 1000, ""rate"": 0.0001, ""tolerance"": 1e-06}"
rosenbrock,Rosenbrock,974,2356,gradient,2,"[-2.048, 2.048]","[1.0054548356892927, 1.2554413780306328]","[1.096660482807187, 1.2030291758737608]",0.009356568613237467,1000,1002,"{""max_iterations"": 1000, ""rate"": 0.0001, ""tolerance"": 1e-06}"
rosenbrock,Rosenbrock,975,2357,gradient,2,"[-2.048, 2.048]","[-0.8916994134822167, 1.2502530956086217]","[-0.9950221989324691, 0.9980724257474911]",3.986518774295727,1000,1002,"{""max_iterations"": 1000, ""rate"": 0.0001, ""tolerance"": 1e-06}"
rosenbrock,Rosenbrock,976,2358,gradient,2,"[-2.048, 2.048]","[0.5949156493332071, 0.4072999223186109]","[0.6497842077554157, 0.4205242010439433]",0.12293851063735065,1000,1002,"{""max_iterations"": 1000, ""rate"": 0.0001, ""tolerance"": 1e-06}"
rosenbrock,Rosenbrock,977,2359,gradient,2,"[-2.048, 2.048]","[-0.14648149725228676, 0.3374420380870311]","[-0.03885165546507052, 0.002528576104567619]",1.0793166236334117,1000,1002,"{""max_iterations"": 1000, ""rate"": 0.0001, ""tolerance"": 1e-06}"
rosenbrock,Rosenbrock,978,2360,gradient,2,"[-2.048, 2.048]","[-1.1942874185605001, -0.5683169057827191]","[-0.10858992085861219, 0.014299862632282993]",1.2296006650369995,1000,1002,"{""max_iterations"": 1000, ""rate"": 0.0001, ""tolerance"": 1e-06}"
rosenbrock,Rosenbrock,979,2361,gradient,2,"[-2.048, 2.048]","[0.7834888651333505, 0.3875017094847535]","[0.6999157062886924, 0.4884607700470279]",0.09025257162745845,1000,1002,"{""max_iterations"": 1000, ""rate"": 0.0001, ""tolerance"": 1e-06}"
rosenbrock,Rosenbrock,980,2353,gradient,2,"[-2.048, 2.048]","[-1.1673971424315164, -0.32803799198959904]","[-0.23445921518482452, 0.05984734920726719]",1.5262673115865768,1000,1002,"{""max_iterations"": 1000, ""rate"": 0.0001, ""tolerance"": 1e-06}"
rosenbrock,Rosenbrock,981,2354,gradient,2,"[-2.048, 2.048]","[-0.616868571832123, -1.411828340183427]","[0.13681713509257215, 0.01661134615103212]",0.745528848586569,1000,1002,"{""max_iterations"": 1000, ""rate"": 0.0001, ""tolerance"": 1e-06}"
rosenbrock,Rosenbrock,982,2355,gradient,2,"[-2.048, 2.048]","[-1.2075672827210213, 0.5107777739506347]","[-0.7261181154669851, 0.5353113976178195]",2.9859863646224345,1000,1002,"{""max_iterations"": 1000, ""rate"": 0.0001, ""tolerance"": 1e-06}"
rosenbrock,Rosenbrock,983,2356,gradient,2,"[-2.048, 2.048]","[1.0054548356892927, 1.2554413780306328]","[1.096660482807187, 1.2030291758737608]",0.009356568613237467,1000,1002,"{""max_iterations"": 1000, ""rate"": 0.0001, ""tolerance"": 1e-06}"
rosenbrock,Rosenbrock,984,2357,gradient,2,"[-2.048, 2.048]","[-0.8916994134822167, 1.2502530956086217]","[-0.9950221989324691, 0.9980724257474911]",3.986518774295727,1000,1002,"{""max_iterations"": 1000, ""rate"": 0.0001, ""tolerance"": 1e-06}"
rosenbrock,Rosenbrock,985,2358,gradient,2,"[-2.048, 2.048]","[0.5949156493332071, 0.4072999223186109]","[0.6497842077554157, 0.4205242010439433]",0.12293851063735065,1000,1002,"{""max_iterations"": 1000, ""rate"": 0.0001, ""tolerance"": 1e-06}"
rosenbrock,Rosenbrock,986,2359,gradient,2,"[-2.048, 2.048]","[-0.14648149725228676, 0.3374420380870311]","[-0.03885165546507052, 0.002528576104567619]",1.0793166236334117,1000,1002,"{""max_iterations"": 1000, ""rate"": 0.0001, ""tolerance"": 1e-06}"
rosenbrock,Rosenbrock,987,2360,gradient,2,"[-2.048, 2.048]","[-1.1942874185605001, -0.5683169057827191]","[-0.10858992085861219, 0.014299862632282993]",1.2296006650369995,1000,1002,"{""max_iterations"": 1000, ""rate"": 0.0001, ""tolerance"": 1e-06}"
rosenbrock,Rosenbrock,988,2361,gradient,2,"[-2.048, 2.048]","[0.7834888651333505, 0.3875017094847535]","[0.6999157062886924, 0.4884607700470279]",0.09025257162745845,1000,1002,"{""max_iterations"": 1000, ""rate"": 0.0001, ""tolerance"": 1e-06}"
rosenbrock,Rosenbrock,989,2362,gradient,2,"[-2.048, 2.048]","[1.7765768529097223, 1.5668509902877004]","[1.3019882012252835, 1.6961840822974028]",0.09129904659011873,1000,1002,"{""max_iterations"": 1000, ""rate"": 0.0001, ""tolerance"": 1e-06}"
rosenbrock,Rosenbrock,990,2354,gradient,2,"[-2.048, 2.048]","[-0.616868571832123, -1.411828340183427]","[0.13681713509257215, 0.01661134615103212]",0.745528848586569,1000,1002,"{""max_iterations"": 1000, ""rate"": 0.0001, ""tolerance"": 1e-06}"
rosenbrock,Rosenbrock,991,2355,gradient,2,"[-2.048, 2.048]","[-1.2075672827210213, 0.5107777739506347]","[-0.7261181154669851, 0.5353113976178195]",2.9859863646224345,1000,1002,"{""max_iterations"": 1000, ""rate"": 0.0001, ""tolerance"": 1e-06}"
rosenbrock,Rosenbrock,992,2356,gradient,2,"[-2.048, 2.048]","[1.0054548356892927, 1.2554413780306328]","[1.096660482807187, 1.2030291758737608]",0.009356568613237467,1000,1002,"{""max_iterations"": 1000, ""rate"": 0.0001, ""tolerance"": 1e-06}"
rosenbrock,Rosenbrock,993,2357,gradient,2,"[-2.048, 2.048]","[-0.8916994134822167, 1.2502530956086217]","[-0.9950221989324691, 0.9980724257474911]",3.986518774295727,1000,1002,"{""max_iterations"": 1000, ""rate"": 0.0001, ""tolerance"": 1e-06}"
rosenbrock,Rosenbrock,994,2358,gradient,2,"[-2.048, 2.048]","[0.5949156493332071, 0.4072999223186109]","[0.6497842077554157, 0.4205242010439433]",0.12293851063735065,1000,1002,"{""max_iterations"": 1000, ""rate"": 0.0001, ""tolerance"": 1e-06}"
rosenbrock,Rosenbrock,995,2359,gradient,2,"[-2.048, 2.048]","[-0.14648149725228676, 0.3374420380870311]","[-0.03885165546507052, 0.002528576104567619]",1.0793166236334117,1000,1002,"{""max_iterations"": 1000, ""rate"": 0.0001, ""tolerance"": 1e-06}"
rosenbrock,Rosenbrock,996,2360,gradient,2,"[-2.048, 2.048]","[-1.1942874185605001, -0.5683169057827191]","[-0.10858992085861219, 0.014299862632282993]",1.2296006650369995,1000,1002,"{""max_iterations"": 1000, ""rate"": 0.0001, ""tolerance"": 1e-06}"
rosenbrock,Rosenbrock,997,2361,gradient,2,"[-2.048, 2.048]","[0.7834888651333505, 0.3875017094847535]","[0.6999157062886924, 0.4884607700470279]",0.09025257162745845,1000,1002,"{""max_iterations"": 1000, ""rate"": 0.0001, ""tolerance"": 1e-06}"
rosenbrock,Rosenbrock,998,2362,gradient,2,"[-2.048, 2.048]","[1.7765768529097223, 1.5668509902877004]","[1.3019882012252835, 1.6961840822974028]",0.09129904659011873,1000,1002,"{""max_iterations"": 1000, ""rate"": 0.0001, ""tolerance"": 1e-06}"
rosenbrock,Rosenbrock,999,2363,gradient,2,"[-2.048, 2.048]","[0.9268006779275324, 0.001167062959888554]","[0.5696895792684338, 0.32240837743288503]",0.18562409387494302,1000,1002,"{""max_iterations"": 1000, ""rate"": 0.0001, ""tolerance"": 1e-06}"
rosenbrock,Rosenbrock,1000,2385,gradient,2,"[-2.048, 2.048]","[-1.4533334644899707, 0.9055410569836138]","[-0.9520640774903443, 0.9144608052447005]",3.817009959870963,1000,1002,"{""max_iterations"": 1000, ""rate"": 0.0001, ""tolerance"": 1e-06}"
